# time step list:
1000000 10000000 20000000 30000000 40000000 50000000 60000000 70000000 80000000 90000000 100000000 110000000 120000000 130000000 140000000 150000000 160000000 170000000 180000000 190000000 200000000 210000000 220000000 230000000 240000000 250000000 260000000 270000000 280000000 290000000 300000000 310000000 320000000 330000000 340000000 350000000 360000000 370000000 380000000 390000000 400000000 410000000 420000000 430000000 440000000 450000000 460000000 470000000 480000000 490000000 500000000 510000000 520000000 530000000 540000000 550000000 560000000 570000000 580000000 590000000 600000000 610000000 620000000 630000000 640000000 650000000 660000000 670000000 680000000 690000000 700000000 710000000 720000000 730000000 740000000 750000000 760000000 770000000 780000000 790000000 800000000 810000000 820000000 830000000 840000000 850000000 860000000 870000000 880000000 890000000 900000000 910000000 920000000 930000000 940000000 950000000 960000000 970000000 980000000 990000000 1000000000 1010000000 1020000000 1030000000 1040000000 1050000000 1060000000 1070000000 1080000000 1100000000 1200000000 1400000000 1600000000 1800000000 2000000000 2300000000 2600000000 2900000000 3000000000 3200000000 3500000000 3800000000 4000000000 4100000000 4500000000 5000000000 6000000000 7000000000 8000000000 9000000000 10000000000 11000000000 12000000000 13000000000 14000000000 
# Number of SNIa + SNII (log_10):
0 0 5.391082573168299e+53 2.3772570750536108e+55 6.779166076088104e+55 1.1601673426725844e+56 1.5906671089705013e+56 2.007959127925075e+56 2.4122221200268078e+56 2.778698969336618e+56 3.1003580690350428e+56 3.3814121732890114e+56 3.6289578128267797e+56 3.8494111130984807e+56 4.048018187154166e+56 4.228644189259271e+56 4.394302440704217e+56 4.547315141810783e+56 4.68949477403062e+56 4.822287376826825e+56 4.946865189832638e+56 5.064192211444089e+56 5.175070696194021e+56 5.280176123105292e+56 5.38008311468801e+56 5.4752831432705605e+56 5.5662020481257055e+56 5.653210211393089e+56 5.7366298394626925e+56 5.816745383186242e+56 5.893811419343827e+56 5.968063726655453e+56 6.039678850215066e+56 6.10884098480588e+56 6.175721146380631e+56 6.24046574935123e+56 6.303206134009992e+56 6.364053987287139e+56 6.42313590659627e+56 6.480548759109808e+56 6.536379339783791e+56 6.590713942406018e+56 6.6436275390585736e+56 6.695193762027704e+56 6.745480876253064e+56 6.79455110857749e+56 6.8424621771121814e+56 6.889260666161462e+56 6.935009632449336e+56 6.979754505515908e+56 7.023531665576551e+56 7.066379129032975e+56 7.108343038225012e+56 7.149455946394168e+56 7.189752484649657e+56 7.229262176028523e+56 7.268017254602216e+56 7.306018433993427e+56 7.343347784762086e+56 7.380018561340416e+56 7.416045971859461e+56 7.451440944512185e+56 7.4862084815348755e+56 7.520385023505621e+56 7.554001577530574e+56 7.587067941477755e+56 7.619604795513353e+56 7.6516311340268465e+56 7.683159789939245e+56 7.714203503396796e+56 7.74478186033229e+56 7.774908615214572e+56 7.804584741540396e+56 7.833837884243242e+56 7.862682456013885e+56 7.891120974897442e+56 7.91916577988238e+56 7.946827984568278e+56 7.974118418339718e+56 8.001044773398784e+56 8.027621362776017e+56 8.053844007149364e+56 8.079739502926433e+56 8.1053137517537e+56 8.130568874920214e+56 8.155511484965744e+56 8.180150983616556e+56 8.20449998457407e+56 8.228555282698989e+56 8.2523214922867e+56 8.275817482395347e+56 8.299033956715403e+56 8.321993853946709e+56 8.344715095705163e+56 8.367181859538299e+56 8.389396831173685e+56 8.411370511330254e+56 8.43311193922447e+56 8.454618221085788e+56 8.475897407421604e+56 8.496952902667977e+56 8.517786819621867e+56 8.538418666672236e+56 8.558844981568226e+56 8.579064481739282e+56 8.59908599039832e+56 8.618908948825382e+56 8.63853499931948e+56 8.657972759421312e+56 8.696300992154557e+56 8.8777786642359e+56 9.198213009153332e+56 9.474837077950901e+56 9.718203450912392e+56 9.935485451084991e+56 1.0223155159029912e+57 1.0475031352938582e+57 1.069904485959419e+57 1.0768576436870636e+57 1.090075072493701e+57 1.1084186135321612e+57 1.125242345400742e+57 1.1357288527804389e+57 1.140775016274205e+57 1.1597926706137265e+57 1.1813006938873048e+57 1.2184906292940386e+57 1.2499020161908042e+57 1.2770935319211787e+57 1.3010716170521559e+57 1.3224987219976695e+57 1.341890633679513e+57 1.3595845058965731e+57 1.3758573551414095e+57 1.3909208080924847e+57 
# Gas [Fe/H]:
-5.111592981513672 -6.74054004143103 -5.795885893739841 -3.8740841571155435 -3.0323411689047406 -2.528597536025356 -2.1959035408793666 -1.1660689131514888 -0.4169883285480509 0.1476262616091848 0.61939910497478 1.00247853466715 1.2585810708619114 1.3802268040952788 1.4174381016036377 1.4200841875460823 1.4122652891473488 1.4022305987183943 1.3922478455802327 1.382726263704921 1.3732964653166935 1.3645568658283032 1.3560510348898775 1.347705443501071 1.3397687559400016 1.3332632686741412 1.3274227739147952 1.3217351666274464 1.316343176390904 1.3113307723854457 1.3066716988114448 1.3021929380407675 1.2975378271820155 1.2928276224228208 1.2900303567192366 1.28930057604743 1.2881955006357058 1.2863357879819781 1.2864955064721588 1.2855678625412024 1.2850317879777515 1.284603364138857 1.2835727970701667 1.2833595022913906 1.2822585714186934 1.2818271444396543 1.281163900324895 1.2801722912473323 1.2802696309982706 1.2780384178668944 1.2789929458599754 1.2783297229802288 1.277792487788199 1.278252606910581 1.275065954311437 1.2760649687530425 1.2772903973186591 1.2732928393273104 1.2747669417746192 1.2765863842730787 1.2734275288869141 1.2730073666634625 1.2749634767588347 1.2735349107501355 1.2695340628584595 1.2716098672362763 1.2731316360467444 1.2689687878944143 1.2642992335383778 1.2659243295709808 1.2667246023764567 1.2620461555315248 1.2555447403978781 1.257581460249464 1.260471272781043 1.2575569599709246 1.25058658811243 1.2479989956381217 1.2514965403855118 1.2527627631382816 1.2489197890364072 1.2416317130905528 1.2390412737821022 1.243384560119451 1.2460961215701971 1.2432648297365305 1.236907257619683 1.2290734100250638 1.2318728851432965 1.2380311421133539 1.2391015807458783 1.2349330623353274 1.2284919158491876 1.2211603155738198 1.2221809223225955 1.2287944568944327 1.2318912965175346 1.2297080672437346 1.2240969837156972 1.2169658939550376 1.2109412915400473 1.2123103208174304 1.2154401123306955 1.2177098332343745 1.2185691494642912 1.2182822978590502 1.2171743948662797 1.2154947303158758 1.2138119147287068 1.2136513933264217 1.2099068822692645 1.2016795877096005 1.195855422623107 1.1900095038619165 1.185896017310176 1.1822581003174828 1.179453948134146 1.1775393658069486 1.1764989273364268 1.1760478633877423 1.1749013019917895 1.1754157857027039 1.175775826157512 1.1765118035738302 1.1775048105631396 1.1808261021807551 1.1867236930700487 1.192673148841437 1.196486137874242 1.1982566827701642 1.1982578018546595 1.1989968666596975 1.1981732659455013 1.1973892386912786 1.196760140811726 
# Stellar mass-weighted [Fe/H]:
0 -5.111592981513672 -6.497546793774768 -5.974709394036044 -4.445772186333244 -3.8946417936105213 -3.6492446538165115 -3.546007762771495 -3.2420803801742295 -2.9724738073118635 -2.7987887131807776 -2.6861957060733106 -2.6087953600899167 -2.551506797248904 -2.5068839125735574 -2.4707056951349537 -2.4404707882244328 -2.4146139613480004 -2.3921051093763834 -2.3722332841079314 -2.3544874041085357 -2.3384906837220383 -2.3239554035151917 -2.310653698510002 -2.298408336681283 -2.2870803581157766 -2.276552078431977 -2.26672481707104 -2.257519001674189 -2.2488680595369006 -2.240713466247435 -2.233008006688566 -2.2257024796673504 -2.218765565118318 -2.212166512699133 -2.205878121699941 -2.1998705121114934 -2.1941185891328487 -2.1886123343108608 -2.1833261383133573 -2.178247160157368 -2.1733610840589384 -2.1686541959776084 -2.1641166480384326 -2.159735385706683 -2.1555024461490913 -2.1514082680230606 -2.147444101373889 -2.1436060048729404 -2.1398779131760426 -2.136265245892453 -2.132722388196356 -2.1293418803667103 -2.126011737148356 -2.122817962956658 -2.1196686338064676 -2.1166531425297164 -2.1136640174482952 -2.1107999518602485 -2.1079682127563952 -2.105236368171018 -2.102527083046736 -2.0999326724039715 -2.0973525738193644 -2.0948633281665847 -2.0923997242426324 -2.0900280550714463 -2.087664749011365 -2.085383097358007 -2.0831173663230658 -2.0809370414273873 -2.0787616970655307 -2.076650942812532 -2.074556398816573 -2.0725424218091764 -2.070532055520938 -2.068576514970407 -2.0666246264810475 -2.0647488141868777 -2.0628822980637755 -2.061069741841921 -2.0592485170833026 -2.057486487125594 -2.055737485139832 -2.0540487719863076 -2.0523555676063063 -2.0507083080654818 -2.0490508025281278 -2.0474538559067623 -2.0458673391369055 -2.0443319198048373 -2.0427901823525545 -2.0412884057434297 -2.0397750164465283 -2.0383086820753444 -2.0368516372125596 -2.0354446079726944 -2.0340335893407397 -2.0326570175919105 -2.0312692235986933 -2.0299125924722086 -2.031372474649449 -2.0322160467813077 -2.0328811447201787 -2.0334497909476354 -2.033949600000933 -2.034393693114003 -2.0347931448614602 -2.0351582645527033 -2.0358560111639594 -2.038407468516507 -2.041285339242914 -2.042913172594041 -2.043850682461019 -2.044498219157181 -2.04512183090021 -2.0453799289160806 -2.045481958212526 -2.0454178947781214 -2.045465407784751 -2.04529889654298 -2.0452301441935266 -2.045062425705777 -2.0450755454202723 -2.044646047632087 -2.0444524075463004 -2.043476838284299 -2.042694196482148 -2.042013112112456 -2.0412362910362853 -2.0400538103722505 -2.03943032265708 -2.038434849781365 -2.037621619522942 -2.036941268837051 
# Gas [Mg/Fe]:
6.938893903907228e-17 -1.3877787807814457e-17 0.9666916162069683 0.9577092189193332 0.688553214921443 0.5296428204525699 0.4237010255565338 -0.4353310535427542 -1.00362498888459 -1.3307978651882824 -1.5031956229788626 -1.5798315140022712 -1.6148511795075084 -1.631058676939307 -1.6379806108191037 -1.6388936191454728 -1.6335827490667862 -1.6239020640439958 -1.6129344136620907 -1.6043620068944324 -1.5993769929852664 -1.5972579344953137 -1.59632137186302 -1.595860847702976 -1.5949465707906731 -1.5928953121293163 -1.5896115743269303 -1.5856501810141426 -1.5810858882123453 -1.5776424080102345 -1.57422162425365 -1.570392133397655 -1.5664107364507935 -1.5604746727327157 -1.5476451224440837 -1.5286395384698508 -1.5062730242754925 -1.4834593679150292 -1.4622665038642768 -1.4419149936924767 -1.4229028524667289 -1.405185625995983 -1.3882566633029205 -1.372723803440108 -1.3574244422576305 -1.343644711664943 -1.3303011008295715 -1.317276847309363 -1.305425292801179 -1.2928120221140609 -1.284113856559945 -1.2796007367732942 -1.2810995019838303 -1.2874343879758845 -1.2934455978916177 -1.3022759997513296 -1.3109428118659685 -1.3168179238688862 -1.3266136983070835 -1.3369448727144775 -1.3425754262788407 -1.3496827713582766 -1.3606505233038908 -1.3689291681128404 -1.3704662980193787 -1.3851016751102885 -1.3963962464564312 -1.3996215753663506 -1.4029365778220877 -1.4085114736709228 -1.4148824003419618 -1.419073751673209 -1.421949099443304 -1.4286513134798344 -1.4362612532207604 -1.4402123585292903 -1.4421883847787589 -1.4472695092145391 -1.4555043326601855 -1.4625397945273604 -1.4678791924735477 -1.471488066714341 -1.4773693054285222 -1.4853493241049354 -1.4924226510174048 -1.5002180109893688 -1.5047857487876353 -1.5081804491302349 -1.5143854873105027 -1.524299696922922 -1.534685189387791 -1.5459534366381298 -1.5411210845722434 -1.5438417958047128 -1.5514180381902063 -1.5622142384064737 -1.5683682094824547 -1.5753510982362213 -1.5851781662469133 -1.5907024171672892 -1.5942693281652385 -1.5968590573506987 -1.599788346809207 -1.601474609869645 -1.6029206264951792 -1.6044565172497474 -1.6052991498732916 -1.6058648978384857 -1.6066669765512496 -1.6083899932860874 -1.6169452062143514 -1.6296178070340708 -1.6378945773748503 -1.6449326918676606 -1.6507559026765937 -1.656794249682938 -1.6609719500341171 -1.6641104670901243 -1.6650236043405136 -1.6666940899755647 -1.668398837865637 -1.6703470013212145 -1.671257159177545 -1.6716864243539857 -1.6732792339250164 -1.6747651878930587 -1.677102315942078 -1.6788230573372112 -1.680027780198917 -1.6809820450627526 -1.6817316995144838 -1.6823512319082252 -1.6828609396281076 -1.6833303689980414 -1.6836994339904965 
# Stellar mass-weighted [Mg/Fe]:
0 6.938893903907228e-17 -1.3877787807814457e-17 0.9094192751739334 0.9565626135872178 0.7629503211286804 0.6611184342656182 0.6096627006705347 0.32039955754338056 0.05378802167971389 -0.11955158843779964 -0.23199358674945877 -0.308948261715842 -0.3655582796476871 -0.4093728395550882 -0.4446681039155018 -0.4739690064198341 -0.49883802609297045 -0.5203096102277708 -0.5391134879875012 -0.5557893925861156 -0.5707410643458279 -0.5842679131355183 -0.5965957379653584 -0.6078996908985053 -0.6183173978621159 -0.6279621551243588 -0.6369224380965022 -0.6452744521072767 -0.653086290611309 -0.6604200703419896 -0.6673226508297305 -0.6738380101330749 -0.6799958062317242 -0.6858230021986104 -0.691327277078422 -0.6965151922176434 -0.7013993569787463 -0.7060020397247724 -0.7103522144098205 -0.7144686443440773 -0.718368754285694 -0.7220669545822834 -0.7255803072073326 -0.7289232751466321 -0.7321024264108433 -0.7351366895804128 -0.73802842186533 -0.7407907269577648 -0.7434300649216337 -0.7459523199685508 -0.748401194526563 -0.7507300887652879 -0.7530368973317328 -0.7552743490686475 -0.7574982011538395 -0.759661927331963 -0.7618223928814241 -0.7639003171375388 -0.765988480975263 -0.7680185635042984 -0.7700330050183515 -0.7719835555000383 -0.773942634678718 -0.7758362400019676 -0.7777092311452726 -0.7795538355452185 -0.7813991733898082 -0.7831708421551804 -0.7849378032206872 -0.7866495865869243 -0.7883592370756282 -0.7900103962408878 -0.7916565008191158 -0.793258495420255 -0.7948641502916003 -0.7964139681614021 -0.7979562651901955 -0.7994559131086292 -0.800966325398434 -0.802432728320786 -0.8038956455947099 -0.8053109943621837 -0.8067344853779922 -0.8081278587732224 -0.8095225308079383 -0.8108740987718822 -0.8122248601827192 -0.8135372784965794 -0.8148647140351422 -0.8161609092339859 -0.8174592938199027 -0.818719576835712 -0.8199702850109416 -0.8211930396960895 -0.8224320346289142 -0.8236440167355683 -0.824852412052095 -0.8260215099195952 -0.8272005731033798 -0.8283501248015693 -0.8271774952083698 -0.8265307082643648 -0.826032138183458 -0.8256005253454598 -0.825211795766745 -0.8248634500319937 -0.8245470333432042 -0.8242610700905877 -0.823760227185449 -0.8218845047934776 -0.8197974594212384 -0.8186199551700416 -0.8179795932562902 -0.8175788993300344 -0.8171740608737244 -0.817036740266162 -0.8170157110793829 -0.8170524016338561 -0.817080297081853 -0.8172538686918165 -0.8173066057777908 -0.8174885538553539 -0.8174864473476012 -0.8178290858325368 -0.8180066536432877 -0.8187985954155421 -0.8194473655229002 -0.8200270654784971 -0.8206888000875266 -0.8215649519639809 -0.8221271045558185 -0.8228606204543899 -0.8235587498234705 -0.8240790538420611 
# Gas [O/Fe]:
0.0 -2.220446049250313e-16 1.1893505128283395 1.1788073280033862 0.8579404438691891 0.6500792480667716 0.5116492800124028 -0.36375115759226817 -0.929990841815672 -1.2420716574904827 -1.3979859360119165 -1.4636104928050928 -1.4896276846862673 -1.4980777945523525 -1.4996635358033277 -1.49887177647857 -1.498317427359181 -1.4947615561727245 -1.4911821552298499 -1.48949737408021 -1.4889030292654981 -1.488868259996258 -1.4891463985121356 -1.4894032373915476 -1.4895470536031536 -1.4894492148139513 -1.4891258442813224 -1.4885875597778848 -1.4882323229190058 -1.4875624754865582 -1.4869282161401762 -1.4863905644693554 -1.4858954559720405 -1.485219214777092 -1.4840911643363002 -1.482599482544499 -1.4807637946700576 -1.4786467492419988 -1.4767538025604021 -1.475136548224965 -1.472835588182562 -1.470790154204357 -1.4690467052337497 -1.4673789966331663 -1.4656679406502526 -1.4640415171057848 -1.4625911172118697 -1.4608841259582703 -1.4593535334098897 -1.4573420082533695 -1.4565448697373111 -1.4550567499220266 -1.4541381874046426 -1.453561809418116 -1.4528609863052924 -1.4525780286846464 -1.4525112902170412 -1.4520755681615234 -1.451557559344673 -1.4509360185002529 -1.4503346340643397 -1.4499552741999406 -1.4510405080271171 -1.4496956042108746 -1.4482650382091167 -1.4489225477177303 -1.448863214232387 -1.447861498714194 -1.4474897893731684 -1.4478584803140104 -1.4483950892686632 -1.4478139582920255 -1.4471795564270213 -1.4473545842100382 -1.4471276670546538 -1.4475593957372037 -1.4475364613906823 -1.447070136250927 -1.447514857664757 -1.4475545227869904 -1.4471863385034731 -1.446217770961549 -1.4461216176526233 -1.4466214006722964 -1.4473727284290363 -1.4470933595186874 -1.4476192768706058 -1.444833045549304 -1.4452772130875307 -1.446754377200334 -1.448867914493249 -1.4466478192831247 -1.431611233317034 -1.441633118418205 -1.4519199154807791 -1.4515379742230137 -1.4507346858478998 -1.4469906504919905 -1.4463045953983644 -1.4445617911821445 -1.4442867880077228 -1.4456855259569803 -1.4461093537761613 -1.446150313509967 -1.446406672695595 -1.4463876217737157 -1.4461856899516745 -1.4459823928176538 -1.445686635398142 -1.4458102850570502 -1.4456536068610788 -1.445331593272284 -1.4460091818935785 -1.446750360576825 -1.4476589697170488 -1.4494758082570518 -1.4514123482680432 -1.453351022340817 -1.4539711481449702 -1.4552697075693033 -1.4569862380082537 -1.4585943267239072 -1.4595634666369037 -1.4597379850847236 -1.4617631057308547 -1.4637593159221027 -1.4671380974360118 -1.469857637482782 -1.4719137010317702 -1.4734639935749039 -1.4747044527189441 -1.4757252405912125 -1.476582094736573 -1.4773176352413817 -1.477951249834017 
# Stellar mass-weighted [O/Fe]:
0 0.0 0.0 1.1290956190723795 1.177624047111483 0.9507136237448814 0.8251867489757951 0.7619879034522126 0.46828559070836184 0.20047704977248704 0.026986999406847456 -0.08537204810133026 -0.1622363460492895 -0.21875437570141476 -0.2624711644400416 -0.29767460336632456 -0.3269073577565774 -0.351764511920855 -0.37326935463031596 -0.39214836788737706 -0.4089286085204876 -0.42399404251163575 -0.43763215257592314 -0.4500667532613384 -0.4614727529733835 -0.4719912410725772 -0.4817395341394063 -0.49080918125321515 -0.4992771799606549 -0.5072136718635019 -0.5146735968873285 -0.5217042997478176 -0.528351823907025 -0.5346458270097136 -0.5406197078893404 -0.5463034524859598 -0.5517185216235613 -0.5568823787618707 -0.5618145266091572 -0.5665368436194119 -0.5710640412178798 -0.5754076961320277 -0.5795785866920387 -0.5835921185348862 -0.5874581897894102 -0.5911835430322386 -0.594781208112001 -0.5982539447078816 -0.6016130632344805 -0.6048621553552749 -0.6080095084862285 -0.6110903868845616 -0.6140248915998895 -0.6169097190541936 -0.6196699479989284 -0.6223869442415491 -0.6249943368178996 -0.6275677582539109 -0.6300287240048565 -0.6324695769220123 -0.6348120398442542 -0.637128125150109 -0.6393545535060435 -0.6415645633563135 -0.6436819488821044 -0.645781492844284 -0.6478115231004259 -0.6498222944869525 -0.6517532668019292 -0.6536784690588744 -0.6555358671693068 -0.6573807886128504 -0.6591573106925229 -0.6609278800327227 -0.6626406872822032 -0.6643443053770324 -0.6659863469382447 -0.6676227620375094 -0.6692069221478822 -0.6707903568293072 -0.6723177708647295 -0.6738373208677296 -0.675305114165947 -0.676776243847699 -0.6782060887044412 -0.6796306643931658 -0.681002181129663 -0.6823732834725063 -0.683700918765755 -0.6850398784263015 -0.6863363811077606 -0.6876271700366817 -0.6888669999074439 -0.6900925502289319 -0.6913056379924987 -0.6925390813123331 -0.6937305547074895 -0.6949130459492286 -0.6960478792061123 -0.6971861481234476 -0.6982928117868276 -0.6971005844418432 -0.6964327578363882 -0.6959120204311733 -0.695457975054383 -0.6950481949559951 -0.6946803591170851 -0.6943459079483284 -0.6940430093989198 -0.6935106050518101 -0.6914970356308453 -0.6892332167300883 -0.6879423645974571 -0.6872310268605343 -0.6867776720234352 -0.686314141031175 -0.6861412578926233 -0.6860965345959117 -0.686131695165898 -0.6861462924518832 -0.686314818601729 -0.6863587070629614 -0.6865397011198808 -0.6865322982826892 -0.6868841675527442 -0.6870553470847232 -0.6878669795551103 -0.6885329381684431 -0.6891248563805551 -0.6898023587032822 -0.690726508575719 -0.6912953759253699 -0.6920703372786393 -0.6927841428007345 -0.6933300598824534 
# Stellar mass-weighted [N/O]:
0 0.0 0.0 -1.6014168817563958 -1.8313724919218504 -1.625350759046016 -1.280558636346092 -0.9739869599571098 -0.7389306559962721 -0.567325173570498 -0.44107645528328776 -0.34886381644184783 -0.2815550650269243 -0.2303078684451434 -0.18910423705536417 -0.15415500093306056 -0.12291665650366712 -0.09340039229996289 -0.06480085842368033 -0.03723280354739189 -0.011838375100937881 0.010563016953801907 0.02993505656678941 0.04671484199866427 0.06137815022835369 0.07402687495433846 0.08437031121225846 0.09236455885683648 0.09824412734235355 0.10230808654400803 0.1048226414123774 0.1060095599407489 0.10604669934098443 0.10507113182645045 0.10330891165136236 0.10122079593819988 0.09916444494295185 0.09727099286357488 0.09556298213153269 0.09400645332524915 0.09257640825141555 0.09125137319614918 0.09001525147376854 0.08885871626750141 0.08776870118261082 0.08672698869390771 0.08575090055526324 0.08482686855568222 0.08394464384671874 0.08309897206218098 0.08228270364657841 0.08149928604581125 0.08075519412129839 0.08003426368544453 0.07934968192401481 0.07868406918859316 0.07805526357186121 0.07744047999885262 0.07685739128505686 0.07628774011835748 0.07574211894865546 0.07520587757442743 0.07469379289774802 0.07420078419731968 0.07372185999533698 0.07324874918864566 0.0728010305995711 0.07236037547314345 0.07192459183405542 0.0715062774941917 0.07111076809766581 0.07071530628444578 0.07032883035100446 0.06995040918822537 0.06958930997723844 0.0692254631342718 0.06887294210011496 0.06852524362745716 0.068194428486826 0.06786916023892997 0.0675471614007851 0.06722451244394034 0.06689448886887461 0.06659745311968768 0.06631885342527344 0.06603604101599858 0.06575034638939603 0.06546489230294017 0.06519103493237599 0.06492924736896932 0.06467329072692574 0.06440820818586934 0.06414674667765552 0.0638758720484035 0.06363290854937442 0.06340502552790717 0.06318036522344284 0.06294851707310867 0.06270866579030165 0.06247286810634134 0.0622455610012691 0.062455602841076985 0.06257682816461807 0.06266592428605866 0.06273050902955102 0.06278042603739509 0.06282815876982484 0.06287561230753058 0.06292595059313599 0.06302924104287277 0.06335504081655197 0.06384304087232373 0.06421252978758762 0.06463827027415381 0.06502254273029207 0.06547799969917201 0.06597075536552677 0.0664431922926998 0.06662658328027182 0.0669005057621811 0.06738639665519475 0.06770383202518182 0.06807217049500158 0.06814216315649635 0.06875976006968243 0.06918809223396527 0.07043240665428452 0.07139354493336447 0.07224418046145586 0.07311497769689401 0.07412108499118586 0.0749265664024027 0.07572204686156425 0.07665240783537475 0.07722650838033907 
# Stellar mass-weighted [C/O]:
0 0.0 0.0 -1.1562753066292601 -1.2123805514941253 -1.0174006265333146 -0.9003935727178329 -0.8447669487723486 -0.8051919818161482 -0.7680161569314259 -0.7355022406321645 -0.708409910928467 -0.6858256928470466 -0.6664011290653774 -0.649320612972005 -0.6339502714728542 -0.6197877981401703 -0.6063953774252293 -0.5935614484369938 -0.5812027614507834 -0.569216765103139 -0.5575194125686527 -0.5461056885475861 -0.5349817605325492 -0.5241464133902484 -0.5131480903678551 -0.5011302262234153 -0.4876796911965049 -0.4729207572149323 -0.4571836311097107 -0.44081005934521234 -0.42407832527879874 -0.4071893674724396 -0.3902834419377663 -0.37333388601034867 -0.35613056819224453 -0.33858520238673606 -0.32069011369158595 -0.3025484942689993 -0.2843295077393291 -0.2663019162589422 -0.24847812983014061 -0.23095532086558207 -0.2137135338963871 -0.1968082487187331 -0.180222272565151 -0.16402715984864197 -0.1482056771638503 -0.1326716858490254 -0.11765173407544338 -0.1029543912830781 -0.08863287352935656 -0.07493643856609716 -0.06166076420466393 -0.0491773716942937 -0.03691069798954394 -0.02539171215905195 -0.014177265312317389 -0.003378955501776082 0.007085050096186818 0.016967394867372032 0.026802186606692896 0.03619650307151631 0.04530861543464923 0.054059212032041004 0.0628096651431434 0.07103665345730939 0.07896500640386542 0.08656280922027904 0.0940306489061837 0.10093871951653335 0.1076142600404846 0.11401561301443586 0.12036617191343166 0.12628050853599565 0.13197062928995862 0.13742118625691574 0.14283065086683994 0.1480436367302959 0.1530670248734577 0.15777647687462004 0.16245344755209884 0.1670189204318981 0.17150752834859617 0.1756663019457295 0.17970067889583236 0.18358491235946706 0.1875072890093957 0.19135673530513397 0.19505855853561957 0.1984777536808452 0.20183903128984126 0.20510483331149065 0.2083986360953444 0.21165814976989716 0.21483641600643028 0.217761320565967 0.22061551355145542 0.22336865507435938 0.22616249493995572 0.2289241190259593 0.22594537112271756 0.22425389563680187 0.22293377535364362 0.2217962825935081 0.22077897171709226 0.21985977527084954 0.21901752597845164 0.21824289001930053 0.21685727246648034 0.2116812872539506 0.2056465436827904 0.20205066821582965 0.19972966125215588 0.1980740828265061 0.19628152493826598 0.195110611769647 0.1942873545952174 0.19410459060519197 0.19370461954927318 0.19335056408947177 0.19297189229274636 0.19285009332232858 0.1927232431364906 0.19261988969828311 0.19234899271569111 0.19237096825721695 0.19246874897734031 0.19255979244432858 0.19283040969654405 0.19348136647111502 0.19357594236102582 0.19420701045338806 0.1944637698505644 0.19487376565895753 
# Stellar mass-weighted [O/H]:
0 -5.111592981513672 -6.497546793774768 -4.845613774963663 -3.2681481392217595 -2.9439281698656385 -2.824057904840716 -2.784019859319284 -2.7737947894658683 -2.7719967575393767 -2.7718017137739315 -2.771567754174642 -2.7710317061392056 -2.7702611729503195 -2.769355077013599 -2.7683802985012784 -2.7673781459810103 -2.7663784732688548 -2.7653744640066993 -2.7643816519953077 -2.7634160126290226 -2.7624847262336747 -2.761587556091116 -2.7607204517713413 -2.759881089654666 -2.7590715991883537 -2.758291612571383 -2.757533998324255 -2.7567961816348427 -2.7560817314004025 -2.755387063134764 -2.7547123064363843 -2.7540543035743754 -2.753411392128032 -2.752786220588473 -2.752181574185901 -2.751589033735055 -2.7510009678947203 -2.750426860920019 -2.74986298193277 -2.7493112013752476 -2.748768780190966 -2.748232782669647 -2.747708766573319 -2.7471935754960928 -2.746685989181329 -2.7461894761350614 -2.7456980460817704 -2.74521906810742 -2.7447400685313177 -2.744274754378682 -2.743812775080917 -2.743366771966601 -2.7429214562025495 -2.742487910955586 -2.7420555780480163 -2.741647479347616 -2.7412317757022056 -2.740828675865105 -2.740437789678408 -2.740048408015272 -2.7396552081968455 -2.7392872259100143 -2.7389171371756778 -2.738545277048689 -2.7381812170869164 -2.7378395781718723 -2.7374870434983176 -2.7371363641599373 -2.7367958353819404 -2.736472908596695 -2.736142485678381 -2.7358082535050547 -2.735484278849296 -2.7351831090913796 -2.734876360897971 -2.7345628619086515 -2.7342473885185568 -2.7339557363347593 -2.7336726548930823 -2.733387512706651 -2.733085837951033 -2.7327916012915408 -2.7325137289875316 -2.732254860690749 -2.731986231999472 -2.7317104891951445 -2.731424086000634 -2.7311547746725173 -2.7309072175632068 -2.7306683009125976 -2.730417352389236 -2.7301554056508737 -2.72986756667546 -2.729614320067843 -2.7293907185248933 -2.7291751626801846 -2.728946635289968 -2.728704896798024 -2.7284553717221423 -2.728205404259036 -2.728473059091292 -2.7286488046176958 -2.7287931651513517 -2.728907766002018 -2.7289977949569284 -2.7290740522310877 -2.7291390528097885 -2.729201273951623 -2.7293666162157697 -2.729904504147351 -2.730518555973002 -2.7308555371914984 -2.731081709321553 -2.7312758911806156 -2.7314359719313845 -2.7315211868087035 -2.7315784928084375 -2.731549589944019 -2.731611700236633 -2.731613715144709 -2.7315888512564888 -2.731602126825657 -2.731607843702962 -2.731530215184831 -2.731507754631024 -2.7313438178394094 -2.7312271346505907 -2.7311379684930115 -2.731038649739568 -2.7307803189479687 -2.73072569858245 -2.730505187060004 -2.7304057623236764 -2.730271328719505 
# Gas [Mg/H]:
-5.111592981513672 -6.74054004143103 -4.829194277532874 -2.916374938196209 -2.3437879539832975 -1.9989547155727854 -1.7722025153228325 -1.6013999666942427 -1.4206133174326414 -1.1831716035790976 -0.8837965180040825 -0.5773529793351209 -0.35627010864559683 -0.25083187284402797 -0.22054250921546625 -0.21880943159939115 -0.22131745991943763 -0.22167146532560178 -0.22068656808185771 -0.22163574318951085 -0.22608052766857245 -0.23270106866701035 -0.24027033697314248 -0.2481554042019054 -0.25517781485067115 -0.2596320434551753 -0.2621888004121349 -0.2639150143866962 -0.2647427118214418 -0.2663116356247892 -0.26754992544220535 -0.2681991953568872 -0.2688729092687785 -0.2676470503098951 -0.25761476572484643 -0.23933896242242003 -0.21807752363978672 -0.1971235799330513 -0.1757709973921182 -0.15634713115127408 -0.13787106448897735 -0.12058226185712595 -0.10468386623275361 -0.0893643011487173 -0.07516587083893711 -0.06181756722528853 -0.04913720050467685 -0.03710455606203045 -0.02515566180290829 -0.014773604247166894 -0.00512091069996945 -0.0012710137930653786 -0.003307014195630842 -0.009181781065302985 -0.018379643580180627 -0.026211030998287477 -0.033652414547309384 -0.04352508454157533 -0.05184675653246451 -0.06035848844139835 -0.06914789739192706 -0.07667540469481438 -0.08568704654505588 -0.09539425736270513 -0.10093223516091943 -0.11349180787401192 -0.12326461040968706 -0.1306527874719361 -0.13863734428370922 -0.14258714409994244 -0.14815779796550466 -0.15702759614168382 -0.1664043590454254 -0.17106985323037005 -0.17578998043971783 -0.18265539855836632 -0.19160179666632882 -0.19927051357641812 -0.20400779227467325 -0.20977703138907877 -0.2189594034371405 -0.22985635362378876 -0.2383280316464207 -0.24196476398548405 -0.24632652944720768 -0.2569531812528387 -0.26787849116795215 -0.2791070391051713 -0.2825126021672064 -0.2862685548095678 -0.29558360864191346 -0.31102037430280216 -0.31262916872305624 -0.3226814802308926 -0.3292371158676106 -0.333419781512041 -0.3364769129649199 -0.3456430309924867 -0.36108118253121546 -0.37373652321225137 -0.38332803662519144 -0.3845487365332678 -0.3843482344785114 -0.383764776635271 -0.38435147703088823 -0.3861742193906972 -0.38812475500701193 -0.390370167522609 -0.3928550618225426 -0.3947385999596662 -0.40703832394508765 -0.42793821932447074 -0.44203915475174327 -0.4549231880057443 -0.4648598853664181 -0.47453614936545474 -0.4815180018999712 -0.48657110128317527 -0.4885246770040865 -0.4906462265878222 -0.49349753587384715 -0.49493121561851083 -0.4954813330200327 -0.4951746207801557 -0.49577442336187705 -0.49393908571230316 -0.49037862287202927 -0.4861499084957739 -0.483541642324675 -0.4827253622925882 -0.48347389765982474 -0.4833543652485268 -0.4846876736826067 -0.4859411303067631 -0.4869392931787706 
# Gas [C/H]:
-5.111592981513674 -6.74054004143103 -5.827598483504177 -3.9090197567974636 -3.1084434539627983 -2.612774993865088 -2.2983055008710433 -1.9744397361036388 -1.5571649483391488 -1.108972363152466 -0.673094890350928 -0.2937049509320637 -0.028850087121204293 0.10665405250721882 0.16045476675153747 0.1823924345774226 0.19771021763814955 0.21308824131668347 0.22847175117751162 0.24445003644233276 0.26079513574524027 0.27677594025789665 0.29152809636798604 0.305058827536818 0.3280755707318326 0.37312349289012037 0.43116559858719583 0.4889533375115249 0.5408619133269643 0.5860015831763654 0.625157850277426 0.6593756476934178 0.6896003502483743 0.7186882916891877 0.7521722498825372 0.7892614245383767 0.8263395458496228 0.8611377649370127 0.8948407041935811 0.9225289590915344 0.9488832291962837 0.9727814310343539 0.9951176188735098 1.016470020512671 1.0361686316465861 1.0544700492697316 1.071721704486897 1.089195535479356 1.1033423022478321 1.1167728615827794 1.1300564798611719 1.1415696902859103 1.1493057824308357 1.1553431764412765 1.1608572282664609 1.1657521796198127 1.171751952295188 1.17622993196487 1.1808918318007358 1.185194284589297 1.1897899545069923 1.1945761992836155 1.1985293288974797 1.2021407070315266 1.2061142023173366 1.208790294996029 1.2086996777320502 1.206975969409514 1.2042598753545093 1.2005940933084243 1.197400957660891 1.1932761308237163 1.1889453941312311 1.185991185205582 1.1829920692775286 1.1792120797494197 1.1730058700493062 1.171581651305825 1.169997993275048 1.1658776117228005 1.1614520534793913 1.1572176661024507 1.153234649013244 1.149760247525263 1.1463476271651833 1.1422181663192288 1.1382562502366493 1.1343379113617762 1.1309747607809468 1.1279175975319835 1.1243100093423632 1.120550313460226 1.116818465773172 1.113051573991374 1.1096465149869892 1.106627015179007 1.1036448551170586 1.0998099440763713 1.0961677763924587 1.093083243764323 1.090953878070124 1.0886479532783007 1.086881050925839 1.0854661641357017 1.08409226925433 1.0827348617962098 1.0813032928528217 1.0798483415456035 1.0784269566841935 1.0758836355701753 1.0634684901268479 1.0389828099405558 1.0145269460018067 0.9910011870677518 0.9693933618162887 0.9417646213830597 0.917476117891256 0.8955511804731824 0.889250343383793 0.8751454540425025 0.8568942663141614 0.841695930746222 0.8324191293138168 0.8284848679654391 0.812282923517651 0.7957687593964256 0.7670486059251318 0.7437493559827564 0.7242647911892011 0.7069848008108002 0.6910485772587069 0.6780667588843401 0.6653220650453937 0.6541244902691954 0.6441662336807776 
# Gas [O/H]:
-5.111592981513672 -6.740540041431032 -4.606535380911503 -2.6952768291121565 -2.174400725035552 -1.8785182879585847 -1.6842542608669637 -1.5298200707437566 -1.3469791703637242 -1.0944453958812979 -0.7785868310371367 -0.4611319581379427 -0.23104661382435587 -0.11785099045707392 -0.0822254341996902 -0.07878758893248738 -0.08605213821183222 -0.09253095745433049 -0.09893430964961736 -0.10677111037528908 -0.11560656394880464 -0.12431139416795522 -0.13309536362225804 -0.1416977938904762 -0.14977829766315187 -0.15618594613980985 -0.16170307036652787 -0.16685239315043887 -0.1718891465281014 -0.17623170310111247 -0.18025651732873094 -0.1841976264285874 -0.18835762879002482 -0.19239159235427117 -0.1940608076170638 -0.1932989064970685 -0.1925682940343516 -0.1923109612600209 -0.19025829608824374 -0.18956868568376306 -0.18780380020481102 -0.18618679006550076 -0.185473908163583 -0.18401949434177567 -0.1834093692315597 -0.18221437266613094 -0.18142721688697439 -0.18071183471093732 -0.1790839024116191 -0.17930359038647525 -0.1775519238773362 -0.1767270269417982 -0.17634569961644386 -0.17530920250753512 -0.17779503199385527 -0.17651305993160404 -0.17522089289838183 -0.17878272883421298 -0.17679061757005332 -0.17434963422717376 -0.17690710517742536 -0.1769479075364786 -0.1760770312682829 -0.17616069346073893 -0.17873097535065696 -0.177312680481454 -0.17573157818564278 -0.17889271081977975 -0.18319055583479038 -0.1819341507430292 -0.181670486892207 -0.18576780276050053 -0.191634816029143 -0.18977312396057444 -0.18665639427361125 -0.1900024357662793 -0.19694987327825153 -0.19907114061280495 -0.19601831727924468 -0.19479175964870832 -0.1982665494670659 -0.20458605787099593 -0.20708034387052088 -0.20323684055284508 -0.20127660685883875 -0.20382852978215693 -0.2107120192509231 -0.2157596355242406 -0.21340432794423414 -0.20872323508697965 -0.20976633374737075 -0.21171475694779707 -0.20311931746784628 -0.2204728028443852 -0.22973899315818347 -0.22274351732858122 -0.21884338933036496 -0.21728258324825633 -0.22220761168266723 -0.22759589722710682 -0.23334549646767577 -0.2333752051395499 -0.23066924144546563 -0.2284404802755926 -0.22783752323130368 -0.2281053239146651 -0.22901129508539508 -0.23048766250177755 -0.23187472066943515 -0.23215889173062854 -0.23574672459181434 -0.24365200556268363 -0.25015375927047145 -0.25674085671490854 -0.261762952406873 -0.2672177079395692 -0.27195840013389727 -0.2758116565338682 -0.27747222080854295 -0.27922184418156126 -0.28208493601646367 -0.28317854102120377 -0.28378764047939153 -0.28322618151089385 -0.2842582951677155 -0.2829332137413476 -0.2804144043659629 -0.2771844886413448 -0.2754275631575278 -0.2752073108047397 -0.2764466508642851 -0.2767283739315145 -0.2784088287910724 -0.2799283965501034 -0.2811911090222914 
# Gas [N/O]:
0.0 0.0 -1.826768018750979 -1.8381322022538495 -1.5390049624801931 -0.9737145692865055 -0.4241779872728164 0.06461228520205875 0.45635535376660985 0.7343589807880427 0.895518743474466 0.9691103773647862 1.0010660142346037 1.0186754504747073 1.0351125434974768 1.0575473161260358 1.0922982252358604 1.1310441463224805 1.1682364137582397 1.1929360966704126 1.2018831475587657 1.1996659417277897 1.1923473168607674 1.1829784951328897 1.1676798288770556 1.1373218967011751 1.09099690555988 1.0316797023266706 0.9608968959414786 0.8768553891029424 0.7759785195644645 0.6496181719915317 0.4785212745628842 0.2329970492471254 -0.07916166035312 -0.4081414924546818 -0.6840142817516262 -0.8312017821208157 -0.915711357303947 -0.9534042327292136 -0.9698547970005027 -0.9701838429156184 -0.9687187189864424 -0.97778666167964 -1.0293386218587388 -0.9889432864701375 -0.9536921100914326 -0.9591127544994418 -0.9637905363572861 -0.9928317198802346 -0.9929690302215184 -0.9814188199366489 -0.9681660953225484 -0.9629909142886084 -0.9417591653088804 -0.932608958057237 -0.9251680747834883 -0.8926644603896678 -0.8908065261197402 -0.8833123931745577 -0.8702906116036264 -0.8585149204964746 -0.8465178032357166 -0.831978935770163 -0.8222183807654273 -0.8356089249333383 -0.8134682881643012 -0.8266314510413022 -0.8055621068464838 -0.7849912138797641 -0.7808114660576486 -0.7848011181286962 -0.7873601955859879 -0.7891332488678611 -0.797411747096822 -0.7900678476096683 -0.7824362041343118 -0.7769267687894541 -0.7727388042938765 -0.7925862618030943 -0.7852840172014786 -0.8892749516947804 -0.7657822299274282 -0.7326873920460784 -0.7301890507831494 -0.747168839254297 -0.7591647141647246 -0.7502558749025228 -0.7528184939946618 -0.7639247082191603 -0.7763703072209163 -0.7570246636647426 -0.7394458793451189 -0.7400881614636574 -0.7587735968411491 -0.7581564187280507 -0.7395709975124729 -0.7533890220642976 -0.7485927134185615 -0.7572103852942991 -0.7395133013609423 -0.7388467582943163 -0.7381532897238798 -0.7384852990885684 -0.7407608976833935 -0.7413115320385524 -0.7431998523539542 -0.742840307010552 -0.7416256725232253 -0.7394791526664899 -0.7474707051634926 -0.7521539118321166 -0.7540150141219542 -0.7537137002065835 -0.754502742825192 -0.7577918044816248 -0.7623050968566858 -0.7676914376513286 -0.7688785492885142 -0.7728330795512686 -0.7783750201912238 -0.7839874896682788 -0.7879732107812025 -0.7904151028399207 -0.797666335065712 -0.8080037452867759 -0.8267939294185196 -0.8442796322613071 -0.8582051669722539 -0.8688052367286596 -0.8773364401842265 -0.8850880585824299 -0.8893643024207492 -0.8950105966527107 -0.8988595248887721 
# Gas [N/H]:
-5.111592981513672 -6.740540041431032 -6.433303399662481 -4.533409031366006 -3.7134056875157446 -2.852232857245089 -2.1084322481397804 -1.4652077855416978 -0.8906238165971132 -0.3600864150932548 0.11693191243732937 0.5079784192268431 0.7700194004102472 0.9008244600176338 0.9528871092977869 0.9787597271935478 1.0062460870240284 1.03851318886815 1.0693021041086226 1.0861649862951235 1.086276583609961 1.0753545475598347 1.0592519532385096 1.041280701242413 1.0179015312139037 0.9811359505613648 0.9292938351933526 0.8648273091762322 0.7890077494133769 0.7006236860018298 0.5957220022357332 0.46542054556294365 0.29016364577285936 0.04060545689285444 -0.273222467970184 -0.6014403989517509 -0.876582575785978 -1.023512743380837 -1.105969653392191 -1.142972918412977 -1.1576585972053133 -1.156370632981119 -1.1541926271500254 -1.1618061560214157 -1.212747991090298 -1.1711576591362682 -1.1351193269784075 -1.13982458921038 -1.1428744387689047 -1.17213531026671 -1.170520954098854 -1.1581458468784467 -1.1445117949389916 -1.1383001167961435 -1.1195541973027359 -1.1091220179888408 -1.1003889676818703 -1.071447189223881 -1.0675971436897935 -1.057662027401732 -1.047197716781052 -1.0354628280329523 -1.022594834503999 -1.008139629230902 -1.0009493561160845 -1.0129216054147925 -0.989199866349944 -1.0055241618610822 -0.9887526626812742 -0.966925364622794 -0.9624819529498554 -0.970568920889197 -0.9789950116151314 -0.9789063728284351 -0.9840681413704324 -0.9800702833759471 -0.9793860774125642 -0.9759979094022588 -0.9687571215731214 -0.9873780214518026 -0.9835505666685442 -1.0938610095657761 -0.9728625737979497 -0.9359242325989241 -0.9314656576419882 -0.9509973690364539 -0.9698767334156475 -0.9660155104267627 -0.9662228219388957 -0.9726479433061401 -0.9861366409682875 -0.9687394206125397 -0.9425651968129651 -0.9605609643080424 -0.988512589999333 -0.9808999360566313 -0.9584143868428381 -0.9706716053125533 -0.9708003251012283 -0.9848062825214061 -0.9728587978286178 -0.9722219634338662 -0.9688225311693452 -0.9669257793641615 -0.968598420914697 -0.9694168559532175 -0.9722111474393493 -0.9733279695123302 -0.9735003931926602 -0.9716380443971184 -0.9832174297553067 -0.9958059173948 -1.0041687733924256 -1.0104545569214922 -1.0162656952320654 -1.0250095124211942 -1.034263496990583 -1.0435030941851968 -1.0463507700970576 -1.0520549237328298 -1.060459956207688 -1.0671660306894823 -1.0717608512605938 -1.0736412843508143 -1.081924630233427 -1.0909369590281237 -1.1072083337844827 -1.121464120902652 -1.133632730129782 -1.144012547533399 -1.1537830910485116 -1.1618164325139446 -1.1677731312118214 -1.1749389932028143 -1.1800506339110637 
# Gas [C/O]:
0.0 0.0 -1.2210631025926735 -1.2137429276853078 -0.9340427289272457 -0.7342567059065037 -0.6140512400040798 -0.4446196653598823 -0.21018577797542515 -0.014526967271168367 0.10549194068620885 0.16742700720587944 0.2021965267031518 0.22450504296429236 0.24268020095122744 0.2611800235099104 0.2837623558499816 0.30561919877101434 0.3274060608271286 0.3512211468176214 0.37640169969404474 0.40108733442585126 0.424623459990244 0.44675662142729455 0.47785386839498445 0.5293094390299303 0.5928686689537235 0.6558057306619636 0.7127510598550661 0.7622332862774774 0.8054143676061569 0.8435732741220057 0.8779579790383992 0.9110798840434586 0.946233057499601 0.9825603310354457 1.0189078398839746 1.0534487261970336 1.0850990002818248 1.1120976447752975 1.1366870294010942 1.1589682210998542 1.1805915270370928 1.2004895148544472 1.2195780008781454 1.2366844219358621 1.2531489213738716 1.269907370190294 1.2824262046594512 1.2960764519692547 1.3076084037385074 1.318296717227708 1.3256514820472793 1.3306523789488114 1.3386522602603161 1.3422652395514165 1.3469728451935703 1.355012660799083 1.3576824493707893 1.3595439188164713 1.3666970596844177 1.3715241068200938 1.374606360165762 1.3783014004922653 1.3848451776679938 1.3861029754774827 1.3844312559176932 1.3858686802292934 1.3874504311893001 1.3825282440514537 1.3790714445530976 1.379043933584217 1.380580210160374 1.375764309166156 1.3696484635511397 1.3692145155156992 1.3699557433275584 1.3706527919186302 1.3660163105542926 1.3606693713715095 1.3597186029464576 1.361803723973447 1.3603149928837652 1.352997088078108 1.3476242340240223 1.346046696101386 1.3489682694875724 1.3500975468860166 1.344379088725181 1.3366408326189638 1.3340763430897344 1.332265070408023 1.3199377832410186 1.333524376835759 1.3393855081451727 1.329370532507588 1.3224882444474237 1.3170925273246274 1.3183753880751257 1.3206791409914302 1.3242993745377996 1.3220231584178506 1.317550292371305 1.3139066444112943 1.3119297924856337 1.3108401857108753 1.3103145879382168 1.3103360040473808 1.3103016773536285 1.3080425273008038 1.2992152147186624 1.2826348155032392 1.264680705272278 1.2477420437826607 1.2311563142231616 1.208982329322629 1.189434518025153 1.1713628370070508 1.1667225641923364 1.1543672982240643 1.1389792023306253 1.1248744717674253 1.1162067697932088 1.1117110494763325 1.0965412186853665 1.0787019731377727 1.0474630102910947 1.0209338446241012 0.999692354346729 0.9821921116155395 0.9674952281229918 0.9547951328158548 0.9437308938364657 0.9340528868192985 0.9253573427030688 
# Gas [Ca/H]:
-5.111592981513672 -6.74054004143103 -5.111381003028653 -3.1980668722154206 -2.5979413485290657 -2.2239855775156903 -1.967960905185179 -1.2577642402984948 -0.5663982212814869 -0.013871533405869663 0.4543348032344863 0.8362015239470519 1.0917678448121162 1.2132432176248678 1.250414613577595 1.2530551216020989 1.2452442336009657 1.2351872101415982 1.2252160375005747 1.2156974604416177 1.2062604292317554 1.1975284689517682 1.1890238979506957 1.1806833781466173 1.1727336153522012 1.166235853523288 1.1603929913650495 1.1547124842272565 1.149321589951147 1.1443787339635412 1.1396000355528724 1.1351655162527203 1.1305020075790688 1.1257906751167237 1.1230146851188776 1.12228367661747 1.121171649611009 1.1207270060266579 1.119723476303542 1.1177954778780945 1.1173372028413775 1.1172956574000006 1.1165519568463367 1.1165502882050298 1.115271513699354 1.1146620176733881 1.1139972377445764 1.1130949795827414 1.1132368305993046 1.1110259090622048 1.1119672043510196 1.1112941365914653 1.1107798998597334 1.1112283867628312 1.1079859202662803 1.1089797170075375 1.1101833119624542 1.106315313378201 1.1077486592256216 1.1096092551648864 1.1064690535983264 1.109086360323544 1.105210792763951 1.106295070627855 1.1023542841497989 1.1045098374545423 1.1061604585526155 1.1019729870109662 1.0972762269079057 1.0988948583162967 1.099683089015823 1.0950375925882962 1.0885711982425024 1.0906232341086817 1.093482082058192 1.0905724584883307 1.0835860244130542 1.080980200199959 1.0844810747396032 1.0857704670243233 1.0819249357362182 1.0746268707490483 1.0720831924117684 1.076380231605265 1.079068723294169 1.0762294338476517 1.0698703099919182 1.0620937648505935 1.0648900790930753 1.0709461229309758 1.0720659939561 1.0679292088552472 1.061502621487711 1.0541547955954593 1.0551921717112718 1.0618780976436808 1.0649674474949125 1.0626589738412688 1.0570630671451244 1.0499334408499514 1.0439337595417522 1.045327910928533 1.0486949611065794 1.0509025917817114 1.0516513305062425 1.0512750787746175 1.0501547755420262 1.0484783144264052 1.0468056198676186 1.0466460092859036 1.0428981828754091 1.0346884226836348 1.0288458648352083 1.0230018007287605 1.0188848414177896 1.015247837801172 1.0124423677912855 1.0105337639252063 1.0094904003963885 1.0090421685145339 1.0078912424521924 1.0084067055688006 1.008766521621646 1.0095029745039108 1.0105028240137868 1.0138150645132242 1.0197048063178844 1.0256608811823247 1.0294723245143471 1.0312423047351427 1.0312443261204924 1.0319830116264495 1.0311598570572906 1.0303758051889949 1.0297465114559428 
# Gas [Ne/H]:
-5.111592981513672 -6.740540041431032 -4.754107178902419 -2.8410259266415157 -2.2644237844225135 -1.9388100447145016 -1.7397190455602667 -1.6082089956278498 -1.5059534583213425 -1.4039328883566542 -1.2771986711769854 -1.1396647437665033 -1.0247695273592683 -0.9797426794389601 -0.9707577926098345 -0.9734476405592218 -0.9824680426959382 -0.9901936463254684 -0.9958243622883103 -1.0019433897790009 -1.0093317460818563 -1.0166904976007363 -1.0244772690791155 -1.032109699858867 -1.0393210785241882 -1.0444132440633425 -1.0460937279591676 -1.0549810637602208 -1.056154490056624 -1.0578951019918215 -1.0587864577962005 -1.0605266730195133 -1.0637693973531555 -1.064792052962809 -1.0582381040921396 -1.0469812091527357 -1.0326099110220772 -1.016820333327658 -1.0002416622408816 -0.9855431433744828 -0.9723734795034789 -0.9600180043210775 -0.9477592420839818 -0.9354934310667593 -0.9245028371533461 -0.914020378260016 -0.9035268110830668 -0.8930549983428664 -0.8852136760779228 -0.8786352059799301 -0.8683603279543011 -0.862854420954922 -0.8556747577052048 -0.8561149039220579 -0.8485093531180743 -0.844003289420014 -0.8377493684958708 -0.8373253007730632 -0.7887628927138213 -0.8230411801638109 -0.8504215598062599 -0.8441220373824558 -0.8286230392752714 -0.8239477670772963 -0.8164685638309992 -0.8150504294005687 -0.8127564243942773 -0.8189895736090032 -0.8233969189650203 -0.830175007884769 -0.8303976431062621 -0.839656416990687 -0.8451656628784034 -0.8500036251393324 -0.850298289473181 -0.8594500805360994 -0.8647542006699451 -0.8725504856992794 -0.8735249764445108 -0.8797022295734251 -0.8836239644906456 -0.8934421282874823 -0.8968942068877226 -0.9014415359226193 -0.9074499670364977 -0.9165751758941418 -0.9198596944141855 -0.9324695037941035 -0.9308904689288342 -0.932558100213007 -0.9347038284721751 -0.9453648192701483 -0.9510881560216093 -0.9634182361876276 -0.9665078877466025 -0.968986169031913 -0.9686650770557668 -0.97735419239116 -0.9804154699091532 -0.9889626916253098 -0.9984248866006178 -1.0079710597813785 -1.006318421196096 -1.0056077115019981 -1.0073052127082285 -1.0091241724478088 -1.011438078541353 -1.0141166819375753 -1.016829132349919 -1.0202970409788055 -1.0353563882828443 -1.061651993544264 -1.0802505030960639 -1.0972841323009543 -1.1109446749814937 -1.1251346266241695 -1.1356643385042204 -1.1427328324003065 -1.1461574206089047 -1.1498207793164132 -1.1549257992404973 -1.1578307283917049 -1.159565760457789 -1.1595998199875712 -1.1617235742513854 -1.1619076353693583 -1.1612004895210664 -1.159125845526086 -1.1580518076038304 -1.1585114447255593 -1.1601229798611232 -1.1606584339222445 -1.1624803054832782 -1.1641182030120936 -1.1654870312300414 
# Gas [Si/H]:
-5.111592981513672 -6.740540041431032 -4.802124115054593 -2.888644361652024 -2.2994100455217543 -1.9336448146201581 -1.6886129023467316 -1.2006647540940794 -0.6006358328793704 -0.07240659626618484 0.3880875006396023 0.7673439594800286 1.022001098986666 1.1431911522559437 1.1802586783029225 1.1828550345721665 1.1750426494962114 1.1650231138554425 1.155054222201867 1.1455407043565349 1.1361165946538816 1.1273741217297024 1.118863034053791 1.1105230060101525 1.102592017568322 1.0960864670651942 1.090251430526238 1.0845685472509219 1.0791797916153425 1.074159647819593 1.0694969495564828 1.065019309932132 1.0603766568026627 1.0556750776105122 1.0528996483653277 1.0521708993659677 1.0510871713437933 1.0492279846485184 1.0493943517793332 1.0484813027479642 1.0479643176428182 1.047556017304501 1.0465270246740257 1.0463395458287703 1.045259760620279 1.0448450110988263 1.0441924891185632 1.0432055223392624 1.0433029835564973 1.041085827822696 1.0420606625733115 1.0414329178981556 1.0408686470399862 1.0413179626301097 1.038104393433379 1.0390933634140689 1.0402969153491486 1.0363029502874745 1.037746311192464 1.0395644285416754 1.036384901324038 1.0359580950721767 1.0378843553229373 1.0364491785117775 1.0324273507826733 1.0345030587780006 1.0360034249932006 1.031853020792314 1.0271728293057536 1.0288105757400814 1.029582853869027 1.0249193035836792 1.0183966344745485 1.0204462472778886 1.0233238131983398 1.0204236888118916 1.0134407933743645 1.0108638904787153 1.014345576674823 1.0156318176830768 1.011762819174928 1.0044825897283194 1.001889964309444 1.0062216874531043 1.0089224546741642 1.0061371064224205 0.9997638383706327 0.9919622791847345 0.9947021417120476 1.0008443423147426 1.0019154280686973 0.9977628783251511 0.9913184601394791 0.9839950072278469 0.984995474308779 0.9916317759571314 0.994727965538154 0.992509846518665 0.9868637802787505 0.9797668802198696 0.9737698818154916 0.9751561801083724 0.9782687816456361 0.9805185737363309 0.9813654043627067 0.9810733824654574 0.9799653329780011 0.9782798764542067 0.9765942521446047 0.9764345015823634 0.9726812800108453 0.9644484307996768 0.9586093516320089 0.9527775774847682 0.948663109934373 0.9450238033567788 0.9422196990699101 0.940303778063142 0.9392635700510343 0.9388116732276197 0.9376604246657543 0.9381785064111972 0.9385380197158133 0.939273731349938 0.9402657009954227 0.9435850526394547 0.9494794590940483 0.9554264485421244 0.9592372967686926 0.9610073389228115 0.9610083104837006 0.961746525819617 0.9609233985679948 0.9601389919239955 0.9595100355976123 
# Gas [S/H]:
-5.111592981513673 -6.7405400414310295 -4.879043773135916 -2.965060959842596 -2.360281586299159 -1.985907680547692 -1.7376696224182417 -1.2276581134280322 -0.6156204886900012 -0.08384547274844767 0.37780069641738123 0.7574242348389504 1.0122070027074606 1.133443393254645 1.1705324027097022 1.1731359983620888 1.1653281729047884 1.1553170632192744 1.1453423356946781 1.1358239643619656 1.1264008573803044 1.1176679005623078 1.1091651085440501 1.1008155887659603 1.0928851724032733 1.086384671690399 1.080553808055941 1.07488850700625 1.0694880591630067 1.0644723055596441 1.0597968377832316 1.055317781037564 1.0506831085391717 1.0459808693937038 1.0431958225304712 1.042467855388117 1.0413817608068294 1.039492808978265 1.039643543415678 1.0387148537761024 1.0381965753417526 1.0377831899470298 1.0367607910532985 1.0365477110111572 1.0354442630547083 1.0350294685183163 1.0343647558703073 1.033372875090358 1.0334510182111298 1.0312390566175158 1.0321917314400002 1.0315326706601216 1.0309955165916822 1.0314645530953324 1.0282771036745286 1.0292941205276325 1.0305080612919668 1.0265096316320403 1.0279770818517573 1.0298121154187458 1.0266545192220282 1.026215282246599 1.0281783881849247 1.0267730059269815 1.0228974561416795 1.0248789581691393 1.026304178689061 1.022153424813923 1.0174090532058062 1.0191200547084565 1.0199996100553954 1.0153388457411183 1.0088202956286083 1.0108298909257143 1.0137064277877332 1.0108376336494382 1.0038486689043506 1.0012431766637104 1.0047535818216908 1.0060305860547274 1.002165435700987 0.9948841444548377 0.9922865578855102 0.9966079390770308 0.9993393336675105 0.9966380719216419 0.9900666715072459 0.9823779951085845 0.9851472736135167 0.9912143982969974 0.9923399239105977 0.9881994519462132 0.9817974380794086 0.9744549107648086 0.9754295969414066 0.9820532406747393 0.985208203296347 0.9829534044692845 0.9773417844773395 0.970187363402077 0.964188415205582 0.9655944608099527 0.9686946396035223 0.9709393563490747 0.971806904041991 0.9715273245171292 0.9704170785555668 0.9687377624882401 0.9670568067034497 0.9669070308152548 0.9631539667536941 0.9549311288579814 0.9491023848995477 0.9432564872727132 0.9391439237700401 0.9355064969091269 0.9327047183010055 0.9307899068607459 0.9297480412178691 0.9292895041948865 0.9281495893592888 0.9286629779047857 0.9290215654174432 0.9297565206204292 0.9307478528262787 0.9340644426146789 0.9399555287174293 0.9458991089949662 0.949706986293883 0.9514762935688856 0.9514764609205795 0.9522148296476622 0.9513921884475041 0.9506080409012219 0.9499792625437213 
# Stellar mass-weighted [Mg/H]:
0 -5.111592981513672 -6.497546793774768 -5.065290118862109 -3.4892095727460237 -3.1316914724818403 -2.9881262195508915 -2.936345062100961 -2.921680822630849 -2.9186857856321504 -2.9183403016185787 -2.9181892928227704 -2.917743621805757 -2.9170650768965913 -2.9162567521286453 -2.9153737990504567 -2.9144397946442666 -2.91345198744097 -2.912414719604155 -2.911346772095431 -2.9102767966946512 -2.9092317480678673 -2.9082233166507105 -2.907249436475361 -2.9063080275797883 -2.9053977559778925 -2.904514233556336 -2.9036472551675425 -2.9027934537814657 -2.90195435014821 -2.901133536589426 -2.900330657518296 -2.899540489800426 -2.8987613713500417 -2.897989514897743 -2.897205398778362 -2.896385704329137 -2.895517946111595 -2.8946143740356334 -2.893678352723178 -2.892715804501445 -2.8917298383446335 -2.8907211505598926 -2.889696955245765 -2.8886586608533147 -2.8876048725599333 -2.8865449576034727 -2.885472523239219 -2.884396731830704 -2.883307978097677 -2.882217565861005 -2.8811235827229185 -2.8800719691319987 -2.879048634480088 -2.878092312025305 -2.877166834960307 -2.87631506986168 -2.875486410329719 -2.8747002689977865 -2.8739566937316576 -2.8732549316753158 -2.8725600880650877 -2.871916227904009 -2.871295208498082 -2.8706995681685523 -2.870108955387904 -2.869581890616665 -2.869063922401173 -2.8685539395131876 -2.8680551695437533 -2.867586628014312 -2.86712093414116 -2.8666613390534197 -2.8662128996356895 -2.8658009172294303 -2.865396205812539 -2.86499048313181 -2.8645808916712427 -2.8642047272955065 -2.863848623462209 -2.8635024701627074 -2.8631441626780125 -2.862797481487778 -2.8624719705178245 -2.8621766307595298 -2.8618780984142456 -2.861582406837363 -2.861275662710846 -2.860991134403342 -2.8607320531720477 -2.860492829038823 -2.8602494761724575 -2.860007982579141 -2.85974530145747 -2.8595017217714345 -2.8592836718414736 -2.8590886247082636 -2.8588860013928343 -2.858678527511506 -2.8584697967020736 -2.858262717273778 -2.858549969857819 -2.858746755045672 -2.858913282903636 -2.8590503162930956 -2.8591613957676776 -2.8592571431459968 -2.859340178204664 -2.8594193346432917 -2.8596162383494086 -2.8602919733099847 -2.8610827986641514 -2.8615331277640816 -2.8618302757173097 -2.862077118487214 -2.862295891773935 -2.8624166691822426 -2.8624976692919084 -2.862470296411977 -2.862545704866604 -2.8625527652347964 -2.8625367499713175 -2.8625509795611306 -2.8625619927678736 -2.862475133464624 -2.862459061189588 -2.8622754336998417 -2.862141562005049 -2.862040177590954 -2.8619250911238128 -2.8616187623362315 -2.8615574272128983 -2.8612954702357554 -2.861180369346413 -2.8610203226791118 
# Stellar mass-weighted [C/H]:
0 -5.111592981513674 -6.497546793774768 -6.001889081592925 -4.480528690715884 -3.961328796398954 -3.7244514775585484 -3.6287868080916326 -3.5789867712820156 -3.540012914470803 -3.5073039544060958 -3.4799776651031085 -3.4568573989862514 -3.436662302015696 -3.418675689985604 -3.402330569974133 -3.38716594412118 -3.3727738506940845 -3.358935912443693 -3.3455844134460913 -3.3326327777321616 -3.320004138802328 -3.307693244638701 -3.2957022123038895 -3.284027503044915 -3.2722196895562083 -3.2594218387947986 -3.2452136895207593 -3.2297169388497755 -3.2132653625101133 -3.196197122479976 -3.1787906317151826 -3.1612436710468153 -3.1436948340657977 -3.1261201065988224 -3.1083121423781455 -3.0901742361217908 -3.071691081586305 -3.0529753551890177 -3.0341924896720993 -3.0156131176341896 -2.997246910021107 -2.979188103535229 -2.961422300469706 -2.9440018242148263 -2.9269082617464797 -2.910216635983703 -2.8939037232456206 -2.8778907539564456 -2.862391802606761 -2.8472291456617596 -2.832445648610274 -2.818303210532698 -2.8045822204072133 -2.7916652826498796 -2.7789662760375604 -2.767039191506668 -2.7554090410145227 -2.744207631366881 -2.7333527395822212 -2.7230810131479 -2.712853021590152 -2.703090722838499 -2.6936085217410284 -2.6844860650166478 -2.6753715519437726 -2.6668029247145624 -2.6585220370944525 -2.6505735549396583 -2.6427651864757573 -2.635534189080161 -2.628528225637897 -2.621792640490619 -2.6151181069358636 -2.6089026005553837 -2.602905731608013 -2.597141675651736 -2.591416737651717 -2.5859120996044638 -2.5806056300196243 -2.575611035832031 -2.5706323903989343 -2.5657726808596424 -2.5610062006389347 -2.5565885587450197 -2.5522855531036397 -2.5481255768356776 -2.5439167969912386 -2.5397980393673834 -2.5358486590275877 -2.5321905472317523 -2.5285783210993955 -2.5250505723393832 -2.5214689305801157 -2.5179561702979463 -2.514554302518463 -2.5114138421142167 -2.5083311217385127 -2.505336241723664 -2.502292876782186 -2.499281285233077 -2.502527687968575 -2.5043949089808946 -2.505859389797708 -2.5071114834085098 -2.5082188232398366 -2.509214276960239 -2.5101215268313375 -2.510958383932323 -2.512509343749289 -2.518223216893401 -2.5248720122902117 -2.5288048689756684 -2.5313520480693974 -2.53320180835411 -2.5351544469931193 -2.5364105750390564 -2.53729113821322 -2.5374449993388266 -2.5379070806873596 -2.5382631510552374 -2.5386169589637424 -2.5387520335033296 -2.5388846005664716 -2.5389103254865484 -2.539158761915333 -2.5389728495821924 -2.5387583856732503 -2.5385781760486834 -2.5382082400430237 -2.5372989524768537 -2.5371497562214236 -2.536298176606616 -2.535941992473112 -2.535397563060547 
# Stellar mass-weighted [N/H]:
0 -5.111592981513672 -6.497546793774768 -6.4470306567200595 -5.09952063114361 -4.569278928911654 -4.104616541186807 -3.7580068192763934 -3.5127254454621406 -3.3393219311098754 -3.212878169057219 -3.120431570616489 -3.052586771166129 -3.0005690413954627 -2.9584593140689632 -2.9225352994343394 -2.8902948024846777 -2.859778865568818 -2.83017532243038 -2.8016144555426994 -2.7752543877299614 -2.7519217092798733 -2.7316524995243263 -2.714005609772677 -2.698502939426313 -2.6850447242340154 -2.6739213013591243 -2.6651694394674186 -2.65855205429249 -2.653773644856394 -2.650564421722387 -2.648702746495635 -2.648007604233392 -2.6483402603015813 -2.6494773089371106 -2.6509607782477005 -2.652424588792103 -2.653729975031145 -2.654863878788486 -2.6558565286075213 -2.6567347931238317 -2.657517406994817 -2.658217531195879 -2.6588500503058166 -2.6594248743134825 -2.6599590004874214 -2.660438575579798 -2.6608711775260883 -2.661274424260702 -2.661641096469137 -2.6619920507321035 -2.662313489035106 -2.6626115778453023 -2.662887192517105 -2.6631382290315706 -2.6633715088594228 -2.663592215775755 -2.663791295703353 -2.6639712845800476 -2.6641500495600505 -2.6643062890666167 -2.664449330622417 -2.664593433012267 -2.664716352978358 -2.664823417053353 -2.6649324678982707 -2.6650385475723013 -2.6651266680251737 -2.6652117723258817 -2.665289557887749 -2.6653621404990284 -2.6654271793939355 -2.66547942315405 -2.66553386966107 -2.6655937991141414 -2.6656508977636992 -2.6656899198085373 -2.6657221448910997 -2.6657613078479336 -2.6658034946541527 -2.6658403513058664 -2.665861325507092 -2.665897112422667 -2.6659162758678434 -2.6659360072654756 -2.665950190983474 -2.6659601428057487 -2.6659591936976934 -2.6659637397401417 -2.6659779701942377 -2.6659950101856715 -2.6660091442033673 -2.666008658973218 -2.6659916946270563 -2.6659814115184695 -2.665985692996986 -2.665994797456742 -2.6659981182168595 -2.665996231007722 -2.6659825036158002 -2.6659598432577667 -2.6660174562502155 -2.666071976453078 -2.6661272408652934 -2.6661772569724675 -2.6662173689195328 -2.666245893461263 -2.6662634405022585 -2.6662753233584873 -2.6663373751728967 -2.6665494633307993 -2.6666755151006782 -2.666643007403911 -2.6664434390473994 -2.666253348450324 -2.6659579722322126 -2.665550431443177 -2.665135300515737 -2.6649230066637477 -2.664711194474452 -2.664227318489514 -2.663885019231306 -2.663529956330656 -2.663465680546466 -2.6627704551151483 -2.662319662397058 -2.6609114111851246 -2.659833589717226 -2.6588937880315555 -2.6579236720426733 -2.656659233956783 -2.6557991321800474 -2.6547831401984396 -2.653753354488302 -2.653044820339166 
# Stellar mass-weighted [Ca/H]:
0 -5.111592981513672 -6.497546793774768 -5.340748388542389 -3.770762563455131 -3.3950152048170263 -3.2367424795776554 -3.1751493743174866 -3.057759947353839 -2.9175588598268902 -2.8065509892884783 -2.72647246856401 -2.6680364871912605 -2.6231538410064204 -2.5872884947009975 -2.55766150180491 -2.5325451468126996 -2.5108201470392455 -2.491734119303029 -2.4747524919274912 -2.4594875596537573 -2.4456496761147175 -2.4330131022742805 -2.4213978642014595 -2.4106626164300486 -2.400697412446478 -2.3914062545484143 -2.382708613091536 -2.374538876501143 -2.3668430472614137 -2.3595703666273202 -2.352688025640475 -2.3461482227111414 -2.3399272479423345 -2.33399939431306 -2.328341767412595 -2.322928816761599 -2.317738464795574 -2.312732961742679 -2.3079526396302894 -2.303370704597265 -2.298951182944604 -2.294680581168966 -2.2905555074793265 -2.2865661087016287 -2.282712171528381 -2.2789840429406842 -2.2753701685422616 -2.271867227252863 -2.2684608248047367 -2.2651579362507563 -2.261916601564807 -2.258821921905276 -2.25577074741497 -2.252842590501115 -2.249953986484626 -2.247187183895253 -2.24444240136289 -2.241809177782044 -2.2392060442357966 -2.2366920889947295 -2.2341971667642566 -2.231774168471305 -2.229434385876649 -2.227136851952344 -2.2248652726732 -2.2226778870648785 -2.220495379934939 -2.218387390719549 -2.216294347594715 -2.2142798787041293 -2.2122687391743066 -2.2103152820531777 -2.2083766746298936 -2.206512844111492 -2.2046517238107803 -2.202839409652306 -2.20102985991344 -2.199291498556744 -2.197561805659297 -2.1958806690513386 -2.1941898675007527 -2.1925535587887257 -2.1909297362980498 -2.1893626981097505 -2.187790442590803 -2.186259356869728 -2.1847175267801804 -2.183232126923797 -2.181757761195388 -2.1803312582003995 -2.1788970267394054 -2.177498304165761 -2.176087984415674 -2.17472209520327 -2.17336587015141 -2.1720558597850026 -2.1707412392978567 -2.1694580987012797 -2.1681634925812805 -2.166897323310655 -2.1682600933240916 -2.1690491864722308 -2.1696718273493882 -2.170203473322866 -2.170669842059432 -2.1710838722896035 -2.171455941243339 -2.1717962317992203 -2.1724502986423104 -2.1748364653465906 -2.177527510246433 -2.1790484090991615 -2.1799265397976297 -2.180536147531118 -2.1811209425530382 -2.1813641874656238 -2.181462020748958 -2.1814005742190865 -2.181449091197166 -2.1812959671625833 -2.1812305007243395 -2.181077424135295 -2.1810899170385927 -2.1806886822958615 -2.1805088469134715 -2.1795989196242216 -2.1788702167525207 -2.178237103606537 -2.1775152847319825 -2.176407325655246 -2.175829968491745 -2.174896838205357 -2.1741412367631616 -2.1735048113767617 
# Stellar mass-weighted [Ne/H]:
0 -5.111592981513672 -6.497546793774768 -4.991381148299995 -3.413891023908283 -3.0537095313814175 -2.9171010522584764 -2.8722751482298756 -2.8627655602220354 -2.8641302565155167 -2.8675677812372014 -2.8706545535744867 -2.873037362066057 -2.8747864916873294 -2.87609900358105 -2.8770919853176364 -2.877854476422007 -2.8784531199527352 -2.878928386542949 -2.8793108341224736 -2.879621750402036 -2.8798792870169594 -2.880093125402168 -2.880268806353433 -2.8804118244513246 -2.8805312818578797 -2.8806332039059637 -2.880714058762977 -2.880780683785023 -2.880833116287687 -2.8808735454188534 -2.8809040931499146 -2.8809245464069457 -2.88093519411816 -2.880939719469386 -2.8809411264956726 -2.8809328356739625 -2.8809073192761696 -2.880874268010209 -2.8808316111007333 -2.880783104703225 -2.8807284732363048 -2.880665109902245 -2.8805984561146447 -2.880526150910267 -2.88044794996292 -2.880368612878084 -2.8802814332908895 -2.880195478842489 -2.880099606011294 -2.8800093256617245 -2.8799129859188763 -2.879820109787392 -2.879721503081819 -2.879625096992993 -2.87952207287624 -2.8794309831022167 -2.8793294361452544 -2.879227524654742 -2.879109107098113 -2.879013798115248 -2.8789245566829313 -2.8788430520322654 -2.878749554623461 -2.878645886801163 -2.878545587662317 -2.87845981513361 -2.8783637050857527 -2.878263854554312 -2.8781736371328766 -2.8780967224794267 -2.8780120293910407 -2.877918421706415 -2.877834171435474 -2.877768182417851 -2.877699281390023 -2.877617380031369 -2.8775311227362153 -2.877464552555571 -2.8774087507580894 -2.877347248199025 -2.877268047053316 -2.8771908107058666 -2.877130384156138 -2.877086844963195 -2.877035801001014 -2.8769719629098613 -2.87689433354125 -2.8768333585260155 -2.8767946797765287 -2.876760512719846 -2.876712040477627 -2.876649802432996 -2.8765801697041793 -2.876524626060058 -2.8764904670979634 -2.8764659033164133 -2.8764300703238757 -2.876379758155476 -2.8763206635788485 -2.876258186275585 -2.876332676394342 -2.8764016071850405 -2.876464839261983 -2.8765095516016537 -2.8765359791613623 -2.87655492256001 -2.8765675792935497 -2.8765824130841064 -2.8766649631136314 -2.8768972211853114 -2.877169740356166 -2.877314287976743 -2.877433498770901 -2.8775616056336624 -2.877654290349006 -2.8777140371566645 -2.8777649041322393 -2.877739541035627 -2.8778053877015575 -2.8778317379848275 -2.8778124433654533 -2.8778530673862024 -2.877858247940586 -2.8778291979555135 -2.8778330312617753 -2.8777867054912853 -2.877767872818321 -2.8777670169913137 -2.8777696867166025 -2.877643369926316 -2.877676931618238 -2.8775673913206523 -2.8775770615214142 -2.8775228335277516 
# Stellar mass-weighted [Si/H]:
0 -5.111592981513672 -6.497546793774768 -5.038667969863896 -3.4615007930140935 -3.0929464019436637 -2.9392200267363116 -2.881170498154911 -2.81963769877395 -2.745438988417792 -2.6800240860987694 -2.6287566131600677 -2.5891508534765775 -2.557486627257651 -2.5314301691892407 -2.5094219783501144 -2.490434800766822 -2.473774209159158 -2.4589598677367306 -2.4456459393387524 -2.433573378595958 -2.4225460164674777 -2.412409020576347 -2.403035279996824 -2.39432444966235 -2.3861985717548846 -2.378589777356427 -2.371437695508896 -2.364694343983337 -2.3583204422363666 -2.3522797166495852 -2.346543119131523 -2.3410782326548008 -2.335865233863573 -2.3308858396033107 -2.3261235890019965 -2.3215574193592143 -2.317168562113041 -2.3129542010985933 -2.3088953574842686 -2.3049844047565076 -2.3012112913401612 -2.297565868649597 -2.294043318112511 -2.2906333224152258 -2.287330575530566 -2.284129469236917 -2.2810224198403466 -2.278009188612833 -2.2750747138531597 -2.2722273094741228 -2.269428982919255 -2.2667544301510247 -2.26411511431378 -2.2615793206314247 -2.2590749243250094 -2.256675314225112 -2.2542916033634306 -2.2520038876155306 -2.2497415536598586 -2.2475540952994013 -2.2453812463133884 -2.2433003250633234 -2.241227520776641 -2.2392232744892633 -2.2372392746956384 -2.235328836924536 -2.2334211714256416 -2.2315759370134582 -2.229743604267986 -2.2279794519029448 -2.2262165572805515 -2.224501792094637 -2.2228006883482854 -2.2211656296414555 -2.2195315923229177 -2.21793750997376 -2.216344639769729 -2.2148151267702074 -2.2132938956999695 -2.211813598197046 -2.2103223016337923 -2.2088780171983844 -2.207446401501735 -2.2060654110975078 -2.204678128599216 -2.203324486409371 -2.2019595406686303 -2.2006455806205985 -2.1993438170954454 -2.198083406022211 -2.1968145358569977 -2.1955746477656026 -2.194323346374789 -2.1931120614541104 -2.1919115208530338 -2.190752516868846 -2.189587761424603 -2.188448021154551 -2.1872972667523216 -2.1861705768122954 -2.187383384570359 -2.1880883599666685 -2.1886456188962535 -2.189120396232968 -2.1895353092424017 -2.189903035530892 -2.1902328791327275 -2.1905348756789955 -2.191121616139048 -2.193253850928623 -2.195658058778516 -2.197015082339038 -2.197802028610208 -2.1983535629402713 -2.198879086356653 -2.19909957125439 -2.1991909293858827 -2.199133140455115 -2.199183414710874 -2.199050538949776 -2.1989899517026528 -2.1988592716796793 -2.1988709446614614 -2.1985122457770796 -2.198353694860381 -2.197543651611509 -2.1968972640300315 -2.1963376118107405 -2.195700193685309 -2.1947052703697256 -2.194199231657736 -2.19336066433286 -2.1926937811588694 -2.1921244445490924 
# Stellar mass-weighted [S/H]:
0 -5.111592981513673 -6.497546793774769 -5.114239257653362 -3.5378971336274008 -3.1589330394500577 -2.9999472359902564 -2.9398960554590277 -2.8725498763671053 -2.7911409872713158 -2.7202197032002777 -2.6652134189412253 -2.6230479433937006 -2.5895271822786334 -2.562058795583294 -2.538933239243189 -2.519034224347962 -2.501611060551224 -2.486146354617447 -2.4722699087037032 -2.459704427454793 -2.4482402233761533 -2.437712282461743 -2.4279860617172453 -2.418955913894913 -2.4105385477662855 -2.402662080108099 -2.395263158527799 -2.3882908483944814 -2.38170459098387 -2.375465669096873 -2.369544023837891 -2.3639054035614127 -2.3585288310325456 -2.3533952347344815 -2.3484873455072 -2.343783154259932 -2.3392634013241898 -2.3349251680622922 -2.3307484466172923 -2.3267252219933168 -2.3228447445359093 -2.3190967087642766 -2.315475693001642 -2.3119716233439913 -2.308578838296925 -2.3052909939799857 -2.3021006716314334 -2.299007174388575 -2.2959955475343996 -2.293073487367934 -2.290202607113849 -2.287459487226373 -2.284752541142491 -2.282152067657675 -2.2795839698328484 -2.2771231736087865 -2.2746792908515534 -2.272334289895732 -2.2700150466940086 -2.2677730390614936 -2.2655462399411466 -2.2634137717736094 -2.2612896768685555 -2.2592361660384537 -2.2572021243431806 -2.255244662809938 -2.2532911535877176 -2.251401817256639 -2.249526138717995 -2.247719546807849 -2.2459138571239636 -2.2441581227614247 -2.242416300916809 -2.2407423127459802 -2.2390696266065353 -2.2374381315361935 -2.2358081509848153 -2.234242991670528 -2.2326859982804503 -2.23117138539443 -2.229645968058697 -2.228168767947259 -2.2267042740585268 -2.225291496702045 -2.223872418169088 -2.222487667382122 -2.2210931339456437 -2.2197495228879704 -2.2184178864399327 -2.217129201430505 -2.2158318449050194 -2.2145645232638893 -2.213285515177895 -2.212047415111744 -2.210820058682578 -2.209635185947495 -2.208444402771881 -2.207279882657912 -2.2061040935583067 -2.2049534172887855 -2.2061920337673646 -2.2069114652791013 -2.2074800151996987 -2.2079646310201317 -2.2083884067674564 -2.208764087383866 -2.209101164101712 -2.209409716120587 -2.210007993111928 -2.212183915427384 -2.2146373440302494 -2.2160225113058036 -2.2168250669724276 -2.217386631841375 -2.2179224163119544 -2.218146859528698 -2.218239382646332 -2.2181808918834456 -2.2182309796434563 -2.218094654072229 -2.2180332191184666 -2.217898770832342 -2.217910623157179 -2.2175445247488703 -2.2173824347611637 -2.216555280853269 -2.2158948544384574 -2.21532273196245 -2.2146710058167605 -2.213656522232461 -2.2131385321651713 -2.212283568207204 -2.2116016847997795 -2.2110208275882943 
# Gas metallicity, [Z/X]:
-5.133783807176394 -6.762730867093753 -4.871544274722224 -2.959435008677435 -2.403347474189335 -1.9626441070866953 -1.4720968802853955 -0.9914446391381102 -0.5870912592424602 -0.23822734188403438 0.09028484326682551 0.3875687870325739 0.597590008363492 0.6970133230040689 0.7298048859530708 0.735477821941188 0.73230597663193 0.72659656864586 0.7219991866724486 0.7168592132418325 0.7103999134715708 0.7035728232774846 0.6963440039139936 0.6892289755402607 0.6823290819659955 0.6772658112206464 0.672690322583253 0.6693735535048455 0.6653379275347373 0.6627403774202705 0.6596528665549766 0.6571810223752392 0.6550921093851823 0.6529529573001611 0.6555104401854843 0.6595347921522561 0.6670741863509715 0.6725935208709317 0.6839122409636502 0.6867728861812024 0.7022391225757192 0.6981422973300189 0.7247466133746601 0.6996837252009107 0.7602541164048818 0.6684115198336187 0.8377123037053146 0.47673368609556976 1.0241856339992537 -7.409838016200947 1.2981511433427366 -7.390685508577786 1.5337250563272158 -7.372753881159127 1.7573185946018333 -7.357625073660877 1.9865948813915326 -7.343480759353913 2.2228906095493746 -7.324602700544714 2.4707014577949002 -7.312799587558384 2.7353171403010883 -7.297029505808039 3.010346436692551 -7.284572605497734 3.3053116708073533 -7.273294788170453 3.6084440906135034 -7.262782604477678 3.9326781827623325 -7.25360656194724 4.26406479680444 -7.245265555067881 4.618489255202566 -7.233007083485008 4.980275956646054 -7.230523080279049 5.360274264754101 -7.214029233066023 5.75408407444064 -7.21365803646359 6.154186647511832 -7.2009779061866475 6.577213250997113 -7.190236077468628 7.006021242053521 -7.193936102993941 7.445124879923399 -7.174463535345804 7.906173567624857 -7.167387216937287 8.370388618986011 -7.171724807560217 8.842024379250898 -7.154342596120623 9.337205079968712 -7.144049201255113 9.837396532811619 -7.147435293000118 10.337568390738788 -7.419219641441089 10.409502807037857 -7.696362690685961 10.278003685969155 9.610976912282375 10.062013035540415 9.817575263865887 9.900718086431798 9.783997183739459 9.56314712813487 9.351758254592832 9.233654536951162 9.143398613429747 9.075415545272074 8.997190178555877 8.93968803704515 8.894004287385878 8.881512613431791 8.8569903111035 8.824849248304934 8.799198244238255 8.78425327607815 8.777912596970346 8.751538647638322 8.726531604936858 8.686859686586336 8.658383393248121 8.634337630744943 8.61295400292792 8.593286820517315 8.576993846990181 8.561164875267421 8.547057669692744 8.534449647932052 
# Stellar mass-weighted metallicity, [Z/X]:
-4.152288344383056 -5.133783807176394 -6.519737619437491 -5.10728818605265 -3.5322489862065893 -3.18552646696587 -3.0042409860187798 -2.869648731975449 -2.770689083861762 -2.711075292307184 -2.678634055648285 -2.6598535768978104 -2.647012859135857 -2.636707891536509 -2.6277854227256725 -2.619573689688644 -2.611894588023075 -2.6047116963624823 -2.5980006072729163 -2.5916802373903014 -2.585738286040378 -2.580163014738739 -2.574930019393018 -2.5700045306059423 -2.5653505549206965 -2.5609452830794996 -2.5567567717865316 -2.5527656659063895 -2.548935611802082 -2.5452756491340294 -2.5417498706103725 -2.5383662181790356 -2.5351007231924685 -2.5319406156311937 -2.528882421243824 -2.5258860928628266 -2.522958304983769 -2.5200426160255054 -2.5171735482334503 -2.5142941783909203 -2.511507883439271 -2.5086464644206155 -2.505969674275832 -2.5030649419904494 -2.5006080466739453 -2.497476655332889 -2.4955812097047874 -2.491593808128739 -2.4914569260836634 -2.484328366773151 -2.4873088653326922 -2.472806032755046 -2.477210223306934 -2.4534874684992216 -2.460133868171485 -2.423378862288014 -2.4332726177320056 -2.3779669337036884 -2.3923806790354725 -2.3103431239159002 -2.3309821704706284 -2.2132494790880255 -2.2417169826373744 -2.079930766348138 -2.1172667862253487 -1.905286450304717 -1.951742985482044 -1.6920576028772325 -1.7463329023876286 -1.4409951661230342 -1.5018696796595392 -1.1617951034933471 -1.2272632329130693 -0.8550339747598905 -0.9242689151458567 -0.5308986314585422 -0.6024886950556174 -0.1848047251144238 -0.25878118104154235 0.17475517475249092 0.09923905574361847 0.5512596793380036 0.4741355184181959 0.9429628071451632 0.8643984933204206 1.3441660575461487 1.264685245100067 1.7640677817026926 1.6831082780879068 2.1940841113294023 2.112202198563602 2.63433642795006 2.5516458604267296 3.093000047939521 3.0090071750173557 3.5593418963763197 3.474680137507807 4.033336618428348 3.948120568072718 4.526456803995733 4.4400454499640825 4.411709998158037 4.395744785202365 4.384495516663567 4.375800712797312 4.368723902406184 4.362770258941116 4.357643514908003 4.353149158089676 4.345523982288198 4.32188044694691 4.300058123316856 4.289002677884005 4.282289560314217 4.277679795125177 4.2730589548564195 4.270013520692584 4.2679338265743185 4.267514110892184 4.266502688579807 4.265504238058064 4.264651871852935 4.264293078853577 4.264039469444133 4.263656844861976 4.263060693829635 4.262975749921826 4.263004284337039 4.2632157628506855 4.263862836675044 4.264851620362932 4.26504792197815 4.266384358690669 4.2668003289561796 4.267769303664499 
# Number of SNIa (log_10):
0 0.0 0.0 0.0 0.0 0.0 3.6041695369095044e+53 1.5875915030610348e+55 4.4599903073159536e+55 7.67974980371992e+55 1.0741929452678883e+56 1.3501673507233798e+56 1.5960458137727746e+56 1.815975539133541e+56 2.014360409202884e+56 2.194900528226066e+56 2.3605200254912007e+56 2.513506115757172e+56 2.6556636734580023e+56 2.7884363820037995e+56 2.91299568831536e+56 3.0303052745329854e+56 3.141167230512957e+56 3.246256930758548e+56 3.346148915393468e+56 3.4413345838049834e+56 3.5322397112607266e+56 3.6192346296072235e+56 3.7026415013999265e+56 3.7827447364072682e+56 3.8597988762661956e+56 3.9340396680668145e+56 4.00564363514821e+56 4.074794942385956e+56 4.141664578440873e+56 4.206398934632745e+56 4.269129334077185e+56 4.329967458557606e+56 4.389039890645413e+56 4.446443476508929e+56 4.50226500430602e+56 4.556590750905522e+56 4.609495678866586e+56 4.661053414996882e+56 4.711332210801268e+56 4.7603942884809405e+56 4.808297355804821e+56 4.8550879913254104e+56 4.900829246154354e+56 4.945566541184802e+56 4.989336256069224e+56 5.0321765096461065e+56 5.074133122823564e+56 5.1152389541099315e+56 5.155528418011635e+56 5.195031361647783e+56 5.233779590739557e+56 5.27177422696659e+56 5.309096951656609e+56 5.345761384588479e+56 5.381782361856344e+56 5.417171193546203e+56 5.451932489395254e+56 5.4861030593290195e+56 5.519713556265522e+56 5.5527741213873295e+56 5.585305070395344e+56 5.61732575652253e+56 5.648848676509772e+56 5.679886891637318e+56 5.710459647563262e+56 5.740581038227076e+56 5.770251717570009e+56 5.799499636746948e+56 5.8283388766162225e+56 5.8567722801921245e+56 5.884811891087346e+56 5.912469120709023e+56 5.939754481111662e+56 5.966675954563471e+56 5.993247573047796e+56 6.019465458007696e+56 6.045356114766179e+56 6.070925706903464e+56 6.0961760623200005e+56 6.121114093672899e+56 6.1457489448785755e+56 6.17009349730557e+56 6.194144257126826e+56 6.217906076809953e+56 6.241397573651595e+56 6.264609743301569e+56 6.2875652771078175e+56 6.310282342849094e+56 6.332744837049969e+56 6.354955669518907e+56 6.37692510165005e+56 6.3986624533272525e+56 6.420164604826238e+56 6.441439843375359e+56 6.462491311625634e+56 6.483321332443963e+56 6.50395054796038e+56 6.524375369431357e+56 6.5445941651960775e+56 6.564615673855115e+56 6.584438632282176e+56 6.6040646827762736e+56 6.623502442878107e+56 6.661830675611351e+56 6.843308347692694e+56 7.163742692610127e+56 7.440366761407696e+56 7.683733134369187e+56 7.901015134541786e+56 8.188684842486706e+56 8.440561036395377e+56 8.664574543050985e+56 8.73410612032743e+56 8.866280408393804e+56 9.049715818778406e+56 9.217953137464215e+56 9.322818211261183e+56 9.373279846198844e+56 9.56345638959406e+56 9.778536622329843e+56 1.015043597639718e+57 1.0464549845364836e+57 1.0736465002668581e+57 1.0976245853978353e+57 1.119051690343349e+57 1.1384436020251925e+57 1.1561374742422526e+57 1.172410323487089e+57 1.1874737764381641e+57 
# Number of SNII (log_10):
0 0.0 5.391082573168299e+53 2.3772570750536108e+55 6.779166076088104e+55 1.1601673426725844e+56 1.5870629394335918e+56 1.8491999776189714e+56 1.9662230892952123e+56 2.010723988964626e+56 2.0261651237671547e+56 2.0312448225656316e+56 2.032911999054005e+56 2.0334355739649398e+56 2.033657777951282e+56 2.0337436610332055e+56 2.0337824152130162e+56 2.033809026053611e+56 2.033831100572618e+56 2.0338509948230255e+56 2.0338695015172784e+56 2.0338869369111035e+56 2.0339034656810635e+56 2.033919192346744e+56 2.0339341992945424e+56 2.033948559465577e+56 2.0339623368649794e+56 2.033975581785865e+56 2.033988338062766e+56 2.034000646778974e+56 2.034012543077631e+56 2.0340240585886393e+56 2.0340352150668564e+56 2.034046042419924e+56 2.0340565679397576e+56 2.0340668147184858e+56 2.0340767999328075e+56 2.034086528729533e+56 2.0340960159508575e+56 2.0341052826008798e+56 2.034114335477771e+56 2.034123191500496e+56 2.034131860191988e+56 2.034140347030822e+56 2.0341486654517964e+56 2.0341568200965502e+56 2.0341648213073607e+56 2.0341726748360516e+56 2.0341803862949822e+56 2.0341879643311055e+56 2.0341954095073273e+56 2.0342026193868683e+56 2.0342099154014477e+56 2.0342169922842365e+56 2.0342240666380224e+56 2.0342308143807406e+56 2.0342376638626595e+56 2.0342442070268365e+56 2.0342508331054777e+56 2.0342571767519366e+56 2.0342636100031176e+56 2.0342697509659822e+56 2.034275992139622e+56 2.0342819641766013e+56 2.034288021265052e+56 2.0342938200904253e+56 2.034299725118008e+56 2.034305377504317e+56 2.0343111134294735e+56 2.0343166117594776e+56 2.034322212769029e+56 2.0343275769874956e+56 2.034333023970387e+56 2.0343382474962944e+56 2.0343435793976625e+56 2.034348694705318e+56 2.0343538887950355e+56 2.0343588638592544e+56 2.034363937228057e+56 2.034368818835313e+56 2.0343737897282208e+56 2.034378549141667e+56 2.034383388160255e+56 2.0343880448502353e+56 2.0343928126002144e+56 2.0343973912928453e+56 2.0344020387379803e+56 2.034406487268499e+56 2.0344110255721633e+56 2.0344154154767477e+56 2.0344199087437526e+56 2.034424213413835e+56 2.034428576838891e+56 2.034432752856069e+56 2.0344370224883297e+56 2.034441161654778e+56 2.0344454096802032e+56 2.034449485897217e+56 2.0344536162595505e+56 2.0344575640462453e+56 2.034461591042343e+56 2.0344654871779053e+56 2.034468118711855e+56 2.0344696121368696e+56 2.034470316543205e+56 2.034470316543205e+56 2.034470316543205e+56 2.034470316543205e+56 2.034470316543205e+56 2.034470316543205e+56 2.034470316543205e+56 2.034470316543205e+56 2.034470316543205e+56 2.034470316543205e+56 2.034470316543205e+56 2.034470316543205e+56 2.034470316543205e+56 2.034470316543205e+56 2.034470316543205e+56 2.034470316543205e+56 2.034470316543205e+56 2.034470316543205e+56 2.034470316543205e+56 2.034470316543205e+56 2.034470316543205e+56 2.034470316543205e+56 2.034470316543205e+56 2.034470316543205e+56 2.034470316543205e+56 2.034470316543205e+56 2.034470316543205e+56 2.034470316543205e+56 2.034470316543205e+56 2.034470316543205e+56 2.034470316543205e+56 
# [Mg/Fe] for total ejected gas till this time:
0 0 0.9717394116837039 0.9580014948141802 0.77037116686609 0.6735608805226251 0.6244359859716048 0.36912121278615445 0.12316323716863109 -0.04461975804163715 -0.15846610644549539 -0.23942755121087692 -0.30001685484326623 -0.3473764641743413 -0.38570511955702064 -0.4175766379633344 -0.4446365555869895 -0.46799426401259203 -0.4884343171353522 -0.506536089071681 -0.5227340982797282 -0.5373569727421081 -0.5506550417545601 -0.5628247363002041 -0.5740212896716201 -0.584369081768888 -0.5939705178648675 -0.6029121957738295 -0.611266602301737 -0.6190994943942539 -0.6264642841937134 -0.6334069388159728 -0.6399648957683319 -0.6461690250765225 -0.6520358249216457 -0.6575810870834343 -0.6628226590268329 -0.6677805702592164 -0.6724788535061986 -0.6769355818985676 -0.6811684108044854 -0.6851937963692823 -0.6890253769885424 -0.6926776690943433 -0.6961610710405501 -0.6994886007569495 -0.7026693418029943 -0.7057112167623828 -0.7086250444735798 -0.7114148891382792 -0.7140966064042823 -0.716685024780393 -0.7191991755676388 -0.7216526105171913 -0.7240462217371493 -0.7263891334367046 -0.7286825491172154 -0.7309213699092036 -0.7331196609143112 -0.7352784405425158 -0.7373900562475506 -0.7394595161850803 -0.7414937267117324 -0.74348963268212 -0.7454393055626664 -0.7473653925851387 -0.7492611932306439 -0.751117180180846 -0.7529361840372061 -0.7547224671670386 -0.7564781717693424 -0.7582014875819627 -0.7598915904953195 -0.7615552796083113 -0.7631940117248185 -0.7648038406611329 -0.7663841140000227 -0.7679394805085413 -0.7694736209184068 -0.7709854049179259 -0.7724742183968263 -0.7739385857432762 -0.775382558979118 -0.7768082442875797 -0.7782147530128298 -0.7796032421648733 -0.7809714974768621 -0.7823197876976088 -0.7836504478966085 -0.7849664007512576 -0.7862685704516084 -0.7875570051425702 -0.7888215129305739 -0.7900700380954225 -0.791304499818056 -0.7925267815957581 -0.7937341263975267 -0.794928037100955 -0.7961099473621704 -0.797277505300909 -0.7984301947383372 -0.7995691678436945 -0.8006962009053563 -0.8018084299001978 -0.8029066544014559 -0.8039920740702337 -0.8050621853467688 -0.8061178608566801 -0.8071614836761596 -0.8092121135312919 -0.818789376036979 -0.835150839889808 -0.8487094406691834 -0.8602494065870566 -0.8702550248832112 -0.8830534427938507 -0.893860925870592 -0.9031792086327977 -0.9060187881019881 -0.9113499740210204 -0.9185837494361759 -0.925102990740075 -0.9290876988940829 -0.930987664546346 -0.9380499166093031 -0.9458386404055066 -0.9588622890447336 -0.9694446863176791 -0.9783049228054506 -0.985904398811575 -0.9925308836007114 -0.9984003513274561 -1.0036527828780475 -1.0084032355431027 -1.012727679600513 
# [Mg/Fe] for instant ejected gas at this time:
0 0 0.9717394116837039 0.9576841394068349 0.6717400395462588 0.5067280849689041 0.3991715274527847 -0.5457935904555081 -1.0991946934766075 -1.3918921613311328 -1.5342417103357906 -1.5927830203629418 -1.6205515112848337 -1.6336262454205204 -1.6390541216579617 -1.6390326794912031 -1.6327879485396417 -1.6224732915749598 -1.611329690995049 -1.6031113256608458 -1.5986500555912007 -1.5969491653565993 -1.5961852398569383 -1.5957941058665706 -1.5948145709338488 -1.5926004480170697 -1.589141535204333 -1.5850849893877637 -1.5804365873884008 -1.577152795425595 -1.5737361265235488 -1.5698499151880103 -1.5658478346791807 -1.5596387912473484 -1.5458573213828213 -1.5260158343000594 -1.5032023421411065 -1.4803319821406489 -1.4593589390637742 -1.4391225056943502 -1.4202917798482082 -1.4027504394070058 -1.3859292285695008 -1.3705861460980628 -1.3553199103590585 -1.3417468216339739 -1.3284634823312609 -1.3154833464325053 -1.3037922038941978 -1.2910767381281427 -1.2829115499013333 -1.2789737759547446 -1.2813092163097113 -1.2883260630594362 -1.294290940053591 -1.3035219161515244 -1.3121648117985247 -1.3176434969569633 -1.3279949043824106 -1.338402211255055 -1.3433646777669546 -1.3506809576356074 -1.3621990383213827 -1.370093019922594 -1.3706803320930943 -1.3871748724711976 -1.3979885631738305 -1.4000712928034467 -1.4033987701664257 -1.4092909205406594 -1.415773693432346 -1.4196582825254747 -1.4223494703201605 -1.42958860052578 -1.437326369913965 -1.440762743327798 -1.442462869278589 -1.4479780287073554 -1.4566571345873007 -1.4635230027971395 -1.4686234403446814 -1.4719900940556627 -1.4781892279923605 -1.4864647292348614 -1.4934101935749369 -1.5013072863208052 -1.5054211668216837 -1.5086517625044806 -1.5152503864487965 -1.525688344666726 -1.5361398260727186 -1.5475341889454624 -1.5404578924635752 -1.5442186145127879 -1.5524748562352726 -1.5637267364786593 -1.5692248131146425 -1.576323768770295 -1.586552524315267 -1.5914704737000427 -1.5947639237623574 -1.5998566868205117 -1.6062167233914995 -1.6069199540211188 -1.6091140154937387 -1.6126843998585751 -1.6106971787853728 -1.6100939672243264 -1.6135580370712561 -1.6168026687803385 -1.6277084721362838 -1.6461731797701111 -1.660373015566743 -1.6751699703590017 -1.6857226024872194 -1.6888620608692522 -1.6911661391045347 -1.6932150561506052 -1.695320598270535 -1.6967810892023074 -1.6916149442214004 -1.7017621102916938 -1.6961038801714303 -1.6969565087364566 -1.6986305938221937 -1.6969499747481545 -1.6986769216103446 -1.6996925295552732 -1.698268731258269 -1.6984528684380162 -1.6979193619418054 -1.6978161759883197 -1.6973561837852085 -1.6983735913662308 -1.696851944295063 
# total ejected metal mass till this time:
0 0.0 2.5709169781487684e-05 0.0005514547661865905 0.0010118812218979476 0.0014384500164594455 0.0019140359599546283 0.0023890049846740802 0.0027606752060266235 0.0030158466853566724 0.003194074028520196 0.0033291125878834194 0.0034391517144168235 0.0035335675205548237 0.003618435437957363 0.003696415504688184 0.003768759739929651 0.0038362456167819327 0.0038997590231386126 0.0039596594757313995 0.0040162121711276805 0.004069688390325262 0.0041203626167723205 0.004168533160516401 0.00421442706776027 0.004258309377049238 0.00430033742393891 0.004340792076114417 0.004379686069855588 0.0044172604223269305 0.004453525288160212 0.004488632307934284 0.004522698897423913 0.004555793737276532 0.004588221436062328 0.004619954001564142 0.004651362442429904 0.004682332473772237 0.004713223007385474 0.0047434326439620405 0.004774030734984019 0.00480337305190024 0.004834127017593234 0.004861954208240195 0.004894081662925019 0.004918194160329322 0.004955841322244689 0.004968408367585933 0.005026664512695551 0.00499815868845219 0.0051070133653815545 0.004983570620506866 0.005163547724576262 0.00492767081723322 0.0052186717942486 0.00480027288413861 0.005272302697619943 0.0045368822370032875 0.005324718408457547 0.004026330901224364 0.0053757685949073885 0.00303902471344284 0.005425641052343473 0.0010734496286916606 0.005474459075240634 -0.002809280859560618 0.0055218722650759505 -0.010988738822375162 0.0055679302427414585 -0.028074367510622807 0.00561219708765897 -0.06629143935211014 0.005655169357569003 -0.15065590349305474 0.005696573623938233 -0.35199355239685093 0.005736645377433992 -0.8274737627818025 0.005775462858565568 -2.015446440942349 0.005812945075602848 -5.055909431695233 0.005849504502827069 -12.858550002541104 0.005884676746236091 -34.4012488643809 0.005918867319479402 -93.39628124980703 0.0059522839569704465 -259.35884564386663 0.005984328444381898 -756.3212069098776 0.006015705628870489 -2224.4367060316035 0.006046470054119325 -6653.297168214534 0.006075966204367992 -20974.177218583736 0.006104780834160025 -66954.21528701625 0.006133131195914926 -213537.23344115325 0.006160617255786229 -253926.97763898352 0.00618723139160066 -188903.65889886278 -40803.72382764243 -115671.17994058279 -66112.66700982461 -80565.67905274362 -63302.897788218026 -39998.85200747088 -25723.882319910488 -20389.977562266253 -17150.722121073297 -15290.75320189704 -13250.779568023638 -11976.15363167956 -10911.530117779314 -10776.559352844091 -10418.376022920998 -9884.695074713449 -9446.762451046348 -9190.202141161719 -9245.996122823057 -8920.264889030605 -8763.690281752966 -8283.009861561799 -7986.738951889083 -7747.390249790068 -7537.917350504011 -7345.982981835376 -7198.319109402499 -7051.656838763524 -6923.6121899607615 
# Stellar [Z/H]. [Z/H] = [Fe/H] + A[Mg/Fe] where A=0.94:
0.0 -5.111592981513672 -6.497546793774768 -5.119855275372546 -3.546603329561259 -3.1774684917495617 -3.0277933256068303 -2.9729248241411925 -2.940904796083452 -2.9219130669329325 -2.9111672063123093 -2.9042696776178016 -2.899206726102808 -2.89513158011773 -2.8916943817553404 -2.8886937128155257 -2.886001654259077 -2.883521705875393 -2.881196142990488 -2.8789999628161826 -2.8769294331394843 -2.8749872842071165 -2.873167241862579 -2.8714536921974387 -2.8698340461258782 -2.8682987121061654 -2.8668365042488744 -2.865431908881752 -2.864076986655029 -2.862769172711531 -2.861508332368905 -2.8602912984685127 -2.8591102091924405 -2.8579616229761386 -2.8568401347658265 -2.8557257621536576 -2.854594792796078 -2.8534339846928702 -2.8522542516521465 -2.8510572198585886 -2.8498476858408006 -2.848627713087491 -2.8473971332849546 -2.846162136813325 -2.844923264344517 -2.843678726975284 -2.8424367562286488 -2.8411908179272993 -2.8399492882132393 -2.8387021742023784 -2.837460426662891 -2.8362195110513255 -2.835028163806081 -2.8338664206401845 -2.8327758510811867 -2.8317169428910764 -2.8307353542217615 -2.829777066756834 -2.828866249969535 -2.827997384873142 -2.8271738178650585 -2.826358107763986 -2.8255972145740076 -2.8248586504173594 -2.824149393768434 -2.8234464015191887 -2.8228086604839517 -2.8221799719977847 -2.821563688983877 -2.8209589013505116 -2.820387652819096 -2.819819379916621 -2.8192607152789666 -2.8187135095865417 -2.818205407504216 -2.8177043567950424 -2.817205645042125 -2.8167035157598312 -2.816237372508989 -2.8157906439383034 -2.81535650646346 -2.81491042394233 -2.8144788218260466 -2.814067901395145 -2.8136889592331364 -2.813306746565768 -2.8129299609110507 -2.8125421710998837 -2.812178897693547 -2.811840170329939 -2.811523174484784 -2.811201918543263 -2.810884807968999 -2.810547084356813 -2.8102301393896685 -2.809937749763739 -2.8096699837041283 -2.809394856669709 -2.8091172369163298 -2.8088377623158705 -2.8085617097856836 -2.8089193201453164 -2.8091549125498108 -2.8093513546126294 -2.8095142847723675 -2.8096486880216736 -2.809765336144077 -2.809867356204072 -2.8099636704378557 -2.8101906247182815 -2.8109789030223755 -2.811894951098878 -2.81241593045388 -2.812751500121932 -2.8130223845274136 -2.813265448121511 -2.8133944647662728 -2.8134767266271457 -2.813447152313946 -2.813520887041693 -2.813517533113288 -2.8134983536246496 -2.8135016663298096 -2.8135128059270174 -2.8134053883146715 -2.813378661970991 -2.8131475179749086 -2.812974720073674 -2.8128385536622433 -2.81268376311856 -2.8123248652183923 -2.812229800939549 -2.8119238330084912 -2.8117668443570043 -2.811575579448588 
# Stellar luminosity-weighted metallicity, [Z/X]:
-4.152288344383056 -5.133783807176394 -6.438915871539175 -4.884573255141195 -2.9761065494232346 -2.418059352587985 -1.9769106778115775 -1.4874142761664688 -1.0072866714411177 -0.602725197773492 -0.25381203749121894 0.07466479158725736 0.3722729298986527 0.5832906662047037 0.685207167460115 0.7207068172499204 0.7284503837630575 0.7266959859661121 0.721968951674507 0.7180133849911646 0.7134112286447067 0.7074483297366343 0.7010371612926338 0.6941761694095328 0.6873687417513521 0.6807306905663737 0.6758118828108832 0.6713756071826373 0.668137617926142 0.6642417700080065 0.661692471969922 0.6587062051485681 0.6562919841724975 0.6542502683057767 0.6521708429676787 0.6545278721472136 0.6583761245544613 0.6656086497778178 0.6710375828082573 0.681939930268368 0.6849905560507128 0.6998092256921269 0.69640037452583 0.7216340062920505 0.6986782161009086 0.7556407869845974 0.6705690214635005 0.8292688138362938 0.49835959772556593 1.00785573878939 -0.37696454492265885 1.274373563668503 -0.1992694974557887 1.5086286836398735 0.0028408966126480806 1.7316681973203076 0.21132579186900236 1.960541864011966 0.4312274398344884 2.196544409968132 0.6615960877047677 2.4440957269425008 0.904673904261022 2.7084415385326954 1.1648255368734404 2.9832665987184592 1.4365070807503362 3.278036401356391 1.7267574618041839 3.5811073264049407 2.0273967301034688 3.905194366749794 2.3483055256958907 4.236512096381888 2.6781992554272716 4.590769265463258 3.029644479630607 4.952483669029004 3.3900124175124065 5.332340474518509 3.7680164850278723 5.726043821825069 4.159773589301477 6.126073870073154 4.559276826350002 6.54894434832025 4.97987884601239 6.977699656959962 5.407735261453177 7.416709781526939 5.846266820329822 7.877609084938762 6.305161256479802 8.341770994885872 6.76867384142794 8.81333700364029 7.239958543102181 9.308370484959152 7.733223188331236 9.808502669092034 8.232565879963593 8.932306363595208 8.90894187574832 8.842686174219997 8.784924706665237 8.73667572336368 8.695960432617563 8.661079264267853 8.630746292315472 8.580305385239837 8.431748830555915 8.306409937206471 8.24726779683511 8.21173918241335 8.186687998222133 8.15937741566425 8.139848880311336 8.126162931702888 8.122812855379564 8.11624301247902 8.10824323936856 8.101791740837221 8.098380869702426 8.096695099515081 8.091167156371982 8.085559821231902 8.078150120067441 8.072588050477695 8.068931788158906 8.067112065756191 8.064863971423954 8.062154094567374 8.062694367110435 8.06034602892876 8.060839218690507 
# Stellar luminosity-weighted [Mg/Fe]:
0 6.938893903907228e-17 -1.3877787807814457e-17 0.9510831310237813 0.9576128614180848 0.6900112859705378 0.531528431274188 0.42570927525377344 -0.4269123886407914 -0.9957703813604516 -1.3250990587824876 -1.4998837071152595 -1.5781044854124249 -1.6137378762050327 -1.6302247712274687 -1.637345058980195 -1.6384755154734536 -1.6334834633396476 -1.6241460536497603 -1.613443696635067 -1.6049612533956419 -1.5999264060716873 -1.5976979363240986 -1.5966741871630936 -1.596151868789598 -1.5952265875387077 -1.5932234567512897 -1.5900295048919304 -1.5861613318126593 -1.581697118691284 -1.578272317562391 -1.5748847106469568 -1.5711147641538081 -1.5671926679850738 -1.5614150847153334 -1.5490642473284644 -1.5306816986813316 -1.5089137002466193 -1.4865718224075426 -1.4656744988034456 -1.4455738035251462 -1.4267379476289066 -1.4091481955083662 -1.3923374203995924 -1.3768652484235915 -1.361656792032289 -1.34789908725429 -1.3345970587319482 -1.321622958242741 -1.3097675368990132 -1.2972452615415007 -1.2884090592986528 -1.2836233389560563 -1.2846428354833002 -1.2904256201414073 -1.2960666765885709 -1.304439920841949 -1.3127210294356693 -1.318478336472299 -1.3278242945824978 -1.3378110920808015 -1.3434022119890254 -1.350316718463129 -1.3608316823627622 -1.368969036624465 -1.3707362216402883 -1.3846155220877845 -1.3956035879436426 -1.3990746713936746 -1.4024291605840808 -1.4078707526014265 -1.4140705086969796 -1.4182700095232477 -1.4211791966435048 -1.4276415097180473 -1.4350108856447055 -1.439016916587425 -1.4410881977518482 -1.4460048908699814 -1.45391403412191 -1.460809727158665 -1.46608512958105 -1.4697169221722675 -1.475417043587629 -1.4831528649649917 -1.4900786321957569 -1.4976648535709993 -1.5022404758466068 -1.5056590106315515 -1.5116876895631826 -1.521243529334276 -1.5312803082998914 -1.542163297079609 -1.5381597125495559 -1.5407585239271242 -1.547990698201996 -1.558379471781125 -1.5645364288333006 -1.5713557616919287 -1.5807643076217095 -1.586269317919828 -1.5355199677375655 -1.5105933139246788 -1.4997812684229563 -1.49321807540182 -1.4886440321294845 -1.4852109333544756 -1.4825134305162095 -1.4803273880905432 -1.4769849170669256 -1.4691502465944102 -1.4651777787071771 -1.4644344201178028 -1.464448128445491 -1.464665737745275 -1.465043342293485 -1.4654287872828973 -1.4657733061066665 -1.4658839261105236 -1.466074593016515 -1.4663198720368371 -1.466547723132228 -1.4666937919835255 -1.4667876617983866 -1.4669889539303218 -1.4671887774089964 -1.467619112853145 -1.4678297216910157 -1.4680559317840949 -1.4682970204526844 -1.4682776710402958 -1.468498391521701 -1.4684968430713339 -1.468737175207605 -1.4687075288401634 
# Stellar luminosity-weighted [C/Fe]:
0 0.0 0.0 -0.030412566668018393 -0.034925189746669916 -0.07593012927810383 -0.08408908466557918 -0.10213088067046838 -0.8031118271695861 -1.1369722468877124 -1.2550871995465078 -1.2918940903017613 -1.2960278047616836 -1.2875250276400778 -1.2739032048103915 -1.2575806590645027 -1.2386003070461356 -1.2158506004283098 -1.1908143460196543 -1.165744259490359 -1.1405150081869087 -1.1150002806215498 -1.0904729767963155 -1.0673574345460788 -1.0455941917466296 -1.0151826556192998 -0.9648350737535757 -0.9021230605803797 -0.8393631592463078 -0.7823830188367343 -0.7323141950809093 -0.6884521990997157 -0.649678177971615 -0.6147157626205424 -0.5809148953987584 -0.5447885835849751 -0.5071471747965705 -0.46914336449842065 -0.432602498222149 -0.39904279666538933 -0.3702957879120202 -0.343322094946225 -0.3188790610315979 -0.29545101226698245 -0.27378797390091547 -0.25293492834615794 -0.23409062752576693 -0.21609917699632863 -0.19763338844981015 -0.1833733604222294 -0.16771957319887953 -0.15521057175493158 -0.1429282160175822 -0.1344039505848098 -0.12852802703945798 -0.119838177623384 -0.11562085557245327 -0.11068734852245754 -0.10232355640735646 -0.09884135727706489 -0.09614494994683465 -0.08855578069251346 -0.08324499635059457 -0.08098849855660817 -0.07598156913074716 -0.06818210027793414 -0.06721453535503652 -0.06848572112777485 -0.06609093468076066 -0.06408458326335298 -0.06888235499163253 -0.07261401430496961 -0.07215009007151896 -0.07007442361902849 -0.07464137405614857 -0.08017996045871656 -0.08112165052318654 -0.08044580578931937 -0.07932364677154691 -0.08399597543662751 -0.08913543958184467 -0.089807261280201 -0.08700261237325058 -0.08823421061600567 -0.09555620602155335 -0.10143559828808524 -0.102848999934822 -0.10070091280489335 -0.09702658467474379 -0.10267232290138195 -0.11141360020658375 -0.11601313726177986 -0.11582650626966884 -0.11336206172348884 -0.11000987109006144 -0.11404754081497503 -0.12313715039581186 -0.12904507406080368 -0.13082109754793703 -0.12911024118895997 -0.12535009311401635 -0.14440609900762535 -0.15644904415076843 -0.16320777758072902 -0.16822324194882277 -0.1723487028726075 -0.17591235765234536 -0.17908297330234602 -0.18195328606277217 -0.18702803773363152 -0.20502816514064548 -0.2256373530188336 -0.23811386411865354 -0.24693786474564128 -0.25362856477859064 -0.26097986018555064 -0.26626696311183307 -0.27022769710529404 -0.2713360527941685 -0.2732937529837306 -0.27572759982491646 -0.27774922008720626 -0.2789434889792358 -0.27952927575953357 -0.2813333046231269 -0.28310487690788344 -0.2860344856724235 -0.28790964748287073 -0.28938397427890594 -0.290363168345095 -0.29093637780825754 -0.29226219507261697 -0.2922767041273452 -0.29347756550405335 -0.29353952104616243 
# Stellar luminosity-weighted [N/O]:
0 0.0 0.0 -1.7564830224826942 -1.8376264824014998 -1.5407344782320238 -0.9784976911934795 -0.43075051761491845 0.057191447834391784 0.4496027195704802 0.7293337053604955 0.8925306278430801 0.9675300994456976 1.0000728220487975 1.0178738395812876 1.0342355189842318 1.056322432346406 1.0903738083702075 1.1285509305117483 1.1653844797937463 1.1902242315997384 1.1997206089273607 1.1981670635153927 1.19141155297764 1.1824899563257785 1.1678131063302044 1.1386972675946794 1.0941537906462635 1.0370117386421276 0.968854730164748 0.8882034449352144 0.7919966027980674 0.6729408593672939 0.5152400545985341 0.29817440572106624 0.041617911472670466 -0.1982188823418407 -0.3722129177727136 -0.46448587450138645 -0.5230946058185362 -0.558671968569372 -0.5839047913781998 -0.6005098994931488 -0.6139750114992466 -0.6307785768185152 -0.6640643300963631 -0.6587155244964942 -0.6521542169443941 -0.663101760999558 -0.6739046352921512 -0.6952103360034356 -0.7040255046445385 -0.705096142958735 -0.7051912980605797 -0.7082543192142374 -0.7018545576986166 -0.7017098167057918 -0.7030027897595885 -0.6869727145612354 -0.6904877538064491 -0.6901861818780455 -0.6852736595602369 -0.6807692940651213 -0.6767288265621336 -0.6698112779507932 -0.6655502873410164 -0.6768543826400282 -0.6658877400948959 -0.6759284793815858 -0.6638379564239847 -0.6520017734566737 -0.6513795081162095 -0.6550634976777494 -0.6579284198708619 -0.6615316781925082 -0.6704132238835274 -0.6665222609402068 -0.6617323021050932 -0.6588518265942216 -0.658404782046532 -0.6743561048022251 -0.6707146973373967 -0.7429529478079586 -0.6598502093496617 -0.6357937393041948 -0.6349905388968424 -0.6481307552300835 -0.65748476464603 -0.6513388726037304 -0.6550752159677167 -0.6653502133171578 -0.6760922342244149 -0.662683972100931 -0.6520342849201795 -0.6501757379524682 -0.6637788412051262 -0.6658048697361951 -0.6536923356380036 -0.6651013404927404 -0.6620466249516046 -0.6685341135408163 -0.1279460044767633 0.029599096500855793 0.09455196203999061 0.13514264021752365 0.16470689596124133 0.18796278198286476 0.20714456829579908 0.223451879052321 0.2501716377863753 0.32915273991515814 0.4004145101925584 0.4373197971286023 0.46141544741201257 0.47862901166394256 0.4966848383670763 0.509049574657753 0.5181547284196752 0.5207301150095212 0.5250116954880766 0.5302644011835549 0.5346667602498909 0.5374165683846672 0.5386725157291363 0.542525901667749 0.5461311511336515 0.5521856254660107 0.5559620206502021 0.5589537237021305 0.5610257616344907 0.5620067798015631 0.564629625866681 0.5646274591226143 0.5669810433062847 0.5670720535697701 
# Stellar luminosity-weighted [C/O]:
0 0.0 0.0 -1.2033823114383326 -1.2136317733166964 -0.935728539103259 -0.7367933020954249 -0.6165588550147737 -0.4483481311188392 -0.21495132521195331 -0.018449921193293917 0.10310438665450183 0.16609049967719414 0.20122228580398596 0.22361722341670198 0.24173382604322552 0.2600605349168232 0.2823093234285191 0.30395162707576195 0.3255348752114972 0.3490659622171845 0.37395292368484706 0.39841340282956705 0.4217790559362139 0.4437851496392503 0.47433647870490436 0.524594458365474 0.5869983313405851 0.6492404452472823 0.7058694767748626 0.7552913787034642 0.7985328233195526 0.8367763575760712 0.871249734813115 0.9043914406952774 0.9394279097342048 0.9756243429171462 1.0118469874358995 1.0463295450443881 1.0780295985900181 1.1051778534574428 1.1299129292712027 1.1523427444972532 1.1740435692647417 1.1940558096962757 1.2132208325869018 1.2304558150634826 1.2470057169029132 1.2637935109901692 1.2765356417188987 1.2902252617195815 1.3018975191701654 1.3127197608206203 1.32031028439579 1.3255829698335608 1.3335691760843407 1.3374714379421557 1.3423035012045175 1.350236017299038 1.3531988313972316 1.3552764123268393 1.3622685426373524 1.3671874921238603 1.3704259653706263 1.374180867423078 1.3806048779217046 1.3821313179657766 1.3807913048661735 1.382235188908574 1.3838592876579723 1.3793766911893661 1.3761353343379363 1.376060363488114 1.3775263692622346 1.3730932304804526 1.367327801094892 1.366776357805493 1.3674332759381471 1.3681139743903281 1.3638350133295214 1.3587327627469339 1.3577140242718069 1.3596031056299638 1.3582509831624945 1.3513770584921099 1.3461969678094023 1.3445373970950922 1.347171700148052 1.348256896908398 1.3429550335822917 1.3355802541708734 1.3329748698705284 1.33114297356159 1.3195415996197903 1.3318783046397416 1.3375399558538927 1.3283654509606249 1.32176993463529 1.316506371042781 1.317505319124988 1.319607822751478 1.3051010047524283 1.2954699952413027 1.2898543876213608 1.2856027247108535 1.2820622243282633 1.278977980331293 1.2762166204793763 1.273704523676698 1.26923854010413 1.2531978990884212 1.2345543036498814 1.2231591966688298 1.2150596261006141 1.2089013934210162 1.202119219568958 1.1972326523600059 1.1935663780288768 1.1925395038935505 1.1907248112438644 1.1884686160607218 1.1865934691547548 1.1854830418423232 1.1849397829379225 1.1832637333034481 1.181618323935726 1.1788958950414579 1.1771540641113392 1.1757820093767166 1.1748690299098983 1.1743406884103074 1.1731086285922747 1.1730955601658706 1.1719800199985433 1.1719235183380883 
# Stellar luminosity-weighted [O/Fe]:
0 0.0 0.0 1.172969744770314 1.1787065835700261 0.8597984098251552 0.6527042174298456 0.5144279743443052 -0.35476369605074687 -0.9220209216757592 -1.236637278353214 -1.3949984769562631 -1.4621183044388777 -1.4887473134440636 -1.4975204282270937 -1.4993144851077282 -1.4986608419629586 -1.4981599238568288 -1.4947659730954161 -1.4912791347018564 -1.4895809704040932 -1.4889532043063967 -1.4888863796258824 -1.4891364904822928 -1.48937934138588 -1.4895191343242042 -1.4894295321190496 -1.489121391920965 -1.48860360449359 -1.4882524956115968 -1.4876055737843736 -1.486985022419268 -1.4864545355476861 -1.4859654974336576 -1.485306336094036 -1.4842164933191797 -1.4827715177137166 -1.4809903519343202 -1.4789320432665372 -1.4770723952554075 -1.475473641369463 -1.4732350242174277 -1.471221805528851 -1.4694945815317242 -1.4678437835971911 -1.4661557609330598 -1.4645464425892496 -1.4631048938992417 -1.4614268994399793 -1.4599090021411278 -1.457944834918461 -1.457108090925097 -1.4556479768382027 -1.4547142349805995 -1.454110996873019 -1.4534073537077248 -1.453092293514609 -1.452990849726975 -1.4525595737063943 -1.4520401886742964 -1.4514213622736738 -1.4508243233298657 -1.4504324884744548 -1.4514144639272344 -1.4501624365538253 -1.4487869781996388 -1.449345853320813 -1.4492770259939483 -1.4483261235893348 -1.4479438709213253 -1.4482590461809985 -1.448749348642906 -1.4482104535596327 -1.4476007928812633 -1.4477346045366015 -1.4475077615536085 -1.4478980083286794 -1.4478790817274665 -1.4474376211618751 -1.4478309887661491 -1.4478682023287788 -1.4475212855520079 -1.4466057180032144 -1.4464851937785002 -1.4469332645136634 -1.4476325660974876 -1.4473863970299141 -1.4478726129529456 -1.4452834815831417 -1.4456273564836737 -1.4469938543774572 -1.4489880071323085 -1.446969479831259 -1.432903661343279 -1.441888175729803 -1.4515874966688678 -1.4515026013564367 -1.4508150086960936 -1.4473274685907178 -1.446615560313948 -1.4449579158654946 -1.4495071037600535 -1.4519190393920711 -1.4530621652020899 -1.4538259666596762 -1.454410927200871 -1.4548903379836386 -1.4552995937817221 -1.4556578097394701 -1.4562665778377615 -1.4582260642290668 -1.460191656668715 -1.4612730607874835 -1.4619974908462552 -1.462529958199607 -1.463099079754509 -1.463499615471839 -1.463794075134171 -1.4638755566877188 -1.4640185642275951 -1.4641962158856383 -1.464342689241961 -1.464426530821559 -1.4644690586974558 -1.464597037926575 -1.4647232008436095 -1.4649303807138814 -1.4650637115942102 -1.4651659836556223 -1.4652321982549932 -1.465277066218565 -1.465370823664892 -1.4653722642932157 -1.4654575855025969 -1.4654630393842507 
# Stellar luminosity-weighted [Ca/Fe]:
0 0.0 0.0 0.6706531069109984 0.6759319966921066 0.4356648425719938 0.30610353752612063 0.22936211612054902 -0.09019843921210002 -0.14898869850359975 -0.16135238887446435 -0.16500760350677024 -0.1662519927658075 -0.16679751526173403 -0.16697360145961015 -0.16701710084588584 -0.16702465993086713 -0.16701797197114687 -0.16703975507704616 -0.16702950617817702 -0.16702676249614723 -0.16703378100020383 -0.1670268198928193 -0.16702562155681044 -0.1670208564139466 -0.16703322745879956 -0.16702624037053848 -0.16702844326792365 -0.16702181352516843 -0.1670206746757097 -0.16695484792664628 -0.16706637807977942 -0.1670268780345725 -0.16703437822971945 -0.16703563095041218 -0.16701566633444598 -0.16701640212745894 -0.16702289251871472 -0.16568923014873804 -0.1667523165361271 -0.16771152632161646 -0.16766444388413948 -0.1673065116177832 -0.16703127897978343 -0.16682520976791682 -0.166985705016929 -0.1671549355882629 -0.1671605487201797 -0.16707781284065715 -0.16703453348710529 -0.1670142046591767 -0.16702573292170797 -0.16703497403301548 -0.16701358365293806 -0.16702391061023825 -0.16707622237791453 -0.16708252663687362 -0.1671034829137794 -0.16698281862151076 -0.1670181864643605 -0.16697990074463243 -0.16696143777906247 -0.16411384479849578 -0.16949449326354515 -0.16726647948538642 -0.16718218768983828 -0.16710293444554192 -0.16697966536928277 -0.16699870587713073 -0.16702342570896334 -0.1670296840383383 -0.16704097027703946 -0.16701037433079358 -0.1669769574870863 -0.16696147275149742 -0.16698961562253878 -0.16698566825957184 -0.1670005511512156 -0.16701793044208202 -0.16701530607911486 -0.16699367953728417 -0.1669955678574846 -0.16700482995264743 -0.16696141359079397 -0.16700347180681896 -0.16702573681347266 -0.16703392645065085 -0.16703577021789662 -0.16698248940450888 -0.16698417530215548 -0.16707947017815905 -0.16703559045957395 -0.16700532312049265 -0.1669909955488671 -0.16700556456831528 -0.16699012010282388 -0.16692204200337835 -0.16692718033846465 -0.1670437691399711 -0.16703225373108177 -0.16703117362497366 -0.1670167899181929 -0.1670107937074814 -0.16700902683011187 -0.1670083258670898 -0.16700799723069015 -0.16700784798787405 -0.167007759184421 -0.16700770825370825 -0.1670076651200978 -0.1670074998222204 -0.16700690837202248 -0.1670064192828511 -0.1670057834282006 -0.16700525369613706 -0.16700465853312396 -0.16700419791183863 -0.16700387953486806 -0.16700380146576843 -0.1670036001684143 -0.16700339341150539 -0.16700327035365148 -0.16700323008373408 -0.16700317388191377 -0.16700308552679521 -0.1670029330322007 -0.1670026447548687 -0.16700258653821054 -0.16700251871385885 -0.16700255557173516 -0.16700262313204273 -0.16700264670613563 -0.1670027081905494 -0.16700281196017297 -0.16700282319315662 
# Stellar luminosity-weighted [Ne/Fe]:
0 -1.6653345369377348e-16 -1.6653345369377348e-16 1.025864703115377 1.032959825147983 0.7693459210101374 0.5919276087770045 0.4587643323292072 -0.43266950026163276 -1.0788293528523316 -1.5418017626142297 -1.888284439611563 -2.135508595869603 -2.2781107913524874 -2.35556769915189 -2.3849248258877545 -2.3912550893707705 -2.3929796604010387 -2.391095022325322 -2.3870907803448773 -2.3838780753217037 -2.3819306019948545 -2.3806163542571634 -2.3799348002249587 -2.3792675403245744 -2.378586685547534 -2.3772508184327963 -2.3732937161220153 -2.376234161229582 -2.372301066999765 -2.3691288997670066 -2.3654765441526484 -2.3627759873065974 -2.3613418636717354 -2.3577896195494454 -2.348842100183945 -2.3372567084062466 -2.322264266917352 -2.305091882806062 -2.2889716822901636 -2.273587061518281 -2.260013096563713 -2.2473421657821486 -2.2342177414107995 -2.221846430171409 -2.2098609460437464 -2.1989960546633682 -2.187931400318229 -2.1765807076617305 -2.168736841310304 -2.1599844791626914 -2.1507392294473284 -2.1444523491022776 -2.1367923086283342 -2.1372355288704057 -2.126882722833849 -2.123143362994588 -2.118105519921449 -2.113662657020594 -2.0689049984095416 -2.1016922681901846 -2.124844181163458 -2.1191376236416426 -2.1063421296462677 -2.1002338858810274 -2.089177888711691 -2.089364797507372 -2.088454488542755 -2.0902837800169873 -2.0899935777081113 -2.0978094894421737 -2.09888480679522 -2.1032259873831674 -2.102401399258084 -2.1088279145160396 -2.1119375136044236 -2.1179007364447178 -2.1165251989070297 -2.1214192705134396 -2.1257220341439407 -2.1328451671464883 -2.133145264954255 -2.1356027647758946 -2.1365120946416774 -2.1448939452177855 -2.153272143748006 -2.1594613039432975 -2.1568609637914458 -2.1613569958707046 -2.162661088918678 -2.1700808063541746 -2.173323152224948 -2.179559636173675 -2.179131364015883 -2.183874295492248 -2.1878900905486227 -2.1965721723477527 -2.199471659985848 -2.205730754371269 -2.203617411991928 -2.204985035279913 -2.194002967035673 -2.188795678167104 -2.1869255336102 -2.1860737371773067 -2.1856871621905727 -2.185553593081753 -2.185573357836635 -2.1856907032150836 -2.186101244389052 -2.1890696790647244 -2.194174246264253 -2.1977231801426735 -2.20034287627166 -2.2023701193486787 -2.2046096209787063 -2.206234034300295 -2.2074551945784093 -2.2078055291569765 -2.208404277258772 -2.2091598891478155 -2.2097993262100752 -2.2101570053442168 -2.21035156355956 -2.2109023006403556 -2.2114499710055515 -2.2124011514489115 -2.2129842191730464 -2.2134535089191845 -2.213780828034011 -2.2139553216477843 -2.2143966249567932 -2.2144011863234594 -2.2148196768455266 -2.2148289498298386 
# Stellar luminosity-weighted [Si/Fe]:
0 1.0408340855860843e-16 1.0408340855860843e-16 0.9780370368439115 0.985342455965425 0.7342697693585621 0.5965544454357383 0.5089194375533269 -0.031224427644349496 -0.18244769420854334 -0.21958739521417897 -0.2311326010628159 -0.2350555445017623 -0.23653443518128214 -0.23700715445635231 -0.23715997767942787 -0.23721471824986812 -0.23721218670027952 -0.2371993644861955 -0.23718693188626414 -0.23717967866904865 -0.23717459428590806 -0.23717760450018588 -0.23718299253178698 -0.23717813642546687 -0.23717289706915015 -0.2371730417456929 -0.23716802955973668 -0.23716358504219032 -0.23716052209305294 -0.2371678530093919 -0.2371715376922592 -0.237170694265761 -0.23715903197314905 -0.23715069842254397 -0.23712989556444114 -0.2371283938046591 -0.2371080996038893 -0.23710704240642913 -0.23710059079170895 -0.23708659755123443 -0.23706818518831277 -0.2370486406870397 -0.2370464650944078 -0.23702187069383138 -0.23700121067137225 -0.23698473483357 -0.23697393005652398 -0.23696898316650927 -0.23696845682676884 -0.23695502173561173 -0.23693548487268404 -0.236901443489425 -0.23692559172843544 -0.2369359466948618 -0.23696128281129486 -0.23697134886295448 -0.2369921885841448 -0.2369894783329877 -0.23701836036264184 -0.23702046551815664 -0.23704009288497288 -0.23704700455527014 -0.2370753479859481 -0.23708249057021166 -0.23710258919524058 -0.23710349948351384 -0.23712387472438087 -0.23711296469932336 -0.2371229231613975 -0.23711149965716227 -0.23713758266903806 -0.23712438140326053 -0.2371441213142923 -0.23713269631375916 -0.23714410565832272 -0.2371311941103984 -0.2371426897275085 -0.2371330253439301 -0.23714774371947442 -0.23712944679073925 -0.23715341321187267 -0.23714666687536198 -0.23714871814394095 -0.23715967901057017 -0.23717013197795178 -0.23712758882952556 -0.23714131828399282 -0.23711135338182457 -0.23716619327705032 -0.23718254625388765 -0.23718266776860428 -0.23716799513429404 -0.23717082486735208 -0.23716328855271482 -0.23718193488471437 -0.2371612171172216 -0.23716148909678786 -0.23719403259993338 -0.23722739817674415 -0.23719660414435076 -0.23715867056388484 -0.23713547809452298 -0.237124017360986 -0.23711650206349408 -0.23711092236420153 -0.23710648625472647 -0.23710280374001347 -0.23709965998768917 -0.23709450554882702 -0.23707918692764735 -0.2370651755698948 -0.23705775704547113 -0.23705283269173366 -0.23704928464243014 -0.23704546760830147 -0.23704283891455474 -0.23704093117474123 -0.23704045396775317 -0.2370394589442914 -0.23703831027400635 -0.23703745988885977 -0.2370368708400817 -0.23703669188018883 -0.23703582263646733 -0.2370350005956529 -0.23703393364520584 -0.23703315881748652 -0.2370325889604471 -0.23703232213771436 -0.23703211916408365 -0.23703177226311717 -0.23703177423167873 -0.23703157737133496 -0.23703152703884472 
# Stellar luminosity-weighted [S/Fe]:
0 1.6653345369377348e-16 5.551115123125783e-17 0.9014675409922358 0.9089279110425293 0.6732912288002126 0.5441719475482625 0.45978466223772857 -0.05845698663779947 -0.19754603354946487 -0.2310715751351462 -0.24143798161211028 -0.2449831694021195 -0.2463328117378113 -0.24675772529732776 -0.2468883956674205 -0.24693535195848781 -0.24692799324779302 -0.24690679106701552 -0.24689959388647986 -0.24689694862351308 -0.24689095179115017 -0.2468848500874622 -0.24688208849019333 -0.24688596292814058 -0.24688028184056787 -0.24687561026556937 -0.2468664980203913 -0.24684524029902455 -0.2468527686221662 -0.24685604807180028 -0.24687168551473904 -0.2468724188878605 -0.2468532963793828 -0.24684542264497256 -0.2468336620767274 -0.24683162091600275 -0.24681358759484107 -0.2468406527412671 -0.2468496501811389 -0.2468509724558916 -0.2468343739149459 -0.24681989622889455 -0.24681180107838885 -0.24681128745492975 -0.24681353262651462 -0.24679789338847302 -0.24679886447157584 -0.24679901970489104 -0.2468169911218948 -0.2467993211022549 -0.2468007165219701 -0.24679677356933694 -0.2467965733945363 -0.24678815788266728 -0.2467886654798559 -0.24677171884115112 -0.2467820036606284 -0.2467829515479466 -0.24678918815238426 -0.24677472687189872 -0.24677322014666803 -0.24679096288319202 -0.24678480831187866 -0.2467630031864807 -0.2466453962213092 -0.24673033259909793 -0.24682177067770106 -0.24681297594061513 -0.24688324660364158 -0.24680501232258678 -0.24672965067059727 -0.2467109272210285 -0.24672588938664974 -0.24675124926085545 -0.24676413158542465 -0.24672194195499775 -0.24673833890881414 -0.24675526669165404 -0.24674366130792702 -0.2467333397130913 -0.24675372382592653 -0.24674783489285856 -0.24675443127372743 -0.24677508513763147 -0.24675713542751365 -0.24663525753730242 -0.2468314981412033 -0.24670046603453744 -0.2467262099426426 -0.24681162566033787 -0.2467623161515774 -0.24673532249894048 -0.24669813836921306 -0.2467071482148605 -0.24674975865077664 -0.24674133490555283 -0.2466871232121527 -0.24675254735907926 -0.24675430005592358 -0.24677634940288395 -0.2467570104952197 -0.24675016395681326 -0.24674838278746292 -0.2467477080974111 -0.24674740340811163 -0.24674724613415244 -0.24674715319894813 -0.24674709087474345 -0.24674701335416827 -0.2467465656895128 -0.2467452441242466 -0.24674393248008208 -0.2467427814313753 -0.24674186655934582 -0.2467407739274654 -0.24673998185679336 -0.24673938139943208 -0.246739245647157 -0.24673888009295086 -0.24673849303619233 -0.24673823647567017 -0.24673799937633578 -0.24673795896129658 -0.2467376313180195 -0.24673733419637 -0.2467370189979904 -0.2467367817678674 -0.24673657993211717 -0.24673646521713455 -0.24673649268278397 -0.24673644430514818 -0.24673644862955846 -0.24673647515068764 -0.24673647270998544 
# Stellar luminosity-weighted [C/H]:
0 -5.111592981513674 -6.416725045876452 -5.823810341541895 -3.9255853736441964 -3.124564161776279 -2.627717836650312 -2.3116104885881104 -1.9881071701193482 -1.5726629623126316 -1.1258075639800733 -0.6903116296239711 -0.3104125034780507 -0.04446699619623562 0.09353578376905913 0.15016666997446615 0.17419914451481766 0.19075536176285945 0.20685342243768368 0.22272038616260925 0.23902272768798172 0.2556034659259141 0.2717843458841873 0.28673700139754343 0.3004568942045509 0.32318667318293004 0.36719475825522885 0.4242121275674169 0.4814309651684381 0.5331493707541224 0.5783172126269149 0.6176181590402283 0.6520060409539647 0.6824190835553448 0.711613744190549 0.744934110141954 0.7817599917150924 0.818651084926747 0.853377225530549 0.8870141628624637 0.9148599163729894 0.9412898639555585 0.9652994701961575 0.9877335814984316 1.0091603900036747 1.0289592981733682 1.0473630974334123 1.0647080509488864 1.0822166259332762 1.096534320111715 1.1100827417049937 1.1234276098124343 1.135091401590358 1.1430939741170771 1.149379622314859 1.155090597733465 1.1601616267467425 1.166241663368833 1.1708823366599903 1.1756545823572142 1.180067008196151 1.1847418388707616 1.1895877902732948 1.1936453530373465 1.1973504450907089 1.2013851053943405 1.204187013944662 1.2043541650653045 1.2028857283579146 1.2004402906183467 1.1970180259044283 1.1940232447610843 1.190111304780293 1.1860001881144195 1.1831323699319682 1.1802673124078056 1.1766424487896625 1.1707424493951333 1.1692397488866146 1.1676989516290561 1.1637715613718926 1.159526676914099 1.155413347607476 1.1515538375168783 1.148148047546366 1.144830770046172 1.1408233103737562 1.1369770483440913 1.1331474142412437 1.1298559488085287 1.1268430041197384 1.123341866094962 1.1196691548669664 1.1160346447637814 1.112346230424933 1.109011209476325 1.1060268161884 1.1031026972234659 1.0993696809203066 1.0958140311779974 1.092762799509503 1.0860896703021914 1.0800510772232506 1.0757852484091357 1.0722498809303658 1.0691427839033367 1.0663362985829963 1.0637555703537265 1.0613589311439635 1.0570024245690486 1.040573150513282 1.0204191407437824 1.0076790073544393 0.998508203835716 0.9915006454731503 0.9837310176123735 0.9781551530426484 0.9739707277681373 0.9728242560421592 0.9707207601426946 0.9681674890096765 0.9660281899369152 0.9647857182382622 0.9641676967817596 0.9623001460524256 0.9603836054219785 0.9574293795071025 0.9554973229859516 0.9539563864589189 0.9529647593597721 0.9525167917916035 0.951223777020989 0.9512642159426608 0.9501792323436451 0.9501266846792134 
# Stellar luminosity-weighted [N/H]:
0 -5.111592981513672 -6.416725045876452 -6.376911052586257 -4.549580082728999 -3.7295701009050433 -2.8694222257483677 -2.125802151188255 -1.4825675911661174 -0.908108917530198 -0.37802393742628393 0.09911461156460621 0.49102709629045327 0.7543835400485754 0.887792399933645 0.9426683629154722 0.9704610419444006 0.9988198467045479 1.0314527258736694 1.0625699907448585 1.0801809970705354 1.0813711511684279 1.0715380065700133 1.0563694984389689 1.039161700891079 1.0166633008082302 0.9812975674844342 0.9313675868730953 0.8692022585632837 0.7961346241440084 0.7112292788586654 0.6110819385187432 0.4881705427451868 0.3264094033407643 0.10539670921633792 -0.15287588811958042 -0.39208323354389396 -0.5654088202818661 -0.6574381940152252 -0.7141100415460908 -0.7489899056538247 -0.772527856693844 -0.7875531737942438 -0.8002849992655561 -0.8156739965111157 -0.8483258645098966 -0.8418082421265645 -0.8344518828984206 -0.844678646056451 -0.8539059568993341 -0.875352856018023 -0.8824954140022703 -0.8827245021889976 -0.8824076083392924 -0.8844576667329394 -0.8803331360494928 -0.8790196279012044 -0.8790646275952732 -0.8663263952002831 -0.8680320028464665 -0.8653955860087335 -0.8628003633268282 -0.8583689959156864 -0.8535094388954132 -0.846641700283163 -0.8447700598683809 -0.8547986866611428 -0.8423248798957648 -0.855277939932245 -0.8472569534636101 -0.8343604387416121 -0.8334915976930608 -0.8410125563855697 -0.8494546010186772 -0.8514925387409926 -0.8574737125706138 -0.8566561699560369 -0.8584231286481074 -0.8577260520979353 -0.8545408437469968 -0.8693173061772672 -0.8689020446951048 -0.947142705830446 -0.8665473549952774 -0.8390227502499386 -0.8363567366600728 -0.8518448419514195 -0.8676794164499908 -0.8664483552708848 -0.8681743007414795 -0.8740874633682925 -0.8857252379999814 -0.8741577907955547 -0.8555412397761879 -0.8697078121672766 -0.8923075875826934 -0.8881435045084203 -0.8723595730498275 -0.8822380306152144 -0.8837379128985949 -0.8953791367827915 -0.346957338927 -0.185819821517196 -0.1195171771722352 -0.07821020356296415 -0.04821254446368606 -0.024678899765432583 -0.005316481829850339 0.011106286519585673 0.03793552225129382 0.11652799134001945 0.186279347286459 0.22183960781421153 0.24486402514711436 0.26122826371607655 0.2782966364104915 0.2899720753403954 0.2985590781589358 0.3010148671581301 0.30500764438690675 0.30996327413250935 0.31410148103205104 0.316719244780606 0.31790042957297304 0.321562314416727 0.3248964326199042 0.3307191099316551 0.33430527952481404 0.33712810078433364 0.33912149108436473 0.3401828831828593 0.3427447742953955 0.3427961148994041 0.34518025565138677 0.34527521991089527 
# Stellar luminosity-weighted [O/H]:
0 -5.111592981513672 -6.416725045876452 -4.620428030103564 -2.7119536003275 -2.18883562267302 -1.8909245345548884 -1.6950516335733363 -1.5397590390005087 -1.357711637100679 -1.1073576427867788 -0.7934160162784734 -0.47650300315524463 -0.24568928200022144 -0.13008143964764285 -0.0915671560687592 -0.0858613904020058 -0.09155396166565932 -0.09709820463807839 -0.10281448904888757 -0.11004323452920284 -0.11834945775893324 -0.1266290569453794 -0.1350420545386708 -0.14332825543469951 -0.15114980552197377 -0.15739970011024518 -0.16278620377316821 -0.1678094800788439 -0.17272010602074017 -0.17697416607654892 -0.180914664279324 -0.18477031662210663 -0.1888306512577702 -0.19277769650472898 -0.19449379959225066 -0.1938643512020537 -0.19319590250915208 -0.19295231951383984 -0.19101543572755464 -0.19031793708445344 -0.1886230653156442 -0.18704327430109569 -0.1863099877663097 -0.1848954196926007 -0.18426153441353366 -0.1830927176300703 -0.1822976659540263 -0.18157688505689284 -0.1800013216071834 -0.18014252001458742 -0.1784699093577311 -0.17762835923026232 -0.17721631027871254 -0.17620334751870148 -0.17847857835087577 -0.17730981119541367 -0.17606183783568463 -0.1793536806390481 -0.17754424904001764 -0.17520940413068864 -0.17752670376659108 -0.1775997018505655 -0.17678061233327957 -0.17683042233236934 -0.1792197725273641 -0.17794430402111505 -0.17643713980086906 -0.17934946055065915 -0.18341899703962516 -0.18235866528493805 -0.18211208957685177 -0.1859490587078203 -0.19152618114781506 -0.18996086054848504 -0.18706048868708702 -0.19013390901583005 -0.19669082654301384 -0.19887422550371303 -0.19613606170046527 -0.1949612013750417 -0.19818734735770782 -0.20418975802248784 -0.20669714564561614 -0.20322901094574375 -0.2013661977632304 -0.20371408672133606 -0.21019465180396146 -0.21510948266715424 -0.21309908477376283 -0.20873725005113508 -0.20963300377556715 -0.21147381869462345 -0.20350695485600845 -0.21953207421480903 -0.2285287463775676 -0.22233863477222515 -0.21866723741182392 -0.21713669012247427 -0.22169128794699056 -0.22684502324197497 -0.2190113344502369 -0.21541891801805235 -0.2140691392122247 -0.21335284378048724 -0.2129194404249275 -0.212641681748297 -0.2124610501256492 -0.21234559253273488 -0.21223611553508182 -0.21262474857513958 -0.21413516290609902 -0.21548018931439072 -0.21655142226489765 -0.21740074794786635 -0.21838820195658526 -0.21907749931735765 -0.21959565026073946 -0.2197152478513913 -0.22000405110117027 -0.22030112705104576 -0.22056527921784008 -0.22069732360406036 -0.22077208615616284 -0.22096358725102272 -0.2212347185137471 -0.2214665155343556 -0.22165674112538847 -0.22182562291779684 -0.22190427055012574 -0.22182389661870383 -0.22188485157128524 -0.22183134422320983 -0.2218007876548982 -0.2217968336588747 
# Stellar luminosity-weighted [Mg/H]:
0 -5.111592981513672 -6.416725045876452 -4.842314643850097 -2.9330473224794416 -2.3586227465276375 -2.0121003207105455 -1.7837703326638676 -1.611907731590554 -1.4314610967853705 -1.1958194232160535 -0.8983012464374696 -0.5924891841287918 -0.37067984476119076 -0.26278578264801844 -0.22959772994122574 -0.22567606391250106 -0.22687750114847827 -0.22647828519242275 -0.2249790509820988 -0.22542351752075174 -0.22932265952422348 -0.23544061364359603 -0.24257975121947162 -0.25010078283841786 -0.2568572587364777 -0.26119362474248486 -0.2636943167441341 -0.2653672073979134 -0.266164729100427 -0.2676409098545669 -0.2688143525070128 -0.2694305452282286 -0.27005782180918647 -0.268886445126026 -0.2593415536015362 -0.2417745321696687 -0.22111925082145145 -0.2005920986548455 -0.17961753927559254 -0.16041809924013606 -0.14212598872712334 -0.12496966428061018 -0.10915282663417791 -0.09391688451900126 -0.0797625655127625 -0.06644536229511111 -0.05378983078673283 -0.041772943859654355 -0.029859856365068715 -0.01944294663762669 -0.009770877731287264 -0.005603721348116153 -0.007144910781413216 -0.012517970787090604 -0.021137901231721656 -0.028657438522754042 -0.03579201754437822 -0.04527244340495251 -0.05332835494821886 -0.06159913393781569 -0.07010459242574996 -0.07748393183923863 -0.08619783076880783 -0.0956370224030092 -0.1011690159680132 -0.11321397278808654 -0.1227637017505625 -0.13009800835499874 -0.13790428670238075 -0.14197037170536575 -0.1474332496309252 -0.15600861467143545 -0.16510458491005675 -0.169867765729931 -0.1745636127781829 -0.18125281727457576 -0.18989994256739617 -0.19744149521181953 -0.20221910705622648 -0.207902726204928 -0.21675119138675036 -0.22730096219154028 -0.23562899545474458 -0.23944861139707196 -0.2438122638614999 -0.25399254326242193 -0.26456251469762204 -0.2754850117155643 -0.2791594178532719 -0.28298692500795397 -0.29192530494314983 -0.30666763594297386 -0.3087630060622848 -0.31840242241213 -0.324931947910696 -0.3292155051969132 -0.33238865754903113 -0.3411649832236847 -0.3558400352547517 -0.3681564252963083 -0.3050241984277493 -0.27409319255065956 -0.2607882424330912 -0.2527449525226313 -0.2471525453535408 -0.2429622771191342 -0.23967488686013727 -0.23701517088380797 -0.23295445476424526 -0.223548930940483 -0.21912128494456162 -0.21864154864470997 -0.2190020598641338 -0.21953652749353392 -0.2203324644955611 -0.221006671128416 -0.2215748812332352 -0.2217236172741961 -0.22206007989009002 -0.22242478320224368 -0.22277031310810713 -0.22296458476602687 -0.22309068925709408 -0.22335550325476916 -0.22370029507913447 -0.22415524767361905 -0.22442275122219346 -0.2247155710462696 -0.22496909274781718 -0.22482450144043487 -0.22501241942809447 -0.22495592300132827 -0.22508037735990616 -0.22504132311478742 
# Stellar luminosity-weighted [Fe/H]:
0 -5.111592981513672 -6.416725045876452 -5.793397774873878 -3.890660183897527 -3.0486340324981747 -2.543628751984733 -2.2094796079176415 -1.1849953429497617 -0.43569071542491944 0.12927963556643451 0.6015824606777893 0.9856153012836328 1.2430580314438417 1.3674389885794511 1.4077473290389686 1.4127994515609532 1.4066059621911693 1.3976677684573375 1.3884646456529683 1.37953773587489 1.3706037465474639 1.3622573226805028 1.354094435943622 1.3460510859511805 1.33836932880223 1.3320298320088044 1.3263351881477967 1.3207941244147459 1.315532389590857 1.3106314077078243 1.3060703581399444 1.3016842189255797 1.2971348461758874 1.2925286395893072 1.289722693726929 1.2889071665116627 1.2877944494251676 1.2859797237526975 1.286056959527853 1.2851557042850095 1.2846119589017837 1.2841785312277554 1.2831845937654145 1.2829483639045907 1.2818942265195266 1.2814537249591793 1.280807227945215 1.2798500143830864 1.2799076805339449 1.2778023149038735 1.2786381815673655 1.2780196176079404 1.277497924701887 1.2779076493543169 1.2749287753568486 1.2757824823191957 1.276929011891291 1.2732058930673467 1.2744959396342792 1.2762119581429858 1.2732976195632748 1.2728327866238898 1.274633851593955 1.273332014221456 1.2695672056722742 1.2714015492996986 1.2728398861930796 1.2689766630386758 1.2645248738816997 1.2659003808960607 1.2666372590660537 1.2622613948518122 1.2560746117334483 1.2577737439881167 1.260447272866522 1.257764099312849 1.2511882551844526 1.2485633956581617 1.2516949270656839 1.252907000953737 1.2493339381943 1.2424159599807267 1.2397880481328842 1.2437042535679197 1.2462663683342572 1.243672310308578 1.2376779611489845 1.2301739989159874 1.2325282717099109 1.2382566043263221 1.2393550033567418 1.235495661136635 1.2293967064872704 1.2223561015149946 1.2230587502913002 1.2291639665842116 1.2321477712842692 1.2301907784682435 1.2249242723669576 1.2181128926235192 1.2304957693098166 1.2365001213740188 1.2389930259898652 1.2404731228791888 1.2414914867759443 1.2422486562353412 1.2428385436560725 1.2433122172067357 1.2440304623026797 1.2456013156539276 1.2460564937626155 1.2457928714730926 1.2454460685813569 1.2451292102517408 1.2447108777979237 1.2444221161544817 1.2441984248734315 1.2441603088363276 1.2440145131264253 1.2438950888345928 1.2437774100241215 1.2437292072174984 1.2436969725412932 1.2436334506755524 1.2434884823298624 1.243463865179526 1.2434069704688224 1.2433403607378253 1.243327927704867 1.243453169599861 1.2434859720936062 1.2435409200700058 1.2436567978476987 1.243666205725376 
# Stellar luminosity-weighted [Ca/H]:
0 -5.111592981513672 -6.416725045876452 -5.122744667962879 -3.2147281872054183 -2.612969189926181 -2.2375252144586133 -1.9801174917970918 -1.2751937821618622 -0.5846794139285194 -0.03207275330802961 0.43657485717101974 0.8193633085178256 1.0762605161821073 1.2004653871198405 1.2407302281930832 1.2457747916300859 1.2395879902200218 1.230628013380291 1.2214351394747913 1.212510973378743 1.2035699655472598 1.195230502787684 1.1870688143868113 1.1790302295372346 1.1713361013434307 1.165003591638266 1.1593067448798724 1.153772310889578 1.1485117149151476 1.143676559781178 1.1390039800601643 1.1346573408910077 1.1301004679461677 1.1254930086388946 1.1227070273924822 1.1218907643842044 1.120771556906453 1.1202904936039602 1.1193046429917262 1.1174441779633932 1.1169475150176442 1.1168720196099722 1.1161533147856302 1.1161231541366732 1.1149085215025973 1.1142987893709169 1.1136466792250355 1.1127722015424295 1.1128731470468392 1.1107881102446973 1.1116124486456576 1.1109846435749242 1.1104843410489487 1.1108837387440786 1.107852552978934 1.1086999556823223 1.1098255289775114 1.1062230744458361 1.1074777531699187 1.1092320573983532 1.1063361817842123 1.1087189418253942 1.10513935833041 1.1060655347360688 1.102385017982436 1.104298614854156 1.1058602208237964 1.1019779571615453 1.0975014481727365 1.0988706968577224 1.099596288789015 1.0952510205210189 1.0890976542463617 1.0908122712366195 1.0934576572439836 1.0907784310532769 1.084187704033237 1.08154546521608 1.0846796209865692 1.0859133214164531 1.0823383703368155 1.0754111300280798 1.07282663454209 1.0767007817611 1.0792406315207845 1.0766383838579268 1.0706421909310881 1.063191509511479 1.0655440964077556 1.0711771341481624 1.0723194128971674 1.0684903380161428 1.0624057109384033 1.055350536946679 1.0560686301884763 1.0622419245808334 1.0652205909458043 1.063147009328273 1.0578920186358758 1.051081718998546 1.0634789793916237 1.0694893276665374 1.0719839991597535 1.0734647970120994 1.074483489545254 1.075240808247468 1.075830784471652 1.0763045089530268 1.0770227971825825 1.0785938158317077 1.0790495853905941 1.0787864521902417 1.0784402851531567 1.0781239565556033 1.0777062192647993 1.0774179182426424 1.0771945453385632 1.0771565073705593 1.077010912958011 1.0768916954230878 1.0767741396704693 1.0767259771337638 1.0766937986593792 1.0766303651487572 1.0764855492976615 1.0764612204246573 1.0764043839306119 1.0763378420239658 1.076325372133132 1.076450546467819 1.0764833253874704 1.0765382118794564 1.0766539858875257 1.0766633825322192 
# Stellar luminosity-weighted [Ne/H]:
0 -5.111592981513672 -6.416725045876452 -4.7675330717585 -2.8577003587495433 -2.2792881114880377 -1.9517011432077291 -1.7507152755884343 -1.6176648432113954 -1.5145200682772506 -1.4125221270477955 -1.286701978933774 -1.1498932945859703 -1.0350527599086456 -0.9881287105724397 -0.9771774968487863 -0.9784556378098177 -0.986373698209869 -0.993427253867984 -0.998626134691909 -1.0043403394468138 -1.0113268554473898 -1.0183590315766606 -1.0258403642813363 -1.0332164543733944 -1.0402173567453046 -1.0452209864239919 -1.046958527974219 -1.0554400368148364 -1.0567686774089085 -1.0584974920591819 -1.059406186012704 -1.0610917683810177 -1.064207017495849 -1.0652609799601382 -1.0591194064570164 -1.0483495418945834 -1.0344698174921847 -1.019112159053364 -1.002914722762311 -0.9884313572332717 -0.9754011376619296 -0.9631636345543937 -0.9510331476453855 -0.9388980662668187 -0.9279667195242203 -0.9175423297041885 -0.9071241723730141 -0.8967306932786441 -0.8888291607763588 -0.8821821642588183 -0.872101047879962 -0.8664327314943376 -0.8592943839264473 -0.8593278795160888 -0.8519539474769999 -0.8473608806753923 -0.8411765080301583 -0.8404567639532479 -0.7944090587752619 -0.8254803100471984 -0.8515465616001832 -0.8463048370177528 -0.8317082780523117 -0.8269018716595715 -0.819610683039417 -0.8179632482076737 -0.8156146023496751 -0.8213071169783124 -0.8254687038264112 -0.8319091085461139 -0.8322475477291658 -0.840964592531356 -0.8463267875246361 -0.8510541705279229 -0.8514902407379017 -0.8601366371318688 -0.8653369437225775 -0.8728558748552775 -0.8740271070782573 -0.8799381661927512 -0.8838113267599548 -0.8931868047951674 -0.8967240465087931 -0.9011896916498658 -0.907005775413749 -0.9157889936347194 -0.9191830026424608 -0.9311829969547167 -0.9301328172087668 -0.931824202027852 -0.9339681488682059 -0.9440639750370394 -0.9497346575286123 -0.9615181939772537 -0.9648313402573221 -0.9674082057635411 -0.9673238887015785 -0.9755399759030254 -0.9786931396249701 -0.9868721426563933 -0.9635071977258569 -0.9522955567930858 -0.9479325076203349 -0.9456006142981179 -0.9441956754146288 -0.9433049368464115 -0.9427348141805627 -0.9423784860083488 -0.9420707820863718 -0.9434683634107968 -0.9481177525016369 -0.9519303086695805 -0.9548968076903028 -0.9572409090969378 -0.9598987431807826 -0.9618119181458136 -0.9632567697049783 -0.9636452203206485 -0.9643897641323464 -0.9652648003132231 -0.9660219161859542 -0.9664277981267189 -0.9666545910182673 -0.9672688499648032 -0.9679614886756891 -0.9689372862693855 -0.9695772487042236 -0.9701131481813592 -0.9704529003291444 -0.9705021520479225 -0.9709106528631875 -0.970860266253454 -0.9711628789978279 -0.9711627441044621 
# Stellar luminosity-weighted [Si/H]:
0 -5.111592981513672 -6.416725045876452 -4.815360738029966 -2.9053177279321014 -2.3143642631396126 -1.9470743065489957 -1.700560170364314 -1.2162197705941118 -0.6181384096334614 -0.09030775964774396 0.3704498596149737 0.7505597567818709 1.0065235962625598 1.1304318341230983 1.1705873513595408 1.175584733311085 1.16939377549089 1.1604684039711417 1.1512777137667043 1.1423580572058416 1.1334291522615558 1.1250797181803174 1.1169114434118348 1.1088729495257135 1.1011964317330798 1.094856790263112 1.0891671585880602 1.0836305393725554 1.0783718674978044 1.0734635546984324 1.0688988204476848 1.064513524659819 1.0599758142027382 1.0553779411667632 1.0525927981624879 1.0517787727070043 1.050686349821278 1.048872681346269 1.0489563687361443 1.0480691067337755 1.0475437737134703 1.0471298905407158 1.0461381286710068 1.045926493210759 1.0448930158481544 1.0444689901256097 1.0438332978886913 1.0428810312165768 1.042939223707176 1.0408472931682615 1.0417026966946819 1.0411181741185151 1.0405723329734515 1.0409717026594554 1.0379674925455538 1.038811133456241 1.039936823307146 1.0362164147343589 1.0374775792716373 1.0391914926248291 1.0362575266783018 1.0357857820686194 1.037558503608007 1.036249523651244 1.032464616477034 1.0342980498161847 1.0357160114686987 1.031863698339352 1.0274019507203023 1.0287888812388983 1.0294996763970161 1.0251370134485516 1.0189304904191556 1.0206410476743573 1.0233031672081991 1.0206329052024508 1.0140455654569442 1.011430370314231 1.0145471833462096 1.015777554162998 1.0121805249824272 1.0052692931053646 1.0026393299889436 1.0065445745573491 1.0090962363563052 1.006544721479052 1.0005366428649922 0.9930626455341631 0.9953620784328607 1.0010740580724349 1.0021723355881371 0.9983276660023415 0.9922258816199179 0.9851928129622798 0.985876815406586 0.9920027494669896 0.9949862821874818 0.9929967458683104 0.9876968741902128 0.9809162884791682 0.9933370987459318 0.9993646432794958 1.001869008628879 1.0033566208156945 1.004380564411742 1.0051421699806151 1.0057357399160591 1.0062125572190461 1.0069359567538525 1.00852212872628 1.0089913181927206 1.0087351144276218 1.0083932358896233 1.008079925609311 1.0076654101896225 1.0073792772399268 1.0071574936986902 1.0071198548685745 1.006975054182134 1.0068567785605866 1.0067399501352616 1.0066923363774167 1.0066602806611038 1.006597628039085 1.0064534817342095 1.0064299315343201 1.0063738116513354 1.0063077717773776 1.0062956055671526 1.0064210504357778 1.0064541998304888 1.0065091458383266 1.006625220476364 1.006634678686531 
# Stellar luminosity-weighted [S/H]:
0 -5.111592981513673 -6.4167250458764515 -4.891930233881641 -2.9817322728549964 -2.3753428036979622 -1.9994568044364707 -1.749694945679913 -1.2434523295875621 -0.633236748974384 -0.10179193956871124 0.3601444790656796 0.7406321318815134 0.9967252197060308 1.120681263282123 1.1608589333715482 1.165864099602465 1.1596779689433765 1.1507609773903216 1.1415650517664884 1.1326407872513773 1.1237127947563135 1.1153724725930405 1.1072123474534283 1.09916512302304 1.0914890469616627 1.085154221743235 1.0794686901274053 1.0739488841157212 1.068679620968691 1.0637753596360242 1.0591986726252047 1.0548118000377191 1.0502815497965048 1.045683216944334 1.0428890316502013 1.0420755455956603 1.0409808618303265 1.039139071011431 1.0392073093467142 1.0383047318291179 1.0377775849868378 1.0373586349988608 1.0363727926870254 1.0361370764496605 1.0350806938930117 1.034655831570706 1.0340083634736397 1.0330509946781952 1.0330906894120493 1.0310029938016183 1.0318374650453959 1.0312228440386035 1.03070135130735 1.03111949147165 1.028140109876993 1.0290107634780448 1.0301470082306623 1.0264229415194 1.0277067514818952 1.0294372312710869 1.0265243994166067 1.0260418237406976 1.027849043282076 1.026569011034975 1.0229218094509651 1.0246712167006007 1.0260181155153787 1.0221636870980606 1.0176416272780582 1.019095368573474 1.019907608395457 1.0155504676307836 1.009348722346798 1.0110224947272615 1.0136831412810974 1.011042157357851 1.0044499162756386 1.0018081289665077 1.0049512657577564 1.0061736612406458 1.0025802143683737 0.9956681250878683 0.9930336168591567 0.9969291684302881 0.9995092329067439 0.997037052771276 0.9908464630077813 0.9834735328814497 0.9858020617672678 0.9914449786659842 0.992592687205164 0.9887603386376953 0.9826985681180576 0.975648953300134 0.9763089916405239 0.9824226316786588 0.9854606480721166 0.9834382311091643 0.9781699723110342 0.9713365432206356 0.9837387588145967 0.9897499574172057 0.9922446432024024 0.9937254147817778 0.9947440833678329 0.9955014101011894 0.9960913904571251 0.9965651263319919 0.9972834489485116 0.9988547499644147 0.9993112496383696 0.9990489389930111 0.9987032871499815 0.9983873436923947 0.9979701038704585 0.9976821342976878 0.9974590434739992 0.9974210631891705 0.9972756330334747 0.9971565957984003 0.9970391735484512 0.9969912078411625 0.9969590135799966 0.9968958193575328 0.9967511481334919 0.9967268461815353 0.9966701887009553 0.996603780805708 0.9965914624877326 0.9967166769170777 0.9967495277884582 0.9968044714404471 0.9969203226970111 0.9969297330153899 
# X_list:
0.7503178617044381 0.7500074664033831 0.7500005951445384 0.7499792023773361 0.7499122292032454 0.7497527946468929 0.7493360633204842 0.7482517942891946 0.7457384118778242 0.7400184053528308 0.7270834234150969 0.7027325189668172 0.6733531074027087 0.6548862743233872 0.6500523158022743 0.651787333997213 0.6549686960316462 0.6579825929286822 0.6605384074638223 0.6634000031152856 0.6670049114022438 0.6710057390668934 0.6750633201525086 0.6789890834459323 0.6824830342374025 0.6851046647314466 0.6870098789460781 0.6884694301811651 0.6897522502176522 0.6909272417021541 0.692985802084796 0.6930630973832013 0.6932376708843319 0.6937983714467005 0.6926346692073421 0.6899125599406243 0.6860623867467063 0.6819200764920641 0.6776726013497946 0.673587992292636 0.669681711697161 0.6658203248233578 0.6621435890371015 0.6585126841050448 0.6551958220146615 0.6519180959708626 0.6487236231363982 0.6456545052129592 0.6425969691342308 0.639738935374734 0.6369158110290143 0.6344252327562437 0.6321479319370482 0.6302341485131658 0.628572168027743 0.6267243279853895 0.6248991058178733 0.6232857599765822 0.6215882815903218 0.6199074750541891 0.6184364122028229 0.616872790150961 0.6152883788787025 0.6138558456968767 0.6125468687266948 0.6114359750895091 0.6110143103848795 0.6114184960533883 0.6122268606037677 0.6128184232158724 0.6134393574734495 0.6143825345176422 0.6153455198107325 0.6159522270401404 0.6164708121870666 0.617376951446196 0.6183735229110215 0.6191526536911128 0.6196468163373982 0.6203115913382508 0.6211447349582695 0.6222663572872538 0.6229962920329952 0.6234975391425369 0.6239414289816598 0.6249426030539253 0.6260152796401565 0.6269721255414064 0.6276024708753614 0.6278683247047203 0.6283282188585411 0.6291064963630943 0.6299847546518571 0.6308410271663539 0.6316091595337656 0.6319476666258124 0.6323252089573215 0.6329853724398575 0.6337965596453279 0.6347076631943132 0.6348336425886221 0.6353209558553824 0.6356519079311385 0.6359237633225778 0.6361794556746504 0.636438504147264 0.6367267309179319 0.6370507051568965 0.6373686183538863 0.6378412311820315 0.6401956799731535 0.6449651919328954 0.6497440813520811 0.6542644574778955 0.6581905269295568 0.6625709983765632 0.6659392225389977 0.6686755554751977 0.6695431924649263 0.6710074446879771 0.6730264247406923 0.6746680377001852 0.6756671688946212 0.6760500391984973 0.6778254463686365 0.6795530500283615 0.6825910933652057 0.6849793544317088 0.6869366589078564 0.6886522273953563 0.6902466853050765 0.6914814563580646 0.6927865431352329 0.6937513369346849 0.6946812993660385 
# stellar_X_list:
0.7529042722234999 0.7503178617044381 0.7500130649556286 0.7500063708414498 0.7499997369874901 0.7499913305411292 0.7499835755177325 0.749976830455431 0.7499713233357161 0.7499674284961696 0.7499647848365684 0.7499628679222843 0.74996135770557 0.7499600713896798 0.7499589450790929 0.7499579501853578 0.7499570643324657 0.7499562606943886 0.7499555206540075 0.74995483184408 0.7499541972015598 0.7499536224028209 0.7499531067415838 0.7499526435558161 0.7499522260551605 0.7499518459010777 0.7499514926741052 0.7499511582440794 0.7499508383066282 0.7499505322713093 0.7499502390877109 0.7499499689822241 0.7499496970030587 0.7499494285254666 0.7499491683577634 0.749948900766054 0.7499486159253607 0.7499483066089432 0.7499479745439214 0.7499476235102814 0.7499472554354116 0.7499468731470926 0.7499464774286423 0.7499460698442028 0.7499456520324669 0.7499452252641845 0.7499447912030405 0.7499443493944842 0.749943901298118 0.7499434470992445 0.7499429862081185 0.7499425195520958 0.7499420581515643 0.7499415897156512 0.7499411309792655 0.7499406636197643 0.749940207494761 0.7499397479815608 0.7499392895662407 0.7499388317686777 0.7499383829738087 0.7499379239793496 0.7499374752188651 0.7499370244420172 0.7499365783681514 0.7499361236387948 0.7499356848300984 0.7499352494724374 0.7499348245824304 0.7499344010608535 0.7499339995772116 0.7499336032938084 0.749933215074774 0.7499328244779514 0.7499324553952476 0.7499320931523346 0.7499317389422607 0.7499313790078533 0.7499310329608795 0.7499306964417471 0.7499303727272334 0.7499300440563237 0.7499297203802149 0.7499293994620958 0.7499290980337295 0.7499287990869249 0.7499285068594597 0.7499282082977673 0.7499279146202278 0.7499276310205928 0.7499273638474699 0.7499270957722609 0.7499268303407275 0.7499265585032586 0.749926290619124 0.7499260305832742 0.7499257877038056 0.7499255461777352 0.7499253078298128 0.7499250634421102 0.749924820601971 0.7499250786741475 0.7499252276451105 0.7499253448442681 0.7499254442216262 0.7499255306450135 0.7499256072178968 0.7499256759353258 0.7499257392623877 0.7499258615606776 0.74992630146548 0.7499267976459949 0.7499270805313951 0.7499272546777201 0.7499273805176989 0.7499275066995408 0.7499275766165419 0.749927620010029 0.7499276177082906 0.7499276433179465 0.7499276442264664 0.7499276518736465 0.7499276454101395 0.7499276534480431 0.7499276163737078 0.7499276127178194 0.7499275277726261 0.7499274598430206 0.7499274029654923 0.74992733233742 0.7499271961962036 0.7499271507380679 0.7499270314747216 0.7499269602000168 0.7499268842002789 
# stellar_X_list_luminosity_weighted:
0.7529042722234999 0.7503178617044381 0.7500157373366204 0.7500031910602716 0.7499813666916696 0.7499161518272284 0.7497615277732507 0.7493586561727149 0.7483119477829737 0.745885844608117 0.7403723875624962 0.7278999401411933 0.7043264185882078 0.6756656401953891 0.6571846303614807 0.6518358772468795 0.6530607511558426 0.6558976462281793 0.6586921598186222 0.6611026025040547 0.6638244212469704 0.667276285652056 0.6711360343155091 0.6750750225656519 0.678904510078852 0.6823326989605762 0.6849328567328149 0.686838517690002 0.6883039200326395 0.6895872264329713 0.6907598147515256 0.6927606926019996 0.6929093266923113 0.6931088742375958 0.6936638027672947 0.6925965562865467 0.690020027910727 0.6863319886815543 0.6823252049495383 0.6781946912456351 0.6742020431775826 0.6703714449306368 0.6665813485734807 0.662962495675003 0.6593880495074472 0.6561086826486467 0.6528720010616479 0.6497152517882485 0.6466783379826088 0.6436554553461866 0.6408209985220532 0.6380281126912288 0.6355422636913614 0.6332703567391594 0.6313430047291523 0.6296665131799143 0.6278236551911943 0.6260042451311103 0.6243829828626954 0.6226912951026484 0.6210137388079227 0.6195360609432873 0.6179762196691068 0.6163984593751987 0.6149618573153764 0.6136462795962746 0.6125205159414039 0.6120464270851095 0.6123683603853113 0.6130900924653534 0.6136349504977617 0.6142046761183955 0.615087200687631 0.6159931510236977 0.616577642612765 0.6170694170379946 0.6179273531283994 0.6188739844671317 0.6196288619284118 0.6201097474834405 0.6207484227853249 0.6215431136210643 0.6226181075017109 0.623330400798783 0.6238273092897225 0.6242609430296798 0.6252166284243349 0.6262470036290778 0.6271796714432881 0.6278023581415001 0.6280806335256686 0.6285274986917629 0.629276422498005 0.63012265413892 0.6309569706663387 0.6317063979561109 0.6320564899719563 0.6324305596680561 0.6330690414824472 0.6338514717022257 0.6347358108284417 0.6356470141084292 0.6365858254440554 0.6372774253585543 0.6378549093627948 0.6383621304310336 0.6388188051205571 0.6392369510680173 0.6396234192875998 0.6403206941157233 0.6428859630254355 0.6458896630004458 0.64770596145 0.648971613514224 0.6499179629169395 0.6509504659414023 0.6516736881786912 0.6522075226673859 0.6523518468287057 0.6526185168535175 0.6529395814458229 0.6532092819223269 0.6533528985610899 0.6534299207567594 0.6536545377279365 0.6538943318742274 0.6542439140468084 0.654476024359784 0.654657895483169 0.654765658667476 0.654817357865204 0.654962678094788 0.6549551896312247 0.6550690826967186 0.6550767993232377 
# Y_list:
0.027033223800770452 0.0006349961345549283 7.256118530557377e-05 3.7078398885740634e-05 0.00011259567597279537 0.0003363964002854288 0.0008494368479878028 0.002113213844686369 0.005685165710585779 0.01641495127158695 0.046001951142722076 0.1091850701769261 0.19351864933406246 0.25481679508613164 0.2808337304657804 0.2878582877130428 0.28821011235654315 0.2867750689577301 0.28485456394453007 0.2823439121514624 0.2792202072049408 0.2757699724774133 0.2722863005871294 0.26894229744546694 0.2660144583012453 0.26379420325435765 0.262176873279848 0.2609384725781787 0.25992486836350237 0.2589837565371406 0.2569799172055836 0.25711656990951115 0.257176496350946 0.2567219212322156 0.2575125389209572 0.25939398871215674 0.26227537765504666 0.2654589618651577 0.2685853535374484 0.2716880186987982 0.27467421725581276 0.277526373320766 0.2803106717106429 0.283072407778141 0.28557708880906607 0.28802907932506117 0.29043612825796034 0.2927881391026935 0.29505525679861094 0.2973056490050719 0.2993579351491687 0.3013142737423746 0.3031896633077757 0.3047310760326307 0.30630828817916217 0.3078069822708368 0.3092599386146032 0.31083148484376477 0.3121856218405808 0.3135313200950358 0.3149600534734213 0.3162507042218287 0.3174827251728878 0.31879070885358696 0.32012375011004945 0.3209852689231004 0.3213088416225517 0.32131051988658177 0.32105112301780026 0.32060101813185937 0.3201684984805285 0.3198172057965286 0.31949653527388017 0.318968273803575 0.31839493279253805 0.3180837214805624 0.3178608208936277 0.31748356890110674 0.31694429754064946 0.3164388749594143 0.3159967598559894 0.3156795111892589 0.3154358113942339 0.314834404893937 0.31446775608809563 0.31390315803673685 0.31348502694478797 0.31325371074556424 0.31265227880219354 0.3123457366117697 0.3119582347755031 0.31156117240723297 0.31132892331213957 0.31101121589034114 0.3105919818520651 0.31013178454357276 0.3097137268267552 0.3093548666305685 0.3090903131051558 0.3089250063693247 0.3092583502355705 0.3087710903913514 0.30833163180137263 0.30801645094550584 0.30778609991044403 0.30761018833968945 0.3074607425514339 0.30732140287694076 0.3071886886493804 0.3068747757483939 0.30542292425477185 0.3023768483218723 0.29907026160283573 0.2959129943507353 0.2931281884092362 0.2900762749259431 0.28780846708846525 0.2859975953283843 0.28545313899482533 0.28448127562043324 0.28315275278834806 0.2819807147220199 0.28124668065311687 0.2809396176462554 0.27958823111656184 0.27812874973895685 0.2754864993023468 0.27329914792072485 0.27155499295419855 0.2701139814670501 0.2688637579999645 0.2678583875417855 0.26685686406412984 0.2661763371145963 0.2654671763220784 
# stellar_Y_list:
0.247 0.027033223800770452 0.0011111369017490942 0.0005543469790194075 0.0004603051959313315 0.00045123970992985826 0.00046182293122654745 0.0004739464952275748 0.0004838922493609413 0.0004920093735659237 0.0004990546474962046 0.0005052868040210604 0.0005107570628296082 0.0005155983108663354 0.000519911224139602 0.0005237914233284061 0.0005273193574547116 0.0005305607094587118 0.0005335681192960811 0.0005363730140598641 0.0005389973175384387 0.0005414506730148867 0.0005437427455854732 0.0005458964507370228 0.0005479368872528692 0.0005498749471318454 0.0005517173716367698 0.0005534827696180213 0.0005551838582024905 0.0005568253111291963 0.0005584093893986757 0.0005599229008708621 0.0005614012374646802 0.000562849849158385 0.0005642660062753113 0.0005656453193573505 0.0005669934816100996 0.0005683464370211215 0.000569689270731884 0.0005710167205000573 0.0005723384922443383 0.0005736432218509369 0.0005749403662771969 0.0005762249811584794 0.000577498679525217 0.00057876272265884 0.000580010498989268 0.000581253825720056 0.0005824757655615255 0.000583698847272283 0.0005849143034563063 0.0005861150076476807 0.0005872945017718377 0.000588459970341578 0.0005896047932573965 0.0005907696433951578 0.0005918695828187027 0.0005929865948364682 0.0005941000780835722 0.0005951785542096233 0.0005962350945856419 0.0005973247641877143 0.0005983672022228935 0.0005993923222583625 0.0006004255050719602 0.0006014781307942132 0.0006024649722754333 0.000603443998183142 0.0006044323047263407 0.0006054253830731425 0.0006063497824558238 0.0006072619553800879 0.0006081926306140224 0.0006091423539923429 0.0006100215491307385 0.0006108739787338278 0.0006117287810152954 0.0006126263748871757 0.0006134878247540028 0.0006143100348374913 0.0006150950917122374 0.0006159103886075811 0.0006167442991783155 0.0006175712978251623 0.0006183330515995265 0.0006190801269037172 0.0006198131823155264 0.0006205979774964825 0.0006213902282785115 0.0006221408241009793 0.0006228351106209027 0.000623527338466171 0.000624214015401349 0.0006249452576605004 0.0006256887096278827 0.0006264050857169551 0.0006270615488166139 0.0006277073058133058 0.0006283442323887702 0.0006290011460598042 0.0006296862821142119 0.0006290415715495704 0.0006286736250472323 0.0006283769210255083 0.0006281200161496553 0.0006278935489025594 0.0006276912432033098 0.0006275147000305649 0.0006273777518032887 0.0006271094741682588 0.0006260483362477465 0.0006248972970376037 0.0006242157772154632 0.0006238785091362465 0.0006236235937423115 0.0006233480969687247 0.0006232194254266755 0.0006231605415718345 0.0006231588035659084 0.0006231516749408868 0.0006231976021518447 0.0006231757466625622 0.0006232424735562676 0.0006232264669181126 0.000623356999315029 0.0006233728361754829 0.0006236422242656549 0.0006238683285420794 0.0006240680799101015 0.0006243038901924973 0.000624654123036631 0.0006248352159854021 0.00062514008674585 0.0006253840456325912 0.000625589499269681 
# stellar_Y_list_luminosity_weighted:
0.247 0.027033223800770452 0.001338415219406045 0.0002925890281236088 0.000153087267602666 0.00018590654739667265 0.0003820224279079986 0.0008664578945982221 0.002079332862500484 0.0055140473733613846 0.015816937384273522 0.04426169001358978 0.10528255387799758 0.1873109832200869 0.24815462691438026 0.27518957980293696 0.28338094293989474 0.2846065938091179 0.2837768915186468 0.2822953194426129 0.28014402320882054 0.2773318129101198 0.2741469783071375 0.27088386057753966 0.2677216249024851 0.26493325388457645 0.2628065837391341 0.26125497655060537 0.26007001380112293 0.25910400670197775 0.2582103745477973 0.25631402239679046 0.25641194055316413 0.25647736547890054 0.25606425822027445 0.25681616932262885 0.25862255724787325 0.26140330414797186 0.2645023874367515 0.26756701311320985 0.2706172389415925 0.2735626869942183 0.2763829846689078 0.2791383185537431 0.28187165319114116 0.28436307416085954 0.2867994663202892 0.28919104852235905 0.29152898772978986 0.29378505831535917 0.296022686589345 0.29807091353608495 0.30002699069746774 0.3019007827910366 0.30345944101765776 0.30504085326504654 0.30654682545995515 0.308005592443872 0.3095730400311507 0.31093737472335403 0.31228834663674027 0.3137147106984253 0.315012547109406 0.3162515896051146 0.3175586828897149 0.318889790405413 0.3197787228969143 0.32015380609366334 0.3202069949825848 0.3200065176005559 0.31960957921229977 0.3192248185619628 0.31890553765808877 0.31861876357938357 0.3181309220099552 0.3175998268522927 0.3173044180168693 0.3171002412355256 0.3167492893718217 0.31624777839574075 0.3157674564665492 0.3153498239760761 0.31504467898209276 0.31481475648959284 0.3142481465625315 0.3138970856302551 0.31335966078165284 0.31295875404945606 0.31273045861013404 0.31216431775755304 0.3118619209912429 0.3114924138797178 0.31110927831509244 0.31088291024358217 0.3105771579514571 0.3101784348968139 0.30973523105830075 0.30933296381048286 0.30898280324654187 0.30872485317107606 0.30855933102701444 0.30338382162279515 0.2999728219115157 0.2980604874850649 0.2966637942855109 0.29553309101562447 0.29456977603068796 0.2937228530818129 0.2929637417824864 0.29164066555430695 0.2870880243919158 0.2820440124261941 0.279026737170365 0.2769238431995724 0.2753519859166458 0.2736302309670074 0.2724263620205711 0.27153712471908914 0.27130665405161974 0.2708524283005726 0.27032607036438244 0.2698861577325751 0.26963877200926617 0.269516079738607 0.26914639364594667 0.26874030284821504 0.2682021580225837 0.2678284434824079 0.26753174974011434 0.26736211032667806 0.26731433080829003 0.2671007050715284 0.2671264447561868 0.2669841763784632 0.2669731537735191 
# Z_list:
1.0944625020554838e-07 2.5708345528539606e-09 2.0010444774758708e-07 1.6343821860622536e-05 5.8803390885597794e-05 0.00016218601187720265 0.0005015556911235842 0.0015147554940716469 0.003830316513637371 0.00848700754169001 0.01776677061414827 0.034048520594179586 0.052914206224983724 0.06470213623620123 0.06926161346500583 0.0703595652336485 0.07018849475777011 0.06959056806338908 0.06912524288300831 0.06860789442396328 0.06796234473606241 0.06730362661117517 0.06659289931008512 0.06589177033161775 0.06518690328694564 0.06467882838436144 0.06417896562153962 0.06382599932696048 0.06335347802436285 0.06308296566718119 0.06282270207948776 0.06247312148253908 0.0621890141779447 0.061933502610634 0.062194799876583044 0.06252709503380306 0.0632669946455708 0.06368928981477254 0.06496382335509496 0.06499899344901514 0.06696486075610177 0.06595363769357027 0.06973297606946069 0.06546169984046529 0.07487979458918356 0.06030370072231179 0.08861585360402432 0.03841256254789984 0.13485396351629148 4.94201632457347e-10 0.2511727855495106 5.121938360381807e-10 0.4288280511926771 5.302582798415258e-10 0.7135315000756733 5.459977942729249e-10 1.2026636732234053 5.609780313357158e-10 2.0612602891232803 5.827249070652117e-10 3.628573448376784 5.958479304256006e-10 6.639498259583645 6.1486008207685e-10 12.4516002468893 6.302571638701563e-10 24.496411069214634 6.46819631842549e-10 49.328269365716444 6.641843177777511e-10 104.27716793418271 6.800983290651527e-10 224.34854036917704 6.950577390376207e-10 508.32466465081643 7.166097899961892e-10 1172.9142190653918 7.227932147364285e-10 2819.4077942515423 7.521770392053238e-10 6998.682491234288 7.551925442535758e-10 17636.464068573227 7.791054567536866e-10 46783.9064803779 8.004670565889122e-10 125992.75838226006 7.96253837862374e-10 347175.390952938 8.339585146190702e-10 1004846.0761341073 8.493297986116028e-10 2933986.204032246 8.432076367854061e-10 8713892.688463073 8.79180257245897e-10 27282551.567535285 9.017452875446601e-10 86513885.77646117 8.971764337789404e-10 274137048.82990074 4.803003993786226e-10 323937756.8132656 2.5396962164555885e-10 239509494.82691437 51578982.099749275 145782544.71525234 83078505.07934406 100657970.93416594 76992634.73134166 46472846.6846873 28776232.91665157 22086976.934327435 18067220.718373377 15541988.426427225 13066582.336788915 11504348.793933624 10398223.384010514 10116507.800698426 9582019.675121443 8925257.875649799 8433887.211989919 8160664.084005679 8046941.569713009 7592694.48264199 7186118.583710047 6588092.865564089 6191562.82036408 5874808.746343986 5606519.900295177 5370695.855815153 5182195.5085045975 5006148.4874702515 4852895.184968305 4720355.031950731 
# stellar_Z_list:
9.572777650013187e-05 1.0944625020554838e-07 4.498529966595523e-09 1.1628298589664206e-07 4.3707053885643315e-06 9.71111696157774e-06 1.4741788465753301e-05 2.009733738164815e-05 2.524032730225072e-05 2.895386321864814e-05 3.1199398710153805e-05 3.257808805796431e-05 3.3555633017294974e-05 3.436130573857562e-05 3.507449892066484e-05 3.574395726951095e-05 3.638155193680335e-05 3.69882383223354e-05 3.756421414933118e-05 3.811485559820117e-05 3.863988832542738e-05 3.913909694833144e-05 3.961352573227369e-05 4.006532945766217e-05 4.049696271498121e-05 4.090981390225369e-05 4.130625394081392e-05 4.1687583664149105e-05 4.20568354914319e-05 4.241274458429755e-05 4.2758453179282166e-05 4.309287621902778e-05 4.341810048043544e-05 4.37351652144482e-05 4.4044209039172643e-05 4.434911814801198e-05 4.464908996300032e-05 4.494983701655357e-05 4.524775089680878e-05 4.554871857198931e-05 4.584186155366553e-05 4.6144871703108965e-05 4.6430141138375456e-05 4.6741699614199735e-05 4.7006850434760194e-05 4.734698159736974e-05 4.755404801071071e-05 4.7992639689157395e-05 4.800773983113587e-05 4.880221753657825e-05 4.846841201173054e-05 5.011426363545542e-05 4.96085913837631e-05 5.2393737407938475e-05 5.1597981657875295e-05 5.615487295479784e-05 5.4890025108573476e-05 6.234460064512402e-05 6.030937621668033e-05 7.284875375520203e-05 6.946768400741973e-05 9.109934316690002e-05 8.531933902077447e-05 0.00012383215689947935 0.00011363108650793718 0.0001851301836175559 0.00016634909503629398 0.0003024862048588721 0.00026695006288621545 0.0005392218952147324 0.00046869764615998496 0.0010255742760702053 0.0008820612936069456 0.0020783936021101135 0.001772118023858953 0.004383920972171512 0.0037176837908368624 0.009726491450911144 0.008203129224501162 0.02225951584492267 0.018706795882876322 0.05296876421513431 0.04435019078414923 0.1305336840537999 0.10893265954976517 0.32879522213920753 0.27380698073613796 0.8646231909645463 0.7175748457832152 2.3272491231157124 1.927350974898958 6.413496794148566 5.301565858082951 18.43988426035993 15.197255422409834 53.96345326469036 44.40560935374378 160.7289749764333 132.0924473548273 500.2810827118802 410.01768233396376 384.1203218317141 370.25604465927114 360.7887247968758 353.63741749920524 347.9216466136645 343.18464722841924 339.1572824033945 335.66559289014407 329.8235953729982 312.34779253425586 297.04100438806046 289.57503872616195 285.13340895130864 282.122948503228 279.13715440035884 277.1866139112715 275.86244697949144 275.59597287773863 274.95489747760774 274.32349782521624 273.7856287773856 273.5595314430781 273.3998339365974 273.1590542396558 272.78434785829745 272.7309681354833 272.7488632388863 272.88168919963977 273.28854453847924 273.91141570253876 274.03523535755465 274.87976792951713 275.14314965343954 275.75769178599546 
# stellar_Z_list_luminosity_weighted:
9.572777650013187e-05 1.0944625020554838e-07 5.418685098809897e-09 1.9419107442980495e-07 1.5728356075041017e-05 5.684506449957303e-05 0.00015694658944562757 0.0004841889354070295 0.0014606138568853603 0.0036956137645971438 0.008191766872051028 0.01715836427852106 0.03294475765066453 0.05137619173074222 0.06318790754494573 0.06801183402584446 0.06936547680045721 0.06938593851222218 0.06892723456207861 0.06855224159310008 0.06810889945058395 0.06752948365595823 0.06692480697059766 0.0662624695391763 0.06560196438728634 0.06493312184356867 0.06444649333967696 0.06396901419810207 0.0636293181617186 0.06317865656718813 0.06291568724810935 0.06266554938576463 0.062331531796283667 0.06205705136252801 0.06181007690971685 0.062050831927891424 0.062370213327856014 0.06307863683131006 0.06349922220532937 0.06471928709592249 0.06479179754841673 0.06665982069181438 0.06576471474786579 0.06932060997688706 0.0653971310763408 0.0741918124349251 0.060692702215143966 0.08704248557011428 0.04043778135894456 0.130091404316678 0.005339635330664654 0.2382060497906847 0.0079728638460695 0.4054686223483038 0.012613792371398942 0.6737801360260608 0.02027229304454079 1.1346412044180092 0.03345167791240287 1.9433750068126958 0.056550533253483144 3.4190206644349357 0.09848839864345975 6.25233863101789 0.17840750723667956 11.71990557898782 0.3321751417369452 23.044122591416883 0.647902437788535 46.384302782469284 1.297317349816336 98.00469779922088 2.722586107854916 210.7790236094283 5.8334628569706855 477.3563417890977 13.13171075782891 1101.096302545175 30.19141478841788 2645.7477846241213 72.22233383393 6565.298693551202 178.53967707026874 16539.850786747473 448.82869804800737 43858.11085924249 1184.810173628191 118082.27899373407 3183.2199156793067 325291.0637886188 8750.273574474604 941180.1882714239 25219.828276867433 2747486.0566928936 73521.2686948157 8158150.027527937 217998.67135735002 25534228.52161508 679850.893957511 80952372.38655826 2152277.6199103147 10795972.84326079 10245620.099046843 8805501.943762504 7715889.824988175 6910066.82605114 6296185.767713273 5814073.855290062 5425128.85243928 4835510.509774257 3448436.0968724387 2596017.882838467 2271878.490044953 2097511.216195675 1982832.128358958 1864939.5811160752 1784918.8468653646 1730964.431787232 1718043.5174887336 1692940.9611486495 1662859.8389131597 1639017.1456482974 1626552.5559182933 1620442.127177523 1600496.9297864602 1580544.7720705573 1554637.7891184522 1535398.8131681976 1522949.8650995127 1516831.5998726038 1509119.264714845 1500064.9248600462 1501915.0298892946 1494075.4855847294 1495790.7584916134 
# formed stellar mass list:
1e-15 3646104.478173755 153981143.14683104 162251408.91015044 84598647.23383872 34504725.40457429 12460045.777269702 4193916.4857187504 1351993.9325967263 425652.23789003957 134181.32918304813 44592.98716592451 17344.46083536609 8961.074502493788 6225.424222405415 5186.324170856436 4672.341786844046 4337.539345965581 4077.2428883562748 3858.293637569982 3664.755591088785 3492.211651228339 3333.8740584986917 3192.0205827941745 3065.3185698503435 2951.0771900817654 2842.535815465851 2742.9351751483723 2653.1323300972845 2570.013042542908 2492.0177315991164 2415.2762355588497 2350.404393878938 2290.4197330099923 2233.883067345978 2177.3232534288 2119.399869513257 2070.341374124169 2028.5037256780363 1980.9099606908032 1940.5336287784178 1900.2197047400189 1861.6561587028232 1827.1923061038854 1791.187672141532 1759.8925050328182 1727.505242962122 1697.4569021798347 1669.6312604164143 1639.4079493954785 1618.7724755624831 1587.2090168390262 1561.9086832203996 1536.9763601205768 1508.6987425054256 1493.4837665145412 1465.207384336261 1437.2659986003957 1426.0808005175559 1399.6239530028886 1372.8604875138337 1361.833239982378 1342.6244502159775 1316.299333264057 1301.1090219059138 1294.3019543141847 1269.323136428186 1245.4114558828103 1236.820839406338 1229.1058119792685 1204.4849277331107 1182.9920172401808 1176.3004933413986 1174.3662465337768 1150.9835155676171 1126.373038964395 1116.3676678269414 1116.8893568840242 1106.8172524166894 1082.2807472750878 1063.5793946132699 1057.6226447658319 1059.332492206622 1051.0344076361512 1026.818632914439 1006.9855026904721 999.4165199116346 1000.0789002388475 1004.7047335403532 985.2379897137866 959.2803310670898 945.2490575851314 941.9191476712085 944.035183882677 948.7580106008904 934.8616210351747 909.9385403694853 893.0842395998495 887.168484326988 887.8529525694 891.6863728022485 1e-15 1e-15 1e-15 1e-15 1e-15 1e-15 1e-15 1e-15 1e-15 1e-15 1e-15 1e-15 1e-15 1e-15 1e-15 1e-15 1e-15 1e-15 1e-15 1e-15 1e-15 1e-15 1e-15 1e-15 1e-15 1e-15 1e-15 1e-15 1e-15 1e-15 1e-15 1e-15 1e-15 1e-15 
