# time step list:
1000000 10000000 20000000 30000000 40000000 50000000 60000000 70000000 80000000 90000000 100000000 110000000 120000000 130000000 140000000 150000000 160000000 170000000 180000000 190000000 200000000 210000000 220000000 230000000 240000000 250000000 260000000 270000000 280000000 290000000 300000000 310000000 320000000 330000000 340000000 350000000 360000000 370000000 380000000 390000000 400000000 410000000 420000000 430000000 440000000 450000000 460000000 470000000 480000000 490000000 500000000 510000000 520000000 530000000 540000000 550000000 560000000 570000000 580000000 590000000 600000000 610000000 620000000 630000000 640000000 650000000 660000000 670000000 680000000 690000000 700000000 710000000 720000000 730000000 740000000 750000000 760000000 770000000 780000000 790000000 800000000 810000000 820000000 830000000 840000000 850000000 860000000 870000000 880000000 890000000 900000000 910000000 920000000 930000000 940000000 950000000 960000000 970000000 980000000 990000000 1000000000 1010000000 1020000000 1030000000 1040000000 1050000000 1060000000 1070000000 1080000000 1100000000 1200000000 1400000000 1600000000 1800000000 2000000000 2300000000 2600000000 2900000000 3000000000 3200000000 3500000000 3800000000 4000000000 4100000000 4500000000 5000000000 6000000000 7000000000 8000000000 9000000000 10000000000 11000000000 12000000000 13000000000 14000000000 
# Number of SNIa + SNII (log_10):
0 0 5.265388506994331e+53 5.487932127323314e+55 1.280089420902679e+56 1.8521593340625279e+56 2.2710192390600554e+56 2.637927617940023e+56 2.9826459183032003e+56 3.289896103986e+56 3.555869790586307e+56 3.786593314794804e+56 3.989310103624164e+56 4.169927644304788e+56 4.332804108229934e+56 4.481129070911517e+56 4.617324901181863e+56 4.743242811270083e+56 4.860336865907682e+56 4.969770776473815e+56 5.0724907688702224e+56 5.169277033888166e+56 5.26078029894232e+56 5.34754951302389e+56 5.43005244634518e+56 5.508689667895323e+56 5.58380873275009e+56 5.6557122594666155e+56 5.724663648624848e+56 5.790895638680513e+56 5.854616811045783e+56 5.91602106011725e+56 5.975251900984119e+56 6.032460601882865e+56 6.087788028995977e+56 6.141354801872269e+56 6.193268517691068e+56 6.2436204188291966e+56 6.2925154371163545e+56 6.3400331103848935e+56 6.386244590125474e+56 6.43122071781219e+56 6.475023259973184e+56 6.5177129576743414e+56 6.559346115404599e+56 6.599974054109934e+56 6.6396442980661594e+56 6.678394862693115e+56 6.716278360231492e+56 6.753332207006442e+56 6.7895860931222336e+56 6.825071099971167e+56 6.859825559817111e+56 6.8938765204496485e+56 6.9272524011721415e+56 6.959977617781608e+56 6.992078709035067e+56 7.023555203859203e+56 7.054477146121013e+56 7.084855252299599e+56 7.114701365765883e+56 7.144023476306431e+56 7.1728252636032465e+56 7.201137993476455e+56 7.228987882925235e+56 7.256382943681166e+56 7.28333966536325e+56 7.309874101794241e+56 7.335996560875275e+56 7.361717622652127e+56 7.3870534271518795e+56 7.412015730100193e+56 7.436604481955025e+56 7.460843389002025e+56 7.48474428008956e+56 7.508309166691171e+56 7.531547767322159e+56 7.554469668465764e+56 7.577083692559973e+56 7.5993963047013465e+56 7.621419376222374e+56 7.643149075364078e+56 7.664608122822955e+56 7.6858014937378944e+56 7.706730528106435e+56 7.727400579199895e+56 7.747819473543499e+56 7.767998175225498e+56 7.787933346708339e+56 7.8076288518148274e+56 7.827100701046827e+56 7.846340906482228e+56 7.865368818407032e+56 7.884199908821423e+56 7.902820034575567e+56 7.921231090668717e+56 7.939441906733453e+56 7.957460775657675e+56 7.975284657305018e+56 7.99292048868133e+56 8.010370832980417e+56 8.027637601596977e+56 8.044738514793143e+56 8.061670282252036e+56 8.078431173661975e+56 8.095028440903497e+56 8.111461807751148e+56 8.127732410214025e+56 8.14384747765226e+56 8.175625660566822e+56 8.326109334953995e+56 8.59186742806649e+56 8.821329030735278e+56 9.023226047412903e+56 9.203499376834825e+56 9.442188832880087e+56 9.651194344151616e+56 9.837089619682478e+56 9.894792681387531e+56 1.0004480097087332e+57 1.015671307661892e+57 1.0296339203511713e+57 1.0383370442207802e+57 1.042525099487514e+57 1.0583091312215562e+57 1.076160492587829e+57 1.1070286218199994e+57 1.1331014355536531e+57 1.1556717688836843e+57 1.1755754564089338e+57 1.1933614641793112e+57 1.209458664798626e+57 1.2241463586408703e+57 1.2376545696320265e+57 1.2501589144728694e+57 
# Gas [Fe/H]:
-5.218485947384705 -6.812943270487043 -5.8507443311456395 -3.5834972961845644 -2.843848667659395 -2.371806199311088 -2.0362506306366095 -1.0777055461129272 -0.2791126353284099 0.34229582774368605 0.8469601795819743 1.2130511721154869 1.4038733681777433 1.4656102194784393 1.4757638299105733 1.470289867630524 1.4619397995862289 1.453374552433608 1.4455387589653057 1.4377761502132573 1.4315634653202958 1.4236925048492228 1.4165499156827441 1.409408158888502 1.4029964874274667 1.397699074357631 1.3930316505718374 1.3883262514160726 1.383354705233919 1.3792114810705116 1.3759601341436007 1.3720426402485209 1.3677339389414604 1.3615500269436716 1.3637236104186923 1.3600847269440535 1.3604944637101077 1.3589309302432016 1.359407061947095 1.358877690741339 1.359150655219271 1.3581405978215684 1.3572019173456762 1.3578742023382202 1.3584785800570516 1.356968892984085 1.3631178097250647 1.3503997440923605 1.355352723596067 1.354274260406239 1.3537751377843326 1.3571892231247795 1.3561251162358872 1.3536922062294052 1.3528549911100098 1.3538359108703504 1.3562999486080547 1.3483208330905767 1.3513453233205026 1.3541957751515468 1.34956059373111 1.3557455276749653 1.3453781341149487 1.3556305492235179 1.3465449243093928 1.348240590341487 1.3509988902593872 1.3511427292817952 1.3491068352813933 1.3494757422955375 1.344743809360069 1.3422415349998515 1.3431287203997022 1.328582938791251 1.3412161230824604 1.3344844370687357 1.3323585384014538 1.3251013955468958 1.3274955173705236 1.3267274452128972 1.327404877379081 1.3227514952212904 1.3165945981525207 1.3214058156115471 1.3203686308262998 1.3136151821377098 1.3040709853601946 1.3193842358151788 1.3220147043916097 1.2997441356674146 1.3301248264307008 1.3179470052950988 1.302792052086141 1.3089944885706624 1.3134236616608486 1.2855720647721331 1.3118339546932165 1.310142089154661 1.3039118004459302 1.2985517593957332 1.2866753205586852 1.2969950418253342 1.2949839367213385 1.3005232094542007 1.297676432775606 1.296860914254352 1.2962176692524148 1.2940751674873954 1.2920223507052229 1.29149392793926 1.288390548036611 1.2794018260151159 1.2737222178732277 1.2670797380337322 1.2627141618381965 1.2585457935349256 1.2559478741056966 1.2535847451740092 1.2526280317088703 1.2519897222381275 1.2511193499926807 1.2515369641328893 1.252175640106719 1.2528483884546504 1.2540993292965856 1.2576398996035674 1.2637082570953102 1.2700927971000988 1.2740840502537494 1.2759617979712146 1.2763884023947414 1.2763241641448269 1.2767130176773684 1.2757004698696703 1.2751048352039818 
# Stellar mass-weighted [Fe/H]:
0 -5.218485947384705 -6.559046639961519 -5.96190391056181 -4.027853901375828 -3.5643663476881535 -3.355710528062696 -3.2562720255341837 -3.025967128274786 -2.780543382665976 -2.598070149722515 -2.46976144558972 -2.3771764069129624 -2.307221988263855 -2.2521555192913345 -2.2069662504416456 -2.168955414093828 -2.1363794785749084 -2.1079829893283906 -2.082874277565722 -2.0604473397294223 -2.040206707919962 -2.021812693063686 -2.0048536372171846 -1.9894194511019059 -1.9749415840466238 -1.961580395296326 -1.9491015944602355 -1.9373409044209584 -1.9262901501782945 -1.9159239275772197 -1.9061034531198446 -1.896838648892892 -1.8880216337319178 -1.879612923018203 -1.8716137734654277 -1.863962669996793 -1.8566486726912839 -1.849627428548203 -1.8428963996721093 -1.8364444405125004 -1.8302340304632736 -1.8242465859262023 -1.8184685812032324 -1.8128762572568355 -1.8074917763917826 -1.8022748896460747 -1.7971703177985976 -1.7923374602341102 -1.7875777960135864 -1.7829563888154487 -1.778461322251375 -1.7741195794741715 -1.7698713017029188 -1.7657623917406147 -1.7617504976799712 -1.7578346750836502 -1.7540279295355354 -1.7503256932236866 -1.7467204810953643 -1.7431891507451223 -1.739738739734003 -1.7363686643000111 -1.7330787569379211 -1.7298586130181706 -1.7267183122152314 -1.7236494900288504 -1.7206287769239577 -1.7176661405328817 -1.7147718909950465 -1.711946365581916 -1.7091583589223838 -1.7064459961523264 -1.7037601785315717 -1.7011557921025986 -1.6985706103182636 -1.6960495463596104 -1.6935495681520107 -1.691130573157424 -1.6887289326387949 -1.6863932350895672 -1.684066194035319 -1.681796913135348 -1.6795539122003786 -1.677372025743991 -1.6752007172028556 -1.6730850218392552 -1.6710174596265759 -1.668952888540069 -1.6669109841347698 -1.6649042940056784 -1.6629201941255172 -1.6609797014668874 -1.6590417849061154 -1.6571549734115987 -1.6552874843462426 -1.6534235682437046 -1.651612442418739 -1.6498616701031246 -1.6481474808384844 -1.6463929321422244 -1.6461996698421366 -1.6460493521973616 -1.6458850692006433 -1.6456805849974883 -1.6455252634067454 -1.6453800779965784 -1.6452178873688732 -1.645067204361359 -1.6447762999958675 -1.6434342338662464 -1.641020494362433 -1.6390584071159893 -1.6373257692450762 -1.6359239668668177 -1.63429620522325 -1.6330498011385322 -1.6321114053584767 -1.6317946438536843 -1.631405028887957 -1.6307710520566454 -1.6303471889374253 -1.6299888686817985 -1.6299059407799064 -1.6291860534581009 -1.6287097987380168 -1.6273511618152208 -1.626370807756679 -1.625576454033414 -1.624723464302729 -1.6235286882518905 -1.6228900992350423 -1.6219394884063645 -1.621116323865201 -1.6204579994830448 
# Gas [Mg/Fe]:
6.938893903907228e-17 -1.3877787807814457e-17 0.9727666782042808 1.0247008196914436 0.8145369474164746 0.631443219702232 0.49499414442623413 -0.31002203129780526 -0.9456357431397947 -1.3308699015708594 -1.5175212660196347 -1.595091817443981 -1.6248118405192877 -1.653482392487642 -1.6536854919983974 -1.6285151324829372 -1.6328002795414966 -1.632994203147798 -1.625096073083686 -1.614937287298501 -1.6104117595851273 -1.6117196504126248 -1.609595551256845 -1.6094660316496538 -1.6101419732940176 -1.6026521328152443 -1.578992377226431 -1.6124898334975715 -1.6208438967741943 -1.6044601425582616 -1.5955348760738097 -1.5882156521729613 -1.5725767615218234 -1.5722936068544318 -1.5713076514164748 -1.5625169195647444 -1.5441478839967986 -1.5135986069075595 -1.4956731974634323 -1.4738364196094171 -1.4691042606701294 -1.4572482637155955 -1.4221500455052098 -1.415459988010167 -1.4009527679459608 -1.3837240516963814 -1.3804620971366441 -1.3585177148915637 -1.3546033519152394 -1.3452612820795045 -1.3328615099536414 -1.3277102796724969 -1.3348337059022184 -1.3157509161225378 -1.3320688638764584 -1.3482984091431804 -1.337582474375788 -1.383111812406992 -1.353798220804454 -1.3980240608542296 -1.389423238476334 -1.3919580530214786 -1.4033222507870258 -1.403443165105423 -1.4080613269725575 -1.4174869330195112 -1.4284640055475926 -1.4328368170629104 -1.4684528788067694 -1.4286054340460377 -1.45484651828826 -1.4467819982366819 -1.4520038756975697 -1.475393407688469 -1.4649216629103712 -1.4595836577280228 -1.4734406937038453 -1.4919248438818007 -1.494085988890978 -1.5172545342449302 -1.5292942766306 -1.5410282863194837 -1.420377869406615 -1.5369093362966155 -1.5109613727120297 -1.5064975239589804 -1.5172321468541223 -1.5109728785145577 -1.5414804950418879 -1.5347540814692169 -1.5813985177122407 -1.5948912650457436 -1.5760821478652371 -1.5962349477167381 -1.5690707804467583 -1.6130211369579694 -1.5824437329967258 -1.6277066372791489 -1.6495762117313728 -1.564746580303286 -1.6157578729893023 -1.6028919751624229 -1.6495696716809045 -1.5680730372398544 -1.6041973496688722 -1.6061863596257988 -1.607624400632803 -1.6032954568065096 -1.6030179929822317 -1.6094131780388636 -1.6039450458300042 -1.6458990596547098 -1.6441989272020978 -1.6489469122348892 -1.6483555128326355 -1.6579231954445657 -1.6655886024354116 -1.66825089346563 -1.6694066191699375 -1.672567966087178 -1.6722992139977932 -1.6732427716100906 -1.6745076155996648 -1.6745802261936873 -1.6763211612188873 -1.6777459164630528 -1.678925316954033 -1.6794887991886092 -1.6820795121263135 -1.6830788851476228 -1.6836753653640992 -1.6841181611573866 -1.6849918104774948 -1.684863655701357 -1.6850903844749343 
# Stellar mass-weighted [Mg/Fe]:
0 -1.3877787807814457e-17 -1.3877787807814457e-17 0.9236861574247432 1.0239025819702312 0.8732513792457531 0.7760213035955593 0.7222752978564042 0.5108121801541442 0.27369034827337385 0.09577755689869988 -0.02899087480957145 -0.11858234312829896 -0.185963938652718 -0.23862466018392695 -0.2813553934594152 -0.3170131521623224 -0.3475644235347478 -0.3740816576577005 -0.3974171772947944 -0.4180570847814336 -0.4365961955468271 -0.4534019330157464 -0.4688469032701606 -0.482831344454876 -0.4959030518437738 -0.5079305279620667 -0.5190858212913729 -0.52960085538643 -0.539479143337478 -0.5487162107350199 -0.5574119668408765 -0.5655818866899243 -0.5733290509150226 -0.5806968126715961 -0.5876852942965689 -0.5943349873232502 -0.6006502564169368 -0.6066423047987762 -0.6123439276458937 -0.6177778749951418 -0.6229789276850507 -0.627957084401755 -0.6326746680434817 -0.6372161733535184 -0.641563469189124 -0.6457586151932897 -0.6498265881051509 -0.65361619553761 -0.6573447808404451 -0.6609352339689645 -0.664378328733212 -0.6677222870923136 -0.6709691440831711 -0.6741000104753153 -0.6771442485551418 -0.6801580620407957 -0.6830655589911155 -0.6859682182597964 -0.6887592969422215 -0.691517989301191 -0.6941977603296045 -0.6968322422481382 -0.6994103370117445 -0.7019286419729693 -0.7043891585900875 -0.7068285246127453 -0.7092014152404708 -0.7115291286508704 -0.7138496311055348 -0.7160879182266461 -0.7183186393548244 -0.7204470331517167 -0.7225845450435093 -0.7246762803146135 -0.7267358400009399 -0.7287279973787288 -0.7307192683508942 -0.7326695505145268 -0.7346124872857636 -0.7365125024035482 -0.7383998081602833 -0.7402461612341659 -0.7419904812482582 -0.7437789762009167 -0.7455334374054912 -0.7472341879431297 -0.7489282267457126 -0.7505890770831394 -0.7522207072367365 -0.7538243615687258 -0.7554675886922302 -0.757096803270174 -0.7586631718625787 -0.7602365803464172 -0.7617853827478099 -0.763313707455556 -0.7648088796672233 -0.7663121000844294 -0.76771121261236 -0.7691478247511189 -0.7692821962852587 -0.7694016004299489 -0.7694992137757485 -0.7696319991400874 -0.7697253200213835 -0.7698073808593071 -0.7698898619220867 -0.7699613873031215 -0.7701480765345466 -0.7709644371753976 -0.7724289163010778 -0.773625102386224 -0.7747344323271002 -0.7756782949499236 -0.7767396485552832 -0.7775180326790803 -0.7781674585501186 -0.7783652378970877 -0.778641629664477 -0.7790525796338797 -0.779300888014178 -0.7795807980122884 -0.7796221634616248 -0.7801219782261938 -0.7804746402730126 -0.7815109161949092 -0.7823266151913367 -0.7830180290836506 -0.7837311651706023 -0.7846391906807277 -0.7852252468736329 -0.7859376753682805 -0.7866569253536078 -0.7871838486235374 
# Gas [O/Fe]:
0.0 -2.220446049250313e-16 1.1928701039623921 1.2323950807600772 0.9944620293712712 0.7739514581208979 0.6013725000057588 -0.2331118749791966 -0.8801496206560503 -1.2505541462591092 -1.4178418115718332 -1.4755269406936349 -1.4911757112804154 -1.5066674852655104 -1.5076972404261066 -1.500296563621087 -1.4998484442673026 -1.4973173722586817 -1.4968852992947652 -1.499812062907346 -1.488058209366581 -1.4910022007097252 -1.4939117009770637 -1.4901397557626215 -1.49558774692525 -1.4888335997011755 -1.481485690928824 -1.4932612756470478 -1.507176160567834 -1.4940877418462244 -1.4984118872545058 -1.4922945105917365 -1.4770679753697058 -1.4844259732029728 -1.503534009398658 -1.5011674621335518 -1.4923079955084695 -1.4778912597996008 -1.4786952481882047 -1.4801720792287487 -1.4668070743037422 -1.4830148622911572 -1.4694705508109023 -1.5036044232760015 -1.5001158148954696 -1.4540856222085807 -1.4679668024613444 -1.516097754139075 -1.425696534952906 -1.4628685641276968 -1.4667519286013235 -1.4464825282856157 -1.477992654635129 -1.4702316003556324 -1.4687898893561233 -1.4544749536426107 -1.45997710937548 -1.4759850481484291 -1.4683498453481947 -1.43246161353491 -1.4722700106983417 -1.4600074054351246 -1.4608031720864367 -1.4586304875733092 -1.4487937277600749 -1.4608093925586338 -1.455209240816498 -1.467944727671508 -1.4685181078613656 -1.4650454916648774 -1.4691280321662321 -1.4467060809765948 -1.46531035057281 -1.4528977355108939 -1.448999920413768 -1.4637660005633273 -1.4599013698151213 -1.4623040700811025 -1.4611721849038315 -1.460574077192748 -1.45896054107485 -1.4543211934067717 -1.4553753657609692 -1.4523484384224323 -1.4506879349034627 -1.464919191112525 -1.4566996035833943 -1.4873139883456887 -1.4483870578796079 -1.4551813629830321 -1.458596446149435 -1.4577087871673697 -1.45844401426851 -1.4528399834657857 -1.4553471132237306 -1.4763309145327392 -1.4522046788767593 -1.4446324697330688 -1.4468911507842508 -1.453557217077519 -1.4562419249517482 -1.4563922105136105 -1.4531464214693584 -1.4634985742256932 -1.454520006899343 -1.454825037678096 -1.4567125378866994 -1.4553737937622295 -1.456160976584482 -1.4560882365793735 -1.4551369056307537 -1.4546282590372992 -1.4556593255177919 -1.456604700336559 -1.456637544426888 -1.458639942039918 -1.4601597765316214 -1.461656781149076 -1.462131457212707 -1.4631212604800725 -1.4648536427162773 -1.4660904316295413 -1.4667634582110525 -1.4672953085940734 -1.468630914499592 -1.4704856048051298 -1.4733544356091257 -1.475412227146437 -1.4772620805141627 -1.4785223440513626 -1.4795373381253296 -1.4803319123323688 -1.481046820157571 -1.4816197892323495 -1.482107933453841 
# Stellar mass-weighted [O/Fe]:
0 0.0 -2.220446049250313e-16 1.14132088518828 1.2316354919636976 1.0625841888179068 0.9502017851530895 0.8873954223344911 0.6713334481605437 0.4321573780568151 0.2533847565393861 0.12816433301125563 0.03831830195139396 -0.029219843146336633 -0.08196323258618632 -0.12476321353876552 -0.16056911533147322 -0.19125475095774247 -0.2178752457857338 -0.24131943761944885 -0.2621071018184572 -0.2807681055086241 -0.29769632802926127 -0.31326509093141663 -0.32735909255161066 -0.340547129687496 -0.3526861210428316 -0.3639850809633134 -0.37459303097378405 -0.384569482850465 -0.3939043251531671 -0.4027210267119502 -0.411010771062709 -0.41887644190458073 -0.426371184451374 -0.4335104872227473 -0.440318563520805 -0.44680669269074846 -0.45299915555002146 -0.4589290283870531 -0.464625184551954 -0.47007395778170036 -0.475332632552975 -0.4803730992939492 -0.485280530653035 -0.4900096140240312 -0.49456025303183715 -0.49899686583781977 -0.5032345961259953 -0.507316542797799 -0.5113093163102986 -0.5151761254753157 -0.5189208955843315 -0.5225848201473086 -0.5261433928155896 -0.5295801189145567 -0.5329349829015647 -0.5362007318313825 -0.5393973280191398 -0.542512095202366 -0.5454904292041374 -0.5484328307574476 -0.5513124758610445 -0.554117033581106 -0.5568545652367867 -0.5595175438625777 -0.5621524109895205 -0.5647014375115769 -0.5672057306137932 -0.5696631643656265 -0.572076513927852 -0.5744540238875435 -0.5767177482393079 -0.5789977628995144 -0.5811974192069198 -0.5833721582263998 -0.5854908697114901 -0.5875925217867891 -0.5896357772826522 -0.5916705802064102 -0.5936391338804446 -0.5955835593410094 -0.5974748242579668 -0.5993670488779084 -0.6012014870080484 -0.603019651496162 -0.6047935958710833 -0.606547732822231 -0.6082914323162165 -0.6099574556909552 -0.6116062932416148 -0.6132703715384381 -0.6149070273632002 -0.6164953311008409 -0.6180713948482831 -0.6196439117726222 -0.6211800788783547 -0.6226861889003495 -0.6241757563448042 -0.6255399990760405 -0.6270020407801874 -0.6271421966323792 -0.6272655923376731 -0.6273702665317902 -0.6275083579768329 -0.627604295697422 -0.6276892045855779 -0.6277762073902129 -0.6278528014503159 -0.6280492298863846 -0.6289070194060934 -0.6304443516999542 -0.6316943578364195 -0.6328542868612185 -0.633836794896765 -0.6349368205272296 -0.6357420353088568 -0.6364096933210364 -0.6366156547722838 -0.6368990320164771 -0.6373238548216604 -0.6375775747873589 -0.6378650287830594 -0.6379059580314842 -0.6384253117727751 -0.6387812614608065 -0.639851041710969 -0.6406880005586414 -0.6413922397160899 -0.6421219926322003 -0.6430720104612508 -0.6436633784135278 -0.6444108193142689 -0.645143323858914 -0.6456887597386529 
# Stellar mass-weighted [N/O]:
0 0.0 0.0 -1.6258560494914067 -1.9031903014651608 -1.7477556406974841 -1.4685050071877712 -1.1965481021626605 -0.9736758712290976 -0.8016958484509018 -0.6703614250331138 -0.570669920607674 -0.4948388491715443 -0.4359395055836395 -0.38866467846524966 -0.34903782577555953 -0.31428820485535525 -0.2823830775131202 -0.25235544497428153 -0.22379874631583552 -0.19717696060862244 -0.17301041968659425 -0.15141203700323347 -0.13213550986985767 -0.11519178765456184 -0.1000425439106366 -0.08705181157905395 -0.0756618496395115 -0.06699438626406973 -0.05979432078900393 -0.054127712618795676 -0.04982281323845916 -0.04676166064016074 -0.04466081671969313 -0.0434884272914533 -0.04292345886404625 -0.042774997426348604 -0.04277885694724404 -0.04282582126838097 -0.04290698896731515 -0.04294628083961116 -0.04301043034482599 -0.04301499931510955 -0.04307819114213807 -0.04316102860103066 -0.04323633140138927 -0.04335659321702667 -0.04333473649074848 -0.043338587893921976 -0.043348405709555116 -0.0433940454481162 -0.04350762670281172 -0.043581916342455895 -0.043611371813747746 -0.04368353967285865 -0.04375828987221475 -0.043797348112935786 -0.04383168946705951 -0.04384600621111345 -0.04388251504112073 -0.044023652496899324 -0.04369718373966036 -0.0436768307001566 -0.04319527070319429 -0.04315643037469119 -0.04326599705778289 -0.04333504551813305 -0.04336882240187179 -0.043398575334147815 -0.04340680355935567 -0.04341498634415841 -0.04344860139907891 -0.04353927810267044 -0.043561673301341974 -0.04365530168311549 -0.04371185024606816 -0.04371764389820387 -0.04373899576997009 -0.043826984941127356 -0.043881989965000145 -0.04363021393054134 -0.04364083832901755 -0.043684170115141696 -0.04371705508219148 -0.04376459039647751 -0.04380472414948822 -0.04384342657278373 -0.04389066890524962 -0.043879933347864775 -0.043966047720111145 -0.04406025655314072 -0.04413537345403773 -0.04415278853743787 -0.04418805286620908 -0.04416172575055721 -0.04422832591692527 -0.04426277895907316 -0.044343023790630265 -0.04421340043695843 -0.044353561422227794 -0.044137411857018805 -0.04396471266287216 -0.043794036000697756 -0.043646091729577674 -0.04343614888179825 -0.04330106964573077 -0.043161789415467666 -0.04303596111617525 -0.042904686894597255 -0.04262229646746796 -0.04137154098962326 -0.039232883061795176 -0.037512644994447175 -0.035950788415711976 -0.034619288702357975 -0.03305371115030342 -0.031824018293081124 -0.030760885481897704 -0.03044664120829277 -0.029942431873784092 -0.029239285665930148 -0.028717617645127924 -0.028230680883351345 -0.02810489664859861 -0.027299578365883925 -0.026646504916463143 -0.025065530328827856 -0.02385543881456309 -0.022828968052181597 -0.02182152420975758 -0.020735188910867897 -0.019851154173996632 -0.01903534592011269 -0.018012876004486422 -0.017424689328196297 
# Stellar mass-weighted [C/O]:
0 -1.1102230246251565e-16 -1.1102230246251565e-16 -1.1750539685640295 -1.3129856827219721 -1.1499597887015103 -1.0380198653941288 -0.9774454524843286 -0.9363553717509125 -0.9013359680953688 -0.8705375237424882 -0.8437020874098962 -0.8204219522766294 -0.7999876850641954 -0.7818401944418467 -0.7654885464248189 -0.7504071691980301 -0.7362085791255707 -0.7228037243258968 -0.7100282907122776 -0.6977381150880216 -0.6858776179312284 -0.6743472359043089 -0.6631043514553019 -0.6522738915452065 -0.6414335408885595 -0.6302794816162013 -0.6183466158585617 -0.6055565380499047 -0.5922086394383903 -0.5781724701394078 -0.563338420428889 -0.5483411052651654 -0.5333706184879176 -0.5181115224665226 -0.5026316110471877 -0.48695638175837275 -0.4711391872781918 -0.45499270615265486 -0.4385798918299004 -0.4221998807257933 -0.40589110959725583 -0.3896753414154309 -0.3736436152412034 -0.35774071353933035 -0.34203622867895744 -0.3265636653151489 -0.31136017345658007 -0.2963627036631318 -0.2817925372219898 -0.2674173187074689 -0.25383100521698687 -0.24031878812741425 -0.2270632756679749 -0.2141065318202111 -0.20158788746757433 -0.18961235549505334 -0.17807241400188684 -0.1668986441389244 -0.1560754227939482 -0.14564160481880484 -0.13546264471283875 -0.12559220381739572 -0.11605051561867019 -0.10672080656681382 -0.09758922988183888 -0.08878190609666708 -0.0803419660094995 -0.0722035215738761 -0.06429408615342347 -0.05668894727823831 -0.049290643098213516 -0.04222134271789374 -0.035232315936254754 -0.028644425301114218 -0.022224541980524537 -0.016049798716075037 -0.00995425525358029 -0.004178821087989337 0.0014516406783476876 0.006837304811283695 0.012127240081669738 0.017239461946974483 0.0222177638312977 0.02701132855800259 0.03169464869496466 0.036244682235726605 0.04081194107449185 0.0451932274087565 0.049428756474615615 0.05340714744257649 0.05734619647613176 0.06115303806202735 0.06491030773141887 0.06862275792321512 0.07230917572698489 0.0758544732626932 0.07929421723834068 0.08261062502286806 0.08579032038003798 0.08900949980373529 0.08908924154985776 0.08913016793889103 0.08916917664237115 0.08918303519666176 0.0892106343728219 0.08921089716809835 0.08923401295719968 0.08923310697859652 0.08929237870692658 0.08951777858632229 0.09003386354015352 0.09047990837710193 0.09094839037656657 0.09132589009144954 0.09164333943891242 0.09174874822049459 0.09178438628233404 0.09181676023204727 0.0917497504974494 0.09172628489885154 0.09157643292062176 0.09156092288377232 0.0914788737518119 0.0915352723346898 0.09141496726622714 0.09162856747921164 0.09181917172807097 0.091959440857662 0.0922034978548116 0.09283486300329227 0.09290962062724395 0.09347187516097444 0.09368646146638329 0.09408251557986771 
# Stellar mass-weighted [O/H]:
0 -5.218485947384705 -6.559046639961519 -4.820583025373528 -2.7962184094121305 -2.501782158870248 -2.405508742909607 -2.368876603199692 -2.354633680114243 -2.3483860046091616 -2.3446853931831297 -2.341597112578465 -2.3388581049615684 -2.336441831410192 -2.3341187518775204 -2.3317294639804107 -2.329524529425301 -2.3276342295326504 -2.325858235114125 -2.324193715185171 -2.3225544415478794 -2.3209748134285864 -2.319509021092947 -2.318118728148601 -2.316778543653517 -2.31548871373412 -2.314266516339158 -2.3130866754235493 -2.311933935394743 -2.31085963302876 -2.3098282527303873 -2.308824479831795 -2.307849419955601 -2.3068980756364983 -2.3059841074695777 -2.3051242606881743 -2.3042812335175977 -2.3034553653820327 -2.302626584098225 -2.3018254280591623 -2.3010696250644544 -2.300307988244974 -2.2995792184791775 -2.2988416804971807 -2.2981567879098703 -2.297501390415814 -2.2968351426779128 -2.2961671836364177 -2.295572056360105 -2.2948943388113854 -2.2942657051257482 -2.29363744772669 -2.293040475058503 -2.2924561218502273 -2.291905784556204 -2.2913306165945286 -2.290769657985215 -2.2902286613669176 -2.2897230212428274 -2.2892325762977297 -2.2886795799492603 -2.2881715704914507 -2.2876811401610553 -2.2871957905190268 -2.2867131782549572 -2.286235856077809 -2.285801901018371 -2.285330214435535 -2.2848718711466756 -2.2844350553606736 -2.2840228795097675 -2.2836123828099275 -2.2831637443916346 -2.282757941431086 -2.282353211309519 -2.2819427685446643 -2.2815404160711 -2.2811420899387995 -2.280766350440076 -2.2803995128452055 -2.2800323689700113 -2.2796497533763276 -2.279271737393315 -2.2789209610782866 -2.2785735127520397 -2.278220368699018 -2.277878617710339 -2.277565192448807 -2.277244320856285 -2.2768684398257255 -2.2765105872472935 -2.2761905656639554 -2.2758867288300877 -2.275537116006956 -2.275226368259882 -2.2749313961188644 -2.27460364712206 -2.2742986313190885 -2.2740374264479284 -2.273687479914525 -2.2733949729224117 -2.2733418664745155 -2.2733149445350342 -2.2732553357324337 -2.273188942974321 -2.2731295591041674 -2.2730692825821572 -2.2729940947590865 -2.2729200058116747 -2.272825529882253 -2.27234125327234 -2.271464846062387 -2.270752764952409 -2.2701800561062955 -2.2697607617635827 -2.269233025750479 -2.268791836447389 -2.2685210986795123 -2.2684102986259678 -2.268304060904435 -2.2680949068783054 -2.2679247637247837 -2.2678538974648577 -2.26781189881139 -2.2676113652308763 -2.2674910601988234 -2.2672022035261907 -2.26705880831532 -2.2669686937495044 -2.266845456934929 -2.266600698713142 -2.2665534776485705 -2.266350307720633 -2.266259647724115 -2.266146759221698 
# Gas [Mg/H]:
-5.218485947384705 -6.812943270487043 -4.877977652941359 -2.5587964764931206 -2.0293117202429203 -1.7403629796088556 -1.5412564862103748 -1.3877275774107325 -1.2247483784682043 -0.9885740738271727 -0.6705610864376608 -0.3820406453284946 -0.22093847234154396 -0.187872173009203 -0.17792166208782412 -0.15822526485241273 -0.17086047995526776 -0.17961965071418984 -0.17955731411838016 -0.1771611370852435 -0.1788482942648324 -0.18802714556340216 -0.1930456355741006 -0.2000578727611524 -0.20714548586655113 -0.20495305845761358 -0.18596072665459396 -0.22416358208149845 -0.23748919154027526 -0.22524866148775047 -0.21957474193020943 -0.2161730119244405 -0.20484282258036224 -0.2107435799107602 -0.20758404099778272 -0.2024321926206918 -0.1836534202866904 -0.15466767666435732 -0.13626613551633682 -0.11495872886807845 -0.1099536054508583 -0.09910766589402709 -0.06494812815953299 -0.05758578567194661 -0.04247418788890833 -0.02675515871229628 -0.01734428741157945 -0.008117970799203178 0.0007493716808273376 0.009012978326734533 0.020913627830691617 0.029478943452282635 0.021291410333668992 0.03794129010686742 0.020786127233551888 0.0055375017271694915 0.01871747423226644 -0.034790979316415616 -0.0024528974839510553 -0.04382828570268327 -0.03986264474522372 -0.03621252534651376 -0.05794411667207644 -0.047812615881904996 -0.06151640266316516 -0.06924634267802432 -0.07746511528820488 -0.08169408778111542 -0.11934604352537637 -0.07912969175049955 -0.1101027089281903 -0.1045404632368303 -0.10887515529786729 -0.14681046889721827 -0.12370553982791144 -0.1250992206592869 -0.14108215530239132 -0.16682344833490514 -0.16659047152045492 -0.19052708903203275 -0.20188939925151939 -0.21827679109819265 -0.10378327125409381 -0.2155035206850684 -0.19059274188573028 -0.19288234182127084 -0.21316116149392794 -0.19158864269937936 -0.21946579065027816 -0.235009945801802 -0.251273691281539 -0.2769442597506444 -0.2732900957790969 -0.28724045914607554 -0.25564711878590973 -0.32744907218583563 -0.2706097783035091 -0.3175645481244871 -0.34566441128544234 -0.2661948209075531 -0.32908255243061735 -0.3058969333370891 -0.35458573495956625 -0.26754982778565406 -0.3065209168932661 -0.30932544537144757 -0.3114067313803881 -0.30922028931911427 -0.3109956422770086 -0.3179192500996031 -0.31555449779339284 -0.36649723363959374 -0.37047670932887034 -0.38186717420115723 -0.3856413509944394 -0.3993774019096401 -0.4096407283297152 -0.4146661482916212 -0.4167785874610672 -0.4205782438490502 -0.4211798640051123 -0.42170580747720177 -0.42233197549294577 -0.42173183773903666 -0.4222218319223012 -0.420106016859485 -0.4152170598587226 -0.4093960020885108 -0.40799546187256386 -0.4071170871764087 -0.4072869629693576 -0.4077939970125595 -0.408278792800127 -0.4091631858316864 -0.409985549270953 
# Gas [C/H]:
-5.218485947384705 -6.812943270487043 -5.889268668065473 -3.665212912956454 -2.933129696194169 -2.4603822969933855 -2.132585500292863 -1.8090806056804931 -1.390489424160064 -0.913387002403641 -0.45221085085931456 -0.09155671230838625 0.10726299428996366 0.18150642549796148 0.20640167120860964 0.2176992310152781 0.2291255042443887 0.24269640895914302 0.257383717088159 0.27266559484378394 0.2894317371002253 0.304004734937509 0.3182184587183552 0.331070599125336 0.35199157078945165 0.39079290659335797 0.4445394218483383 0.4965300071975891 0.5384545828372329 0.588035665888142 0.6378328904009254 0.669207163819066 0.6939581230897147 0.7245659815341665 0.7613912147130706 0.7917960731461879 0.8248562690396368 0.8610043425951193 0.8967826456261516 0.9231050080679033 0.94997642297706 0.9734729080725248 0.9950171493971975 1.0172499495886624 1.038764908134643 1.055960357776669 1.0795024471176835 1.085201966362019 1.1038035177588799 1.119543544585171 1.1177402417804188 1.141762408427995 1.1533206485287097 1.162960514767239 1.1689280072505293 1.171154027206688 1.1772931363278092 1.1744862832686502 1.1825311297214758 1.1899169581166231 1.190670600211556 1.2009611722843663 1.1932201555974644 1.2105652743624447 1.2090379469605734 1.2096870286933044 1.2109379410036962 1.2100571145416166 1.2098694296789914 1.20737285327994 1.2024298922363545 1.201001258155459 1.203279021496316 1.1820368943137005 1.1916221194312873 1.1848706326326703 1.1843292097147105 1.1702534387022299 1.1682574488712931 1.165039832519498 1.1650805563677316 1.161117517054687 1.148495486665622 1.1525322105402331 1.1475253240098797 1.1422345807324756 1.1398312684784861 1.1497323091605534 1.1477330000798145 1.1111521938989135 1.1385414245895178 1.1240637313475812 1.111466767557141 1.1226920851339517 1.1273066329729065 1.0953539718083922 1.1152456504632204 1.108067354005457 1.1024495369176517 1.0975297003712967 1.089488167455896 1.1014247758637663 1.0977144196043485 1.09574879138178 1.090983990877147 1.0868465785947996 1.0857074093910524 1.0848858094751965 1.08361375456809 1.0799225074937682 1.0686195603897688 1.043428362313482 1.0193721894695695 0.9953082901760717 0.9740470795221396 0.9465641711926858 0.9173459757899103 0.9008472789898025 0.8941780796425034 0.884736736456492 0.8629159790968792 0.8478716156250945 0.8389864675592267 0.8350266644209885 0.8192725245010717 0.803391402641326 0.7752789600658394 0.7532132758151744 0.7347002908712961 0.7179032068323603 0.7023951743679349 0.6890124976377443 0.6778332479576918 0.6657171201140168 0.6572841231887985 
# Gas [O/H]:
-5.218485947384705 -6.812943270487043 -4.65787422718325 -2.351102215424487 -1.8493866382881246 -1.597854741190189 -1.4348781306308505 -1.310817421092124 -1.1592622559844594 -0.9082583185154229 -0.5708816319898595 -0.262475768578148 -0.08730234310267226 -0.04105726578707136 -0.03193341051553311 -0.030006695990562715 -0.037908644681073245 -0.043942819825073975 -0.05134654032945907 -0.06203591269408859 -0.056494744046285295 -0.0673096958605024 -0.07736178529432003 -0.08073159687411957 -0.0925912594977838 -0.09113452534354494 -0.08845404035698667 -0.10493502423097523 -0.12382145533391498 -0.11487626077571322 -0.12245175311090506 -0.12025187034321538 -0.10933403642824491 -0.1228759462593012 -0.13981039897996617 -0.14108273518949854 -0.13181353179836153 -0.11896032955639901 -0.11928818624110926 -0.12129438848741003 -0.1076564190844711 -0.1248742644695886 -0.11226863346522586 -0.14573022093778132 -0.14163723483841784 -0.0971167292244961 -0.10484899273627946 -0.16569801004671492 -0.07034381135683887 -0.10859430372145784 -0.11297679081699075 -0.08929330516083622 -0.12186753839924203 -0.11653939412622671 -0.11593489824611325 -0.10063904277226055 -0.10367716076742584 -0.12766421505785264 -0.11700452202769229 -0.07826583838336365 -0.12270941696723225 -0.10426187776015938 -0.11542503797148829 -0.10299993834979126 -0.10224880345068232 -0.11256880221714693 -0.10421035055711103 -0.11680199838971328 -0.1194112725799723 -0.11556974936933972 -0.1243842228061629 -0.10446454597674348 -0.12218163017310735 -0.12431479671964318 -0.10778379733130761 -0.1292815634945912 -0.1275428314136673 -0.13720267453420654 -0.1336766675333081 -0.13384663197985036 -0.13155566369576865 -0.13156969818548125 -0.13878076760844804 -0.1309426228108852 -0.13031930407716263 -0.15130400897481522 -0.15262861822319973 -0.1679297525305099 -0.1263723534879979 -0.15543722731561704 -0.1284716197187339 -0.13976178187227095 -0.1556519621823691 -0.14384549489512333 -0.141923451562882 -0.1907588497606061 -0.1403707241835428 -0.1344903805784079 -0.14297935033832054 -0.15500545768178586 -0.1695666043930637 -0.15939716868827647 -0.15816248474801986 -0.16297536477149244 -0.15684357412373684 -0.15796412342374389 -0.16049486863428486 -0.16129862627483416 -0.16413862587925898 -0.16459430864011315 -0.16674635759414302 -0.17522643302218333 -0.1819371076445644 -0.18952496230282678 -0.19392338258869168 -0.20009414850499274 -0.20421190242592457 -0.20807203597506696 -0.20950342550383683 -0.2111315382419443 -0.21373429272359656 -0.2145534674966525 -0.21458781810433347 -0.21444692013942301 -0.21453158520300608 -0.21284570520156265 -0.2096461785138155 -0.20531943004633835 -0.20317803026041314 -0.20256054608014784 -0.20314893573058823 -0.20400774818754153 -0.20433380248020327 -0.2059193193626787 -0.20700309824985919 
# Gas [N/O]:
0.0 0.0 -1.8192858368701121 -1.906412186613903 -1.6842684316711392 -1.1690595456778108 -0.5958553145313117 -0.05171970670365733 0.4088065563837155 0.7272214799999357 0.8913735443581923 0.9540147446320132 0.9723174973814922 0.9924112512450195 1.0031845378507727 1.013979239263925 1.0431690052348819 1.0780254386935288 1.1156359159630025 1.1449103245192704 1.143472129015451 1.1449862439850405 1.1403703613138216 1.12528225120749 1.1151927608942744 1.0786056484569508 1.0460910238785726 0.9664211770009485 0.9246718436054799 0.8354383415122957 0.7427484325643157 0.6170397932065095 0.46345530123108203 0.24529374035183316 -0.006238628525452539 -0.42617658738729824 -0.7819510603109072 -0.9401596382020896 -1.211059525201355 -0.9013389072797828 -0.979397485750265 -0.7400860994194471 -0.9342459018716778 -5.882158197851456 -1.7645792650775842 -5.909874134543903 -0.7371594123105705 -0.5584248973983463 -0.5910611297658341 -0.894008521219241 -5.8474303013701014 -1.014478204206927 -0.949505709922666 -1.252288874832177 -1.0762220427336828 -0.8608334091305085 -0.8161680732662315 -0.8139730996935668 -0.9536709665248928 -5.80448444902347 0.028938142529782995 -0.5495998954749048 0.16002659715141077 -0.45452123346730966 -5.750192656590362 -1.4588102990740461 -0.7361566857630832 -0.7465689528502855 -0.646692186521076 -0.6780938126999894 -0.8767404074258403 -1.126617586436063 -0.7423839721465773 -5.68567278936276 -0.9040080173611293 -0.5997472895548264 -0.6669256384871665 -5.65186068849544 -1.1338471643476427 0.02922870290814461 -0.5594802649418225 -0.7987991667940344 -0.8133381511437956 -0.9168050102121257 -0.7834894119861155 -0.7855078759679777 -0.7667461227685823 -0.6384668273069423 -0.8564447500603973 -5.592987478939491 -5.584531714709203 -0.8352271353405571 -0.6602061542424884 -0.4501884428576013 -5.5682345530659845 -0.9716984027821425 -1.5672482353131496 -0.1372967454613505 -0.8122876054640149 0.019072253595277533 0.05450068470095282 -0.25404857592214736 -0.29936624074864415 -0.1968462532923958 -0.6926228137093917 -0.4885261216338199 -0.4110062494999924 -1.019760429166644 -1.1146320718927836 -1.107495159885508 -0.9826026068116447 -0.89018286054721 -0.8678178345176553 -0.7950622995610468 -0.8372987452243021 -0.8393511851081414 -0.8240028886741209 -0.8417795055713944 -0.8384199570899618 -0.8474081989472213 -0.8402046167736497 -0.8065493194552475 -0.8523690286866639 -0.8524010382806753 -0.8539101014142669 -0.8758078982986428 -0.8860513778494428 -0.9013244673985938 -0.9090915340222887 -0.9209485985153589 -0.9316429537344222 -0.9296315191847753 -0.9393360806629791 -0.9483203484746092 -0.9479715627955845 
# Gas [N/H]:
-5.218485947384705 -6.812943270487043 -6.477160064053361 -4.257514402038391 -3.533655069959263 -2.7669142868680003 -2.030733445162162 -1.3625371277957816 -0.7504556996007441 -0.1810368385154879 0.32049191236833297 0.6915389760538648 0.88501515427882 0.9513539854579482 0.9712511273352393 0.9839725432733624 1.005260360553808 1.0340826188684553 1.0642893756335434 1.0828744118251818 1.086977384969166 1.0776765481245376 1.0630085760195018 1.0445506543333702 1.0226015013964909 0.9874711231134059 0.9576369835215859 0.8614861527699733 0.8008503882715652 0.7205620807365829 0.6202966794534106 0.4967879228632941 0.3541212648028371 0.12241779409253262 -0.14604902750541804 -0.5672593225767963 -0.9137645921092687 -1.0591199677584884 -1.3303477114424647 -1.0226332957671929 -1.087053904834736 -0.8649603638890362 -1.046514535336903 -6.027888418789237 -1.9062164999160016 -6.006990863768399 -0.8420084050468502 -0.7241229074450608 -0.6614049411226732 -1.0026028249406984 -5.960407092187092 -1.1037715093677631 -1.0713732483219074 -1.3688282689584037 -1.192156940979796 -0.9614724519027691 -0.9198452340336569 -0.9416373147514188 -1.0706754885525855 -5.882750287406832 -0.09377127443744904 -0.6538617732350644 0.04460155917992292 -0.5575211718171005 -5.852441460041044 -1.5713791012911926 -0.8403670363201936 -0.8633709512399985 -0.7661034591010489 -0.7936635620693284 -1.0011246302320034 -1.2310821324128067 -0.8645656023196846 -5.8099875860824035 -1.0117918146924376 -0.7290288530494173 -0.794468469900834 -5.789063363029646 -1.2675238318809505 -0.10461792907170597 -0.6910359286375911 -0.9303688649795161 -0.9521189187522436 -1.047747633023011 -0.9138087160632784 -0.9368118849427933 -0.9193747409917821 -0.8063965798374522 -0.9828171035483955 -5.748424706255108 -5.7130033344279365 -0.9749889172128281 -0.8158581164248577 -0.594033937752724 -5.710158004628868 -1.1624572525427483 -1.7076189594966928 -0.27178712603975796 -0.955266955802335 -0.13593320408650822 -0.11506591969211044 -0.41344574461042427 -0.45752872549666446 -0.35982161806388735 -0.8494663878331288 -0.6464902450575645 -0.5715011181342771 -1.1810590554414784 -1.2787706977720426 -1.2720894685256212 -1.149348964405788 -1.0654092935693935 -1.0497549421622194 -0.984587261863874 -1.0312221278129945 -1.0394453336131342 -1.0282147911000452 -1.0498515415464613 -1.0479233825937984 -1.0585397371891663 -1.053938909497246 -1.0211027869519 -1.0669568467909967 -1.066847958420098 -1.0684416866172732 -1.0886536035002052 -1.095697556363258 -1.1066438974449317 -1.1122695642827019 -1.1235091445955074 -1.1347918894650109 -1.1336392673723177 -1.1436698831431826 -1.154239667837289 -1.1549746610454434 
# Gas [C/O]:
0.0 0.0 -1.2313944408822237 -1.3141106975319659 -1.0837430579060445 -0.8625275558031964 -0.6977073696620122 -0.4982631845883688 -0.23122716817560446 -0.005128683888217633 0.11867078113054494 0.1709190562697619 0.19456533739263532 0.22256369128503328 0.23833508172414292 0.247705927005841 0.2670341489254623 0.2866392287842172 0.3087302574176182 0.33470150753787253 0.3459264811465106 0.37131443079801174 0.3955802440126752 0.41180219599945517 0.4445828302872352 0.4819274319369028 0.532993462205325 0.6014650314285647 0.6622760381711481 0.7029119266638554 0.7602846435118303 0.7894590341622814 0.8032921595179598 0.8474419277934674 0.9012016136930361 0.9328788083356866 0.9566698008379986 0.9799646721515181 1.0160708318672613 1.0443993965553133 1.0576328420615313 1.0983471725421134 1.1072857828624236 1.1629801705264438 1.180402142973061 1.1530770870011648 1.1843514398539634 1.250899976408733 1.1741473291157187 1.2281378483066292 1.2307170325974095 1.2310557135888307 1.2751881869279513 1.2794999088934655 1.2848629054966432 1.2717930699789481 1.2809702970952346 1.3021504983265026 1.2995356517491679 1.2681827964999868 1.3133800171787882 1.3052230500445259 1.3086451935689525 1.3135652127122361 1.3112867504112558 1.3222558309104515 1.3151482915608068 1.32685911293133 1.3292807022589637 1.3229426026492799 1.326814115042518 1.3054658041322027 1.3254606516694232 1.3063516910333437 1.2994059167625953 1.3141521961272615 1.311872041128378 1.3074561132364364 1.301934116404601 1.2988864644993487 1.2966362200635002 1.2926872152401685 1.2872762542740699 1.2834748333511183 1.2778446280870428 1.293538589707291 1.2924598867016857 1.3176620616910633 1.2741053535678124 1.2665894212145306 1.267013044308252 1.263825513219852 1.2671187297395106 1.266537580029075 1.2692300845357882 1.286112821568998 1.255616374646763 1.242557734583865 1.2454288872559722 1.2525351580530826 1.2590547718489593 1.2608219445520428 1.2558769043523685 1.2587241561532725 1.2478275650008843 1.2448107020185437 1.246202278025337 1.2461844357500307 1.247752380447349 1.2445168161338813 1.2353659179839118 1.2186547953356652 1.2013092971141333 1.1848332524788985 1.1679704621108309 1.146658319697678 1.1215578782158353 1.1089193149648695 1.1036815051463402 1.0958682746984365 1.0766502718204762 1.0624250831217465 1.0535742856635602 1.0494735845604115 1.0338041097040782 1.0162371078428887 0.9849251385796547 0.9585327058615123 0.9378783211317093 0.9204637529125086 0.905544110098523 0.893020245825286 0.8821670504378949 0.8716364394766958 0.864287221438658 
# Gas [Ca/H]:
-5.218485947384705 -6.812943270487043 -5.157573765069301 -2.8285000942369276 -2.2852557105196585 -1.9758740937403791 -1.7510433249802242 -1.143142807592299 -0.4252639320946763 0.18086658959342738 0.681366540941414 1.0464271933509464 1.2368066678121519 1.2986719153069188 1.3092700919198803 1.3029620107322026 1.2947170380503508 1.286245605009512 1.2786578710972973 1.270679736363392 1.2643687060504476 1.2565773148735602 1.2494570447219306 1.2422622824331269 1.2369927777416514 1.2297668775178163 1.2257534213420058 1.2212998608548524 1.2163260320587748 1.2123922787055497 1.208792588599949 1.204949609691849 1.2007167885019285 1.1943696965804946 1.1966151174084567 1.1937826302598902 1.1951359019354983 1.1911472661699305 1.1910617798090062 1.192927343665282 1.1911595803345518 1.1906776024524248 1.1904451189409837 1.1904367804904759 1.1913251004693004 1.1900460784566862 1.1962265507285892 1.1831759103579396 1.1883566282387932 1.1871238331725005 1.1866383312003155 1.1901271307094667 1.1890104670166721 1.1866210141740892 1.1857981430887028 1.186920657243955 1.189059492342059 1.1815759400500312 1.1843116864577619 1.1870897980295227 1.1824979906015187 1.188682808403116 1.1783499476107844 1.1885702328692895 1.1796507586618832 1.1810365612607594 1.1843994909628606 1.184204024822769 1.1821011540272206 1.182401686951942 1.17763154889942 1.1750773071716312 1.1760135157336737 1.1608338735733366 1.1747896038420196 1.1676278736997903 1.165384732780847 1.1580993204514218 1.1605086422628696 1.1596653824817986 1.1603769846987886 1.1557679966226786 1.1494861499215459 1.1541903535950775 1.1532957253752194 1.1470057856594646 1.1359879429562074 1.152763049614193 1.1552079907241648 1.132703658613619 1.1630866175350478 1.1508541119108928 1.1357946976029796 1.1419910228508101 1.1463788426720223 1.1182438666107526 1.145027918550495 1.1430938751646371 1.1369051007182014 1.1314021933978538 1.1196283674299465 1.1288468625269923 1.1281735507081727 1.133415482206651 1.130857489218819 1.1300804693591058 1.1292230292162753 1.127125665563292 1.1250640327163604 1.1245370343358907 1.1213918264361045 1.1124039616503385 1.106731103531419 1.1000664814008632 1.0957135711969253 1.0915337374311287 1.0889304051194548 1.0865720445481655 1.0856167552363782 1.0849829953044683 1.0840964635550767 1.0845253929725311 1.0851620792562215 1.085833507887287 1.087090560838675 1.0906287587498182 1.0966815581488927 1.1030790117444242 1.1070695960901995 1.1089469293311032 1.1093730772845207 1.1093105892930524 1.1096951893782334 1.1086847652256075 1.1080887168806788 
# Gas [Ne/H]:
-5.218485947384705 -6.812943270487043 -4.821192293263694 -2.6026482465089 -2.03838740898572 -1.724887728807139 -1.5258852542706416 -1.3966407583899292 -1.3104184101619598 -1.2334738708847404 -1.1324930689591914 -1.0231743194050837 -0.951310806514857 -0.9425549765716426 -0.9437264945311217 -0.9392428847932184 -0.9761465101701994 -0.9293128082359754 -0.9555329868585147 -0.95006619488609 -0.9566790517980799 -1.0022591535425125 -0.9925859846105443 -0.9573052782398292 -1.0007750649804592 -1.0034951736741524 -1.086745926992701 -0.9934170091905381 -0.9350649136932203 -0.9795927133437035 -0.9944570768727008 -1.037173682402364 -1.0086891958338837 -1.0005687768994234 -0.9896767924074608 -1.0245543967436896 -0.9991166113820187 -0.9779134723475611 -0.9067979261874743 -0.9761701721208835 -0.9489458474897239 -0.9114725593688995 -0.9046046177092588 -0.9054822615478377 -0.9030559200786863 -0.8652938977868674 -0.8518038284977889 -0.857552563691943 -0.8731533693779365 -0.8380265333246726 -0.8281450126642351 -0.8242810826692377 -0.8386067331808489 -0.8185666549146324 -0.8014177816240622 -0.9147684504936429 -0.751889838461965 -0.8178242843474939 -0.8045801204343821 -0.8151417212099972 -0.7756550484582441 -0.7354675429786965 -0.8206100540848258 -0.7895080848522262 -0.7706786839532445 -0.8174832871079474 -0.761598482567825 -0.7928898715180956 -0.7291601982512921 -0.7918587200186176 -0.8193533417197996 -0.8488485270978288 -0.8024769098104896 -0.8059250507520881 -0.7796921150248295 -0.7992089388802928 -0.8416423959767743 -0.8187257400224102 -1.1127882678970051 -0.7936135843581029 -0.8584373992668315 -0.7857282179068301 -0.8606366511196013 -0.794058445820002 -0.7781268717976113 -1.0021663190917218 -0.9243224716725038 -0.9319315915818951 -0.9072945967921973 -0.8993612525921675 -0.8831409866632738 -0.8840046551025234 -0.8978498949396778 -0.9260780389999885 -0.9288207624452003 -0.9512815085716388 -0.9214400267113385 -0.9379114533279997 -0.8557060074928406 -0.9331068132161535 -0.9724674369569115 -0.9678517331415142 -0.9752084910299441 -0.9487606133905251 -0.959242778303321 -0.9665111464501157 -0.9606727262345913 -0.9607216050220844 -0.9707985761648974 -0.9700368020210028 -0.9845445157771735 -1.0079070529206664 -1.038030556401516 -1.0389629063517622 -1.0483011737705592 -1.0628033225847036 -1.0716660675380325 -1.0761871728830439 -1.077644670561015 -1.0842991482422626 -1.0890354751676128 -1.0920956022054815 -1.09138682959221 -1.0928325391098044 -1.091868969748722 -1.0908140301798186 -1.0923051202461744 -1.0871863668474573 -1.083808642261781 -1.0837242252957573 -1.0850918699809657 -1.0839907274415275 -1.0865517847433406 -1.0881861715752699 -1.0880865078358521 
# Gas [Si/H]:
-5.218485947384705 -6.812943270487043 -4.844805748757857 -2.4970815396886152 -1.9658667047913454 -1.671150351190688 -1.4602537412965013 -1.0551283169647112 -0.45292092332942513 0.12236579069667286 0.6147656612735228 0.9772398908551247 1.167372974582956 1.226799893798272 1.2410352891307723 1.2323381860465092 1.2241583234957472 1.215980518215158 1.2081645930769338 1.1997810781503508 1.195210776365204 1.1865327012428937 1.1792482288116872 1.172313761004955 1.1655190610618975 1.1609429984820747 1.1559980623232975 1.1504056612468627 1.1460486509197478 1.1419272305079633 1.1390553188689458 1.134583930980046 1.1301809522751687 1.1245616834967396 1.1264100777472983 1.1239300185100802 1.1223418133931262 1.1228861573829279 1.1235475457664088 1.1199761028192983 1.1211265700587454 1.1212683748920518 1.1201815594865843 1.1200970086680608 1.1202932647869197 1.1218782771599334 1.125807319034434 1.1133813393421503 1.1180587403267022 1.1170524493547638 1.1165493438721485 1.1197048573097388 1.1191829241924611 1.1168701918277137 1.1156994588095013 1.117106044746993 1.119207411863636 1.1111025499523604 1.1148866961930346 1.1165906517338287 1.11232951486561 1.1185325052858723 1.1085816908498796 1.1184204288676756 1.109500287289594 1.1117541756039695 1.1140569952499275 1.114000206184845 1.1118317934859445 1.112212438878569 1.1074794576484974 1.104484979956898 1.1060904746966052 1.091304221415696 1.1038944990531112 1.0972811554739477 1.0937536461432105 1.088896255107794 1.0901646732324042 1.0914698670038625 1.0898891720989319 1.0854858592802854 1.0791671021524287 1.0833154857763816 1.0820349800197464 1.0765229926145392 1.0671729640664052 1.0829297448873278 1.0846753096257475 1.062171900102062 1.0925360800150972 1.080770421875079 1.065525978438227 1.0714269150442677 1.0765695612849373 1.0482340317477377 1.0746048472680774 1.0732751379946022 1.0664236048825453 1.0579525932554437 1.0515954820425022 1.0611154756389114 1.059217467472557 1.0646169938679675 1.061419598406561 1.060318637981128 1.0594848010767661 1.0573597274253204 1.0553051479959734 1.0546943600591265 1.0513331424396641 1.0421179202266648 1.0365730967224063 1.0298999586344952 1.0255322664093107 1.0213480537362574 1.0187341649926984 1.0163745002748867 1.0154155458589393 1.0147719411690952 1.0138808413540574 1.014319017135079 1.0149588580641273 1.0156316477147622 1.016890372974403 1.0204209394703576 1.0264906197873618 1.0328637700829022 1.0368487528738801 1.038727512434758 1.0391473488709404 1.0390883227371535 1.0394757284038971 1.0384631006969558 1.0378685002588295 
# Gas [S/H]:
-5.218485947384704 -6.812943270487044 -4.923089121092382 -2.5817852189195154 -2.0391452810561175 -1.7325318414048914 -1.5141802485541689 -1.0863385307654392 -0.46787419545958553 0.11089537657082627 0.6036929875828179 0.9671099885639309 1.157540826275341 1.2187837684545206 1.2298245062088125 1.2222961733967637 1.2144598120991565 1.2059943371313189 1.1987630658819923 1.1909023169079234 1.1845200964329634 1.1767686392669057 1.1695129046186672 1.1623565734252375 1.1560117203994063 1.1507499216493517 1.1460037793814424 1.1414314524359233 1.1368801621307116 1.1322192890014486 1.1289144131167674 1.1250846518206195 1.1209246136672522 1.1142756540070202 1.1167511104413506 1.1144803079871797 1.1137758673227869 1.1115012357079515 1.1146211818643672 1.109782136685122 1.1111905481870008 1.1115274943008702 1.1096700785918414 1.1107316886671632 1.11203963879864 1.1104535679659921 1.1162456823223148 1.1034629037049983 1.1083836491792063 1.1073126181333222 1.1067481411007125 1.111839243562461 1.1080966916267676 1.1061445912457017 1.1061127026446846 1.1070291267563563 1.1052879768276886 1.1052711849720365 1.105078252386018 1.1073406978837563 1.1026047563220538 1.1086204388770282 1.098672374498654 1.1089868185612164 1.1002355451092352 1.1018131770859831 1.1043688971601666 1.1042581726556344 1.1021683929483763 1.1024210708128939 1.0980130235413084 1.0950573571255688 1.0961281683389492 1.0816930777128286 1.0943647878906866 1.0876742393931487 1.0855876681960024 1.0782408653053261 1.0809754326575902 1.0803195827389782 1.0807471207749981 1.075862774891045 1.0695544736424303 1.0743851137202207 1.0743093223526645 1.0661386797226213 1.0565731050899951 1.0730475362480987 1.0747292559264885 1.0525383857870922 1.0827449282795438 1.0717420574941499 1.0559568434388589 1.0622960547770743 1.0659913466108804 1.0397577403969112 1.0644985775230347 1.0633319553034295 1.057226091910521 1.0515843388729658 1.0398194650052979 1.050236883477357 1.0488508023647256 1.0542256984493812 1.0508978025247004 1.0502733213770536 1.048892584448601 1.0474571913048791 1.0453686626043464 1.0448498166510514 1.0416537966474197 1.032801917187688 1.0270355250628938 1.0203266907336896 1.0159737402635338 1.0117981650506098 1.009191373271202 1.0068345076527012 1.005883372642213 1.0052747392737773 1.00438129349229 1.0047726110770423 1.0054216974723658 1.0060966778738991 1.0073562402245608 1.0108954969605226 1.0169733069616131 1.02333351320781 1.0273198016453509 1.0292040840347365 1.0296366367832896 1.0295736358292733 1.029942887169533 1.0289277194883715 1.0283439642029193 
# Stellar mass-weighted [Mg/H]:
0 -5.218485947384705 -6.559046639961519 -5.038217753137065 -3.003951319405597 -2.6911149684424016 -2.5796892244671383 -2.5339967276777795 -2.5151549481206414 -2.506853034392604 -2.5022925928238156 -2.4987523203992916 -2.4957587500412624 -2.4931859269165733 -2.4907801794752613 -2.4883216439010605 -2.48596856625615 -2.4839439021096563 -2.4820646469860908 -2.4802914548605175 -2.478504424510855 -2.4768029034667896 -2.475214626079432 -2.4737005404873456 -2.472250795556782 -2.4708446358903977 -2.469510923258393 -2.4681874157516086 -2.466941759807388 -2.4657692935157725 -2.46464013831224 -2.4635154199607205 -2.462420535582816 -2.4613506846469404 -2.4603097356897994 -2.4592990677619966 -2.4582976573200437 -2.4572989291082203 -2.4562697333469794 -2.4552403273180037 -2.454222315507642 -2.453212958148325 -2.4522036703279575 -2.451143249246714 -2.450092430610354 -2.449055245580907 -2.4480335048393647 -2.446996905903749 -2.44595365577172 -2.4449225768540312 -2.443891622784413 -2.4428396509845864 -2.4418418665664845 -2.4408404457860895 -2.4398624022159305 -2.438894746235113 -2.4379927371244463 -2.437093488526651 -2.4362939114834834 -2.4354797780375854 -2.4347071400463127 -2.4339365000636075 -2.4332009065481497 -2.4324890939496653 -2.43178725499114 -2.431107470805319 -2.4304780146415954 -2.4298301921644283 -2.4291952691837526 -2.428621522100582 -2.4280342838085627 -2.427476998277209 -2.4268930293040434 -2.426344723575081 -2.4258320724172115 -2.425306450319204 -2.4247775437383394 -2.4242688365029057 -2.423800123671951 -2.423341419924559 -2.4229057374931147 -2.422466002195602 -2.4220430743695145 -2.421544393448637 -2.4211510019449083 -2.420734154608346 -2.4203192097823854 -2.419945686372289 -2.4195419656232087 -2.419131691371507 -2.4187286555744043 -2.4183877828177476 -2.418076504737062 -2.4177049567686932 -2.4173915537580166 -2.4170728670940527 -2.416737275699261 -2.416421322085962 -2.4161737701875543 -2.4158586934508444 -2.4155407568933436 -2.4154818661273953 -2.4154509526273094 -2.415384282976391 -2.4153125841375758 -2.4152505834281293 -2.415187458855886 -2.41510774929096 -2.4150285916644805 -2.414924376530414 -2.414398671041644 -2.4134494106635103 -2.412683509502213 -2.412060201572177 -2.411602261816741 -2.4110358537785324 -2.4105678338176126 -2.4102788639085952 -2.410159881750772 -2.4100466585524343 -2.409823631690525 -2.409648076951603 -2.409569666694087 -2.409528104241531 -2.4093080316842954 -2.40918443901103 -2.408862078010131 -2.4086974229480154 -2.4085944831170645 -2.40845462947333 -2.408167878932618 -2.4081153461086755 -2.4078771637746446 -2.407773249218808 -2.407641848106582 
# Stellar mass-weighted [C/H]:
0 -5.218485947384705 -6.559046639961519 -5.995636993937559 -4.109204092134103 -3.6517419475717574 -3.443528608303735 -3.3463220556840216 -3.2909890518651554 -3.2497219727045303 -3.215222916925617 -3.1852991999883615 -3.159280057238198 -3.1364295164743874 -3.1159589463193678 -3.0972180104052294 -3.079931698623331 -3.0638428086582223 -3.048661959440021 -3.0342220058974494 -3.0202925566359013 -3.006852431359815 -2.9938562569972564 -2.981223079603903 -2.969052435198723 -2.95692225462268 -2.944545997955359 -2.9314332912821106 -2.917490473444647 -2.9030682724671504 -2.888000722869795 -2.872162900260683 -2.856190525220766 -2.8402686941244157 -2.8240956299360995 -2.8077558717353632 -2.7912376152759713 -2.7745945526602247 -2.7576192902508794 -2.7404053198890628 -2.723269505790248 -2.7061990978422292 -2.689254559894609 -2.672485295738385 -2.6558975014492017 -2.6395376190947717 -2.623398807993061 -2.607527357092998 -2.5919347600232374 -2.576686876033375 -2.5616830238332167 -2.5474684529436766 -2.5333592631859174 -2.519519397518202 -2.506012316376415 -2.4929185040621027 -2.480382013480269 -2.468301075368805 -2.4566216653817516 -2.4453079990916784 -2.4343211847680646 -2.42363421520429 -2.4132733439784513 -2.4032463061376976 -2.3934339848217716 -2.3838250859596473 -2.3745838071150374 -2.365672180445034 -2.357075392720551 -2.348729141514097 -2.340711826788006 -2.3329030259081405 -2.3253850871095283 -2.3179902573673408 -2.310997636610633 -2.3041673105251883 -2.297590214787175 -2.29109634519238 -2.284945171528065 -2.2789478721668575 -2.2731950641587275 -2.267522513294658 -2.262032275446341 -2.2567031972469893 -2.2515621841940376 -2.246525720004053 -2.2416339354746126 -2.2367532513743154 -2.232051093447529 -2.2274396833511103 -2.223103439804717 -2.2188443691878232 -2.2147336907680613 -2.2106268082755367 -2.2066036103366677 -2.2026222203918797 -2.1987491738593663 -2.1950044140807483 -2.1914268014250604 -2.1878971595344874 -2.1843854731186765 -2.1842526249246577 -2.184184776596143 -2.1840861590900627 -2.1840059077776592 -2.183918924731345 -2.1838583854140587 -2.1837600818018856 -2.183686898833079 -2.1835331511753253 -2.1828234746860176 -2.181430982522234 -2.180272856575307 -2.179231665729729 -2.178434871672134 -2.177589686311567 -2.1770430882268945 -2.1767367123971786 -2.176593538393921 -2.1765543104069858 -2.176368621979454 -2.176348330804162 -2.1762929745810853 -2.176333025059578 -2.176076092896187 -2.176076092932597 -2.1755736360469786 -2.175239636587249 -2.175009252891842 -2.174641959080117 -2.1737658357098493 -2.173643857021327 -2.172878432559659 -2.1725731862577318 -2.17206424364183 
# Stellar mass-weighted [N/H]:
0 -5.218485947384705 -6.559046639961519 -6.446439074864935 -4.6994087108772895 -4.249537799567731 -3.8740137500973795 -3.565424705362352 -3.32830955134334 -3.1500818530600636 -3.015046818216244 -2.912267033186138 -2.8336969541331127 -2.772381336993832 -2.722783430342771 -2.6807672897559707 -2.6438127342806563 -2.610017307045772 -2.578213680088407 -2.547992461501007 -2.519731402156501 -2.493985233115181 -2.470921058096181 -2.4502542380184593 -2.4319703313080785 -2.4155312576447567 -2.4013183279182124 -2.388748525063061 -2.3789283216588126 -2.3706539538177633 -2.3639559653491835 -2.358647293070254 -2.3546110805957614 -2.3515588923561914 -2.3494725347610306 -2.3480477195522216 -2.347056230943947 -2.346234222329276 -2.345452405366605 -2.344732417026478 -2.344015905904066 -2.3433184185897993 -2.3425942177942867 -2.341919871639319 -2.3413178165109017 -2.340737721817203 -2.3401917358949387 -2.3395019201271667 -2.3389106442540273 -2.338242744520941 -2.337659750573864 -2.3371450744295013 -2.336622391400958 -2.3360674936639745 -2.335589324229063 -2.3350889064667424 -2.334567006098151 -2.334060350833978 -2.3335690274539402 -2.3331150913388514 -2.3327032324461587 -2.3318687542311114 -2.3313579708612124 -2.3303910612222207 -2.3298696086296484 -2.329501853135592 -2.3291369465365035 -2.3286990368374063 -2.328270446480823 -2.3278418589200287 -2.327437865853927 -2.327060984209006 -2.3267030224943044 -2.3263196147324283 -2.326008512992634 -2.3256546187907317 -2.325258059969304 -2.3248810857087703 -2.324593335381203 -2.324281502810205 -2.3236625829005524 -2.3232905917053452 -2.322955907508457 -2.3226380161604787 -2.3223381031485175 -2.322025092848506 -2.3217220442831223 -2.321455861354057 -2.3211242542041504 -2.320834487545836 -2.320570843800434 -2.3203259391179927 -2.320039517367526 -2.3197251688731653 -2.3193880940104394 -2.3191597220357902 -2.318866426081133 -2.318641655109719 -2.3182508268848867 -2.3180410413367527 -2.3175323847794305 -2.3173065791373872 -2.317108980535732 -2.316901427462011 -2.3166250918561193 -2.316430628749898 -2.316231071997624 -2.3160300558752613 -2.315824692706272 -2.31544782634972 -2.3137127942619626 -2.3106977291241817 -2.3082654099468556 -2.3061308445220066 -2.304380050465941 -2.3022867369007827 -2.30061585474047 -2.29928198416141 -2.298856939834261 -2.298246492778219 -2.297334192544236 -2.296642381369913 -2.296084578348209 -2.2959167954599886 -2.2949109435967605 -2.294137565115287 -2.2922677338550184 -2.2909142471298836 -2.2897976618016855 -2.2886669811446865 -2.2873358876240095 -2.286404631822567 -2.2853856536407458 -2.2842725237286006 -2.2835714485498944 
# Stellar mass-weighted [Ca/H]:
0 -5.218485947384705 -6.559046639961517 -5.312254286429351 -3.273653325232912 -2.9515627545267424 -2.8315408876116983 -2.7794102621221146 -2.7056208854949126 -2.6070635031375904 -2.5135614511809212 -2.4368636151217817 -2.376071379171565 -2.3273162357066113 -2.2872427606034034 -2.2532522523977816 -2.224054284722131 -2.198597000646938 -2.1760666390455112 -2.1558861011221895 -2.137661905017807 -2.1210683269075297 -2.105870916601053 -2.0917619228429007 -2.0788395514746876 -2.066620974016309 -2.0553372299296226 -2.0447371236374696 -2.0346946995312454 -2.0252242224935992 -2.0163089323184407 -2.0078396598221726 -1.9998244843471706 -1.992176943713024 -1.9848666785364788 -1.9778940091654702 -1.9711977217468704 -1.964770959158412 -1.9586191922851466 -1.952717361252919 -1.9470246620337246 -1.941557708607565 -1.9362717593119827 -1.9311540305486918 -1.926200064838926 -1.9214224561402515 -1.9167884479039765 -1.912244731873515 -1.907939937837682 -1.9036943663816803 -1.8995680311590801 -1.895547963879281 -1.8916647661599981 -1.887858099735996 -1.8841758821273515 -1.8805730315913225 -1.8770544005185883 -1.8736333444397122 -1.8703010577633776 -1.8670568305367752 -1.8638726880777767 -1.8607588913751636 -1.8577174473764968 -1.8547454356926458 -1.8518342956919893 -1.8489928296593385 -1.8462188231730723 -1.8434788834123914 -1.840791507764295 -1.8381662632387394 -1.8356042341708276 -1.8330744526519842 -1.8306087994072895 -1.828168604543734 -1.8258040976450864 -1.8234489447791393 -1.8211519223354191 -1.8188740840155937 -1.816670084631304 -1.8144815979669806 -1.8123516818268843 -1.8102270868811337 -1.808154013477977 -1.806106997753714 -1.8041150148955198 -1.802130760485146 -1.8001942150399595 -1.7983094804197384 -1.7964183693334403 -1.7945446712783388 -1.7927042439842378 -1.7908870639477703 -1.7891105367200293 -1.7873307719711455 -1.7856007957840285 -1.7838892064162053 -1.7821769914473125 -1.7805136867257048 -1.7789097229250137 -1.7773297454640167 -1.7757183097988198 -1.7755384486506163 -1.77539993941864 -1.7752455586942784 -1.7750541711810728 -1.7749080804419624 -1.7747709733700239 -1.7746170577685616 -1.774473548909099 -1.7742013699577024 -1.7729407581112984 -1.7706726871041107 -1.7688288934974592 -1.7672057726947195 -1.7658966142580343 -1.764372326838762 -1.7632013565862357 -1.7623254518902183 -1.762027926339461 -1.7616647055656678 -1.76107027338813 -1.760669915818136 -1.7603383762960592 -1.7602591877216893 -1.759587589881992 -1.7591444712616662 -1.7578854014008112 -1.7569829719249128 -1.756254194327818 -1.7554690198095377 -1.7543623532870543 -1.753778675943109 -1.752897156004111 -1.7521417390969294 -1.7515339397316083 
# Stellar mass-weighted [Ne/H]:
0 -5.218485947384705 -6.559046639961519 -4.982191939053914 -3.0472583867654057 -2.711166436193311 -2.5877582509912314 -2.5391019395720384 -2.520814400802676 -2.514519375530652 -2.5123503129752693 -2.511147473611225 -2.510273814310364 -2.509586435697053 -2.5087873736684143 -2.5078039968593675 -2.506878238210464 -2.506174653398351 -2.50550451320015 -2.5048984268920007 -2.5042197527358114 -2.503575709503851 -2.5030007828743708 -2.5024558162100687 -2.5018988407988596 -2.501366064319451 -2.500879890063482 -2.5004481650133847 -2.4999567795833952 -2.499469265502203 -2.4990454117624656 -2.49861981087811 -2.4982220612379704 -2.4978481083045416 -2.4974772554258458 -2.497113684227675 -2.496763835656931 -2.4964206216790465 -2.4960755725932513 -2.4957203134797155 -2.4954190110507257 -2.4951083764417623 -2.494790089374309 -2.494464325430754 -2.4941443614088072 -2.493846573373518 -2.493572095901377 -2.493273828070567 -2.4929816028472906 -2.4927037954632763 -2.492418963298313 -2.4921156816501053 -2.4918616142072425 -2.491578291374382 -2.4913365640211484 -2.491049173946757 -2.490820855174209 -2.4905553045091544 -2.4903206554449255 -2.490107140766611 -2.4898571522459036 -2.489599960356065 -2.489356019849801 -2.489133110826092 -2.488906987397397 -2.488679530247391 -2.48850081546193 -2.4882652528612432 -2.488040267406978 -2.4878126820938524 -2.487628013232511 -2.487448395539884 -2.4872408200730334 -2.4870566717483307 -2.4868720823329538 -2.4866805825645013 -2.486485107722123 -2.486305705416929 -2.4861349547751814 -2.4860202370981312 -2.4858492696751116 -2.4856777148446287 -2.485490021451718 -2.4853454694287214 -2.485187508627405 -2.4850221805858554 -2.484894131700104 -2.484785724054184 -2.4846499514275857 -2.4844802125932626 -2.4843094802403476 -2.4841766628831374 -2.4840654195393173 -2.483895834752561 -2.4837796009693998 -2.4836743647892456 -2.4835213423333906 -2.4834044060932863 -2.4833282427856327 -2.4831503175553244 -2.4830334372759246 -2.4829942777049787 -2.4829801571462875 -2.482925452812972 -2.482872027503605 -2.482822817266218 -2.4827704886215765 -2.4827013696769855 -2.4826303699631893 -2.482552326696723 -2.482138527213717 -2.4813909185334824 -2.4807925059532616 -2.4803244551169383 -2.480000537625 -2.47958177275315 -2.4792149553335214 -2.479013841478416 -2.4789215492323047 -2.4788432667740423 -2.478673403340453 -2.478525089357988 -2.4784845060492913 -2.4784454530088063 -2.4782922181559037 -2.478213665320049 -2.4780368615024067 -2.4779908685257084 -2.477987690983573 -2.477951809576057 -2.4778077271822 -2.4778402895329776 -2.477714095013628 -2.4777169616592776 -2.477670587525295 
# Stellar mass-weighted [Si/H]:
0 -5.218485947384705 -6.559046639961519 -5.005501401919039 -2.942375317958997 -2.62830428726803 -2.5146633456180245 -2.4665173573437897 -2.4246958948849366 -2.3749533617944545 -2.325030176260146 -2.2807814206215937 -2.2435005220642514 -2.212171579712802 -2.1855616730495226 -2.1620894244112563 -2.141585423932706 -2.12341545624085 -2.1070739795023856 -2.092251714782373 -2.078697639288208 -2.066184927526855 -2.05464914841788 -2.0438594964274763 -2.0338941284981367 -2.0244385890553094 -2.015609402106043 -2.00728809008191 -1.999374409453166 -1.9918689605548767 -1.9847811521227392 -1.9780067126593828 -1.9715796360193423 -1.965431944350314 -1.9595262951850385 -1.953879895408991 -1.9484362165758293 -1.9432293594958958 -1.9381840656858174 -1.9333249621801931 -1.9286834218887448 -1.924186565494363 -1.9198230247795065 -1.9155948817797173 -1.9114941314830691 -1.9075400231009398 -1.9036804895927162 -1.8999018827633902 -1.8963108754336844 -1.8927685735584818 -1.8893180136556333 -1.8859479925178482 -1.8826974905432499 -1.8794962252698486 -1.8764015984840494 -1.8733649164967048 -1.8703973812367085 -1.8675092754370475 -1.8646977815836312 -1.8619542518195606 -1.8592576487644177 -1.8566161447739526 -1.8540364495486665 -1.8515101675166985 -1.8490348392415221 -1.8466169234866125 -1.844254778711405 -1.8419175983786742 -1.8396223058128705 -1.8373803905811403 -1.835193534670493 -1.8330316423901811 -1.830919159826112 -1.8288288875540504 -1.8267998461482513 -1.8247823144881812 -1.8228092184340783 -1.8208571940614933 -1.8189593129133508 -1.8170790816268516 -1.8152385954191752 -1.8134079546020043 -1.8116194843731703 -1.8098564060713196 -1.8081410626441325 -1.806431983313865 -1.8047596064114595 -1.803129794631599 -1.8014926558255153 -1.7998669619372265 -1.7982702005587807 -1.796697718508451 -1.7951603871329036 -1.7936123164439994 -1.792113580422365 -1.7906292485377797 -1.7891374253334398 -1.7876932610457406 -1.7863037049819956 -1.784922726952293 -1.7835303600565524 -1.7833699748678349 -1.7832487120142924 -1.783108401945122 -1.7829360185728707 -1.7828033915101873 -1.7826780846759807 -1.782536002551681 -1.782402895054271 -1.782157646285178 -1.7810146651407734 -1.7789577094242617 -1.7772858541183725 -1.7758220022667714 -1.7746480077894198 -1.7732749563236228 -1.7722140748444 -1.7714296665145017 -1.7711601435641224 -1.7708354672443676 -1.7702986498632614 -1.7699324973520536 -1.769640109854727 -1.7695663534743638 -1.7689650677541797 -1.7685708642297797 -1.767457780387634 -1.7666702789331392 -1.7660386817115388 -1.7653537505616663 -1.7643765409261913 -1.7638748178768742 -1.7630946882660377 -1.762439971662383 -1.761907230611114 
# Stellar mass-weighted [S/H]:
0 -5.218485947384704 -6.559046639961518 -5.08265201593736 -3.027039701707576 -2.705303030011705 -2.5863373856044696 -2.5355808659887993 -2.4894698026419455 -2.433741460998382 -2.3783258573499424 -2.3297945075202238 -2.2891946587850995 -2.2552846889596463 -2.226538928627078 -2.201487759079561 -2.179619925207188 -2.1602728912134372 -2.142928789411699 -2.12721198193994 -2.112856631306788 -2.099677245421006 -2.087519651981353 -2.076163286423074 -2.0656937535309563 -2.0557612966159544 -2.0465090747175623 -2.037793279877209 -2.029496069865395 -2.0216360893012553 -2.0142266544495344 -2.0071566305420454 -2.0004447275395156 -1.9940247334665084 -1.9878743005880555 -1.9819896653577755 -1.9763171572533906 -1.9708841341571794 -1.965652821636108 -1.9605910998709328 -1.955769926409884 -1.9510987554999106 -1.9465663520749787 -1.9421834861117295 -1.9379243388477203 -1.9338089722022431 -1.929818176529034 -1.925898596101117 -1.9221776870760028 -1.9185060274750452 -1.9149312699255603 -1.9114419309863635 -1.9080624667427815 -1.904757831649185 -1.901560893847111 -1.8984184155802462 -1.8953506258594146 -1.892388633171695 -1.8894575494199932 -1.8866207536561355 -1.8838312506585195 -1.8811019314908393 -1.8784372064985835 -1.875828389217638 -1.8732702882204855 -1.870770919770858 -1.8683321218018838 -1.8659196543288656 -1.8635512197905966 -1.8612373476389683 -1.858980540744322 -1.856748640422535 -1.8545689698192023 -1.8524139206803234 -1.8503208129887456 -1.8482396704661461 -1.846205398501092 -1.8441870822436108 -1.8422345589961653 -1.8402942892801013 -1.8384032374238188 -1.8365153277757447 -1.834672900645387 -1.832855972751302 -1.8310860439594734 -1.8293186996987751 -1.8275991000890635 -1.8259232319569954 -1.8242383750182158 -1.822566972192937 -1.8209240013014192 -1.8193055050698517 -1.817720710747425 -1.8161282020047071 -1.8145841388498827 -1.8130590950942587 -1.8115215414069743 -1.8100372333979449 -1.808607225292251 -1.80718747347243 -1.8057455629398689 -1.8055813734704715 -1.8054567654947045 -1.8053135047212185 -1.8051373795318737 -1.8050022711401805 -1.8048745708520126 -1.8047300670608948 -1.8045946755318703 -1.8043442308465805 -1.8031778530496263 -1.8010790283683402 -1.7993733584540088 -1.7978781207947945 -1.7966777200258734 -1.7952752229984998 -1.79419274942643 -1.7933906573843528 -1.7931156122588856 -1.7927834438313672 -1.7922353078487143 -1.7918624009704756 -1.791562463623455 -1.7914876104409556 -1.7908724595848167 -1.790468991308896 -1.7893275693862636 -1.7885181382439344 -1.7878681861724468 -1.7871641489487757 -1.786161749163485 -1.785644791873458 -1.784844800677308 -1.7841711001901537 -1.7836240819741658 
# Gas metallicity, [Z/X]:
-5.2406767730474275 -6.8351340961497655 -4.924017118944294 -2.6238278760916733 -2.1000462218672595 -1.749183022467889 -1.3342539313789243 -0.8613374350764638 -0.41739243419158556 -0.021908422666186755 0.3291352692185705 0.5993455232525862 0.7370625284641804 0.7753955226429579 0.7834171887519839 0.7677260597565921 0.7878056092096927 0.765699252368387 0.770219434093847 0.760679585301333 0.7607063985097812 0.7511027457561791 0.7473058999675929 0.7392662982515565 0.7341318593688797 0.7325269561779926 0.7256665229299869 0.7251143713120546 0.718944323932581 0.7194466270741064 0.7139544210658472 0.7164979612921811 0.7092421701873453 0.6726551356167487 0.7276307737337904 0.6857071719860648 0.7842645905722688 0.6379954467338362 0.8494332724812023 0.4775253291721151 0.9893858240322371 -7.374890186007901 1.2089320514239599 -7.352709445670177 1.4061755364293531 -7.331811890649339 1.6001801512700133 -7.317704008104451 1.7889603009574409 -7.29426302357238 1.9836107111392045 -7.272460162710818 2.1978014502444925 -7.2579507484477155 2.421216197891681 -7.240463413311552 2.6657564149941773 -7.229037070847941 2.9214210597536256 -7.207571314287774 3.19539146479346 -7.1906992814582384 3.487251209815159 -7.175591492910716 3.7951339547512966 -7.168553634412213 4.121045589854365 -7.151651131154615 4.4633817420823 -7.1397440956360985 4.818773351198452 -7.133935342254093 5.190152478573599 -7.134808612963344 5.5791073925026105 -7.116621928239788 5.977561761791982 -7.113884389910588 6.388991984333938 -7.100601162699993 6.818841848100319 -7.093053743938219 7.254433498915077 -7.083428603519325 7.708878582637309 -7.080351830331729 8.163109658890438 -7.0640353794234425 8.653556662914003 -7.07324573313605 9.1580764468739 -7.044841088176202 9.649287080072003 -7.044352690896758 10.171192012866397 -7.058252228929524 10.69852936803251 -7.024039446617408 11.229744639345773 -7.0262877120973535 11.762945942727653 -7.275951328099197 11.897227032682327 -7.544288257005478 11.833898437212559 10.875639500215106 11.65269290222456 11.2671787935334 11.47262670310784 11.298460923008934 11.116476732813737 10.901214370504647 10.789423633208283 10.6996178333709 10.63252454393866 10.554413548828437 10.49784233080846 10.452107180756157 10.440062698649918 10.415393646892413 10.383667562832478 10.35809300976426 10.343571531349733 10.337238821158206 10.311108797544172 10.28643336500436 10.246985886613945 10.219101065117185 10.195316712380317 10.174113068694746 10.154941100237245 10.137891312223683 10.123338554527537 10.109027602665925 10.096501856124945 
# Stellar mass-weighted metallicity, [Z/X]:
-4.152288344383056 -5.2406767730474275 -6.581237465624239 -5.0839078464792875 -3.068884518489175 -2.7599085599373208 -2.6262147894797314 -2.5298243509887177 -2.4517484953368145 -2.3951618489396465 -2.3576497764089694 -2.3324263289823604 -2.3142034553909694 -2.2999114945258192 -2.2877226476210826 -2.276650575926256 -2.2668421974152464 -2.257442706978977 -2.2490592595792807 -2.2411724353980507 -2.2338205282650714 -2.226868897368436 -2.220385233102199 -2.214232429790102 -2.208484175432517 -2.2029690137281523 -2.1977530026993826 -2.1928176551432133 -2.1880202380333147 -2.183457652284596 -2.179104003761471 -2.17491992498797 -2.17088172989072 -2.1670251129470506 -2.1635197223045317 -2.159782723959549 -2.1564278397274252 -2.152500111819357 -2.1496397929742637 -2.1454310770753544 -2.1434757137198455 -2.1381999243544634 -2.1377939646729214 -2.1298051387661783 -2.1294153813672185 -2.1179106860582273 -2.117533597514588 -2.101189981143399 -2.10084847003953 -2.0775366282843644 -2.0771422421422026 -2.0442823467154465 -2.0439114359050388 -1.99707952307588 -1.99669112485545 -1.930147328948723 -1.929706718243377 -1.8367924378438618 -1.836333326980797 -1.709641964470516 -1.7091343058844701 -1.5441231886099274 -1.5435762188596798 -1.3381946476727602 -1.3376051572855852 -1.097114242221094 -1.096513731894482 -0.8258432174940153 -0.8252090908825747 -0.5252398872851851 -0.524601275560254 -0.20032438452205992 -0.1997090418737797 0.14427421921844963 0.14489138169704274 0.5085887830446234 0.5092192652917347 0.8914695254189519 0.8920951596281378 1.2879955226849593 1.288615119300022 1.6985993032837963 1.6992293621045182 2.1252066358792296 2.125819426509742 2.560926676401284 2.5615388669690637 3.0129266036088045 3.013528616820455 3.472245334834253 3.4728607313719406 3.9501593914683877 3.9507687715026814 4.449569681230095 4.45016970130542 4.95145392949515 4.952078637573947 5.466064089276691 5.4666201575201425 5.9921977744870745 5.992799989296842 5.993348237962246 5.99377556551083 5.994215298614382 5.994333598312628 5.994497833733677 5.994399934927959 5.994663656422377 5.994378139471199 5.994291807962845 5.993980624897097 5.99393500804079 5.994443029933644 5.995172894768194 5.995841243641105 5.996756091116047 5.997474858116137 5.998060467106099 5.998325004653393 5.998492099625864 5.998805954827749 5.998813909780487 5.998822056384953 5.998716556931729 5.998825284118125 5.998653514837723 5.999198301367126 5.999579913437539 6.000041860061531 6.000810657200444 6.001875150375574 6.002154634251901 6.003438582029227 6.003875726865078 6.004865458674346 
# Number of SNIa (log_10):
0 0.0 0.0 0.0 0.0 0.0 2.6183271224527883e+53 1.363906098092199e+55 3.8381753997950865e+55 6.588200957479948e+55 9.156670190900445e+55 1.144053569985765e+56 1.3462080000757723e+56 1.5266834276118992e+56 1.6895123271850497e+56 1.8378273503146257e+56 1.974019566480334e+56 2.099935463168769e+56 2.217028020633428e+56 2.3264606764673657e+56 2.429179573949637e+56 2.5259648660930156e+56 2.6174672595239725e+56 2.7042356876965857e+56 2.786737908779293e+56 2.8653744838149664e+56 2.940492958520641e+56 3.0123959441256017e+56 3.0813468346805166e+56 3.1475783646434786e+56 3.211299111848734e+56 3.2727029662095185e+56 3.3319334409732777e+56 3.3891418017207945e+56 3.444468911509109e+56 3.4980353880540107e+56 3.5499488273213073e+56 3.600300471030907e+56 3.6491952473456344e+56 3.696712691796208e+56 3.742923954200835e+56 3.7878998774186934e+56 3.831702227761045e+56 3.874391744060159e+56 3.9160247258608622e+56 3.956652490923177e+56 3.996322570826169e+56 4.0350729893712245e+56 4.072956341193812e+56 4.1100100565143305e+56 4.146263812561024e+56 4.1817487012570605e+56 4.216503041929751e+56 4.250553895946381e+56 4.283929670752257e+56 4.316654794508739e+56 4.348755791116696e+56 4.380232201881679e+56 4.411154057352307e+56 4.441532087170765e+56 4.471378123135684e+56 4.500700166392732e+56 4.529501882796568e+56 4.557814553396332e+56 4.585664380419702e+56 4.613059389141233e+56 4.640016055376893e+56 4.66655044245405e+56 4.692672849533423e+56 4.718393866104237e+56 4.74372962285773e+56 4.768691887788559e+56 4.7932805983435515e+56 4.817519471084202e+56 4.841420323869482e+56 4.8649851801193174e+56 4.888223748983881e+56 4.911145622409575e+56 4.933759614480991e+56 4.956072203025423e+56 4.978095248125953e+56 4.999824924468652e+56 5.021283946931041e+56 5.04247729809911e+56 5.063406309336668e+56 5.084076344752043e+56 5.104495218638096e+56 5.1246739046792495e+56 5.14460905822662e+56 5.1643045511275194e+56 5.183776383940892e+56 5.203016577127809e+56 5.222044475169777e+56 5.240875556601532e+56 5.259495668862844e+56 5.277906718908297e+56 5.296117524768676e+56 5.314136385650459e+56 5.3319602581320846e+56 5.349596084084072e+56 5.367046418235161e+56 5.384313182085398e+56 5.401414088769197e+56 5.418345852103143e+56 5.435106737071995e+56 5.451704004313519e+56 5.46813737116117e+56 5.484407973624044e+56 5.50052304106228e+56 5.532301223976842e+56 5.682784898364015e+56 5.948542991476509e+56 6.178004594145298e+56 6.379901610822924e+56 6.560174940244847e+56 6.798864396290107e+56 7.0078699075616355e+56 7.193765183092498e+56 7.2514682447975505e+56 7.361155660497352e+56 7.513388640028941e+56 7.653014766921734e+56 7.740046005617823e+56 7.78192655828516e+56 7.939766875625582e+56 8.11828048928831e+56 8.426961781610015e+56 8.687689918946552e+56 8.913393252246863e+56 9.112430127499359e+56 9.290290205203133e+56 9.45126221139628e+56 9.598139149818723e+56 9.733221259730286e+56 9.858264708138715e+56 
# Number of SNII (log_10):
0 0.0 5.265388506994331e+53 5.487932127323314e+55 1.280089420902679e+56 1.8521593340625279e+56 2.2684009119376028e+56 2.501537008130803e+56 2.5988283783236917e+56 2.6310760082380054e+56 2.6402027714962625e+56 2.6425397448090392e+56 2.6431021035483915e+56 2.6432442166928884e+56 2.643291781044884e+56 2.6433017205968916e+56 2.6433053347015297e+56 2.6433073481013136e+56 2.6433088452742542e+56 2.643310100006449e+56 2.6433111949205856e+56 2.6433121677951505e+56 2.643313039418348e+56 2.643313825327304e+56 2.6433145375658864e+56 2.6433151840803564e+56 2.6433157742294493e+56 2.643316315341014e+56 2.6433168139443317e+56 2.6433172740370345e+56 2.6433176991970485e+56 2.6433180939077314e+56 2.643318460010841e+56 2.643318800162071e+56 2.6433191174868677e+56 2.6433194138182583e+56 2.6433196903697607e+56 2.6433199477982892e+56 2.6433201897707196e+56 2.643320418588686e+56 2.643320635924639e+56 2.643320840393497e+56 2.6433210322121384e+56 2.6433212136141825e+56 2.643321389543737e+56 2.643321563186757e+56 2.64332172723999e+56 2.643321873321891e+56 2.6433220190376805e+56 2.643322150492111e+56 2.6433222805612095e+56 2.6433223987141065e+56 2.64332251788736e+56 2.6433226245032668e+56 2.6433227304198847e+56 2.6433228232728685e+56 2.6433229179183715e+56 2.643323001977524e+56 2.643323088768707e+56 2.643323165128835e+56 2.6433232426301995e+56 2.6433233099136986e+56 2.643323380806679e+56 2.643323440080123e+56 2.643323502505533e+56 2.6433235545399333e+56 2.6433236099863576e+56 2.6433236593401908e+56 2.643323711341852e+56 2.64332375654789e+56 2.64332380429415e+56 2.6433238423116345e+56 2.6433238836114735e+56 2.6433239179178222e+56 2.643323956220078e+56 2.6433239865718532e+56 2.643324018338278e+56 2.643324046056188e+56 2.6433240780789814e+56 2.6433241016759235e+56 2.643324128096421e+56 2.643324150895426e+56 2.643324175891914e+56 2.6433241956387845e+56 2.6433242187697672e+56 2.6433242344478523e+56 2.6433242549054034e+56 2.643324270546249e+56 2.643324288481719e+56 2.643324300687308e+56 2.643324317105934e+56 2.643324329354419e+56 2.6433243432372553e+56 2.64332435221989e+56 2.6433243657127233e+56 2.6433243717604215e+56 2.6433243819647756e+56 2.6433243900072157e+56 2.6433243991729343e+56 2.6433244045972583e+56 2.643324414745255e+56 2.6433244195115785e+56 2.6433244260239454e+56 2.6433244301488924e+56 2.6433244365899796e+56 2.6433244365899796e+56 2.6433244365899796e+56 2.6433244365899796e+56 2.6433244365899796e+56 2.6433244365899796e+56 2.6433244365899796e+56 2.6433244365899796e+56 2.6433244365899796e+56 2.6433244365899796e+56 2.6433244365899796e+56 2.6433244365899796e+56 2.6433244365899796e+56 2.6433244365899796e+56 2.6433244365899796e+56 2.6433244365899796e+56 2.6433244365899796e+56 2.6433244365899796e+56 2.6433244365899796e+56 2.6433244365899796e+56 2.6433244365899796e+56 2.6433244365899796e+56 2.6433244365899796e+56 2.6433244365899796e+56 2.6433244365899796e+56 2.6433244365899796e+56 2.6433244365899796e+56 2.6433244365899796e+56 2.6433244365899796e+56 2.6433244365899796e+56 2.6433244365899796e+56 
# [Mg/Fe] for total ejected gas till this time:
0 0 0.9814846725694597 1.0243714375656767 0.8837407505457773 0.7940523525636072 0.7481849452198517 0.5557960136396248 0.34736252321639066 0.19626518814946958 0.09188145548513546 0.01686015229852382 -0.03986441109825225 -0.08473417739575637 -0.12138823696898528 -0.15207024295485275 -0.17836251365414274 -0.2012376614229336 -0.2213876670706164 -0.23932335640434288 -0.2554557175038759 -0.270083956955364 -0.283428717386636 -0.2956798694960203 -0.3069879102421411 -0.3174582530215455 -0.3271695951553205 -0.33630110095403115 -0.3448645322429055 -0.3528919457034583 -0.36045423928929826 -0.36759686592522134 -0.37434513320296575 -0.38075550889668475 -0.386852512505237 -0.3926548773598525 -0.3981750779361051 -0.403418304098181 -0.4084250578591345 -0.4132053085319886 -0.4177904339939265 -0.42218375064415053 -0.4263707433116526 -0.4304066894509029 -0.4342805966993131 -0.4379990939898338 -0.44159166500513286 -0.4450369757951113 -0.44837171725363467 -0.45159117298531776 -0.45469703748926854 -0.4577055906252113 -0.4606367168258536 -0.4634570156456887 -0.46622324919660707 -0.4689292132706407 -0.4715460698813854 -0.4741444272701248 -0.4766364778914367 -0.47911870502327136 -0.4815232204770199 -0.483872743495411 -0.48617469484902964 -0.48842100408267364 -0.4906189689348766 -0.4927756582907697 -0.49489122902329014 -0.49696296307913584 -0.49901601576483584 -0.50099142718111 -0.5029509627244557 -0.5048617217925953 -0.5067383091100985 -0.5085932496681709 -0.5104028562310046 -0.5121757566128355 -0.5139242323828683 -0.5156498782284842 -0.5173433732397321 -0.5190189557913218 -0.5206686616086862 -0.5222937014015497 -0.5238220616639979 -0.525403284879731 -0.5269320327406701 -0.5284358251127909 -0.5299211683028564 -0.5313782338043511 -0.53282675181711 -0.534246639854258 -0.5356651343063532 -0.5370626939646419 -0.538431153716642 -0.5397897919166158 -0.5411158063462997 -0.5424418455373273 -0.5437324131945849 -0.5450242793086228 -0.5463015103012797 -0.5475302710685765 -0.5487657593517756 -0.5499727471945335 -0.5512087714939087 -0.5523085357250587 -0.5535151622253005 -0.5546680863997577 -0.5558063830765959 -0.5569178937994457 -0.5580230655062453 -0.5602121268932498 -0.5703037628151708 -0.5878638882735181 -0.6021876516014046 -0.6144187905532452 -0.6249432488939674 -0.6386230490952581 -0.6502268214822006 -0.6601810139947464 -0.6632261967692314 -0.6689749445146482 -0.676690421599424 -0.6836565788227847 -0.6879536965780678 -0.6899874369753088 -0.6975985464949416 -0.7060026759804813 -0.7200453313947124 -0.7314722525763082 -0.7411664297099664 -0.7494501652226033 -0.7566796312623166 -0.7630914008731534 -0.7688651468127198 -0.7740443020685018 -0.7787875354821875 
# [Mg/Fe] for instant ejected gas at this time:
0 0 0.9814846725694597 1.0248078560594434 0.7850661488286819 0.5693032434657027 0.41934156196758565 -0.564638585944257 -1.1869398398908815 -1.4822613871921642 -1.5826038080996703 -1.6198606434887275 -1.633827477930599 -1.6621344395657787 -1.6537435442394068 -1.6216662187197777 -1.6340047104521924 -1.63304788632313 -1.6229523391291891 -1.6122065169996735 -1.60919292546537 -1.6120732080292552 -1.6090266807152678 -1.6094313806211165 -1.6103223590918982 -1.600682908727465 -1.5729325153895943 -1.6217934989323048 -1.623073555103381 -1.6002497352183722 -1.593221478591438 -1.5863179153933238 -1.5685758921667132 -1.5722196629274172 -1.5710508251206157 -1.5602566784369405 -1.5394948763602485 -1.5059984093460115 -1.4911404492554186 -1.4683538693684028 -1.4678863042194 -1.4542322153392027 -1.4135243301028804 -1.4137499583829822 -1.3972865990576993 -1.3793887261819389 -1.379625505680789 -1.3530428002049575 -1.3536018987489948 -1.3428922165514539 -1.3297314460388203 -1.3263970361199293 -1.3366809016062655 -1.3109880904022786 -1.3363540290000933 -1.352556463740163 -1.3348799386106849 -1.3955898874708224 -1.3466080094697426 -1.410090003950082 -1.3872524374739097 -1.392608415732973 -1.4062762224609295 -1.4034740543496989 -1.4092487407855006 -1.4199245934188234 -1.4313103279359911 -1.433958967053986 -1.4780210593626084 -1.4190064937682842 -1.461794683633304 -1.444751889493256 -1.4533442640323126 -1.48155391276645 -1.4622967628068173 -1.4582357187617416 -1.4770387890483028 -1.496754170224019 -1.4946371689766704 -1.5233471014986597 -1.5324083816791896 -1.5440623515808127 -1.394411832523083 -1.5722540750270888 -1.5046107698414954 -1.5053713598622873 -1.5199994619730712 -1.5093982286599106 -1.549577684379206 -1.533063735783043 -1.5940721838847907 -1.5983827471182566 -1.5714397072556419 -1.6014915103234026 -1.5624440850800554 -1.624898460989959 -1.5750136018769667 -1.6399560683094887 -1.655297337753977 -1.5456476614310013 -1.6296919713484574 -1.5871231757136368 -1.7799934128478705 -1.3726221906627847 -1.811202151266777 -1.617126409244503 -1.6170618045768115 -1.5719021871152739 -1.6006282281767377 -1.6421090465927104 -1.5972400736257735 -1.7058010497715423 -1.6397600311974379 -1.6691004544129395 -1.6449762774754613 -1.7101808454492784 -1.7230091418346398 -1.6928156269713261 -1.7081621861901883 -1.7315436956530634 -1.6687557972319034 -1.688164715684456 -1.7094647527721767 -1.6787525621093222 -1.7041208510929797 -1.6990017051718738 -1.6896673768327006 -1.6862052201166255 -1.722374348718188 -1.7013983711045884 -1.6965048397055025 -1.6951137688348752 -1.7101552780520435 -1.6808483582378986 -1.6931222681892202 
# total ejected metal mass till this time:
0 0.0 2.1198435032325006e-05 0.0010813961591915537 0.0017992980636035772 0.0022346559951092627 0.00262889233756749 0.0029995942584593407 0.003285485184570218 0.003478325763322806 0.003609485794001544 0.0037073450444540896 0.003786707146647046 0.0038553688509577427 0.003917932886495613 0.003973304123752494 0.004028923000494349 0.004077466892638632 0.00412468657319713 0.004168241123778776 0.004209936235268873 0.004248872475777854 0.004286081048778024 0.004321197576156726 0.004354733208528831 0.004387014837968038 0.00441758703693164 0.004447244514749646 0.004475517261945483 0.004503060739165373 0.004529315331820592 0.004555128727353185 0.004579720815094799 0.004601485159696619 0.004626437311706174 0.004647402393845492 0.004674878219519513 0.004691146326057612 0.004722638053653687 0.004730320182815528 0.004774388190147414 0.004760525112849673 0.004834783085070693 0.0047664888887910236 0.004877339426876237 0.004756239447319823 0.004919470397551806 0.004716690883558348 0.004961712023312995 0.004632622163090964 0.005001002865873361 0.0044654736830419045 0.005040510884736512 0.0041490847932167015 0.0050794647682115895 0.0035583863077735256 0.0051173616238666415 0.002418411494615663 0.0051536105052602385 0.0002065691382619862 0.005189227325566774 -0.004282013034655832 0.005223824123758822 -0.013356552488432285 0.005258116318847222 -0.032480494565710775 0.005291064797186642 -0.07553236689446531 0.005322688438930659 -0.17415375617051312 0.005353633479685589 -0.405881135141186 0.005383357921634457 -0.9776727207021909 0.005412120917464548 -2.4357187507011697 0.005440020649675686 -6.190223446271318 0.005467306776734501 -16.23027188048453 0.005493345092912317 -44.20920043158186 0.005518674931869013 -121.69952253857286 0.005543244984965865 -350.9075995969467 0.005567301155874783 -1016.5478640427326 0.005590548566836936 -3114.152065889268 0.00561286435318678 -10042.061591272079 0.00563472475426582 -31886.60280391641 0.005656125701822074 -105366.7433815179 0.005678228444547242 -357079.6522460994 0.005696880377976396 -1241466.0526185262 0.005716993250414613 -4267770.9568854775 0.005736248551449961 -5860549.888697217 0.005754994807778819 -5094879.8485739 -563249.3375806789 -3379427.326168295 -1396639.8833127047 -2255558.733746284 -1552273.109883769 -1072010.7868289603 -683668.1473777976 -549577.6144060738 -463051.2951868655 -413579.32518369914 -358500.8852958845 -324692.00739147404 -295802.588726882 -292416.96173794067 -282664.4592989027 -268379.57430421654 -256556.2236493053 -249792.4120258175 -251357.91880250262 -242586.22785024642 -238466.9913974969 -225495.95087674432 -217679.4318785876 -211307.96849808726 -205614.42092300506 -200625.4918067231 -196428.65672950062 -192746.56115417584 -189178.9280372717 
# Stellar [Z/H]. [Z/H] = [Fe/H] + A[Mg/Fe] where A=0.94:
0.0 -5.218485947384705 -6.559046639961519 -5.093638922582552 -3.0653854743238105 -2.7435100511971457 -2.62625050268287 -2.5773332455491635 -2.5458036789298903 -2.5232744552890045 -2.5080392462377374 -2.497012867910717 -2.4886438094535634 -2.4820280905974097 -2.476462699864226 -2.471440320293496 -2.466947777126411 -2.4630900366975714 -2.459619747526629 -2.4564464242228286 -2.4534209994239697 -2.4506071317339795 -2.448010510098488 -2.4455697262911356 -2.443280914889489 -2.441090452779771 -2.439035091580669 -2.437042266474126 -2.4351657084842024 -2.433400544915524 -2.4317171656681382 -2.4300707019502683 -2.428485622381421 -2.426950941592039 -2.425467926929503 -2.4240379501042026 -2.4226375580806483 -2.4212599137232047 -2.4198711950590526 -2.4184996916592496 -2.4171556430079337 -2.4158342224872213 -2.414526245263852 -2.4131827691641052 -2.411859460209143 -2.410561437429559 -2.409287987927767 -2.4080073106174393 -2.4067366840394637 -2.4054818900036046 -2.4042355087462752 -2.4029769512605945 -2.4017785293409464 -2.4005822971410997 -2.399416401587411 -2.3982660913218043 -2.397183253401998 -2.3961095549871843 -2.395135818387895 -2.3941542202210524 -2.3932160606882418 -2.392284634443831 -2.391390972013261 -2.390524473728961 -2.3896715364727616 -2.388844121289914 -2.3880683031648307 -2.3872781072500002 -2.3865035214646997 -2.385790544234249 -2.3850690087149635 -2.3843778799159185 -2.38366620731494 -2.3829896508724704 -2.382351495598335 -2.381702299919147 -2.3810538638956156 -2.380425680401851 -2.3798399506410792 -2.3792646706874123 -2.3787149873489026 -2.3781620137059853 -2.377628304695464 -2.3770249645737414 -2.3765242633728527 -2.3760021483640172 -2.3754851585057972 -2.375009992767546 -2.37450662099822 -2.373998448937302 -2.3734991938802805 -2.3730597274962135 -2.372650696540851 -2.3721851664569393 -2.371777358937231 -2.371365744129184 -2.3709384532519273 -2.370532789305929 -2.370195044182488 -2.369796020694103 -2.369391887408276 -2.3693249343502796 -2.3692868566015135 -2.369214330149847 -2.36913466418917 -2.369067064226846 -2.3689990160043273 -2.3689143575756346 -2.3688309084262933 -2.3687154919383415 -2.3681408048111203 -2.367103675685446 -2.3662660033590397 -2.3655761356325504 -2.365061564119746 -2.364431474865216 -2.3639167518568676 -2.363588816395588 -2.363457967476947 -2.363328160772565 -2.3630804769124922 -2.3628900236707526 -2.3627948188133496 -2.3627507744338336 -2.362500712990723 -2.3623559605946487 -2.3619714230384354 -2.3617578260365355 -2.3616134013720456 -2.361430759563095 -2.3610895274917745 -2.3610018312962575 -2.360720903252548 -2.3605738336975923 -2.36041081718917 
# Stellar luminosity-weighted metallicity, [Z/X]:
-4.152288344383056 -5.2406767730474275 -6.8322153811712045 -4.928468068696172 -2.6397138543446186 -2.133111931148706 -1.8320742269888461 -1.5844998334334954 -1.5150747556902286 -1.6775348704961466 -1.8988455688767563 -2.075140824931923 -2.1560094424949474 -2.1911132028805786 -2.2075912319557975 -2.2141473248157686 -2.21582269471834 -2.2137433463009426 -2.210461861954589 -2.2061253321655006 -2.2012756795681776 -2.1958836037689533 -2.190487459576744 -2.185013348395752 -2.179443529621155 -2.173837095666073 -2.168234496423186 -2.1628102600367054 -2.157379387497225 -2.151973829017347 -2.146663058989936 -2.141482959161099 -2.136227142088015 -2.131179683807958 -2.1268616047476456 -2.1216796739710126 -2.117228188349354 -2.1109083166482048 -2.107300095429803 -2.099932003208524 -2.0984659631704963 -2.087855933531851 -2.0905311183695394 -2.072086632927877 -2.074664798917243 -2.0461660928984218 -2.0486998535575367 -2.008173164873024 -2.0110756004282067 -1.954387841957833 -1.9577819602507784 -1.8827749651458732 -1.8868275457026205 -1.7876685225265658 -1.7920518706651258 -1.6640973697462933 -1.668867546026094 -1.5109142910521627 -1.5158926782209143 -1.3243383646649518 -1.3287433124398478 -1.1059932976590339 -1.1095130949651237 -0.8548871114504772 -0.8579858919168262 -0.5810239933416812 -0.5837333448437068 -0.2896951449990197 -0.2912209645341586 0.026209259063412205 0.02510909035883202 0.36416788335075867 0.36394181938003367 0.7184167600502442 0.7187011132230225 1.0897338194290866 1.0905109082298807 1.4805452054222135 1.4817650381552816 1.8826673267535026 1.8842501036525376 2.297251670788004 2.299048057421661 2.732379560961877 2.7344154444292856 3.1706688799147065 3.1729603438427008 3.630177804367517 3.632549779764496 4.091166835481003 4.093434940776941 4.567752090630905 4.570259758747004 5.079248493207132 5.081977628340523 5.583000127269699 5.585837891070614 6.100861231112938 6.104160715473004 6.631744180840713 6.635429982873848 6.637167898338309 6.635763803232656 6.629976485295328 6.614278411191587 6.596159333317648 6.579343363662883 6.563158182797129 6.54835499008666 6.521884433328506 6.435707079518959 6.358156696465008 6.321674668397095 6.300827994797741 6.286168594441008 6.27035602440994 6.259428684845651 6.251513053533731 6.250073835452765 6.2451534323351 6.239482117644972 6.23308113304444 6.229402823916804 6.226962049554308 6.220620291160658 6.212479091204286 6.203846506942891 6.19646704349983 6.191311123344141 6.1886724478979085 6.187970353365686 6.183597111829867 6.185245320612628 6.182452752135498 6.183006881348655 
# Stellar luminosity-weighted [Mg/Fe]:
0 6.938893903907228e-17 -1.3877787807814457e-17 0.9722257922000401 1.02469026380401 0.8173483842324233 0.64129890991786 0.5217286373773459 -0.14357387176441305 -0.5192787588617234 -0.5673862061087143 -0.4591362625891626 -0.3968166466826556 -0.3890781739045887 -0.4011830630790017 -0.4217973698712385 -0.4443758413343268 -0.466330983504221 -0.48700699096373606 -0.5061087078235961 -0.5237505347957259 -0.5403768055328575 -0.5557467672798311 -0.5699444207215834 -0.5834581301270623 -0.5962829874760038 -0.6083886970838758 -0.6195720873210758 -0.6302750442602324 -0.6407052560118915 -0.6504960430713815 -0.6598176051425628 -0.6687084589219341 -0.6770612074709705 -0.6849987311262328 -0.6927227406467346 -0.7002080401695127 -0.7073524254621943 -0.7140480845330383 -0.7203373652265032 -0.7263965498484095 -0.7321947148344069 -0.7381846627043059 -0.7433780644693464 -0.748553980448826 -0.7531041523346316 -0.7577375398382246 -0.7619047938862047 -0.7661670139790429 -0.7700155943068328 -0.7739688704411289 -0.77749140318061 -0.7811279164905651 -0.7845773322881477 -0.7879937449903465 -0.7913499345116686 -0.7949131188782544 -0.79822573346658 -0.8017488035333883 -0.8049796336387585 -0.8084241368431718 -0.8117273210769568 -0.8149782483908091 -0.8182987257460027 -0.8214784988923093 -0.8246459329162888 -0.8278595808512488 -0.8309246535974952 -0.8339267522736254 -0.83700011244119 -0.8399664805547399 -0.8429083207201817 -0.8456661709959099 -0.8484572621917722 -0.8513836332329789 -0.8541328903017993 -0.8567613736961968 -0.8594170189495378 -0.8621276129532236 -0.8648090682284086 -0.8675175499183191 -0.8701082507499776 -0.8727414811150743 -0.8750057169500833 -0.87754766668761 -0.8799635654883287 -0.8822670213979354 -0.8846271682801607 -0.8869227261498082 -0.8892884243909783 -0.8916466213745574 -0.8939093480465314 -0.8962005309375686 -0.8985398128294018 -0.9008213209597322 -0.9030754870301665 -0.9054766808413441 -0.9076097169628247 -0.9097479988449242 -0.9119394021323827 -0.9139212291281416 -0.9124013155709577 -0.9108847609719158 -0.9093003049960403 -0.9075944643353789 -0.9058323680452253 -0.904239820215635 -0.9027996916946333 -0.9015268299150362 -0.8994581306450671 -0.8930276620224703 -0.8887969574813315 -0.887590831232466 -0.8882053438782559 -0.8891436228018826 -0.8901472910763715 -0.8910452795308698 -0.8913262143187465 -0.8914912623779284 -0.8912060877622326 -0.8910492895428197 -0.8900567429943665 -0.8902294432683951 -0.8897901385212533 -0.8899980785172552 -0.8890299998275357 -0.8897160786051305 -0.8897766028368708 -0.8896157917200495 -0.8898381974076345 -0.8910893558562621 -0.8911500761386287 -0.891801716587914 -0.8927206433401464 -0.8927988508181968 
# Stellar luminosity-weighted [C/Fe]:
0 -2.220446049250313e-16 -2.220446049250313e-16 -0.03846822511136627 -0.08170754022662174 -0.0891998527481288 -0.08856759577739615 -0.09555216090016427 -0.6534961926244306 -0.9580855105824891 -1.0263523389798879 -0.9854579398129929 -0.9557086019627755 -0.9535173602726044 -0.9607526135780334 -0.9713886133269788 -0.9819264230973737 -0.9908616177340616 -0.9979185780399467 -1.0032241305707281 -1.0070082166685541 -1.009586478948524 -1.0110076480739552 -1.0114963856537076 -1.0113215055419573 -1.0101224385064242 -1.0069967938138482 -1.0011184525745809 -0.992707452877267 -0.982549833349283 -0.9705005208750257 -0.9566478840718159 -0.9423001596688848 -0.9281800317175538 -0.913723907174965 -0.8988888282478982 -0.8835062033077793 -0.8677943904285734 -0.8514110895742965 -0.8346398539329649 -0.8178414045198632 -0.801312835511466 -0.7842259652349964 -0.7684117530912399 -0.7526065446853013 -0.7378611692306323 -0.7230106422024681 -0.7092302124438905 -0.6950860364701577 -0.6821272128628292 -0.6689595683191742 -0.6577796575189736 -0.6460883844169133 -0.6350617870228297 -0.6239932559128581 -0.6136411600864127 -0.6039425123839249 -0.5951333296539022 -0.5866215219530313 -0.5787331496182517 -0.5711753772240252 -0.5638678979249369 -0.5568972408034404 -0.5501253382773534 -0.543559084857349 -0.5369842988496539 -0.5308564608183657 -0.5252930758905692 -0.5200767135302286 -0.5151674991786852 -0.5105300981109323 -0.5061651750316399 -0.5020978602165067 -0.4981046156101219 -0.49440781807361855 -0.49105142710423294 -0.487825437861626 -0.48466653865823683 -0.4818437943534213 -0.4792485131694082 -0.4767593421286409 -0.47445790634764123 -0.4721641025417492 -0.4700605662120304 -0.46810246910624453 -0.4662654866096299 -0.4644247481306903 -0.4624068665372173 -0.4606321731173413 -0.4589851468974856 -0.45763333120210425 -0.45649658579048097 -0.45535834208363346 -0.4541200040532906 -0.4528741203476019 -0.45160214350253 -0.4503139435601614 -0.4492596403379673 -0.44830116290898786 -0.44733272474787217 -0.4463774354544815 -0.4488630003842587 -0.45138654668121303 -0.4539638867690822 -0.4565802113700609 -0.45921480637112155 -0.46171888615064444 -0.46407537146797545 -0.4662813629420947 -0.47029149945101195 -0.4851306813064363 -0.5026109364988292 -0.5135338198140431 -0.5217098080764679 -0.5281042558227524 -0.5354418610079671 -0.5411477345871648 -0.5457541067946508 -0.546992377142788 -0.5494194354971695 -0.5522936213960308 -0.5547802779241776 -0.556603410109636 -0.5573546726005163 -0.5600164578279863 -0.5625342088833681 -0.5667371674696843 -0.569492375239883 -0.5716857957119786 -0.5733093416078889 -0.5740530406028542 -0.57590117434246 -0.5759792876166903 -0.5777672252283479 -0.5777741914740793 
# Stellar luminosity-weighted [N/O]:
0 0.0 -1.1102230246251565e-16 -1.8167692280687242 -1.9063849688148413 -1.6873893303038723 -1.1892261076962143 -0.660087855347957 -0.23815255534652024 -0.04624860523807306 -0.06030110049299886 -0.17579873199032536 -0.23804730496317328 -0.2477352639100936 -0.23766144553616986 -0.21793531663644572 -0.19389656056215987 -0.1674398468272309 -0.1390790363377239 -0.10979739700547342 -0.08137014112054786 -0.05542105376521711 -0.033099883289562926 -0.014217669240288555 0.0021070541953094324 0.016151093465948452 0.027427734894771016 0.03653635337208949 0.041169274208671225 0.04395182560508659 0.04459443408217156 0.04353106857484468 0.040863572707059426 0.03697749045204701 0.031913491459333754 0.026494612789565997 0.02093492258891827 0.015897052194759786 0.011575075860184136 0.007983043685764968 0.005145392660429016 0.0027714926503861204 0.0009172378840583972 -0.0006807314938714892 -0.002080412906723783 -0.003217895706108087 -0.004354088863538164 -0.004951771632724311 -0.0051673531930096495 -0.0054602450833911576 -0.005785807548723265 -0.006175666929404855 -0.006451756661960739 -0.006535204167475772 -0.006679023111873517 -0.006734709533432914 -0.006628148715635884 -0.006445081809047237 -0.006253997549655943 -0.006052945602792126 -0.006067018448374428 -0.004600158056233705 -0.004118836548987592 -0.0020872470991415426 -0.0014949841027931399 -0.0014451406571829306 -0.0012887373675891656 -0.0010693812037929629 -0.0008471123752948895 -0.00048692062464084085 -7.494302225319327e-05 0.0002314762144115523 0.00041284046646550276 0.0007891450978023684 0.0009715390956425152 0.0012836518925005702 0.0017098167674099995 0.0021120845087552187 0.00236782911861233 0.0027400276195126416 0.004137445017284858 0.00462812920919331 0.005014366826951999 0.00544983203674998 0.005821481449974408 0.006172145220772585 0.006487616986896927 0.006815638892599507 0.007347422803739234 0.007750896238943206 0.008006174197213944 0.00822330024912954 0.0085178205283023 0.008933340587293892 0.00952790575738216 0.009832238059823029 0.010246663933458855 0.01048913414654351 0.011304259461849986 0.011606895043856258 0.012783551732006626 0.01398052011922657 0.015207864890779188 0.016393497772125953 0.017473225646368662 0.018472560485558343 0.019468460129231868 0.020446815686700925 0.021414914016439912 0.023348213274876017 0.03100179864780983 0.04217791016802752 0.04999727353901395 0.057154968728396316 0.06300435582516217 0.06948613372764367 0.07449518262054178 0.07808336691858175 0.0791642273325256 0.08054638573215633 0.08238166630277588 0.08316240587206492 0.08466176852630869 0.08473493270252874 0.086817551192921 0.08748647940056009 0.09096803483232307 0.09279587502390685 0.09399273145357046 0.09526948053638273 0.09699380852336836 0.09812647572037991 0.09888415127505346 0.10085792725652676 0.10089027695440256 
# Stellar luminosity-weighted [C/O]:
0 -1.1102230246251565e-16 -1.1102230246251565e-16 -1.2307718016109588 -1.3140938162200329 -1.0869562046527659 -0.8749446572780357 -0.7325244486349187 -0.6138449205698505 -0.558815229996402 -0.5981413360495048 -0.6747441621161605 -0.7109512904644025 -0.7182654817045101 -0.714463776306295 -0.7051353827953615 -0.693345688327731 -0.6804659431215013 -0.6669576812170216 -0.6531749066887237 -0.6391993358451254 -0.6250561972424544 -0.6110077204248248 -0.597170464032221 -0.5833679709160899 -0.5692032870801147 -0.5538234684966638 -0.5365196594133235 -0.517293772121771 -0.49658041859333446 -0.47460257116408633 -0.45122001327840777 -0.4277634543567047 -0.4050685955199327 -0.3824318937954001 -0.3595547364374104 -0.33634442043737023 -0.3131058461745996 -0.2895635728276592 -0.26596056388618117 -0.24245836499047446 -0.21954746279737825 -0.19575831795544762 -0.17396764620951882 -0.15205136039655603 -0.1318249265975019 -0.1114909445290097 -0.09271942101206343 -0.07320484459270665 -0.05566290215668862 -0.037625703255990295 -0.0220189631903272 -0.005832748440022517 0.009505665051109613 0.02493386648307544 0.03942546811311576 0.05331456734114376 0.06607795906837391 0.07853642148214562 0.09018777867650421 0.10137447408778519 0.11232211325180086 0.12284098972663388 0.13318481299670107 0.14318210972918788 0.15313714578990933 0.1626944532047711 0.17146762924185827 0.17985365556367083 0.1878741275303503 0.1956779506695957 0.2030952002594864 0.20999946800937913 0.2169129909211872 0.22356461772314343 0.22972238760137423 0.23568414128922882 0.2415618543294141 0.24712244939832106 0.25242883195459326 0.25757736211016047 0.2623790176266812 0.2671835735409716 0.27184025828208674 0.27625802202895133 0.2805008674636102 0.2846937083977958 0.2890709678978495 0.29324134099592053 0.29719363055500353 0.3008746605155771 0.30412662709095906 0.3073798501079824 0.31083587487614794 0.31419891744857215 0.3176410520445611 0.3212005553816031 0.3242728324989446 0.32714831671772976 0.3300617765136037 0.3329620095529894 0.3288783746877965 0.32477059693200544 0.3205436328016651 0.3161546793374869 0.3116961495661082 0.3075430763395731 0.3037012692395573 0.30018164874975506 0.2940348917083802 0.27245471633416535 0.25044142313262857 0.23813943163629378 0.2305209653874487 0.22501849730922793 0.21859955040805712 0.21372461166097415 0.20931359668683086 0.20823144484120495 0.20544777145170104 0.20236450487432592 0.1987758111420831 0.19709687811103238 0.19586049415837264 0.1933875359832786 0.18977154234893323 0.18620573344336885 0.18343733392636405 0.18098233351993404 0.17952965951889754 0.1801288701973176 0.17824235727079435 0.17888732021435902 0.17798291851193482 0.17804677402551752 
# Stellar luminosity-weighted [O/Fe]:
0 -2.220446049250313e-16 0.0 1.1923035764995924 1.2323862759934108 0.9977563519046373 0.7863770615006394 0.6369722877347543 -0.039651272054579856 -0.39927028058608705 -0.4282110029303833 -0.3107137776968324 -0.244757311498373 -0.23525187856809426 -0.24628883727173845 -0.2662532305316174 -0.2885807347696425 -0.31039567461256 -0.33096089682292484 -0.3500492238820043 -0.3678088808234289 -0.3845302817060695 -0.3999999276491305 -0.4143259216214865 -0.4279535346258676 -0.44091915142630933 -0.45317332531718435 -0.4645987931612573 -0.47541368075549606 -0.4859694147559487 -0.49589794971093915 -0.5054278707934082 -0.5145367053121801 -0.5231114361976212 -0.5312920133795648 -0.5393340918104877 -0.5471617828704091 -0.5546885442539737 -0.561847516746637 -0.5686792900467837 -0.5753830395293887 -0.5817653727140878 -0.5884676472795487 -0.594444106881721 -0.6005551842887451 -0.6060362426331305 -0.6115196976734585 -0.6165107914318271 -0.6218811918774511 -0.6264643107061404 -0.6313338650631839 -0.6357606943286465 -0.6402556359768906 -0.6445674520739393 -0.6489271223959335 -0.6530666281995284 -0.6572570797250687 -0.6612112887222761 -0.665157943435177 -0.668920928294756 -0.6725498513118104 -0.6761900111767376 -0.6797382305300744 -0.6833101512740545 -0.6867411945865369 -0.6901214446395633 -0.6935509140231368 -0.6967607051324275 -0.6999303690938994 -0.7030416267090356 -0.706208048780528 -0.7092603752911264 -0.7120973282258858 -0.7150176065313092 -0.717972435796762 -0.7207738147056071 -0.7235095791508548 -0.726228392987651 -0.7289662437517423 -0.7316773451240015 -0.7343367042388014 -0.7368369239743224 -0.7393476760827209 -0.7419008244941172 -0.744360491135196 -0.7467663540732402 -0.7491184565284861 -0.7514778344350668 -0.7538735141132618 -0.7561787774524892 -0.7585079917176816 -0.7606232128814399 -0.7627381921916159 -0.7649558789294386 -0.7670730377961741 -0.7692431955470911 -0.7715144989417646 -0.773532472836912 -0.7754494796267175 -0.7773945012614758 -0.7793394450074709 -0.7777413750720551 -0.7761571436132184 -0.7745075195707476 -0.7727348907075478 -0.7709109559372297 -0.7692619624902176 -0.7677766407075328 -0.7664630116918498 -0.764326391159392 -0.7575853976406017 -0.7530523596314577 -0.7516732514503368 -0.7522307734639166 -0.7531227531319804 -0.7540414114160242 -0.754872346248139 -0.7550677034814817 -0.7552238219839931 -0.7548672069488704 -0.7546581262703567 -0.7535560890662607 -0.7537002882206685 -0.753215166758889 -0.7534039938112649 -0.7523057512323014 -0.752942900913053 -0.752929709166247 -0.7526681292319126 -0.7528390011267865 -0.7541819108001719 -0.7541435316132544 -0.7548666078310493 -0.7557501437402827 -0.7558209654995968 
# Stellar luminosity-weighted [Ca/Fe]:
0 0.0 0.0 0.6926879562706376 0.7549854303155759 0.5611761216093101 0.40450091244804864 0.3067468545335251 -0.01790669245280596 -0.09927099883778401 -0.10452407173436984 -0.08597763002439107 -0.07346105245500745 -0.07163871845616665 -0.07395849853032588 -0.07791931814941999 -0.08227833795535222 -0.08636991442836539 -0.09005151925561061 -0.09331517058762984 -0.09625444650246195 -0.09895138198520526 -0.10136224627636525 -0.10352330631138296 -0.10552710748525085 -0.10731906558922844 -0.10906874595771199 -0.11064541300762576 -0.11208575403081245 -0.11344616371732896 -0.11469717995189366 -0.11588737074474609 -0.11700623068845828 -0.11804717001900089 -0.1190250572043936 -0.11995850140887332 -0.12082621004155647 -0.12162033835149089 -0.1224429436280372 -0.12323803886221896 -0.12394460433487797 -0.12466458727379726 -0.12538288807683284 -0.12600495554955526 -0.12663446596257577 -0.12718504161101896 -0.12774133602344606 -0.12823690468224047 -0.1287567826297713 -0.1292196142143316 -0.12969607241544767 -0.13012462708668338 -0.13055985770048983 -0.1309638131992532 -0.13136963811474 -0.13175115850526953 -0.13213537948386955 -0.13249955125930946 -0.13284671107035884 -0.13318169538723446 -0.13351326287871523 -0.1338320407896041 -0.13414376439061204 -0.13445425487015727 -0.13475084751611943 -0.1350407607506765 -0.1353345801153263 -0.13559989173701448 -0.13586212193649372 -0.1361184571564693 -0.13637930573134538 -0.13662914431594064 -0.13686581108624263 -0.13710308432030138 -0.1373530812640964 -0.13757208923215103 -0.13778715852531853 -0.13800161850386794 -0.13821541006634153 -0.1384259815561215 -0.1386329849935457 -0.13882663215516744 -0.13902045530042706 -0.13921762708458996 -0.1394083831410884 -0.13959292585672967 -0.13976455546668598 -0.13995420830814576 -0.14012324152929945 -0.1402932383772275 -0.1404659587028405 -0.14062142879199047 -0.14077698668435912 -0.14093835038871472 -0.14109244224451523 -0.14124963851918726 -0.14141313141441225 -0.14155635558445256 -0.1416954661680978 -0.14183507794691197 -0.1419742914611155 -0.14185980318351676 -0.14174587988179188 -0.14162696877317837 -0.14149893102155486 -0.14136661983240417 -0.14124638611943374 -0.1411375153876402 -0.14104077611357124 -0.14088245486866513 -0.14037712258457047 -0.14002560855961765 -0.13991252611621152 -0.13994538153482639 -0.1400052235875071 -0.1400665399113381 -0.14012260221194683 -0.14013297708368722 -0.1401432846826438 -0.14011496989864436 -0.14009668640704387 -0.14001333349340817 -0.140022321698825 -0.1399859465655744 -0.13999700879148436 -0.13991421175660612 -0.13995759923610485 -0.1399547508276131 -0.13993453733048766 -0.13994607538415305 -0.14004389381089877 -0.14004094364713238 -0.14009319999190017 -0.14015755151078246 -0.1401631794838949 
# Stellar luminosity-weighted [Ne/Fe]:
0 -1.6653345369377348e-16 -1.6653345369377348e-16 1.0290032473889001 0.9808551510764223 0.807713752223286 0.6550717945331619 0.5350503453356619 -0.14831368566700986 -0.5481560651140741 -0.6013586734224456 -0.4863078858083945 -0.42093696722543694 -0.41305553483854535 -0.4257700242865715 -0.4474412280492947 -0.4714584924282644 -0.49488944845305793 -0.5168947140382418 -0.537329488676867 -0.5563173425456654 -0.57428464257378 -0.5909552187985028 -0.6063792272793043 -0.6210340002184788 -0.6349949660728946 -0.6482469529087787 -0.660744599663313 -0.672445467440495 -0.6837244628552257 -0.6944384988386423 -0.7047442057498363 -0.7146937070978637 -0.7241229532264799 -0.7330863658886482 -0.7418089038182893 -0.7503413065030953 -0.7585789466720949 -0.7664727465121635 -0.7739433300024212 -0.7813537067289971 -0.788448087091324 -0.7958019445635739 -0.802413060645349 -0.809038459497572 -0.8149908551380727 -0.8211015618362506 -0.8266186789760612 -0.8323899277583482 -0.8376527425619544 -0.8430630502501573 -0.8479681211614754 -0.8530364910515686 -0.857787198731875 -0.8626004385062729 -0.8671596858087471 -0.8719429008184114 -0.8763029937009557 -0.8806689404711073 -0.88482964619616 -0.8889973559494817 -0.8930070089825188 -0.8969118603376841 -0.9009332509937138 -0.9047859250484223 -0.908587727459718 -0.9124625208010688 -0.9160646443779681 -0.919616302183915 -0.9230278345049949 -0.9265809680444671 -0.9300248179097692 -0.9333229035634468 -0.936622884033572 -0.9399904273030254 -0.9431944939708337 -0.946300228128498 -0.9494206417996426 -0.9525254588828597 -0.9557950497235739 -0.9588186273977658 -0.9617209742115777 -0.9645804516617755 -0.9675278022693566 -0.970326650492931 -0.9730721506610884 -0.9758766467460699 -0.9786575840060903 -0.9814034837640547 -0.9841332998141822 -0.9868699241172715 -0.989367479258439 -0.9918504939646485 -0.9944493255089045 -0.9969539937781798 -0.9995186285324089 -1.002160663399042 -1.0045793496409308 -1.0069066779209614 -1.0091951289370438 -1.0115047013499128 -1.0095880207205035 -1.0076884464974492 -1.0057258296480205 -1.0036299632291112 -1.001467204512192 -0.9995084026654943 -0.997733919893811 -0.9961605697803823 -0.9935977328282055 -0.9855550238947163 -0.9800078379098678 -0.9782271781835813 -0.9787168877333166 -0.9796584966665365 -0.9806430744175747 -0.9815342511886259 -0.9817082822426816 -0.9818638863831453 -0.9814319461067302 -0.9811345488481996 -0.9798246487856765 -0.9799721158128948 -0.9794062520889933 -0.9795562674774307 -0.9782890679005855 -0.9789761518256582 -0.9789647057830047 -0.9786983959954343 -0.9789050310311708 -0.980413572767956 -0.9804345145901446 -0.9812187976272674 -0.9822838172344254 -0.9823844520062481 
# Stellar luminosity-weighted [Si/Fe]:
0 8.673617379884035e-18 1.0408340855860843e-16 1.005392953863254 1.086401110068015 0.8807632686677479 0.7101621031318034 0.6005912661789664 0.11224033425225495 -0.06077493236198148 -0.07624840665715282 -0.03579791561351872 -0.00959180264577686 -0.005990793463370513 -0.011208240717914878 -0.019643426129673063 -0.028972680449453527 -0.037859045236605555 -0.04592154291001378 -0.05316962706444697 -0.05975251201423131 -0.06572761256044957 -0.07114524870133818 -0.0760548702155084 -0.0806230928181681 -0.08488385421203054 -0.08881251650755144 -0.09242825862973496 -0.09580555036463194 -0.09900380801037498 -0.10197545929654481 -0.10476346576378447 -0.10741490117198707 -0.10989784250230272 -0.11221055640259932 -0.11443837690319686 -0.11654565699625778 -0.11860778801424615 -0.12050952386509699 -0.12229971098769077 -0.12410611720133828 -0.12580311559138155 -0.12752215061558936 -0.12904868641343187 -0.13057412721239564 -0.13193964660988294 -0.13326884472557604 -0.13449894489073352 -0.13576516515864046 -0.13691352097744605 -0.13808729619082863 -0.13914503125476257 -0.14022938161935092 -0.14122497030672762 -0.14222656264894137 -0.14317512848415465 -0.1441311565588712 -0.14503029291838265 -0.14591280453821315 -0.14674013054401583 -0.14757509214142756 -0.14837496841082426 -0.14915647152016406 -0.14993188206507685 -0.1506776842389806 -0.1514114113926798 -0.1521356641414033 -0.15281889238144708 -0.15348467259999096 -0.1541352012991955 -0.15479568362935484 -0.15542667249229403 -0.15602886768163962 -0.1566257902148237 -0.15723573392134257 -0.1578140358346759 -0.15836731875254503 -0.158931970114309 -0.15946746320716046 -0.1600072586650482 -0.16051229345862533 -0.16100920421947915 -0.1615057678009547 -0.1620085978615964 -0.16250036097340853 -0.16298438060146692 -0.16343628746329253 -0.16388894617368435 -0.16432630051000371 -0.16476907537500987 -0.16521482753909256 -0.16561807036424156 -0.16601684501701458 -0.16643393025026507 -0.1668340258961041 -0.16723428338054883 -0.16764835046505183 -0.16802386430898988 -0.16837935507496013 -0.1687426287612661 -0.16912877722670455 -0.16883157116878778 -0.16853590566928783 -0.1682280770543756 -0.16789670404018162 -0.1675532405181483 -0.16724085344848494 -0.16695742000569863 -0.16670545424958036 -0.16629291039537594 -0.1649789276832096 -0.16405792050683524 -0.16375642337019022 -0.16383079194569886 -0.16397782865843918 -0.1641295639935673 -0.16426891199742322 -0.1642922973251545 -0.1643173531393692 -0.16424332314981838 -0.1641930833107658 -0.1639777137864009 -0.16399888838574037 -0.16390552894627194 -0.1639297262801551 -0.1637177559771665 -0.16382503086767972 -0.1638173015654613 -0.1637673083823354 -0.16379682429932452 -0.1640444847171855 -0.16404051688861226 -0.16417115903618967 -0.16433795681439847 -0.16435381626398402 
# Stellar luminosity-weighted [S/Fe]:
0 0.0 5.551115123125783e-17 0.9271213831793902 1.0016983680659497 0.8072958600743365 0.6480006546241119 0.5446931253455368 0.07352085984793083 -0.0882717223175285 -0.10397212324331873 -0.06809821906749708 -0.044351826379129045 -0.04112906391926874 -0.04579611185464655 -0.05362376431594662 -0.062226273568873836 -0.07031980505135255 -0.07765440989227484 -0.08420163429153055 -0.09010675957830994 -0.09554971149710895 -0.10044749671766823 -0.10487143071107413 -0.1089886507154047 -0.11280777568080008 -0.11634913907067201 -0.11960062767291918 -0.12260028022249414 -0.12543916699140956 -0.12809461004373746 -0.13060133031145937 -0.13296706985257656 -0.135171996576943 -0.13725093268779154 -0.13923667192269884 -0.14110424853269887 -0.14291236529303608 -0.14464418214955943 -0.14621316147012775 -0.1478409663978837 -0.1493567456472894 -0.15088481254416408 -0.15225778018893632 -0.1536045698205153 -0.15478643606388898 -0.15599352754563656 -0.1570797620055726 -0.1582070203768674 -0.15922266730037837 -0.1602616063260206 -0.16119829357415727 -0.16212356527943383 -0.16302741845303892 -0.1639296024371799 -0.1647678904490163 -0.16561984701171262 -0.16648338554894604 -0.16719849476072457 -0.1679277214912055 -0.16865517918797823 -0.1693578437403308 -0.17005030124214826 -0.1707373512055933 -0.17139235760732519 -0.1720333036399927 -0.17267405179595674 -0.1732758545745554 -0.1738635869622358 -0.1744371203355518 -0.17502093711606792 -0.17557445706213437 -0.17610289384958178 -0.17663192831559615 -0.1771681794007941 -0.1776758857688152 -0.17816267235160954 -0.17864395812474065 -0.17912493583161537 -0.1795943179003131 -0.18005300439212413 -0.18048578038681062 -0.18092272936074072 -0.181364959800977 -0.1817902851864368 -0.18219666173314109 -0.18260135167756253 -0.18300864272865724 -0.1833941810057006 -0.18378709156827133 -0.18418025343814026 -0.18453731757922998 -0.18488167852392778 -0.18524728542872648 -0.18559368060245007 -0.18595301967553535 -0.18630546023285777 -0.1866398579044054 -0.1869547358062813 -0.18727025556513255 -0.18758390440289185 -0.18732207219886365 -0.18706153799534153 -0.18679047697743578 -0.18649954737952068 -0.1861987361361107 -0.1859252042504148 -0.18567682587819123 -0.18545588822681291 -0.18509407630923858 -0.1839413660815017 -0.1831305137967585 -0.1828639176426401 -0.18292756663360665 -0.18305618444474014 -0.18318947298629085 -0.1833116384577711 -0.18333197464952056 -0.18335367431348693 -0.18328862280961544 -0.1832436577605342 -0.18305369198834698 -0.18307231132560453 -0.1829900774797817 -0.1830102318339728 -0.1828242502745394 -0.1829179098900895 -0.1829117551326297 -0.18286908425896065 -0.1828954490086242 -0.18311243127617982 -0.18311097443683844 -0.1832245587306277 -0.18337269924280575 -0.1833872354735704 
# Stellar luminosity-weighted [C/H]:
0 -5.218485947384705 -6.810024555508484 -5.893126260475009 -3.681083136039522 -2.9690230530006527 -2.549833117221028 -2.38008457011661 -2.4350673427829284 -2.611355397611991 -2.783896190283789 -2.9252610832524644 -2.991122236697925 -3.0141899223805675 -3.0199800033026367 -3.01675300360991 -3.0088356326882426 -2.9984347875241504 -2.9864572114947077 -2.9735585956442083 -2.9599910443306925 -2.945811096052041 -2.931504682735935 -2.9172202039676085 -2.9027402950060655 -2.887802561241129 -2.8715607885115393 -2.8532781301325967 -2.833032497118846 -2.811308518104452 -2.788278998623457 -2.763826965462809 -2.7391976760468975 -2.715243700562776 -2.6914004098239 -2.667435754130846 -2.6431211312572964 -2.618682550911899 -2.5938881170230212 -2.5690470690113365 -2.54431945097273 -2.520169231805827 -2.495118671256071 -2.472115676601172 -2.449091496945365 -2.4278044778372 -2.406236079001104 -2.3863169075239554 -2.3657906296002755 -2.3469388486408906 -2.327747644373596 -2.3110537522687142 -2.2937179985330713 -2.2773680743513642 -2.2608413786175348 -2.245276745112667 -2.23038228513692 -2.21657493210917 -2.2030884436449893 -2.1904656419525095 -2.178203969372892 -2.166268036756433 -2.154787047936316 -2.1434902616434997 -2.1324678198810947 -2.121478392601264 -2.111041615497684 -2.1013303496711666 -2.0919581510950014 -2.0830529201996155 -2.074446775330353 -2.0661538639896913 -2.058233121226216 -2.0504404229071236 -2.0429988635038914 -2.0360020064678555 -2.029106919842314 -2.0222633048991243 -2.0159148516011847 -2.0098671310331335 -2.003901137670738 -1.9981977875853625 -1.9924980047356549 -1.9870390239936535 -1.9818957278105307 -1.9768805386984898 -1.9718408449892424 -1.9665599334001662 -1.9616477292024896 -1.9569942438532317 -1.9526493200547836 -1.9486730261184393 -1.944592375026919 -1.9402778819829676 -1.9361122817116714 -1.9320149847670196 -1.9278842039486364 -1.9241640658993697 -1.9205301387405722 -1.9168138740094394 -1.9130906981452203 -1.9173947813878138 -1.921879605453511 -1.9265301596649431 -1.931287808699147 -1.9360196883361542 -1.940370214709584 -1.9443257139446803 -1.9479327221359863 -1.9545315349661738 -1.9766177782861405 -1.9974426205208822 -2.0080334345650854 -2.0140371703410658 -2.018390471145075 -2.0232999560467224 -2.0269303274071424 -2.0305562730122304 -2.0312150579962207 -2.033933722604502 -2.03657975427973 -2.039858598194736 -2.0414861018437724 -2.042716709906877 -2.0446653910978023 -2.0483504048990255 -2.051459076165423 -2.054386981114221 -2.0572786627034665 -2.0588734739501486 -2.0576893181021134 -2.060005742462092 -2.058917478662231 -2.0598910491602345 -2.0598459698287392 
# Stellar luminosity-weighted [N/H]:
0 -5.218485947384705 -6.810024555508484 -6.479123686932775 -4.273374288634331 -3.569456178651758 -2.864114567639205 -2.3076479768296485 -2.0593749775595986 -2.0987887728536627 -2.246055954727284 -2.426315653126629 -2.5182182511966955 -2.543659704586151 -2.5431776725325115 -2.529552937450994 -2.5093865049226727 -2.485408691229879 -2.45857856661541 -2.4301810859609585 -2.402161849606115 -2.376175952574803 -2.3535968456006735 -2.334267409175676 -2.3172652698946656 -2.302448180695065 -2.290309585120104 -2.2802221173471837 -2.2745694507884036 -2.270776273906031 -2.269081993377199 -2.269075883609557 -2.270570648983134 -2.2731976145907957 -2.277055024569166 -2.28138640490387 -2.285841788231007 -2.2896796525425396 -2.2927494683351775 -2.29510346143939 -2.2967156933218265 -2.297850276358062 -2.298443115416565 -2.2988287618855248 -2.299120549455533 -2.299197446945807 -2.2990992233356318 -2.2985492581446163 -2.2977531382005782 -2.296736191567593 -2.2959077486663286 -2.2952104560077915 -2.2943370067550095 -2.2934089435699496 -2.2924542682124835 -2.2914369227592157 -2.2903250011937004 -2.289097972986591 -2.2878788626767905 -2.2867063662318063 -2.285645461909052 -2.2831903080644675 -2.2817468742119376 -2.2787623217393422 -2.2771449137130766 -2.2760606790483564 -2.2750248060700438 -2.2738673601168173 -2.272658919033968 -2.271413968354607 -2.270199669022202 -2.2690175880347656 -2.2678197487691287 -2.266564268730508 -2.265591942131392 -2.2644407421767294 -2.263081244364133 -2.2617130747197836 -2.2606694718808935 -2.2595559353682138 -2.2573410547636135 -2.25594867600285 -2.254667211449674 -2.2534294502389898 -2.252332268389507 -2.2512092609413266 -2.2500469364001416 -2.248815262405416 -2.247541647394671 -2.2464369781692923 -2.2455178063731474 -2.2445763529602676 -2.2434544046065996 -2.2421804162718217 -2.2407832934028615 -2.2398237987517575 -2.2388380953967806 -2.2379477642517713 -2.2363741959964525 -2.2352687554791872 -2.2332691559662026 -2.2322926359563837 -2.2314423374947365 -2.2306802946944826 -2.2299692623902656 -2.229243277416704 -2.2284448309199254 -2.2275801674975373 -2.2266994568693015 -2.2252182133996783 -2.2180706959724956 -2.2057061334854833 -2.1961755926623647 -2.1874031670001184 -2.1804046126291414 -2.172413372727136 -2.166159756447575 -2.1617865027804797 -2.1602822755049003 -2.1588351083240473 -2.15656259285128 -2.1554720034647543 -2.1539212114284965 -2.1538422713627208 -2.1512353758881604 -2.1506354678473993 -2.146696774776469 -2.145028440016678 -2.1442682647698295 -2.143133652932664 -2.1408243797760624 -2.140121624012507 -2.1389206476015366 -2.1370160404156424 -2.1370024668998537 
# Stellar luminosity-weighted [O/H]:
0 -5.218485947384705 -6.810024555508484 -4.6623544588640495 -2.3669893198194893 -1.882066848347887 -1.6748884599429914 -1.6475601214816908 -1.8212224222130775 -2.0525401676155894 -2.1857548542342853 -2.2505169211363043 -2.280170946233522 -2.295924440676057 -2.3055162269963416 -2.3116176208145482 -2.315489944360513 -2.3179688444026487 -2.319499530277686 -2.3203836889554843 -2.320791708485568 -2.3207548988095867 -2.3204969623111102 -2.3200497399353877 -2.319372324089975 -2.3185992741610137 -2.317737320014875 -2.3167584707192725 -2.3157387249970744 -2.314728099511118 -2.313676427459371 -2.312606952184402 -2.3114342216901935 -2.310175105042843 -2.308968516028499 -2.307881017693436 -2.3067767108199257 -2.305576704737299 -2.304324544195361 -2.3030865051251554 -2.3018610859822557 -2.3006217690084485 -2.2993603533006235 -2.298148030391653 -2.2970401365488087 -2.2959795512396983 -2.2947451344720937 -2.2935974865118913 -2.292585785007569 -2.2912759464842027 -2.2901219411176053 -2.2890347890783866 -2.2878852500930487 -2.2868737394024743 -2.28577524510061 -2.284702213225782 -2.283696852478064 -2.282652891177544 -2.2816248651271342 -2.2806534206290134 -2.279578443460678 -2.2785901500082337 -2.27762803766295 -2.2766750746402007 -2.2756499296102835 -2.2746155383911733 -2.273736068702455 -2.272797978913025 -2.271811806658672 -2.270927047729966 -2.270124725999948 -2.269249064249178 -2.268232589235595 -2.2673534138283102 -2.2665634812270348 -2.26572439406923 -2.2647910611315423 -2.2638251592285394 -2.263037300999506 -2.262295962987726 -2.261478499780898 -2.260576805212044 -2.259681578276626 -2.258879282275741 -2.258153749839482 -2.257381406162099 -2.2565345533870387 -2.255630901298016 -2.25488907019841 -2.2541878744082355 -2.2535239805703613 -2.252799653209398 -2.2519722251349013 -2.251113756859116 -2.250311199160244 -2.2496560368115803 -2.2490847593302394 -2.2484368983983156 -2.247678455458302 -2.2468756505230436 -2.246052707698209 -2.2462731560756097 -2.246650202385516 -2.247073792466608 -2.2474424880366346 -2.2477158379022626 -2.247913291049157 -2.2480269831842383 -2.248114370885742 -2.2485664266745546 -2.2490724946203056 -2.247884043653511 -2.2461728662013787 -2.244558135728515 -2.243408968454303 -2.2418995064547795 -2.2406549390681167 -2.2398698696990618 -2.239446502837426 -2.239381494056204 -2.2389442591540565 -2.238634409336819 -2.2385829799548045 -2.2385772040652494 -2.238052927081081 -2.2381219472479588 -2.237664809608792 -2.2378243150405845 -2.2382609962234 -2.2384031334690464 -2.237818188299431 -2.2382480997328873 -2.2378047988765903 -2.2378739676721695 -2.237892743854257 
# Stellar luminosity-weighted [Mg/H]:
0 -5.218485947384705 -6.810024555508484 -4.882432243163601 -2.5746853320088903 -2.0624748160201003 -1.8199666115257713 -1.7628037718390992 -1.9251450219229111 -2.1725486458912258 -2.324930057412616 -2.398939406028634 -2.432230281417805 -2.4497507360125512 -2.460410452803605 -2.4671617601541698 -2.4712850509251965 -2.47390415329431 -2.4755456244184977 -2.476443172897076 -2.476733362457865 -2.4766014226363735 -2.476243801941811 -2.4756682390354845 -2.4748769195911695 -2.4739631102107085 -2.4729526917815674 -2.4717317648790917 -2.4706000885018105 -2.46946394076706 -2.468274520819813 -2.466996686533557 -2.4656059752999466 -2.464124876316192 -2.462675233775167 -2.4612696665296827 -2.4598229681190293 -2.4582405859455205 -2.4565251119817626 -2.454744580304874 -2.4528745963012764 -2.451051111128768 -2.44907736872538 -2.447081987979278 -2.44503893270889 -2.4430474609412 -2.44096297663686 -2.43899148896627 -2.436871607109161 -2.4348272300848945 -2.4327569464955507 -2.4307654979303512 -2.428757530606723 -2.4268836196166825 -2.424841867695023 -2.4229855195379226 -2.4213528916312494 -2.4196673359218472 -2.4182157252253456 -2.4167121259730164 -2.4154527289920393 -2.4141274599084532 -2.4128680555236848 -2.411663649112149 -2.4103872339160555 -2.4091400266678997 -2.4080447355305674 -2.4069619273780924 -2.405808189838398 -2.40488553346212 -2.4038831577741604 -2.4028970096782327 -2.4018014320056187 -2.400793069488773 -2.399974678663251 -2.399083469665422 -2.3980428556768842 -2.397013785190426 -2.396198670200987 -2.395427686092134 -2.3946593454604166 -2.3938481319876983 -2.3930753833089797 -2.3919841747317063 -2.391340925391895 -2.3905786175771873 -2.389683118256487 -2.38878023514311 -2.3879382822349564 -2.387297521346725 -2.386662610227237 -2.386085788374489 -2.385434563880854 -2.3846976907590793 -2.384059482323802 -2.3834883282946553 -2.3830469412298187 -2.3825141425242276 -2.381976974676509 -2.3814205513939495 -2.3806344918188795 -2.3809330965745126 -2.3813778197442135 -2.381866577891901 -2.3823020616644657 -2.3826372500102586 -2.3828911487745748 -2.3830500341713376 -2.3831781891089276 -2.3836981661602286 -2.3845147590021742 -2.3836286415033845 -2.382090445983507 -2.380532706142854 -2.3794298381242056 -2.3780053861151274 -2.376827872350847 -2.3761283805363256 -2.3757139432313616 -2.375720374869566 -2.3753354224265193 -2.375135063264925 -2.3751121350025315 -2.3751521758276137 -2.374647011787072 -2.374846195843193 -2.374437987300869 -2.3746712087112085 -2.3752086587115366 -2.3754023297498943 -2.3747256333555216 -2.375254644258261 -2.3747399076334545 -2.374844467272033 -2.3748706291728565 
# Stellar luminosity-weighted [Fe/H]:
0 -5.218485947384705 -6.810024555508484 -5.8546580353636415 -3.5993755958129015 -2.879823200252524 -2.4612655214436305 -2.284532409216445 -1.7815711501584977 -1.6532698870295022 -1.7575438513039021 -1.9398031434394722 -2.035413634735149 -2.060672562107963 -2.0592273897246036 -2.0453643902829315 -2.026909209590869 -2.0075731697900885 -1.9885386334547608 -1.9703344650734804 -1.9529828276621384 -1.936224617103517 -1.92049703466198 -1.9057238183139011 -1.8914187894641072 -1.877680122734704 -1.8645639946976909 -1.8521596775580162 -1.8403250442415784 -1.8287586847551687 -1.8177784777484316 -1.807179081390994 -1.7968975163780128 -1.7870636688452217 -1.7776765026489345 -1.7685469258829478 -1.7596149279495163 -1.750888160483325 -1.7424770274487242 -1.7344072150783711 -1.7264780464528666 -1.7188563962943606 -1.710892706021074 -1.7037039235099316 -1.6964849522600645 -1.6899433086065683 -1.6832254367986357 -1.6770866950800647 -1.670704593130118 -1.6648116357780616 -1.6587880760544218 -1.6532740947497402 -1.6476296141161582 -1.6423062873285348 -1.6368481227046772 -1.6316355850262543 -1.6264397727529953 -1.6214416024552678 -1.6164669216919574 -1.6117324923342577 -1.6070285921488674 -1.602400138831496 -1.5978898071328755 -1.5933649233661464 -1.5889087350237459 -1.5844940937516103 -1.5801851546793175 -1.5760372737805968 -1.5718814375647732 -1.5678854210209305 -1.5639166772194208 -1.5599886889580512 -1.5561352610097083 -1.552335807297001 -1.548591045430272 -1.5449505793636238 -1.541281481980688 -1.5375967662408874 -1.5340710572477638 -1.5306186178637242 -1.5271417955420974 -1.523739881237721 -1.5203339021939053 -1.5169784577816232 -1.5137932587042853 -1.510615052088859 -1.5074160968585524 -1.5041530668629495 -1.5010155560851484 -1.4980090969557462 -1.4950159888526793 -1.4921764403279578 -1.4892340329432852 -1.4861578779296778 -1.4832381613640697 -1.4804128412644895 -1.4775702603884753 -1.4749044255614026 -1.4722289758315839 -1.4694811492615676 -1.4667132626907389 -1.4685317810035547 -1.4704930587722975 -1.472566272895861 -1.4747075973290862 -1.4768048819650321 -1.4786513285589402 -1.4802503424767055 -1.4816513591938918 -1.4842400355151621 -1.4914870969797036 -1.4948316840220528 -1.4944996147510414 -1.4923273622645974 -1.4902862153223229 -1.4878580950387557 -1.4857825928199775 -1.4848021662175803 -1.4842226808534331 -1.4845142871073325 -1.4842861328836996 -1.485078320270559 -1.4848826917341365 -1.48536203730636 -1.484648933269816 -1.4858161960156577 -1.4847219086957395 -1.484894605874338 -1.485592866991487 -1.48556413234226 -1.4836362774992597 -1.4841045681196325 -1.4829381910455401 -1.4821238239318868 -1.4820717783546593 
# Stellar luminosity-weighted [Ca/H]:
0 -5.218485947384705 -6.810024555508482 -5.161970079093006 -2.844390165497323 -2.3186470786432123 -2.056764608995583 -1.9777855546829208 -1.799477842611303 -1.7525408858672868 -1.8620679230382713 -2.0257807734638638 -2.1088746871901565 -2.1323112805641298 -2.1331858882549293 -2.123283708432351 -2.109187547546221 -2.093943084218454 -2.0785901527103707 -2.0636496356611094 -2.0492372741646 -2.0351759990887217 -2.0218592809383447 -2.0092471246252837 -1.9969458969493585 -1.9849991883239326 -1.973632740655403 -1.9628050905656416 -1.9524107982723908 -1.9422048484724979 -1.9324756577003246 -1.92306645213574 -1.9139037470664713 -1.905110838864224 -1.8967015598533274 -1.8885054272918218 -1.880441137991073 -1.872508498834816 -1.8649199710767617 -1.8576452539405892 -1.8504226507877455 -1.8435209835681583 -1.8362755940979074 -1.8297088790594866 -1.8231194182226407 -1.8171283502175868 -1.8109667728220824 -1.8053235997623043 -1.799461375759889 -1.7940312499923925 -1.7884841484698697 -1.7833987218364244 -1.7781894718166473 -1.773270100527788 -1.7682177608194172 -1.763386743531524 -1.7585751522368644 -1.7539411537145764 -1.7493136327623162 -1.744914187721493 -1.7405418550275824 -1.7362321796211004 -1.7320335715234885 -1.7278191782363033 -1.7236595825398657 -1.719534854502288 -1.7155197347946434 -1.7116371655176108 -1.7077435595012673 -1.7040038781773994 -1.7002959829507658 -1.6966178332739918 -1.6930010720959512 -1.6894388916173027 -1.685944126694368 -1.682522668595774 -1.6790686405060065 -1.675598384744755 -1.6722864673141054 -1.6690445994198457 -1.6657747805356422 -1.6625665133928882 -1.6593543574943324 -1.6561960848662123 -1.6532016418453743 -1.6502079779455894 -1.647180652325238 -1.644107275171094 -1.641138797614448 -1.6383023353329733 -1.6354819475555198 -1.6327978691199494 -1.630011019627645 -1.6270962283183916 -1.624330603608585 -1.6216624797836756 -1.618983391802887 -1.6164607811458556 -1.613924441999682 -1.6113162272084791 -1.608687554151854 -1.610391584187072 -1.6122389386540892 -1.6141932416690397 -1.6162065283506406 -1.6181715017974367 -1.6198977146783742 -1.6213878578643452 -1.6226921353074628 -1.625122490383827 -1.6318642195642736 -1.6348572925816711 -1.634412140867254 -1.632272743799425 -1.63029143890983 -1.6279246349500935 -1.6259051950319243 -1.6249351433012675 -1.624365965536077 -1.624629257005978 -1.6243828192907435 -1.6250916537639668 -1.6249050134329615 -1.6253479838719347 -1.624645942061301 -1.6257304077722639 -1.6246795079318446 -1.6248493567019509 -1.625527404321975 -1.6255102077264123 -1.6236801713101583 -1.6241455117667645 -1.6230313910374408 -1.622281375442669 -1.6222349578385549 
# Stellar luminosity-weighted [Ne/H]:
0 -5.218485947384705 -6.810024555508484 -4.825654787974743 -2.618520444736478 -2.072109448029237 -1.806193726910469 -1.7494820638807838 -1.9298848358255078 -2.201425952143577 -2.3589025247263473 -2.426111029247866 -2.456350601960586 -2.473728096946508 -2.4849974140111746 -2.492805618332226 -2.4983677020191335 -2.502462618243147 -2.5054333474930033 -2.507663953750347 -2.509300170207804 -2.5105092596772964 -2.511452253460482 -2.5121030455932054 -2.5124527896825857 -2.5126750888075993 -2.5128109476064697 -2.5129042772213293 -2.5127705116820733 -2.5124831476103946 -2.512216976587074 -2.5119232871408306 -2.511591223475877 -2.511186622071702 -2.510762868537583 -2.510355829701237 -2.509956234452612 -2.5094671071554204 -2.5089497739608877 -2.508350545080793 -2.507831753181864 -2.507304483385685 -2.506694650584648 -2.5061169841552804 -2.505523411757636 -2.5049341637446414 -2.5043269986348866 -2.5037053740561257 -2.5030945208884665 -2.502464378340016 -2.5018511263045786 -2.5012422159112155 -2.500666105167727 -2.5000934860604094 -2.49944856121095 -2.498795270835001 -2.498382673571407 -2.497744596156224 -2.4971358621630646 -2.496562138530418 -2.4960259480983495 -2.4954071478140145 -2.4948016674705595 -2.4942981743598605 -2.493694660072168 -2.4930818212113284 -2.492647675480386 -2.492101918158565 -2.491497739748688 -2.490913255525925 -2.490497645263888 -2.49001350686782 -2.489458164573155 -2.4889586913305726 -2.4885814727332978 -2.488145073334457 -2.487581710109186 -2.48701740804053 -2.486596516130623 -2.486413667587299 -2.485960422939863 -2.4854608554492996 -2.4849143538556815 -2.4845062600509795 -2.484119909197216 -2.483687202749948 -2.483292743604622 -2.4828106508690393 -2.482419039849203 -2.4821423967699285 -2.4818859129699513 -2.4815439195863975 -2.4810845269079342 -2.4806072034385815 -2.48019215514225 -2.479931469796898 -2.4797309237875167 -2.4794837752023344 -2.4791356537525457 -2.478676278198611 -2.4782179640406516 -2.478119801724058 -2.478181505269747 -2.4782921025438815 -2.478337560558197 -2.478272086477225 -2.4781597312244337 -2.4779842623705157 -2.4778119289742735 -2.4778377683433677 -2.4770421208744198 -2.474839521931921 -2.4727267929346226 -2.471044249997915 -2.46994471198886 -2.4685011694563297 -2.467316844008603 -2.4665104484602614 -2.4660865672365784 -2.465946233214063 -2.4654206817318993 -2.4649029690562347 -2.464854807547031 -2.464768289395354 -2.464205200747247 -2.4641052639162435 -2.4636980605213976 -2.463859311657343 -2.4642912629869214 -2.4644691633734306 -2.464049850267216 -2.464539082709777 -2.4641569886728076 -2.4644076411663116 -2.4644562303609074 
# Stellar luminosity-weighted [Si/H]:
0 -5.218485947384705 -6.810024555508484 -4.849265081500388 -2.512974485744885 -1.9990599315847755 -1.7511034183118275 -1.6839411430374795 -1.6693308159062425 -1.714044819391484 -1.8337922579610542 -1.9756010590529902 -2.045005437380926 -2.0666633555713334 -2.0704356304425175 -2.0650078164126047 -2.0558818900403226 -2.045432215026694 -2.0344601763647745 -2.0235040921379266 -2.01273533967637 -2.0019522296639662 -1.9916422833633183 -1.9817786885294097 -1.9720418822822756 -1.9625639769467353 -1.953376511205243 -1.9445879361877507 -1.93613059460621 -1.9277624927655443 -1.9197539370449768 -1.9119425471547782 -1.90431241755 -1.8969615113475244 -1.8898870590515342 -1.8829853027861452 -1.876160584945774 -1.8694959484975717 -1.8629865513138215 -1.856706926066062 -1.8505841636542053 -1.8446595118857427 -1.838414856636664 -1.8327526099233635 -1.82705907947246 -1.8218829552164513 -1.8164942815242124 -1.8115856399707981 -1.8064697582887588 -1.8017251567555084 -1.7968753722452506 -1.7924191260045026 -1.787858995735509 -1.7835312576352633 -1.779074685353618 -1.7748107135104094 -1.7705709293118668 -1.76647189537365 -1.7623797262301704 -1.7584726228782745 -1.754603684290295 -1.7507751072423208 -1.7470462786530394 -1.743296805431224 -1.7395864192627268 -1.7359055051442907 -1.732320818820721 -1.7288561661620445 -1.7253661101647637 -1.7220206223201258 -1.7187123608487758 -1.7154153614503453 -1.7121641286913478 -1.7089615975118253 -1.7058267793516153 -1.7027646151982987 -1.6996488007332333 -1.696528736355197 -1.6935385204549238 -1.690625876528773 -1.6876540890007217 -1.6847490854572005 -1.6818396699948597 -1.6789870556432192 -1.6762936196776943 -1.6735994326903256 -1.6708523843218446 -1.668042013036633 -1.6653418565951519 -1.6627781723307562 -1.6602308163917723 -1.6577945106921996 -1.6552508779603006 -1.6525918081799427 -1.6500721872601742 -1.6476471246450375 -1.6452186108535267 -1.642928289870393 -1.6406083309065442 -1.6382237780228337 -1.635842039917443 -1.6373633521723434 -1.6390289644415859 -1.6407943499502364 -1.6426043013692677 -1.6443581224831814 -1.6458921820074242 -1.6472077624824033 -1.6483568134434714 -1.6505329459105385 -1.6564660246629135 -1.6588896045288886 -1.6582560381212312 -1.6561581542102966 -1.6542640439807625 -1.651987659032323 -1.6500515048174007 -1.6490944635427338 -1.648540033992802 -1.6487576102571513 -1.648479216194466 -1.6490560340569598 -1.6488815801198768 -1.6492675662526324 -1.6485786595499716 -1.649533951992825 -1.6485469395634196 -1.6487119074397993 -1.6493601753738227 -1.6493609566415843 -1.6476807622164449 -1.6481450850082453 -1.6471093500817293 -1.646461780746285 -1.646425594618644 
# Stellar luminosity-weighted [S/H]:
0 -5.218485947384704 -6.810024555508483 -4.927536652184252 -2.597677227746951 -2.072527340178187 -1.8132648668195195 -1.739839283870909 -1.7080502903105668 -1.7415416093470313 -1.8615159745472205 -2.007901362506969 -2.0797654611142775 -2.101801626027232 -2.1050235015792493 -2.098988154598878 -2.089135483159744 -2.0778929748414416 -2.0661930433470364 -2.05453609936501 -2.0430895872404484 -2.0317743286006253 -2.020944531379648 -2.010595249024975 -2.0004074401795124 -1.9904878984155046 -1.9809131337683628 -1.9717603052309345 -1.9629253244640719 -1.9541978517465788 -1.9458730877921688 -1.9377804117024535 -1.9298645862305897 -1.922235665422165 -1.9149274353367254 -1.907783597805647 -1.9007191764822151 -1.8938005257763617 -1.8871212095982832 -1.8806203765484995 -1.8743190128507505 -1.8682131419416503 -1.8617775185652388 -1.8559617036988678 -1.8500895220805793 -1.844729744670457 -1.8392189643442727 -1.8341664570856375 -1.8289116135069854 -1.8240343030784398 -1.8190496823804425 -1.8144723883238978 -1.8097531793955923 -1.8053337057815746 -1.8007777251418569 -1.7964034754752713 -1.792059619764708 -1.7879249880042138 -1.7836654164526822 -1.7796602138254638 -1.7756837713368459 -1.7717579825718266 -1.767940108375024 -1.7641022745717398 -1.7603010926310718 -1.7565273973916034 -1.752859206475275 -1.7493131283551522 -1.7457450245270083 -1.742322541356482 -1.738937614335489 -1.7355631460201852 -1.7322381548592904 -1.7289677356125974 -1.7257592248310667 -1.7226264651324383 -1.7194441543322974 -1.7162407243656288 -1.7131959930793794 -1.710212935764038 -1.7071947999342205 -1.7042256616245322 -1.7012566315546458 -1.6983434175826 -1.6955835438907219 -1.6928117138220005 -1.690017448536115 -1.6871617095916065 -1.6844097370908493 -1.681796188524018 -1.6791962422908204 -1.676713757907188 -1.6741157114672136 -1.6714051633584042 -1.6688318419665196 -1.666365860940025 -1.6638757206213324 -1.6615442834658092 -1.6591837116378656 -1.6567514048267 -1.6542971670936302 -1.6558538532024194 -1.657554596767639 -1.6593567498732966 -1.661207144708607 -1.6630036181011434 -1.6645765328093542 -1.6659271683548962 -1.667107247420704 -1.6693341118244005 -1.6754284630612055 -1.677962197818811 -1.6773635323936817 -1.6752549288982044 -1.6733423997670638 -1.6710475680250463 -1.6690942312777493 -1.6681341408670995 -1.6675763551669194 -1.667802909916948 -1.6675297906442337 -1.668132012258905 -1.667955003059741 -1.668352114786142 -1.6676591651037889 -1.6686404462901976 -1.6676398185858288 -1.667806361006967 -1.668461951250448 -1.6684595813508842 -1.6667487087754393 -1.6672155425564705 -1.6661627497761682 -1.665496523174692 -1.6654590138282304 
# X_list:
0.7502484878082851 0.7500063198614393 0.7500010593362658 0.7499542917012479 0.7498312673107498 0.7496033137292196 0.7490588679322351 0.7475817232955669 0.7437306605405181 0.7341358953487312 0.7124888884299293 0.6780388845124992 0.650325131288487 0.6420965433788164 0.642858027630488 0.6487091223792305 0.6493031438171646 0.6537296392464937 0.6564234435194173 0.6593170868674678 0.6617100439125968 0.6659388925327054 0.6705212881725897 0.6742934882787962 0.6776214509744227 0.6801805201772063 0.6821859114315437 0.6837908506423698 0.6850705519014346 0.6863884445101067 0.687056984229837 0.6869994434910898 0.6895775468095887 0.6948245717960357 0.6893604153747019 0.6850268880922161 0.6782812736626866 0.6773576877181738 0.6743818728482392 0.6702077204846963 0.666164582922805 0.661478024938448 0.6598594628029771 0.655431756809233 0.6515474387333345 0.6478194422793375 0.6424228376219606 0.645451361105342 0.6375078983542694 0.6362385876821992 0.6364207621321506 0.6313873400121303 0.6276199713961902 0.6268707737304324 0.6245749195219865 0.6224718047790173 0.6184714390608093 0.6214660234841569 0.6185764108671824 0.617964190871796 0.6207207524658677 0.6203892816487269 0.6135968307505963 0.6066934109213364 0.6057514038350669 0.6054832684267419 0.6053725917900039 0.6060225689746015 0.6043883700937105 0.6015584922479708 0.6044737070195769 0.6197052986055912 0.60821292787352 0.6177701531326505 0.6107353227343234 0.6150221785522202 0.6134710968031342 0.6176352948207511 0.6177235349723836 0.6147864897723934 0.6197590064202134 0.6193601027166615 0.6204192948136321 0.6208241672225672 0.623109659237207 0.6230194724577841 0.6292324955507245 0.6178076825474351 0.6183440696382356 0.6334543504228137 0.6193709607788952 0.6213414591489572 0.6300543560086642 0.6253949953353535 0.621600986508262 0.6384851888442376 0.6212495676177393 0.630982279563574 0.6314419591466099 0.6312087636390108 0.6318145911864701 0.6298091337464858 0.6328625769694042 0.6307063101912906 0.6326566021759148 0.6334124279679479 0.6331188721085204 0.6338207641787532 0.6341418607089613 0.6344695706223233 0.6364680730011055 0.6415751816111677 0.6460352687710817 0.6509695252652343 0.6547307021466652 0.659106300709715 0.6624266885560605 0.6651715300817129 0.6659761447049306 0.6675849209418374 0.6694438549354769 0.6711364355096705 0.672024949913108 0.6725286875230996 0.6741524340837164 0.6757541149124304 0.6787555070818988 0.6809858373255873 0.6830142569795725 0.6845040787362348 0.6861515060916745 0.6880045527971559 0.688424484032602 0.6894606786861723 0.6903770681781266 
# stellar_X_list:
0.7529042722234999 0.7502484878082851 0.7500113398443629 0.7500060856097844 0.7499893020892603 0.7499700502547987 0.7499558568120215 0.7499442560881114 0.7499343647179662 0.7499264158528298 0.7499203053373894 0.7499154852980275 0.7499115517950111 0.7499081701987234 0.7499052009966161 0.7499025024896858 0.7499001177776223 0.7498978879422299 0.7498958618420163 0.7498939912685502 0.7498922357829526 0.7498905927237692 0.7498890810175703 0.7498876891318165 0.7498864141527701 0.7498852073409435 0.7498840907933543 0.749883036095214 0.7498820184551717 0.749881045953354 0.7498801292688867 0.7498792361386672 0.7498783717978108 0.7498775585270573 0.7498768178527317 0.7498760428732149 0.7498752318670583 0.7498743707199091 0.7498735170597693 0.7498726541566513 0.749871776637156 0.7498708721612102 0.7498699395764443 0.7498690062996994 0.7498680500028838 0.7498670794480604 0.7498660935005896 0.7498650693931878 0.7498640969435642 0.7498630609533007 0.7498620308120578 0.7498610127252442 0.7498599920482752 0.7498589291378517 0.7498578963783173 0.7498568447954489 0.749855798273324 0.7498547405905096 0.7498537111419964 0.7498526853082991 0.7498516678761099 0.7498506790405949 0.7498497188289186 0.7498486946767509 0.7498476512427086 0.7498465969151515 0.7498455664047318 0.7498445419474359 0.74984353781531 0.7498425340750784 0.749841528812937 0.7498405429528157 0.7498396794276296 0.7498387439633202 0.7498378708540169 0.7498369703904193 0.7498361053434245 0.7498352298189769 0.7498343946907926 0.7498335643623638 0.7498327302632514 0.7498319293392927 0.7498311340576418 0.7498303433497587 0.749829579510119 0.7498288282148055 0.7498280835350359 0.7498273770368302 0.7498266169357772 0.7498258643263506 0.7498251849505502 0.7498244712791142 0.749823767336268 0.749823082770039 0.7498224032416916 0.749821711464345 0.7498210742906846 0.7498203910098277 0.7498197837723892 0.7498191640495132 0.7498185362326858 0.7498184817344005 0.7498184467756158 0.7498183964303636 0.7498183353576177 0.7498182947582637 0.7498182555465486 0.7498182062527675 0.7498181592751091 0.7498180810076632 0.7498177004045378 0.7498170025129904 0.7498164325402441 0.7498159342041781 0.7498155434834148 0.7498150892313857 0.7498147389362848 0.7498144939178286 0.749814404826377 0.7498143073961436 0.7498141329016157 0.7498140205775642 0.749813930762236 0.7498139118811387 0.7498137141517178 0.749813604891112 0.7498132561651217 0.7498130233897476 0.749812849484657 0.7498126379558804 0.7498122990684378 0.7498121756054876 0.7498118924009989 0.7498117044760614 0.7498115321131645 
# stellar_X_list_luminosity_weighted:
0.7529042722234999 0.7502484878082851 0.7500063624780386 0.7500011283414796 0.7499560359144385 0.7498440523364034 0.7496736940397022 0.7494688913391498 0.7494486173132796 0.7496362163128579 0.7497755288766366 0.7498455745924342 0.7498700965367239 0.7498792682610409 0.7498832756152088 0.749884859941182 0.749885348664386 0.7498850646101805 0.7498844301352533 0.7498835954587615 0.7498826202048258 0.7498815313831559 0.7498804786474007 0.7498794987836706 0.7498785223649399 0.7498775552899866 0.7498765994005803 0.749875645529137 0.7498746705329379 0.7498736510244833 0.7498726469164684 0.7498716174473506 0.7498705341114236 0.7498695093154607 0.7498686384582582 0.749867596907174 0.7498663731891466 0.7498648924710704 0.7498633807273188 0.7498618087766449 0.7498601346537171 0.7498583918090997 0.7498564216744389 0.7498545539222063 0.7498525527193993 0.7498505966674343 0.7498484919126855 0.7498464133246506 0.7498443114756072 0.7498421381134579 0.7498399165721507 0.7498378612388377 0.7498356717515188 0.7498334761780979 0.7498312138631541 0.7498289685114382 0.749826709292018 0.7498244351580823 0.7498222105878432 0.7498200299125505 0.7498178939866655 0.7498158464467094 0.7498138951661547 0.7498116724234574 0.7498093524104292 0.7498069343685834 0.7498045808886177 0.7498023246915027 0.7498000989209762 0.7497979149257715 0.7497956861006211 0.7497935181515551 0.749791808957165 0.7497898298428343 0.7497880613994831 0.7497862242408676 0.7497844195076012 0.7497825468383973 0.7497808154694674 0.7497791215391281 0.7497773142943164 0.7497756765870506 0.7497739939428143 0.7497723098643604 0.7497707475303421 0.7497692329403729 0.7497676379216599 0.7497661159656904 0.7497644394558574 0.7497628493294783 0.7497615161457385 0.7497600650414422 0.7497585155078627 0.7497570263928601 0.749755517377063 0.7497539862318847 0.7497527103252205 0.7497512276115534 0.7497499500823823 0.7497485969872408 0.7497471801627273 0.7497483160320236 0.7497495404507281 0.7497508199059387 0.7497521140860939 0.7497533617935889 0.7497544645796455 0.7497554217162965 0.7497562734544339 0.7497578830008808 0.7497625983629037 0.7497656681873657 0.7497664308333463 0.7497661964937365 0.7497659246300042 0.7497655468282083 0.749765147373164 0.7497651090921009 0.7497649527667682 0.7497652618007576 0.7497653401463873 0.7497657939524477 0.7497658381425064 0.7497660884852815 0.7497659242151333 0.7497665950602584 0.7497664737711868 0.7497668247746863 0.7497673981570578 0.749767535120576 0.7497667849295077 0.7497672824811789 0.7497667260315583 0.7497666510260483 0.7497666864729042 
# Y_list:
0.02113317345039969 0.000537486039661398 0.00010953951714355887 8.932802909205782e-05 0.00021507795969051788 0.0005226060152281341 0.0012157325784927049 0.0029616653091745246 0.008167703308574636 0.02486624645161333 0.07195285887024912 0.15979693588802923 0.24243594775228752 0.280326795211067 0.29076517441609373 0.29093045320239613 0.2882263401138758 0.28595207828433705 0.2837209413765983 0.28094841113215846 0.27876448072545695 0.27507075101822565 0.2710280557073178 0.26771213068194954 0.26510110040745594 0.26228498938345934 0.26079027554844597 0.25951168623342924 0.2584554214463132 0.25737594678737785 0.2567840521128564 0.2569733160716043 0.2543898555103211 0.25516079166860745 0.2564764280562705 0.2564003515417551 0.2590892208351946 0.2630946858413917 0.26599006041108736 0.2688031954435564 0.272119589982865 0.27287332132947123 0.2785067319828126 0.2814821416246768 0.2837107782253016 0.2864780343855919 0.29009503031524636 0.28751196874582746 0.2917419383328849 0.2959086487905773 0.2968360610517094 0.3003297939483436 0.30099044326790664 0.3017390560311171 0.3035817595208791 0.30597245291624775 0.3084557770534871 0.30705863566314906 0.31048799219027096 0.3096884263935628 0.3064945186087146 0.31214913089268465 0.30960589188204796 0.31906886899638065 0.3201978634758567 0.3215328910151269 0.3213980777246244 0.3219751656431258 0.3231706999016692 0.3205689777593575 0.32800571538097767 0.312846026097532 0.31724055242181487 0.3117906097890697 0.3182342306347141 0.3155173437900867 0.3163119410944048 0.31251344442845314 0.31290779300188015 0.3167814089520597 0.3123041230155633 0.31336894797907194 0.3129128786253318 0.31209458514681304 0.3098524799609973 0.3106532383262809 0.3053850002109232 0.3162240828516587 0.31536123402587607 0.3028806086811384 0.31447896977527895 0.3133571361422612 0.30687547190533965 0.3099946623689426 0.3147896912171493 0.3007786466572385 0.30709278830591813 0.3125819759945135 0.3074782824828019 0.30679766870372455 0.30615967181269127 0.3077155999307147 0.3051543954706684 0.30714014611634516 0.30548791147244475 0.30553025668157735 0.30603130561089814 0.30582767629630186 0.3057307259580747 0.3048020512091045 0.3037079539241634 0.3004931039716027 0.2974928414847145 0.2940250716842891 0.29145383917964446 0.2884605065847796 0.2861981450374799 0.2844283870962446 0.28393212745929347 0.28284037873956624 0.28163972537945775 0.28039604470109114 0.2797464203931089 0.27930632294090285 0.2780601603845903 0.2766313123692938 0.27394767632281647 0.2717579813868868 0.2698535795724553 0.26859833085210344 0.2672461384112277 0.26563019033321733 0.265444330794546 0.26471558975665416 0.2640197555972246 
# stellar_Y_list:
0.247 0.02113317345039969 0.0009644211499827567 0.0005308179229304449 0.0005170014002140712 0.0005467396174164142 0.0005757560000666573 0.0005991735295841068 0.0006180116030666532 0.0006338365511599685 0.0006478007086698423 0.0006600804827743804 0.0006730053565296086 0.0006825766209960965 0.0006919802256750071 0.0007008176749253768 0.0007091230027181689 0.0007166704028489396 0.0007236940860341425 0.0007302143176208419 0.0007364532083274527 0.0007423301976420023 0.0007478609444251424 0.0007531147888322235 0.0007580781524723131 0.0007628543113020378 0.000767397637808196 0.0007717218839584185 0.0007759483730834146 0.0007800026153852458 0.0007839192844670247 0.0007877076514188603 0.0007914198826696728 0.0007949723009568217 0.0007984443228658943 0.0008018285710535333 0.0008051556900516324 0.000808416875472756 0.0008116861390774785 0.0008148931059255301 0.0008180484106045249 0.0008211416599888514 0.0008242074416917698 0.0008272139863914887 0.0008303412644375915 0.0008333220358945816 0.0008362611545857437 0.0008392181716959839 0.000842094158238263 0.0008449234029148314 0.0008478222319010546 0.0008506609489036303 0.0008534351537640174 0.0008562213144743772 0.0008589139286503885 0.0008616219813133607 0.0008643650652811084 0.0008670336395645284 0.0008696821440623592 0.0008722128016268732 0.0008747846159381735 0.0008772689151219029 0.0008797357899473059 0.0008821996599766806 0.0008847094775521873 0.0008872144463918936 0.0008896243798906696 0.0008920259344167866 0.0008944328684624552 0.0008968171551865995 0.0008991215299182663 0.0009014688392527618 0.0009036476605277637 0.0009058930887369998 0.0009080544094634272 0.0009102143038146581 0.0009123278257281527 0.0009145023348928686 0.000916594034257037 0.0009186566960163839 0.0009206881495196818 0.0009227001022042257 0.0009247326075877052 0.0009267393897347643 0.0009286738188908211 0.0009305743736342668 0.0009326031579597814 0.000934350836874479 0.000936212740535876 0.0009381016428047134 0.0009399452714426056 0.0009417389481106181 0.0009435179509062633 0.0009453472079834818 0.0009471446443049116 0.0009490125506159009 0.0009507124336938531 0.0009524332845132943 0.0009540673568574042 0.0009556142096565096 0.0009573552474519602 0.0009575711240511936 0.0009577701099441167 0.0009579282437295784 0.0009581403900629821 0.0009582842870483884 0.000958433282033353 0.0009586043976298259 0.0009587666888528138 0.0009591510222476968 0.0009605978762019599 0.0009631697308196199 0.0009650984058385232 0.0009668345456583482 0.0009681648220905346 0.0009696671408853833 0.0009707870388256867 0.0009716570198490144 0.000971916948582639 0.0009723227145495957 0.0009729168359850608 0.0009732488574512084 0.0009735893560127075 0.000973665351079332 0.0009742624851733955 0.0009745866877602816 0.0009755555447381513 0.0009762016427467595 0.0009767212336538687 0.0009773006285943957 0.0009781189129590144 0.0009785421972915123 0.0009792041351737004 0.0009797565976484772 0.0009802229713837074 
# stellar_Y_list_luminosity_weighted:
0.247 0.02113317345039969 0.0005411104588686746 0.00011520691594711322 9.48264394520708e-05 0.0002145361173483661 0.00046961271852729 0.0008007217658686565 0.0009114570234564744 0.0007785658060097644 0.0006635510853002774 0.0005964960136941897 0.000580302565340115 0.0005838535068893392 0.0005929746270876328 0.000604168582398175 0.0006157889493908879 0.0006272161498844862 0.0006382364000195815 0.0006487442975803507 0.000658840083797465 0.0006685985032740175 0.0006777724307762892 0.0006864317930954334 0.0006949056829236004 0.000703078693996379 0.0007108992951793206 0.0007184318341758169 0.000725802232099423 0.000733113922166481 0.0007400986785193451 0.0007469420816549357 0.0007537238440255295 0.0007603308049770875 0.0007668476093313251 0.0007731940749660198 0.0007794912227540637 0.000785962663717298 0.0007923318686198752 0.0007986674593607735 0.0008050709323279175 0.0008113740076161926 0.0008179919963603026 0.0008242577496965358 0.0008307088513352906 0.0008367730731528366 0.0008430517487931536 0.0008489983672501861 0.0008550791860664913 0.0008611029358425095 0.0008672178958639044 0.0008729616812419679 0.0008789331234127072 0.000884546316838402 0.0008905265584041433 0.000896341687596807 0.0009019657644228754 0.0009077071746867691 0.0009135034276469577 0.0009188853060606651 0.0009243307423973415 0.0009297407580059 0.000934917285899394 0.0009401780238081644 0.0009457824057137393 0.0009515361236345941 0.0009569839720946538 0.0009622433692486207 0.000967720659289401 0.0009730254190513614 0.0009780672565512431 0.000983245212420818 0.0009881507757293383 0.0009932410963668153 0.0009980324705966483 0.001002565709009968 0.001007327009247939 0.0010124088109284186 0.001017200083126685 0.0010217622198131723 0.0010263647847696808 0.0010308749460753088 0.0010357052339267235 0.0010404951469530634 0.0010448138785449353 0.0010489886896782323 0.001053282448232195 0.001057998259967918 0.0010627348317468633 0.0010670551665912169 0.001071161487492875 0.001074987357074018 0.0010790633716520053 0.0010836107038106949 0.0010880954894912712 0.0010924366423395286 0.0010966394652585727 0.0011004258302892943 0.0011042910397282236 0.0011082069491264877 0.001112560737223244 0.0011103746942224058 0.0011078897770146927 0.001105103699968174 0.00110220741186063 0.001099328051330688 0.0010968000673822976 0.0010946762266013667 0.0010931280013603446 0.001090143621443764 0.0010815510064937145 0.0010790784305649873 0.0010803424733203599 0.0010840801213868817 0.0010870412903569954 0.001090037462287349 0.00109273561165901 0.0010942719171807233 0.0010949216113278336 0.0010951256462748175 0.0010958844664588287 0.0010950796902885133 0.0010956390653244173 0.0010951381763337144 0.0010961328461163314 0.00109477235392004 0.001095648970539015 0.0010951750113482128 0.0010942194918923094 0.0010941060830545885 0.0010958807747040505 0.0010951594490706319 0.001096351292989327 0.0010969213754459324 0.001096950913739241 
# Z_list:
8.555940668178012e-08 2.176056840734405e-09 1.7733079718725992e-07 3.539535946432051e-05 0.00011821068470177314 0.0002650866664930931 0.0006886545592487151 0.0020420230912858986 0.0056462832383561996 0.013855029192926294 0.030175381779988304 0.053498244659484835 0.07045835092610814 0.0759862939206485 0.07749464066156674 0.07542502685964571 0.07906650162537072 0.07565486082798893 0.07676140685439223 0.07542465371412523 0.07570307730900065 0.07452063276027206 0.07438029204420418 0.07342681196701602 0.072921973516492 0.07292737048957794 0.07199605127203952 0.07207374109904092 0.07119000641289955 0.07140950113418423 0.07058080192168904 0.07098944079469074 0.07007525564920968 0.06490373841841812 0.07308302649241882 0.0659407980564819 0.08192450502968605 0.058418838711371344 0.09464083626307315 0.03994607969745233 0.12903477593660315 5.538149097025888e-10 0.2118960734783385 5.77507252749588e-10 0.3295042244483278 5.98937486611723e-10 0.5078559338997067 6.164515110010366e-10 0.7783685489042242 6.413519069839496e-10 1.2164505498008613 6.692295597696703e-10 1.9644347751350113 6.870157327090869e-10 3.269942735120826 7.102245493005705e-10 5.68611281878056 7.279804690290108e-10 10.245987523035318 7.605563629447242e-10 19.32089047857578 7.937877877404698e-10 37.40018291099713 8.037429821301972e-10 75.01839920144637 8.152445811235751e-10 158.78437094322416 8.483539289362378e-10 348.688199119041 8.65512162407691e-10 790.4787048710907 9.036271598085498e-10 1870.4561625718063 8.989959135714774e-10 4599.385797567439 9.33272045806717e-10 11563.659004444982 9.43163802038438e-10 30027.940107540453 9.67971478638811e-10 81059.53412450063 9.922677824108367e-10 221237.2254091806 1.016902745076182e-09 632677.6237468434 1.0277540550226228e-09 1818277.6912346336 1.0581746023976867e-09 5527468.438123303 1.062206607314145e-09 17691583.031325337 1.1123172013025796e-09 55770496.024535686 1.1208335421279486e-09 182996640.3154802 1.1082506811124763e-09 615934989.8766043 1.1849966557243164e-09 2127244870.8951035 1.1793011347202707e-09 7265658856.261347 6.622119828559305e-10 9914615046.517923 3.575018781109034e-10 8566548742.862033 944203245.8348806 5648297588.063876 2327473070.7454867 3737253302.0003004 2503866269.123873 1651934276.2177954 1014381534.0163296 789622054.1935616 647020289.6638108 557604999.7364218 468930435.01050967 413732427.0122108 373921331.97946656 364133621.3179258 344857419.36377364 321455699.82835317 303838802.20813656 294236358.5271778 290194411.17823744 273909006.7201654 259394923.54699048 237924223.96006766 223861058.8083008 212562128.38929272 202874992.86553586 194581044.24159652 187595334.35841632 181524091.07754338 175904323.41601506 171130579.87411362 
# stellar_Z_list:
9.572777650013187e-05 8.555940668178012e-08 3.9045390687561e-09 1.227146320148293e-07 1.2703107072480436e-05 2.587466698519981e-05 3.5201431124447676e-05 4.394849837306186e-05 5.260344272369898e-05 5.992336750273904e-05 6.532880967119764e-05 6.923495291659034e-05 7.220146285635282e-05 7.461669334539247e-05 7.674023532346693e-05 7.872154980234304e-05 8.05194190840924e-05 8.228086184247233e-05 8.388438136608949e-05 8.542143185102779e-05 8.687958491923145e-05 8.828123837971884e-05 8.960891223437512e-05 9.088730014064068e-05 9.209811015535918e-05 9.327498360749729e-05 9.4401858800799e-05 9.548063144975231e-05 9.654107050873353e-05 9.756052591206968e-05 9.854333372557573e-05 9.949718915978514e-05 0.000100426541441438 0.0001013222096431622 0.00010214323633121705 0.00010302583985765152 0.0001038246744629038 0.00010476779587708115 0.00010545996714297497 0.00010648681751650008 0.0001069672185242181 0.00010827444555327028 0.00010837556835354048 0.0001103874429819076 0.00011048641371121776 0.00011345222306877337 0.00011355062466892194 0.00011790508914085764 0.00011799768823532916 0.0001245044117215951 0.00012461735528685288 0.00013441193582094333 0.00013452659675517115 0.0001498440327919773 0.00014997789468077129 0.00017481167726233275 0.00017498887711526326 0.0002167325357168476 0.00021696147603442366 0.0002904513471763291 0.00029079066757969484 0.0004251978002559585 0.0004257331054397692 0.0006831536620157427 0.0006840806195434379 0.001190138737539925 0.0011917838738577907 0.0022226312986578373 0.002225876020106009 0.0044408856754044905 0.0044474146517021656 0.009383912348190332 0.009397206816561837 0.020748251532284157 0.020777732998182422 0.04800594695711865 0.048075634213181256 0.1159243782277771 0.11609136715286947 0.2888682482859905 0.2892803414160034 0.743537096963255 0.7446157869477925 1.985679057669496 1.9884808078930005 5.415371043718333 5.423004660803502 15.333005982759879 15.354259564358017 44.15146923188399 44.2140362783754 132.69617670959835 132.8823752057273 419.0519785735511 419.63095948593485 1330.9181557736965 1332.8328513335935 4352.720136186079 4358.293374812031 14618.193929854382 14638.466064569355 14656.95610983256 14671.38435322709 14686.246002727157 14690.245812875482 14695.801419689564 14692.48829228158 14701.411919165943 14691.749068807749 14688.827317015248 14678.298717014672 14676.74337765507 14693.910574156973 14718.615785704798 14741.276463846187 14772.35295152022 14796.814853222193 14816.775709661688 14825.801894938106 14831.505298340191 14842.224125387198 14842.49376879382 14842.770412695123 14839.164849353685 14842.876438612628 14837.004881101453 14855.62144657365 14868.67611675645 14884.496464437621 14910.864439065412 14947.450323720452 14957.070170261057 15001.34900078434 15016.452644815 15050.709829481266 
# stellar_Z_list_luminosity_weighted:
9.572777650013187e-05 8.555940668178012e-08 2.190730602707185e-09 1.755226861658603e-07 3.412411202810442e-05 0.00010954648033159753 0.0002190470725095456 0.0003872515691200977 0.0004543667215866447 0.0003126475991419898 0.0001878560133349078 0.00012519022395606668 0.00010392403515370735 9.585561382839906e-05 9.228727963235685e-05 9.0904769323972e-05 9.05548222107258e-05 9.098939265186681e-05 9.167942547379685e-05 9.259934813729253e-05 9.363905393046452e-05 9.480875911056845e-05 9.599397969395429e-05 9.721147675319114e-05 9.846611291521964e-05 9.97453521079118e-05 0.00010104032009555935 0.00010231007365917201 0.00010359736403159526 0.00010489473092050523 0.0001061851687875181 0.00010745914117663373 0.0001087673518615145 0.0001100386920826181 0.00011113810679368626 0.00011247197515284498 0.00011363054740813105 0.00011529596616502476 0.00011625762822681075 0.0001182465941051993 0.00011864616659219284 0.00012158016575698156 0.00012083323569718003 0.00012607524156621458 0.00012532868529811485 0.00013382832953117931 0.0001330494480911723 0.0001460624436496638 0.00014508914093760704 0.00016531848206524714 0.00016403102699689718 0.0001949538466495588 0.00019314254958698038 0.00024268096407760247 0.00024024317187230167 0.0003225553529093458 0.00031903091447175715 0.0004589704303399356 0.0004537378730646318 0.0007052743371470073 0.0006981550705189462 0.0011660058393692923 0.0011565909716758536 0.0020787606823119134 0.0020639747014322843 0.003905394117564597 0.003881093925367698 0.007638200357327258 0.0076113893356307425 0.015808581262184037 0.015768538265255802 0.03442302035134918 0.03440502831835424 0.07782080410715693 0.07787159009157817 0.18298297528532476 0.18331024098743764 0.4500076957266126 0.45127239793839985 1.1358999440402826 1.140044511832575 2.9506821317393226 2.9629057633224165 8.03615614831725 8.073899613426763 22.046309676653273 22.162892683447083 63.51013303816738 63.85781094412949 183.58202728030201 184.5429651970104 550.0647360715074 553.2489194105567 1786.111004542209 1797.3667665246542 5697.158725860486 5734.497186945249 18772.314660042026 18915.445292167995 63738.12023967371 64281.23802576628 64539.08529357628 64330.86929975976 63479.40438917962 61225.948067183075 58724.207375758 56493.93589197693 54427.35209993615 52603.483753935514 49493.12573926756 40585.440134039854 33948.58327253753 31213.327482221674 29750.43084526272 28762.96823968773 27734.53653296782 27045.395820982652 26556.91896729675 26469.051552030112 26170.869730077076 25831.3370618122 25453.42122464764 25238.752284417027 25097.31443085774 24733.489813857344 24274.18105042221 23796.436811531486 23395.51836833335 23119.427957055235 22979.389582611362 22942.247413709203 22712.39882129743 22798.742427800673 22652.611678564772 22681.534337163805 
# formed stellar mass list:
1e-15 4664039.624280768 181916223.82263917 178879524.90908805 88609270.59958997 33851944.46234698 11267909.025541905 3446170.43256676 997904.1955765308 280426.58958571043 79497.77001785731 24898.798274903536 10197.859165170405 6094.689152235268 4776.278527769959 4193.984297425939 3823.792127018356 3567.625245928006 3334.610456682515 3139.2695496144142 2968.927449532956 2813.8848039171517 2679.917887381562 2555.4801861293954 2447.498689288742 2348.5592069491045 2255.8396199431877 2170.4956092195184 2094.0690629104224 2026.5994496066658 1960.5304382186787 1897.7785578931353 1844.7153075039282 1789.942800351111 1739.8230002924408 1686.7582554175926 1656.998255526249 1619.9979119760046 1578.421065699463 1537.3938961852202 1505.492876262245 1470.9381977961414 1444.5259345394263 1413.5437291678766 1385.2639879258568 1356.874999914956 1335.698662853309 1296.3119794006484 1297.7500837022928 1269.5682739584022 1247.3651224678135 1221.333749255615 1195.4044592341934 1180.556669559184 1164.4565938037342 1147.4855215239766 1126.4043192928777 1105.7335168460556 1098.9305812929979 1076.6197364145896 1051.861556851037 1040.0691620882587 1007.8260365748552 1025.0528152171105 995.3430608871048 1000.7339558354809 981.3006041664639 959.3782593245953 943.0026463166506 935.1994588393397 924.308212809571 915.8578302203732 885.3208885061565 886.7703407854701 889.8816868052356 862.045438504735 857.1991453022499 851.414917300686 848.20897310836 832.1587181168155 826.4706323010497 807.8153145092878 806.2339765343398 806.0342528045244 786.7025670582368 775.8404168852034 778.3963450111521 778.3716672758475 756.0189010275843 741.7419739686537 753.1491467774329 709.9440114159369 719.2193009900051 726.2231257944801 713.7545138782759 702.7776070330838 721.8583427324852 689.9579564629487 675.1073905023037 677.0219722893058 678.3678709761941 1e-15 1e-15 1e-15 1e-15 1e-15 1e-15 1e-15 1e-15 1e-15 1e-15 1e-15 1e-15 1e-15 1e-15 1e-15 1e-15 1e-15 1e-15 1e-15 1e-15 1e-15 1e-15 1e-15 1e-15 1e-15 1e-15 1e-15 1e-15 1e-15 1e-15 1e-15 1e-15 1e-15 1e-15 
