# time step list:
1000000 10000000 20000000 30000000 40000000 50000000 60000000 70000000 80000000 90000000 100000000 110000000 120000000 130000000 140000000 150000000 160000000 170000000 180000000 190000000 200000000 210000000 220000000 230000000 240000000 250000000 260000000 270000000 280000000 290000000 300000000 310000000 320000000 330000000 340000000 350000000 360000000 370000000 380000000 390000000 400000000 410000000 420000000 430000000 440000000 450000000 460000000 470000000 480000000 490000000 500000000 510000000 520000000 530000000 540000000 550000000 560000000 570000000 580000000 590000000 600000000 610000000 620000000 630000000 640000000 650000000 660000000 670000000 680000000 690000000 700000000 710000000 720000000 730000000 740000000 750000000 760000000 770000000 780000000 790000000 800000000 810000000 820000000 830000000 840000000 850000000 860000000 870000000 880000000 890000000 900000000 910000000 920000000 930000000 940000000 950000000 960000000 970000000 980000000 990000000 1000000000 1010000000 1020000000 1030000000 1040000000 1050000000 1060000000 1070000000 1080000000 1100000000 1200000000 1400000000 1600000000 1800000000 2000000000 2300000000 2600000000 2900000000 3000000000 3200000000 3500000000 3800000000 4000000000 4100000000 4500000000 5000000000 6000000000 7000000000 8000000000 9000000000 10000000000 11000000000 12000000000 13000000000 14000000000 
# Number of SNIa + SNII (log_10):
0 0 5.265388506994331e+53 5.487932127323314e+55 1.2274700071480242e+56 1.7350968311016898e+56 2.1016340097756238e+56 2.4299044190098623e+56 2.740903972684289e+56 3.016056267007704e+56 3.253373032767177e+56 3.4592401448599777e+56 3.640415520010354e+56 3.802170270563196e+56 3.948242520104427e+56 4.081447390334011e+56 4.203890991731195e+56 4.317194705500268e+56 4.422636881141474e+56 4.521243646857258e+56 4.613851396822475e+56 4.701151215088709e+56 4.78372049286915e+56 4.862047108916562e+56 4.936547397747023e+56 5.007578154663521e+56 5.075449472376674e+56 5.140431535121078e+56 5.202759497688703e+56 5.262641519673062e+56 5.320264524567069e+56 5.37580303464479e+56 5.429382597728549e+56 5.481140682528699e+56 5.531204616010545e+56 5.579681808631516e+56 5.626668610629836e+56 5.672246256113924e+56 5.716511149059394e+56 5.759533431361108e+56 5.801376509404138e+56 5.842104749932521e+56 5.881773394638428e+56 5.920437396674499e+56 5.958147510223764e+56 5.994949827578766e+56 6.030887119090311e+56 6.065993012378881e+56 6.100316509727825e+56 6.133890458393965e+56 6.166740785893822e+56 6.198895880186776e+56 6.230391224363724e+56 6.261250460644971e+56 6.291499320359647e+56 6.321159721247397e+56 6.350255851982088e+56 6.378784854936961e+56 6.406816503192919e+56 6.434356155046124e+56 6.461413428217256e+56 6.487995706855184e+56 6.514105661177733e+56 6.539774322404127e+56 6.565025383601431e+56 6.589864253941299e+56 6.614306503420176e+56 6.6383668681420515e+56 6.662054085203493e+56 6.68537776010901e+56 6.708353070929199e+56 6.7309903801794595e+56 6.753288437245632e+56 6.775270877756871e+56 6.796947695092286e+56 6.818319524482479e+56 6.839395869272049e+56 6.860185551804737e+56 6.880696455829181e+56 6.90093425889206e+56 6.920910198151683e+56 6.940619430453172e+56 6.960084805171155e+56 6.979309661715869e+56 6.998294454600287e+56 7.01704453623324e+56 7.035567240920955e+56 7.053872869020331e+56 7.071957078155191e+56 7.08982385018642e+56 7.10748902109854e+56 7.124943215796862e+56 7.142206182541359e+56 7.15929213691334e+56 7.176185221028856e+56 7.192888345722062e+56 7.209410491269003e+56 7.225759124551082e+56 7.241930435223575e+56 7.257931494595635e+56 7.27376441187291e+56 7.289430737546132e+56 7.304948079998873e+56 7.320311700656989e+56 7.3355198053653095e+56 7.350579978455089e+56 7.365491334393777e+56 7.380254909312922e+56 7.3948779009391275e+56 7.423714592688793e+56 7.5602762422670075e+56 7.801475364053505e+56 8.009757943631574e+56 8.193038499530171e+56 8.356702873566296e+56 8.573415330741635e+56 8.763190200524578e+56 8.93199023528625e+56 8.984391805177894e+56 9.083994082120203e+56 9.222236889403185e+56 9.349037235970327e+56 9.428074856837975e+56 9.466108700217902e+56 9.609456197568821e+56 9.771582338360578e+56 1.005193431577455e+57 1.0288747190583927e+57 1.0493747682143827e+57 1.067453594745051e+57 1.0836085608591154e+57 1.0982299942581672e+57 1.1115713513603184e+57 1.123841395193405e+57 1.1351996557145092e+57 
# Gas [Fe/H]:
-5.218485947384705 -6.812943270487043 -5.858179340219603 -3.558885840223436 -2.734716306776618 -2.301212160515619 -2.0421770618857753 -0.8699988266684828 -0.042057576879757974 0.5715641926404529 1.0409507108908431 1.3325502058552803 1.450401583475629 1.4769550952036514 1.475280141570328 1.4664053044835255 1.4572230003192805 1.4494762949183992 1.4410665437579033 1.4343188074243756 1.4261312264915489 1.4188001654555582 1.412891022742329 1.4054927155840318 1.398835252023324 1.393471954740543 1.3892891967124341 1.3839093954201056 1.3794964594548667 1.3754373467713346 1.372394308515212 1.3679260534352338 1.364280556931841 1.358533325387107 1.3599476022249393 1.3564737021996827 1.3563774807524767 1.3562748177393016 1.352719863497318 1.3592341250264441 1.355323750180355 1.354688089814943 1.3548317461341068 1.3553665619033066 1.3544891033653559 1.353931150290049 1.3556062892943208 1.349703706671812 1.3530971508156844 1.3489773608746125 1.3489301255934802 1.3534103951534844 1.353994678647024 1.3503339266451642 1.3442460107705192 1.3523854699170643 1.3528528571719614 1.3472405376522554 1.345673677100422 1.3503218535733499 1.345836320887933 1.3542532665455371 1.3406627005952005 1.3437920199854294 1.34112256961571 1.348144685372866 1.351604771727649 1.3573159840923723 1.3351729305496982 1.3476389187608135 1.3462768222704988 1.346617161974859 1.3199010182731064 1.3272956404840923 1.3402612676788062 1.326802441089471 1.3236487516479771 1.3279242682023078 1.3160842794479315 1.31940624531734 1.3236915056543186 1.3186872128159361 1.3113013864684895 1.318580964771264 1.314333078358358 1.3100285963595018 1.3005223269254365 1.3111716843954464 1.3117024747692354 1.3167901907768198 1.2932484624436662 1.3304834022329834 1.2614469215325324 1.3503424357573621 1.2909310561663143 1.3092094217592547 1.2918354819246143 1.3101647826120462 1.2986187602158537 1.291534157561061 1.2873783370424547 1.2963153323674907 1.2964071935467611 1.2941567510264735 1.2932937779867286 1.2933565793671327 1.2911036778223428 1.2891842263496889 1.2871721399201026 1.2875305189574577 1.283860442306565 1.2747956080498688 1.2689732250365635 1.2626056775192689 1.257743538139021 1.2537436866650356 1.2507855834658557 1.2488009472613024 1.2478748735492347 1.2469838122109929 1.2463567222538416 1.246472918322492 1.2472581040218524 1.2478693204325992 1.2491476112248225 1.2525521402157147 1.2586268884815968 1.2648984541635646 1.268421774459461 1.2743065281603085 1.2711088767055019 1.270711957167379 1.2712271740848506 1.2699893510913864 1.2696077148619596 
# Stellar mass-weighted [Fe/H]:
0 -5.218485947384705 -6.559046639961519 -5.975875696236892 -4.052789335317618 -3.553983869067295 -3.373641511657535 -3.304643483514412 -3.052920619749333 -2.79656061481759 -2.6175214354476903 -2.4954711203022537 -2.4077692778941655 -2.341658317733045 -2.2888797633812903 -2.245291297356542 -2.2084467472764207 -2.1767529622444908 -2.149034182490608 -2.124465964933938 -2.1024804305834284 -2.082596142521542 -2.064364521483154 -2.0477919288495023 -2.0322724516767714 -2.0180699829479973 -2.004849481612627 -1.9925073375305793 -1.9809201327457835 -1.9700180566964773 -1.9597363933810028 -1.9500241986189994 -1.9407994351394793 -1.932022818489611 -1.923707621926896 -1.9157377077995825 -1.908134305714456 -1.9008590508760843 -1.893847661354207 -1.8871268719152923 -1.88068491430852 -1.8744758239247359 -1.8684933300486506 -1.8627198634307716 -1.8571319466273435 -1.8517558901324334 -1.8465360505457804 -1.841550936627777 -1.836654490943677 -1.8319152242645593 -1.8273080213149129 -1.822834457400492 -1.81849562188577 -1.814278066275408 -1.81017409407362 -1.8061724750552788 -1.802259187169291 -1.7984717186995738 -1.794774690148941 -1.7911847823243523 -1.7876446929502956 -1.7842187716263371 -1.7808338092866043 -1.777576533508884 -1.7743422066783356 -1.7712205059507156 -1.7681454809615458 -1.7651412227887358 -1.7621718332007275 -1.7592970297064578 -1.7564672550488627 -1.7537057737085169 -1.7509710986028626 -1.748312108952188 -1.7456871544494863 -1.7431312423849006 -1.7405893375742005 -1.7381105700143138 -1.7356713407894544 -1.7332986081782433 -1.7309442759344789 -1.7286375863604624 -1.7263481945784322 -1.724129954472513 -1.7219328583196702 -1.7197807301563595 -1.7176404394873561 -1.7156137051342766 -1.7135285257178792 -1.7114980525554495 -1.709474228201766 -1.7075027045687792 -1.7055521371430142 -1.7036265500999646 -1.7017250223295415 -1.6998776189454334 -1.6979967648554126 -1.6962023951619267 -1.694438383990713 -1.692732278868747 -1.6909651085951918 -1.6907719060740547 -1.6906030764605564 -1.6904475994336892 -1.6902135594649206 -1.6900643975086123 -1.6898978697163098 -1.6897420284971894 -1.6895711898741927 -1.6892634474898989 -1.687891048344481 -1.6853723346511575 -1.683362751522992 -1.6815933565204686 -1.680172656492271 -1.6785161240693025 -1.6772551859135136 -1.6763175488323618 -1.675997926192987 -1.6756145097869863 -1.6749807347936851 -1.6745510682686877 -1.6741978087394411 -1.6741136009956232 -1.6733954617312818 -1.6729120312465753 -1.6715585594502063 -1.670574317404789 -1.6697723690765693 -1.668913851032399 -1.6677209113863043 -1.667073690942531 -1.6661254492514415 -1.6653041843576792 -1.6646300592609036 
# Gas [Mg/Fe]:
6.938893903907228e-17 -1.3877787807814457e-17 0.9027365163370367 0.9877600390053496 0.658880291148768 0.4424521002859144 0.29932813229645844 -0.765251886817039 -1.3453695179171012 -1.5472471568416732 -1.6042172406518198 -1.6231637719602536 -1.6342465329247042 -1.64455871292317 -1.6419855007487358 -1.6398837955348808 -1.6364743053669695 -1.6290525849790558 -1.6200970429788117 -1.6131996601935423 -1.619021615733223 -1.589513946013671 -1.6141043717258632 -1.6101402817635282 -1.6064677174875994 -1.6064791316446734 -1.6043414348373903 -1.5965590316795837 -1.5958770095816621 -1.5954950697278167 -1.5890812664464933 -1.5867056713829775 -1.624950533665783 -1.6219178254307953 -1.5394506443283562 -1.550028576641389 -1.502608819159214 -1.4881778263776417 -1.481597819767689 -1.4711242794716044 -1.3271110082342434 -1.603182122878733 -1.43691459771894 -1.4119345899650158 -1.3971431042432731 -1.3804358877536287 -1.3800643408035271 -1.3484812217199382 -1.3587791439879922 -1.3400371286584216 -1.329746338708339 -1.3329988832562607 -1.3156031563015578 -1.3462105188785163 -1.3488957650180537 -1.3330087941397515 -1.3541605017946028 -1.3595537265599908 -1.3806255887700203 -1.3599627438194375 -1.388937318422619 -1.3836702590725727 -1.402791211897666 -1.4122517329597728 -1.4164842076604252 -1.4227126120145726 -1.4283573293063871 -1.4142951611926442 -1.5033111170548261 -1.4726659819412142 -1.0060619603161847 -1.6457923782877482 -2.6816356942903785 -1.4848939767150586 -1.5850457786802734 -1.4762118111591922 -1.495232566771855 -1.506124256085044 -1.4926205213930013 -1.5154080050360064 -1.4885809873229077 -1.4876636650454733 -1.5232087143431454 -1.5085763004668782 -1.5205714192415472 -1.5382060733445433 -1.5125546861610377 -1.5160663960858363 -1.5377178106276106 -1.5721514870949858 -1.5716715470627212 -1.5726854882909433 -1.569591391486546 -1.5685083276552516 -1.5524791543270378 -1.6313885353040147 -1.6452137086422112 -1.6003664533413087 -1.4983243612303192 -1.6244034827917646 -1.6224221597658717 -1.5815933309786334 -1.606563840768745 -1.6139090564278589 -1.6145323600350596 -1.6141239235192453 -1.6153051922253556 -1.6122915447182669 -1.6133560516402052 -1.6154495458195983 -1.6279521217257404 -1.6375336043609299 -1.6453004865240521 -1.6501282004717364 -1.6548062462633033 -1.6609864309464737 -1.6661212696540568 -1.666741410138199 -1.6687041517586303 -1.6709751165242437 -1.6709892416094108 -1.6714205661416621 -1.6732910029527437 -1.6735279276907344 -1.6756840417633214 -1.676058558259753 -1.6775039468035124 -1.6792890668790617 -1.6804357931228369 -1.691514828477461 -1.6956484064040687 -1.6918839525897549 -1.6831755922543041 -1.6830694729731175 -1.683322222273962 
# Stellar mass-weighted [Mg/Fe]:
0 -1.3877787807814457e-17 -1.3877787807814457e-17 0.8499757833503855 0.9867005558503119 0.7581496850513487 0.6542098574223097 0.6095440339370638 0.36659501703300024 0.11528325065493628 -0.05920487832374803 -0.17701382328416693 -0.2608680907632041 -0.32365770625224943 -0.3732765735404548 -0.413685521590197 -0.4476526596248181 -0.4768950923632484 -0.5022622264969003 -0.5245096661553716 -0.5442721484646551 -0.5620634881634121 -0.5782488626098181 -0.592958517033108 -0.6066328185966645 -0.6191250313442496 -0.6306958257955954 -0.6414456240993283 -0.6514703754101285 -0.6608944331762103 -0.6697329301789038 -0.6780413745946646 -0.6859188535179962 -0.6934732197019472 -0.7006076770204539 -0.7072506805141434 -0.7135829074162495 -0.7195276572005047 -0.7251935977663151 -0.7305888032415542 -0.7357489395092168 -0.740298776923768 -0.7453013573303325 -0.7497903392758725 -0.7540454854597576 -0.7581216947278051 -0.7620393532987634 -0.765745110858949 -0.7692841008503957 -0.7727545670305859 -0.7760376313103041 -0.7792065403720082 -0.7822818115902516 -0.7852391977615851 -0.788142272111949 -0.7909960930629011 -0.7937372061568899 -0.7964282401267955 -0.7990914062360437 -0.8016939906700964 -0.804192389006554 -0.8066650325301912 -0.8091111295037732 -0.8115027853716266 -0.8138508776872702 -0.8161665487686891 -0.8184297503687219 -0.8206423002616507 -0.8227939820881612 -0.8250062620807886 -0.8271671755932576 -0.8281659333553081 -0.8304080989925099 -0.8329157655302535 -0.8349047547122469 -0.8369497987468023 -0.8388540799175441 -0.8407323286631901 -0.8425976239948514 -0.8444038791039747 -0.8462121489752435 -0.8479366270569987 -0.8496551849876478 -0.8513589965107037 -0.8530430073074149 -0.8546894584905677 -0.8563753430825194 -0.8578937331671779 -0.8594871713516021 -0.8610076476639779 -0.862567007536382 -0.8641472574297403 -0.8656359493951821 -0.8671506953835189 -0.8686220519626882 -0.8700695658977 -0.8715471860285028 -0.8729923162456326 -0.8744395817960494 -0.8756475006976174 -0.8770770524814219 -0.8772049159797516 -0.8773049168125633 -0.8774147479886554 -0.8775565202312994 -0.8776437655387778 -0.8777255787283309 -0.8778089441946453 -0.8779010341383356 -0.8780895873618778 -0.8788920083963847 -0.8803846272341966 -0.881568651003496 -0.8826568871818323 -0.8835624591246243 -0.8846011811185432 -0.8853916785749756 -0.8859825927849407 -0.886163447725498 -0.8864335006729213 -0.8868072974404366 -0.8870570179698187 -0.8873277387216358 -0.8873765459643421 -0.8878380059923037 -0.8881774366969512 -0.8891652785138635 -0.8899321798613096 -0.8905982930275776 -0.8913025984388364 -0.8921281155330236 -0.8927226627161087 -0.8933651275420418 -0.8940729535780069 -0.8945592150496583 
# Gas [O/Fe]:
0.0 -2.220446049250313e-16 1.4962468621598903 1.597877507899097 1.2758378809185436 1.062570307175768 0.911286834037278 -0.2080119459606965 -0.9478209833802858 -1.3253105332663826 -1.443161898517644 -1.4916519253182532 -1.4874458787655054 -1.5735208613094764 -1.4676130569027481 -1.4721361641069284 -1.4837881333389524 -1.4930029114860708 -1.4978591407881732 -1.499409652563775 -1.4938689408394865 -1.4955029477553636 -1.5208299788824986 -1.3267699099048351 -1.6485830320438948 -1.5247718716062806 -1.497562318679316 -1.5056960901469656 -1.502101426655086 -1.50815220186639 -1.5081121590524933 -1.6438219993889114 -1.5567583805803866 -1.331495081498776 -1.5450639697700441 -1.5056070211317678 -1.4068121628418935 -1.486193369634583 -1.4258184681985824 -1.461295157655838 -1.4945376690420629 -1.4634634219607021 -1.4776111486210022 -1.4657159950913732 -1.5162800903604723 -1.4410296446755895 -1.406722166917044 -1.5880180009406923 -1.4915181346593975 -1.462353042405113 -1.469676930536318 -1.4873571871821754 -1.4828980926908 -1.4638905137684068 -1.4170058782072987 -1.4171953585249883 -1.4158085931886217 -1.4819530735762254 -1.449234098622474 -1.4584531111926413 -1.4474795783564698 -1.4625979638821476 -1.4705973293140668 -1.4916699047768138 -1.4485269079718084 -1.4321354168365605 -1.4842277793231613 -1.433184341099602 -1.4249729407942044 -1.4485029526559488 -1.4548739916420261 -1.468597064336696 -1.451575045980578 -1.5019306424712093 -1.4571190291571867 -1.4935646093488777 -1.4345758653003353 -1.4256768926080103 -1.451808564867516 -1.4503705797303454 -1.502870903959804 -1.4252313134086005 -1.468559343045787 -1.4711504002935807 -1.4719024036578414 -1.493095109383131 -1.4617102389554852 -1.563434258890485 -1.4545572429066205 -1.3905516720779358 -1.3705497133153182 -1.4573622269455113 -1.4591875112197368 -1.514897610779288 -1.4524801347077219 -1.4769104662091614 -1.4119751893456964 -1.4919102142118577 -1.4114185015160365 -1.4482518505658637 -1.4530831565621691 -1.4506235223403996 -1.450872678875673 -1.4427468189142383 -1.44676326036457 -1.446366365986342 -1.4530816975645626 -1.4529185818767263 -1.4507091374996655 -1.4493192020871626 -1.4534326195808938 -1.4519413760554043 -1.454320216045134 -1.455119839587864 -1.4541420163302305 -1.4565781636502013 -1.4582992986748065 -1.459765577661904 -1.4599609519247134 -1.4611331933313616 -1.4631560049634147 -1.4647799813889841 -1.465277414302626 -1.4653265033912488 -1.4666201474211555 -1.4688542841747596 -1.4643584836780958 -1.4734675286399432 -1.4754526439165692 -1.476537205493979 -1.4776046575470783 -1.478329403275376 -1.4786986679773366 -1.4792008002211423 -1.4798479190465703 
# Stellar mass-weighted [O/Fe]:
0 0.0 -2.220446049250313e-16 1.4374682536055485 1.5966873082816733 1.3724128834696874 1.2698731711422302 1.2247421548482245 0.9799757402381517 0.7260159690256458 0.5486953283837355 0.4283270171308262 0.34218563407249136 0.2774479683600568 0.2259669570606413 0.18404402159610544 0.14867058384684717 0.11808389232576322 0.09142136937138612 0.06792676472762027 0.0469681916747029 0.028078673422594846 0.010738232533734404 -0.005002303798250285 -0.019435055895748343 -0.03299333863372178 -0.045483192439922604 -0.057093461565518755 -0.06797146004053078 -0.07821645198029592 -0.08784834463974911 -0.09693611822927295 -0.10566123204950162 -0.11389959325889998 -0.12151413281721868 -0.12897834314965073 -0.13605318812985567 -0.14275862704122355 -0.14925758633443809 -0.15543557809778297 -0.16140773362595384 -0.1671701172796718 -0.1726808402618938 -0.17800766386524636 -0.18313134377746199 -0.1881207782580414 -0.19293297412356114 -0.1974840361178285 -0.2020243095941645 -0.20640649064760508 -0.21060977920049273 -0.2147096425992695 -0.21869591495327978 -0.22258884803309897 -0.22632004040458809 -0.2299596011054691 -0.23350714431486386 -0.2369383046296485 -0.24035125821444658 -0.24362864536565598 -0.24683690442112372 -0.249939373426743 -0.2530310232313271 -0.2560178715388918 -0.2589473992940706 -0.2618096408735695 -0.26459529699825923 -0.26732918395504923 -0.2699998221438351 -0.2725924122720893 -0.27518378703054114 -0.27767287775256033 -0.28015787857472463 -0.28256395849919114 -0.28495898940238784 -0.2872798584585302 -0.2895851658759335 -0.2918138188862651 -0.29401313939148765 -0.2961696965473447 -0.29830201608543605 -0.30038553744623797 -0.30243939042701684 -0.30445074292935803 -0.30645708397617144 -0.3084054729948825 -0.3103909437049003 -0.31219679348473517 -0.31411556975134247 -0.3158975940631361 -0.31767186524190005 -0.31946681152721657 -0.32118224638650583 -0.3229334134395686 -0.32465085180519127 -0.3263385571530384 -0.3280040831243817 -0.3296036416269542 -0.3312642628873036 -0.33271410796243317 -0.334327382935 -0.3344759153517821 -0.33459085340804584 -0.33471846459844534 -0.3348818997501041 -0.33498230274389773 -0.3350767175383049 -0.33517283860160874 -0.33527994927395066 -0.3354983208851824 -0.3364297686393791 -0.3381615464341634 -0.3395342200653012 -0.3407966715333314 -0.34184478037413324 -0.3430418095678557 -0.3439453487348886 -0.34461599125706555 -0.3448228254085296 -0.3451268795690057 -0.3455497477932389 -0.34582640550032495 -0.3461350935222254 -0.34618661552260355 -0.346713534898206 -0.34709340276524847 -0.34822787699064683 -0.3491096815614717 -0.349873866763577 -0.35068484533828115 -0.3516547037545674 -0.3523367462594972 -0.3530920984595174 -0.35390874231663794 -0.354481199821855 
# Stellar mass-weighted [N/O]:
0 0.0 0.0 -1.532386808088782 -1.606936051863471 -1.2208162475514164 -0.9872860155455172 -0.8437148505167915 -0.748923887718024 -0.6791931916660907 -0.6229627397546349 -0.5764530935363483 -0.5379123124097127 -0.5059941914381441 -0.4784590267649189 -0.45440468365706344 -0.43203340048202077 -0.41096098687752813 -0.3904502263129195 -0.3705050562173242 -0.3516512553568305 -0.3343289045362312 -0.318500121326208 -0.30441256642000525 -0.2920171099597906 -0.280603761021611 -0.27079155554156986 -0.26253224981943757 -0.25570079945348345 -0.2501251926883983 -0.24586364597229737 -0.24255039454286287 -0.2400331860891356 -0.2380609918952159 -0.23745556133778067 -0.23688519685586273 -0.23659182814555568 -0.23640272722590727 -0.2362402602997522 -0.236119028296351 -0.23594152301292848 -0.23576191253954892 -0.23564147078724584 -0.235414275894138 -0.23526528056356177 -0.2351388832337502 -0.23502344764347338 -0.2349362601452032 -0.23469983376093229 -0.23453768065864056 -0.2344155600574731 -0.23432008496985768 -0.23415675898658184 -0.23400770569947005 -0.2339464709218393 -0.23386130910665548 -0.2337615161433777 -0.23372574387451706 -0.2336308644106453 -0.23218347212060642 -0.23214200029607612 -0.23209935885504196 -0.23171785880136198 -0.231032593109461 -0.23076156100727352 -0.2306964035235226 -0.23064043064017548 -0.23051412940216043 -0.2304235848785623 -0.23033829099166914 -0.2302393353495944 -0.2301791846904302 -0.23010462328151027 -0.23000460070047835 -0.22993289177471388 -0.22987864890030152 -0.2297571584343685 -0.2296996611284874 -0.22965276430870807 -0.22955904000456684 -0.22949303983719282 -0.2294193628232324 -0.22935409604453572 -0.2292930021443893 -0.22924590759954255 -0.22921465815098596 -0.22915161471905465 -0.22904638631399066 -0.22888481345613587 -0.22885973393471382 -0.22886992361794967 -0.22882961493551335 -0.22870854741735536 -0.22850781230639816 -0.2283646894839666 -0.22832647526917538 -0.22829581625543383 -0.22812503777018178 -0.2280544454849074 -0.22815279732305238 -0.22782064876322394 -0.2276656705717992 -0.22753871786146407 -0.22740036374121808 -0.22721974658169186 -0.22710209558207595 -0.22698959602218127 -0.22687769210765274 -0.22676042037023758 -0.22650684861573378 -0.2254434634954705 -0.22351590908504115 -0.2220209398987405 -0.2206263739240415 -0.21946761855718466 -0.21809561931434862 -0.21700046220623848 -0.2161141254064951 -0.2158402949300613 -0.2154052794870034 -0.21479767140089878 -0.21434715877700805 -0.21392777714442257 -0.2138210967735854 -0.2131238859824407 -0.21255693698080336 -0.21118671423132707 -0.21013981500196555 -0.20924804410341813 -0.20836202156507233 -0.20740856244782502 -0.20664042119009252 -0.20591489864332524 -0.20502677011439885 -0.20450296901561726 
# Stellar mass-weighted [C/O]:
0 -1.1102230246251565e-16 -1.1102230246251565e-16 -0.3624174941159233 -0.35522757217919865 -0.3588104751582871 -0.3593029623435279 -0.3585110903062245 -0.3563834836611327 -0.3534060627139981 -0.35022790316282026 -0.34737253453290173 -0.3444411584379353 -0.3417251703595877 -0.33915990593691603 -0.3368385824856138 -0.3346451166064428 -0.33248925441063215 -0.33032169195473815 -0.32816962250369397 -0.32601663265680536 -0.32387911096501587 -0.32169459293060576 -0.31950004850502023 -0.3175264176616155 -0.31513393309074034 -0.3126712510391235 -0.3100045933953287 -0.30701843681214713 -0.30365783938817414 -0.30015084500552924 -0.2964561304930301 -0.2922966120825532 -0.28819207871585406 -0.2841471650566624 -0.2796334147095412 -0.2749384578753914 -0.27005005602979415 -0.26496462947906974 -0.25972793993776444 -0.2542987374878354 -0.24869567699871686 -0.24299522796744033 -0.23723958021886515 -0.23137687637404103 -0.22537821594550406 -0.21946463951952166 -0.2135327829861418 -0.20754360325256116 -0.20141059473203693 -0.1952745121920107 -0.18946776017007994 -0.1835097646723451 -0.17766013288854715 -0.17191276601682998 -0.16621654119042673 -0.16064209491679865 -0.15524834213401406 -0.1498996175750114 -0.1446832838027382 -0.13948277404766452 -0.13442684430238816 -0.1294145963755423 -0.12444559565683555 -0.11955723290411158 -0.11490190301037023 -0.11021287448148426 -0.1057682950896639 -0.10132396728033566 -0.09709892486273308 -0.09277729242959643 -0.08865367954536979 -0.08455234236890707 -0.08073845468746221 -0.0769810914323445 -0.07337803770162388 -0.06992288345558562 -0.06654956850395694 -0.06311603473954736 -0.059874209348024066 -0.05672542120895835 -0.05365010359428074 -0.05056944225606369 -0.047615851377115215 -0.04472878076557135 -0.0419088741428707 -0.039070969372059006 -0.036335992962452435 -0.03362570089229033 -0.03100124767021195 -0.02852649132161239 -0.026161301008804816 -0.023810476718854945 -0.021231028890476178 -0.018598975997525302 -0.016471271407710597 -0.01445209201075498 -0.012258933685417639 -0.010152522842308831 -0.007883228147004762 -0.005965693946802186 -0.005921950218697625 -0.005889902479963904 -0.005858218921844904 -0.005826185951465002 -0.005813370827303488 -0.005794974334001557 -0.00578080844001605 -0.005753820969155332 -0.005706721713811813 -0.005519027192997794 -0.005113140826282281 -0.00478862974101546 -0.004471800430286776 -0.0042254434435082255 -0.0040056729578191175 -0.003912207947399549 -0.003914304573462424 -0.003904264907232946 -0.003946741886770688 -0.003983122720506382 -0.004080634073548084 -0.004086449763847477 -0.004136461747492992 -0.004119712288900124 -0.004207552381840729 -0.0040766488132109036 -0.003964817858353342 -0.0038724591172638045 -0.0037019054267731777 -0.0033231148139125644 -0.0032496347230525635 -0.0029161486141541237 -0.0027569991042499797 -0.0025142636756558256 
# Stellar mass-weighted [O/H]:
0 -5.218485947384705 -6.559046639961519 -4.538407442631344 -2.4561020270359437 -2.1815709855976086 -2.1037683405153063 -2.079901328666188 -2.072944879511182 -2.0705446457919443 -2.0688261070639555 -2.0671441031714277 -2.0655836438216735 -2.0642103493729884 -2.062912806320649 -2.0612472757604365 -2.0597761634295733 -2.058669069918727 -2.0576128131192215 -2.056539200206318 -2.055512238908725 -2.054517469098947 -2.0536262889494186 -2.052794232647753 -2.0517075075725204 -2.0510633215817196 -2.05033267405255 -2.0496007990960976 -2.0488915927863145 -2.0482345086767735 -2.0475847380207517 -2.0469603168482733 -2.046460667188981 -2.045922411748511 -2.045221754744115 -2.0447160509492335 -2.044187493844311 -2.0436176779173074 -2.0431052476886453 -2.042562450013075 -2.0420926479344743 -2.041645941204407 -2.041174170310545 -2.040727527296018 -2.0402632904048055 -2.039876668390474 -2.0394690246693417 -2.039034972745605 -2.0386788005378422 -2.038321714912164 -2.037917800515406 -2.037544099999762 -2.0371915368390496 -2.036866914308507 -2.0364941344782084 -2.0361320761607473 -2.0357663314841554 -2.0354100233292227 -2.0351259483633877 -2.0348134276900094 -2.0344815973714185 -2.0341581450530795 -2.0338648325179314 -2.0335944050477757 -2.0332896059724064 -2.0330301468242853 -2.0327407779598055 -2.0324704067437844 -2.0321716553445626 -2.0318894419785476 -2.031651042079403 -2.031378651461077 -2.0311289771775876 -2.0308760674513797 -2.0306461438518753 -2.0304111008434305 -2.0301745034501346 -2.0299243889005787 -2.0296844801809417 -2.0294683047255875 -2.0292462920199146 -2.0290231238067005 -2.028787585005449 -2.028580697401872 -2.028389942295842 -2.0281862031512414 -2.028031383192257 -2.0278104986190115 -2.0276440954692214 -2.0273956466185856 -2.0271460934436654 -2.0269695160959964 -2.0267343835295195 -2.0265599635395324 -2.0263758741347324 -2.0262161760984716 -2.0260008479797937 -2.0258060367888806 -2.025702646878017 -2.025446386831181 -2.025292491530192 -2.025247821425837 -2.0251939298686024 -2.0251660640321347 -2.0250954592150245 -2.02504670025251 -2.024974587254616 -2.024914867098798 -2.0248511391481445 -2.0247617683750807 -2.0243208169838596 -2.0235338810853216 -2.0228969715882927 -2.0223900280538 -2.0220174368664052 -2.021557933637159 -2.0212005346484023 -2.020933540089427 -2.0208207516015166 -2.020741389355992 -2.020530482586924 -2.0203774737690123 -2.020332902261667 -2.020300216518227 -2.020108996629488 -2.020005434011824 -2.019786436440854 -2.0196839989662596 -2.0196462358401455 -2.0195986963706805 -2.0193756151408717 -2.019410437202029 -2.0192175477109586 -2.0192129266743173 -2.0191112590827585 
# Gas [Mg/H]:
-5.218485947384705 -6.812943270487043 -4.955442823882567 -2.571125801218085 -2.07583601562785 -1.858760060229705 -1.742848929589318 -1.6352507134855214 -1.3874270947968599 -0.9756829642012192 -0.5632665297609769 -0.290613566104974 -0.18384494944907548 -0.16760361771951793 -0.16670535917840823 -0.17347849105135627 -0.17925130504768916 -0.17957629006065723 -0.1790304992209082 -0.17888085276916676 -0.1928903892416738 -0.17071378055811248 -0.2012133489835346 -0.20464756617949664 -0.20763246546427538 -0.21300717690413062 -0.21505223812495622 -0.21264963625947786 -0.2163805501267957 -0.22005772295648285 -0.21668695793128112 -0.21877961794774325 -0.26066997673394177 -0.2633845000436885 -0.17950304210341717 -0.19355487444170638 -0.14623133840673663 -0.13190300863834015 -0.12887795627037057 -0.11189015444516048 0.028212741946111564 -0.2484940330637908 -0.08208285158483264 -0.05656802806170891 -0.04265400087791793 -0.026504737463579175 -0.02445805150920677 0.0012224849518736036 -0.0056819931723079975 0.008940232216191113 0.019183786885140997 0.020411511897224344 0.03839152234546628 0.00412340776664788 -0.0046497542475352205 0.019376675777312613 -0.001307644622641213 -0.012313188907735473 -0.03495191166959799 -0.009640890246087608 -0.04310099753468588 -0.029416992527036 -0.06212851130246566 -0.06845971297434339 -0.07536163804471574 -0.07456792664170742 -0.07675255757873867 -0.05697917710027145 -0.16813818650512857 -0.1250270631803998 0.3402148619543137 -0.29917521631288935 -1.3617346760172717 -0.15759833623096675 -0.24478451100146703 -0.149409370069721 -0.17158381512387777 -0.17819998788273672 -0.17653624194507067 -0.1960017597186665 -0.16488948166858908 -0.16897645222953717 -0.2119073278746555 -0.1899953356956141 -0.20623834088318915 -0.22817747698504132 -0.21203235923560104 -0.20489471169038964 -0.2260153358583752 -0.2553612963181662 -0.2784230846190541 -0.24220208605796056 -0.3081444699540139 -0.2181658918978897 -0.26154809816072433 -0.3221791135447596 -0.3533782267175969 -0.29020167072926206 -0.19970560101446555 -0.33286932523070334 -0.33504382272341626 -0.2852779986111429 -0.31015664722198366 -0.31975230540138533 -0.32123858204833056 -0.32076734415211305 -0.32420151440301304 -0.323107318368578 -0.3261839117201024 -0.3279190268621406 -0.34409167941917485 -0.3627379963110613 -0.3763272614874884 -0.3875225229524677 -0.3970627081242819 -0.40724274428143836 -0.41533568618820116 -0.41794046287689746 -0.4208292782093954 -0.42399130431325105 -0.4246325193555691 -0.42494764781917027 -0.4260328989308917 -0.42565860725813565 -0.42653643053849866 -0.4235064180440382 -0.41887705832191546 -0.41439061271549793 -0.41201401866337584 -0.41720830031715295 -0.424539529698567 -0.4211719954223767 -0.4119484181694535 -0.41308012188173127 -0.4137145074120028 
# Gas [C/H]:
-5.218485947384705 -6.812943270487043 -4.727075025979856 -2.316212673183305 -1.819917011192131 -1.5998185255274775 -1.4825675116736399 -1.36871041487169 -1.1093703920246325 -0.6879178926344904 -0.27446916895415274 0.042631929750946984 0.17506683964945724 0.19551753941200367 0.22061993419773662 0.2207928741235654 0.22767457209435005 0.24540528729518973 0.2589471732119253 0.2757498737303048 0.28837393084281304 0.30777761330671716 0.32055433222740826 0.3344178193014469 0.3607909831470124 0.4023326801659488 0.4513465304675526 0.5074077142172806 0.5680019532872156 0.5988641204279088 0.6345311915313863 0.6868161610744967 0.7004268194911671 0.7252117037447641 0.769379048414307 0.802375972594982 0.8416611095825077 0.8680018001519936 0.8965382908358954 0.9319804423314304 0.9558586766237087 0.9801864077069049 0.9994642091876247 1.0242712812368486 1.046192867969268 1.0577496787804352 1.078072237116936 1.0843157898373978 1.115656901482223 1.1277815282123562 1.118187444273576 1.1473335395611017 1.1539027235983017 1.1579589139210924 1.1625224575051312 1.1746929610585624 1.1748109425291444 1.1752867571546082 1.1777795379825955 1.190908150289136 1.1910587638441292 1.2022021909772511 1.200455782277973 1.2051880825218215 1.1966048754556655 1.21589379951631 1.2089404773365513 1.2237257292298813 1.194546427612202 1.2212456992856433 1.21554180830766 1.2180275884869585 1.1749378944153825 1.1797900679775455 1.1893424729196664 1.1621223602483752 1.1641138318002016 1.1815138458989618 1.1560957210464484 1.1522805038590853 1.1571474306821807 1.159964040285188 1.1446042785674981 1.1455869366601625 1.1436629998807866 1.1413280098620047 1.1379269872899611 1.1382519115372984 1.1457200592533145 1.1301963769685326 1.0925547653522236 1.1359866578608715 1.1078550797353603 1.2101953650072583 1.0721978073793919 1.0719321333627532 1.103455835935618 1.098233144485099 1.1478006622297836 1.0540359717539451 1.0692473367596302 1.0850282327545036 1.0845683360977465 1.077545707451891 1.0786334570096536 1.0804471885890066 1.0800768663683682 1.079260905051982 1.087387954191259 1.0750842276947217 1.0635134188128537 1.0396780641647712 1.0157837094273052 0.991422069034595 0.9696237257293343 0.9423879283352612 0.91542834371683 0.8966467256995778 0.890105773173155 0.881777102168245 0.8615930449209799 0.8434225057892974 0.8346430015618074 0.8306269370722501 0.8149206505285278 0.7988479442960759 0.7713069077397869 0.7487746810600822 0.7296324902807996 0.7167292292350975 0.6976582598817491 0.6833282122812201 0.6728903120765368 0.6613581681662151 0.6524086663850719 
# Gas [O/H]:
-5.218485947384705 -6.812943270487043 -4.361932478059713 -1.9610083323243384 -1.4588784258580745 -1.2386418533398516 -1.1308902278484982 -1.0780107726291792 -0.9898785602600437 -0.7537463406259288 -0.4022111876268011 -0.15910171946297336 -0.037044295289876406 -0.09656576610582501 0.0076670846675801485 -0.0057308596234029174 -0.026565133019672338 -0.04352661656767198 -0.05679259703026984 -0.06509084513939989 -0.06773771434793785 -0.07670278229980543 -0.10793895614017002 0.07872280567919665 -0.2497477800205714 -0.1312999168657374 -0.10827312196688199 -0.12178669472686021 -0.12260496720021985 -0.13271485509505565 -0.13571785053728114 -0.2758959459536774 -0.1924778236485456 0.027038243888330538 -0.18511636754510485 -0.14913331893208515 -0.050434682089416594 -0.12991855189528145 -0.0730986047012645 -0.10206103262939381 -0.1392139188617083 -0.1087753321457594 -0.12277940248689534 -0.11034943318806612 -0.16179098699511663 -0.08709849438554018 -0.05111587762272318 -0.23831429426888073 -0.13842098384371315 -0.11337568153050048 -0.12074680494283774 -0.13394679202869098 -0.12890341404377592 -0.11355658712324246 -0.07275986743677931 -0.06480988860792403 -0.06295573601666016 -0.13471253592397048 -0.1035604215220518 -0.10813125761929099 -0.10164325746853686 -0.1083446973366109 -0.12993462871886674 -0.14787788479138442 -0.10740433835609808 -0.08399073146369496 -0.13262300759551238 -0.07586835700722938 -0.08980001024450646 -0.10086403389513476 -0.10859716937152752 -0.12197990236183687 -0.13167402770747216 -0.17463500198711657 -0.11685776147838034 -0.1667621682594067 -0.11092711365235797 -0.09775262440570254 -0.1357242854195846 -0.13096433441300537 -0.17917939830548546 -0.10654410059266439 -0.1572579565772978 -0.15256943552231617 -0.15756932529948342 -0.18306651302362953 -0.16118791203004879 -0.25226257449503775 -0.14285476813738507 -0.07376148130111648 -0.07730125087165174 -0.12687882471252765 -0.19774058968720398 -0.16455517502192585 -0.161549078541408 -0.16770104444990652 -0.12013970742108171 -0.18174543159981082 -0.11279974130018289 -0.15671769300480243 -0.16570481951971416 -0.15430818997290885 -0.1544654853289118 -0.14859006788776474 -0.15346948237784153 -0.15300978661920928 -0.16197801974221937 -0.1637343555270374 -0.16353699757956264 -0.16178868312970485 -0.1695721772743286 -0.1771457680055355 -0.18534699100857077 -0.19251416206859506 -0.1963984781912096 -0.2028344769851662 -0.20751371520895123 -0.2109646304006021 -0.21208607837547877 -0.21414938112036896 -0.21679928270957305 -0.21830706306649184 -0.21801931028077348 -0.21745718295865002 -0.21747253619633256 -0.2163021439590449 -0.2057315951964993 -0.20856907447637862 -0.20703086945710814 -0.20223067733367106 -0.2064957808415766 -0.20761744610799715 -0.20747149389248598 -0.20921144912975587 -0.2102402041846112 
# Gas [N/O]:
0.0 0.0 -1.6074243321595185 -1.6076184204989268 -1.0859954526286304 -0.6515121818178782 -0.2594668106454907 0.1456069249808627 0.5441186073661497 0.821485855900876 0.9248240289491597 0.9743331409929339 0.9718182256251724 1.0634169955929895 0.9696272637824813 0.9997597104711436 1.0368643831271707 1.0883314067564465 1.1310270657045072 1.1549922685425074 1.1556142482575158 1.1550631729445966 1.1678694301741788 0.9568712044620158 1.2651564441916106 1.1082700046965892 1.034267152523999 0.9825297364796163 0.9094550915670696 0.8170208267440628 0.7223462537831864 0.7286677995772917 0.5513217297597488 -0.13230324898189771 -0.10027907744862308 -0.5556561917838556 -0.7763968705054902 -1.2592676191988037 -1.156275429153434 -0.8899887952608394 -0.970333660128254 -1.16450515953911 -0.561934675850051 -0.8887362370338259 -5.772720958176349 -5.837325291754627 -0.7692163114287214 -0.4821665330279583 -0.93247615592572 -0.8560614266050379 -1.2819496329815174 -0.7633848627632549 -0.8581223495859309 -1.4827184173696137 -1.073698355220025 -0.9421269693698089 -5.760442882363478 -5.685576854766111 0.6146791205726609 -5.693667187227709 -5.6969463621162655 -0.004778516725581605 0.3272581580097479 -0.14807525804568789 -2.315311135358467 -1.138502473899188 -0.6114977551421001 -0.6491578615182692 -0.7597837651918606 -0.7022563945434075 -1.1118242460257293 -0.8834215521371862 -0.6568398822069168 -1.111674844748121 -1.0525678304674566 -0.49598783525759593 -0.9549655835197199 -1.0373332089665424 -0.6303883759376423 -0.8276065041532952 -0.7221244509561144 -0.8099278952112994 -0.874671446778051 -1.322441122187997 -5.518321551475876 -5.4917096571614845 -0.2254327504095308 -0.2939026439450927 -0.794741311132837 -5.573488358796643 -5.589120349349324 -0.23900086767285633 -0.11858325213149734 -0.21852553067160474 -5.487028735882273 -5.457684052590556 -0.10811474986223835 -1.8195425039472797 -5.509062142487202 0.13056141535075128 0.19351350785464194 0.0725786754307014 -0.04687679092046537 -0.037977990835896924 -0.8311981337866026 -2.0241165263800833 -1.1595985387028804 -1.411922858568814 -1.5542146534342178 0.28382981456964107 -1.0131681551793574 -0.8779278622279103 -0.8540571582285064 -0.843493905724823 -0.8217048880655891 -0.8189698536683374 -0.7850568085899181 -0.8302643894391422 -0.8173544614677897 -0.8189868654405801 -0.8174317316248694 -0.7599832171702186 -0.8254040336299935 -0.8284911815841323 -0.826177163854428 -0.8672686402473893 -0.8658363543546408 -0.8720084262529813 -0.8785915698451672 -0.8905274232174765 -0.9001318743582858 -0.8988178317175983 -0.9075610792999766 -0.9165853492251599 -0.9166901647030838 
# Gas [N/H]:
-5.218485947384705 -6.812943270487043 -5.969356810219232 -3.5686267528232642 -2.5448738784867055 -1.89015403515773 -1.3903570384939883 -0.9324038476483167 -0.44575995289389425 0.0677395152749467 0.5226128413223585 0.8152314215299605 0.9347739303352962 0.9668512294871645 0.9772943484500614 0.9940288508477408 1.0102992501074985 1.0448047901887745 1.0742344686742373 1.0899014234031075 1.0878765339095784 1.0783603906447912 1.0599304740340085 1.0355940101412124 1.0154086641710394 0.9769700878308516 0.925994030557117 0.8607430417527557 0.78685012436685 0.6843059716490076 0.5866284032459048 0.4527718536236147 0.3588439061112032 -0.10526500509356751 -0.2853954449937284 -0.7047895107159405 -0.826831552594907 -1.389186171094086 -1.2293740338546986 -0.9920498278902334 -1.1095475789899618 -1.2732804916848695 -0.6847140783369463 -0.9990856702218922 -5.934511945171465 -5.924423786140167 -0.8203321890514443 -0.7204808272968384 -1.070897139769433 -0.969437108135538 -1.4026964379243552 -0.8973316547919463 -0.9870257636297062 -1.5962750044928562 -1.146458222656804 -1.006936857977733 -5.823398618380137 -5.820289390690082 0.5111186990506091 -5.801798444847 -5.798589619584803 -0.11312321406219183 0.19732352929088126 -0.29595314283707186 -2.4227154737145655 -1.2224932053628832 -0.7441207627376123 -0.7250262185254988 -0.8495837754363667 -0.8031204284385423 -1.2204214153972561 -1.0054014544990233 -0.7885139099143883 -1.2863098467352376 -1.1694255919458376 -0.6627500035170026 -1.0658926971720781 -1.1350858333722451 -0.7661126613572273 -0.9585708385663008 -0.9013038492616001 -0.9164719958039633 -1.031929403355348 -1.4750105577103136 -5.675890876775359 -5.674776170185114 -0.3866206624395794 -0.5461652184401311 -0.9375960792702225 -5.647249840097759 -5.666421600220977 -0.3658796923853842 -0.31632384181870155 -0.3830807056935308 -5.64857781442368 -5.625385097040464 -0.22825445728332028 -2.001287935547091 -5.621861883787384 -0.026156277654051152 0.027808688334927112 -0.08172951454220723 -0.2013422762493775 -0.18656805872366178 -0.9846676161644439 -2.1771263129992926 -1.3215765584451002 -1.5756572140958518 -1.7177516510137805 0.12204113143993567 -1.1827403324536867 -1.055073630233446 -1.0394041492370771 -1.0360080677934187 -1.0181033662567982 -1.0218043306535032 -0.9925705237988689 -1.0412290198397445 -1.029440539843268 -1.0331362465609493 -1.0342310143344422 -0.9782902802367106 -1.0434233439107672 -1.0459483645427818 -1.0436497000507607 -1.083570784206433 -1.0715679495511399 -1.08057750072936 -1.0856224393022744 -1.0927581005511469 -1.1066276551998628 -1.1064352778255948 -1.1150325731924626 -1.1257967983549158 -1.1269303688876944 
# Gas [C/O]:
0.0 0.0 -0.3651425479201429 -0.35520434085896635 -0.3610385853340564 -0.3611766721876254 -0.35167728382514163 -0.2906996422425109 -0.11949183176458761 0.06582844799143814 0.1277420186726486 0.20173364921392037 0.21211113493933342 0.29208330551782863 0.21295284953015697 0.22652373374696846 0.25423970511402233 0.2889319038628618 0.31573977024219535 0.3408407188697046 0.35611164519075056 0.3844803956065229 0.4284932883675784 0.2556950136222501 0.6105387631675835 0.5336325970316861 0.5596196524344345 0.6291944089441406 0.690606920487435 0.7315789755229645 0.7702490420686677 0.9627121070281742 0.8929046431397126 0.6981734598564333 0.9544954159594116 0.951509291527067 0.8920957916719248 0.9979203520472756 0.9696368955371597 1.0340414749608242 1.0950725954854168 1.088961739852664 1.1222436116745196 1.1346207144249152 1.207983854964385 1.1448481731659754 1.1291881147396592 1.3226300841062781 1.2540778853259362 1.2411572097428567 1.238934249216414 1.2812803315897927 1.2828061376420776 1.2715155010443349 1.235282324941911 1.2395028496664862 1.2377666785458046 1.3099992930785784 1.2813399595046473 1.2990394079084273 1.292702021312666 1.3105468883138618 1.3303904109968394 1.3530659673132064 1.3040092138117636 1.2998845309800044 1.3415634849320637 1.2995940862371107 1.284346437856708 1.3221097331807778 1.3241389776791872 1.3400074908487956 1.3066119221228543 1.3544250699646627 1.3062002343980463 1.328884528507782 1.2750409454525595 1.2792664703046641 1.2918200064660328 1.2832448382720911 1.3363268289876657 1.2665081408778522 1.3018622351447957 1.298156372182479 1.30123232518027 1.3243945228856342 1.2991148993200097 1.3905144860323364 1.2885748273906998 1.203957858269649 1.1698560162238756 1.2628654825733994 1.3055956694225648 1.3747505400291844 1.2337468859207998 1.2396331778126595 1.2235955433567 1.2799785760849105 1.2606004035299663 1.210753664758748 1.2349521562793448 1.2393364227274122 1.2390338214266585 1.2261357753396562 1.2321029393874947 1.233456975208216 1.2420548861105878 1.2429952605790198 1.2509249517708216 1.2368729108244263 1.2330855960871827 1.2168238321703067 1.2011307004358758 1.18393623110319 1.1660222039205441 1.1452224053204272 1.122942058925781 1.1076113561001795 1.1021918515486335 1.095926483288614 1.0783923276305525 1.0617295688557897 1.0526623118425809 1.0480841200308997 1.0323931867248608 1.0151500882551208 0.9770385029362862 0.957343755536461 0.9366633597379075 0.9189599065687684 0.9041540407233257 0.8909456583892169 0.8803618059690227 0.8705696172959712 0.8626488705696826 
# Gas [Ca/H]:
-5.218485947384705 -6.812943270487043 -5.136445250679772 -2.786465554021655 -1.8521205389476636 -1.400039538920118 -1.1779999054442856 -0.7723432340085985 -0.15361660605720395 0.41787974308580633 0.8776771054137695 1.1664129484745942 1.2841670823297617 1.3089595487589714 1.3070728184740386 1.3043943751316762 1.2874709432892946 1.2816393282657925 1.2736146550997836 1.2697714124517558 1.2597753790463182 1.2482440597718725 1.2452724422055006 1.238812241409339 1.2324027482546223 1.2259910464905222 1.2222030088406957 1.2168378745639696 1.2119855647713882 1.1917047488776387 1.2039806369248627 1.20959613594336 1.2042030641256032 1.195850940140038 1.1925956872789802 1.1897128266522783 1.1893799338644717 1.1890271961109953 1.1856429040768024 1.1923068764498472 1.1887507101550296 1.187462178776408 1.187765539742764 1.188231369980806 1.1873373298592886 1.186727833264869 1.1890210228394968 1.1834240429531278 1.18334592061718 1.1811184159153552 1.1816846711774893 1.1877255026516194 1.1869215162308437 1.184711218638733 1.1780322890695514 1.1852249182242245 1.1864013497837815 1.1802365099192347 1.177885896287182 1.1835397486129642 1.181837657744266 1.1870338979744872 1.1707728925632024 1.1756546410974877 1.1737250134641828 1.181882415852054 1.1848957561259255 1.1914050243772785 1.1680170573655877 1.1789706335065775 1.1784468993871133 1.1783035595354914 1.1499788581994306 1.1652859609800963 1.1749627878908058 1.16067385920244 1.1562123924002679 1.158880411252209 1.147670779435063 1.1533896479921601 1.1565570335057842 1.1521542973117453 1.1447733175858277 1.152198566378014 1.1474731439587673 1.1429116034789173 1.132433195787459 1.142899181947075 1.1457207041408246 1.149996130862026 1.1254375858802321 1.162951297165062 1.0936221505946317 1.186204709746737 1.1249898749047693 1.1410531839644236 1.1250794075759387 1.1431303739271828 1.1263330490853987 1.1258821771762637 1.130476988611755 1.1310537372013467 1.1294942925411453 1.1279473522369008 1.1270867036835872 1.1269856099594442 1.124555732082654 1.1226268172672853 1.1207639059498753 1.1205894354389523 1.117050803997322 1.1083340857550823 1.1020518149403342 1.0956916416921878 1.0907914769758529 1.0868320438973047 1.0838238285566195 1.081846393375283 1.0809158783143884 1.0800788120433857 1.0792765465527188 1.0795435404965001 1.0802896263465644 1.0809031707395835 1.0822627000790943 1.0855926934074844 1.0916494069749891 1.0979226636255808 1.1014399232568222 1.1073349089510698 1.104126639473069 1.1037245762682826 1.1042443261564783 1.1030113414293279 1.10263075778672 
# Gas [Ne/H]:
-5.218485947384705 -6.812943270487043 -4.728274895619599 -2.360395051546262 -1.8904482422535107 -1.710052684643732 -1.634837162391693 -1.6198992305420132 -1.6128565788573805 -1.4822184001080032 -1.2918682676603934 -1.0328081631582258 -0.8986774079920767 -0.890387211730765 -0.936061892624819 -0.9373677081098304 -0.9275713220171662 -0.9447347517925735 -0.9623231200651139 -0.958413359294779 -0.9647959456731208 -0.9777411118750621 -0.9716354044893398 -0.8185028894656305 -1.1370486252207925 -1.090011806829108 -1.0076017279931788 -0.984008029166068 -0.9495761820965463 -1.0670942769386977 -0.9974055476848092 -1.0263354802494753 -0.9974880972495832 -1.0537154015171977 -1.0580120685490018 -1.1439108691834514 -0.8876156363497865 -0.7515997575017117 -0.9580692411983494 -1.0305356311063134 -1.0108340499158297 -0.8965274036172675 -0.9127675134390376 -0.8813069022797722 -0.8278822984903238 -0.8942362746171781 -0.8800389191582907 -0.8766537673154424 -0.8679253617521479 -0.8427561070042922 -0.8122894749845537 -0.8389323135133147 -0.8956941952214565 -0.8192432634195024 -0.8099810406781822 -0.6627531336845882 -0.8117171270840684 -0.8043326896359346 -0.788488546390993 -0.7611733411658648 -0.7770092439075329 -0.7849877667208203 -0.800082675416756 -0.7880289794139497 -0.7829051126176081 -0.7649744379723877 -0.7734356094924708 -0.7734414564106462 -0.8136443868468044 -0.8121641717034702 -0.8353325515636119 -0.8047215950908901 -0.8446392180998501 -0.8084377745214031 -0.9539339422341842 -0.8093395191163388 -0.7666804020286477 -0.777008812820771 -0.8099163030277339 -0.7808418715276106 -0.9161121530327225 -0.8078894883962429 -0.9142405769077291 -0.917067958970466 -0.9374486048503501 -0.9659826446301807 -0.9011231275670886 -0.7869141421168013 -0.9948114029214761 -0.7629164091661114 -1.1186922976245963 -0.8839793714783797 -0.8429764858097784 -0.7701949783186661 -0.8517240575823539 -0.9542952366830244 -0.9346733449581146 -0.9089859949029462 -0.8020012024011809 -1.1293009743998939 -0.9707864133202575 -0.9330624337706999 -0.93923637229899 -0.9460039708999091 -0.942098252165481 -0.9473063278656193 -0.9458179806067033 -0.9505689438568723 -0.9541407766537118 -0.9548142442113434 -0.9715557744513053 -0.9957891169656712 -1.0131049359478377 -1.0308938917183816 -1.0413521717469951 -1.05477254662968 -1.0628643098528014 -1.0691882040554495 -1.0711463669778372 -1.075813063369412 -1.0801920808592085 -1.0832851982789249 -1.0834687388965545 -1.082917347096453 -1.083048123334871 -1.0809701853289715 -1.0808186152044437 -1.0769047829392413 -1.0764832871527448 -1.0712967964369469 -1.0756744862359264 -1.0769117649135511 -1.077046506713348 -1.081894155461403 -1.0779270905282097 
# Gas [Si/H]:
-5.218485947384705 -6.812943270487043 -4.846276723874567 -2.4954327839889032 -1.8329262764772887 -1.4777655786439805 -1.2848658166317577 -0.8680044202124266 -0.23179731797023972 0.34556301837905856 0.8066136047239589 1.0961361876672764 1.2133810474690443 1.2396320698656447 1.2380946326373126 1.2293035665024123 1.220008586294373 1.212193414370355 1.2037786194146425 1.1972950468768202 1.189499816016578 1.1812516550984942 1.1752954799781046 1.1679769613965205 1.1618213105721975 1.156389775897825 1.1518837565514688 1.146699189278757 1.1425327507323142 1.1378110655933646 1.135171404390277 1.1307980591451274 1.127071930193868 1.1222828480588634 1.1218918978437058 1.1193125518465878 1.118607633023751 1.119858777421955 1.1155761389469765 1.1222644117955296 1.1181960708220728 1.1176887256641805 1.1175085777825484 1.1183135318094264 1.1174098821207754 1.1167359524001985 1.118968810975241 1.1119685924341267 1.1151046567763947 1.1125037306871688 1.1126321385075437 1.113765818721376 1.110739230159099 1.1123968904980237 1.1114782945446717 1.1215123860591105 1.1157809505930105 1.1102588641542166 1.1084395455222644 1.1133326749667343 1.1084436289100306 1.1258130392834387 1.0953232960788521 1.1058119460803995 1.1040532237843852 1.1112384716012143 1.1151041983151955 1.120401744359015 1.097976547909822 1.1096635027039956 1.10811004497678 1.1095324043772772 1.0833790283058566 1.0902600010233123 1.1041036890545928 1.0905465494815703 1.0851744465610547 1.0902095288860827 1.0780377454270376 1.0827128582928007 1.086525635977344 1.0816999094627167 1.0746937744930278 1.0814160625393585 1.076590468452114 1.0570451716138334 1.076193548497741 1.0752580166043675 1.0738501171594312 1.0803295903594674 1.0558168354740136 1.0939698819014434 1.0252686153033048 1.1137798111510055 1.053254291861601 1.0719133417697888 1.0545575555337514 1.0736858771965871 1.0612717453895923 1.0514410921176385 1.0506465184204297 1.0596717769911637 1.0594642403042451 1.059682795293496 1.0579053591198346 1.0566176615379845 1.0542959529931735 1.0522737496074757 1.0504895397004343 1.0505796636694882 1.0468077380959566 1.0377063734112628 1.0318381838008799 1.0254320447980767 1.020586247584247 1.0165856995531626 1.0136101851499366 1.0116929365554643 1.0107507959201136 1.0098269173866763 1.0091291078470737 1.0092724254796552 1.01009631397595 1.0107009133451443 1.0119671096591607 1.015376969676145 1.0214445242529337 1.0277130272263455 1.031222580375371 1.0371298185473345 1.0339215489451936 1.033526394806148 1.0340365382200134 1.0328056968925687 1.0324213641534552 
# Gas [S/H]:
-5.218485947384704 -6.812943270487044 -4.961161723209508 -2.6153570069649748 -1.8023041775233892 -1.3766132296357556 -1.1534279021507645 -0.7944264910218637 -0.21715103649713008 0.3426335082778085 0.798893332518217 1.0871889626634736 1.2035289661642494 1.2299404543118886 1.2283846381163093 1.2198434685032904 1.210345847703865 1.202273759724159 1.1940735258362856 1.1881810357461924 1.1789184533109278 1.1717535553680012 1.165433358001558 1.1585025911234679 1.152425694677881 1.1468911556417996 1.1419861395000819 1.1371557062053128 1.132495987247366 1.1281485217592877 1.1256548063704725 1.1209859687647268 1.1174087180997176 1.11271881815779 1.1122957061383092 1.1098074462024234 1.109732418471462 1.1095163305884181 1.1061736320249111 1.112296029223248 1.108755484849239 1.1076201536485355 1.1078958415637432 1.1085912076206412 1.1073286241985514 1.1069224620987548 1.1094780723950817 1.1027902587320035 1.1043566553425568 1.101833508038382 1.1025877431629434 1.1077900404824974 1.1078219115084207 1.103598272925125 1.0977238878563451 1.105709806119496 1.1056622913252077 1.1006109898445375 1.0982954776831795 1.1038651130527062 1.0991974529087285 1.117602154299171 1.0828159491390243 1.0985049954286716 1.0807003206108199 1.1125102925468457 1.1073926147664332 1.1107714178664865 1.0882360784159353 1.0994521581246328 1.0979686944614797 1.099354817847063 1.0747524034610199 1.0826245657920377 1.0928967776087148 1.0806845597376613 1.0768811141588235 1.0802989958942906 1.0683362284197737 1.0720801080234872 1.0772939919707638 1.072245776445762 1.0658236594621506 1.0724650395786628 1.0669748141252056 1.0625208654137341 1.0529639529925183 1.0630765275260687 1.0659339448334273 1.0704831696112844 1.0454468732597344 1.0856020336233856 1.014888421924029 1.101567131076962 1.0471911596590595 1.062773907373241 1.044945829588813 1.0630863330342963 1.051517129690227 1.0449413439731194 1.037518212470299 1.0481768669993516 1.0500480517788913 1.0476690461788678 1.0465203082853978 1.0466374677057266 1.0443964287934935 1.0426322774901964 1.0405783966914632 1.0409970990866082 1.037215528177494 1.0282804446836145 1.0223840695581865 1.0159503721299323 1.0111368471595665 1.0071136049146636 1.0041493919150444 1.0021813120359755 1.0012793798205948 1.0003992771996622 0.9996330938394897 0.9998446208265541 1.0006275881160724 1.001249578240265 1.0025202896106489 1.005937818275743 1.0119939266015066 1.0182668405089959 1.021781255541831 1.0276943637839513 1.0244753970800238 1.0240806609831803 1.0245956301248809 1.0233637607807617 1.0229844092502338 
# Stellar mass-weighted [Mg/H]:
0 -5.218485947384705 -6.559046639961519 -5.125899912886506 -3.0660887794673064 -2.7958341840159475 -2.719431654235226 -2.6950994495773495 -2.686325602716333 -2.6812773641626544 -2.6767263137714394 -2.6724849435864213 -2.66863736865737 -2.6653160239852944 -2.662156336921745 -2.658976818946739 -2.6560994069012382 -2.6536480546077374 -2.651296408987508 -2.6489756310893107 -2.6467525790480835 -2.644659630684954 -2.6426133840929715 -2.6407504458826105 -2.638905270273436 -2.6371950142922467 -2.635545307408223 -2.633952961629907 -2.632390508155912 -2.6309124898726877 -2.6294693235599063 -2.6280655732136653 -2.626718288657475 -2.6254960381915575 -2.6243152989473506 -2.6229883883137255 -2.6217172131307054 -2.6203867080765892 -2.6190412591205217 -2.6177156751568464 -2.616433853817737 -2.614774600848504 -2.6137946873789843 -2.612510202706644 -2.611177432087101 -2.6098775848602385 -2.608575403844543 -2.6072960474867264 -2.6059385917940725 -2.6046697912951453 -2.603345652625217 -2.6020409977725016 -2.600777433476022 -2.5995172640369937 -2.5983163661855686 -2.59716856811818 -2.595996393326182 -2.5948999588263693 -2.5938660963849856 -2.5928787729944496 -2.5918370819568493 -2.590883804156528 -2.589944938790379 -2.5890793188805103 -2.5881930843656065 -2.5873870547194056 -2.5865752313302686 -2.5857835230503863 -2.5849658152888875 -2.584303291787247 -2.58363443064212 -2.581871707063825 -2.581379197595373 -2.5812278744824413 -2.5805919091617335 -2.5800810411317032 -2.5794434174917447 -2.578842898677504 -2.5782689647843053 -2.5777024872822176 -2.577156424909723 -2.5765742134174605 -2.576003379566081 -2.5754889509832175 -2.574975865627085 -2.5744701886469272 -2.5740157825698766 -2.573507438301454 -2.573015697069481 -2.572505700219428 -2.5720412357381477 -2.57164996199852 -2.5711880865381955 -2.570777245483484 -2.570347074292229 -2.569947184843133 -2.569543950883914 -2.569194711407559 -2.568877965786762 -2.5683797795663654 -2.5680421610766135 -2.567976822053807 -2.567907993273119 -2.567862347422345 -2.5677700796962197 -2.5677081630473895 -2.5676234484446416 -2.5675509726918353 -2.567472224012529 -2.5673530348517763 -2.5667830567408645 -2.565756961885353 -2.564931402526488 -2.5642502437023014 -2.563735115616895 -2.5631173051878458 -2.5626468644884897 -2.5623001416173015 -2.562161373918485 -2.5620480104599084 -2.561788032234122 -2.5616080862385067 -2.561525547461077 -2.561490146959966 -2.561233467723585 -2.5610894679435257 -2.56072383796407 -2.560506497266098 -2.5603706621041473 -2.560216449471236 -2.559849026919329 -2.5597963536586406 -2.5594905767934826 -2.5593771379356856 -2.5591892743105626 
# Stellar mass-weighted [C/H]:
0 -5.218485947384705 -6.559046639961519 -4.900824936747268 -2.811329599215143 -2.5403814607558957 -2.4630713028588334 -2.438412418972413 -2.4293283631723144 -2.4239507085059433 -2.419054010226776 -2.4145166377043292 -2.41002480225961 -2.4059355197325756 -2.4020727122575645 -2.3980858582460503 -2.394421280036016 -2.391158324329359 -2.387934505073959 -2.384708822710012 -2.3815288715655303 -2.3783965800639635 -2.3753208818800244 -2.3722942811527723 -2.369233925234136 -2.366197254672459 -2.3630039250916735 -2.359605392491426 -2.355910029598461 -2.351892348064947 -2.3477355830262816 -2.343416447341304 -2.338757279271534 -2.3341144904643656 -2.3293689198007765 -2.3243494656587744 -2.3191259517197027 -2.313667733947102 -2.308069877167715 -2.30229038995084 -2.29639138542231 -2.290341618203124 -2.284169398277985 -2.2779671075148835 -2.2716401667788464 -2.2652548843359783 -2.258933664188863 -2.2525677557317465 -2.2462224037904024 -2.239732309644201 -2.2331923127074162 -2.227011860169842 -2.2207013015113954 -2.2145270471970546 -2.2084069004950377 -2.2023486173511744 -2.1964084264009545 -2.1906583654632366 -2.1850255659383997 -2.179496711492747 -2.1739643714190837 -2.168584989355468 -2.163279428893474 -2.158040000704611 -2.152846838876518 -2.1479320498346555 -2.142953652441289 -2.1382387018334486 -2.1334956226248982 -2.1289883668412806 -2.124428334509 -2.1200323310064473 -2.1156813195464945 -2.111614522138842 -2.1076272352842196 -2.1037891385450544 -2.10009738690572 -2.0964739574045357 -2.09280051492049 -2.0893425140736115 -2.085971713228872 -2.0826732274009814 -2.079357027261513 -2.076196548778987 -2.0731187230614134 -2.0700950772941127 -2.0671023525643157 -2.0641464915814645 -2.061269796361511 -2.058396894288797 -2.0556725847652775 -2.053130817104801 -2.0505448602483742 -2.0477909924300093 -2.0449748501322578 -2.0426874475061823 -2.0404529399905487 -2.0380649704742986 -2.0358551697203255 -2.033329614978186 -2.031258185476994 -2.031169771644535 -2.031083832348566 -2.0310242829539797 -2.0309216451664893 -2.030860071079813 -2.0307695615886168 -2.030695675538814 -2.0306049601172997 -2.030468490088893 -2.029839844176858 -2.0286470219116035 -2.027685601329309 -2.026861828484087 -2.0262428803099137 -2.025563606594978 -2.0251127425958018 -2.0248478446628893 -2.024725016508749 -2.0246881312427627 -2.0245136053074297 -2.0244581078425608 -2.0244193520255145 -2.0244366782657206 -2.024228708918388 -2.024212986393665 -2.0238630852540647 -2.023648816824614 -2.02351869495741 -2.0233006017974526 -2.0226987299547847 -2.022660071925081 -2.0221336963251133 -2.021969925778567 -2.0216255227584146 
# Stellar mass-weighted [N/H]:
0 -5.218485947384705 -6.559046639961519 -6.070794250720127 -4.063038078899416 -3.4023872331490255 -3.0910543560608232 -2.9236161791829804 -2.8218687672292058 -2.749737837458035 -2.69178884681859 -2.643597196707776 -2.603495956231387 -2.5702045408111314 -2.5413718330855684 -2.5156519594174993 -2.4918095639115947 -2.4696300567962544 -2.4480630394321414 -2.4270442564236427 -2.4071634942655553 -2.388846373635179 -2.3721264102756274 -2.3572067990677574 -2.3437246175323114 -2.3316670826033308 -2.32112422959412 -2.312133048915535 -2.3045923922397975 -2.2983597013651718 -2.2934483839930495 -2.289510711391136 -2.286493853278116 -2.2839834036437274 -2.2826773160818954 -2.2816012478050967 -2.2807793219898667 -2.2800204051432145 -2.2793455079883973 -2.2786814783094265 -2.278034170947403 -2.2774078537439566 -2.276815641097791 -2.276141803190156 -2.2755285709683672 -2.2750155516242243 -2.274492472312815 -2.2739712328908084 -2.2733786342987736 -2.272859395570805 -2.272333360572879 -2.27186418496962 -2.271348295825632 -2.2708746200079775 -2.270440605400047 -2.2699933852674032 -2.2695278476275336 -2.26913576720374 -2.2687568127740327 -2.266996899810615 -2.266623597667495 -2.266257503908122 -2.2655826913192936 -2.2646269981572367 -2.26405116697968 -2.2637265503478075 -2.2633812085999816 -2.262984536145945 -2.262595240223124 -2.2622277329702163 -2.2618903774289976 -2.261557836151508 -2.2612336004590974 -2.2608806681518576 -2.2605790356265887 -2.260289749743732 -2.2599316618845027 -2.259624050029066 -2.2593372444896502 -2.259027344730155 -2.2587393318571074 -2.2584424866299333 -2.2581416810499846 -2.257873699546261 -2.257635849895384 -2.2574008613022274 -2.257182997911311 -2.2568568849330024 -2.2565289089253575 -2.2562553805533003 -2.256016017061616 -2.255799131031509 -2.2554429309468746 -2.255067775845932 -2.2547405636186992 -2.2545426513676468 -2.254296664235228 -2.2539310745590626 -2.2537570923629247 -2.2535991841542335 -2.253113140293416 -2.252913491997636 -2.252732647730066 -2.2525664277733526 -2.252315205796717 -2.252148795834585 -2.2519641832767965 -2.251792559206451 -2.2516115595183823 -2.2512686169908154 -2.2497642804793303 -2.2470497901703617 -2.2449179114870335 -2.243016401977841 -2.2414850554235892 -2.2396535529515074 -2.2382009968546406 -2.237047665495922 -2.2366610465315775 -2.236146668842996 -2.2353281539878225 -2.234724632546021 -2.2342606794060895 -2.234121313291813 -2.2332328826119285 -2.2325623709926266 -2.230973150672181 -2.229823813968226 -2.228894279943564 -2.227960717935752 -2.226784177588697 -2.226050858392121 -2.2251324463542845 -2.2242396967887164 -2.2236142280983753 
# Stellar mass-weighted [Ca/H]:
0 -5.218485947384705 -6.559046639961517 -5.302774350822537 -3.2812131911855946 -2.6944016578587355 -2.4968566929103257 -2.431166425537148 -2.3837096992393594 -2.331121978109116 -2.2811024686917483 -2.2384245799539544 -2.202866210239036 -2.1732054567998134 -2.147708396596058 -2.125357972562294 -2.105299206760461 -2.087813571438221 -2.072039598887276 -2.0576252044803525 -2.0443541549406232 -2.0321544088989585 -2.0209023578695415 -2.0104544790990406 -2.000502105780824 -1.9913006369781776 -1.9826498562003927 -1.97448420374731 -1.9667419693636203 -1.9594138698964656 -1.9526655057689757 -1.946037738187548 -1.9395774039746394 -1.9334132746859218 -1.9275714231133723 -1.9219980368017904 -1.9166398007834138 -1.911494581979869 -1.9065123589212112 -1.9017092480746127 -1.8970962071575634 -1.892627227677817 -1.8883058676505264 -1.8841202003444426 -1.880046780528195 -1.8761275419961505 -1.8723084538999135 -1.8686513606931765 -1.8650354895636 -1.8615574057547883 -1.8581450258088612 -1.8548269302317726 -1.8515812467334687 -1.8484435375760135 -1.8453574371968742 -1.842354265235561 -1.8394132768474805 -1.8365554072033063 -1.8337738811140287 -1.8310678770305442 -1.828381522408061 -1.8257641064537022 -1.8231919082673924 -1.820736084328142 -1.8182633912910688 -1.8158900103824855 -1.813531634971418 -1.8112279575336023 -1.8089424115164592 -1.806729520403926 -1.8045669786077383 -1.802436603752879 -1.800334660907727 -1.798289354393333 -1.7962364559807806 -1.7942522283927156 -1.7922752920872584 -1.7903500357547468 -1.7884612022827504 -1.786620651027354 -1.7847845836988157 -1.782982985080353 -1.7811910579339187 -1.7794539738714015 -1.777736931780722 -1.7760508783934092 -1.774390097913944 -1.7727904426661505 -1.771157664384301 -1.7695515599869571 -1.7679461667982022 -1.7664049348276096 -1.7648539645728327 -1.7633442448112246 -1.7618296458675466 -1.7603703322374082 -1.758877723372363 -1.7574568128826957 -1.756067325457633 -1.754721416813788 -1.7533181349073699 -1.7531563033244542 -1.7530063392636421 -1.7528775897470084 -1.7526761106831321 -1.7525490947937525 -1.7523988781512205 -1.752263067165675 -1.7521127517348551 -1.7518461965167447 -1.7506547579969247 -1.7484755361135491 -1.7467448572657505 -1.7452234580044088 -1.7440132236577943 -1.742600769883115 -1.7415227443585435 -1.7407184247005008 -1.7404357670547972 -1.7401142267445548 -1.7395562793200936 -1.7391799243875319 -1.7388904486023016 -1.7388174025352603 -1.738195572952539 -1.7377918696112538 -1.7366678292983453 -1.7358667390921516 -1.7352304286830655 -1.734549960697672 -1.7335448263755318 -1.7330579814411378 -1.732251343616622 -1.7316136591487084 -1.731057058809598 
# Stellar mass-weighted [Ne/H]:
0 -5.218485947384705 -6.559046639961519 -4.902011589401431 -2.8553052364061173 -2.600464481030105 -2.5354536560332077 -2.517159315553604 -2.512582389947898 -2.511516350240461 -2.5107382565426066 -2.509990460785124 -2.5091900192805072 -2.50849790835552 -2.507668828543661 -2.5066383318716 -2.505766124540399 -2.50518985919423 -2.5045977107980546 -2.5039634772205774 -2.503342655677594 -2.5027404011049663 -2.5022247615509494 -2.50171236829778 -2.501106077844568 -2.5006946106863115 -2.500272849634962 -2.4998344490076683 -2.499391266482059 -2.4989801956797137 -2.4985966408504163 -2.498209330283247 -2.4978586660438733 -2.497507464912215 -2.4971848270224823 -2.4968743100427204 -2.496578996728905 -2.496242707710321 -2.495848341780551 -2.495532858359014 -2.495278881358068 -2.495016426376335 -2.4947128268947223 -2.494426687290354 -2.494118529096765 -2.4938403018797777 -2.4936022068487826 -2.4933431067489176 -2.493067998509508 -2.4928340689062924 -2.492555376737223 -2.4922911477413896 -2.4920510979061463 -2.4918485043067067 -2.4915853310091958 -2.491350397458177 -2.4910653683184796 -2.490835336551897 -2.490641875080441 -2.490426016765161 -2.4901792232072646 -2.4899461351403076 -2.4897433248199183 -2.4895537131821124 -2.4893232772963767 -2.4891489430882405 -2.488949535423737 -2.4887479070405076 -2.4885374848963373 -2.488352550937085 -2.4882019978625536 -2.4880181473097016 -2.4878434688929323 -2.487675103894971 -2.487505568374303 -2.487371317945441 -2.4871952031629965 -2.48701451245997 -2.486850609586881 -2.4867047608219384 -2.4865460464044142 -2.486393096480028 -2.486234799105728 -2.4861068493762506 -2.485994353911538 -2.485869535022906 -2.485787863734825 -2.4856405549333083 -2.4855023215587924 -2.4853361091879567 -2.485160632305268 -2.4851115625960993 -2.4849498769516574 -2.4848267615340305 -2.484683826913656 -2.4845857965446516 -2.4844410916263744 -2.4843279141144246 -2.484289633961753 -2.4840846587825096 -2.484025896129097 -2.4839897033985654 -2.483946086180225 -2.483925657468707 -2.4838655210358898 -2.483822500524421 -2.4837580113389484 -2.483703985938125 -2.4836471499909543 -2.4835742152284714 -2.4831969625815464 -2.482526086907817 -2.481974257448454 -2.481551049202105 -2.4812448128940847 -2.4808586594724424 -2.480557569258755 -2.4803343231716903 -2.480237744469558 -2.480177361821746 -2.4799997332518506 -2.4798662546321717 -2.479840312523507 -2.4798105979618565 -2.479659367840469 -2.479578057606987 -2.4794297723049903 -2.4793788172989384 -2.4793807788245825 -2.479373382944832 -2.4792147500766593 -2.479276173388409 -2.4791363761837584 -2.47916915620321 -2.479100408138378 
# Stellar mass-weighted [Si/H]:
0 -5.218485947384705 -6.559046639961519 -5.01852038411975 -2.9902412236763682 -2.6100272146763555 -2.475474590723283 -2.4285608188201175 -2.390813246819379 -2.3458536515533632 -2.3017522607063103 -2.2635514187426313 -2.231382203567305 -2.204402736664253 -2.180993200576432 -2.1603286867649425 -2.1419897490556927 -2.1257066353880223 -2.111013818125552 -2.0975693411235836 -2.085232097528925 -2.0738176047169556 -2.063203563552518 -2.05339058517802 -2.044045749910275 -2.0353905680107776 -2.0272279410771104 -2.019525274889089 -2.0122113943354583 -2.0052733475973668 -1.99867325277644 -1.9923824189326806 -1.9863683441818134 -1.9806050490848595 -1.9750990973320777 -1.9698109169901272 -1.9647207801655293 -1.9598344225630342 -1.9550834959655639 -1.950510244980789 -1.9461164873227785 -1.941861230794946 -1.9377370329209613 -1.933744665989754 -1.9298550678797168 -1.9261122246522673 -1.9224667399790256 -1.9189695213694238 -1.9155215706543736 -1.912184713942226 -1.90890968266958 -1.9057266739332874 -1.9026465708286713 -1.899678535906645 -1.8967352050927229 -1.893837264820073 -1.890982345290892 -1.8882461840451983 -1.8855799997612737 -1.8829811800816065 -1.880403622956437 -1.8779076636823948 -1.8753961782037587 -1.8730629599343889 -1.8706881030587006 -1.8684069333871252 -1.8661448320588079 -1.8639294172146084 -1.8617353496503553 -1.8596090284656475 -1.8575273225600641 -1.8554797948334665 -1.8534517568429623 -1.851471183179365 -1.8495161845703647 -1.8476095552048974 -1.8457064166903505 -1.8438563997352233 -1.842033099149444 -1.8402602990009154 -1.8384939404276732 -1.8367572037896913 -1.8350323458504638 -1.8333595346891673 -1.8317077811377116 -1.830085213579772 -1.8285335464588552 -1.8269479004011666 -1.8253664273477321 -1.823819063787596 -1.8222702907279738 -1.8207843029979198 -1.8192848983649164 -1.8178222101796138 -1.816367678547759 -1.8149656484470889 -1.8135211656325945 -1.812150130168571 -1.810811864418528 -1.809492654213848 -1.8081513918839978 -1.8079949669929594 -1.8078515240143833 -1.807727584697381 -1.807532830519854 -1.8074091601808107 -1.8072638774560028 -1.807131810429298 -1.806986134760236 -1.8067299759093363 -1.8055786749904819 -1.8034729838729566 -1.801796158049898 -1.800327286428307 -1.7991585444463745 -1.79779162613114 -1.796748373526727 -1.7959706851437574 -1.7956978557301673 -1.795387703884039 -1.7948496962726885 -1.7944849519360107 -1.7942064226026178 -1.7941350450261409 -1.793537273176793 -1.7931465846500423 -1.7920651354265118 -1.7912948792098735 -1.7906824488392061 -1.7900262351633698 -1.7890603304514014 -1.788589434057716 -1.7878149803886085 -1.7871994521203236 -1.7866631247549165 
# Stellar mass-weighted [S/H]:
0 -5.218485947384704 -6.559046639961518 -5.1315124954510525 -3.1101205933826694 -2.6192879329287546 -2.443199458984325 -2.3819315741415092 -2.342196716639001 -2.300779751416276 -2.2611375792217965 -2.226749053316982 -2.1975979946935142 -2.173037810171939 -2.151589244128078 -2.132575273187844 -2.115597719612775 -2.1004990195169047 -2.086876007737345 -2.074358429207358 -2.0628332764138406 -2.052178012921787 -2.042236392830448 -2.0330397149820856 -2.0242594580702447 -2.0161211882045915 -2.0084358570021994 -2.001182127317832 -1.9942816118221574 -1.9877387750875588 -1.981503091463372 -1.975552406666095 -1.9698645758488729 -1.9644078261103735 -1.9591908627686392 -1.9541788467785457 -1.9493488795348233 -1.9447045996326553 -1.9401998897077801 -1.9358514104445321 -1.9316789468389262 -1.9276318030946742 -1.9237121348951511 -1.9199126894867495 -1.9162080532240688 -1.9126470991336983 -1.9091734392890274 -1.9058426512815956 -1.9025517254386513 -1.8993762266043106 -1.8962571624809392 -1.893223537016632 -1.8902578440577527 -1.887387687871934 -1.8845700244834012 -1.8818245259889466 -1.8791290902877602 -1.8765148735866726 -1.8739668025789369 -1.871484731377521 -1.8690176275767367 -1.8666274680289705 -1.8642161081271595 -1.861999065448785 -1.8597108898617059 -1.857588298669695 -1.8553724874049244 -1.8532421481185413 -1.8511403444370034 -1.8491011653650213 -1.8471099855169193 -1.8451473059732306 -1.8432062804894471 -1.841301919818295 -1.8394184335306534 -1.837596321371076 -1.8357707867055373 -1.8339906072102563 -1.832241396547313 -1.830539637235077 -1.8288481355760897 -1.8271793788484452 -1.8255216536856604 -1.8239118167171586 -1.822324158092651 -1.8207655807631298 -1.8192339580602575 -1.817748629102116 -1.8162366862509725 -1.814745184511919 -1.8132536812831779 -1.8118285237702567 -1.8103792972228314 -1.8089777077186238 -1.8075851287897757 -1.8062272007790776 -1.804834927772827 -1.8035167843069804 -1.802231431397317 -1.8009642147021268 -1.7996650617829761 -1.7995120215776197 -1.7993685808696895 -1.7992474577359125 -1.799055445966447 -1.798934594354865 -1.7987896741840643 -1.798659797851042 -1.7985155882109076 -1.7982621622084842 -1.797124595358241 -1.795046669162077 -1.7933972280909751 -1.791949229010612 -1.7908003932407839 -1.7894582452080083 -1.7884332308098916 -1.7876678231111942 -1.7873966652987754 -1.78709274914568 -1.7865582050852202 -1.7861978215610552 -1.785926112953069 -1.7858562544670873 -1.7852640124022834 -1.7848825728934203 -1.7838245094128258 -1.7830749593685482 -1.7824841958923843 -1.7818521565735006 -1.7809024709137091 -1.7804577764854175 -1.7796936354849366 -1.77910518542308 -1.778582265392492 
# Gas metallicity, [Z/X]:
-5.2406767730474275 -6.8351340961497655 -4.604863345984841 -2.2108162840774686 -1.6813943113037333 -1.3306495582554743 -0.9497429113794669 -0.5436369567181283 -0.16087289592932308 0.18845826074740635 0.4963119754413916 0.7030734096587297 0.7781931513818203 0.7911593473113816 0.7862791837880034 0.7826883380586855 0.7709015405963232 0.7682323791902952 0.7622228445796938 0.7628406871517992 0.7531044611912914 0.7505482300426632 0.735773029538411 0.7470650443073418 0.7247132515815665 0.7330935231290704 0.7161732072502611 0.7290433503351812 0.7075997808821634 0.726475954645676 0.6973316610196116 0.7307498920779376 0.6778335504586468 0.7646122863562216 0.6018292189827685 0.8363943905892162 0.38996050851070474 0.9979787716668758 -7.330964888447399 1.2272127697940465 -7.303872427793349 1.4224135815291459 -7.281077265674181 1.614792163061161 -7.259332972052405 1.8087887156082672 -7.237032014091213 2.0096620173454562 -7.219688951897886 2.226293059041047 -7.204827436314504 2.4625212800381435 -7.181244023161128 2.712137854442221 -7.173778144720771 2.983235068404553 -7.148219645261078 3.2686668647561286 -7.138920547466233 3.576004512157269 -7.123410646465741 3.9061263304870195 -7.113166670425054 4.242817250379144 -7.0979681994862975 4.603361821833869 -7.073431663286593 4.988693649152136 -7.076167635463763 5.375756912424591 -7.051732641816713 5.786073025189057 -7.06514836871707 6.195439027175363 -7.032532078582669 6.628104345099494 -7.036868143945167 7.078606963488121 -7.0325511944375165 7.534564349609292 -7.013528836407486 8.005811079372604 -7.014676085516429 8.493673226778805 -7.000711903656301 8.987986034449088 -7.003787418360963 9.499952305187149 -6.981177178620765 10.028624652619985 -6.991242627101917 10.5880539735741 -7.0131465325867435 11.170838112311301 -6.973398841304622 11.715401402442726 -6.9627640315827275 12.293542464405473 -6.946682910668324 12.864212167571354 -6.94880673395312 13.180408463274405 -7.375987277030603 13.212076674341102 -7.589020639910059 13.081540526484245 12.42117419626313 12.881559093336751 12.630200659790477 12.692458483096827 12.399839785275015 12.222112102569483 12.102250369859265 12.013467868870682 11.945580399320276 11.867527001748163 11.810472599984681 11.765052311144277 11.752987229408925 11.728028431985583 11.696516994884824 11.670590142100124 11.656196346367379 11.649785861707333 11.623657042044147 11.598806713557863 11.559321642949444 11.531284145819964 11.507004336734232 11.489794344142677 11.46687697100354 11.449566264061259 11.43513539773715 11.420579797805344 11.408262603743651 
# Stellar mass-weighted metallicity, [Z/X]:
-4.152288344383056 -5.2406767730474275 -6.581237465624239 -4.7799667424201555 -2.705866288570185 -2.414292142122619 -2.2941405804693797 -2.219332424127802 -2.1692351917106487 -2.1377712751761884 -2.1184078354806877 -2.1055369199458696 -2.095772613972109 -2.0878986628692475 -2.0807983488470896 -2.0741770833825504 -2.068072529817308 -2.062639200461775 -2.057577071227361 -2.052773565051922 -2.0482194269019365 -2.0439167832139606 -2.039842540126166 -2.0360789833753348 -2.0323132407639495 -2.028904361518183 -2.0255500728243137 -2.0224321553000157 -2.019330607250371 -2.016464597390897 -2.0135870301676846 -2.010955899640816 -2.008237154189504 -2.005845322423892 -2.003118287210345 -2.001168699387158 -1.998208723712472 -1.996922298024692 -1.993075156838395 -1.9926610150483144 -1.9868769374634379 -1.9864958220236393 -1.9780937599853383 -1.9777164183630547 -1.9656929892672566 -1.9653361518534116 -1.9480939745733872 -1.9477687106465023 -1.9226739660628949 -1.9223036797911408 -1.8854731862751855 -1.8850810854580209 -1.8308998995166796 -1.8304856352361745 -1.7506275634672923 -1.7501556162760787 -1.6359228811025257 -1.6353922057441375 -1.47845790864099 -1.4778859577838592 -1.276066284625449 -1.275462732741999 -1.0293569813460672 -1.0287125500527707 -0.7429715076808361 -0.7422984184401333 -0.42799170440106704 -0.4272909082102856 -0.08708776917957284 -0.08638375880713323 0.27818014726854856 0.2788733351700088 0.663505060224278 0.6642068276376341 1.0680528958667663 1.0687452708150376 1.483485083757531 1.4841825046994102 1.9133827508474053 1.9140540278506477 2.35874266441353 2.359415857873487 2.8148078078996805 2.8154622364264776 3.285515819648206 3.2861641997692934 3.7713087020119156 3.771908642279273 4.267780137015098 4.26842811945262 4.776356771245405 4.776993788297161 5.303916758403441 5.304559419742669 5.851582504523805 5.85219341046797 6.420424238212342 6.421027697352701 6.989336535673175 6.989891338728743 7.567208676199901 7.5678152026200545 7.568355703251491 7.568837708051283 7.569382769409094 7.569651794980565 7.569920062046448 7.5699537301963025 7.570247855608048 7.570887198480865 7.570065012739467 7.570341753818452 7.570994678437435 7.571799001029602 7.57252528035029 7.573476609218501 7.574226174399038 7.574845564551368 7.575095108177168 7.575270540082634 7.57556804287156 7.575578867819106 7.575586068160078 7.575475134270973 7.575563728507501 7.575371065080507 7.575861557275672 7.576234647772129 7.576679390625705 7.577439259467088 7.57847188670996 7.578760569702544 7.580029333272422 7.580465097746214 7.581441309957877 
# Number of SNIa (log_10):
0 0.0 0.0 0.0 0.0 0.0 2.6183271224527883e+53 1.363906098092199e+55 3.7357256752138364e+55 6.269448009917708e+55 8.586991804098429e+55 1.0632630914738793e+56 1.244153936015908e+56 1.4058128257874557e+56 1.5518653640229221e+56 1.6850654629171096e+56 1.8075070482901937e+56 1.920809469721903e+56 2.026250622334463e+56 2.1248565175924175e+56 2.217463507674132e+56 2.3047626531798014e+56 2.387331329420294e+56 2.465657404797865e+56 2.540157206331214e+56 2.6111875231602517e+56 2.6790584423035375e+56 2.7440401433197884e+56 2.806367774702058e+56 2.8662494941668952e+56 2.9238722213544933e+56 2.9794104757256385e+56 3.032989802199634e+56 3.084747668294181e+56 3.1348113981870625e+56 3.1832884016498284e+56 3.230275028314605e+56 3.2758525111101935e+56 3.3201172519192624e+56 3.363139392661168e+56 3.4049823376459864e+56 3.4457104535197126e+56 3.4853789731875064e+56 3.5240428624496868e+56 3.5617528780207678e+56 3.598555096130089e+56 3.6344923012850543e+56 3.6695981072015717e+56 3.7039215297570807e+56 3.7374954022352827e+56 3.7703456639169926e+56 3.8025006893918978e+56 3.8339959757225604e+56 3.8648551511331803e+56 3.895103958819523e+56 3.924764305542218e+56 3.953860392231852e+56 3.982389348246636e+56 4.010420956491821e+56 4.037960565238271e+56 4.065017805251513e+56 4.091600047424612e+56 4.117709972255886e+56 4.143378600703344e+56 4.168629636408587e+56 4.19346847875985e+56 4.217910706582773e+56 4.241971045361071e+56 4.265658242823282e+56 4.288981895698446e+56 4.311957190879006e+56 4.334594482166878e+56 4.356892527011493e+56 4.378874950005281e+56 4.400551756360831e+56 4.421923572093209e+56 4.442999907980714e+56 4.463789575835327e+56 4.48430047171628e+56 4.504538265629182e+56 4.52451419771957e+56 4.5442234197869895e+56 4.563688789141244e+56 4.582913637629176e+56 4.601898425750976e+56 4.62064850187171e+56 4.63917120337006e+56 4.657476826131114e+56 4.6755610328910195e+56 4.693427800800699e+56 4.711092969730007e+56 4.728547160375602e+56 4.745810125540244e+56 4.762896077442999e+56 4.779789161558514e+56 4.796492283298752e+56 4.813014428845694e+56 4.829363059820214e+56 4.845534370492708e+56 4.8615354286647835e+56 4.877368345942058e+56 4.8930346716152805e+56 4.908552014068021e+56 4.923915634726137e+56 4.939123739434458e+56 4.954183912524237e+56 4.969095268462925e+56 4.98385884338207e+56 4.998481835008276e+56 5.027318526757941e+56 5.163880176336156e+56 5.405079298122653e+56 5.613361877700722e+56 5.79664243359932e+56 5.960306807635445e+56 6.177019264810783e+56 6.366794134593727e+56 6.535594169355397e+56 6.5879957392470425e+56 6.687598016189352e+56 6.8258408234723325e+56 6.952641170039476e+56 7.0316787909071245e+56 7.06971263428705e+56 7.2130601316379685e+56 7.3751862724297274e+56 7.655538249843699e+56 7.892351124653074e+56 8.097351616212975e+56 8.27813988151966e+56 8.439689542660301e+56 8.58590387665082e+56 8.719317447672331e+56 8.842017886003199e+56 8.955600491214239e+56 
# Number of SNII (log_10):
0 0.0 5.265388506994331e+53 5.487932127323314e+55 1.2274700071480242e+56 1.7350968311016898e+56 2.099015682653171e+56 2.2935138092006426e+56 2.3673314051629057e+56 2.3891114660159334e+56 2.394673852357334e+56 2.395977053386098e+56 2.396261583994446e+56 2.39635744477574e+56 2.396377156081505e+56 2.396381927416901e+56 2.396383943441001e+56 2.3963852357783648e+56 2.3963862588070115e+56 2.3963871292648404e+56 2.3963878891483434e+56 2.3963885619089084e+56 2.396389163448856e+56 2.396389704118697e+56 2.3963901914158087e+56 2.396390631503269e+56 2.3963910300731364e+56 2.39639139180129e+56 2.3963917229866453e+56 2.396392025506167e+56 2.396392303212576e+56 2.3963925589191517e+56 2.3963927955289153e+56 2.3963930142345183e+56 2.3963932178234822e+56 2.3963934069816876e+56 2.396393582315231e+56 2.3963937450037307e+56 2.396393897140132e+56 2.39639403869994e+56 2.396394171758152e+56 2.396394296412808e+56 2.3963944214509216e+56 2.396394534224812e+56 2.3963946322029964e+56 2.3963947314486775e+56 2.3963948178052573e+56 2.3963949051773086e+56 2.396394979970744e+56 2.3963950561586827e+56 2.396395121976829e+56 2.3963951907948785e+56 2.3963952486411643e+56 2.39639530951179e+56 2.3963953615401242e+56 2.3963954157051786e+56 2.3963954597502358e+56 2.396395506690326e+56 2.3963955467010983e+56 2.3963955898078525e+56 2.396395622965743e+56 2.3963956594305717e+56 2.396395688921847e+56 2.396395721700783e+56 2.3963957471928433e+56 2.396395775181449e+56 2.3963957968374033e+56 2.3963958227809813e+56 2.396395842380211e+56 2.396395864410564e+56 2.396395880050193e+56 2.396395898012581e+56 2.396395910234139e+56 2.39639592775159e+56 2.3963959387314555e+56 2.396395952389271e+56 2.3963959612913357e+56 2.3963959759694097e+56 2.396395984112901e+56 2.396395993262878e+56 2.396396000432113e+56 2.396396010666182e+56 2.3963960160299117e+56 2.3963960240866927e+56 2.3963960288493104e+56 2.3963960343615306e+56 2.3963960375508948e+56 2.3963960428892162e+56 2.396396045264171e+56 2.396396049385721e+56 2.3963960513685328e+56 2.3963960554212594e+56 2.396396057001115e+56 2.396396059470342e+56 2.396396059470342e+56 2.3963960624233096e+56 2.3963960624233096e+56 2.3963960647308675e+56 2.3963960647308675e+56 2.396396065930852e+56 2.396396065930852e+56 2.396396065930852e+56 2.396396065930852e+56 2.396396065930852e+56 2.396396065930852e+56 2.396396065930852e+56 2.396396065930852e+56 2.396396065930852e+56 2.396396065930852e+56 2.396396065930852e+56 2.396396065930852e+56 2.396396065930852e+56 2.396396065930852e+56 2.396396065930852e+56 2.396396065930852e+56 2.396396065930852e+56 2.396396065930852e+56 2.396396065930852e+56 2.396396065930852e+56 2.396396065930852e+56 2.396396065930852e+56 2.396396065930852e+56 2.396396065930852e+56 2.396396065930852e+56 2.396396065930852e+56 2.396396065930852e+56 2.396396065930852e+56 2.396396065930852e+56 2.396396065930852e+56 2.396396065930852e+56 2.396396065930852e+56 2.396396065930852e+56 2.396396065930852e+56 2.396396065930852e+56 2.396396065930852e+56 
# [Mg/Fe] for total ejected gas till this time:
0 0 0.9083852370513783 0.9870589911003578 0.7783109930592075 0.683075531877405 0.645126870936875 0.4320416919414328 0.21241746646262472 0.060986333735393694 -0.04144529034692535 -0.11464429648834573 -0.17002115429862147 -0.2138647585973632 -0.24974112334491647 -0.27987088954391204 -0.3056776603758997 -0.328125055345064 -0.3478988914800567 -0.3655107915855775 -0.38137043151977634 -0.3956738011495432 -0.40879252169646424 -0.4208196990780074 -0.43191259986963426 -0.44219694939038745 -0.45176370554061285 -0.4606884124498018 -0.46905508912772936 -0.4769182934246715 -0.4843219920920981 -0.49131838045256315 -0.49800121230326194 -0.5043190766287173 -0.5102415065437335 -0.5159002028922411 -0.5212268336429668 -0.5263031455295213 -0.5311556417740203 -0.5357926530652779 -0.5399821186904052 -0.5444642437657653 -0.5485090401994924 -0.5523909182974616 -0.5561142205173826 -0.5596825585505807 -0.5631301535980071 -0.5664149314231854 -0.569613435376381 -0.5726790997644575 -0.575636372811791 -0.5785085583445009 -0.5812684427430066 -0.5839988707418726 -0.5866523206814758 -0.589207828167684 -0.5917266825528404 -0.5941788966334015 -0.5965954573412948 -0.598922831835981 -0.6012303746078633 -0.6034712394149431 -0.6056784401471463 -0.6078399004412658 -0.6099554465351781 -0.6120290546411433 -0.6140610493483001 -0.6160344350738749 -0.6180441162509419 -0.6199773176233644 -0.6211926307823534 -0.6232468758530205 -0.6253742366690647 -0.6271298192113591 -0.6289545844351568 -0.6306644266724489 -0.6323638791629783 -0.6340372677639438 -0.6356700446286039 -0.6372896362948641 -0.6388612066795565 -0.6404059939561524 -0.6419471601175016 -0.6434504988788848 -0.6449366200201881 -0.6464071579196002 -0.647837585698842 -0.6492488410161854 -0.6506454302831971 -0.6520407928938233 -0.6534140742084605 -0.6547601679613158 -0.6560914094661584 -0.6574005478879003 -0.6586819004059398 -0.6599800550338433 -0.6612604919110299 -0.6625042648835503 -0.6636839593707552 -0.664910354855473 -0.6661122165215593 -0.6672658736350736 -0.6684496267804172 -0.6696093076082534 -0.6707468988474329 -0.6718671228547439 -0.6729770243819279 -0.6740614534957293 -0.6751425052051964 -0.6772668238547148 -0.6872047900353271 -0.7041223233263592 -0.7181613029826437 -0.730075972447642 -0.740416557095134 -0.7536918332069807 -0.7649443887438891 -0.7745586444174479 -0.7775472796285875 -0.7831177120831405 -0.7905979377753355 -0.7973334253260522 -0.8015299692671912 -0.8035057635628702 -0.8109056570266093 -0.8190020622604332 -0.8325943118451485 -0.8436951575457731 -0.8530001656312706 -0.8616043202524857 -0.8688185934037512 -0.8747571391811209 -0.8797007353627329 -0.8846780078978238 -0.8892408309691182 
# [Mg/Fe] for instant ejected gas at this time:
0 0 0.9083852370513783 0.9878655373292535 0.6306971639607879 0.3911972689194306 0.24323060882374686 -0.9399647765692449 -1.4451113241716262 -1.5796051800690296 -1.6132785676227483 -1.626195772050769 -1.636011246389501 -1.6461829309241005 -1.6415919877666 -1.6395657265295573 -1.6359639514349613 -1.6279562418714528 -1.618785530381053 -1.6121926718028639 -1.6198816855878042 -1.5853698532526046 -1.617798287500326 -1.60956886992969 -1.6059398537110101 -1.6064807756674662 -1.604035105768202 -1.5954548898221472 -1.5957795514314956 -1.5954405548053823 -1.5881749959908487 -1.5863688187426637 -1.6306684179468072 -1.6214882040445577 -1.5289890944966837 -1.5515492654544059 -1.4963047023083018 -1.4861782276588174 -1.4806779434632733 -1.4696689488345327 -1.3101928048568963 -1.6611400084996868 -1.4179218020404836 -1.4085390444152592 -1.3951074091519156 -1.3781437139666373 -1.3800122818883054 -1.3442408265164418 -1.3602408575420808 -1.3374797242330039 -1.3283270949426786 -1.3334556527442274 -1.313229376885599 -1.3506587157441765 -1.3492713936503868 -1.3308383177358085 -1.3571919235013399 -1.3603115183114307 -1.3836407602600482 -1.3571643727865956 -1.3931265138054036 -1.3829426218618819 -1.4055206053887312 -1.4135843179214236 -1.4170754944219068 -1.4235848486930753 -1.4291471793079809 -1.412378206994971 -1.5172469250064713 -1.4685781499961161 -0.9680981502620697 -1.9184564125249193 0 -1.4319106935907777 -1.6009428909068542 -1.463071867601571 -1.4979352049610846 -1.5076548933685465 -1.4907833177108292 -1.51865897111489 -1.4849953495100212 -1.4875368159435116 -1.528362713323405 -1.50659052249204 -1.5222571414542865 -1.5407025283758957 -1.509124035942494 -1.5165540509754045 -1.5408060058373332 -1.5771181306119868 -1.571605389146552 -1.5728264195536985 -1.5691677354914135 -1.5683588303896625 -1.5503099000177867 -1.643508853372439 -1.6471579436529697 -1.5945254188507327 -1.4859473469401316 -1.6450777323614219 -1.6221494717066995 -1.5389304539695567 -1.666288215969316 -1.6383014697256073 -1.6171876357566337 -1.611965721367507 -1.6228920936785383 -1.5905215890614965 -1.6225286968243127 -1.6256943654670921 -1.6438414637965932 -1.6499406061746984 -1.6663346028991772 -1.6705740399416376 -1.6826101842921113 -1.6938175945361211 -1.7035528807881093 -1.6723188128009205 -1.736674272465568 -1.7124040117153512 -1.671176141216481 -1.6781643943112334 -1.7259986249736718 -1.6872776043268496 -1.7103622514924413 -1.6815324501756426 -1.690695068116313 -1.7009425771447313 -1.6977653396694683 -1.9613402308282937 -1.7938561012294036 -1.608619684240424 -1.491591001457339 -1.6797446146669899 -1.6922784158193414 
# total ejected metal mass till this time:
0 0.0 4.067702439825803e-05 0.0023866580210903016 0.004014306692180127 0.004982410545696221 0.005684980857693773 0.006190468457511195 0.0065124756221416336 0.00670705197951349 0.006835159261705296 0.006931646650741623 0.007010427121459929 0.007079457981912873 0.007141608353676981 0.007199158097772702 0.007251595459599232 0.007300820000933897 0.0073468390598313265 0.007390684881961038 0.007431593568632982 0.007470665110632552 0.007506707139252421 0.007542725523368691 0.007575394975850116 0.007607863885459308 0.007637721655877659 0.007667843781952402 0.007695305345594301 0.007723479522987886 0.007748600448761864 0.007775575247393048 0.007798138525624723 0.00782626401965824 0.007843312272385947 0.007875613439658926 0.007883484544306634 0.007929508615271445 0.007912083299202169 0.00798752601346043 0.007918594707906172 0.008031715518142355 0.007908193048473929 0.008075134838659823 0.007868473520388072 0.00811763364981309 0.007778120698919406 0.008159471967599655 0.007599029515590683 0.008200182987049073 0.007259160396257529 0.008240319157873256 0.006594379828186132 0.00827970456292833 0.005306943901022345 0.00831794537359473 0.002701961505800946 0.008354506900053547 -0.002601749966257217 0.008390577675740038 -0.014064120502131993 0.00842579335059515 -0.03981170589932709 0.008459876584227198 -0.09761092139493907 0.008493309709682746 -0.23581039372973464 0.008526729724057179 -0.5818327300514368 0.00855676442935744 -1.4689353039501964 0.008586953295873319 -3.8421325356379055 0.008616628731949131 -10.13974099122977 0.008644740288142043 -27.764449606612658 0.008672154502622343 -78.78413665174934 0.008698838047991281 -227.50176118930244 0.008724512558243474 -682.4286718459517 0.008749458132799159 -2118.5028051274676 0.008773690568188698 -6704.2968581498235 0.008797423365154032 -21834.36275673237 0.008819967661082924 -74768.84325522232 0.008841677575289959 -268131.01885787805 0.008863230602873645 -1009367.3933369019 0.008884058065537062 -3731096.7971970243 0.008904460597909098 -14184748.58623098 0.00892442518978612 -53751357.94657151 0.008943781487613885 -111374237.79210925 0.008962715808798693 -121340400.95418473 0.008980553471319794 -90485155.09653094 -19844875.183480907 -57467101.90197487 -32415872.63936746 -38457266.40431555 -20611492.310651813 -14307172.358765265 -11287862.304072699 -9531327.940060169 -8500974.20892371 -7367840.083082761 -6666923.106848911 -6076167.31999198 -6006348.619020072 -5803348.171895043 -5510915.662863261 -5265245.640084687 -5126955.269692965 -5158588.098095244 -4978064.843909009 -4891610.728937084 -4624474.8994996995 -4462753.904737546 -4327566.094677423 -4238127.158892916 -4111494.2129482212 -4022078.3822101764 -3948045.6683638417 -3872994.3171461974 
# Stellar [Z/H]. [Z/H] = [Fe/H] + A[Mg/Fe] where A=0.94:
0.0 -5.218485947384705 -6.559046639961519 -5.17689845988753 -3.1252908128183248 -2.8413231651190274 -2.758684245680564 -2.7316720916135724 -2.708321303738313 -2.68819435920195 -2.6731740210720134 -2.6618641141893704 -2.6529852832115774 -2.6458965616101593 -2.6397597425093178 -2.6341556876513272 -2.6292402473237497 -2.6250343490659445 -2.621160675397694 -2.6175050511199873 -2.614096250140204 -2.6109358213951492 -2.6079184523363828 -2.605172934860624 -2.602507301157636 -2.600047512411592 -2.597703557860487 -2.595466224183948 -2.5933022856313044 -2.5912588238821153 -2.5892853477491724 -2.5873830907379842 -2.5855631574463955 -2.5838876450094412 -2.582278838326123 -2.5805533474828772 -2.5789022386857305 -2.577215048644559 -2.5755296432545434 -2.573880346962353 -2.572288917447184 -2.5703566742330777 -2.569076605939163 -2.5675227823500917 -2.5659347029595154 -2.56439028317657 -2.562853042646618 -2.561351340835189 -2.559781545743049 -2.55830451727331 -2.5567833947465988 -2.5552886053501798 -2.5538405247806066 -2.5524029121712983 -2.551027829858852 -2.549708802534406 -2.5483721609567676 -2.547114264418761 -2.545920612010822 -2.544777133554243 -2.5435855386164565 -2.542483902204717 -2.5413982710201513 -2.540389151758213 -2.5393620317043695 -2.5384170617932833 -2.5374694463081444 -2.5365449850346873 -2.535598176363599 -2.5348029160623993 -2.5340044001065247 -2.5321817510625064 -2.5315547116558217 -2.531252928550626 -2.5304976238789982 -2.529864053206895 -2.529112172696692 -2.5283989589577125 -2.5277131073446144 -2.5270382545359795 -2.526383695971208 -2.525698015794041 -2.5250240684668213 -2.5244074111925743 -2.52379328518864 -2.523188821137493 -2.5226332619849243 -2.5220338143114236 -2.521446466788385 -2.5208452413595888 -2.520287215285965 -2.519801126552735 -2.5192499295744852 -2.518748203760472 -2.5182297511744682 -2.5177430108892715 -2.5172511197222054 -2.516815172432821 -2.5164115908789992 -2.5158409295245074 -2.5154175379277284 -2.515344527095021 -2.515269698264366 -2.515217462543025 -2.515116688482342 -2.5150495371150634 -2.514959913720941 -2.514882436040156 -2.514798161964228 -2.514667659610064 -2.5140495362370823 -2.5129338842513023 -2.5120372834662783 -2.511290830471391 -2.510721368069418 -2.5100412343207332 -2.5095233637739907 -2.509141186050206 -2.508991567054955 -2.508862000419532 -2.5085795943876956 -2.5083846651603174 -2.508285883137779 -2.5082475542021045 -2.507963187364047 -2.5077988217417095 -2.507373921253238 -2.5071105664744198 -2.506934764522492 -2.506738293564905 -2.5063213399873465 -2.506232993895673 -2.5058886691409605 -2.505732760721006 -2.5055157214075825 
# Stellar luminosity-weighted metallicity, [Z/X]:
-4.152288344383056 -5.2406767730474275 -6.8322153811712045 -4.609946062687653 -2.2309092856095907 -1.727246445056848 -1.4571287550602376 -1.3292063800718836 -1.4319983197634214 -1.6666366160326695 -1.8621606076757973 -1.9656971163634671 -2.00813034120677 -2.028987620658225 -2.039735565422199 -2.044737079965997 -2.0463878801650637 -2.0462354815000943 -2.044881459812136 -2.042641131614933 -2.0397268668506854 -2.0365873387487055 -2.0332354433683344 -2.0299113288086588 -2.026168559985833 -2.0226002949938007 -2.018871626168017 -2.0153218500598182 -2.011499353921116 -2.007961271102727 -2.0041671534213874 -2.000712801398227 -1.9968302812444005 -1.9936240661631814 -1.9893552867967619 -1.9869908558470522 -1.9819159053868904 -1.980861784824275 -1.9733431743619245 -1.9744084840813045 -1.9617311915539972 -1.9626394971757974 -1.9429457714006386 -1.9436899208496248 -1.9151422149451085 -1.9160412518510166 -1.8757695960392173 -1.8769100441341273 -1.819971061738501 -1.8212814283066237 -1.7423393302835375 -1.7437817013082475 -1.6372840584221866 -1.639176779519264 -1.4976954504741642 -1.4993669527095268 -1.3212645443034756 -1.3225698793877851 -1.1055308917988038 -1.1063364699819418 -0.8540255999854389 -0.8547199811688928 -0.5736919601133119 -0.5732741075782439 -0.26118017419368544 -0.2599935121694563 0.07112833996025048 0.07269885644559593 0.4217347828016542 0.42367469953981396 0.7970261669007027 0.7991969012685624 1.1898831546884545 1.1923602743877921 1.6022606684132454 1.6048803730680359 2.025940755668986 2.028925897933189 2.460939684146008 2.4638837885877978 2.9119803735342233 2.915625041992574 3.3720824535959633 3.3757292727846053 3.846379157917129 3.849581337525673 4.337412264142433 4.340889083374513 4.840149195600192 4.8434096490451255 5.349104013496016 5.352554607230039 5.877867224270988 5.8812598090395545 6.4245096790073015 6.428150713749347 7.001761210077741 7.005465506581865 7.576764540614713 7.580712244412952 8.165588962486389 8.169412931062096 8.173009423705002 8.174523741057195 8.17475049467637 8.167038512528165 8.154209326069164 8.140153291092323 8.12628469169009 8.100577168037907 8.014179476728774 7.936544278697493 7.8996408580261654 7.878777130026232 7.8642636465967755 7.848454630253353 7.837564197619663 7.829666158580513 7.828149895464562 7.82317616219207 7.817495763180184 7.811025049910847 7.807253121750814 7.804801498505151 7.798263877581415 7.789974473063536 7.781020562730453 7.773784081241495 7.768254368555089 7.765551352340359 7.76470379533635 7.760363643110266 7.761901987233209 7.759113544677152 7.759598863931375 
# Stellar luminosity-weighted [Mg/Fe]:
0 6.938893903907228e-17 -1.3877787807814457e-17 0.9021258103889216 0.9877420751369017 0.6642890779291486 0.46128878093938863 0.35580613419739426 -0.4255301775706523 -0.6718384642548031 -0.6129032521685823 -0.5047393852980564 -0.4775936348403933 -0.48355676143735743 -0.5014590923842834 -0.5244761544424232 -0.5483243236235638 -0.5707952014594887 -0.5915493677122539 -0.6110659319092693 -0.629283807432829 -0.6460110605041677 -0.661231898346625 -0.6755307606005532 -0.6889909438315615 -0.7017521762438348 -0.7137823557854318 -0.7250739124615244 -0.7357604547774134 -0.7458939970187235 -0.7555740259077838 -0.7648539406628375 -0.7736836276609403 -0.7822490639302934 -0.7904633727684239 -0.7978838895168392 -0.8051200674582696 -0.811705363406918 -0.8179570571138063 -0.8242129870374681 -0.8298883513358358 -0.8343895736312186 -0.840340382617682 -0.8453699201585424 -0.8500265561432617 -0.8545031996777799 -0.858607680205795 -0.862710574695356 -0.866445723297149 -0.8702101134349478 -0.8737122270291121 -0.8771849500859039 -0.8805091512661113 -0.8836123289868696 -0.8869514325435373 -0.890205391655826 -0.893386770653931 -0.8965384834756556 -0.8996297834319245 -0.9028824119229111 -0.9059251937183844 -0.9090569204154241 -0.91205202481083 -0.9151840861738406 -0.9182098321481712 -0.9212506734563122 -0.9242389086057683 -0.9271230939129007 -0.9298564861794075 -0.9330161219253228 -0.9359780755582916 -0.9354570109004858 -0.9388082770487637 -0.9432500984214005 -0.946031906357049 -0.9491241653136516 -0.9519011523462572 -0.9546264619477957 -0.9572950261314577 -0.9599094538238412 -0.962444024844044 -0.9647786699716084 -0.9670920266462277 -0.9695491998313203 -0.9719004764319448 -0.9742429660317159 -0.9765507794452967 -0.9788107556026938 -0.9812030669195764 -0.9833215302491465 -0.9856173562704003 -0.9878563869100979 -0.9899877165181521 -0.9922478182708913 -0.9943090714026006 -0.9965077435642339 -0.9987408961313898 -1.0009342598237365 -1.002914578844246 -1.0046364202723796 -1.0067098541630037 -1.0056958498723834 -1.004659511968364 -1.003574479803973 -1.002328074100605 -1.0010707843322555 -0.9998452288209249 -0.9987335823258792 -0.9977519863646713 -0.9961511656007429 -0.9909847951753862 -0.9879118897346313 -0.9873445945100163 -0.9882597422630724 -0.9893474915612749 -0.9905683509969184 -0.9915945296927624 -0.9919724348503199 -0.9921002887953898 -0.9919062735796406 -0.9917592822622483 -0.9909045365873423 -0.9911038321853093 -0.9907392329021534 -0.9908775531458593 -0.990059180010364 -0.9907259895961946 -0.9908196473259435 -0.9907277387024032 -0.9911141388167365 -0.9921204941763053 -0.9923770838393546 -0.9928409786077856 -0.9938438580876875 -0.9938487621569237 
# Stellar luminosity-weighted [C/Fe]:
0 -2.220446049250313e-16 -2.220446049250313e-16 1.1304578711317315 1.2426509735021596 0.9201831715690172 0.7199314661203733 0.6152806510107496 -0.16413269125552565 -0.4101441726357584 -0.35223959125941307 -0.24512758791989964 -0.21749202514622756 -0.22253956381805884 -0.23965101260081445 -0.261677346105181 -0.28447942421782046 -0.30586595250697723 -0.3254007280673876 -0.3435893006881994 -0.36035367671414553 -0.375459512221756 -0.3890875975956204 -0.40153256226251055 -0.4130229805398071 -0.42354397369039276 -0.4328620964410916 -0.44085191878065827 -0.447486772105306 -0.4526875903783424 -0.4570681985162946 -0.46064225176414536 -0.4630009403099188 -0.46501930016600773 -0.4664276271541276 -0.4670220085035805 -0.46689358069582104 -0.46588780146520814 -0.4644322648791933 -0.46240707126878366 -0.45990035211613195 -0.456870869056218 -0.453551104162333 -0.45002291133879035 -0.4461861282614007 -0.4420728410889876 -0.43801084915953997 -0.4337838952831144 -0.4295739566744404 -0.4249538948402585 -0.4201475077773761 -0.4161315722119263 -0.41167070257132443 -0.40750547826181027 -0.4034264032886452 -0.3993222137134068 -0.39549543387238817 -0.3919399691704524 -0.3885164483144836 -0.3852709111311866 -0.38197585171385107 -0.3788126386820462 -0.3758044543157414 -0.3726067373315932 -0.3695820823120146 -0.3669220847439396 -0.36411092732994244 -0.3617811127404905 -0.35936187265591923 -0.3571945119034221 -0.3548542273589361 -0.35271355784694447 -0.35062941976078454 -0.34893689466367384 -0.3474557244359544 -0.3461509607444857 -0.34511173667285144 -0.3440539925349575 -0.342831514037522 -0.34187221141700674 -0.3410698368290791 -0.34030806220995746 -0.3394041719794827 -0.3386667214711152 -0.33808583539825 -0.33744176453180397 -0.33676915221966097 -0.33597601096353646 -0.3354718200278929 -0.3347611002476788 -0.33445202651391714 -0.3342780574472254 -0.334093692186219 -0.33319140623647736 -0.33225896944219846 -0.3323707638350646 -0.3327307401325825 -0.33241043347645716 -0.3324146133440872 -0.33159177421254615 -0.3318879416722086 -0.3331786638943566 -0.33450512364761853 -0.33579937203479526 -0.3370912356694423 -0.33840097320280094 -0.33967908389729007 -0.34091434513922614 -0.3421092559226684 -0.34436282011515795 -0.3529826389183871 -0.3641786550036199 -0.3716597099404889 -0.3777505815291189 -0.3826698340747441 -0.38830656333798486 -0.39271102621008835 -0.3960875437199425 -0.39701422742062564 -0.3986112779260602 -0.40056534761981344 -0.4019584130666587 -0.40328674991951297 -0.40366180885360914 -0.40557717946648286 -0.40701301106912113 -0.41018780613148986 -0.41214032284298796 -0.4136158827575569 -0.41491127670535843 -0.41587049120292374 -0.4172462989605682 -0.4175184141130609 -0.4191539632536122 -0.4191891395293217 
# Stellar luminosity-weighted [N/O]:
0 0.0 -1.1102230246251565e-16 -1.60654505828462 -1.6076149261592092 -1.0930234044766844 -0.6795267358504964 -0.35435246906361906 -0.164505563452102 -0.17767899679795995 -0.2859690779260815 -0.37746841808133014 -0.4037298706719956 -0.40514724800098856 -0.39624922095220083 -0.3819560051184374 -0.36426365164933316 -0.345107600308739 -0.32413416945636087 -0.3017041760204142 -0.27956121885194474 -0.25948160227886397 -0.24175094938491415 -0.2264896880068099 -0.21388220306829542 -0.20199760321549975 -0.19238408111776728 -0.18506210182757266 -0.17993286461835223 -0.1767105760793668 -0.1754097420705618 -0.17539952411426896 -0.1764463493065913 -0.1779926402798293 -0.18196122034060536 -0.18537433660160985 -0.18884946567548666 -0.19196075358671716 -0.19450344314877155 -0.19659155526007055 -0.1981149958559083 -0.19931980271826677 -0.2002359855524123 -0.20070865362299783 -0.20116841122971496 -0.20153442295605806 -0.20191388751008255 -0.2020137630894625 -0.2017256564483545 -0.20157035195639583 -0.20140453883695608 -0.20117921849393472 -0.20086116249807806 -0.20051435302212473 -0.20024629410355455 -0.1999835371280687 -0.1995831044439198 -0.19936521300524834 -0.199034322161169 -0.19458312482802786 -0.19413373265333855 -0.19368457401714512 -0.19232258519797174 -0.1901199678173997 -0.18927100290218823 -0.18896282157638655 -0.18860253543026628 -0.1881589761502107 -0.18784229722569679 -0.1874771793341019 -0.18701380838280457 -0.18668819500967615 -0.18626537646444996 -0.18574457184983628 -0.18523136087914072 -0.1848051885946036 -0.1842259469306311 -0.1837897130394719 -0.18331239689863454 -0.18269538577714162 -0.18220846030104254 -0.18164288453293187 -0.18115479876539475 -0.1806042088497497 -0.18009058594532945 -0.17966828927537137 -0.1792524628565939 -0.17842286274513142 -0.17739883334385875 -0.17697928372572447 -0.17657475340081885 -0.1763208878567668 -0.17552156890630988 -0.17461450495987862 -0.17377187635763813 -0.17328585839994548 -0.17279055498557527 -0.17187676570833643 -0.1715102153451269 -0.17124245996281684 -0.16999918665871872 -0.16915090614265282 -0.16827386593655236 -0.16746017408082015 -0.16675609845193984 -0.16605087565974275 -0.165371569420248 -0.16467515976170355 -0.16395046694326854 -0.16246306009138545 -0.15656439792569743 -0.14734651679048194 -0.14062374481428241 -0.13440436322632365 -0.12928965557826178 -0.12359053957083244 -0.11921891755038827 -0.11612392587215159 -0.11519703612430521 -0.11404309368834553 -0.11247593754324348 -0.111879221967228 -0.1105849464095332 -0.11056636401822262 -0.10879826735888776 -0.10825782043574728 -0.10525776012195232 -0.1036885846070027 -0.10269283231230897 -0.10149150823772246 -0.09994887338396197 -0.09894089893064972 -0.09824472479099877 -0.09645922250428929 -0.09644253905588474 
# Stellar luminosity-weighted [C/O]:
0 -1.1102230246251565e-16 -1.1102230246251565e-16 -0.3651131747931481 -0.35520572495744784 -0.3609041391285098 -0.36104991527620456 -0.3538886236918536 -0.329991087806363 -0.31659759831267875 -0.32415480004786124 -0.332935499223465 -0.3341559973920861 -0.33319703077216867 -0.33148926378622523 -0.32948665130102395 -0.32731016584950823 -0.32496491368263825 -0.322389380853099 -0.3196195499975897 -0.316697967558494 -0.3137452554086534 -0.3106718972329422 -0.3075114968915138 -0.3048068450442819 -0.3011001537887419 -0.29714196234164103 -0.292642248281584 -0.28740515674951106 -0.2813317173737475 -0.27490420770144897 -0.26805619070820785 -0.2602419201282863 -0.25272865290464097 -0.24545464055169708 -0.23731672525677378 -0.22876162563861313 -0.21985235005980797 -0.21063619101365955 -0.2009173193486104 -0.19127585920182316 -0.18119225332241962 -0.1712675199490062 -0.16115386697127065 -0.1511295372611639 -0.14085045344097158 -0.13102838552674284 -0.12112580754985214 -0.11118829845960476 -0.1010791753291701 -0.09101541338993502 -0.08172253424446646 -0.07222774951669036 -0.06321329741889642 -0.05431489700052333 -0.045632843526429656 -0.037234051591509276 -0.02935052905591673 -0.021639323326623716 -0.014109272961274733 -0.006630227971509306 0.0006005803222728923 0.007557907959025056 0.014778005933858196 0.021657430200111905 0.028119191517090386 0.034612910038176764 0.04054101732544757 0.04640075792341844 0.0520738179006503 0.057874975718058164 0.06336379016918822 0.06879507843481647 0.07385513618505499 0.07868819992224527 0.08312840896829535 0.08733094369815475 0.09145269348438201 0.09570092451986492 0.09975594320576034 0.10348888349956326 0.1071209856899398 0.11080352570488117 0.11441633656847422 0.11781785342246825 0.12123665920622753 0.12460169390311227 0.12810467294177783 0.13158613754523238 0.13474489678797677 0.1375438325090175 0.14011711584441425 0.14267927147303006 0.14613157534167684 0.14944222539084046 0.1518889588753116 0.1539356139316458 0.1565146871196968 0.15873145432742042 0.16172351827106524 0.16366823294051114 0.16101710969908162 0.15832504119856153 0.15561804506262644 0.1527123665919164 0.1497809048151646 0.14692632752318097 0.14425788347975516 0.14179474480618148 0.13746152403633388 0.12200019726631489 0.10633857733502228 0.09767101588513785 0.09233338130990368 0.08845126140098031 0.08395321896394625 0.08050475661242187 0.07732964794667085 0.07649346546616398 0.07451554398302668 0.07221660619075443 0.06960736145578283 0.06843227043656042 0.0675544363246817 0.0656665994884518 0.06306397631558988 0.06048828578309992 0.05850289693417868 0.056782668066895775 0.05585501440254387 0.05612695097626058 0.054963168724849715 0.05526337534901987 0.05477078398545068 0.05474358952125899 
# Stellar luminosity-weighted [O/Fe]:
0 -2.220446049250313e-16 0.0 1.4955710459248794 1.5978566984596072 1.2810873106975271 1.0809813813965778 0.9691692747026033 0.16585839655083712 -0.09354657432307967 -0.02808479121155183 0.08780791130356547 0.11666397224585867 0.11065746695411005 0.09183825118541078 0.06780930519584283 0.04283074163168776 0.019098961175661122 -0.003011347214288529 -0.023969750690609803 -0.043655709155651534 -0.061714256813102386 -0.0784157003626782 -0.09402106537099675 -0.10821613549552511 -0.12244381990165087 -0.1357201340994505 -0.14820967049907408 -0.1600816153557949 -0.17135587300459476 -0.18216399081484558 -0.19258606105593767 -0.2027590201816325 -0.21229064726136682 -0.22097298660243037 -0.2297052832468066 -0.23813195505720797 -0.24603545140540006 -0.2537960738655338 -0.2614897519201733 -0.2686244929143089 -0.27567861573379826 -0.2822835842133268 -0.2888690443675198 -0.29505659100023685 -0.301222387648016 -0.306982463632797 -0.3126580877332623 -0.31838565821483567 -0.32387471951108837 -0.32913209438744107 -0.33440903796746 -0.3394429530546341 -0.3442921808429137 -0.3491115062881217 -0.3536893701869772 -0.3582613822808788 -0.36258944011453564 -0.36687712498785996 -0.37116163816991177 -0.3753456237423417 -0.379413219004319 -0.3833623622747663 -0.38738474326545125 -0.3912395125121265 -0.39504127626103 -0.39872383736811934 -0.402322130065938 -0.4057626305793376 -0.40926832980407235 -0.41272920307699434 -0.4160773480161326 -0.419424498195601 -0.42279203084872874 -0.4261439243581995 -0.429279369712781 -0.4324426803710061 -0.4355066860193394 -0.4385324385573869 -0.44162815462276694 -0.4445587203286423 -0.44742904789989735 -0.45020769768436386 -0.4530830580395896 -0.4559036888207182 -0.45867842373803147 -0.4613708461227731 -0.4640806839053143 -0.4670579575731253 -0.46950599703565554 -0.4719958590229346 -0.4743951732916397 -0.47677296365924904 -0.47932298157815434 -0.48170119483303875 -0.4842597227103763 -0.4866663540642284 -0.4889251205961539 -0.4911460676715076 -0.4933152924836114 -0.4955561746127196 -0.49419577359343814 -0.49283016484618014 -0.4914174170974218 -0.4898036022613588 -0.48818187801796564 -0.486605411420471 -0.48517222861898135 -0.48390400072884976 -0.48182434415149167 -0.47498283618470216 -0.47051723233864207 -0.4693307258256266 -0.47008396283902254 -0.47112109547572445 -0.4722597823019311 -0.4732157828225103 -0.47341719166661334 -0.4735076928867896 -0.47312682190908695 -0.47278195381056787 -0.4715657745224415 -0.47171902035607327 -0.47121624517829086 -0.47124377895493463 -0.47007698738471115 -0.4706760919145897 -0.4706432197771665 -0.4703985508244527 -0.47076629110790236 -0.4719974421791844 -0.47220946768541805 -0.4727817894620808 -0.47392474723906275 -0.4739327290505808 
# Stellar luminosity-weighted [Ca/Fe]:
0 0.0 0.0 0.7211685651150126 0.7724082005845081 0.8815140850151872 0.8996762775519666 0.8681318852415727 0.21883988166259072 0.042836912858510434 0.04555988811243039 0.08540977216619727 0.09408486038168085 0.08881005494189353 0.07882660692919341 0.06722874403372758 0.056345162963859385 0.046117114327216324 0.037028052114646215 0.028808367608685215 0.021532714705990497 0.014998949843718856 0.0089449452205288 0.003554524394990599 -0.0013485461476587801 -0.00586521762563752 -0.01007157626898647 -0.013946958902526951 -0.01756228001022686 -0.020944293938519598 -0.02458979525795102 -0.02763378542284367 -0.030199445444508477 -0.032579346962800626 -0.03487811492841808 -0.03720661572194617 -0.03944874831167944 -0.041583542887423386 -0.04360996523380756 -0.04561356420980478 -0.04743145143673577 -0.0491669281219238 -0.05080674697803067 -0.05240963629654383 -0.053899041161654226 -0.055358331006913675 -0.05672202618817579 -0.058065625837675494 -0.05933384226145755 -0.0606280100502965 -0.06182983568066813 -0.06301386554775679 -0.06410529261762488 -0.06516449273499281 -0.06619442662466968 -0.06718568591411822 -0.06818563232331964 -0.06911256980242908 -0.0700176676071822 -0.07092908971355572 -0.07179633480548597 -0.07260654550241363 -0.07341305066765158 -0.07426029200198037 -0.07505067345345595 -0.07582852937727536 -0.07654892365899757 -0.07725552641093647 -0.0779337370511175 -0.0786209900034569 -0.07930629670455303 -0.07996940817394838 -0.08063129466687857 -0.0813009060844263 -0.08186240908948683 -0.08244100051842018 -0.08302658281783182 -0.08359840317840805 -0.08417277322369099 -0.08475885394548577 -0.08529518803292557 -0.08581696953019402 -0.08631828563960364 -0.08682266107421688 -0.08731712575436545 -0.08781456433227808 -0.0882909094418387 -0.08877553687460793 -0.08928170878795938 -0.08969832078915241 -0.09014886035323944 -0.09059893563165433 -0.091016873099804 -0.09145933883042945 -0.09182816406289929 -0.09225045161091527 -0.09266642951044024 -0.09306016298397224 -0.09343162103958713 -0.09384540152099552 -0.09420754495312611 -0.09395195130026357 -0.09369495189954957 -0.09344012132622592 -0.09314891661085434 -0.09285568706771241 -0.09256394108233823 -0.09229382142400122 -0.0920499627956799 -0.09164449020501042 -0.09030106795752602 -0.08929252815960531 -0.08893076140376555 -0.08892920878673571 -0.08902069428396531 -0.08914305740318418 -0.08925010937843414 -0.08923363954877006 -0.08921240980692646 -0.08913516126946952 -0.08901405181566324 -0.08877521282358791 -0.08878407177679071 -0.0887002445627254 -0.08863021236919244 -0.08842505825122893 -0.0884746439471693 -0.088458170259196 -0.08843683501631316 -0.0885237683907345 -0.08866780783811579 -0.0887776380354317 -0.08880491559695969 -0.08905001395692991 -0.0890461960336919 
# Stellar luminosity-weighted [Ne/Fe]:
0 -1.6653345369377348e-16 -1.6653345369377348e-16 1.129258144401515 1.198475335888877 0.8502858612831452 0.614057465286157 0.48168223431225565 -0.3190027974320504 -0.561605900689875 -0.4836434081301417 -0.36260471457031096 -0.3317822832705095 -0.3370153476792911 -0.35536006301951106 -0.3795845365516419 -0.4049806848103842 -0.4290877808284058 -0.4515590107306744 -0.4728995186752621 -0.49297177272764947 -0.5114300781396144 -0.5285354161170495 -0.5444675242994106 -0.5593656865286155 -0.5738101966560545 -0.5874729894258266 -0.6003128013394599 -0.6125210806236526 -0.6241021374563027 -0.6352879209327126 -0.6460388754596194 -0.6563353902851308 -0.6660823134547386 -0.6754973973475586 -0.6845368023543873 -0.6933904636658492 -0.7016823357596467 -0.7095332207571454 -0.7176269243968638 -0.7251150722347255 -0.7324798294282877 -0.7393445790604516 -0.7461758932041291 -0.7525938160718397 -0.7588610445513666 -0.7648978315728819 -0.7709028629329386 -0.7766904886221027 -0.7823644688332031 -0.7878189214321658 -0.7932570540871058 -0.7984548955762163 -0.8035189516534521 -0.8085216823101175 -0.8133428474018303 -0.8180226145213858 -0.8225994634960314 -0.8270212510981407 -0.8314770944381482 -0.8357994771896112 -0.8400200173120254 -0.8441213764868218 -0.8482936916415227 -0.8522515161372926 -0.8562102768505089 -0.860076191335901 -0.8637838265361593 -0.8673995175392172 -0.8711252562145535 -0.874780677407266 -0.878316266070789 -0.8818142175925828 -0.8853740716757188 -0.8888354400756637 -0.8922079007378569 -0.8954641954423084 -0.8986693700127428 -0.9018661341271765 -0.9051103383953414 -0.9081573905511158 -0.9111756962486064 -0.9141294794689399 -0.9171972977920894 -0.9202081114489536 -0.9231730962712542 -0.9260425231556177 -0.9289319437728261 -0.9319368200130342 -0.9346075421924703 -0.937261738419869 -0.9400227543318741 -0.9425669783948866 -0.9452313441533408 -0.9476725582180843 -0.9503793776669247 -0.9529508989144853 -0.9554148268031499 -0.9577497390244265 -0.9600552395791268 -0.9625574426685803 -0.9611491576478789 -0.959732954939363 -0.9582562929540253 -0.9565660421445613 -0.9548646514657633 -0.9532142746870715 -0.9517178151031489 -0.9503981589318052 -0.9482395172932883 -0.9411534981701795 -0.9366739984077397 -0.9355918533011731 -0.9365459809682827 -0.937757643016379 -0.9390702524488407 -0.9401653151740751 -0.9404443202997403 -0.9405783900595319 -0.940191546899165 -0.9398891668009012 -0.9386265726118851 -0.9388142353415414 -0.9382783312167607 -0.9383853332680846 -0.9371532451933265 -0.937860213599327 -0.9378467327875567 -0.9375764858400185 -0.9379555048484883 -0.9393337555921605 -0.9395040058963257 -0.9401781624705221 -0.9413654672663028 -0.9413776927187646 
# Stellar luminosity-weighted [Si/Fe]:
0 8.673617379884035e-18 1.0408340855860843e-16 1.011272487393579 1.063440536407323 0.9039511993388579 0.829219748212065 0.7766213273280727 0.1416974135768962 -0.018038287903168703 -0.004994169232002487 0.042170320761672125 0.05375329095176948 0.049267365752105705 0.03926845480870871 0.027228907868704307 0.015276082644017093 0.004393919351270578 -0.005369531175730838 -0.014309264260577347 -0.022433297433863332 -0.029663039938420163 -0.036206587355405696 -0.042159816074531134 -0.047647120597787335 -0.052727593916286106 -0.05742830621278482 -0.061782256341056205 -0.06584622836940396 -0.06963390678522803 -0.07321115989089469 -0.07659481660747335 -0.07977349162666067 -0.08274389179600024 -0.08552420389576132 -0.08820061121018132 -0.09074695914983977 -0.09316595091311829 -0.09543305313082194 -0.09770048641268442 -0.09975579104122737 -0.1017430538202333 -0.10359945127654073 -0.1054275278630372 -0.1071244733048894 -0.10878312459163784 -0.11034249513076319 -0.11187681503923558 -0.11335480527730027 -0.11479715391346967 -0.11614895197681335 -0.11748851242362238 -0.1188016713010391 -0.12011060933622086 -0.12133352628275808 -0.12242735891454744 -0.12348209917286446 -0.12454825978825695 -0.12557535987360824 -0.12660950606400967 -0.12761068012114435 -0.12859104901979607 -0.12941045391539557 -0.13044965627844923 -0.13135209229725764 -0.1322372726693385 -0.13308581978565137 -0.1338957653337235 -0.13468580055515839 -0.1354818156452144 -0.1362641457131344 -0.13702587109155526 -0.1377681451438015 -0.13849990555040476 -0.13921466950933634 -0.13988925586780937 -0.1405607406168628 -0.14123531693087638 -0.14188932811346244 -0.14255861912581755 -0.14318079571546816 -0.14377853495863163 -0.14436387274745785 -0.1449507154420613 -0.14553018636799192 -0.14610798435135663 -0.14679554077126147 -0.14722860341417673 -0.14779493399540353 -0.1482951347817625 -0.14880773829004418 -0.14931327018570198 -0.1497838727102563 -0.1502814492105045 -0.15073442940566723 -0.15124128065074877 -0.15171163019371428 -0.15216726171384531 -0.1525901184492894 -0.15302238884302427 -0.15347849510227218 -0.15319870200017338 -0.1529172707194236 -0.15263204921998724 -0.1523067717168248 -0.15197872124697565 -0.15165510472558336 -0.15135738407590843 -0.1510906675501578 -0.15064899209342747 -0.14918398299107508 -0.14814114812636991 -0.14780407269055446 -0.14787209683975136 -0.14802352130829838 -0.14820233792152437 -0.14835578144737463 -0.14836318481474767 -0.14835851734767644 -0.1482745059062249 -0.14816727273406258 -0.1479064258336389 -0.14792481082498288 -0.14782608518199106 -0.14778522653776893 -0.14754862823889123 -0.147633863387538 -0.1476188933506278 -0.14758140275880335 -0.14766771092346015 -0.1478717263876824 -0.14795725311258368 -0.148028070490885 -0.14828326374552403 -0.14828216512606868 
# Stellar luminosity-weighted [S/Fe]:
0 0.0 5.551115123125783e-17 0.8964080693955341 0.9435172743959875 0.9325343199320825 0.9250697146325414 0.8952410660135658 0.21552739775865495 0.01744204001643246 0.02279665867256786 0.07090404803576855 0.08166103010531317 0.07570387174389642 0.06419429636708368 0.05070132755822859 0.03743392924457717 0.025389764114886415 0.014589331712741127 0.00472290895201416 -0.004210936211052729 -0.012221294009683303 -0.01942603219461969 -0.025994944098883033 -0.03203361677694194 -0.03762569198663107 -0.04280345713473016 -0.04761574468061158 -0.05210026676920837 -0.056296233744819124 -0.06024447504385222 -0.06398046666757118 -0.0674995512967469 -0.07078722501830742 -0.07386224961897353 -0.07682123296569565 -0.07963711233387344 -0.08229995617368052 -0.08482918830694158 -0.08733820048660662 -0.08962944927238703 -0.09182848725668047 -0.09390042843757979 -0.09593098358165497 -0.0978165003326078 -0.09967006065253492 -0.10140339068864157 -0.1031100511883451 -0.10474373409491022 -0.10636418120507896 -0.10788499889496855 -0.10938463217049488 -0.11078789893296925 -0.11213404258612264 -0.11348033491743126 -0.11476415105372267 -0.1160433771631672 -0.11724982410442936 -0.11840897058848032 -0.11957319968373137 -0.12068610696539805 -0.12177517904964519 -0.12268450922775165 -0.12385851555815686 -0.1248382552863021 -0.12598615273600577 -0.12680270804140414 -0.12768810594111768 -0.12857517325459877 -0.12945567438004246 -0.13032742143657838 -0.13118578786373203 -0.1320262385843881 -0.13283360453288584 -0.13361062919416888 -0.13438699225244266 -0.13514872826078494 -0.13588768630134207 -0.13661870425236067 -0.13736985463942986 -0.1380811598884445 -0.1387509458390035 -0.13940507090805 -0.14005587441658673 -0.14070046323951935 -0.1413519577703809 -0.14197511509126626 -0.14259961155911582 -0.14325568346331807 -0.14380259852375976 -0.14438563149560524 -0.1449685634208343 -0.14549066007716394 -0.14605618418085609 -0.1465839032449372 -0.14712225182318006 -0.1476483770616731 -0.14816413048160904 -0.14865056816113897 -0.14913817264130957 -0.14962393757606385 -0.14929504687570472 -0.14896460752939988 -0.14863426901411547 -0.14825857032179746 -0.147880624246847 -0.14750599686637722 -0.1471598402675759 -0.1468479297875288 -0.14632985385659325 -0.14461158419825437 -0.14333917325965073 -0.14289308455309302 -0.1429116820434878 -0.14304314212194813 -0.14321173022980838 -0.14335908205138237 -0.14334458864360866 -0.14332276774835384 -0.14322316371788413 -0.14307463836507583 -0.14276927305146225 -0.14278166377780532 -0.14267275809749735 -0.14259351958950162 -0.14232704597482415 -0.14239873964735184 -0.14237746040926735 -0.14234529306632504 -0.14245255545759783 -0.1426503311585181 -0.14278032521173922 -0.14282685222527913 -0.1431356046809965 -0.14313225607701063 
# Stellar luminosity-weighted [C/H]:
0 -5.218485947384705 -6.810024555508484 -4.732143130784744 -2.336308174003724 -1.8650272227764981 -1.7154148689435837 -1.797212623484775 -2.034980716155892 -2.211934476411889 -2.29952781750165 -2.3438860297662734 -2.363718911075546 -2.3740744998652534 -2.380063000637219 -2.3830009134778374 -2.384122182938186 -2.3840768944759727 -2.3831085350561505 -2.381395400890546 -2.37910753441838 -2.376464547349749 -2.3735048440026425 -2.3703128397910893 -2.366830609346753 -2.3630129378083593 -2.358713890671434 -2.353737896279423 -2.347891624875917 -2.3411851469256284 -2.334107877392359 -2.3265766276368334 -2.318236553068954 -2.3100860255790385 -2.301639004362533 -2.2928451295767216 -2.283508696982003 -2.273602087191918 -2.2635650506767693 -2.2529244563440196 -2.2424587636449163 -2.2315553621820126 -2.2208796658158834 -2.2099898810814222 -2.1991546189696196 -2.1881830925094583 -2.177521769517016 -2.1667578493638047 -2.1561926345390496 -2.1453483617873443 -2.1344995394881767 -2.124519186876758 -2.114294858664519 -2.1045737726194815 -2.0949372610873116 -2.0854270597947355 -2.076344756810088 -2.067608300935899 -2.0591702823409097 -2.0510110966218873 -2.0428164180421753 -2.034880349628777 -2.027295982955744 -2.0194481111231717 -2.0118797935759254 -2.004784601902375 -1.9976532749994211 -1.9911265889802854 -1.984537348035083 -1.978200861801132 -1.9718515238798622 -1.9657438158554905 -1.9596216275758742 -1.9539250759683071 -1.948668539988243 -1.9437186499496484 -1.9388664410277592 -1.9340311935950085 -1.9292217063304467 -1.924709124222546 -1.920393866257208 -1.9161721897263133 -1.9118022672994766 -1.907696416607882 -1.9038927370239618 -1.8999725422682001 -1.8960340947213181 -1.8918635966261776 -1.8880925706960303 -1.8843810773318257 -1.881112618972149 -1.8778770988109708 -1.8747512843548595 -1.8706432967903304 -1.8668596877456887 -1.864025231964705 -1.8616646493469373 -1.8586011937643958 -1.855915952375927 -1.8523214183277563 -1.8497867118161233 -1.8524099846686948 -1.8552394170765707 -1.858097975464533 -1.861034325727684 -1.8639705827522643 -1.8667556801717842 -1.8693197137767195 -1.8716784077729551 -1.8761761565860038 -1.8910492783101596 -1.9047367396370136 -1.911346777663712 -1.9149701953137175 -1.9176312264604753 -1.9206174845063888 -1.9228524501087314 -1.9251846405524642 -1.9254982969630996 -1.9274075670091282 -1.9291239522546704 -1.9312720060256483 -1.9324274797057983 -1.933269650022143 -1.934487789561251 -1.9370340479930297 -1.9391405167602649 -1.9412423001297663 -1.9433937526467489 -1.9446157582107126 -1.9436710198817906 -1.94547003094124 -1.9445881119511021 -1.945416943302619 -1.9453518577981832 
# Stellar luminosity-weighted [N/H]:
0 -5.218485947384705 -6.810024555508484 -5.973575014276216 -3.588717375205486 -2.5971464881246726 -2.0338916895178762 -1.7976764688565394 -1.8694951918016312 -2.0730158748971705 -2.2613420953798693 -2.388418948624138 -2.433292784355456 -2.4460247170940734 -2.4448229578031944 -2.4354702672952504 -2.421075668738011 -2.4042195811020735 -2.3848533236594127 -2.3634800269133702 -2.3419707857118315 -2.322200894219959 -2.3045838961546137 -2.2892910309063854 -2.2759059673707664 -2.263910387235118 -2.2539560094475606 -2.2461577498254117 -2.240419332744759 -2.236564005631247 -2.2346134117614715 -2.2339199610428953 -2.234440982247259 -2.2353500129542274 -2.2381455841514413 -2.240902740921558 -2.2435965370188766 -2.2457104907188263 -2.247432302811881 -2.24859869225548 -2.249297900299001 -2.2496829115778594 -2.249848131419289 -2.24954466773315 -2.2491934929381703 -2.2488670620245443 -2.248407271500356 -2.2476458049034145 -2.246729992527799 -2.24583953841457 -2.244888664935197 -2.243975871126226 -2.2429282716459076 -2.2418748282227092 -2.240868658190343 -2.2397777533963756 -2.2386938096624984 -2.2376229848852303 -2.236565281175454 -2.2314849484886414 -2.2303199227240045 -2.2291655039681952 -2.2271764761127404 -2.224346084874429 -2.222808226678226 -2.221866614995852 -2.2208687204678643 -2.2198265824559433 -2.218780403184198 -2.217751859035884 -2.216740307980724 -2.2157958010343544 -2.2146820824751403 -2.213524784003199 -2.2125881007896284 -2.2116522475125473 -2.2104233316565454 -2.2092736001188626 -2.2082350277489464 -2.2071604532054474 -2.2060912100578136 -2.2049360599491843 -2.203760591769753 -2.2027169620261056 -2.2018011763917587 -2.2008774907497983 -2.199888251481024 -2.1983911323130876 -2.197077541585122 -2.1961052578455265 -2.1952312048819858 -2.194315102512152 -2.192952124734199 -2.1913893770918857 -2.190073789494167 -2.189200049239962 -2.1883908182641587 -2.1869926465924294 -2.1861576220484737 -2.1852873965616375 -2.1834541314153535 -2.1825780005104294 -2.181838324211685 -2.1811761946079793 -2.1805027907715395 -2.1798023632271724 -2.179053577115213 -2.1782527570181784 -2.177423619522405 -2.176100740713723 -2.169613873502172 -2.1584218337625174 -2.1496415383631327 -2.141707939849944 -2.1353721434397173 -2.128161243041167 -2.122576124271542 -2.118638214371286 -2.1171887985535696 -2.1159662046805012 -2.113816495988668 -2.112758589448659 -2.1114446965518914 -2.1113904503650476 -2.10895265640859 -2.1083558447443673 -2.1048865626653166 -2.1034337816709474 -2.102869253025953 -2.1019622808509784 -2.099746844242013 -2.0993740985967397 -2.0980962120911215 -2.0966469497923583 -2.096537986375327 
# Stellar luminosity-weighted [O/H]:
0 -5.218485947384705 -6.810024555508484 -4.367029955991596 -1.9811024490462765 -1.504123083647988 -1.3543649536673792 -1.4433239997929208 -1.7049896283495292 -1.8953368780992106 -1.975373017453788 -2.010950530542808 -2.02956291368346 -2.0408774690930853 -2.048573736850993 -2.0535142621768134 -2.056812017088678 -2.0591119807933342 -2.060719154203052 -2.061775850892956 -2.0624095668598867 -2.062719291941095 -2.0628329467696993 -2.0628013428995757 -2.062023764302471 -2.0619127840196168 -2.0615719283297924 -2.0610956479978393 -2.060486468126406 -2.0598534295518807 -2.05920366969091 -2.0585204369286254 -2.0579946329406678 -2.0573573726743977 -2.0561843638108357 -2.055528404319948 -2.0547470713433906 -2.05374973713211 -2.0529288596631092 -2.0520071369954094 -2.0511829044430936 -2.0503631088595924 -2.0496121458668766 -2.048836014110151 -2.048025081708456 -2.047332639068486 -2.0464933839902733 -2.0456320418139526 -2.0450043360794457 -2.044269186458174 -2.0434841260982415 -2.0427966526322914 -2.042067109147829 -2.0413604752005847 -2.040622364086788 -2.039794216268307 -2.0391107052185777 -2.038257771879982 -2.037530959014286 -2.036901823660612 -2.0361861900706657 -2.03548092995105 -2.0348538909147695 -2.0342261170570293 -2.0335372237760376 -2.0329037934194654 -2.0322661850375985 -2.0316676063057324 -2.0309381059585014 -2.0302746797017823 -2.0297264995979196 -2.029107606024678 -2.028416706010691 -2.0277802121533623 -2.0273567399104877 -2.0268470589179444 -2.026197384725914 -2.0254838870793908 -2.0249226308503117 -2.0244650674283067 -2.0238827497567717 -2.023293175416253 -2.0226057930043577 -2.022112753176356 -2.02171059044643 -2.021209201474428 -2.02063578862443 -2.019968269567956 -2.019678708241263 -2.0191259741198015 -2.018656451481167 -2.017994214655385 -2.0174305558278887 -2.0167748721320073 -2.0163019131365294 -2.015914190840016 -2.015600263278584 -2.0151158808840925 -2.0146474067033466 -2.014044936598821 -2.013454944756635 -2.013427094367776 -2.013564458275132 -2.013716020527159 -2.0137466923196 -2.013751487567429 -2.013682007694965 -2.013577597256475 -2.0134731525791363 -2.0136376806223373 -2.013049475576474 -2.011075316972036 -2.0090177935488507 -2.0073035766236202 -2.0060824878614563 -2.0045707034703346 -2.0033572067211542 -2.0025142884991345 -2.001991762429264 -2.0019231109921556 -2.001340558445425 -2.0008793674814314 -2.000859750142358 -2.0008240863468245 -2.000154389049703 -2.0000980243086204 -1.9996288025433646 -1.9997451970639455 -2.000176420713645 -2.000470772613257 -1.9997979708580509 -2.00043319966609 -1.9998514873001225 -2.0001877272880693 -2.000095447319442 
# Stellar luminosity-weighted [Mg/H]:
0 -5.218485947384705 -6.810024555508484 -4.960475191527554 -2.5912170723689814 -2.120921316416367 -1.9740575541245686 -2.056687140298129 -2.2963782024710184 -2.4736287680309346 -2.560191478410818 -2.6034978271444302 -2.623820520769711 -2.635091697484553 -2.641871080420687 -2.645799721815079 -2.6479670823439303 -2.649006143428484 -2.6492571747010167 -2.6488720321116146 -2.648037665137063 -2.6470160956321607 -2.645649144753646 -2.644311038129132 -2.6427985726385064 -2.641221140361801 -2.639634150015775 -2.637959889960289 -2.6361653075480254 -2.634391553566009 -2.632613704783849 -2.6307883165355257 -2.6289192404199753 -2.6273157893433243 -2.62567474997683 -2.62370701058998 -2.6217351837444527 -2.6194196491336275 -2.6170898429113825 -2.614730372112703 -2.6124467628646197 -2.609074066757013 -2.607668944271233 -2.6053368899011735 -2.60299504685148 -2.6006134510982495 -2.5981186005632715 -2.5956845287760455 -2.593064401161758 -2.590604580382033 -2.5880642587399123 -2.585572564750735 -2.583133307359306 -2.5806806233445405 -2.5784622903422036 -2.5763102377371547 -2.5742360935916295 -2.5722068152411017 -2.57028361745835 -2.5686225974136114 -2.5667657600467084 -2.5651246313621554 -2.563543553450832 -2.562025459965419 -2.5605075434120828 -2.559113190614747 -2.5577812562752476 -2.5564685701526964 -2.555031961558571 -2.554022471823033 -2.552975372079217 -2.5484872689090317 -2.5478004848638536 -2.548238279726034 -2.5472447219093386 -2.546691854518814 -2.5456558567011642 -2.5446036630078472 -2.5436852184243826 -2.5427463666293812 -2.5417680542721737 -2.5406427974879637 -2.539490121966222 -2.5385788949680865 -2.5377073780576556 -2.536773743768112 -2.5358157219469533 -2.5346983412653357 -2.533823817587714 -2.532941507333293 -2.532277948728632 -2.5314554282738433 -2.5306453086867924 -2.5296997088247446 -2.5289097897060913 -2.528162211693875 -2.527674805345745 -2.527125020111675 -2.5264159178760854 -2.5253660643875895 -2.524608624306919 -2.5249271706467216 -2.525393805397316 -2.5258730832337104 -2.526271164158847 -2.5266403938817197 -2.5269218250954193 -2.527138950963373 -2.5273211382149574 -2.5279645020715886 -2.5290514345671573 -2.528469974368025 -2.52703166223324 -2.5254793560476703 -2.524308883947006 -2.522879272165322 -2.5217359535914063 -2.5210695316828406 -2.5205843583378638 -2.5207025626627093 -2.5203178868971055 -2.5202181295463317 -2.5202445619715945 -2.5203470740706875 -2.5197881632406274 -2.5200802169342733 -2.5196787002249694 -2.5199216246127216 -2.520505608591595 -2.520818620322091 -2.519921022855172 -2.5206008158200266 -2.5199106764458277 -2.5201068381366936 -2.5200114804257847 
# Stellar luminosity-weighted [Fe/H]:
0 -5.218485947384705 -6.810024555508484 -5.862601001916476 -3.578959147505884 -2.7852103943455147 -2.435346335063957 -2.4124932744955236 -1.8708480249003658 -1.8017903037761318 -1.947288226242236 -2.098758441846374 -2.146226885929318 -2.151534936047195 -2.140411988036404 -2.121323567372656 -2.099642758720366 -2.0782109419689956 -2.0577078069887627 -2.0378061002023458 -2.018753857704235 -2.001005035127993 -1.9844172464070216 -1.9687802775285785 -1.9538076288069464 -1.9394689641179665 -1.9258517942303426 -1.9128859774987648 -1.9004048527706114 -1.8884975565472857 -1.8770396788760646 -1.8659343758726878 -1.855235612759035 -1.845066725413031 -1.835211377208405 -1.8258231210731406 -1.816615116286183 -1.8077142857267097 -1.7991327857975756 -1.790517385075236 -1.7825584115287842 -1.7746844931257941 -1.7673285616535503 -1.7599669697426314 -1.752968490708219 -1.74611025142047 -1.7395109203574757 -1.7329739540806903 -1.726618677864609 -1.7203944669470852 -1.7143520317108 -1.7083876146648311 -1.7026241560931945 -1.6970682943576714 -1.6915108577986668 -1.6861048460813297 -1.680849322937699 -1.6756683317654462 -1.6706538340264263 -1.6657401854907015 -1.660840566328324 -1.656067710946731 -1.651491528640003 -1.6468413737915784 -1.642297711263911 -1.6378625171584353 -1.6335423476694784 -1.629345476239795 -1.625175475379164 -1.6210063498977094 -1.6169972965209256 -1.6130302580085454 -1.6089922078150902 -1.6049881813046332 -1.6012128155522882 -1.597567689205163 -1.5937547043549074 -1.5899772010600515 -1.5863901922929244 -1.582836912805539 -1.579324029428129 -1.5758641275163559 -1.5723980953199943 -1.5690296951367664 -1.5658069016257112 -1.562530777736396 -1.559264942501656 -1.5558875856626413 -1.5526207506681375 -1.549619977084146 -1.546660592458232 -1.5435990413637448 -1.5406575921686398 -1.5374518905538528 -1.5346007183034898 -1.5316544681296405 -1.5289339092143557 -1.526190760287939 -1.5235013390318395 -1.5207296441152094 -1.5178987701439155 -1.5192313207743382 -1.5207342934289523 -1.5222986034297374 -1.523943090058241 -1.5255696095494642 -1.5270765962744939 -1.528405368637494 -1.5295691518502865 -1.5318133364708455 -1.5380666393917721 -1.5405580846333935 -1.5396870677232233 -1.5372196137845986 -1.534961392385731 -1.5323109211684036 -1.5301414238986437 -1.5290970968325217 -1.5284840695424746 -1.5287962890830684 -1.5285586046348572 -1.5293135929589896 -1.5291407297862847 -1.5296078411685343 -1.5289106100947674 -1.530021036923909 -1.5289527106287748 -1.5291019772867784 -1.529777869889192 -1.5297044815053544 -1.527800528678866 -1.5282237319806713 -1.5270696978380416 -1.5262629800490064 -1.5261627182688606 
# Stellar luminosity-weighted [Ca/H]:
0 -5.218485947384705 -6.810024555508482 -5.141432436801464 -2.8065509469213765 -1.9036963093303267 -1.5356700575119913 -1.5443613892539503 -1.6520081432377767 -1.75895339091762 -1.9017283381298062 -2.013348669680177 -2.052142025547637 -2.062724881105302 -2.0615853811072116 -2.0540948233389287 -2.043297595756507 -2.032093827641779 -2.0206797548741173 -2.0089977325936603 -1.997221142998244 -1.9860060852842736 -1.9754723011864925 -1.9652257531335877 -1.9551561749546051 -1.945334181743604 -1.9359233704993288 -1.9268329364012908 -1.9179671327808387 -1.9094418504858046 -1.9016294741340145 -1.8935681612955308 -1.8854350582035435 -1.877646072375832 -1.8700894921368238 -1.863029736795088 -1.8560638645978615 -1.8492978286141337 -1.8427427510313832 -1.8361309492850397 -1.829989862965519 -1.823851421247717 -1.8181353086315806 -1.8123766060391748 -1.806867531869873 -1.8014685824273835 -1.7962329465456524 -1.7910395799183645 -1.7859525201260666 -1.7810224769973821 -1.776181867391469 -1.771401480212588 -1.7667294487108203 -1.762232787092664 -1.7577052844233352 -1.7532905319954475 -1.7490349552610196 -1.744780901567876 -1.7406715016336074 -1.7366692752042567 -1.7326369011338096 -1.7286742564491453 -1.7249045793076538 -1.721101665793558 -1.7173483847173658 -1.7136910465357102 -1.7100912713284755 -1.7066010026507303 -1.703109212430281 -1.6996273399011663 -1.6963035932254789 -1.6929996661824935 -1.689623502481969 -1.68628908738906 -1.683075224641775 -1.680008689723583 -1.676781287172739 -1.6735756042384597 -1.6705629655166154 -1.6675957667510257 -1.6646192174610555 -1.6616810970465492 -1.6587163809595982 -1.6558523562109828 -1.653124027380077 -1.6503453420686744 -1.6475558519434959 -1.64466312253725 -1.6419024594560971 -1.6393182978732987 -1.6368094528114714 -1.6341979769953996 -1.6316744652684445 -1.6289112293842818 -1.6264288823663904 -1.6239049197405553 -1.6216003387247948 -1.6192509232719106 -1.616932960071427 -1.6145750456362054 -1.6121063150970416 -1.6131832720746013 -1.6144292453285018 -1.6157387247559623 -1.617092006669096 -1.6184252966171764 -1.6196405373568323 -1.6206991900614947 -1.6216191146459655 -1.623457826675856 -1.6283677073492981 -1.6298506127929988 -1.6286178291269895 -1.6261488225713343 -1.623982086669697 -1.6214539785715871 -1.6193915332770787 -1.6183307363812913 -1.6176964793494006 -1.617931450352537 -1.6175726564505206 -1.6180888057825777 -1.617924801563075 -1.6183080857312602 -1.61754082246396 -1.6184460951751376 -1.6174273545759439 -1.6175601475459738 -1.6182147049055056 -1.618228249896089 -1.6164683365169825 -1.6170013700161041 -1.6158746134350013 -1.6153129940059365 -1.6152089143025528 
# Stellar luminosity-weighted [Ne/H]:
0 -5.218485947384705 -6.810024555508484 -4.733342857514959 -2.3804838116170064 -1.93492453306237 -1.8212888697778 -1.9308110401832685 -2.189850822332417 -2.3633962044660066 -2.430931634372378 -2.4613631564166845 -2.4780091691998285 -2.488550283726486 -2.4957720510559156 -2.5009081039242984 -2.5046234435307495 -2.507298722797401 -2.5092668177194373 -2.5107056188776085 -2.5117256304318847 -2.5124351132676077 -2.5129526625240706 -2.5132478018279896 -2.5131733153355613 -2.5132791607740215 -2.513324783656169 -2.513198778838225 -2.512925933394264 -2.5125996940035886 -2.512327599808777 -2.511973251332307 -2.511571003044166 -2.51114903886777 -2.5107087745559635 -2.5103599234275285 -2.5100055799520318 -2.5093966214863563 -2.508666006554721 -2.508144309472099 -2.5076734837635097 -2.5071643225540816 -2.5066731407140024 -2.506142862946761 -2.5055623067800585 -2.5049712959718367 -2.5044087519303577 -2.5038768170136283 -2.503309166486712 -2.502758935780289 -2.502170953142966 -2.501644668751937 -2.5010790516694117 -2.500587246011124 -2.5000325401087835 -2.4994476934831598 -2.498871937459085 -2.4982677952614782 -2.497675085124567 -2.497217279928849 -2.4966400435179352 -2.4960877282587566 -2.4956129051268245 -2.495135065433101 -2.4945492274012038 -2.494072794008945 -2.4936185390053796 -2.4931293027759542 -2.4925749929183807 -2.492131606112263 -2.4917779739281922 -2.4913465240793347 -2.490806425407672 -2.4903622529803524 -2.4900482556279524 -2.4897755899430196 -2.4892188997972156 -2.4886465710727936 -2.4882563264201005 -2.4879472512008807 -2.487481419979245 -2.4870398237649622 -2.4865275747889335 -2.486226992928856 -2.486015013074665 -2.4857038740076502 -2.4853074656572742 -2.484819529435468 -2.4845575706811722 -2.484227519276617 -2.4839223308781015 -2.483621795695619 -2.483224570563526 -2.482683234707194 -2.4822732765215747 -2.4820338457965656 -2.4818848081288403 -2.4816055870910887 -2.4812510780562658 -2.4807848836943363 -2.480456212812496 -2.4803804784222176 -2.4804672483683152 -2.4805548963837625 -2.480509132202802 -2.480434261015227 -2.480290870961566 -2.480123183740643 -2.479967310782092 -2.4800528537641346 -2.479220137561951 -2.477232083041133 -2.4752789210243966 -2.473765594752881 -2.4727190354021102 -2.471381173617244 -2.4703067390727194 -2.4695414171322616 -2.4690624596020063 -2.468987835982234 -2.4684477714357573 -2.467940165570875 -2.4679549651278263 -2.4678861723852945 -2.4672959433628527 -2.4671742821172353 -2.466812924228101 -2.466948710074335 -2.467354355729211 -2.4676599863538424 -2.467134284271027 -2.467727737876997 -2.4672478603085635 -2.4676284473153096 -2.4675404109876258 
# Stellar luminosity-weighted [Si/H]:
0 -5.218485947384705 -6.810024555508484 -4.851328514522896 -2.5155186110985612 -1.881259195006657 -1.6061265868518921 -1.635871947167451 -1.7291506113234707 -1.8198285916793004 -1.9522823954742394 -2.056588121084702 -2.092473594977549 -2.1022675702950897 -2.1011435332276953 -2.094094659503952 -2.084366676076348 -2.0738170226177246 -2.0630773381644936 -2.0521153644629235 -2.0411871551380987 -2.030668075066413 -2.0206238337624267 -2.010940093603109 -2.001454749404733 -1.9921965580342533 -1.9832801004431273 -1.9746682338398207 -1.9662510811400153 -1.9581314633325144 -1.9502508387669595 -1.942529192480162 -1.9350091043856956 -1.9278106172090315 -1.9207355811041662 -1.9140237322833231 -1.9073620754360219 -1.9008802366398267 -1.894565838928397 -1.88821787148792 -1.8823142025700106 -1.8764275469460276 -1.870928012930091 -1.8653944976056689 -1.8600929640131083 -1.8548933760121074 -1.8498534154882398 -1.8448507691199252 -1.8399734831419092 -1.8351916208605559 -1.8305009836876138 -1.8258761270884536 -1.8214258273942336 -1.8171789036938923 -1.8128443840814237 -1.8085322049958767 -1.8043314221105637 -1.8002165915537036 -1.796229193900034 -1.792349691554711 -1.7884512464494682 -1.7846587599665273 -1.7809019825553989 -1.7772910300700273 -1.7736498035611685 -1.770099789827774 -1.7666281674551296 -1.7632412415735184 -1.7598612759343224 -1.7564881655429243 -1.7532614422340602 -1.750056129100101 -1.7467603529588915 -1.7434880868550389 -1.740427485061625 -1.7374569450729718 -1.7343154449717701 -1.7312125179909268 -1.728279520406387 -1.7253955319313565 -1.7225048251435968 -1.7196426624749872 -1.716761968067452 -1.713980410578828 -1.7113370879937033 -1.7086387620877526 -1.7060604832729185 -1.7031161890768187 -1.7004156846635405 -1.6979151118659095 -1.6954683307482759 -1.6929123115494473 -1.6904414648788961 -1.6877333397643577 -1.685335147709158 -1.68289574878039 -1.6806455394080695 -1.6783580220017837 -1.676091457481129 -1.6737520329582338 -1.6713772652461882 -1.6724300227745124 -1.6736515641483756 -1.6749306526497243 -1.6762498617750659 -1.677548330796439 -1.6787317010000775 -1.679762752713402 -1.6806598194004447 -1.6824623285642737 -1.6872506223828472 -1.688699232759764 -1.687491140413778 -1.6850917106243495 -1.6829849136940291 -1.6805132590899277 -1.6784972053460185 -1.677460281647269 -1.6768425868901513 -1.6770707949892927 -1.67672587736892 -1.677220018792628 -1.6770655406112676 -1.677433926350525 -1.676695836632537 -1.6775696651628005 -1.676586574016313 -1.6767208706374053 -1.6773592726479958 -1.6773721924288143 -1.6756722550665488 -1.6761809850932563 -1.6750977683289268 -1.6745462437945307 -1.674444883394929 
# Stellar luminosity-weighted [S/H]:
0 -5.218485947384704 -6.810024555508483 -4.966192932520943 -2.6354418731098956 -1.8526760744134325 -1.5102766204314158 -1.517252208481958 -1.6553206271417116 -1.784348263759699 -1.9244915675696683 -2.027854393810605 -2.0645658558240054 -2.075831064303298 -2.0762176916693207 -2.070622239814428 -2.0622088294757885 -2.052821177854109 -2.043118475276022 -2.0330831912503324 -2.0229647939152873 -2.0132263291376757 -2.003843278601641 -1.994775221627461 -1.9858412455838872 -1.9770946561045974 -1.9686552513650728 -1.9605017221793757 -1.9525051195398193 -1.9447937902921053 -1.9372841539199168 -1.929914842540259 -1.9227351640557817 -1.9158539504313383 -1.9090736268273787 -1.902644354038837 -1.8962522286200558 -1.8900142419003902 -1.8839619741045173 -1.8778555855618428 -1.872187860801171 -1.866512980382475 -1.8612289900911305 -1.8558979533242868 -1.8507849910408272 -1.8457803120730052 -1.8409143110461175 -1.8360840052690355 -1.8313624119595193 -1.8267586481521647 -1.822237030605769 -1.8177722468353261 -1.8134120550261645 -1.8092023369437937 -1.8049911927160975 -1.8008689971350522 -1.7968927001008668 -1.7929181558698755 -1.7890628046149057 -1.7853133851744323 -1.7815266732937225 -1.7778428899963767 -1.774176037867755 -1.7706998893497348 -1.7671359665502138 -1.7638486698944416 -1.760345055710883 -1.7570335821809122 -1.7537506486337628 -1.750462024277752 -1.7473247179575049 -1.7442160458722773 -1.7410184463994778 -1.737821785837519 -1.7348234447464579 -1.731954681457605 -1.7289034326156933 -1.7258648873613929 -1.7230088965452852 -1.720206767444969 -1.7174051893165734 -1.7146150733553593 -1.7118031662280435 -1.7090855695533538 -1.7065073648652316 -1.7038827355067774 -1.7012400575929227 -1.6984871972217572 -1.6958764341314563 -1.6934225756079062 -1.6910462239538369 -1.6885676047845797 -1.686148252245804 -1.6835080747347089 -1.6811846215484278 -1.67877671995282 -1.6765822862760285 -1.674354890769548 -1.672151907192979 -1.6698678167565193 -1.6675227077199786 -1.6685263676500428 -1.6696989009583527 -1.6709328724438528 -1.672201660380039 -1.673450233796311 -1.6745825931408715 -1.6755652089050699 -1.6764170816378154 -1.6781431903274395 -1.6826782235900266 -1.6838972578930447 -1.6825801522763166 -1.6801312958280858 -1.6780045345076786 -1.6755226513982118 -1.6735005059500265 -1.6724416854761293 -1.6718068372908288 -1.672019452800952 -1.671633242999932 -1.6720828660104523 -1.6719223935640901 -1.6722805992660312 -1.6715041296842692 -1.6723480828987336 -1.6713514502761262 -1.6714794376960453 -1.6721231629555176 -1.6721570369629521 -1.670450859837385 -1.6710040571924107 -1.6698965500633216 -1.6693985847300024 -1.6692949743458714 
# X_list:
0.7502484878082851 0.7500063198614393 0.7500005013106117 0.7499168913756644 0.749694766332145 0.7492623998817767 0.7482179154702959 0.7456183407836021 0.7394328682222191 0.7249484351278191 0.6952527604122526 0.6598633621594353 0.640805718877723 0.6399262702485432 0.6435526656062347 0.6479991291546328 0.652513489939068 0.6539335840736554 0.6573812621862494 0.6596370808738007 0.6632360420310072 0.6674275887812208 0.6721995896470634 0.6741986653669632 0.6784721241828596 0.681634365801922 0.6828925738050653 0.6847565627374201 0.685533758554857 0.6870394841711536 0.6875691624449343 0.68748826017096 0.6895627527796755 0.6871910245428041 0.6897117493269441 0.6862164936813276 0.6831446304779033 0.6755286364438482 0.6749082620674194 0.6674774800336226 0.6656084870199183 0.6623226035538382 0.6576888769911129 0.653160046259429 0.6511904760802011 0.6476198151631033 0.6421284625803558 0.6441184796813608 0.6397478358782143 0.6358566724223216 0.6355987312467256 0.6291618083636308 0.626426325952869 0.6262330861713582 0.6272579104561735 0.6223204199056454 0.6205972455490224 0.6193696597645864 0.6183845117887257 0.6166193086781558 0.6154569813401246 0.6112140526325972 0.6162475679213226 0.6113485229023544 0.613446155990539 0.606649635052087 0.6057153019469065 0.5968798439380247 0.6141601974874598 0.6060932286822994 0.6044571749588035 0.6077656538768115 0.6167185238836057 0.6178655338766115 0.6113338287706702 0.6184277349603 0.6136136313237026 0.6160719646759141 0.6230064174590426 0.6170393446064356 0.6201131642469044 0.6199901113831559 0.6202928417357477 0.6206844649552808 0.6255013202647296 0.624279226977186 0.6274043204238339 0.6205937330848057 0.6214318883732737 0.6243502233343635 0.6366382717724988 0.6129679467388753 0.6555078526535788 0.5987679911687372 0.6288045294741723 0.627299899090195 0.635473631777906 0.6257427818529598 0.6307320495360641 0.6330691308880522 0.6348519305815044 0.6293356065958287 0.6308992120688803 0.6334878131626431 0.6343003415585506 0.6341892925093365 0.6344068475996539 0.6345728752270989 0.6348630844818004 0.635335600346465 0.6381562124228262 0.6422115112001989 0.646612716813811 0.6514428893250453 0.6554940647665579 0.6597080782215775 0.6631735400169607 0.6657076140731673 0.6665190499199297 0.66827229844557 0.6699098672697047 0.6717828180245708 0.67254421513554 0.6731081638917713 0.674667724483582 0.6762836146775457 0.679193945557381 0.6814519133792806 0.6835433034003613 0.6831445192565871 0.6867459567218956 0.6884322346665035 0.6888978062535214 0.68997248389006 0.690783606723436 
# stellar_X_list:
0.7529042722234999 0.7502484878082851 0.7500113398443629 0.7500060107802504 0.7499794379628256 0.7499513399596126 0.7499314148985726 0.7499161901276064 0.7499049217284387 0.7498970855794371 0.7498915542829434 0.7498872994977717 0.7498837895748824 0.7498807472529098 0.7498780404291091 0.7498755626814478 0.7498733209720978 0.7498713285598748 0.7498694689028583 0.7498677277724136 0.7498661006756447 0.7498645794108527 0.7498631794221992 0.749861913288312 0.749860684861223 0.749859578163786 0.7498585398172308 0.7498575520250855 0.7498566093536101 0.7498557060505097 0.7498548426444341 0.7498540099424675 0.7498531967327506 0.7498524238523155 0.7498516477678475 0.7498509191818121 0.7498501679585623 0.749849409732507 0.7498485906638619 0.7498477797533492 0.749846939261449 0.749846088870888 0.7498452265170849 0.7498443387671971 0.7498434250720827 0.7498425224770879 0.7498415991460518 0.7498406708745793 0.7498397434713018 0.7498388107269851 0.7498378476749318 0.7498369073134559 0.7498359321361775 0.7498349642203334 0.7498339942912037 0.7498330422674276 0.7498320763541693 0.7498311192859953 0.7498301659531699 0.749829214133365 0.7498282611992508 0.7498273141796609 0.7498263579900784 0.7498254547252864 0.7498244935177469 0.7498235898012751 0.7498226485120797 0.7498217231379462 0.749820751786922 0.7498198816136842 0.7498189975834614 0.7498180985825614 0.7498172374260942 0.7498164033744047 0.7498155957472754 0.7498147892794481 0.7498140002613668 0.7498131927971212 0.7498124161592076 0.7498116832665501 0.7498109186875676 0.7498101890919223 0.7498094526530684 0.7498087284560543 0.7498080246097818 0.7498073492096744 0.749806676226554 0.749806013112181 0.7498053195305363 0.749804636327055 0.7498039775955216 0.7498033848236886 0.7498026948376413 0.7498021779013088 0.7498014611101192 0.7498008489714344 0.7498002253199963 0.7497996574678291 0.7497990770536866 0.7497985007981245 0.749797926022959 0.7497978719833664 0.7497978191006438 0.7497977781167315 0.7497977030034585 0.7497976637449262 0.7497976082097756 0.7497975623173335 0.7497975086756978 0.7497974177493794 0.7497970018556899 0.7497962409392644 0.7497956393275647 0.7497951013501307 0.7497946862090067 0.7497942031207475 0.7497938389050796 0.7497935710555172 0.7497934677219757 0.7497933685872271 0.7497931668373319 0.7497930428700712 0.7497929527882589 0.7497929347034009 0.7497927157804533 0.7497925928514519 0.7497922343173373 0.7497919892513201 0.7497918130637645 0.7497916115634579 0.7497912496123542 0.7497911454074943 0.7497908394193158 0.7497906706599061 0.7497904802460142 
# stellar_X_list_luminosity_weighted:
0.7529042722234999 0.7502484878082851 0.7500063624780386 0.7500005859736947 0.7499207657127958 0.7497260404792424 0.7494526155936931 0.7492620589162277 0.749434702562351 0.7496732300521896 0.7497909038172768 0.7498361330159884 0.749851615914866 0.7498583477686592 0.74986157484124 0.7498629645358499 0.7498633583858171 0.7498632289910386 0.7498627004554199 0.7498619174082982 0.7498609578831594 0.7498599607129771 0.7498589787163672 0.7498580464566433 0.7498570515446248 0.7498560917850184 0.7498551622381143 0.7498542080633073 0.74985322774111 0.7498522284523104 0.7498512231794827 0.7498501948645299 0.7498491243567871 0.7498481036195334 0.7498469781912248 0.7498459658615977 0.7498448076334445 0.7498435723916174 0.7498421521769298 0.7498406701216116 0.7498390992995461 0.749837455415235 0.7498358245858774 0.7498340705758128 0.7498322671962224 0.749830455918442 0.7498285983879943 0.7498266484325324 0.7498247555958522 0.7498228248509918 0.749820819024559 0.7498188596369969 0.749816809716185 0.7498147658122205 0.7498127131929964 0.7498106880113373 0.7498086829322316 0.7498066355465853 0.7498045948486809 0.7498025881000172 0.7498005468517492 0.7497985200390216 0.7497965192028859 0.7497945233257652 0.7497924751256022 0.7497905272774253 0.7497884874856967 0.7497865090884345 0.7497843753558551 0.7497824991255997 0.7497805925030206 0.7497786594135363 0.7497767802019415 0.7497749540973011 0.7497733157091212 0.7497716647003324 0.7497699961764142 0.7497682019974105 0.7497665859043283 0.7497650815913907 0.7497634460123449 0.7497619090535041 0.7497603275446602 0.7497587704322176 0.7497573265398442 0.7497559167160959 0.7497544320337739 0.7497529015410523 0.7497513736945455 0.7497499332013565 0.7497486173287283 0.749747361157904 0.749745844860216 0.7497447598889458 0.7497431127632315 0.7497417226881432 0.7497404894541904 0.7497393016407432 0.7497379907084897 0.7497366742034247 0.7497353445403735 0.7497360798145171 0.7497369225750189 0.7497377908712277 0.7497386638451409 0.7497395224782027 0.7497403084448767 0.7497410011519401 0.7497416148089119 0.7497428593338363 0.7497463667993065 0.7497483274995176 0.7497484157212171 0.7497477774155523 0.7497471911012397 0.7497464945464322 0.7497459042725297 0.7497456836778624 0.7497454073552071 0.749745678257464 0.7497455827373052 0.749745902790796 0.7497459244073768 0.7497461632446489 0.7497458461976337 0.7497464004691409 0.7497461740274866 0.7497464487277187 0.7497470007061162 0.7497471746760087 0.7497463034511876 0.7497468945583128 0.7497462125896942 0.7497462456987135 0.7497461946755594 
# Y_list:
0.02113317345039969 0.000537486039661398 7.156324571043092e-05 5.6503184703698765e-05 0.00018091557889187888 0.0005193791568723645 0.001378853239476746 0.0038269886057623855 0.011896269189034974 0.03871254534913673 0.10805586258892559 0.20501592035235627 0.26872883159798466 0.2888237998211571 0.29255435299439286 0.29016162248105326 0.2873747516776302 0.2865563188269868 0.2832642603620223 0.28056810458180037 0.2776574126134757 0.2739605268630514 0.27057323495838914 0.2672453598809875 0.2639947106388535 0.26195854071653774 0.2604948478078645 0.2588033722505949 0.2581152923026409 0.2572217598104451 0.2564672573384199 0.25700282251225165 0.2549816522043254 0.2545386487013403 0.25652712939939026 0.2576074692512982 0.2591156145315702 0.2659922953949892 0.26583730311852 0.27195320703901105 0.2724625667601752 0.2755869194046349 0.27894251438839585 0.2823993380666267 0.28349933230240015 0.2866701696927334 0.2903879894308577 0.2890021923412313 0.2934423076310799 0.2953471543562346 0.2967128024434313 0.29914993515556493 0.3037737722337067 0.3012515198778092 0.30193249637724695 0.3058162625186796 0.30881535277563243 0.3101038152163373 0.31099954464254304 0.31054988823567603 0.31230715555613764 0.3157037176100579 0.31159943601448253 0.3174478227020328 0.3161599121995771 0.3185550909931651 0.3203903359209952 0.3249972655321273 0.32011124785646594 0.32153190101235013 0.32035752476241003 0.3231827045776503 0.3096013033919604 0.3149234020603533 0.319744222397426 0.3114898488074626 0.31750155619836756 0.31523083484219633 0.3073102694179026 0.31650020007079455 0.3127532483701343 0.31215467571734706 0.3130835857606619 0.3129619406583599 0.30821087930566865 0.30980934605595184 0.3080602606851001 0.3132768482715975 0.31319276289033654 0.31168693684795873 0.30029762271570737 0.3236679654726237 0.2847059536864627 0.33414906223217966 0.3095298401647205 0.31023191727645694 0.30334008307966637 0.31065501959109404 0.30632428025208824 0.30628927524450583 0.30631702712072484 0.3097742675291575 0.308250257009369 0.3056230224608403 0.30488382118073565 0.3059024076526175 0.30580807844500485 0.30559475737038216 0.3053596912976189 0.30475236072015693 0.3021908215663551 0.30030101851761715 0.2973301883408024 0.2939323432127763 0.2911179964051927 0.2882671129214143 0.28591586983207185 0.28430226575667294 0.28381554155163335 0.2825788778521365 0.2815736095104417 0.2801920564528797 0.27965475932146866 0.279211502092273 0.2779735725816262 0.27652838309235556 0.2739546803183531 0.2717524409484755 0.2698290084066106 0.270158833073592 0.26714165215136043 0.2657083356720005 0.2654563846105949 0.26469762866223895 0.2640909922790838 
# stellar_Y_list:
0.247 0.02113317345039969 0.0009644211499827567 0.0005303761529913111 0.0005301969529781823 0.000559771933065633 0.0005864251219641017 0.0006078190175479828 0.0006251122973021823 0.000639759335207154 0.0006527312869043063 0.0006640665922638978 0.0006762355947338016 0.000684862871367081 0.0006934720294834847 0.0007016146663379898 0.0007092884990137597 0.000716198789779678 0.0007226605745447354 0.0007286569605952886 0.0007343953508252536 0.0007398031207012673 0.0007449051837745964 0.000749701391979257 0.000754340188401233 0.000758702848468946 0.0007628908984551075 0.0007668633199436324 0.0007707353031650568 0.0007744496385784381 0.0007780577422070748 0.0007815311848327112 0.0007849640184246476 0.0007882471209144839 0.0007914476511037413 0.0007945711224654004 0.0007976389030569833 0.000800623194929052 0.000803670856435577 0.0008066432757942903 0.0008095694212706857 0.0008124243299088769 0.0008152673768655368 0.0008180340219905717 0.0008209386889909163 0.0008236825632489175 0.0008263804811640426 0.0008290799723210771 0.0008317504585727402 0.0008343343922086503 0.0008370032762323619 0.0008396086978896908 0.0008421611156729353 0.0008447152153759059 0.000847179518066093 0.0008496636474975933 0.0008521799692003513 0.0008546167100026912 0.0008570588435506976 0.0008593757171009747 0.0008617567870470999 0.0008640754947314704 0.0008663895401942941 0.000868630905478299 0.0008709618580054923 0.0008732085914983403 0.0008753770014107697 0.0008775385997638133 0.0008797573000043945 0.0008819298846454082 0.0008840246192047399 0.0008860907414781515 0.0008881605276047975 0.0008902169682998693 0.0008922168219648725 0.0008941653757817324 0.0008961007678425369 0.0008981085981689434 0.0009000352423624498 0.0009018864998721583 0.0009037622702679431 0.0009055909015077445 0.0009074687869641241 0.0009092936631825585 0.000911075752713373 0.0009127917425008997 0.0009146837773449061 0.0009162504163701197 0.0009179541564157009 0.0009196825736929366 0.0009213801027737825 0.0009230168706818229 0.000924656700665666 0.0009262866356507963 0.0009279726895058846 0.0009297010842027575 0.0009312390707100515 0.0009328098791512397 0.0009342968887449414 0.0009356989483203295 0.0009373109172561174 0.0009375162887735105 0.0009377250848343053 0.0009378628159011572 0.000938087714314014 0.0009382208611034278 0.0009383816781621067 0.0009385391378817459 0.000938708230655797 0.0009390973836167889 0.0009405048974837194 0.0009430357753338293 0.0009448867802327881 0.0009465617783839643 0.0009478269394493896 0.0009492611159130252 0.0009503245820005389 0.0009511411534384518 0.0009513858511648105 0.0009517701245790505 0.0009523357575364741 0.0009526437793176679 0.0009529685823288337 0.0009530399998278961 0.0009535959661025217 0.0009538991046825699 0.0009547861351188862 0.0009553819691342099 0.0009558654049027225 0.000956397967950138 0.0009571387097662539 0.000957534570552384 0.0009581328422945482 0.0009586398544823755 0.0009590785410858321 
# stellar_Y_list_luminosity_weighted:
0.247 0.02113317345039969 0.0005411104588686746 7.842457710292198e-05 6.392437968918601e-05 0.00018292909953937273 0.0004433710249053751 0.0007245658463104913 0.0007453805170010277 0.0006431508415027926 0.0005760867731995968 0.0005503433444183472 0.0005531615922551834 0.0005632661521237103 0.0005751972907204838 0.0005876450057409507 0.0005998578713777165 0.0006114735860729147 0.0006225404465520968 0.0006330955213942089 0.0006432206742468221 0.0006528170767877507 0.0006617926576682403 0.0006702827772742041 0.0006785542334521055 0.0006864817237763599 0.0006940415594193268 0.0007013411754572575 0.0007085107894747391 0.0007155112306744019 0.000722236570314957 0.0007288235293511185 0.0007353257039875538 0.0007416621714118563 0.0007479980516067392 0.0007540160914228245 0.0007599919826916111 0.0007660291461990994 0.000772035594309118 0.0007781554185448794 0.0007840945842631637 0.0007900126255956022 0.0007957890140109335 0.0008015962504492838 0.0008073605289543479 0.000813055601037503 0.0008186646040061266 0.0008243753558071831 0.0008298485562100958 0.0008355305651559484 0.0008410831273511885 0.0008465997860349296 0.0008520969973077816 0.0008573677961171935 0.0008628600751782637 0.0008682951920857618 0.0008733467581806162 0.0008786822829883546 0.000884012488452114 0.0008890267086489589 0.0008941663766680505 0.0008993906888962027 0.000904265011866611 0.0009091422465752095 0.0009143329010199606 0.0009193919191382435 0.0009241298464632601 0.0009287836052012231 0.0009337599218676653 0.00093870462517246 0.0009432184473177058 0.0009476664013545698 0.0009525451740452548 0.0009574577726693949 0.0009618472089129389 0.0009659213487209972 0.0009703407465725744 0.000975186624591775 0.0009795832611179086 0.0009837545095625528 0.000987937093660148 0.0009921056832005077 0.0009965661257713046 0.001000952635914794 0.0010049007090844107 0.0010087483101971471 0.001012658482409435 0.001017176520905012 0.0010216849621108649 0.0010255488329213704 0.0010291849868927134 0.0010329239740898147 0.0010366467303000104 0.0010408080170846905 0.0010449051891236545 0.0010490737411275105 0.0010526332740579559 0.001056152673484933 0.0010596344539997484 0.0010632131842128198 0.0010672900346094594 0.0010660310446137173 0.0010644290975305398 0.0010625971080353187 0.0010606470239631319 0.001058675641844044 0.001056846786661066 0.00105529996847435 0.0010542767417725083 0.0010521155884246033 0.0010458891482324967 0.001045247513216517 0.0010473584552218352 0.0010514636372196884 0.0010546357519483237 0.0010578031860237513 0.0010605269279184298 0.0010621453709398461 0.0010628041725345007 0.0010630981481334575 0.001063930770515914 0.0010632630489824221 0.0010638575472986756 0.0010634081069493635 0.00106437824425313 0.0010632187079320046 0.0010640474752383873 0.0010636747874530545 0.0010628626238799802 0.001062799918185126 0.0010643882370502326 0.001063794855187687 0.0010648670439193878 0.001065401604006073 0.0010654868855040445 
# Z_list:
8.555940668178012e-08 2.176056840734405e-09 3.697750600492616e-07 9.160860300975046e-05 0.0003099057086542228 0.0006945824236482982 0.0016673416541217122 0.004232715067155015 0.01013363514982104 0.022207761568865163 0.04327071842493375 0.06610995077145516 0.07632361618749496 0.07852875190736684 0.07809130596861247 0.0779834004978023 0.07642411949490875 0.07612116559866036 0.07547090782405666 0.0758377006205926 0.07456104542797241 0.07459192124293683 0.07261238156432487 0.07474675466825634 0.07144711041666053 0.07317865275931837 0.07051232027387502 0.07283145096389318 0.06940136871612286 0.07264355007373836 0.06798098608775573 0.0734098923182707 0.06518486249793538 0.07932848739974403 0.054731361507416004 0.09345336668196698 0.033282242162107456 0.13346332620260346 6.252004253659523e-10 0.2235572692242214 6.56274956226631e-10 0.3477143121318328 6.834120623577889e-10 0.5340122046178795 7.114010088254865e-10 0.8276529217668326 7.384639773954384e-10 1.3072756898766398 7.657011195983593e-10 2.125160330762721 7.872179602109993e-10 3.622622170158987 8.191536794299874e-10 6.406388505709618 8.344636263083175e-10 11.884708346082924 8.756480946064543e-10 22.8221313549407 8.914099239146297e-10 46.106381635356264 9.194465012044253e-10 97.73701470922077 9.42601130844867e-10 212.24893813555997 9.717345816723458e-10 483.1023733655289 1.0152576965158966e-09 1154.3033901048905 1.02294772389551e-09 2857.825802680156 1.0650556578891295e-09 7371.376390187827 1.053605509661146e-09 19234.12373492157 1.1258635488363353e-09 52135.40025375722 1.1188355660088082e-09 146547.29887907565 1.1473098823410032e-09 419388.59433420014 1.1931128500114293e-09 1247197.5546102803 1.1903100280480847e-09 3839578.144723137 1.2395262704746839e-09 12053254.509031037 1.234523880268271e-09 38949250.00181321 1.2881183438462688e-09 132370842.37010519 1.2894055176774782e-09 471228064.2193661 1.2623238120297547e-09 1761311199.9839065 1.326955102189374e-09 6465707125.901814 1.3742726760141109e-09 24416180201.325718 1.4154723732644243e-09 91918454485.75932 1.417767834914978e-09 189247510782.8818 5.26880489140894e-10 204905845205.2048 3.243498593324826e-10 151879388634.3307 33210962849.756657 95891476588.90057 53779918922.69322 62115656967.659515 31805790594.474037 21258352144.87776 16241794826.092752 13337782327.041193 11478590735.679913 9652019984.198723 8508229549.268654 7692637080.119833 7490989780.111273 7091225554.915813 6611085565.060792 6245373878.998935 6048624112.388487 5964995608.460491 5629714681.288787 5329359133.908803 4887140867.961512 4596833458.06799 4360233810.437473 4188382546.1884866 3994040742.5747304 3847395829.300288 3724170949.718642 3607040160.8639216 3510298390.238516 
# stellar_Z_list:
9.572777650013187e-05 8.555940668178012e-08 3.9045390687561e-09 2.4707989614904154e-07 2.9303701150424962e-05 5.734299231418018e-05 7.561716218793728e-05 8.982965138104925e-05 0.0001008115798596258 0.00010838515403183187 0.00011332612406084797 0.00011673430092449023 0.00011938802285363191 0.00012157182862312494 0.00012357530628543593 0.0001254733594422746 0.00012724911814015563 0.00012885075175811075 0.00013036109774286462 0.0001318106515207416 0.00013319983979406404 0.0001345257633618444 0.0001357934734922652 0.0001369751298557654 0.00013816777119439477 0.0001392563443606698 0.00014033586554704694 0.00014134681373795583 0.0001423596872018687 0.00014330208582059276 0.00014425456946861277 0.00014513101319578423 0.0001460422454151251 0.00014684862546499248 0.00014777347000590098 0.00014843818565045286 0.0001494531861048148 0.00014989638680949131 0.00015122995791029244 0.00015137407538204118 0.00015340343845851178 0.00015353794271753354 0.0001565370985096687 0.00015667298113658626 0.0001610708709621548 0.000161203074945921 0.00016773162875665228 0.0001678570902565567 0.0001778418215339734 0.00017799329550331817 0.00019374637238078212 0.0001939211312144032 0.00021968770756431995 0.0002198970791271164 0.0002642877117141792 0.00026457473298216764 0.0003441759677415616 0.00034459634223341616 0.00049458894883704 0.0004952401058745137 0.0007881972748775246 0.0007892924205682323 0.001391051247149365 0.0013931152235137619 0.002689846665133971 0.002694015496487041 0.005555283901797592 0.0055642485154677795 0.012178928898362402 0.01219867332917085 0.028240734991523155 0.028285812788898766 0.06858038027365074 0.06869121105673012 0.17407915651977096 0.17435671641453782 0.45308328172050155 0.45381097087249217 1.2191995313427255 1.2210842780500866 3.399647067021504 3.404917582976091 9.7162376260966 9.730880442976213 28.72138061267049 28.76426632403563 87.9017281936059 88.02316289321791 275.7198685713883 276.13130763106665 889.2910464379245 890.5956990931986 2996.423289543965 3000.8585575033862 10574.703409178803 10589.580273999018 39184.04020367323 39238.49518338561 145218.13193146492 145403.65216735532 549404.6357510551 550172.4189450555 550857.5227186572 551469.2050836735 552161.7057871175 552503.8217459347 552845.1721184603 552887.9985869557 553262.5285570467 554077.5418306863 553029.2740107201 553381.2259740538 554213.3683522543 555240.3359392851 556169.344327535 557388.6181942199 558351.1956220401 559147.8836573166 559469.1826955164 559695.1501827205 560078.5362741244 560092.4040058015 560101.6227856744 559958.558149644 560072.635449022 559824.1371426873 560456.4917093767 560937.9880628984 561512.5835272679 562495.7499516978 563834.5220172054 564209.3586762105 565859.8393786735 566427.7719847461 567702.2828340366 
# stellar_Z_list_luminosity_weighted:
9.572777650013187e-05 8.555940668178012e-08 2.190730602707185e-09 3.654727058204919e-07 8.74672560828291e-05 0.00027886599475167805 0.0005192240891480994 0.0006968940713371466 0.000550142109026841 0.0003206083252561592 0.00020441792159434018 0.00016106777395196063 0.00014607786037833652 0.00013922942145831025 0.00013582663539084028 0.00013427162133908737 0.00013376227944890656 0.00013380920323676873 0.00013422694330546413 0.00013492100732129557 0.00013582924416176195 0.00013681453369803905 0.00013787437642261174 0.00013893355095922705 0.00014013587463750936 0.00014129182592340024 0.00014250994354627198 0.0001436793622149503 0.00014494936592123503 0.0001461348586862323 0.00014741692889385348 0.00014859394601337818 0.00014992809263180847 0.00015103883942776882 0.00015253052582378312 0.0001533630058891646 0.000155165402275624 0.00015554222129998303 0.00015825815003872885 0.00015787011183801804 0.00016254600475348128 0.00016220604739807984 0.00016973047352767819 0.0001694394985568396 0.00018095113807747057 0.00018057650075667034 0.00019812159373173478 0.00019760149926165849 0.00022528284471354113 0.00022460356051884966 0.0002693751770005433 0.00026848131541910565 0.00034309194546663365 0.0003415990211998838 0.00047314772666491947 0.0004713289138604574 0.0007102730387395534 0.0007081394815018574 0.0011672304650618098 0.0011650642435583846 0.0020828575142869065 0.0020795243318520477 0.003971831981051212 0.003975644699736935 0.008156433729632262 0.008178729518310744 0.017530993000975457 0.017594457758570572 0.03930163132388713 0.0394774786493406 0.0932609360959578 0.09372800755041846 0.2304382401691387 0.2317558000611357 0.5955662198810835 0.599168268259944 1.5798222328029363 1.5907148094943429 4.301353882636567 4.3306033503637265 12.151896029884256 12.254280674768504 35.05454373842702 35.35006657558853 104.48147253619089 105.25449400525468 323.6463506574301 326.2470903572556 1029.925650138988 1037.6848910717215 3324.7507723675535 3351.2664723996186 11233.645129077726 11321.726429629898 39551.37374663988 39884.284187358935 149420.98122821326 150700.6732412233 561582.3723404193 566709.3895731092 2178895.2704525352 2198167.338903968 2216448.942739532 2224193.421154366 2225357.610280484 2186192.128946682 2122558.140646732 2054962.785798375 1990378.7095380928 1875983.0701982887 1537564.18822309 1285876.3029331334 1181124.8948371145 1125723.482649433 1088724.265362507 1049804.6273006757 1023806.0890079202 1005355.2295539267 1001850.9588109598 990443.1251191258 977572.7509604977 963115.9153840286 954787.3226382408 949412.9671577987 935227.6849267704 917546.8973873394 898823.1085785768 883970.7752758234 872787.4929957712 867372.4001724261 865680.3051108348 857072.8289917415 860113.325973764 854608.5884674652 855564.0796459296 
# formed stellar mass list:
1e-15 4664039.624280768 181916223.82263917 164326232.8855007 72553511.61698797 24836003.99555647 7476707.764556036 2088892.8453194096 558624.2390691756 147264.1966178274 40551.686465333725 13409.79745979429 6419.199349295342 4459.014123710007 3748.5343950942174 3375.172848820701 3115.7669566996556 2901.399144013437 2724.4676202544083 2569.1801109890016 2430.1655565861447 2311.698635984031 2201.0960507892896 2094.426057477827 2013.9605092919362 1932.3358584998723 1856.0437392390215 1786.490054618063 1726.64146396242 1670.8970883857278 1616.1069966912098 1564.6438418863545 1523.5279134587297 1477.4840836824428 1447.8211027037376 1396.4642441552132 1367.3816634256245 1331.1345810164496 1305.8555493306155 1279.589660438461 1238.6830081766172 1219.0012622144561 1194.009223408094 1170.5968391016977 1147.2962590889288 1124.541559648319 1104.778625171355 1083.329755395245 1070.5139897315462 1044.794084171683 1038.0579109469927 1016.2369768412991 993.8955105589877 976.6177215448564 965.3686045358664 958.6996662026058 929.7048383343268 913.609022765643 908.88946320108 897.4546710079212 874.8889475752449 870.0886880879347 844.411941528824 848.7152983605572 834.5898718452121 823.2700730102738 805.9760681170819 787.9772817732822 776.7828109122149 782.0536487959545 758.1138925318147 751.1344539360014 735.5606423254109 759.2974720275438 734.6953111837033 710.5656816288796 714.3320092385705 715.0291108941221 695.4791042926332 697.2832817997329 689.459334110031 670.5149475109052 669.4313102384981 672.0938084608682 652.2595477180346 645.40786190327 645.0136294082057 648.0231065486998 631.6817135505096 621.0609481821622 605.3313604119738 620.4409621582727 582.2849117519115 633.7518094613453 558.6735179093397 602.884000129365 572.9035121428207 582.1261049301294 560.8001837544844 565.1823483880544 566.3297327005707 1e-15 1e-15 1e-15 1e-15 1e-15 1e-15 1e-15 1e-15 1e-15 1e-15 1e-15 1e-15 1e-15 1e-15 1e-15 1e-15 1e-15 1e-15 1e-15 1e-15 1e-15 1e-15 1e-15 1e-15 1e-15 1e-15 1e-15 1e-15 1e-15 1e-15 1e-15 1e-15 1e-15 1e-15 
