# time step list:
1000000 10000000 20000000 30000000 40000000 50000000 60000000 70000000 80000000 90000000 100000000 110000000 120000000 130000000 140000000 150000000 160000000 170000000 180000000 190000000 200000000 210000000 220000000 230000000 240000000 250000000 260000000 270000000 280000000 290000000 300000000 310000000 320000000 330000000 340000000 350000000 360000000 370000000 380000000 390000000 400000000 410000000 420000000 430000000 440000000 450000000 460000000 470000000 480000000 490000000 500000000 510000000 520000000 530000000 540000000 550000000 560000000 570000000 580000000 590000000 600000000 610000000 620000000 630000000 640000000 650000000 660000000 670000000 680000000 690000000 700000000 710000000 720000000 730000000 740000000 750000000 760000000 770000000 780000000 790000000 800000000 810000000 820000000 830000000 840000000 850000000 860000000 870000000 880000000 890000000 900000000 910000000 920000000 930000000 940000000 950000000 960000000 970000000 980000000 990000000 1000000000 1010000000 1020000000 1030000000 1040000000 1050000000 1060000000 1070000000 1080000000 1100000000 1200000000 1400000000 1600000000 1800000000 2000000000 2300000000 2600000000 2900000000 3000000000 3200000000 3500000000 3800000000 4000000000 4100000000 4500000000 5000000000 6000000000 7000000000 8000000000 9000000000 10000000000 11000000000 12000000000 13000000000 14000000000 
# Number of SNIa + SNII (log_10):
0 0 5.265388506994331e+53 5.487932127323314e+55 1.232654869958583e+56 1.7421521415094237e+56 2.108850464186714e+56 2.4365986466794638e+56 2.746656555897249e+56 3.020978341072325e+56 3.2575189277884743e+56 3.4627552433990393e+56 3.6433729472243923e+56 3.804630323679082e+56 3.95026008917658e+56 4.083059798549823e+56 4.205130620144345e+56 4.318089144920397e+56 4.4232099311137735e+56 4.521516039449031e+56 4.613841354394729e+56 4.700874876663393e+56 4.7831922525588535e+56 4.861279887961317e+56 4.935552855484393e+56 5.006366865455722e+56 5.074031078369271e+56 5.13881484819022e+56 5.200952612318664e+56 5.260651905336973e+56 5.318099080688404e+56 5.373468146255213e+56 5.4268841360566045e+56 5.478484338866275e+56 5.528395512067608e+56 5.576724784118738e+56 5.623568218937121e+56 5.669006778418658e+56 5.713136675655619e+56 5.7560276601980155e+56 5.7977430836426545e+56 5.838347082130976e+56 5.877894689933989e+56 5.916440750219337e+56 5.9540358247231195e+56 5.990725875332691e+56 6.026553542206461e+56 6.0615523293428485e+56 6.0957711754709936e+56 6.1292426913436704e+56 6.161992812037792e+56 6.194049827747928e+56 6.225449131068076e+56 6.2562142259533034e+56 6.286370838503258e+56 6.315940768381814e+56 6.34494817158879e+56 6.373390086056292e+56 6.401336434440896e+56 6.42879197458114e+56 6.4557667678354015e+56 6.4822679439116534e+56 6.508298250457783e+56 6.533888694023834e+56 6.559062753591667e+56 6.583825853624929e+56 6.608193591900122e+56 6.632180587101183e+56 6.655795567423495e+56 6.679048124826085e+56 6.70195339580054e+56 6.724521677065959e+56 6.7467517157030885e+56 6.768667190669779e+56 6.790277894952289e+56 6.811584551168016e+56 6.832596650885234e+56 6.8533229455139726e+56 6.873771316183588e+56 6.8939474117399705e+56 6.913862463401551e+56 6.933511562017099e+56 6.952917662106409e+56 6.972083868462641e+56 6.991010783947668e+56 7.009703703385256e+56 7.028169945551792e+56 7.046419781483306e+56 7.064448825670846e+56 7.082261143265044e+56 7.09987249160879e+56 7.117273421085598e+56 7.134483834995673e+56 7.151517705968814e+56 7.168359233575723e+56 7.185011466770627e+56 7.201483250809358e+56 7.217782055769823e+56 7.233904042185663e+56 7.249856349184285e+56 7.2656409900462385e+56 7.281259563095761e+56 7.296729651238126e+56 7.312046398395596e+56 7.327208153564334e+56 7.342222435414593e+56 7.3570883233482755e+56 7.371806901284551e+56 7.386385335418535e+56 7.41513413916827e+56 7.551279601233484e+56 7.7917436735014114e+56 7.999391575549383e+56 8.182113713105258e+56 8.345279437415216e+56 8.561331713632533e+56 8.75052845881855e+56 8.918814300982548e+56 8.971056378764183e+56 9.07035513916116e+56 9.208176901250291e+56 9.334590980378724e+56 9.413387855583096e+56 9.45130588227229e+56 9.594216760899215e+56 9.755849130270411e+56 1.0035347244380033e+57 1.0271438807010111e+57 1.0475815056094716e+57 1.0656052829366223e+57 1.0817110687794231e+57 1.0962879473888067e+57 1.1095886749566271e+57 1.1218213540224822e+57 1.1331450255209177e+57 
# Gas [Fe/H]:
-5.218485947384705 -6.812943270487043 -5.864637794848136 -3.5616665318157477 -2.7892891923982006 -2.3745907566846016 -2.1146135041352796 -0.8761735787418852 -0.04516428418137863 0.5693772169079998 1.0396857301497793 1.3320815984928633 1.4504690175391022 1.477806270740527 1.4771159314314661 1.467461267381767 1.4588833391016678 1.450911902571839 1.4430191479229237 1.4356642978489886 1.4289781268854318 1.4208720643720447 1.4145248602087594 1.4072167973480485 1.4007718800279139 1.3958499483362234 1.3913598494749353 1.3861175434790014 1.3814012625674144 1.377700466264451 1.3745197724768459 1.3699649384505626 1.3651228432390354 1.3616088236769186 1.3621097819144743 1.3593431522358892 1.355464812007233 1.3616166800430571 1.3559478978209447 1.3608661085429907 1.3583022929314295 1.3584113395860662 1.3559379278863544 1.3560077062542026 1.3569254279578034 1.3565130719375094 1.3569124308420686 1.354428134445234 1.3560037616490699 1.351338872078597 1.3528722038373253 1.3550328766913773 1.356104443958575 1.3545138192215873 1.34979111042537 1.3537250933862044 1.356242505296442 1.3466486860452944 1.3515361052296884 1.3522156884295695 1.3518215999870171 1.3506465650633892 1.356438051513483 1.3431455225066067 1.3334507543984642 1.35106457263071 1.3558195615881106 1.349737357608464 1.342797198252308 1.3411704993749365 1.3381253840246115 1.339932118191455 1.348310299750969 1.342326925827276 1.3408186973506484 1.3332291697916587 1.3275898724796567 1.3226807588498026 1.3253738068327658 1.3265518742620093 1.3265213130546614 1.3179538671161306 1.3142044630508676 1.322583294205332 1.3120342003742111 1.3111443477044813 1.309240058377434 1.3135670084867006 1.3133575175306782 1.3225344247742226 1.3115944038064575 1.3211687427597858 1.3030270688552 1.3228876042791442 1.2798670474428016 1.297272097779512 1.3124200521529539 1.3074846832930147 1.302274737149372 1.2972288936821093 1.2866563327019445 1.2870091923851747 1.2978462516330675 1.2972762131490883 1.2959120781418134 1.296051625853654 1.2944773191635646 1.2848834316391908 1.2895111895160491 1.2906553110275447 1.2867804025433802 1.2781315238740838 1.2720855896174639 1.2656054148364961 1.2609961376217713 1.25688001664111 1.2545236164234073 1.2519430524456903 1.2509741320697194 1.2503771865835511 1.2494077136398607 1.2498512103163097 1.2504878882844985 1.2512452169499726 1.2524317333417567 1.2559028298991368 1.2620091193166303 1.2683671733185569 1.2723253950679259 1.274229535285011 1.2745884263655936 1.2751053441337312 1.2748179744700185 1.274003111897378 1.2734575730028164 
# Stellar mass-weighted [Fe/H]:
0 -5.218485947384705 -6.559046639961519 -5.981484193701853 -4.053225143172735 -3.5937210944391786 -3.4264751534676074 -3.360741205488675 -3.083556537917576 -2.812408003227147 -2.6270162000857447 -2.5018660804215287 -2.412410257948858 -2.3452016907598576 -2.2916366248916864 -2.247474590909775 -2.210188023488711 -2.1781372875301566 -2.150132648106041 -2.125310588656151 -2.1031142520565203 -2.083056396072216 -2.0646707719602757 -2.0478285040259543 -2.032301890785593 -2.0179982774702587 -2.0046828716966374 -1.992250359988808 -1.9805767200165665 -1.969608093409204 -1.9592560949078326 -1.9494716598534945 -1.9401879835289577 -1.9313546477877006 -1.9229663018099572 -1.9149627729703127 -1.9073145756597203 -1.899968961000269 -1.8929193892462077 -1.8861584245528649 -1.8796747308926331 -1.8734298181249986 -1.867417391310462 -1.86161560961376 -1.8559940763517089 -1.8505872010181221 -1.8453688335411487 -1.840332353006052 -1.8354159757393695 -1.83065504736466 -1.8260231219533996 -1.8215321485900047 -1.817168404468374 -1.812931527674344 -1.8088050730872265 -1.8047852410886183 -1.800857643192959 -1.7970509022069292 -1.793350024792887 -1.7897316900519114 -1.7861765830813532 -1.7827334272652404 -1.7793356801552545 -1.7760537984642069 -1.7728149302873577 -1.7696822680055595 -1.766591621461842 -1.763577104706008 -1.7605907157072798 -1.757707038236056 -1.754858308155586 -1.7520900503199908 -1.749342024038004 -1.74667634981504 -1.7440394570821578 -1.7414721491911545 -1.7389209104309966 -1.7364385117213113 -1.7339856919805126 -1.7316009376333188 -1.729237350210302 -1.7269232032388144 -1.7246312760859057 -1.7224007033056452 -1.7201886202803074 -1.7180321644145922 -1.7158886631335468 -1.7138490608758765 -1.7117518856414975 -1.70971555484115 -1.7076816435781321 -1.7057084909720528 -1.7037408157113374 -1.7018218392781552 -1.6999066206458497 -1.6980544633325243 -1.696167489445588 -1.6943667964740712 -1.6925967660148915 -1.6908813544218333 -1.6891088982751148 -1.6889150097228098 -1.688743528930904 -1.6885893120627857 -1.688353222288347 -1.6882052740345141 -1.6880371934526055 -1.6878781676310943 -1.6877069379699448 -1.6874019446248587 -1.686027450786649 -1.6835070205095422 -1.6814933655626554 -1.679732552190484 -1.678314730651742 -1.6766716761859861 -1.6754140447165415 -1.6744952490470189 -1.6741782541345165 -1.6738027974003513 -1.6731751904677266 -1.6727526943944424 -1.6724015190539347 -1.6723202793378489 -1.6716043378272607 -1.6711389382576094 -1.6697964900799027 -1.6688292206985036 -1.6680435178009105 -1.6672086268277981 -1.666021398581048 -1.6653905384826384 -1.664449256042456 -1.6636475555561079 -1.6629734215769627 
# Gas [Mg/Fe]:
6.938893903907228e-17 -1.3877787807814457e-17 0.5871217429186115 0.6479843714961065 0.40690041317139736 0.2371161680418118 0.10196809817933802 -0.9864128447065321 -1.459832739791078 -1.5870797763100588 -1.6121792029576283 -1.6245746622890045 -1.6327291217474678 -1.6400187977823348 -1.6427376369148876 -1.6459909524737233 -1.6425891152093153 -1.6318193532910774 -1.6225221516583919 -1.6145629356367375 -1.6122828634222726 -1.6093351644190261 -1.6125669504806028 -1.6120281675940968 -1.5957133735836462 -1.6082537718541434 -1.6046611965725774 -1.6035308179017398 -1.5998658160309678 -1.590455190765473 -1.5958937162290816 -1.5872461982075659 -1.5848735799576852 -1.5782633883548645 -1.56898711231444 -1.54859719028065 -1.53282742481233 -1.5188093960425233 -1.480493514481672 -1.4704306760709598 -1.4437034497245607 -1.4605284276824622 -1.4063508842256822 -1.421723035008257 -1.401562111894331 -1.3867198271500185 -1.3781859263405782 -1.3644557728831894 -1.3526156031649261 -1.3344953805580984 -1.336776808947959 -1.3347414075019337 -1.319646222672942 -1.32648233152515 -1.3322022566068272 -1.3447211800583025 -1.3558654953928224 -1.3611612817924037 -1.3716153390893604 -1.3781286041261522 -1.38271311854412 -1.3864800746472492 -1.4112112092721858 -1.4162843103489349 -1.4157751279935844 -1.4155971018984703 -1.4309099856080874 -1.4196849283739579 -1.4345329128639988 -1.3367298585418907 -1.5004818715604504 -1.5297403226972517 -1.4928040838104737 -1.4634059680191356 -1.4435205476318465 -1.4971230344290767 -1.4883707419171202 -1.4878122358104895 -1.4925438861210722 -1.5109385200220151 -1.53077354097785 -1.4882939310539651 -1.4800551982232706 -1.5251590177996397 -1.5221874911138165 -1.5250427852671815 -1.5095634494731405 -1.5278048498025665 -1.5431282358281648 -1.574913690402788 -1.571760577720232 -1.5588992999841624 -1.5908727351283793 -1.542578093178234 -1.6497104884434461 -1.459151965796819 -1.8694020581539506 -1.5227283549004815 -1.5919798195990875 -1.6506955878723562 -1.544668407168829 -1.5437400161185781 -1.5818127577567538 -1.591558717528976 -1.5987084964075247 -1.6010593291320352 -1.6029627296878077 -1.6040299966138793 -1.5994661454031502 -1.606383519591565 -1.69769379592853 -1.6360561949870782 -1.6446686331526479 -1.6496150651528745 -1.6558552009137064 -1.6614121419541734 -1.6653504731570903 -1.6676821903325532 -1.6685862176256363 -1.6702274139688502 -1.6718207865948602 -1.6714356914896233 -1.674232303778109 -1.6746952407925848 -1.6759955687510273 -1.6777460337181678 -1.6741870367032714 -1.6805186198826312 -1.6820219192090686 -1.6823513651013084 -1.697888873181929 -1.683900658732014 -1.6838628470848553 -1.684292399384728 -1.6845484957993166 
# Stellar mass-weighted [Mg/Fe]:
0 -1.3877787807814457e-17 -1.3877787807814457e-17 0.5422408948981974 0.6471308034148302 0.47982004219651075 0.39889969530944064 0.36036139451536287 0.09456275349885404 -0.16794684586403757 -0.34494860187213433 -0.4620905045699433 -0.5443979959677566 -0.6054101803998178 -0.6532663932763365 -0.6920150615539735 -0.7243899232262099 -0.7521014458447001 -0.7760143521614215 -0.7968387171961626 -0.8152216434394005 -0.831665372805542 -0.8466449181942123 -0.8602664427153334 -0.8727207874465499 -0.8840233856403179 -0.8945456292702323 -0.9042925226367202 -0.9133743074492251 -0.9218439695478514 -0.9297463185979112 -0.9372148718102054 -0.9442265659267025 -0.9508549348790912 -0.9571017205339905 -0.9629836167132212 -0.9684966087638384 -0.9737068961514403 -0.9786189062293557 -0.9831547512164792 -0.9874491131896992 -0.9914431452000024 -0.9953385858728133 -0.9988351667391872 -1.0022657511099662 -1.0054820882889424 -1.0085244670664923 -1.011382284877726 -1.014101831704249 -1.0166683707230673 -1.0190693119762537 -1.0213924554936549 -1.0236507217645872 -1.0257653568268315 -1.0278353445936617 -1.0298587179037582 -1.031879508318735 -1.0338811237121457 -1.0358513329415713 -1.037801821660566 -1.0397216075678684 -1.0415630671679543 -1.0434160561294603 -1.0452570061384963 -1.0471066528715065 -1.0488798682010736 -1.050632439393159 -1.0523679400773704 -1.054034417508257 -1.055694564169778 -1.057072226761472 -1.0588158480221392 -1.0605701495051774 -1.0622145670734278 -1.0637872936555426 -1.065259537952402 -1.0668248863569494 -1.0683270930623785 -1.0698165004462763 -1.0712821695196935 -1.0727545044333358 -1.074214612254404 -1.0755872091380487 -1.0769229567883047 -1.078322383062514 -1.0796738956615308 -1.0810094357820819 -1.0822770822018972 -1.0835900426550116 -1.0848566943481268 -1.0861705683876246 -1.0874745958233658 -1.088749709759469 -1.090017668694982 -1.0912293535970612 -1.0925318838556284 -1.0935748115470005 -1.0950126040894927 -1.0961308145936717 -1.097220585514357 -1.0984718401950189 -1.098568173950087 -1.0986679033280222 -1.0987542598011477 -1.0988796571273785 -1.0989443766129878 -1.0990222234293157 -1.0990892090049793 -1.0991659539218819 -1.0993204849489873 -1.0999923041784947 -1.101229050083786 -1.1022170883834106 -1.1031216078304178 -1.103884510531648 -1.1047493642512893 -1.1054452667079335 -1.105903606958222 -1.1060590780703414 -1.1062886942048213 -1.1066115432410883 -1.1068179052256184 -1.1070450537573333 -1.1070929585241764 -1.1074940371459236 -1.1077737910774106 -1.1086148253506587 -1.1092652407924548 -1.1098138293274267 -1.110388494228777 -1.1110995750732113 -1.1115647423696062 -1.1121270006398436 -1.1127009400657517 -1.1131018521620146 
# Gas [O/Fe]:
0.0 -2.220446049250313e-16 1.2222644981407051 1.3450263784975234 1.0517978569119166 0.8220051958816974 0.6461981161458139 -0.5463758895695715 -1.195267685734492 -1.4178790624751758 -1.4637899131840224 -1.5121440615387416 -1.5058210344862262 -1.5017235460290803 -1.4925048851831224 -1.4840709216124988 -1.5114950199543509 -1.503628479603524 -1.4692194593716683 -1.4894933608396232 -1.4843848128607342 -1.4906118453196329 -1.4915106080852536 -1.4815684228353379 -1.4702047664051863 -1.4991910592227375 -1.571511403110469 -1.4855722915180714 -1.4920048164299016 -1.4974626371313828 -1.4997584300478013 -1.523561242903248 -1.4874735287908758 -1.48375379240877 -1.4770006177939752 -1.499739659167163 -1.4895534729242002 -1.488480359707976 -1.4721883468378199 -1.5012749460494246 -1.4853867538028602 -1.4603069901150878 -1.5104270483467677 -1.405049832024847 -1.5483893861116527 -1.484401320051763 -1.4743286010763352 -1.4769849349144102 -1.4712084379101564 -1.4626175693541015 -1.423991949670115 -1.4653085674593513 -1.4634955032311008 -1.515894570374293 -1.4111202353659815 -1.4471387305566987 -1.4588124195600378 -1.4651794515429226 -1.455988483708852 -1.4636441026733595 -1.462949014003685 -1.4628886029356671 -1.4658828577913194 -1.4663997801609185 -1.46038543190369 -1.4679883981530752 -1.4456481283024636 -1.449297396770313 -1.4515163716707244 -1.4535838958540084 -1.4596657101917936 -1.4594076104637037 -1.4768855263106422 -1.441234479119212 -1.4675219590720507 -1.4629130034428004 -1.4634229831716807 -1.4606792112218359 -1.4592900594228877 -1.4617534533347576 -1.457659693796453 -1.4476476392927349 -1.4537896452492818 -1.45439070919151 -1.462704115255909 -1.4621781955259514 -1.4527207699762623 -1.447248657742355 -1.450298601101513 -1.4158992411651568 -1.504104645051062 -1.4161181750893488 -1.4318839625871442 -1.4703931938272952 -1.4290830978915117 -1.479544241290526 -1.4369410801167273 -1.6420575140187852 -1.4473748611657764 -1.4363674013253602 -1.4866547147844038 -1.4704408382337735 -1.406955352223245 -1.4182888384746872 -1.4306335341922807 -1.4362246809948682 -1.4543393259235344 -1.435129635260893 -1.441560401420973 -1.4488105700343221 -1.4522397814632737 -1.45563829599835 -1.457781026983158 -1.461774366475314 -1.4635610883273682 -1.4590650182858595 -1.4642613354684766 -1.464350841751974 -1.4648241068998267 -1.466836887222822 -1.466327929413697 -1.4676428268535635 -1.468093432908551 -1.4681785689163749 -1.4687559524286424 -1.4702365217960145 -1.4727269924198731 -1.474418064330214 -1.476687007737901 -1.4777911717762666 -1.4785964633238236 -1.4801541867573735 -1.4810006328760235 -1.4811827104738038 -1.4818076571985228 
# Stellar mass-weighted [O/Fe]:
0 0.0 -2.220446049250313e-16 1.1645136600657309 1.3437652322445643 1.1442243853890122 1.0430491664421213 0.9963517229577579 0.7247248746599535 0.45641810207460076 0.2737838858316226 0.15150439542104754 0.0645489951782412 -0.0004319117021021057 -0.05174311064103598 -0.09352104929768612 -0.1286396751922403 -0.15900519532196555 -0.18539889588518044 -0.20851133685767476 -0.2291351513241232 -0.2476854647072263 -0.2646978787787082 -0.280216292764654 -0.29444730881873904 -0.3074989515772003 -0.3196729137006661 -0.3311282936156591 -0.34171477221371505 -0.35165398516995405 -0.361017145300369 -0.36986856432442716 -0.3782825543192616 -0.3862242006656905 -0.39375665672129 -0.4009069790058535 -0.40775723937557595 -0.41431898120785293 -0.420594341894739 -0.4265937223938474 -0.4323858451462467 -0.4379310195877649 -0.4432283480350566 -0.44837716871598565 -0.4532295079284351 -0.4580674762118303 -0.46269703565988474 -0.4671160332490072 -0.47142452637776644 -0.47559031632933013 -0.4796201687766135 -0.4834820575354304 -0.4872989588202231 -0.49099384527501244 -0.4946212625815959 -0.49805092680404983 -0.5014340935799763 -0.5047342724318128 -0.5079641328925475 -0.5111014437371224 -0.514172865546555 -0.5171106186555348 -0.5200483491003104 -0.5228676425765783 -0.5256690125161181 -0.5283650722691028 -0.5310423099039596 -0.5336161627631792 -0.5361458608844943 -0.5386129597520471 -0.5410622060843732 -0.5434443388104875 -0.5457738102707076 -0.5480631453240803 -0.5503155669855149 -0.552508694729857 -0.5546770795803576 -0.5567840358025065 -0.5588766739361306 -0.5609233863424072 -0.5629392065003963 -0.5648882946366639 -0.5668183910695688 -0.56872239390228 -0.5706101679144256 -0.5724446187897849 -0.5742549460521352 -0.57600261082073 -0.5777723054409001 -0.5794453733104749 -0.581115541133851 -0.5828273540158074 -0.5844736618932589 -0.5860661894024063 -0.587691799349008 -0.589249867834495 -0.5908222968050968 -0.5923286107553218 -0.5939472641137692 -0.5953145146539369 -0.5968226054322644 -0.5969510543660884 -0.5970849949629905 -0.5972000434319803 -0.5973641224536677 -0.5974488767244587 -0.597553349069119 -0.597641961615582 -0.5977458031534562 -0.5979537623203008 -0.5988578560581881 -0.6005191880053725 -0.6018354066113955 -0.6030452596194189 -0.6040573341926239 -0.6051917521550825 -0.6060914545847552 -0.6066811776487665 -0.6068868037763842 -0.607173338407413 -0.6075904019161339 -0.6078463951718098 -0.6081343996620447 -0.608187705546316 -0.608712568465252 -0.6090561459170714 -0.6101481162852694 -0.6109889548695573 -0.6116918188882352 -0.6124295682072007 -0.613396058106531 -0.6139838300283055 -0.6147497489286795 -0.6154843933855934 -0.6160312933769606 
# Stellar mass-weighted [N/O]:
0 0.0 0.0 -1.9190063531498525 -2.702471609879344 -2.6296171717721246 -2.2353645402415565 -1.663371806598812 -1.2561652847917841 -0.9912641816054146 -0.8124275170804136 -0.6879421789229514 -0.5980201747362839 -0.5306827801628342 -0.4771731162498023 -0.43276840999852073 -0.39384240408645566 -0.35801286249876085 -0.32443087168401186 -0.29290589318893123 -0.2637827591113744 -0.2376511900393501 -0.21431466747532824 -0.19377693449310107 -0.17566777628363583 -0.15986249098465644 -0.1458690176362465 -0.13431667412434978 -0.12515627469045865 -0.11788303177271131 -0.1121960473871425 -0.107853871463515 -0.10472152200705442 -0.10270267217056372 -0.10142409697698385 -0.10092026683435029 -0.10074539059311205 -0.10071295265657132 -0.10066659693302837 -0.10066038211751216 -0.10056109484366083 -0.10048646351042911 -0.10052484624425173 -0.10047480195247538 -0.10047867787050702 -0.1004353688809515 -0.1004435147209426 -0.10043495849465178 -0.10035514737604623 -0.10024347298579817 -0.10023787723547684 -0.10032819451940767 -0.10030771144594908 -0.10032182395996536 -0.1002958076415641 -0.10029790062955457 -0.10031728857552002 -0.1002938007417955 -0.1002422534072086 -0.10024399518666394 -0.10025075193652111 -0.10026813637223775 -0.10020680010559246 -0.10018391210090771 -0.1002106645384423 -0.10025039661579205 -0.10023644714329061 -0.10026233970750598 -0.10021383751630242 -0.10024456269450566 -0.10019701172859274 -0.10020375219890221 -0.10020882031419576 -0.10017741048814044 -0.10023023123286412 -0.10024676100038721 -0.10015496877254992 -0.10009976790678976 -0.10013426816757764 -0.09997275243586423 -0.10001932780529244 -0.10007907245336667 -0.1000293361976844 -0.10001114427163038 -0.10002246239047896 -0.10000924301587344 -0.10000903530068339 -0.10003217573874701 -0.09999926652409974 -0.10003250931538532 -0.10012323200566331 -0.10007089044445716 -0.10012436036875172 -0.10015074478375074 -0.10007290342371222 -0.10004742453342952 -0.09996753280866577 -0.09999453258817126 -0.099902065253612 -0.09975205999469516 -0.09952381659257314 -0.09934227192752287 -0.0991673809409277 -0.09900076320787132 -0.09877324338219684 -0.09862823322684189 -0.09848017719182 -0.09833643775073375 -0.09819074493580549 -0.09788355938911353 -0.09655931654717176 -0.09416566095753665 -0.09227530716927468 -0.09055792397753304 -0.08910045789697019 -0.08738055144695123 -0.08594686634832271 -0.08487150279555367 -0.08452896127938236 -0.0839815445241634 -0.08322574437132413 -0.08265296910728226 -0.08213293298450286 -0.08198534261114188 -0.08110851798613683 -0.08039722103083358 -0.07866516761536702 -0.07734343333318039 -0.07621356701945114 -0.07511535369444722 -0.07392976154169384 -0.07295217334397697 -0.07206218393454245 -0.07094941459233262 -0.07028590576529925 
# Stellar mass-weighted [C/O]:
0 -1.1102230246251565e-16 -1.1102230246251565e-16 -0.3368810490501595 -0.38155651606879226 -0.34769867310538505 -0.3237278242295487 -0.3122748541515419 -0.3049464162104143 -0.29891201802022327 -0.2935039444837284 -0.2887249579203852 -0.2842516380468392 -0.2800405533527265 -0.2762125184141051 -0.27254756997829455 -0.2690197712217868 -0.26549416287301275 -0.26208369596561654 -0.2587969667902179 -0.25547045233916155 -0.2521659177578486 -0.2488165820079522 -0.24543963116473022 -0.2420908902005161 -0.23859833532362817 -0.23498506134074992 -0.23084136265149796 -0.22624856194650655 -0.22126651996177438 -0.2158151677895928 -0.21004317653600857 -0.20405835266716804 -0.19795986022160178 -0.19170820982600095 -0.1851654546490396 -0.17824627168138524 -0.17104280028652719 -0.16354903620403566 -0.15591525197128608 -0.14791421543204725 -0.1398634964020074 -0.13163300821284551 -0.12343316415338429 -0.115282972105624 -0.10689992612824267 -0.09860082744216847 -0.09030337497212965 -0.08195780368606947 -0.07378572537230388 -0.06565691932960194 -0.05762245109015107 -0.04954846248745948 -0.04166373704460913 -0.03391507413422912 -0.02636282725110789 -0.018897193902292275 -0.011856988991055584 -0.0048545411475460765 0.001974893754119411 0.008726961641762121 0.015287703013912496 0.02174874469386548 0.02800148465156624 0.033825462166381964 0.0402039837180273 0.04622543258110989 0.05186359682138991 0.05754112795844252 0.06299131067824731 0.06823927243572095 0.07310736005475371 0.0780266000796945 0.08290570278361681 0.0875947036733433 0.09206422667705733 0.09645201633185371 0.10074659272768038 0.10491051988594585 0.10889581322467398 0.11277799223151416 0.116544936428946 0.12028382676979424 0.12378760781417547 0.12732998684783695 0.1307562021952404 0.13413449689462562 0.13745740192331268 0.14069794855025453 0.1437755443885269 0.1467350103322072 0.14961815407462264 0.15247621403134579 0.15522039454824155 0.15805109883845375 0.16074249696057996 0.16348089559792747 0.1660316102127029 0.16867939918795902 0.17108082553985957 0.17352033861254224 0.17355896423670822 0.17361358195763138 0.1736447909965454 0.1736847440299848 0.17369023906021513 0.17372092819570467 0.17373121911435074 0.17376278137970055 0.17381761225830666 0.1740341029551859 0.17448848986989085 0.17484621084827584 0.17520385856914084 0.17548146427915223 0.1757095554418207 0.1758208014869579 0.17576746983049385 0.17578200657573007 0.17571969913124894 0.17567757639410014 0.17554943683749819 0.17552613184213933 0.1754676034910287 0.17549016218920632 0.17536428262593465 0.17549293611976732 0.17560060454374232 0.17566746703911823 0.17582697352649598 0.1762854188078647 0.17630288188198895 0.17671938627083755 0.17685259996773958 0.1771231367034005 
# Stellar mass-weighted [O/H]:
0 -5.218485947384705 -6.559046639961519 -4.816970533636123 -2.709459910928171 -2.449496709050167 -2.3834259870254852 -2.3643894825309166 -2.3588316632576225 -2.3559899011525474 -2.3532323142541216 -2.3503616850004807 -2.3478612627706177 -2.3456336024619597 -2.3433797355327233 -2.3409956402074616 -2.3388276986809506 -2.337142482852122 -2.3355315439912214 -2.333821925513826 -2.3322494033806436 -2.330741860779442 -2.3293686507389832 -2.328044796790608 -2.3267491996043326 -2.3254972290474587 -2.3243557853973043 -2.3233786536044674 -2.3222914922302813 -2.3212620785791582 -2.320273240208201 -2.31934022417792 -2.3184705378482198 -2.3175788484533903 -2.3167229585312468 -2.315869751976166 -2.315071815035296 -2.3142879422081224 -2.3135137311409464 -2.3127521469467123 -2.3120605760388804 -2.3113608377127637 -2.310645739345518 -2.309992778329746 -2.3092235842801436 -2.3086546772299528 -2.308065869201033 -2.307448386255059 -2.3068405021171356 -2.30624536369399 -2.3056432907300124 -2.305014206125435 -2.3044673632885972 -2.3039253729493563 -2.3034263356688216 -2.302836167892668 -2.3022917367729354 -2.3017851746387414 -2.301314157685434 -2.300833133789034 -2.300349448627909 -2.299844045920775 -2.299384029255565 -2.298921441040785 -2.2984839428034762 -2.298047340274663 -2.2976339313658016 -2.2971932674691864 -2.2967365765917735 -2.2963199979881024 -2.2959205142399597 -2.295534389130478 -2.295115834308712 -2.29473949513912 -2.2943550240676718 -2.2939808439210116 -2.293597990011354 -2.2932225475238175 -2.292862365916643 -2.2925243239757256 -2.2921765567106984 -2.2918114978754778 -2.291449667155474 -2.291123097207925 -2.290798788194733 -2.290476783204377 -2.290143609185683 -2.2898516716966064 -2.289524191082398 -2.2891609281516248 -2.2887971847119832 -2.2885358449878606 -2.2882144776045967 -2.2878880286805616 -2.2875984199948585 -2.287304331167019 -2.2869897862506843 -2.2866954072293932 -2.2865440301286615 -2.2861958690757698 -2.2859315037073795 -2.285866064088898 -2.285828523893894 -2.2857893554947664 -2.2857173447420154 -2.2856541507589734 -2.2855905425217244 -2.2855201292466765 -2.285452741123401 -2.2853557069451593 -2.2848853068448367 -2.2840262085149154 -2.28332877217405 -2.282777811809903 -2.282372064844366 -2.281863428341069 -2.2815054993012973 -2.281176426695785 -2.281065057910901 -2.280976135807764 -2.280765592383861 -2.280599089566252 -2.2805359187159793 -2.2805079848841645 -2.280316906292512 -2.2801950841746814 -2.279944606365172 -2.27981817556806 -2.2797353366891455 -2.279638195034999 -2.27941745668758 -2.279374368510944 -2.2791990049711357 -2.279131948941701 -2.279004714953923 
# Gas [Mg/H]:
-5.218485947384705 -6.812943270487043 -5.277516051929526 -2.913682160319641 -2.382388779226803 -2.1374745886427897 -2.0126454059559418 -1.862586423448417 -1.5049970239724573 -1.0177025594020588 -0.5724934728078495 -0.29249306379614204 -0.18226010420836491 -0.16221252704180777 -0.1656217054834217 -0.17852968509195577 -0.18370577610764727 -0.1809074507192383 -0.17950300373546835 -0.17889863778774906 -0.18330473653684098 -0.18846310004698097 -0.19804209027184339 -0.20481137024604834 -0.19494149355573231 -0.21240382351792064 -0.2133013470976417 -0.2174132744227384 -0.2184645534635532 -0.21275472450102217 -0.2213739437522353 -0.2172812597570033 -0.21975073671864997 -0.21665456467794542 -0.20687733039996647 -0.18925403804476026 -0.1773626128050969 -0.15719271599946616 -0.12454561666072728 -0.10956456752796839 -0.08540115679313143 -0.10211708809639664 -0.05041295633932741 -0.06571532875405417 -0.04463668393652753 -0.03020675521250915 -0.021273495498509654 -0.010027638437954955 0.003388158484144199 0.016843491520498688 0.016095394889365622 0.020291469189443134 0.03645822128563303 0.028031487696437374 0.017588853818542916 0.009003913327902069 0.0003770099036195518 -0.014512595747108392 -0.02007923385967203 -0.025912915696582495 -0.030891518557102593 -0.03583350958385978 -0.05477315775870295 -0.07313878784232841 -0.08232437359512002 -0.06453252926776099 -0.07509042401997679 -0.06994757076549352 -0.0917357146116915 0.004440640833045961 -0.1623564875358392 -0.18980820450579738 -0.14449378405950508 -0.12107904219185972 -0.10270185028119894 -0.1638938646374184 -0.16078086943746328 -0.16513147696068664 -0.16717007928830618 -0.1843866457600063 -0.2042522279231882 -0.17034006393783407 -0.16585073517240279 -0.20257572359430842 -0.21015329073960487 -0.21389843756270022 -0.20032339109570607 -0.21423784131586565 -0.22977071829748663 -0.25237926562856483 -0.26016617391377395 -0.23773055722437597 -0.28784566627317965 -0.21969048889909004 -0.36984344100064437 -0.1618798680173068 -0.5569820060009967 -0.2152436716074666 -0.28970508244971516 -0.3534666941902467 -0.2580120744668841 -0.2567308237334034 -0.28396650612368646 -0.294282504379888 -0.3027964182657117 -0.3050077032783811 -0.30848541052424316 -0.3191465649746892 -0.3099549558871013 -0.3157282085640203 -0.4109133933851492 -0.3579246711129942 -0.372583043535184 -0.38400965031637835 -0.39485906329193554 -0.4045321253130636 -0.41082685673368236 -0.4157391378868631 -0.4176120855559162 -0.4198502273852993 -0.42241307295499997 -0.4215844811733138 -0.4237444154936112 -0.4234500238426122 -0.42356383540927034 -0.42184320381903095 -0.4121779173866411 -0.4121514465640743 -0.4096965241411423 -0.40812182981629785 -0.4233004468163353 -0.408795314598283 -0.409044872614837 -0.41028928748735005 -0.4110909227965003 
# Gas [C/H]:
-5.218485947384705 -6.812943270487043 -4.983938142224082 -2.5984203324025597 -2.0647151443528156 -1.807876115555259 -1.660215765412337 -1.4996415593606578 -1.1682658458768023 -0.7032558861650244 -0.26840647830513475 0.02032740590939408 0.15992273087712405 0.19321966427562431 0.21677225920726384 0.22336519525170706 0.23228453985854491 0.24662405460890735 0.2604240581613264 0.27597094463772365 0.29087343702073065 0.30628629568430954 0.323721311665202 0.3364979185833046 0.36889764811317427 0.3901153012798031 0.44582661450504935 0.512254027514246 0.5577825721119436 0.6085508556014574 0.6473921163112379 0.6745129989548255 0.6999362188695026 0.7258805764070653 0.7644852693499957 0.8017398062192731 0.8324098931813921 0.8741359106975697 0.8955928834280336 0.9369424275105445 0.9569017538796691 0.9863596446776608 0.9982135739912366 1.0199183101737308 1.0427613916210303 1.0586234060693194 1.0779711179639193 1.0951006267350665 1.1054654414781577 1.1155519157098017 1.1313345334801483 1.1487842672271764 1.156886046483351 1.1613519166680928 1.1669873682625203 1.1789679396264798 1.1712975727419979 1.1739767278631001 1.1825330588001712 1.1902651749769078 1.1967141174608487 1.1972096592553916 1.2068318616542988 1.1725298699347406 1.218024750977261 1.219745662568822 1.2143660234599234 1.2198925909449994 1.210379028005856 1.2005092886138646 1.1805387223812542 1.1949777546913185 1.212789235783179 1.1987705040841377 1.1901130073331427 1.181459261505696 1.180396549658051 1.1688082253657348 1.1655789787556263 1.1622698158272229 1.1636382220810244 1.1574994844231656 1.1372060988168884 1.155631609471032 1.1431934882526624 1.1420685252882836 1.1455399220919231 1.1436862038723263 1.138307851101363 1.1334993044247064 1.1138257345682003 1.1314438495129377 1.1081984178825426 1.1397064774048267 1.090515285442374 1.1149345520590535 1.115665884084061 1.1110604241573276 1.1051025292940633 1.0927647682602477 1.1089581498844385 1.1109936546454722 1.0905191863076467 1.0919862780424738 1.0834928367266787 1.0842125452425129 1.0833060161633101 1.076831826506413 1.079882493409706 1.0787640296545606 1.068027303047817 1.0419684266266271 1.0178700086334524 0.9939644641720138 0.9724849904417012 0.9450812318346276 0.9156182183314119 0.8993911880760961 0.8927269046002175 0.883088892170039 0.8613752529885113 0.8463052624833023 0.8374041374283077 0.8335089219949099 0.817689266806398 0.8016599400149302 0.7736169020618182 0.7514897277218808 0.7329198340925296 0.7160977052140978 0.7005784155246189 0.6872561371461292 0.675901401090441 0.6643889045514162 0.6558673465931317 
# Gas [O/H]:
-5.218485947384705 -6.812943270487043 -4.642373296707431 -2.2166401533182247 -1.7374913354862835 -1.5525855608029042 -1.4684153879894657 -1.4225494683114563 -1.2404319699158703 -0.8485018455671751 -0.4241041830342427 -0.18006246304587847 -0.05535201694712377 -0.023917275288553252 -0.015388953751656498 -0.016609654230731685 -0.05261168085268331 -0.05271657703168531 -0.026200311448744795 -0.053829062990634835 -0.055406685975302405 -0.06973978094758815 -0.07698574787649415 -0.07435162548728913 -0.06943288637727241 -0.1033411108865141 -0.1801515536355338 -0.09945474803906995 -0.11060355386248721 -0.11976217086693186 -0.12523865757095498 -0.15359630445268557 -0.12235068555184014 -0.12214496873185166 -0.11489083587950066 -0.1403965069312738 -0.13408866091696714 -0.12686367966491918 -0.11624044901687514 -0.14040883750643385 -0.12708446087143077 -0.10189565052902161 -0.15448912046041308 -0.049042125770644596 -0.1914639581538493 -0.1278882481142536 -0.1174161702342662 -0.12255680046917616 -0.1152046762610861 -0.11127869727550443 -0.07111974583279013 -0.11027569076797406 -0.10739105927252535 -0.16138075115270567 -0.06132912494061138 -0.09341363717049456 -0.10256991426359585 -0.1185307654976282 -0.10445237847916378 -0.11142841424378958 -0.11112741401666826 -0.11224203787227793 -0.10944480627783637 -0.1232542576543123 -0.12693467750522558 -0.11692382552236547 -0.08982856671435302 -0.09956003916184919 -0.10871917341841675 -0.11241339647907234 -0.12154032616718169 -0.11947549227224874 -0.12857522655967335 -0.0989075532919359 -0.12670326172140278 -0.12968383365114144 -0.13583311069202386 -0.13799845237203323 -0.1339162525901214 -0.13520157907274832 -0.13113838074179185 -0.1296937721766045 -0.13958518219841398 -0.1318074149861781 -0.15066991488169768 -0.1510338478214699 -0.14348071159882814 -0.1336816492556543 -0.1369410835708349 -0.09336481639093419 -0.1925102412446038 -0.09494943232956299 -0.1288568937319443 -0.14750558954815052 -0.14921605044871056 -0.1822721435110135 -0.12452102796377362 -0.3345728307257705 -0.14510012401640493 -0.13913850764325097 -0.1999983820824589 -0.18343164584859872 -0.10910910059017764 -0.12101262532559875 -0.13472145605046704 -0.1401730551412137 -0.15986200675996987 -0.15024620362170227 -0.15204921190492415 -0.15815525900677718 -0.16545937891989349 -0.17750677212426558 -0.18569543736569472 -0.19616895163881765 -0.2025649507055971 -0.20218500164474973 -0.20973771904506933 -0.21240778930628368 -0.21384997483010748 -0.216459700639271 -0.21692021577383658 -0.21779161653725332 -0.21760554462405235 -0.2169333519664023 -0.2163242190868857 -0.21433369189687745 -0.21071787310324286 -0.2060508910116572 -0.20436161266997477 -0.20356163649125536 -0.20400803695822978 -0.20504884262364254 -0.20618265840600536 -0.2071795985764262 -0.20835008419570622 
# Gas [N/O]:
0.0 0.0 -2.52162762650635 -2.7194756729044105 -2.592037151884454 -1.7937977332884882 -0.7125518929662493 0.13011499472813293 0.6579577000495951 0.8723141086365772 0.9339217439431279 0.9914247222627598 0.988553642893649 0.9894464678476266 0.9909039031587669 1.0040268256811182 1.0637429586371103 1.0950957379408184 1.0981271187626105 1.141850878992599 1.143592877426069 1.1466217605479045 1.1364948959463819 1.1137222944843017 1.0839810676239168 1.0928812339988112 1.109134686876776 0.9558142301323403 0.8871682847349028 0.8083130609921138 0.7126488839618713 0.6079544279797755 0.40316840124305764 0.22099212924330602 -0.15506006727522492 -0.6094335661565473 -1.2036826750591856 -1.06699909879865 -1.2272120788008172 -0.8078920995468419 -0.8428726066204681 -1.503433405014063 -1.0153426415022409 -0.7922633573571856 -2.135040036544888 -5.7926326065260785 -0.8910877504548875 -0.676912007950371 -0.5690161960223938 -1.0134893353906995 -5.803518202487882 -1.041052175814626 -1.3899601277421452 -1.1923053388539246 -0.7573045407298813 -1.2179269617761759 -0.8307169359382698 -0.839075842523874 -0.9717997294070326 -1.020231716001274 -0.9033916528690105 -0.6556479815517189 -0.7889702777056657 -1.454117643707499 -1.7002964369289035 -0.9263954564826891 -1.1711107350254029 -0.5490142025183342 -1.2425048648279113 -0.6368302381278839 -1.0928594479575946 -0.7894209082440762 -0.7216999422407129 -5.611426593049678 -1.105653181007246 -0.39089240298366335 -0.5064894626025256 -1.6052815448754703 -0.2337856292549345 -5.5549677027092255 -5.553355571319858 -0.47257417577885685 -0.728096750952183 -1.0666183056544531 -0.7406202324226978 -0.7323201223044595 -0.7540771603180285 -0.6666236412373325 -0.8022212951684908 -5.547700149823347 -0.7159727524444068 -5.5362270526794815 -0.8418484446516699 -0.42320259507432434 -0.5926074310681619 -0.3840273527337146 -0.9157636180244206 -0.7059693467158443 0.05170308534505497 -0.07591440853372255 -0.2833200542129053 -5.711294091201006 -5.939311094515663 -6.045973091151313 -1.9114695171125464 -1.4244370489385623 -1.2425077093070387 -1.3113136056232144 -1.1892050047565124 -1.1414342162544484 -0.9639493116057443 -0.8642521252186497 -0.851332859986428 -0.7845715890049085 -0.8236922619436686 -0.8307966704994825 -0.8211931460673827 -0.8259041334829764 -0.8290443845166389 -0.8346889546203695 -0.8318443301149561 -0.7998489250609186 -0.8447414593383931 -0.843759857839403 -0.8465656825479548 -0.8621848331581927 -0.8796746424518789 -0.8944971071996413 -0.9005596255708459 -0.913124266979725 -0.9249594561960497 -0.9236924761097829 -0.9306825031686579 -0.9451953283018619 -0.9389972915547866 
# Gas [N/H]:
-5.218485947384705 -6.812943270487043 -7.164000923213781 -4.936115826222636 -4.329528487370737 -3.3463832940913933 -2.1809672809557146 -1.2924344735833238 -0.5824742698662755 0.023812263069401318 0.5098175609088846 0.8113622592168812 0.9332016259465257 0.9655291925590732 0.9755149494071107 0.987417171450387 1.0111312777844268 1.042379160909133 1.0719268073138655 1.0880218160019641 1.0881861914507667 1.0768819796003162 1.0595091480698877 1.0393706689970124 1.0145481812466444 0.9895401231122971 0.9289831332412422 0.8563594820932701 0.7765647308724155 0.6885508901251818 0.5874102263909164 0.4543581235270895 0.2808177156912177 0.09884716051145404 -0.2699509031547258 -0.7498300730878213 -1.3377713359761527 -1.1938627784635685 -1.3434525278176928 -0.9483009370532756 -0.9699570674918991 -1.605329055543085 -1.1698317619626533 -0.8413054831278295 -2.3265039946987374 -5.920520854640333 -1.0085039206891544 -0.7994688084195474 -0.6842208722834799 -1.1247680326662044 -5.874637948320672 -1.1513278665825997 -1.4973511870146705 -1.3536860900066303 -0.8186336656704922 -1.3113405989466704 -0.9332868502018652 -0.9576066080215018 -1.0762521078861962 -1.1316601302450637 -1.0145190668856783 -0.767890019423997 -0.8984150839835019 -1.5773719013618113 -1.8272311144341291 -1.0433192820050543 -1.2609393017397563 -0.6485742416801834 -1.351224038246328 -0.7492436346069562 -1.214399774124777 -0.9088964005163254 -0.850275168800386 -5.710334146341614 -1.2323564427286486 -0.5205762366348052 -0.6423225732945497 -1.7432799972475035 -0.3677018818450559 -5.690169281781975 -5.684493952061649 -0.6022679479554611 -0.867681933150596 -1.198425720640631 -0.891290147304395 -0.8833539701259294 -0.897557871916856 -0.8003052904929868 -0.9391623787393257 -5.641064966214282 -0.9084829936890113 -5.631176485009044 -0.9707053383836142 -0.5707081846224753 -0.7418234815168718 -0.5662994962447288 -1.0402846459881943 -1.0405421774416146 -0.09339703867135007 -0.21505291617697342 -0.483318436295364 -5.894725737049605 -6.048420195105839 -6.166985716476912 -2.0461909731630135 -1.564610104079776 -1.4023697160670086 -1.4615598092449167 -1.3412542166614365 -1.2995894752612251 -1.1294086905256382 -1.0417588973429153 -1.0370282973521228 -0.9807405406437262 -1.0262572126492655 -1.0329816721442322 -1.0309308651124525 -1.0383119227892603 -1.0428943593467466 -1.0511486552596399 -1.048764545888793 -1.0176405415981726 -1.0623470039624454 -1.0606932098058053 -1.0628899016348399 -1.0765185250550706 -1.0903925155551217 -1.1005479982112991 -1.104921238240821 -1.116685903470981 -1.1289674931542795 -1.1287413187334252 -1.1368651615746623 -1.152374926878288 -1.1473473757504937 
# Gas [C/O]:
0.0 0.0 -0.3415648455166491 -0.38178017908433504 -0.32722380886653235 -0.2552905547523544 -0.19180037742287076 -0.07709209104920178 0.07216612403906855 0.14524595940215151 0.1556977047291077 0.2003898689552723 0.21527474782424763 0.2171369395641774 0.23216121295892023 0.23997484948243875 0.2848962207112283 0.2993406316405927 0.2866243696100712 0.3298000076283583 0.3462801229960334 0.3760260766318978 0.40070705954169616 0.41084954407059415 0.4383305344904466 0.4934564121663173 0.6259781681405834 0.6117087755533162 0.6683861259744308 0.7283130264683892 0.7726307738821929 0.828109303407511 0.8222869044213428 0.848025545138917 0.8793761052294964 0.9421363131505468 0.9664985540983593 1.0009995903624886 1.0118333324449087 1.0773512650169776 1.0839862147511004 1.0882552952066824 1.1527026944516499 1.068960435944375 1.2342253497748796 1.1865116541835732 1.1953872881981857 1.2176574272042422 1.2206701177392438 1.226830612985306 1.2024542793129385 1.259059957995151 1.2642771057558766 1.3227326678207985 1.2283164932031314 1.272381576796974 1.273867487005594 1.292507493360728 1.2869854372793348 1.3016935892206978 1.3078415314775167 1.30945169712767 1.3162766679321352 1.2957841275890531 1.3449594284824868 1.3366694880911878 1.3041945901742764 1.3194526301068488 1.319098201424272 1.3129226850929372 1.3020790485484366 1.3144532469635675 1.3413644623428522 1.2976780573760738 1.3168162690545453 1.3111430951568377 1.3162296603500756 1.306806677737768 1.2994952313457482 1.2974713948999712 1.2947766028228163 1.2871932565997704 1.2767912810153026 1.2874390244572103 1.2938634031343603 1.2931023731097533 1.289020633690751 1.2773678531279802 1.2752489346721978 1.2268641208156406 1.3063359758128048 1.2263932818425003 1.237055311614487 1.2872120669529774 1.2397313358910838 1.2972066955700672 1.2401869120478346 1.445633254883098 1.2502026533104684 1.2319032759034987 1.3089565319668977 1.2944253004940711 1.1996282868978243 1.212998903368073 1.2182142927771458 1.224385600383727 1.24316802292328 1.2270780301281152 1.2319317053146297 1.2369192886613378 1.2334866819677104 1.2194751987508932 1.203565445999147 1.1901334158108319 1.1750499411472979 1.147266233479377 1.1253559373764812 1.1117989773823798 1.1065768794303248 1.0995485928093105 1.0782954687623478 1.064096879020556 1.05500968205236 1.0504422739613122 1.0340134858932835 1.015993631911808 0.9843347751650607 0.9575406187335381 0.9372814467625045 0.9196593417053534 0.9045864524828487 0.8923049797697717 0.8820840594964461 0.8715685031278421 0.8642174307888383 
# Gas [Ca/H]:
-5.218485947384705 -6.812943270487043 -5.455979778891269 -3.0564495266325817 -2.381346642470591 -2.0305816150365867 -1.8365417566204272 -0.9951446543120337 -0.20526002090431295 0.4036770753055752 0.872876417847479 1.1650045949931451 1.2834665977011213 1.3107228342397628 1.309951412237627 1.300405054940355 1.2918708979339053 1.2839078937324926 1.2758568023836183 1.268595256674601 1.2620178626987633 1.253805229571535 1.2474307041481119 1.2403264420747977 1.2336207757689683 1.2288431998444818 1.2242551282891894 1.2190195224244906 1.214308466501965 1.2106854988599052 1.2075538068547331 1.2031994640356842 1.1979028137724912 1.1944591706728769 1.1950222391691723 1.192306246293965 1.188450295909056 1.1947764520045965 1.1886759664168052 1.193948170179726 1.1912884394120633 1.1914353104972522 1.1890018478174156 1.1879750523465802 1.1903288183115635 1.1895926136078394 1.1899555911927324 1.187321853602402 1.1889866212388798 1.1842559075838341 1.1857563460381497 1.1876731145495967 1.1892849138296109 1.1876295077631465 1.1828701072534926 1.1868113676392422 1.18917967704611 1.1797004608376893 1.1845972036927241 1.1854334276986016 1.1850161885333703 1.1835112106622114 1.1889972375299172 1.1760421351101442 1.1652913681924577 1.1837281983171124 1.190110911181863 1.1824956007331853 1.1760756612412093 1.1741863429418933 1.1711474649520985 1.1728461512023811 1.181460318904751 1.1753542552453178 1.1738574358641998 1.1661893050215832 1.1603946597033774 1.155431261985913 1.1584534648541371 1.159570741327248 1.1592442224544772 1.150965642223845 1.1470549566496242 1.1562524085196362 1.1447897357965093 1.1450075561707758 1.1412971737577724 1.146146518134258 1.147492631507613 1.1545913492625974 1.1446829356900912 1.1543012204761114 1.135696257322377 1.156438574674481 1.1130512609644603 1.1301730656991786 1.1454109145740379 1.139787235909278 1.1347357187752074 1.1300004577878493 1.1195659947115244 1.1202207885861029 1.131055706697854 1.130481906783257 1.1290861094657991 1.1292346786868883 1.1275936824208515 1.1180270614430423 1.1226429436358067 1.1237009881084452 1.1198117928643363 1.1111106123038006 1.10508760553419 1.098595120956806 1.094000270875699 1.0898934613650049 1.0875158234316018 1.0849374792660402 1.0839693663281498 1.0833722822669314 1.0824047936374024 1.0828459832727129 1.0834810559760388 1.0842409054252231 1.0854257046554103 1.0888996726558693 1.095001606399392 1.1013602921530898 1.1053150341673899 1.1072209692160158 1.1075775362548326 1.1080933657365541 1.1078123390417822 1.1069933504856682 1.1064518962150123 
# Gas [Ne/H]:
-5.218485947384705 -6.812943270487043 -4.839621586416353 -2.5082717238041905 -1.9927244342737085 -1.7644020810332322 -1.658709212151277 -1.6248894187281318 -1.5985910752385974 -1.4686822600241296 -1.2514021327255707 -1.0224740184038232 -0.9207216583127567 -0.8965446124822698 -0.8591618376286263 -1.0734303042414162 -0.9796029110267925 -0.9435609890294536 -0.9557105802304218 -0.9735449182232765 -0.9825379733811523 -0.9674586691686589 -0.9829143952492645 -1.0142889462719866 -0.8819383125547926 -1.054236236863714 -0.9847253126862681 -1.0696686870697585 -1.0441138945448518 -0.9697514121972901 -1.046721396694779 -1.0713700999652565 -0.9668465334337117 -1.0154612642999599 -1.0373690578162647 -0.9999267891969081 -0.9202979329030443 -0.9526660269368215 -0.9652110323507017 -0.8982016226381067 -0.82029128274585 -0.8364284964075761 -0.955737828849168 -0.7663331015112442 -1.095129872916436 -0.9550449142231843 -0.9220395031976985 -0.8057837508071559 -0.9048505195125598 -0.9066979466097909 -0.880960145562014 -0.8388710079771764 -0.8150553702625496 -0.8062390389154936 -0.7883313842891138 -0.7856516925013262 -0.8029649068843749 -0.8508712756484416 -0.7907856127121269 -0.8145451926226457 -0.7548312807710333 -0.8027185142625344 -0.7819987764442882 -0.7875551924841915 -0.7930180200759587 -0.7731129609005718 -0.772174427108113 -0.7816971308982961 -0.7871005547625094 -0.7826175656210994 -0.7863973224637348 -0.8117476877842389 -0.8207537565142591 -0.831764799278707 -0.8468413818286438 -0.7945680736897813 -0.9203898467089351 -0.8562079914789917 -0.854338605757718 -0.8654855678114872 -0.8311381874984445 -0.7833914238508628 -0.7953539540354884 -0.8665939383615839 -0.7446324054541735 -0.7739329029846767 -0.969457362145155 -0.9219569097453277 -0.9167681915023325 -0.918787969090813 -0.9249454920817008 -0.9396069111888883 -0.9325755807931388 -0.9038244080145237 -1.0059629329455229 -0.9805591349321388 -0.9102224407747324 -0.928532043445812 -0.9254141562767213 -0.9121354149170484 -0.9902914786375252 -0.9739390581503189 -0.9649963426340502 -0.9479509090101015 -0.9540457363703503 -0.9578135853982577 -0.958628266264939 -0.9691396272820594 -0.9607174421925029 -0.9642217999729485 -0.9895835320848985 -1.004206764581241 -1.0211858154705915 -1.0354055498840191 -1.0503708501479547 -1.062936980662835 -1.072177024354822 -1.0774357950477773 -1.0792878862204631 -1.0833710637485048 -1.0890240468789836 -1.091157938947438 -1.091288588004213 -1.0910878755426117 -1.0924232703373633 -1.0906534217540944 -1.09130903206034 -1.0856474094877573 -1.0825759323234596 -1.0820927225327042 -1.0867627848045194 -1.0864755695568915 -1.0858972323693061 -1.0870819463538188 -1.0880167901935165 
# Gas [Si/H]:
-5.218485947384705 -6.812943270487043 -5.099652234703932 -2.7108618316227338 -2.1346713512774693 -1.8442637534046913 -1.678030628247936 -1.0179748659405377 -0.2668734920495268 0.3354562827232037 0.8032717930574038 1.094959636693618 1.2131010219524119 1.240401402965976 1.2396924119525585 1.2308674423654957 1.2214769333236153 1.2136395827082649 1.2058285667146986 1.1983506646272648 1.1915561707461393 1.1844104130606632 1.1764331509252028 1.170510257042645 1.1633548438540893 1.158748297731043 1.1540917248169626 1.1487774603122216 1.1413220515432392 1.143076468238494 1.1376887529003148 1.1326812791289211 1.128001444622075 1.1243458103503516 1.1248341066535779 1.1221122412112425 1.118268065925578 1.124458692162857 1.11861578421453 1.1240644716956885 1.1211256085539492 1.1211367958948415 1.1190078295472974 1.1190812553911078 1.1197023094944618 1.1193149499367427 1.119774559127154 1.117401727089967 1.1188307360509713 1.1143845599587316 1.1159571326283508 1.1174542781879722 1.1187948639407672 1.1175370487283232 1.1128184474607496 1.1174788221014285 1.1192777842457495 1.1094770563881884 1.1144112312381762 1.1152989559588344 1.115390873054539 1.1137126884524378 1.1188672700431836 1.1058233240787207 1.0934379815377158 1.1146706034505631 1.1199602994851077 1.1131961188579882 1.1056716393132064 1.1036723275643454 1.1001693307429878 1.1004430806358645 1.112220534928852 1.1107870196504233 1.1031698463670425 1.096319844409333 1.0900517915444978 1.0843953126519983 1.086475728674809 1.0891075183395196 1.0890077126889728 1.0807264954074878 1.0750834907315654 1.0824514746673866 1.0807400437670904 1.074287418842521 1.071154406550003 1.0759617822963827 1.0770082696769419 1.0842434295136054 1.074546606465122 1.084781858007676 1.0650506876876449 1.0855390210759865 1.043481147796542 1.0592760465625872 1.0758632092444427 1.069493967507111 1.0641271797240974 1.0596976957198208 1.049259467161872 1.049688836996089 1.060407956129966 1.0598091271724246 1.058328772167442 1.05880061380532 1.0574026601055437 1.0485707657709566 1.05279799638654 1.0539616178463067 1.049673519209704 1.0409311824813035 1.0348751434206673 1.0283815599339339 1.0237977353726486 1.0196588107299474 1.0172998395097164 1.0147164159501125 1.0137514557279559 1.0131543427716618 1.0121862899480316 1.0126180925745922 1.0132595294512998 1.0140122418244943 1.01520890395718 1.0186855545284308 1.0247770143088295 1.0311326060599555 1.0352421147197117 1.0371136560717629 1.0373621906727757 1.0378717223173228 1.037586105130201 1.0367716214958929 1.036224450550054 
# Gas [S/H]:
-5.218485947384704 -6.812943270487044 -5.3049849794695545 -2.9093065892017904 -2.2803672513772266 -1.950523374545348 -1.7617807536937296 -1.0426831526547646 -0.27943700442756025 0.3251852824496888 0.7932977693777428 1.0851574859893156 1.2034145286348856 1.2308064389514768 1.2301147101507968 1.2205022629570523 1.2119721324834258 1.2040504098515923 1.1959495279256047 1.1886529435732491 1.1820719234023769 1.173990697088179 1.1675516770964753 1.1603398157812959 1.1538783524956946 1.148854390217834 1.144399520755269 1.1390381721078184 1.1345919580717703 1.1307866905053543 1.1275619866421112 1.1230628020689704 1.1184176558953198 1.1146821414044794 1.1151403607271302 1.1124416302615945 1.1084585921042733 1.1150079877108356 1.1089196133301304 1.1138921210612707 1.111534123710212 1.111816096040279 1.108947619052695 1.10902762563265 1.1098966526481884 1.1095617415513486 1.1100440125757784 1.1075802407416293 1.1091560313965045 1.1045931682210655 1.1060540962005065 1.1078093406411766 1.1092502066319314 1.1078180706526797 1.1029632025619414 1.1070323337348102 1.1094245789832038 1.0998131594992935 1.105005207373119 1.1055163610221337 1.1052644551378683 1.103771052488339 1.1094102668472074 1.099479437137985 1.0830403909861 1.102459366703712 1.1105999684600332 1.1028905433902234 1.0964042570457946 1.094428903380746 1.0913353800549457 1.093131785024665 1.101817783924731 1.0953223977697224 1.0940630804282603 1.0863569584623427 1.0806741305768366 1.0755624555269043 1.0787453239137497 1.0796561681008665 1.0792030960578298 1.0707378453625496 1.0684360711083793 1.0772380809567892 1.0645190905967676 1.064409561093652 1.0617116909360242 1.0663246700617321 1.0677001022120511 1.0748327032747973 1.0649326403866013 1.0744840188145268 1.05587376947428 1.07729379134109 1.0334744136214984 1.0501338612073416 1.0657505714137203 1.05960644504506 1.0551039693750695 1.0500079385119188 1.0399040638430495 1.0404603790838642 1.0512126752724238 1.050469087215982 1.049211478980896 1.0493508617410763 1.0477697944786897 1.0380238343670363 1.0426753098595234 1.04386447134128 1.040072126028786 1.031420248724662 1.0253841346131285 1.0188600916566206 1.0142695627723448 1.0101687960169539 1.0077978898947069 1.0052174808393182 1.0042512226329943 1.0036572708230604 1.0026910655262813 1.0031268592127196 1.0037656677212525 1.0045267809641638 1.0057155862326401 1.0091842800721853 1.015276073812966 1.0216377691170377 1.0255920096678874 1.0274982227948355 1.0278555208506615 1.0283658796423314 1.028088846478517 1.0272741738890394 1.0267336649297354 
# Stellar mass-weighted [Mg/H]:
0 -5.218485947384705 -6.559046639961519 -5.439243298803657 -3.406094339757905 -3.113901052242669 -3.0275754581581653 -3.000379810973312 -2.9889937844187218 -2.980354849091184 -2.9719648019578795 -2.9639565849914726 -2.9568082539166154 -2.9506118711596754 -2.9449030181680236 -2.939489652463749 -2.9345779467149207 -2.930238733374856 -2.926147000267462 -2.9221493058523134 -2.918335895495921 -2.914721768877758 -2.9113156901544883 -2.908094946741288 -2.905022678232143 -2.9020216631105757 -2.8992285009668697 -2.8965428826255284 -2.893951027465792 -2.891452062957055 -2.889002413505743 -2.8866865316637 -2.884414549455661 -2.882209582666791 -2.8800680223439468 -2.877946389683534 -2.875811184423558 -2.87367585715171 -2.8715382954755633 -2.869313175769343 -2.8671238440823332 -2.864872963325001 -2.8627559771832747 -2.8604507763529474 -2.8582598274616746 -2.856069289307065 -2.8538933006076395 -2.851714637883778 -2.8495178074436183 -2.8473234180877265 -2.8450924339296533 -2.8429246040836587 -2.8408191262329616 -2.838696884501176 -2.8366404176808873 -2.8346439589923778 -2.8327371515116946 -2.8309320259190747 -2.8292013577344575 -2.8275335117124767 -2.825898190649222 -2.8242964944331943 -2.822751736284715 -2.821310804602703 -2.819921583158865 -2.8185621362066335 -2.8172240608550005 -2.815945044783377 -2.8146251332155368 -2.8134016024058335 -2.8119305349170576 -2.8109058983421296 -2.8099121735431813 -2.8088909168884673 -2.8078267507377 -2.8067316871435564 -2.805745796787946 -2.8047656047836895 -2.8038021924267893 -2.8028831071530123 -2.8019918546436386 -2.8011378154932176 -2.8002184852239536 -2.7993236600939486 -2.7985110033428215 -2.7977060600761225 -2.7968980989156282 -2.7961261430777746 -2.7953419282965095 -2.794572249189276 -2.793852211965757 -2.793183086795418 -2.7924905254708072 -2.791839507973137 -2.791135974242911 -2.7905863471881522 -2.7897423009925877 -2.789379400563563 -2.7887275806085636 -2.7881019399361895 -2.787580738470133 -2.7874831836728964 -2.787411432258926 -2.787343571863934 -2.7872328794157264 -2.7871496506475024 -2.787059416881921 -2.786967376636074 -2.786872891891827 -2.786722429573846 -2.7860197549651433 -2.784736070593328 -2.7837104539460658 -2.782854160020902 -2.782199241183391 -2.7814210404372757 -2.780859311424475 -2.780398856005241 -2.780237332204859 -2.780091491605172 -2.779786733708815 -2.77957059962006 -2.779446572811267 -2.779413237862026 -2.7790983749731843 -2.77891272933502 -2.778411315430561 -2.7780944614909577 -2.7778573471283368 -2.7775971210565755 -2.7771209736542586 -2.7769552808522446 -2.7765762566823007 -2.7763484956218605 -2.7760752737389778 
# Stellar mass-weighted [C/H]:
0 -5.218485947384705 -6.559046639961519 -5.153851582686283 -3.091016426996963 -2.797195382155552 -2.7071538112550337 -2.6766643366824594 -2.6637780794680364 -2.6549019191727696 -2.6467362587378496 -2.6390866429208657 -2.6321129008174564 -2.6256741558146866 -2.619592253946828 -2.613543210185756 -2.6078474699027376 -2.602636645725135 -2.5976152399568386 -2.592618892304044 -2.587719855719805 -2.5829077785372903 -2.578185232746936 -2.5734844279553384 -2.5688400898048487 -2.5640955643710868 -2.5593408467380536 -2.5542200162559645 -2.5485400541767884 -2.5425285985409323 -2.536088407997794 -2.5293834007139298 -2.522528890515388 -2.515538708674992 -2.508431168357248 -2.5010352066252057 -2.4933180867166813 -2.485330742494649 -2.4770627673449823 -2.468667398917998 -2.459974791470928 -2.4512243341147713 -2.4422787475583636 -2.4334259424831304 -2.4245065563857686 -2.4155546033581956 -2.4066666966432013 -2.3977517612271892 -2.3887983058032054 -2.3800310890662937 -2.3713002100596148 -2.3626366572155852 -2.354015825776057 -2.3455891099939654 -2.3373414098030514 -2.329198995143776 -2.3211889306752287 -2.3136421636297966 -2.3061686988329804 -2.298858240034914 -2.291622486986147 -2.2845563429068623 -2.2776352845617005 -2.2709199563892195 -2.2646584806370944 -2.257843356556635 -2.2514084987846914 -2.2453296706477968 -2.239195448633332 -2.2333286873098555 -2.2276812418042384 -2.2224270290757246 -2.217089234229017 -2.2118337923555034 -2.20676032039433 -2.2019166172439544 -2.1971459736795005 -2.192475954796137 -2.187951846030697 -2.183628510751052 -2.1793985644791842 -2.1752665614465316 -2.1711658403856795 -2.167335489393749 -2.1634688013468963 -2.159720581009136 -2.1560091122910574 -2.1523942697732945 -2.1488262425321434 -2.1453853837630987 -2.1420621743797756 -2.138917690913237 -2.1357382635732503 -2.1326676341323205 -2.129547321156404 -2.1265618342064387 -2.123508890652757 -2.1206637970166904 -2.1178646309407014 -2.1151150435359103 -2.112411165094837 -2.11230709985219 -2.112214941936263 -2.1121445644982213 -2.1120326007120305 -2.1119639116987576 -2.1118696143260207 -2.1117889101323257 -2.1116899597437007 -2.1115380946868525 -2.1108512038896503 -2.109537718645024 -2.1084825613257747 -2.1075739532407622 -2.1068906005652144 -2.106153872899248 -2.105684697814339 -2.1054089568652916 -2.105283051335171 -2.105256436676515 -2.10508801598976 -2.105049652728754 -2.1050097868738398 -2.1050403813931355 -2.104826744103306 -2.1048308015487462 -2.104451670245405 -2.104217571024318 -2.1040678696500272 -2.1038112215085025 -2.103132037879714 -2.1030714866289557 -2.102479618700298 -2.102279348973962 -2.1018815782505227 
# Stellar mass-weighted [N/H]:
0 -5.218485947384705 -6.559046639961519 -6.7359768867859735 -5.411931520807514 -5.079113880822291 -4.618790527267041 -4.027761289129728 -3.6149969480494066 -3.347254082757961 -3.165659831334535 -3.038303863923433 -2.945881437506901 -2.876316382624795 -2.8205528517825256 -2.7737640502059824 -2.7326701027674067 -2.6951553453508827 -2.659962415675234 -2.626727818702757 -2.596032162492019 -2.568393050818792 -2.5436833182143124 -2.5218217312837092 -2.502416975887968 -2.4853597200321156 -2.47022480303355 -2.4576953277288176 -2.4474477669207397 -2.4391451103518698 -2.432469287595344 -2.4271940956414353 -2.423192059855274 -2.420281520623954 -2.418147055508231 -2.4167900188105165 -2.415817205628408 -2.4150008948646944 -2.414180328073975 -2.4134125290642237 -2.412621670882541 -2.411847301223193 -2.4111705855897707 -2.410467580282222 -2.4097022621506516 -2.4090900461109044 -2.4085093839219756 -2.4078833447497114 -2.4071956494931825 -2.406488836679787 -2.4058811679654903 -2.405342400644842 -2.4047750747345464 -2.4042471969093224 -2.403722143310387 -2.403134068522223 -2.4026090253484558 -2.4020789753805376 -2.401556411092643 -2.4010771289756976 -2.40060020056443 -2.4001121822930127 -2.3995908293611583 -2.3991053531416933 -2.398694607341919 -2.3982977368904557 -2.3978703785090927 -2.397455607176693 -2.396950414108076 -2.3965645606826085 -2.3961175259685525 -2.39573814132938 -2.3953246546229074 -2.3949169056272597 -2.3945852553005373 -2.394227604921399 -2.393752958783904 -2.3933223154306074 -2.392996634084221 -2.3924970764115905 -2.392195884515991 -2.3918905703288447 -2.391479003353158 -2.3911342414795556 -2.390821250585212 -2.39048602622025 -2.390152644486366 -2.389883847435354 -2.389523457606497 -2.38919343746701 -2.3889204167176468 -2.388606735432317 -2.3883388379733486 -2.388038773464313 -2.3876713234185702 -2.3873517557004487 -2.3869573190593503 -2.386689939817564 -2.386446095382274 -2.385947929070465 -2.385455320299953 -2.3852083360164213 -2.384995904834822 -2.3847901187026377 -2.384490588124212 -2.3842823839858145 -2.384070719713545 -2.3838565669974106 -2.3836434860592064 -2.3832392663342725 -2.3814446233920084 -2.3781918694724515 -2.3756040793433257 -2.3733357357874363 -2.3714725227413362 -2.3692439797880196 -2.36745236564962 -2.366047929491339 -2.365594019190284 -2.364957680331928 -2.363991336755184 -2.3632520586735346 -2.362668851700482 -2.362493327495306 -2.361425424278649 -2.3605923052055147 -2.3586097739805387 -2.357161608901241 -2.3559489037085974 -2.3547535487294464 -2.3533472182292723 -2.3523265418549215 -2.3512611889056787 -2.3500813635340343 -2.3492906207192226 
# Stellar mass-weighted [Ca/H]:
0 -5.218485947384705 -6.559046639961517 -5.609399039049032 -3.548970093200147 -3.159939784590046 -3.0264727501382787 -2.979879376011315 -2.875579273124634 -2.739235004242314 -2.6230184600804964 -2.5346680926276246 -2.467157543326776 -2.4142864163300644 -2.370913004929376 -2.334379883632815 -2.3030346610641725 -2.2757906942777835 -2.2517562041816035 -2.2302600722925705 -2.210895054775996 -2.1932826486074966 -2.1770636283248415 -2.1621352766047286 -2.1483087118657265 -2.1355304289577344 -2.123592087370257 -2.1124143414552368 -2.1018884656013963 -2.0919733305421317 -2.0825919140333466 -2.0737071182184605 -2.0652565759182817 -2.057208545940445 -2.049552999045912 -2.0422343000930168 -2.035229317935978 -2.028491920815812 -2.022014322436812 -2.0158004115975894 -2.009830829004086 -2.0040751732321453 -1.998527490609825 -1.993166909671996 -1.9879780644229994 -1.9829705995576283 -1.9781384876986854 -1.9734692982542077 -1.9689087697358163 -1.9644872716227217 -1.9601831695374754 -1.956006921171224 -1.9519501043944372 -1.9480043236827802 -1.9441586012910195 -1.9404090127325295 -1.9367434472226535 -1.9331911064814333 -1.9297360143740923 -1.9263558904082556 -1.9230311887166778 -1.9198061226645375 -1.916627446376805 -1.9135553502740663 -1.9105241646491455 -1.9075952835171766 -1.904700778618472 -1.9018660320796608 -1.8990633747629575 -1.896354770816255 -1.8936802709395026 -1.8910810998300427 -1.8884974342353367 -1.8859905009512588 -1.8835117333920435 -1.8810959232607116 -1.8786946866513334 -1.8763578723498187 -1.8740493632090693 -1.87180370489369 -1.8695769704779295 -1.8673960681646644 -1.8652343652172307 -1.8631322543870654 -1.8610436069388836 -1.8590102081531201 -1.8569829983139572 -1.855063006198332 -1.8530840511616287 -1.8511541079869032 -1.8492338348146422 -1.8473696127661245 -1.8455101405636283 -1.843696394863887 -1.8418836077754825 -1.840131132181603 -1.8383445019689049 -1.8366408178054137 -1.8349702223588658 -1.833344951407657 -1.8316689557191328 -1.8314824827775746 -1.8313187648208462 -1.8311713080253185 -1.8309450577581785 -1.8308020952530786 -1.8306401804735435 -1.8304862060157072 -1.8303209773820344 -1.8300278868726503 -1.8287059002840271 -1.8262818220362016 -1.8243456466568553 -1.822655276277703 -1.8212970317333559 -1.8197210369811634 -1.8185170163051483 -1.8176315209462324 -1.8173260330351129 -1.8169677565074247 -1.8163636282043996 -1.8159553753139814 -1.8156213584380936 -1.8155435329460552 -1.8148572466264286 -1.8144122328555161 -1.8131340567920207 -1.8122171180934137 -1.811473638729348 -1.8106835753279684 -1.8095527464459247 -1.8089578058884257 -1.8080611053894033 -1.8073042706377667 -1.8066618259837197 
# Stellar mass-weighted [Ne/H]:
0 -5.218485947384705 -6.559046639961519 -5.011960508076104 -3.0006118454919575 -2.7184061517284865 -2.6380682932778416 -2.614100557606564 -2.607599432685343 -2.6058539671398773 -2.6048798353400944 -2.603927001955687 -2.602987984608495 -2.6021921304705815 -2.601251468654417 -2.6000756125436792 -2.5991623993982467 -2.598500138396626 -2.597864802448891 -2.5971493402189374 -2.5964629814695552 -2.595801819399896 -2.5952133957868444 -2.5946380772253725 -2.5940873833969764 -2.5934948181290656 -2.593007774575372 -2.5925130904298053 -2.592054739509699 -2.591607497420461 -2.591142254156658 -2.5907399558322313 -2.5903558901927486 -2.5899470838508396 -2.5895807008745777 -2.589216856490891 -2.588852032322544 -2.5884734300462977 -2.588108800438407 -2.5877681578827527 -2.587430325665074 -2.5870614350840153 -2.586705688127795 -2.5863877148045757 -2.585993221037527 -2.5857439391958827 -2.585493905843607 -2.5852082145564292 -2.5848837696048523 -2.5846010405832294 -2.5843163081140244 -2.5840280995069502 -2.5837632991305526 -2.5834928025585597 -2.5832120496455167 -2.5829180318003067 -2.5826321907985896 -2.582376832991047 -2.5821587421632586 -2.581918840031835 -2.581675006220024 -2.5813770560935447 -2.5811429447362233 -2.58088816476082 -2.580665691328033 -2.580434698590919 -2.5802213616969922 -2.579994657114347 -2.579745684692792 -2.5795299895942723 -2.5793279835588256 -2.579134393880043 -2.578909306528046 -2.578716450620391 -2.5785422427682123 -2.578356471540726 -2.578150654531175 -2.577974315388027 -2.577799766549383 -2.5776456867192366 -2.577482240552605 -2.577291350251775 -2.5770940819411248 -2.576929286907288 -2.576784455913904 -2.576600966086791 -2.576412484133864 -2.576307213902002 -2.5761630119195598 -2.575976941507924 -2.5758073482309563 -2.5756918345827016 -2.5755713326983436 -2.575425406885021 -2.575296060056477 -2.5751857081625635 -2.5750302733880766 -2.5749047233870543 -2.5748349742301304 -2.5746422143415044 -2.5745438566424523 -2.574488922300681 -2.5744625409936193 -2.5744333640015986 -2.57437647494754 -2.5743212180598194 -2.574266394498994 -2.5742032868051927 -2.5741443705626024 -2.5740649408408647 -2.5736711568011943 -2.5729546294066967 -2.5723773581830853 -2.5719341610826163 -2.571622868728265 -2.571222830126966 -2.570954630396427 -2.5706760411652825 -2.5705818260880786 -2.57052259339991 -2.570347951647279 -2.5702032734262055 -2.5701695783966594 -2.5701485560274744 -2.5700032296123387 -2.5699169318711848 -2.569774978136774 -2.569736745004299 -2.5697290466760467 -2.569713178892812 -2.569586962073215 -2.5696111395839294 -2.5695107782122877 -2.5695280815950925 -2.5694544605875542 
# Stellar mass-weighted [Si/H]:
0 -5.218485947384705 -6.559046639961519 -5.266961585249502 -3.2034510632822055 -2.882083463927171 -2.778093522824255 -2.742160864436028 -2.684197310998413 -2.603518066685048 -2.5274071396143727 -2.4650510478828656 -2.4149883107961703 -2.3744572637991217 -2.3403232993556164 -2.3109656212338088 -2.2853678862775233 -2.2629319383047335 -2.2429326767642923 -2.2248628671197865 -2.208469172636833 -2.1934680476403647 -2.1795524686567322 -2.166719450583794 -2.154748512067224 -2.143650619902022 -2.133240570891802 -2.1234626462257244 -2.114226426784673 -2.1055507700425 -2.097227935010414 -2.0893660719672704 -2.0818811846041587 -2.0747285361780214 -2.067915673220612 -2.061389574557494 -2.0551323931054215 -2.049104783436384 -2.0433009286906554 -2.0377233265107284 -2.0323570607935038 -2.0271781806875033 -2.0221812448899747 -2.017342670026931 -2.0126419391959463 -2.008119502566374 -2.003750403296081 -1.9995200427484905 -1.9953817371695868 -1.9913677465583808 -1.9874538321823323 -1.9836521201979371 -1.9799620495768142 -1.9763716122495891 -1.9728655489350704 -1.9694432934768855 -1.9660906231944741 -1.962844610912736 -1.9596891537560275 -1.9565990901614896 -1.953556141038674 -1.9505958978246998 -1.947681618168824 -1.9448629784803666 -1.9420841407351768 -1.9394051965602603 -1.936742512189455 -1.9341376755271362 -1.9315544104061724 -1.9290645257473784 -1.926606425719414 -1.9242189548618782 -1.9218481095125846 -1.9195337139818678 -1.9172239429559337 -1.9149981148363349 -1.9127806075035227 -1.9106236556466216 -1.9084960824925528 -1.9064310335309465 -1.9043751277000176 -1.9023580517740042 -1.900358578697543 -1.8984224040409385 -1.8965050025950827 -1.8945993926927969 -1.8927237080088748 -1.8909473961324004 -1.889113808225039 -1.887322613368955 -1.8855406884503667 -1.8838132342590512 -1.8820867920777555 -1.880404401272334 -1.8787246673706264 -1.8770962677595762 -1.8754370103946112 -1.8738524219405788 -1.8723046176849722 -1.8707900583618775 -1.8692345005717446 -1.8690578172672554 -1.8689043261323208 -1.8687656534895636 -1.8685519702919366 -1.86841553296306 -1.8682616226271715 -1.868114397363425 -1.8679570848397207 -1.8676797445351427 -1.866426619346501 -1.8641288634499489 -1.8622928976695174 -1.8606942329456828 -1.8594127537180816 -1.8579227768874507 -1.8567868576738018 -1.8559454373548885 -1.8556552305494698 -1.8553186039032932 -1.8547454057059651 -1.8543560553062663 -1.854043717814351 -1.8539699865301529 -1.853322637948259 -1.8529033786767917 -1.85170715664988 -1.8508534857409407 -1.8501629234590737 -1.8494285731053726 -1.8483699873479305 -1.8478193891000858 -1.8469798113075528 -1.846278363363214 -1.8456765725562834 
# Stellar mass-weighted [S/H]:
0 -5.218485947384704 -6.559046639961518 -5.4656359259096705 -3.401871388554537 -3.045016424350372 -2.9231659440929523 -2.88006721031621 -2.804896095644019 -2.7035170653275316 -2.61161364836936 -2.5385974276028778 -2.4811703817625324 -2.435330159151162 -2.397154894942669 -2.364624293733643 -2.336485214392259 -2.311885272906636 -2.2900644044415674 -2.2704460804437527 -2.2527014915385273 -2.2365050091635936 -2.2215444568802605 -2.207737145770312 -2.194919695738643 -2.183041790992192 -2.171928593592069 -2.16150191151921 -2.151668775328191 -2.142387104749507 -2.133595900123133 -2.125262023780145 -2.1173280914630874 -2.1097532907519287 -2.102545606145596 -2.095648602147649 -2.08904093354713 -2.08268202027876 -2.0765598610963947 -2.0706827947127264 -2.0650367587903125 -2.0595853549696495 -2.0543260775162704 -2.049244566329233 -2.044310987416459 -2.0395631416812874 -2.0349765702670446 -2.030539596713802 -2.0262020606443016 -2.0219950829888997 -2.0178963321843746 -2.0139177268387884 -2.010053869123742 -2.006295338401146 -2.0026284249226576 -1.9990517793159697 -1.9955531010779683 -1.9921620861401825 -1.9888644457401492 -1.985635016149117 -1.982459004345099 -1.9793739276891706 -1.9763344191128827 -1.9733933640339876 -1.9704756243626296 -1.9676866847990713 -1.964924869114805 -1.9622089258539743 -1.9595222642016106 -1.9569266525769828 -1.9543640880647395 -1.951873680067397 -1.9493951653749333 -1.9469903072168337 -1.944614592017623 -1.942296676394359 -1.9399922524333526 -1.9377484726073444 -1.9355327094027022 -1.9333768326591292 -1.9312391018310642 -1.929144572077254 -1.9270690630079947 -1.9250448340151927 -1.9230349100509994 -1.9210824273681961 -1.919136261511607 -1.917290423044375 -1.915387188728431 -1.9135291361656899 -1.911680299138002 -1.9098870128676904 -1.9080981800807626 -1.9063521125570038 -1.9046050491139788 -1.9029172611822993 -1.9011965297685967 -1.8995554804847998 -1.8979495852800197 -1.8963810214951966 -1.894768029071888 -1.8945864787905453 -1.8944279058778397 -1.8942848909506367 -1.8940650417343017 -1.8939254171687763 -1.8937675943642978 -1.8936170051400492 -1.8934557594707648 -1.8931705883073722 -1.8918833508284711 -1.889523102916046 -1.8876379558772074 -1.8859940842618395 -1.8846749884647176 -1.8831430322268092 -1.881973976237913 -1.881110664295326 -1.8808127850190957 -1.8804657219463472 -1.8798770638259548 -1.8794782657062905 -1.8791554075447143 -1.8790798031110914 -1.878413035439901 -1.8779812905497657 -1.8767451215964277 -1.8758608878047713 -1.8751448394969108 -1.8743838226733445 -1.8732899198752584 -1.8727182310315316 -1.8718507218777916 -1.8711229394029445 -1.8705012588238032 
# Gas metallicity, [Z/X]:
-5.2406767730474275 -6.8351340961497655 -4.8761538184930036 -2.463973461008216 -1.9387491739577716 -1.5578227601556296 -1.0983022981781196 -0.6233908895601978 -0.19921501828332322 0.16851172257823532 0.4833762178026464 0.6893491049744866 0.7687794029251479 0.7862811889688953 0.7866265209940402 0.7799003216728567 0.7720284326564902 0.7684660007440473 0.7648045996578803 0.7616770132481133 0.7568417755967244 0.7502278421680453 0.737293769182846 0.753679288766347 0.7196983335010131 0.7423443263701929 0.7073645520355287 0.7405042109631342 0.6948189072255486 0.7451688548814832 0.6734298043191571 0.7612958169940943 0.6282192021643831 0.8076954810347154 0.49849415169069555 0.9210053151123108 -0.9098039705728438 1.1470538714583527 -7.3265114715091 1.339163531263438 -7.299514999229258 1.5173019147014153 -7.278613249183357 1.6986465291533244 -7.255561277751669 1.8892976266655426 -7.234610208735242 2.0911564293579032 -7.215350693578909 2.3060340413798976 -7.199458975201612 2.5423736043524996 -7.177872961040009 2.792479887091626 -7.166642339466561 3.0674836638046585 -7.143311363219276 3.3483391111767355 -7.131702461416401 3.659370886797955 -7.116060979320423 3.986743257629927 -7.095993641885048 4.324981240926119 -7.10431052760428 4.689301846089037 -7.0679268550789995 5.067134575601735 -7.067166839575721 5.454930273749074 -7.058545245530501 5.862117749196581 -7.035252908110818 6.28768301235382 -7.030588061400746 6.7219829179556205 -7.031580399478335 7.166129821312798 -7.021920210986838 7.632117327884929 -7.009314978942589 8.099323643900991 -7.010418266277943 8.591733471400026 -7.001669220419545 9.08645038151688 -6.993729478147314 9.600345160735952 -6.9779910595939665 10.133787459829776 -6.970898271203163 10.681230781074266 -6.969300187227265 11.242868902434363 -6.982826626384597 11.785583974576928 -6.940526339467171 12.365495657675972 -6.942079277174104 12.942269661125822 -6.948166012821051 13.249216548433038 -7.373241221986779 13.288273837440986 -7.585033380844946 13.160063307499039 12.492984555122746 12.954014600924532 12.70927586670791 12.770247184795455 12.477903815648732 12.300938424164634 12.18086266328241 12.092067871605403 12.02448630830371 11.946322046602361 11.889903084054781 11.843875381764072 11.831809263553208 11.807148414562786 11.775283047773684 11.749703003276014 11.735159022325027 11.72890304658336 11.70267697924712 11.677899074089021 11.638446252734616 11.610499191512224 11.58665668876575 11.565458221523464 11.54620004513147 11.529717072815618 11.514463984796679 11.500353358921155 11.487861605608781 
# Stellar mass-weighted metallicity, [Z/X]:
-4.152288344383056 -5.2406767730474275 -6.581237465624239 -5.048285621579869 -2.9567133184718406 -2.6682037194455814 -2.538382328587071 -2.442700325770212 -2.3717821834122175 -2.3253458128457822 -2.296781684310089 -2.278002171120624 -2.264110830270038 -2.2529148512242596 -2.2428931597307074 -2.2336554906923176 -2.2252016597626403 -2.217567562302178 -2.210536499948522 -2.2038720361838173 -2.197629968240027 -2.191737065496479 -2.1861864593667644 -2.1810157165682993 -2.1758981218215006 -2.171325691722175 -2.1667330902653124 -2.1626195679172575 -2.1583742956602663 -2.154624555020269 -2.150643964702436 -2.1473029880576426 -2.143460328824986 -2.1405621574231395 -2.136612710277877 -2.1344760110884993 -2.129812262932755 -2.1292577808527744 -2.1222751973626766 -2.1218069560359067 -2.11193465962969 -2.1114737941272663 -2.097821763776814 -2.0973752067943803 -2.0783564535201418 -2.0779249700149 -2.0514313228175887 -2.051007427631677 -2.0134314548388925 -2.0129716501859196 -1.959481298730042 -1.9590005461744469 -1.8834386121533278 -1.882934760027749 -1.777946264784201 -1.777387752158649 -1.634212316385873 -1.6336084047945485 -1.450188998933189 -1.4495573017866656 -1.2258700596196956 -1.225228656129443 -0.9625899830191507 -0.9619138650186387 -0.6666591797185417 -0.6659726804223347 -0.34647515046402044 -0.34576578437827066 -0.001241890305667015 -0.0005320527781811357 0.3658737940162009 0.36657741434036506 0.7504180386251211 0.7511221495079609 1.151117192932397 1.1518088497089283 1.5713456676286095 1.5720446806083004 2.006493622947985 2.0071698777660543 2.4523364773512704 2.453015184627052 2.9110461577812385 2.9117049323961584 3.3825883859829666 3.3832404471178243 3.870878249085621 3.8714889422151266 4.368617718459766 4.369267809976688 4.879219625915744 4.87985465488747 5.4095182871692185 5.410155376239672 5.954920974997915 5.955531263438828 6.5107762707054055 6.51137922130159 7.0711402777417085 7.071693354997391 7.644695334751274 7.645297623194922 7.645841778425102 7.646321479835535 7.646867998345085 7.647143501866106 7.647423803222981 7.64746170308343 7.647762618962372 7.64839880242578 7.647624422033667 7.647936315927237 7.648612549549707 7.649434494494328 7.650176162329101 7.651142375778094 7.6519118940659085 7.652531078252966 7.652783422054726 7.652963842105179 7.653268616951119 7.653282528159683 7.653290115983527 7.653181142132932 7.653276525360698 7.653085663499388 7.653583024512594 7.653960467813854 7.654404966215113 7.655163967621548 7.656207128270946 7.656489125025592 7.657768425289646 7.658200957923275 7.659179429523566 
# Number of SNIa (log_10):
0 0.0 0.0 0.0 0.0 0.0 2.6183271224527883e+53 1.363906098092199e+55 3.726101609745195e+55 6.250812046868935e+55 8.560982730053126e+55 1.0600385708825616e+56 1.2403814411293715e+56 1.4015500760321182e+56 1.5471589532723968e+56 1.6799539088142272e+56 1.8020227268843876e+56 1.9149799738188723e+56 2.020099750180376e+56 2.1184049987719244e+56 2.2107295612255845e+56 2.297762418207884e+56 2.3800792017771826e+56 2.45816630658465e+56 2.532438796676935e+56 2.6032523742397027e+56 2.670916193454523e+56 2.7356996041675087e+56 2.7978370395082744e+56 2.857536032302117e+56 2.914982933328872e+56 2.9703517475189873e+56 3.023767504911247e+56 3.0753674932290234e+56 3.1252784680941573e+56 3.1736075558310976e+56 3.2204508185826944e+56 3.265889218467491e+56 3.3100189664319097e+56 3.3529098121546893e+56 3.3946251046846464e+56 3.435228974573413e+56 3.474776468689803e+56 3.5133224187313334e+56 3.550917397578795e+56 3.587607352692496e+56 3.6234349353245835e+56 3.658433636906536e+56 3.6926524099612256e+56 3.7261238503861415e+56 3.7588739071211915e+56 3.7909308567302194e+56 3.8223301049859126e+56 3.853095141904708e+56 3.883251704822502e+56 3.9128215823097764e+56 3.941828942125252e+56 3.970270812413374e+56 3.998217123667518e+56 4.02567262121562e+56 4.0526473816833976e+56 4.079148522831994e+56 4.105178800492815e+56 4.1307692131333815e+56 4.155943248971344e+56 4.1807063225137185e+56 4.205074039580215e+56 4.229061011563887e+56 4.252675972139923e+56 4.275928506318328e+56 4.298833762778765e+56 4.321402026301355e+56 4.343632052746021e+56 4.365547511370275e+56 4.3871582046343775e+56 4.408464847165851e+56 4.4294769378809245e+56 4.450203221939952e+56 4.4706515854302195e+56 4.490827671996855e+56 4.51074271822868e+56 4.5303918080464215e+56 4.549797902758413e+56 4.568964101793917e+56 4.5878910131254775e+56 4.606583927180885e+56 4.6250501661672005e+56 4.643299997260316e+56 4.661329039099899e+56 4.679141353023733e+56 4.6967526993942485e+56 4.7141536253133995e+56 4.731364039223474e+56 4.748397906953093e+56 4.765239434560003e+56 4.781891665618148e+56 4.798363449656879e+56 4.814662253681244e+56 4.830784240097085e+56 4.846736545886451e+56 4.862521186748405e+56 4.878139759797927e+56 4.893609847940292e+56 4.908926595097762e+56 4.9240883502665e+56 4.93910263211676e+56 4.953968520050442e+56 4.968687097986717e+56 4.983265532120702e+56 5.012014335870436e+56 5.1481597979356505e+56 5.388623870203578e+56 5.596271772251549e+56 5.778993909807423e+56 5.942159634117383e+56 6.1582119103346985e+56 6.347408655520715e+56 6.515694497684714e+56 6.567936575466349e+56 6.667235335863327e+56 6.805057097952458e+56 6.931471177080891e+56 7.010268052285263e+56 7.048186078974457e+56 7.19109695760138e+56 7.352729326972578e+56 7.6322274410822e+56 7.868319003712276e+56 8.072695252796882e+56 8.252933026068388e+56 8.413990884496397e+56 8.559759670590233e+56 8.692766946268438e+56 8.815093736926987e+56 8.928330451911342e+56 
# Number of SNII (log_10):
0 0.0 5.265388506994331e+53 5.487932127323314e+55 1.232654869958583e+56 1.7421521415094237e+56 2.1062321370642614e+56 2.300208036870244e+56 2.37404639492273e+56 2.3958971363854315e+56 2.401420654783162e+56 2.402716672516478e+56 2.402991506095021e+56 2.403080247646964e+56 2.403101135904183e+56 2.403105889735596e+56 2.4031078932599573e+56 2.4031091711015247e+56 2.403110180933397e+56 2.403111040677106e+56 2.4031117931691443e+56 2.4031124584555082e+56 2.403113050781671e+56 2.4031135813766665e+56 2.403114058807458e+56 2.4031144912160186e+56 2.403114884914748e+56 2.4031152440227116e+56 2.4031155728103898e+56 2.4031158730348563e+56 2.403116147359532e+56 2.403116398736226e+56 2.403116631145358e+56 2.403116845637252e+56 2.4031170439734504e+56 2.40311722828764e+56 2.403117400354426e+56 2.4031175599511664e+56 2.4031177092237098e+56 2.4031178480433263e+56 2.4031179789580086e+56 2.4031181075575633e+56 2.403118221244185e+56 2.4031183314880035e+56 2.4031184271443248e+56 2.403118522640196e+56 2.4031186068818773e+56 2.403118692436312e+56 2.4031187655097675e+56 2.4031188409575294e+56 2.4031189049165997e+56 2.4031189710177085e+56 2.4031190260821628e+56 2.4031190840485956e+56 2.403119133680755e+56 2.4031191860720374e+56 2.4031192294635373e+56 2.403119273642919e+56 2.403119310773378e+56 2.4031193533655203e+56 2.4031193861520035e+56 2.4031194210796593e+56 2.403119449964968e+56 2.403119480890452e+56 2.4031195046203233e+56 2.4031195311112104e+56 2.403119552319907e+56 2.4031195755372962e+56 2.4031195952835717e+56 2.403119618507757e+56 2.4031196330217756e+56 2.4031196507646047e+56 2.403119662957067e+56 2.403119679299504e+56 2.4031196903179116e+56 2.4031197040021654e+56 2.4031197130043094e+56 2.403119723574021e+56 2.4031197307533684e+56 2.4031197397431163e+56 2.403119745172871e+56 2.4031197539706773e+56 2.403119759347996e+56 2.403119766668724e+56 2.4031197708221905e+56 2.403119776204371e+56 2.403119779384591e+56 2.4031197842229906e+56 2.4031197865709467e+56 2.403119790241311e+56 2.403119792214542e+56 2.403119795772199e+56 2.403119795772199e+56 2.40311979901572e+56 2.40311979901572e+56 2.4031198011524793e+56 2.4031198011524793e+56 2.403119802088579e+56 2.403119802088579e+56 2.4031198032978337e+56 2.4031198032978337e+56 2.4031198032978337e+56 2.4031198032978337e+56 2.4031198032978337e+56 2.4031198032978337e+56 2.4031198032978337e+56 2.4031198032978337e+56 2.4031198032978337e+56 2.4031198032978337e+56 2.4031198032978337e+56 2.4031198032978337e+56 2.4031198032978337e+56 2.4031198032978337e+56 2.4031198032978337e+56 2.4031198032978337e+56 2.4031198032978337e+56 2.4031198032978337e+56 2.4031198032978337e+56 2.4031198032978337e+56 2.4031198032978337e+56 2.4031198032978337e+56 2.4031198032978337e+56 2.4031198032978337e+56 2.4031198032978337e+56 2.4031198032978337e+56 2.4031198032978337e+56 2.4031198032978337e+56 2.4031198032978337e+56 2.4031198032978337e+56 2.4031198032978337e+56 2.4031198032978337e+56 2.4031198032978337e+56 2.4031198032978337e+56 2.4031198032978337e+56 2.4031198032978337e+56 
# [Mg/Fe] for total ejected gas till this time:
0 0 0.5919847782933739 0.6474822954208029 0.4953008622774796 0.4215064362987765 0.38881187809690504 0.15704109038473918 -0.07272798734899917 -0.22725529581665757 -0.33014023342326526 -0.40294664851566847 -0.4576223399212831 -0.5006623199478072 -0.5357318749148096 -0.5650855139864448 -0.5901213633541671 -0.6117858661736966 -0.6307915394195251 -0.6476526797174159 -0.6627729875886192 -0.676432832749139 -0.6888890004316583 -0.7002951956379558 -0.7107360565849756 -0.7204505005312599 -0.7294576642360024 -0.7378565709209874 -0.745704590778046 -0.7530426256279941 -0.7599712944005595 -0.7664838360270338 -0.7726387778390741 -0.7784572923436348 -0.7839609177023531 -0.7891446983797439 -0.7940497860337152 -0.798695514010405 -0.8030361554601948 -0.8071745638383231 -0.8110641709528866 -0.814856219065911 -0.8183321881275051 -0.821741087671241 -0.824957977582398 -0.8280207220926783 -0.8309550268027273 -0.833749326020986 -0.8364179342287141 -0.8389484958097402 -0.8414104997209801 -0.8437891019775776 -0.8460491943063135 -0.8482665622582103 -0.8504318156808942 -0.8525662286353984 -0.8546648365612717 -0.8567132486305019 -0.8587312099404035 -0.8607087220396846 -0.862643534488527 -0.8645358799640407 -0.8664287820768268 -0.8682789696542135 -0.8700832161712804 -0.8718447812468372 -0.8735936793784853 -0.8752800272447478 -0.8769562028313408 -0.8784120064705534 -0.8801342940190943 -0.8818274521354734 -0.8834302455822203 -0.8849663655587886 -0.8864479926249558 -0.8879774323699319 -0.8894568976818894 -0.8909083986129698 -0.8923386894664914 -0.893764067891691 -0.8951833824955557 -0.8965248978541386 -0.897838946942282 -0.89918265752622 -0.9004936561164927 -0.9017855101206812 -0.903038839454603 -0.9042923991895162 -0.9055342682856675 -0.9067912720281387 -0.9080182908411929 -0.9092141936039336 -0.9104208445176972 -0.9115641479856097 -0.9127809274058547 -0.9138020143829598 -0.91511156318386 -0.9161522995062059 -0.917261212792441 -0.918388444808266 -0.9194153962927721 -0.9204357423991173 -0.9215270277663374 -0.9225733488013149 -0.9236091818592607 -0.9246216581327692 -0.9256210518631209 -0.9266055261882912 -0.9275464763369604 -0.9294856013453192 -0.9393202522383467 -0.9538801393061906 -0.966633022383183 -0.9774254342032247 -0.9868550624879399 -0.9988712550106689 -1.0090142095755592 -1.0177193519010448 -1.0203830585488718 -1.0253820969535787 -1.0321500999121285 -1.0381034712452604 -1.0419609955605624 -1.043741030676094 -1.0503260448715 -1.05762380354316 -1.069263482125285 -1.0795285432143276 -1.087799774678529 -1.0947980623397262 -1.1025276695991186 -1.1064092858537724 -1.1112122856116262 -1.1156049368491419 -1.1195898813541718 
# [Mg/Fe] for instant ejected gas at this time:
0 0 0.5919847782933739 0.6480613059926938 0.38612236765589103 0.19771673860006156 0.04991215769200469 -1.1415934277996787 -1.527069746334518 -1.6053598015198274 -1.6159991607236357 -1.6265401579258256 -1.634022381485792 -1.6411623104733237 -1.6431563541043341 -1.646486804538294 -1.6420798927131126 -1.6302353045004563 -1.6211612597223595 -1.6134026331726894 -1.6119495969642408 -1.6089065372612292 -1.6130387642404498 -1.6119501533940541 -1.5934068853768018 -1.610090375265187 -1.6041474225859405 -1.6033690365416409 -1.5993440661661966 -1.5891281060985758 -1.596674257410622 -1.5860299620810019 -1.5845374734307043 -1.5773339285717969 -1.5676888311724688 -1.5457877471103185 -1.5306446173749033 -1.5168650157677037 -1.4753568617698 -1.4690315030737084 -1.4400691366881038 -1.4629477425318183 -1.399250972759527 -1.4239256982423623 -1.3988066086345703 -1.3846786520959533 -1.3770035509418523 -1.3625670216252288 -1.3509836932345238 -1.3320210541492803 -1.3370966949648588 -1.3344579290597802 -1.3175783044588674 -1.327444922908785 -1.333006314476126 -1.3464958527906281 -1.3574417985184488 -1.3619049661095244 -1.373090315708478 -1.3790425778098756 -1.3833548590359142 -1.3870067544077067 -1.4147676354742118 -1.4169945174408436 -1.4157044224563697 -1.4155723725940663 -1.4330793440724874 -1.4181488918306877 -1.4366350334143587 -1.3247429020192891 -1.528990734245144 -1.5339555036024095 -1.4879149900922857 -1.4594853266496997 -1.440835846441263 -1.5051019609143272 -1.487171878137076 -1.4877349201643006 -1.4932031486728128 -1.513547468090488 -1.5335918244957891 -1.4827271734161545 -1.478927844893793 -1.5317837182330938 -1.52177803401358 -1.5254391959658316 -1.5074658449913323 -1.5303878292839428 -1.5452965308979647 -1.579469035927464 -1.5713256797584085 -1.557150456092419 -1.5954792976567866 -1.5363125331320246 -1.6668243529577984 -1.4383593344528245 -1.9757292840182372 -1.4910258776560634 -1.6024736003111653 -1.6594673651339438 -1.531873432454062 -1.5426747772285905 -1.6781374117025867 -1.6243364361029151 -1.6304442736765055 -1.6137260899026955 -1.6152713943904515 -1.6120467238572276 -1.5624274994523382 -1.6414021400802603 -1.8450950935509116 -1.5689652712974766 -1.6680794029881376 -1.670578458352375 -1.6934288070880543 -1.6907954015697912 -1.6937270826540092 -1.689077217855506 -1.6985471313468106 -1.6997462825966805 -1.6934627986523287 -1.6655066101434464 -1.7557227019102595 -1.7019920058113158 -1.6965545300955334 -1.7039879442625967 -1.6434890218215081 -1.7632277660468756 -1.7048946785535604 -1.6882944177372745 -2.3378021335603996 -1.434430112405696 -1.6828080675701471 -1.6980258853152916 -1.6936249388708722 
# total ejected metal mass till this time:
0 0.0 2.176525909794528e-05 0.001331983291322501 0.002228647735530769 0.0028212437961686633 0.0033524981723098463 0.0037938065798105297 0.004097675888140499 0.004286288651113392 0.004411182170424323 0.004504479112906802 0.0045814712444820094 0.004649505712734673 0.0047113660742750495 0.004768206018228239 0.004820494920220607 0.00486943345082012 0.004915419503137967 0.004958848672762409 0.004999774151930661 0.005038476583501174 0.005074438147535606 0.005110821109978325 0.00514274911153104 0.00517578480613581 0.005204643435205571 0.005235519399425271 0.00526176518312956 0.005291219051275703 0.005314443510828906 0.0053436059984543665 0.0053629874101563104 0.0053944683832380606 0.005406590076462169 0.005446514358448358 0.0054420761853196655 0.005507881840851182 0.005456629106269144 0.005553618597208041 0.005458305036382639 0.005597422852401313 0.00543903368374995 0.005640628127456498 0.005385783220007889 0.00568301646369967 0.005271122442252017 0.005724572135114528 0.005048786854370986 0.005764884498934824 0.004634220710912847 0.005806582006270819 0.003842091538588974 0.00584470084230015 0.0022521156721802883 0.005884084430398146 -0.000860067311380859 0.0059187341305052205 -0.007264240747782488 0.00595464911623273 -0.02122403221216653 0.005989649149713149 -0.052218965653651556 0.006023688984675232 -0.1219727313830575 0.006057124851099392 -0.290852944170333 0.006089664582813022 -0.7107760683581618 0.006120397343460064 -1.7766982165611875 0.00615112490897403 -4.578323217877478 0.006179915503139567 -12.366323930481155 0.006207806551241562 -34.27375976402266 0.006235157905340283 -96.72296113062137 0.006261974695622204 -281.7496026195268 0.006287634730943833 -844.824724829581 0.006312156761223741 -2642.5932746887033 0.006336347158327257 -8375.031307312265 0.006359898601262917 -27423.14157637308 0.006382475926326017 -94552.05418134991 0.006404244713505687 -335723.63828891475 0.006425987780183564 -1215287.1037592539 0.006446815196751164 -4422065.380110613 0.006467334291591888 -16708510.325021004 0.006487354145430159 -64150572.17926029 0.006506528596265614 -131376534.83198816 0.006525493878530106 -144049182.8185009 0.0065437138819767135 -108040341.403896 -23310007.52153209 -68069318.3191965 -38774636.57479189 -45817173.244533926 -24571813.217740275 -17092084.637150545 -13479986.015493657 -11381635.734917333 -10157147.987895286 -8802340.257696271 -7973269.910911927 -7260003.179313146 -7176544.218487908 -6936848.566986873 -6584797.805429353 -6294457.883462542 -6128076.493060246 -6166897.802170045 -5950951.901749873 -5848283.495411965 -5529662.26439856 -5337306.907884655 -5179597.691756078 -5040869.070514724 -4917977.60630208 -4818187.649311662 -4723323.5000785915 -4637822.629199518 
# Stellar [Z/H]. [Z/H] = [Fe/H] + A[Mg/Fe] where A=0.94:
0.0 -5.218485947384705 -6.559046639961519 -5.471777752497547 -3.4449221879627947 -3.1426902547744584 -3.0515094398767335 -3.022001494644234 -2.994667549628653 -2.9702780383393423 -2.9512678858455508 -2.9362311547172752 -2.9241443741585496 -2.914287260335686 -2.9057070345714426 -2.89796874877051 -2.8911145513213485 -2.8851126466241745 -2.879586139137777 -2.874338982820544 -2.8694225968895566 -2.8648218465094253 -2.8605169950628353 -2.8564789601783676 -2.85265943098535 -2.8489802599721576 -2.8455557632106556 -2.842285331267325 -2.839148569018838 -2.8361414247841843 -2.833217634389869 -2.8304536393550874 -2.8277609555000582 -2.8251582865740463 -2.8226419191119083 -2.8201673726807406 -2.817701387897728 -2.815253443382623 -2.812821161101802 -2.8103238906963552 -2.8078768972909502 -2.805386374613001 -2.8030356620309065 -2.8005206663485955 -2.798123882395077 -2.795740364009728 -2.7933818325836515 -2.7910317007911143 -2.7886716975413632 -2.786323315844343 -2.783948275211078 -2.78164105675404 -2.779400082927086 -2.7771509630915654 -2.7749702970052685 -2.772852435918151 -2.77082438101257 -2.768899158496346 -2.767050277757964 -2.7652654024128434 -2.7635148941951493 -2.7618027104031175 -2.760146772916947 -2.7585953842343933 -2.7570951839865736 -2.7556293441145687 -2.7541861144914113 -2.7528029683787363 -2.7513830681650413 -2.7500599285556473 -2.7485062013113697 -2.7473769474608014 -2.7462779645728705 -2.745158042864062 -2.743999513118368 -2.7428161148664123 -2.7417363036065288 -2.740665979199947 -2.739613202400012 -2.738606176981831 -2.7376265843776375 -2.7366849387579544 -2.7356832526756714 -2.7347082826866513 -2.7338116603590707 -2.732925626336431 -2.732037532768704 -2.73118951814566 -2.7303265257372082 -2.7294808475283894 -2.7286819778624993 -2.7279346110460168 -2.7271655428852384 -2.7264384478514385 -2.7256622130270873 -2.725034434156815 -2.7241278122997685 -2.7236786443181944 -2.722959731732943 -2.722268704805329 -2.7216724280584326 -2.7215690932358916 -2.721491358059245 -2.7214183162758645 -2.721300099988083 -2.7212129880507225 -2.721118083476162 -2.7210220240957748 -2.720922934656514 -2.720763200476907 -2.720020216714434 -2.7186623275883006 -2.717577428643061 -2.716666863551077 -2.715966170551491 -2.715136078582198 -2.714532595421999 -2.7140446395877476 -2.7138737875206376 -2.7137141699528833 -2.7133900411143497 -2.7131615253065235 -2.713023869585828 -2.7129876603505747 -2.712648732744429 -2.7124463018703753 -2.711894425909522 -2.711538547043411 -2.7112685173686915 -2.710973811402848 -2.7104549991498663 -2.7102613963100683 -2.709848636643909 -2.7095864392179143 -2.7092891626092563 
# Stellar luminosity-weighted metallicity, [Z/X]:
-4.152288344383056 -5.2406767730474275 -6.8322153811712045 -4.881115539554745 -2.4835708944577197 -1.9832037828965874 -1.6827635412348327 -1.4832303322324865 -1.536871157988376 -1.766108062989505 -1.9824254041010378 -2.1064578079172733 -2.15677673909226 -2.1806790435884764 -2.1918609972263425 -2.1960813059846425 -2.1965259375519057 -2.194688521359774 -2.1915725709530953 -2.1876698258957257 -2.1831688796815794 -2.178382437685272 -2.1734708827590064 -2.1685815411021414 -2.1631267542111123 -2.1582292180748217 -2.1529363127199 -2.148266855597149 -2.1430212951002963 -2.138506237025492 -2.1331656252002302 -2.1290791381274063 -2.1235381679652887 -2.1199786960927476 -2.1136750999622294 -2.111631176372015 -2.1033500644303462 -2.1048363524434546 -2.090615258457964 -2.092111432036398 -2.070297216946594 -2.07151601893207 -2.0406748898778977 -2.041919469485964 -1.999586060199302 -2.0010275042175296 -1.9433826900378783 -1.9451044459147615 -1.8683571415680753 -1.869868897192992 -1.7675103135940031 -1.7695817974148234 -1.6373420213096106 -1.6394690586055354 -1.4768055717131283 -1.4787942997342067 -1.2775639770195804 -1.2787240273201717 -1.0452767450180989 -1.0459638526148611 -0.7852474087038972 -0.7852955030989939 -0.4955695890303262 -0.4949906709739247 -0.17859305359246647 -0.17730885060710122 0.15367491918700527 0.15528303847092895 0.5080962071118706 0.5100668078623327 0.8850227885288126 0.8872976813575865 1.2767259728824343 1.2792084824473582 1.6831502011735204 1.6857755140205921 2.1075562831055557 2.110534442248907 2.5518070931440766 2.554858671778915 3.0023780591584797 3.0063013668882017 3.4673859470760044 3.4710744983509194 3.943474977412923 3.9467659422399795 4.437157561989345 4.440663154287363 4.938081249633592 4.941524060255002 5.448389691595993 5.451820291343313 5.982245494401443 5.9857123804111625 6.532663059386801 6.536225913513973 7.096186950230593 7.099739601476535 7.659606024379723 7.663415788389768 8.240599372155092 8.244337610501319 8.247853703944479 8.249245101441389 8.249434950851718 8.242355456875593 8.229912670717148 8.216124126253801 8.202454126951801 8.177017278122987 8.091206114419077 8.013934048412212 7.977201342914458 7.956448137373077 7.94202046931497 7.92629909445017 7.91546903003653 7.907618645734493 7.906122739954566 7.901169034979803 7.895516269213304 7.889061819321089 7.885290892603936 7.882850730608309 7.8763473697421595 7.868054879339833 7.85912971021083 7.851886068926427 7.846354381065548 7.843639015019194 7.842836121221036 7.8384484106413215 7.840033833598894 7.837216120849771 7.837703579012671 
# Stellar luminosity-weighted [Mg/Fe]:
0 6.938893903907228e-17 -1.3877787807814457e-17 0.5866059222216508 0.647971177304402 0.4107908140563796 0.25113179764182164 0.1487282893882794 -0.6844135377274401 -0.9245770310784361 -0.8755449739267646 -0.7757629794466625 -0.7509482823441028 -0.756510915661397 -0.773910050759299 -0.795736773417312 -0.817924137707328 -0.8394953192564082 -0.859145968597306 -0.8768861702047077 -0.8932342652509141 -0.9082886940891035 -0.9222175743278821 -0.935268296211835 -0.9475756808332636 -0.9589197191647953 -0.9696723471455706 -0.9797032679521674 -0.9890652515610666 -0.997982793999577 -1.0062542414032922 -1.014361140432886 -1.021912481521468 -1.029116906263043 -1.0359637873690737 -1.0424245700831114 -1.0483734981180026 -1.0539775728047291 -1.0591030838536981 -1.0638529010026558 -1.0681365456420022 -1.0719750574274651 -1.075727340597978 -1.0789775410992462 -1.0821803375227825 -1.085193019903837 -1.0879261814701708 -1.0905326287579107 -1.0928901968617961 -1.0951153978256605 -1.0971160289976667 -1.099137522624862 -1.101138708292648 -1.1029063239260462 -1.104731956189714 -1.10668550976233 -1.1087540660913102 -1.1108980769395358 -1.113078172147357 -1.1153120746897058 -1.1175840275467244 -1.11983756923095 -1.1220545120631789 -1.1244854631273276 -1.1268953556377785 -1.1292540244652536 -1.1315428358951216 -1.1338782189500558 -1.1360021703178815 -1.1382010295010674 -1.1396317423908067 -1.1421690481478526 -1.144805389092729 -1.1471388003865026 -1.1493619152444918 -1.1513684180658477 -1.1535607867990747 -1.1556869869031774 -1.1578367787264843 -1.1599706702965793 -1.1621053960925178 -1.164248453488688 -1.1661424456423413 -1.1679955886601447 -1.1700552654178829 -1.1720006198922244 -1.1738841583976978 -1.1756913886741682 -1.1775561007408155 -1.179511043709754 -1.1815025861504167 -1.1834135729832023 -1.1851842984072443 -1.1871328178872849 -1.1888660403278433 -1.1910997143563833 -1.1923867784465203 -1.194953160928124 -1.1963697058005671 -1.1980754138336516 -1.19997844014288 -1.1992801006942253 -1.1985236211869628 -1.197723710725867 -1.196808116092865 -1.1958264937732874 -1.1948934191285152 -1.1940597152891907 -1.1933264248333109 -1.1921049384357387 -1.1883147889457653 -1.1862522659592267 -1.1860617376574247 -1.1870066912348036 -1.1880621521523413 -1.1892206004534913 -1.190163624544455 -1.1905926922071628 -1.1907357268473893 -1.1906766656443004 -1.190640278867244 -1.1900347489310468 -1.1902504739689868 -1.1900249669665504 -1.1902839786179042 -1.1896541298238086 -1.190391089543886 -1.1905106026903471 -1.1905094375439358 -1.1908040426543511 -1.1917429631485765 -1.1918329112349966 -1.1923515083311318 -1.1930934595103984 -1.1930985276291266 
# Stellar luminosity-weighted [C/Fe]:
0 -2.220446049250313e-16 -2.220446049250313e-16 0.8800952996582476 0.9632291942400693 0.728412737140941 0.5797093025931352 0.4942190703126752 -0.33887961191778526 -0.5927005651048495 -0.5492581756673269 -0.45077460325028834 -0.42629860152209875 -0.431422875500866 -0.44813123018917916 -0.4689213873691578 -0.48981008624635897 -0.5099637672605578 -0.5281351105020851 -0.5443153145508042 -0.5589508438230366 -0.5720831655574445 -0.5838600193886807 -0.594443012243135 -0.604087681693382 -0.612422676749153 -0.6197336551339749 -0.6253194042955483 -0.6288587003239341 -0.6309956970638047 -0.6315983069837772 -0.6312646751279298 -0.6301919271645009 -0.6285668695064537 -0.6264472057171654 -0.6235135197229216 -0.6196282605691334 -0.6149474057172437 -0.6095341865261096 -0.603630615537146 -0.5970622032420505 -0.590263124920341 -0.5830985885210981 -0.5759876809706961 -0.5688748255833922 -0.5614865601505566 -0.5542303930702853 -0.5468967986614588 -0.5394988671467511 -0.5323741280357541 -0.5252430673000333 -0.5182438963269902 -0.5111056161521893 -0.5044763205340823 -0.4980832463461963 -0.49172019923581056 -0.485580516115193 -0.48034509910824225 -0.4750416406403907 -0.47004634916594895 -0.46522783014390023 -0.4604453499812747 -0.4559057770824133 -0.4515397173486306 -0.4480019092961074 -0.4429211406550943 -0.4387686202522276 -0.4351369668297613 -0.4313512350350085 -0.4278475661625448 -0.42476369261770563 -0.42228590797588084 -0.4196145342734937 -0.41692558770208543 -0.4145122164153239 -0.4123829503001484 -0.4103290905058342 -0.40816534525412684 -0.40627478943860873 -0.40459616087421213 -0.4030600672717508 -0.40154861485305204 -0.4000283830067266 -0.3989023563456924 -0.3976368573620198 -0.3964150061124937 -0.3951951511778946 -0.3938729586476114 -0.39275095400522875 -0.3917702921179069 -0.3910530615676656 -0.390442866391006 -0.3897466257092135 -0.38911689525162785 -0.3883628879833996 -0.3876223066884772 -0.3868130853400691 -0.3862322564367443 -0.38560742088383837 -0.3850002891622911 -0.3845301762634932 -0.3861630435846465 -0.38783853448055705 -0.3895047664485136 -0.3911862129629773 -0.3928835570553948 -0.3945664283960173 -0.3961846023848513 -0.3977303234934466 -0.40059379664362016 -0.4114837722978665 -0.42504358573697154 -0.4338280474401671 -0.4407424072971879 -0.4462492464609873 -0.4525608625733822 -0.4574975243378525 -0.46137448479627635 -0.4624285477960351 -0.4643641294016606 -0.4666846146607827 -0.4685127062960628 -0.4700469929288816 -0.47058418995796153 -0.47284182841936506 -0.4746785463339609 -0.478331237740165 -0.48060504107882546 -0.4823938162306863 -0.48377587588362203 -0.4847244380296539 -0.48624729379688275 -0.48649692779154713 -0.48815277231208576 -0.4882288569520222 
# Stellar luminosity-weighted [N/O]:
0 0.0 -1.1102230246251565e-16 -2.508008264954998 -2.719359851968939 -2.5945872205274547 -1.8309424483383423 -0.8481567939031724 -0.2740923782962401 -0.1455031676072982 -0.228870961683312 -0.34186188156871156 -0.36871496646484037 -0.36198564376132314 -0.34195948885658356 -0.3157710078026159 -0.28687490289510453 -0.25530314469618864 -0.22263611409842476 -0.1900903286650406 -0.1588400797026488 -0.1308553210405361 -0.10654705374527051 -0.08579144695692476 -0.06787479165746246 -0.05268219032093757 -0.039650849537192556 -0.029973382961087536 -0.02396894101051461 -0.02056365192824805 -0.019351218800104708 -0.019714042400141074 -0.021637328994132954 -0.024985140844644982 -0.029015701361112978 -0.03387081115704349 -0.03869328926050353 -0.043138919701065426 -0.04679810372330084 -0.049853127165133904 -0.05209449729910598 -0.05393989019059442 -0.055617401578854864 -0.05676762813556124 -0.057849861216150766 -0.05858688519501931 -0.059289307187459284 -0.059689235581827704 -0.0598333754617445 -0.05978748154028812 -0.059920514773263545 -0.06017014414180233 -0.06017857446753727 -0.060159539741616586 -0.0599638683864373 -0.059786097379432745 -0.05961194901722644 -0.05926159163589284 -0.058902954282301745 -0.058563583526455076 -0.058150524901377065 -0.057730796917988325 -0.057181776324314204 -0.05661454936520438 -0.05624736974634781 -0.05592226051997984 -0.0553680376856962 -0.0549429110655697 -0.05430383113333481 -0.053880939819085705 -0.05318026546442467 -0.052685207086677344 -0.052119932841920846 -0.05147364816434685 -0.05103253458191126 -0.0504875438412935 -0.049719416060773236 -0.04904974519862326 -0.04854977363632895 -0.0474628798053478 -0.0470469994405851 -0.04670822144574982 -0.0460290181486368 -0.0454126946853044 -0.04487744612100719 -0.044318005302212415 -0.043814308853178496 -0.04332239719812614 -0.04272059349280044 -0.04207398651302252 -0.0417146448520912 -0.0411478013322405 -0.04092109732408533 -0.040482527256637035 -0.03968817610306541 -0.03903937126185919 -0.03822198962163814 -0.03778879634883647 -0.03713529737151966 -0.03584559227838402 -0.034755679262707506 -0.03355990008738663 -0.032341846159566257 -0.0311903672137811 -0.030185373988025344 -0.0292357816869544 -0.028267294193069725 -0.027284235276878066 -0.02629014045911704 -0.024319659258190685 -0.01645083234877398 -0.004595055293846295 0.0038367725345213044 0.011564036479498108 0.017875063403973157 0.024890868468184335 0.030308758061250773 0.034166362605883016 0.03529860242760119 0.036777777249627275 0.03867366240991188 0.03950409141511635 0.04105026396528266 0.041176931730516286 0.04338345811567845 0.04406109113387269 0.047799764954667756 0.04969447483596556 0.05103922778118719 0.05240594588857628 0.0542741581917916 0.05548447659724198 0.056319562502349596 0.05838967442828891 0.05848280704348352 
# Stellar luminosity-weighted [C/O]:
0 -1.1102230246251565e-16 -1.1102230246251565e-16 -0.34151492862846966 -0.38177406320802354 -0.32843102628471565 -0.2626812836215936 -0.21980445247831315 -0.19613375179061493 -0.21347993908251855 -0.2417657492747557 -0.2602766907592241 -0.26517885319827794 -0.26546378051912134 -0.26401485530935 -0.2614433594917984 -0.2583216134849249 -0.2546369055749448 -0.25071021668877824 -0.24680385097159196 -0.24258740559508774 -0.23823030243562227 -0.23366588388010345 -0.2289202371803825 -0.22409088710369884 -0.2188443145538338 -0.21326641038439587 -0.2064566098867911 -0.19866990691722808 -0.18991064373422817 -0.18024461475395837 -0.1698817767391239 -0.15922815639109722 -0.14852258253580936 -0.13767187750864546 -0.12639454767104208 -0.11446172272262767 -0.10198096383798416 -0.0891930580842028 -0.07592315033237973 -0.062427600716415954 -0.04896856337395855 -0.035682408959832546 -0.02221404127653659 -0.009509963151563772 0.0038890476959218545 0.016729049046110667 0.029476194792573934 0.042071347395012476 0.05429005903692358 0.06639211461815875 0.07812717943375003 0.09004972765810562 0.10121699055044106 0.11217404241008444 0.12284342555088668 0.13328591415851854 0.1426841780083825 0.15207298508758563 0.16103093343828684 0.16974739696402963 0.1783355391520291 0.1865851348608793 0.1946724133713577 0.2018535443570965 0.21052855455477365 0.21818969311285544 0.22518865510387132 0.23219349014043034 0.23891493383111378 0.24527110702371618 0.25089858048792485 0.2566462524824706 0.2623473728831805 0.2677899406507779 0.27287585107690787 0.27772047293202445 0.2827371768126978 0.2875561140262649 0.29210993867898005 0.29639051973286423 0.3005290856167845 0.30465803126859536 0.3084438139089207 0.3123400972049044 0.3160877901271838 0.3197548848931719 0.32353381522311014 0.3270671047942011 0.3305192388185122 0.33349938856099626 0.33645191795658264 0.33922678024423125 0.3420544343183222 0.34508910047420477 0.3481664471153855 0.35126297130577316 0.35389918343789795 0.3568193282128574 0.3594539722292227 0.3619541272024795 0.3591465252321687 0.35626677559935904 0.35333261517504466 0.35021667418602637 0.3470134150221928 0.34391242655650045 0.34102456517600954 0.3383598307564741 0.33362263990161906 0.316637361352139 0.2991459050425642 0.28936885951053753 0.2832847866838685 0.2788399988168378 0.2736066447633354 0.2695474568425159 0.26587259369529914 0.26494954499765644 0.26267215325033033 0.2600720236010909 0.2571131490755117 0.2557204222509498 0.25475196011418033 0.2526744060876725 0.24964276874212174 0.24667517738217562 0.24430574635050817 0.24225073279904116 0.24107130870117924 0.2415097655953402 0.23987738997379088 0.24042125766128106 0.23961943485632148 0.23957437167847226 
# Stellar luminosity-weighted [O/Fe]:
0 -2.220446049250313e-16 0.0 1.2216102282867172 1.3450032574480928 1.0568437634256571 0.8423905862147292 0.7140235227909886 -0.14274586012717028 -0.37922062602233086 -0.30749242639257135 -0.1904979124910643 -0.16111974832382092 -0.16595909498174488 -0.18411637487982913 -0.20747802787735925 -0.23148847276143414 -0.255326861685613 -0.2774248938133069 -0.2975114635792122 -0.31636343822794877 -0.33385286312182216 -0.35019413550857736 -0.3655227750627523 -0.3799967945896833 -0.3935783621953193 -0.4064672447495792 -0.41886279440875707 -0.4301887934067059 -0.4410850533295766 -0.4513536922298188 -0.46138289838880575 -0.47096377077340357 -0.4800442869706443 -0.48877532820852 -0.4971189720518795 -0.5051665378465058 -0.5129664418792597 -0.5203411284419067 -0.5277074652047663 -0.5346346025256346 -0.5412945615463824 -0.5474161795612655 -0.5537736396941595 -0.5593648624318284 -0.5653756078464787 -0.570959442116396 -0.5763729934540328 -0.5815702145417634 -0.5866641870726776 -0.591635181918192 -0.5963710757607404 -0.601155343810295 -0.6056933110845233 -0.6102572887562807 -0.6145636247866971 -0.6188664302737115 -0.6230292771166249 -0.6271146257279763 -0.6310772826042358 -0.6349752271079299 -0.6387808891333037 -0.6424909119432927 -0.6462121307199884 -0.6498554536532039 -0.6534496952098678 -0.6569583133650831 -0.6603256219336325 -0.6635447251754387 -0.6667624999936588 -0.6700347996414218 -0.6731844884638059 -0.6762607867559642 -0.6792729605852659 -0.6823021570661016 -0.6852588013770563 -0.6880495634378586 -0.6909025220668247 -0.6938309034648735 -0.6967060995531922 -0.699450587004615 -0.7020777004698366 -0.704686414275322 -0.7073461702546131 -0.7099769545669241 -0.7125027962396777 -0.7149500360710662 -0.7174067738707217 -0.7198180587994298 -0.722289530936419 -0.7245524501286619 -0.7268947843475888 -0.7289734059534447 -0.73117132956995 -0.7334519884576043 -0.7357887538038627 -0.7380760566458422 -0.7401314398746424 -0.7424267490966957 -0.7444542613915137 -0.7464843034659727 -0.7453095688168152 -0.7441053100799161 -0.7428373816235583 -0.7414028871490037 -0.7398969720775876 -0.7384788549525179 -0.737209167560861 -0.7360901542499205 -0.7342164365452393 -0.7281211336500055 -0.7241894907795358 -0.7231969069507047 -0.7240271939810564 -0.725089245277825 -0.7261675073367175 -0.7270449811803685 -0.7272470784915754 -0.7273780927936915 -0.7270362826519909 -0.7267566382618734 -0.7256258553715745 -0.7257674151798315 -0.7253361500721418 -0.7255162345070376 -0.7243213150760826 -0.7250064151223408 -0.7249107874293337 -0.7246445490297275 -0.7248471845848012 -0.7262342036249942 -0.7261246837706736 -0.7269181854528282 -0.7277722071684072 -0.7278032286304944 
# Stellar luminosity-weighted [Ca/Fe]:
0 0.0 0.0 0.4082337482677868 0.5051985781154202 0.4092594626527625 0.34849094142971937 0.2954261134729457 -0.07373084047519374 -0.11977325356886537 -0.11508657216344087 -0.10088284784390877 -0.09711769253865765 -0.09825969693411163 -0.10125080396111374 -0.10480354588021612 -0.10822171134596603 -0.11139402489256534 -0.11418543973225903 -0.11664106885928271 -0.11883297670608184 -0.12077901671648728 -0.12253119201761842 -0.12412103174899802 -0.125568391213559 -0.1269022507655353 -0.1281143337735804 -0.12922873992403927 -0.1302459815174577 -0.13119959290636807 -0.13207374070705602 -0.1329103925394588 -0.13367688071022177 -0.13441267543733515 -0.135105779245007 -0.13575810891728324 -0.1363687063311423 -0.136951631189832 -0.1374872156628597 -0.13802945651819076 -0.13851783817850016 -0.13898510830981747 -0.13941236157723091 -0.13983996888283468 -0.14025714686567725 -0.14063706330792414 -0.141001672878454 -0.1413528132236921 -0.1416876771269655 -0.1420126370673589 -0.1423297624052393 -0.14263565274246237 -0.14293982476977596 -0.1432158151349492 -0.1434818665306017 -0.14374850438546627 -0.1440037140184467 -0.1442509938085177 -0.14448985386873736 -0.14471725641036404 -0.14493789371102173 -0.14515190880373674 -0.14536184953944042 -0.1455765289751383 -0.1457813839512363 -0.14599680414723903 -0.1461921656182681 -0.14636021765104523 -0.14653883736670736 -0.14670620692395953 -0.1468792646937176 -0.1470459837925484 -0.14720841299723064 -0.14736054394445097 -0.1475184984036766 -0.147670271197748 -0.14781412223744783 -0.14796019529217563 -0.1481102607146827 -0.14825391568136537 -0.14839124611822485 -0.14852525828756713 -0.14865453689820485 -0.14878633909773553 -0.14890769770328594 -0.14903310472173015 -0.14914179340574374 -0.14926958355371633 -0.14938923458047326 -0.1494949635709324 -0.14961576024740753 -0.14972245316282518 -0.14982212277170692 -0.14992946935350737 -0.1500285243380861 -0.15013645697530897 -0.15024075737389753 -0.150337389038099 -0.1504357466931383 -0.15053287043242336 -0.15062773375761007 -0.15057138758885769 -0.15051291591406835 -0.15045295069405218 -0.15038600274478076 -0.15031407795047547 -0.15024570388419356 -0.15018403606552955 -0.15012925776212582 -0.150035702953635 -0.14973059345424322 -0.14951366273916422 -0.1494464805927571 -0.14946736222909207 -0.14950633697103122 -0.1495480998052101 -0.14958024862495312 -0.1495831959891203 -0.14958444915557711 -0.149568549064361 -0.1495471448812522 -0.14948930484570266 -0.14949422523946776 -0.1494753348609632 -0.14947483037248466 -0.14941704081694973 -0.14944391895399445 -0.1494377231106787 -0.1494271256224604 -0.14943927154107484 -0.14949962079185264 -0.1494984902387606 -0.14953180779129482 -0.14957621222608775 -0.14957540083552257 
# Stellar luminosity-weighted [Ne/Fe]:
0 -1.6653345369377348e-16 -1.6653345369377348e-16 1.0243859397615462 1.0533865924309747 0.8007923297835173 0.6258901915574178 0.5101880077154886 -0.36609597900304003 -0.6338741478978605 -0.5684686019141818 -0.4501021584530147 -0.42081981320115774 -0.42649432846040786 -0.44583257961087003 -0.4704479240532359 -0.49599831689370255 -0.5211012438606248 -0.5443102515007425 -0.5656267839402793 -0.5855910045184048 -0.60415546745997 -0.621459897922082 -0.6377206052741895 -0.6531717318185281 -0.6675985007770644 -0.6813522751539371 -0.6942439710135747 -0.7064235575639488 -0.7181201619817645 -0.7290986105072581 -0.7398935924631664 -0.7501371478025857 -0.7598975700088078 -0.7693479083895653 -0.7784456635032091 -0.7871247740214182 -0.7955015027613093 -0.8034551315466907 -0.8114762218123346 -0.8188881471113179 -0.8259801415944567 -0.8325948935829373 -0.8394371584123488 -0.8456215078007099 -0.8521175389514482 -0.8582405742104748 -0.8641888146722987 -0.8697777461753344 -0.875377621014191 -0.8808729942460709 -0.8862161170823629 -0.891460366134162 -0.8964200211986778 -0.9012414053487559 -0.9060683428431306 -0.9107758270672339 -0.915334864075902 -0.9198462830513725 -0.9241782050090576 -0.9284602438563963 -0.932586426142999 -0.936648319290987 -0.940713689721371 -0.9446953274118466 -0.9486318414816184 -0.9524559609393092 -0.9562049677684787 -0.9597842832449032 -0.96335150100688 -0.9669799708358482 -0.9704683502457269 -0.9738966893967967 -0.9772229357006614 -0.9806648651932566 -0.9839859047563843 -0.9870844299818214 -0.9903386945033873 -0.9936354112046533 -0.9968825579658103 -0.9999927043755268 -1.0029518450318275 -1.0058594313859301 -1.0088169117986996 -1.0118134416862439 -1.0145619777054466 -1.017250072521398 -1.0201172659386375 -1.0229200770116544 -1.0257829610223115 -1.0285100967123668 -1.03114150785412 -1.0336682203266419 -1.0362757793800417 -1.038886103620356 -1.0416857525159255 -1.0443207715993152 -1.0467495056282057 -1.0490914398772788 -1.0514535431890495 -1.0538272595005176 -1.0524556030049337 -1.0510448122921898 -1.0495777084674307 -1.0479305133970844 -1.0461927444630108 -1.0445549736540525 -1.0430881405459984 -1.0417949769371586 -1.0396228606625408 -1.0325931075164982 -1.0279987687567576 -1.026800536053753 -1.0276775650873158 -1.0288557961634992 -1.0300716300437183 -1.0310487510432886 -1.0312640952086776 -1.0313899478576878 -1.0310137995598958 -1.0306573663817589 -1.0293515881448512 -1.0295121434686734 -1.0290339102499098 -1.0291965700952932 -1.0278389684082296 -1.0286103608621517 -1.0285054912876412 -1.0282278897827024 -1.0284846351128816 -1.0300386778003259 -1.0299507621213602 -1.0308303960921927 -1.0318439112484403 -1.0318646174990531 
# Stellar luminosity-weighted [Si/Fe]:
0 8.673617379884035e-18 1.0408340855860843e-16 0.7644091911275906 0.8507873042161763 0.6576124298136712 0.5400807882641048 0.46731491360756916 -0.05172115410511424 -0.13352597572056712 -0.12200600033661149 -0.09226642045237188 -0.0842592176952629 -0.08629931874927158 -0.09215721484864785 -0.09923625954059498 -0.10609658263791619 -0.11260902613181263 -0.11840092953938038 -0.12350593244979226 -0.1281111788508033 -0.13224939224379134 -0.13593591815819367 -0.13936869358604864 -0.14247105356957918 -0.1453473369425968 -0.14796889625172865 -0.15038502649495128 -0.15260131330959725 -0.15478549551568532 -0.15662007497525957 -0.15844833464524685 -0.1601493693504672 -0.16175855231643246 -0.1632885595023554 -0.16473292874885065 -0.1660904098956705 -0.1673895331445452 -0.16859645946518095 -0.16979766281360537 -0.1708867446744533 -0.17193399926232095 -0.1728977349789085 -0.17385731059893816 -0.17473851280212202 -0.17561575985230565 -0.17644331267099622 -0.17724006083481414 -0.17799322892388544 -0.1787300594370561 -0.17944166948458834 -0.18012716053575634 -0.18080944561842346 -0.18144691357061313 -0.18205574153005785 -0.18266344599722914 -0.18323615537975918 -0.18379436389737971 -0.18434060933642837 -0.1848637175951994 -0.18537199805681837 -0.185857883600547 -0.18633232328680238 -0.18681436210550217 -0.187280996764227 -0.18777555511277064 -0.18820368119740966 -0.1886133506276185 -0.18900837452491395 -0.1894033209593511 -0.1898074118561503 -0.19020074182558652 -0.190600832741902 -0.19094420474989804 -0.19124241597146138 -0.1915966979048196 -0.1919213129973263 -0.19225581581771856 -0.1926079306092683 -0.1929620349227881 -0.19328358598059747 -0.19359102698246244 -0.19389280339169807 -0.19421554277723257 -0.194543523339882 -0.19476599619555657 -0.19503498327797605 -0.19531668078028186 -0.19558686557199703 -0.19584884384679266 -0.19611643276419283 -0.196363147893095 -0.1965904168485804 -0.19684012776634352 -0.19708378237187157 -0.1973313657100069 -0.19757797997502782 -0.19779565266191454 -0.19801594168549513 -0.1982383884581275 -0.19845686711967725 -0.19832815050087615 -0.19819521840494791 -0.19805765001435147 -0.19790358292611004 -0.19773941009090137 -0.1975837076647033 -0.19744347430003384 -0.19731912995679643 -0.19710794201716536 -0.19641678572579047 -0.19593763855678636 -0.1957961348328337 -0.19585670468561672 -0.19595313631364134 -0.19605381746290482 -0.19613325329933878 -0.19614382780824086 -0.19615055300412043 -0.19611273438284182 -0.19606939063693618 -0.19593958674986073 -0.195951531543597 -0.19590653875863862 -0.19591197934771956 -0.1957793174050209 -0.19584382776789883 -0.1958296605717275 -0.1958022539269145 -0.19582693717109473 -0.19596948019333876 -0.19596247243168013 -0.19604235571787942 -0.1961397797217745 -0.196139785484498 
# Stellar luminosity-weighted [S/Fe]:
0 0.0 5.551115123125783e-17 0.5591487579466183 0.6523417840827765 0.5109751980646781 0.43038670992473665 0.3739058569151271 -0.09738479973540021 -0.16837310221759783 -0.16104706226877286 -0.13877728330177774 -0.1329128197198297 -0.13469579513897945 -0.13934219629427758 -0.14486783418840787 -0.15022762795473088 -0.15523318820549736 -0.15965454586465821 -0.16355386881873124 -0.1670524294582817 -0.1701738589555144 -0.17298102657750325 -0.17553518651497502 -0.17787822007480436 -0.1800232887369856 -0.18199072315225062 -0.1837936791510466 -0.1854481927573326 -0.18699139969245182 -0.18841666089571418 -0.18978624660878596 -0.19105358443758202 -0.19224021565715332 -0.19336844329087433 -0.19443404965252764 -0.19543455219079353 -0.19639542666338106 -0.1972770177919808 -0.1981616067062355 -0.19897156683998274 -0.19973844488586323 -0.20043789000286172 -0.20114868980360856 -0.2018004613357608 -0.20244660284923732 -0.2030540786089189 -0.20363763770374432 -0.20418966375256076 -0.20472733515403518 -0.2052474695724673 -0.20574986149966523 -0.20624911969615967 -0.2067123996408463 -0.2071551549618802 -0.20760016909068812 -0.20802488977231848 -0.20843340165817137 -0.20883143834679008 -0.20920647438942097 -0.20957644235033568 -0.20993297689614476 -0.21027959688900666 -0.21062840039930442 -0.21092004787654528 -0.21130083729410798 -0.21164263137075978 -0.21193088984808595 -0.21222566323385128 -0.21250768469037795 -0.21279634077640486 -0.2130738407649586 -0.21334229736391652 -0.2135953002974439 -0.21386166684340602 -0.21411445533495477 -0.2143540675283102 -0.21459554076308507 -0.21484483059711434 -0.21508396643251804 -0.21531421145625163 -0.21553834991593268 -0.21575933294662697 -0.2159658308675677 -0.21616527110748307 -0.21637763232759888 -0.21657399119293796 -0.21677857947565815 -0.21697638720784285 -0.2171619920386728 -0.21735714558360297 -0.21753543485376647 -0.21770353284500787 -0.21788142474202365 -0.21804475269765144 -0.2182246754609708 -0.21840069374145565 -0.21856096416675064 -0.21872471346644606 -0.2188826671864228 -0.2190421384754906 -0.2189482434989487 -0.21885091846650795 -0.2187506676472757 -0.21863895967545233 -0.21851920879066222 -0.21840547298059465 -0.21830291850589412 -0.2182119137242321 -0.21805663733166958 -0.21754956737497655 -0.21719130823482746 -0.21708167077136864 -0.21711862743441435 -0.21718462951625095 -0.2172552295691772 -0.21730974157916427 -0.2173152358966003 -0.2173178804644621 -0.21729118316054463 -0.2172560982748899 -0.21716015122179622 -0.2171683330012426 -0.21713671291336334 -0.217136616169748 -0.21704021940554685 -0.21708525959861902 -0.21707481091051484 -0.21705638591562504 -0.21707598822866447 -0.21717710074545438 -0.2171745008371141 -0.21723046484050912 -0.21730379916505682 -0.2173026685033529 
# Stellar luminosity-weighted [C/H]:
0 -5.218485947384705 -6.810024555508484 -4.988876155007951 -2.6180136819506394 -2.109346836489866 -1.924090223111996 -1.9832960001741808 -2.2128885565710537 -2.3961168529317414 -2.49698990683264 -2.5515005797233945 -2.5748208104650177 -2.585907294138095 -2.5911177416440783 -2.5927095041218324 -2.592169686604013 -2.5901603259728336 -2.5871875672835163 -2.5835308345988146 -2.579262720969937 -2.574572240631457 -2.569545774844074 -2.5641390180249424 -2.558431750999765 -2.552177357462888 -2.545698475443203 -2.538175691647517 -2.5293095011689966 -2.519435770287311 -2.508630387549994 -2.497188741621766 -2.4854520410496956 -2.4735134429127497 -2.4614383979964103 -2.448972676115731 -2.4359046137758433 -2.4221890952888137 -2.408212845686136 -2.3937050673667377 -2.3790932053121088 -2.3644829949105164 -2.3500126447879284 -2.3354929370625035 -2.321418920836602 -2.307076863420445 -2.293154481789073 -2.279311049904587 -2.265655541902195 -2.252315043834903 -2.2391055511983105 -2.226187598725158 -2.213186344094237 -2.2009975865706863 -2.189089079066412 -2.177245309044806 -2.1657976351193815 -2.155355969376356 -2.1449519392541507 -2.1350304890091145 -2.1253693628955377 -2.115807786974421 -2.1066357041433097 -2.0976830178775776 -2.089523186454307 -2.079881308638578 -2.0714123296607916 -2.063501771038986 -2.055494087572704 -2.0478671048992405 -2.040732771865698 -2.034248642825549 -2.0275114010677804 -2.0209986635327972 -2.014826056034347 -2.0090090770156532 -2.00323475606002 -1.9972768616127663 -1.991726443805236 -1.986490260567999 -1.9814091112746173 -1.9763663445993798 -1.9713414897319428 -1.9668250690169957 -1.9622781855596907 -1.9577904861183235 -1.9532780476931446 -1.9485894734793474 -1.944271165513249 -1.94022388264652 -1.9365482542239505 -1.9329292004532297 -1.9292635194445706 -1.9255488654413035 -1.9218237430772547 -1.9180980111203434 -1.9144868087491842 -1.9111781265786627 -1.9078050493130032 -1.9043876402811684 -1.9010915177241126 -1.904050285178056 -1.9072221959370017 -1.9104505838433523 -1.9137804254929796 -1.9171021905947443 -1.920279690578215 -1.9232185769073462 -1.925931212683663 -1.9310537867915727 -1.9482246988640473 -1.9643343080776043 -1.9723142038484438 -1.9767664785213919 -1.980047004708882 -1.983783988410396 -1.9866034743975973 -1.989496807639573 -1.9899462855551002 -1.9922228545623275 -1.9943343103544136 -1.9969422396924417 -1.9982998282250648 -1.9993147459144724 -2.0008634482817094 -2.003892847722123 -2.006478508702208 -2.008957967503128 -2.0114458061445104 -2.012843510244525 -2.0118716783064663 -2.0138714152581043 -2.012960363067476 -2.0138781047332968 -2.0138160851288607 
# Stellar luminosity-weighted [N/H]:
0 -5.218485947384705 -6.810024555508484 -7.155369491334479 -4.9555994707115545 -4.375503030732606 -3.4923513878287453 -2.6116483415990395 -2.2908471830766786 -2.32814008145652 -2.4840951192411964 -2.6330857705328823 -2.67835692373158 -2.6824291573802963 -2.669062375191312 -2.6470371524326506 -2.620722976014192 -2.590826565094078 -2.559113464693163 -2.5268173122922626 -2.495515395077498 -2.4671972592363707 -2.44242694470924 -2.421010227801485 -2.402215655553529 -2.386015233229992 -2.3720829145959996 -2.3616924647218136 -2.3546085352622823 -2.3500887784813305 -2.3477369915961397 -2.347021007282782 -2.347861213652731 -2.3499760012215862 -2.3527822218488774 -2.3564489396017327 -2.3601361803137184 -2.3633470511518953 -2.365817891325234 -2.367635044199492 -2.3687601018948 -2.3694543217271526 -2.369947637406951 -2.3700465239215287 -2.3697588189011896 -2.3695527963113854 -2.369172838022643 -2.3684764802789884 -2.3675602647589526 -2.3663925844121145 -2.3654181805897325 -2.3644849223007105 -2.363414646219879 -2.3623741168627443 -2.361226989862934 -2.359874831975125 -2.358695498295127 -2.357301739020631 -2.3559278786240387 -2.3546250059738556 -2.3532672847609444 -2.351874123044438 -2.3504026153285036 -2.3489699806141395 -2.347624100557751 -2.3463321237133306 -2.3449700604593424 -2.343633337208428 -2.3419914088464697 -2.3406629785494397 -2.3391841443538386 -2.3378324304001517 -2.336277586392172 -2.3348196845803244 -2.3336485312670368 -2.332372471933855 -2.3306746450528175 -2.329063783624087 -2.32783233146783 -2.326063079052327 -2.324846630448066 -2.323603651661914 -2.3220285391491746 -2.3206815776112206 -2.3194957288856024 -2.3181962815477197 -2.316847241439495 -2.315445685900584 -2.314058863800251 -2.312817107978055 -2.3117622876370385 -2.310528919742053 -2.3094113970128882 -2.3080858270162627 -2.306601019654525 -2.3053038294975883 -2.303971769676595 -2.302866106365398 -2.3017596748973803 -2.299687204788775 -2.297801324189299 -2.296756710497612 -2.2958308176959275 -2.294973566232178 -2.294182473667032 -2.2933513873038915 -2.292459411327785 -2.291527377360234 -2.2905811838992536 -2.288996085951382 -2.2813128925649595 -2.268075268414015 -2.2578462908244603 -2.2484872287257627 -2.241011940121747 -2.2324997647055476 -2.2258421731788616 -2.22120303872899 -2.2195972281251555 -2.2181172305630303 -2.2157326715455925 -2.2145512973528367 -2.212969986510731 -2.2128897742981364 -2.210154396253704 -2.2094745253303714 -2.205353921129716 -2.2035692390176713 -2.2026573111623646 -2.2015088730571293 -2.1991072857100153 -2.198264328634653 -2.1970620582264075 -2.1951078651613294 -2.1949076497638496 
# Stellar luminosity-weighted [O/H]:
0 -5.218485947384705 -6.810024555508484 -4.6473612263794815 -2.2362396187426157 -1.7809158102051503 -1.6614089394904026 -1.7634915476958684 -2.0167548047804384 -2.1826369138492216 -2.255224157557885 -2.2912238889641703 -2.3096419572667397 -2.320443513618973 -2.3271028863347283 -2.3312661446300345 -2.3338480731190883 -2.335523420397889 -2.3364773505947376 -2.336726983627223 -2.3366753153748494 -2.336341938195835 -2.3358798909639695 -2.33521878084456 -2.334340863896066 -2.3333330429090537 -2.332432065058807 -2.331719081760726 -2.3306395942517684 -2.329525126553082 -2.328385772796036 -2.3273069648826414 -2.3262238846585976 -2.324990860376941 -2.323766520487765 -2.3225781284446896 -2.3214428910532154 -2.32020813145083 -2.319019787601934 -2.3177819170343588 -2.316665604595693 -2.315514431536558 -2.3143302358280957 -2.3132788957859676 -2.3119089576850387 -2.3109659111163667 -2.309883530835184 -2.308787244697161 -2.307726889297208 -2.306605102871827 -2.3054976658164685 -2.3043147781589086 -2.303236071752342 -2.302214577121128 -2.301263121476496 -2.3000887345956924 -2.299083549277901 -2.2980401473847385 -2.297024924341736 -2.2960614224474005 -2.2951167598595674 -2.2941433261264503 -2.2932208390041895 -2.292355431248936 -2.291376730811404 -2.290409863193351 -2.2896020227736464 -2.288690426142858 -2.287687577713135 -2.2867820387303537 -2.2860038788894146 -2.2851472233134738 -2.2841576535502517 -2.2833460364159777 -2.2826159966851254 -2.2818849280925617 -2.2809552289920436 -2.280014038425464 -2.2792825578315004 -2.2786001992469798 -2.2777996310074817 -2.2768954302161646 -2.2759995210005375 -2.275268882925917 -2.274618282764594 -2.273878276245507 -2.2730329325863172 -2.272123288702457 -2.2713382703074494 -2.270743121465032 -2.270047642784947 -2.2693811184098127 -2.2684902996888026 -2.2676032997596254 -2.2669128435514585 -2.266264458235729 -2.265749780054957 -2.2650773100165615 -2.2646243775258608 -2.263841612510391 -2.263045644926592 -2.263196810410226 -2.2634889715363604 -2.2637831990183965 -2.263997099679007 -2.2641156056169365 -2.2641921171347157 -2.264243142083356 -2.264291043440137 -2.2646764266931916 -2.2648620602161866 -2.263480213120169 -2.2616830633589817 -2.2600512652052602 -2.25888700352572 -2.257390633173732 -2.2561509312401125 -2.255369401334872 -2.2548958305527567 -2.2548950078126575 -2.2544063339555036 -2.254055388767953 -2.254020250476014 -2.2540667060286523 -2.253537854369383 -2.2535356164642444 -2.253153686084384 -2.253263713853636 -2.2536965389435517 -2.253914818945705 -2.253381443901806 -2.2537488052318952 -2.2533816207287565 -2.2534975395896177 -2.253390456807333 
# Stellar luminosity-weighted [Mg/H]:
0 -5.218485947384705 -6.810024555508484 -5.2823655324445475 -2.9332716988863075 -2.426968759574428 -2.252667728063309 -2.328786781098577 -2.558422482380708 -2.7279933189053267 -2.823276705092077 -2.8764889559197675 -2.8994704912870226 -2.910995334298626 -2.9168965622141982 -2.9195248901699866 -2.920283738064982 -2.9196918779686847 -2.918198425378737 -2.9161016902527175 -2.9135461423978155 -2.910777769163116 -2.9079033297832755 -2.904964301993642 -2.901919750139646 -2.89867439987853 -2.8956371674547983 -2.8925595553041354 -2.889516052406128 -2.886422867223083 -2.883286321969509 -2.8802852069267217 -2.8771725954066625 -2.8740634796693385 -2.8709549796483183 -2.867883726475921 -2.864649851324712 -2.8612192623762986 -2.8577817430137245 -2.8539273528322475 -2.8501675477120614 -2.846194927417641 -2.842641396864809 -2.8384827971910536 -2.8347244327759924 -2.8307833231737254 -2.8268502701889586 -2.822946880001039 -2.81904687161724 -2.815056313624809 -2.810978512895943 -2.807081225023029 -2.803219436234696 -2.799427589962651 -2.7957377889099293 -2.7922106195713248 -2.7889711850955 -2.7859089472076493 -2.7829884707611177 -2.7802962145328705 -2.7777255602983626 -2.7752000062240967 -2.7727844391240755 -2.7706287636562754 -2.7684166327959794 -2.766214192448736 -2.7641865453036853 -2.7622430231592814 -2.7601450228555766 -2.7582205682377623 -2.755600821638798 -2.754131782997521 -2.752702255887016 -2.751211876217214 -2.7496757548635156 -2.7479945447813536 -2.7464664523532596 -2.7447985032618174 -2.7432884330931113 -2.741864769990367 -2.7404544400953847 -2.739066183235016 -2.7374555523675568 -2.7359183013314485 -2.7346965936155536 -2.733376099898053 -2.731967054912948 -2.7304079035059052 -2.7290763122488366 -2.7279646342383677 -2.7269977788067017 -2.7258999070454264 -2.724701192142601 -2.7235647880769607 -2.7223268954216975 -2.72157541878825 -2.7200605018556345 -2.7198990310700433 -2.718567334229731 -2.717462764952529 -2.7165397816034984 -2.7171673422876355 -2.7179072826434076 -2.7186695281207065 -2.719402328622868 -2.7200451273126367 -2.7206066813107137 -2.7210936898116858 -2.7215273140235263 -2.722564928583691 -2.725055715511947 -2.7255429882998605 -2.724547894065701 -2.7230307624590075 -2.7218599104002354 -2.7204437262905063 -2.7192695746041995 -2.718715015050459 -2.7182534646064536 -2.718535390804967 -2.718289974560874 -2.7184642823274245 -2.718503309265169 -2.718755522923061 -2.7183055984802493 -2.7188684312119706 -2.718538360505929 -2.7188635291146497 -2.7195614274577595 -2.719871677015255 -2.7188902034253895 -2.7194570326962184 -2.718814943607061 -2.718818791931609 -2.718685755805965 
# Stellar luminosity-weighted [Fe/H]:
0 -5.218485947384705 -6.810024555508484 -5.868971454666198 -3.581242876190709 -2.837759573630807 -2.50379952570513 -2.4775150704868567 -1.8740089446532684 -1.8034162878268916 -1.9477317311653133 -2.1007259764731057 -2.148522208942919 -2.154484418637229 -2.1429865114548985 -2.1237881167526753 -2.1023596003576532 -2.0801965587122764 -2.059052456781431 -2.0392155200480104 -2.0203118771469013 -2.0024890750740125 -1.9856857554553926 -1.969696005781807 -1.9543440693063827 -1.939754680713735 -1.925964820309228 -1.9128562873519686 -1.9004508008450625 -1.8884400732235056 -1.8770320805662166 -1.865924066493836 -1.855260113885195 -1.8449465734062969 -1.8349911922792446 -1.8254591563928093 -1.8162763532067094 -1.80724168957157 -1.7986786591600268 -1.7900744518295921 -1.7820310020700596 -1.7742198699901754 -1.766914056266831 -1.759505256091808 -1.75254409525321 -1.7455903032698883 -1.7389240887187878 -1.7324142512431289 -1.7261566747554449 -1.7199409157991496 -1.7138624838982768 -1.7079437023981683 -1.7020807279420476 -1.696521266036605 -1.691005832720216 -1.685525109808995 -1.6802171190041895 -1.675010870268114 -1.6699102986137602 -1.664984139843165 -1.660141532751637 -1.655362436993146 -1.6507299270608966 -1.646143300528947 -1.6415212771581995 -1.6369601679834833 -1.6326437094085637 -1.628364804209225 -1.6241428525376955 -1.6200195387366954 -1.615969079247992 -1.6119627348496683 -1.6078968667942872 -1.604073075830712 -1.600313839619024 -1.5966261267155053 -1.592905665554186 -1.5891115163586393 -1.5854516543666266 -1.5818940996937876 -1.5783490440028665 -1.5748177297463277 -1.5713131067252162 -1.5679227126713036 -1.5646413281976708 -1.5613754800058297 -1.5580828965152502 -1.5547165148317355 -1.55152021150802 -1.5484535905286139 -1.5454951926562854 -1.5424863340622235 -1.5395168937353576 -1.5364319701896756 -1.533460855093855 -1.5304757044318666 -1.527673723409114 -1.5249458701419192 -1.522197628429164 -1.5193873511188771 -1.5165613414606192 -1.5178872415934102 -1.5193836614564447 -1.5209458173948391 -1.5225942125300023 -1.5242186335393502 -1.5257132621821983 -1.527033974522495 -1.5282008891902157 -1.5304599901479534 -1.536740926566181 -1.5392907223406338 -1.5384861564082764 -1.5360240712242037 -1.5337977582478945 -1.5312231258370144 -1.5291059500597441 -1.5281223228432967 -1.527517737759065 -1.5278587251606668 -1.527649695693631 -1.5284295333963787 -1.5282528352961826 -1.5287305559565114 -1.5280216198623444 -1.529214301388162 -1.5281472709620436 -1.5283529264243025 -1.5290519899138237 -1.5290676343609029 -1.527147240276812 -1.5276241214612218 -1.5264634352759288 -1.525725332421211 -1.5255872281768381 
# Stellar luminosity-weighted [Ca/H]:
0 -5.218485947384705 -6.810024555508482 -5.460737706398412 -3.0760442980752885 -2.428500110978044 -2.155308584275412 -2.18208895701391 -1.9477397851284612 -1.9231895413957574 -2.062818303328755 -2.201608824317015 -2.245639901481577 -2.25274411557134 -2.2442373154160133 -2.2285916626328905 -2.2105813117036197 -2.1915905836048415 -2.1732378965136903 -2.1558565889072927 -2.139144853852983 -2.123268091790499 -2.10821694747301 -2.0938170375308056 -2.0799124605199415 -2.0666569314792707 -2.0540791540828085 -2.0420850272760074 -2.0306967823625195 -2.0196396661298746 -2.0091058212732733 -1.9988344590332945 -1.9889369945954156 -1.9793592488436325 -1.970096971524252 -1.9612172653100926 -1.9526450595378515 -1.9441933207614017 -1.936165874822887 -1.928103908347783 -1.9205488402485598 -1.9132049782999934 -1.9063264178440615 -1.8993452249746419 -1.892801242118888 -1.8862273665778124 -1.8799257615972431 -1.8737670644668203 -1.8678443518824093 -1.8619535528665079 -1.8561922463035163 -1.8505793551406295 -1.8450205527118229 -1.8397370811715534 -1.8344876992508183 -1.829273614194462 -1.8242208330226353 -1.8192618640766316 -1.8144001524824978 -1.809701396253529 -1.805079426462659 -1.8005143457968824 -1.7960917766003375 -1.7917198295040864 -1.787302661109437 -1.7829569721307221 -1.7788358750268323 -1.7747250218602701 -1.7706816899044036 -1.766725745660655 -1.7628483439417106 -1.7590087186422165 -1.7551052797915174 -1.7514336197751632 -1.7478323380227003 -1.7442963979132529 -1.740719787791634 -1.737071711650815 -1.7335619150813102 -1.7301480153751534 -1.726740290121091 -1.7233429880338944 -1.7199676436234208 -1.7167090517690387 -1.7135490259009565 -1.7104085847275599 -1.7072246899209942 -1.7039860983854513 -1.7009094460884935 -1.697948554099546 -1.6951109529036934 -1.6922087872250486 -1.6893390165070654 -1.686361439543183 -1.6834893794319408 -1.6806121614071765 -1.677914480783012 -1.6752832591800182 -1.6726333751223033 -1.6699202215513003 -1.6671890752182286 -1.6684586291822674 -1.6698965773705128 -1.671398768088891 -1.6729802152747828 -1.6745327114898254 -1.675958966066391 -1.6772180105880246 -1.6783301469523417 -1.6804956931015882 -1.686471520020424 -1.6888043850797967 -1.6879326370010332 -1.6854914334532962 -1.6833040952189258 -1.680771225642225 -1.678686198684697 -1.6777055188324175 -1.6771021869146425 -1.6774272742250282 -1.677196840574883 -1.677918838242081 -1.6777470605356504 -1.6782058908174742 -1.6774964502348295 -1.6786313422051116 -1.6775911899160372 -1.6777906495349812 -1.6784791155362848 -1.678506905901978 -1.6766468610686651 -1.677122611699982 -1.6759952430672245 -1.675301544647299 -1.6751626290123607 
# Stellar luminosity-weighted [Ne/H]:
0 -5.218485947384705 -6.810024555508484 -4.844585514904651 -2.527856283759734 -2.0369672438472897 -1.8779093341477129 -1.9673270627713677 -2.2401049236563084 -2.4372904357247513 -2.516200333079495 -2.550828134926121 -2.5693420221440766 -2.580978747097636 -2.588819091065769 -2.594236040805911 -2.5983579172513567 -2.601297802572901 -2.603362708282173 -2.6048423039882893 -2.6059028816653056 -2.6066445425339824 -2.607145653377475 -2.6074166110559975 -2.6075158011249107 -2.607353181490799 -2.6073170954631655 -2.607100258365543 -2.6068743584090113 -2.6065602352052704 -2.6061306910734743 -2.605817658957002 -2.60539726168778 -2.6048441434151046 -2.6043391006688097 -2.6039048198960186 -2.6034011272281283 -2.6027431923328788 -2.6021337907067172 -2.6015506736419267 -2.600919149181377 -2.600200011584632 -2.599508949849768 -2.5989424145041564 -2.5981656030539195 -2.597707842221336 -2.597164662929263 -2.596603065915427 -2.595934420930779 -2.5953185368133402 -2.594735478144348 -2.594159819480531 -2.593541094076209 -2.5929412872352824 -2.592247238068972 -2.591593452652126 -2.590992946071423 -2.590345734344016 -2.5897565816651333 -2.5891623448522223 -2.5886017766080336 -2.5879488631361456 -2.587378246351884 -2.5868569902503182 -2.586216604570046 -2.5855920094651017 -2.585099670347873 -2.584569771977704 -2.5839271357825995 -2.583371039743575 -2.5829490500838403 -2.5824310850953953 -2.5817935561910836 -2.5812960115313732 -2.5809787048122796 -2.5806120314718903 -2.579990095536007 -2.579450210862027 -2.5790870655712803 -2.5787766576595974 -2.578341748378393 -2.5777695747781557 -2.577172538111146 -2.5767396244700036 -2.576454769883914 -2.5759374577112766 -2.5753329690366487 -2.5748337807703736 -2.574440288519675 -2.574236551550925 -2.5740052893686514 -2.573627841916343 -2.5731851140619995 -2.572707749569717 -2.5723469587142116 -2.572161456947792 -2.57199449500843 -2.5716953757701244 -2.5712890683064433 -2.570840894307927 -2.570388600961137 -2.5703428445983443 -2.570428473748634 -2.570523525862269 -2.570524725927087 -2.57041137800236 -2.5702682358362505 -2.570122115068494 -2.5699958661273747 -2.5700828508104934 -2.5693340340826794 -2.567289491097391 -2.5652866924620303 -2.56370163631152 -2.562653554411394 -2.5612947558807324 -2.5601547011030332 -2.5593864180519743 -2.558907685616753 -2.558872524720563 -2.5583070620753894 -2.55778112154123 -2.5577649787648555 -2.5577644662064207 -2.557218189957638 -2.557053269796392 -2.556757631824195 -2.556858417711944 -2.5572798796965266 -2.557552269473785 -2.5571859180771384 -2.557574883582581 -2.5572938313681206 -2.5575692436696515 -2.5574518456758915 
# Stellar luminosity-weighted [Si/H]:
0 -5.218485947384705 -6.810024555508484 -5.104562263538607 -2.7304555719745327 -2.180147143817136 -1.9637187374410257 -2.0102001568792875 -1.9257300987583825 -1.9369422635474587 -2.0697377315019247 -2.1929923969254776 -2.232781426638182 -2.2407837373865 -2.235143726303547 -2.22302437629327 -2.20845618299557 -2.1928055848440886 -2.1774533863208116 -2.1627214524978022 -2.1484230559977044 -2.1347384673178036 -2.1216216736135864 -2.109064699367856 -2.096815122875962 -2.0851020176563324 -2.0739337165609566 -2.0632413138469197 -2.05305211415466 -2.0432255687391905 -2.0336521555414766 -2.0243724011390825 -2.0154094832356613 -2.0067051257227284 -1.9982797517816007 -1.9901920851416612 -1.9823667631023794 -1.9746312227161145 -1.9672751186252073 -1.9598721146431979 -1.9529177467445118 -1.9461538692524964 -1.9398117912457389 -1.9333625666907466 -1.9272826080553322 -1.9212060631221934 -1.9153674013897843 -1.9096543120779428 -1.9041499036793308 -1.8986709752362056 -1.8933041533828652 -1.8880708629339242 -1.8828901735604706 -1.8779681796072172 -1.8730615742502739 -1.8681885558062241 -1.8634532743839483 -1.8588052341654935 -1.8542509079501883 -1.8498478574383643 -1.8455135308084563 -1.8412203205936937 -1.8370622503476985 -1.832957662634449 -1.8288022739224274 -1.8247357230962535 -1.820847390605973 -1.8169781548368436 -1.81315122706261 -1.8094228596960464 -1.805776491104143 -1.802163476675255 -1.7984976995361892 -1.79501728058061 -1.7915562555904847 -1.7882228246203251 -1.7848269785515116 -1.781367332176358 -1.778059584975896 -1.7748561346165754 -1.771632629983464 -1.7684087567287907 -1.7652059101169142 -1.7621382554485363 -1.7591848515375528 -1.7561414762013863 -1.7531178797932263 -1.7500331956120174 -1.7471070770800168 -1.744302434375406 -1.7416116254204779 -1.7388494819553184 -1.7361073105839377 -1.7332720979560188 -1.7305446374657265 -1.727807070141874 -1.725251703384143 -1.7227415228038332 -1.7202135701146597 -1.717625739577005 -1.7150182085802967 -1.716215392094286 -1.7175788798613931 -1.7190034674091903 -1.7204977954561125 -1.7219580436302513 -1.723296969846901 -1.7244774488225287 -1.7255200191470124 -1.727567932165118 -1.7331577122919715 -1.7352283608974197 -1.7342822912411107 -1.7318807759098203 -1.729750894561536 -1.7272769432999198 -1.7252392033590827 -1.7242661506515375 -1.723668290763185 -1.7239714595435087 -1.7237190863305667 -1.724369120146239 -1.7242043668397802 -1.72463709471515 -1.7239335992100644 -1.7249936187931834 -1.7239910987299423 -1.7241825869960303 -1.7248542438407384 -1.7248945715319977 -1.7231167204701503 -1.7235865938929011 -1.7225057909938082 -1.7218651121429849 -1.7217270136613365 
# Stellar luminosity-weighted [S/H]:
0 -5.218485947384704 -6.810024555508483 -5.309822696719579 -2.9289010921079317 -2.3267843755661284 -2.0734128157803937 -2.1036092135717297 -1.971393744388668 -1.9717893900444894 -2.1087787934340865 -2.2395032597748834 -2.281435028662748 -2.2891802137762074 -2.282328707749177 -2.268655950941083 -2.252587228312385 -2.2354297469177737 -2.2187070026460898 -2.2027693888667406 -2.1873643066051827 -2.1726629340295274 -2.1586667820328964 -2.145231192296782 -2.132222289381187 -2.1197779694507197 -2.107955543461478 -2.0966499665030147 -2.0858989936023953 -2.075431472915958 -2.065448741461931 -2.0557103131026215 -2.046313698322777 -2.0371867890634494 -2.0283596355701183 -2.019893206045337 -2.0117109053975035 -2.003637116234951 -1.9959556769520077 -1.9882360585358274 -1.981002568910041 -1.9739583148760387 -1.9673519462696927 -1.9606539458954169 -1.9543445565889712 -1.9480369061191247 -1.941978167327707 -1.9360518889468725 -1.9303463385080057 -1.924668250953185 -1.9191099534707448 -1.9136935638978327 -1.908329847638207 -1.9032336656774502 -1.898160987682096 -1.8931252788996833 -1.8882420087765075 -1.883444271926285 -1.8787417369605501 -1.8741906142325861 -1.869717975101973 -1.8652954138892914 -1.861009523949904 -1.8567717009282516 -1.8524413250347447 -1.8482610052775907 -1.8442863407793233 -1.8402956940573114 -1.8363685157715475 -1.832527223427074 -1.8287654200243963 -1.825036575614627 -1.8212391641582037 -1.8176683761281556 -1.8141755064624299 -1.8107405820504603 -1.8072597330824953 -1.8037070571217244 -1.8002964849637415 -1.7969780661263055 -1.7936632554591183 -1.79035607966226 -1.7870724396718431 -1.783888543538871 -1.780806599305154 -1.7777531123334285 -1.774656887708188 -1.7714950943073937 -1.7684965987158625 -1.7656155825672863 -1.7628523382398882 -1.7600217689159896 -1.757220426580365 -1.7543133949316996 -1.7515056077915068 -1.7487003798928376 -1.7460744171505702 -1.7435068343086693 -1.7409223418956108 -1.7382700183053004 -1.7356034799361097 -1.7368354850923593 -1.7382345799229526 -1.7396964850421153 -1.7412331722054555 -1.742737842330012 -1.7441187351627931 -1.74533689302839 -1.7464128029144481 -1.7485166274796224 -1.7542904939411574 -1.7564820305754605 -1.7555678271796458 -1.7531426986586176 -1.7509823877641457 -1.748478355406192 -1.7464156916389086 -1.745437558739897 -1.7448356182235267 -1.7451499083212116 -1.7449057939685204 -1.7455896846181753 -1.7454211682974252 -1.7458672688698744 -1.7451582360320925 -1.746254520793709 -1.7452325305606626 -1.7454277373348175 -1.7461083758294489 -1.7461436225895675 -1.7443243410222662 -1.744798622298335 -1.7436939001164378 -1.743029131586268 -1.7428898966801913 
# X_list:
0.7502484878082851 0.7500063198614393 0.7500005592915409 0.7499304489775875 0.749751906994186 0.7494122009761588 0.7485194709809915 0.7461071195003178 0.7400377577847749 0.7257131899533851 0.6963876623072442 0.6611099341630616 0.6425280361756218 0.6406184873099441 0.6434184661685064 0.6482511821473119 0.6522206736545888 0.6541227045468366 0.6570142628843859 0.6600249204036178 0.6625272888328734 0.6674707017726641 0.6714824341732183 0.6740687690537771 0.6777493880466146 0.6808717635998657 0.6843724721498121 0.6847166769479751 0.6855530823190092 0.6868833434905743 0.6869812172444546 0.6885275076349958 0.6896564207445021 0.6898909452921141 0.6863618741757128 0.6860192500628686 0.6838124520008427 0.6753508581378893 0.6749385152221204 0.6659012529017619 0.6666809266486906 0.6619666147576896 0.6579920489860388 0.6542552036861443 0.6505541958699315 0.6475200520105961 0.643824719031704 0.641693004525367 0.640632620556301 0.6356051906623161 0.6349592002722403 0.625086829448044 0.6302074705198184 0.630138137819555 0.6214211617959351 0.6169100854972608 0.6224939212466677 0.6220622579323596 0.6172780320514317 0.6177831838414877 0.612943166628735 0.614434405374674 0.6093770367269226 0.6124094131732236 0.6174340992265984 0.6067552841006026 0.6021754059742637 0.6068643077847583 0.6072988309474259 0.6113251148563131 0.6130598117933198 0.6092057288974642 0.6040507542025016 0.6109940142711466 0.6115017403615705 0.6168104540539064 0.6140906550080715 0.6201615432021391 0.6179474958053244 0.6122893888055086 0.6195830110497574 0.6207325200027913 0.6216820410701032 0.6196357051573417 0.627870773107407 0.6235521649018244 0.6240005382532309 0.6204637787588265 0.6237258619627182 0.6216429910178844 0.6283749196592195 0.6211852050347111 0.6310337670283019 0.6126080421228394 0.6380178153527093 0.634463439098453 0.6251608516032684 0.6264465961093507 0.6280917613059398 0.6331841668733176 0.6340997712133906 0.6355249319888495 0.6313554861685768 0.6329534986265087 0.6343413566515488 0.63391361246843 0.6335441579822654 0.6380922227487498 0.6349218086408701 0.6347310847582022 0.6375528613027794 0.6418277549371096 0.6463015860889221 0.6511082164831146 0.6550757498938139 0.6593869174857797 0.6625724122340305 0.6654158772474883 0.6662251098082729 0.6677942975130085 0.6697221378818079 0.6714000739200444 0.6722773422352054 0.6727121022996424 0.6744062129989025 0.6759875842229955 0.6789394986739699 0.6811850494042059 0.6831116621852199 0.6847086892980119 0.686413175501175 0.6878112604712739 0.6886799709429985 0.6896856680006659 0.6905024467043531 
# stellar_X_list:
0.7529042722234999 0.7502484878082851 0.7500113398443629 0.7500060492158469 0.7499836828939 0.7499609882394835 0.7499452776615159 0.7499325273107573 0.7499223319394692 0.7499148181251073 0.7499094082874712 0.7499052176330316 0.7499017625776805 0.7498987772172124 0.7498961039474302 0.7498936562578183 0.7498914453399369 0.7498894617286596 0.7498876278343974 0.7498858977470161 0.7498842948821666 0.7498827873768381 0.7498814073468876 0.7498801339112944 0.7498789358569621 0.7498778309393603 0.749876799897269 0.7498758466494305 0.7498749192851245 0.7498740267215305 0.7498731754682804 0.7498723507350086 0.7498715615319473 0.7498707990099119 0.7498700642757368 0.749869309871536 0.7498685694420152 0.7498678202882662 0.7498670130851035 0.749866217406931 0.7498653656227874 0.7498645319134586 0.7498636813831837 0.7498628019424 0.7498619019717403 0.7498609991188256 0.7498600947885814 0.7498591740712305 0.7498582420563861 0.7498573185789882 0.7498563604589562 0.7498554193938652 0.7498544212548525 0.7498534860507238 0.7498525611638203 0.7498515684190371 0.7498505594758432 0.7498496283945378 0.7498486939992596 0.749847745046454 0.7498468110585214 0.7498458484303107 0.7498449106800223 0.749843954156335 0.749843032020055 0.749842135540092 0.7498412024905838 0.7498402623438238 0.7498393395510193 0.7498384379980259 0.7498375673793675 0.7498367246986811 0.7498358520956921 0.7498349847672828 0.7498341624255715 0.7498333495765491 0.7498325607254135 0.7498317625349676 0.7498310005568046 0.7498302494006251 0.749829464406436 0.749828734575502 0.7498280035219039 0.7498272920936212 0.7498265820108609 0.7498259181083008 0.7498252280790871 0.7498245695979965 0.7498238729111099 0.749823205950853 0.7498225395321687 0.7498219180102312 0.7498212703008404 0.7498206632970015 0.7498199837373545 0.7498194009273349 0.7498188028928351 0.7498182040711077 0.7498176188978395 0.749817033478062 0.7498164664209376 0.7498164106819446 0.7498163651067129 0.7498163243985803 0.7498162551512922 0.7498162152829309 0.7498161685345827 0.7498161205530401 0.7498160706176159 0.7498159861318615 0.7498155978926148 0.7498148800516339 0.7498143064544129 0.7498138087868029 0.749813420806406 0.7498129732611186 0.7498126384710853 0.7498123830867228 0.7498122889913306 0.7498122043907911 0.7498120233213693 0.7498119049152954 0.7498118224843451 0.7498118098432506 0.7498116082247015 0.7498114973775978 0.7498111651324945 0.7498109429549422 0.7498107720484469 0.7498105829871962 0.7498102579427718 0.7498101376880743 0.7498098725337807 0.7498097076865319 0.7498095188847136 
# stellar_X_list_luminosity_weighted:
0.7529042722234999 0.7502484878082851 0.7500063624780386 0.750000641806012 0.7499336317384979 0.7497765547042798 0.749559720528519 0.7493811047777763 0.7495031775011806 0.7497081597849734 0.7498153554781153 0.7498577632894883 0.7498719342377831 0.7498780064612852 0.7498807391829067 0.7498817834558277 0.7498819728884315 0.7498816277592457 0.7498809477830516 0.7498800871121609 0.7498791056110984 0.7498780570872612 0.7498770471248104 0.7498760508143246 0.7498750240562239 0.7498740286210495 0.7498730771800283 0.7498721686982467 0.749871223064085 0.7498702376075218 0.749869239705228 0.7498682409660001 0.749867231861556 0.7498662166073806 0.749865193734044 0.7498640989681036 0.7498629784227037 0.7498617585355029 0.7498603760753951 0.7498589327549289 0.7498573404889286 0.7498557795268964 0.749854172012053 0.7498524469421324 0.7498507057174125 0.7498488888356736 0.7498470513163726 0.7498451732196707 0.7498432926169251 0.7498414157114031 0.749839433556313 0.7498375017533891 0.7498353516995206 0.7498334399755132 0.7498315208324299 0.7498293962380989 0.7498272468839505 0.7498252844818311 0.7498232997704097 0.7498212901259163 0.7498193519819805 0.7498173189639539 0.7498153582155535 0.7498133515353095 0.7498113144662766 0.7498093572165079 0.749807368508771 0.7498053253334843 0.7498033574971125 0.7498014004190984 0.7497995824695413 0.7497977975924955 0.7497959001355373 0.7497940551927723 0.7497923758294636 0.7497907088772126 0.7497890759545711 0.7497873186933237 0.7497857554520428 0.7497841973964601 0.7497824926441214 0.7497809378806934 0.7497793753468929 0.7497778659074135 0.7497764036295184 0.7497750477233478 0.7497735596917866 0.7497720294308862 0.7497705230061111 0.7497691577849904 0.7497678180934864 0.7497665155991888 0.7497651132255984 0.7497637635536523 0.7497621950175819 0.7497609409591156 0.7497597647546692 0.7497584863607186 0.7497571737881813 0.7497558224866246 0.749754545372522 0.7497553062171225 0.7497561549555816 0.7497570292320943 0.7497579394171148 0.7497587984373838 0.7497595917267835 0.7497603042320684 0.7497609516178478 0.749762222496736 0.7497658916417597 0.7497680686918685 0.7497683728754642 0.7497678586886873 0.749767404527814 0.7497668884954017 0.7497663787534318 0.7497662555960944 0.7497660179487489 0.7497663550229459 0.7497663177293666 0.7497666597652478 0.7497667107691319 0.7497669763960542 0.749766723192203 0.7497673028788053 0.7497671584551839 0.7497674594347755 0.749767973181032 0.7497681705572177 0.7497674370849641 0.7497678848187351 0.7497673690332529 0.7497673706327618 0.7497672673662377 
# Y_list:
0.02113317345039969 0.000537486039661398 7.168300465978574e-05 8.467217726839512e-05 0.0002701439434196265 0.0006729087918348376 0.0015985719868981084 0.004099983772398894 0.012202882066089219 0.03887827510379111 0.10777670968662686 0.20542888683772903 0.26843469601771097 0.28889428365244824 0.2925867454358158 0.2902233503143576 0.2876735372185296 0.2861915047762407 0.2832981907139995 0.2802647754223258 0.27810397249039887 0.27374263346446237 0.2714162520995687 0.26621511429603195 0.26509196200756746 0.26247530768379823 0.25895319963768737 0.2587200884703456 0.25802030778266166 0.25708695732412074 0.256895328032939 0.25602534603774046 0.25437032415874117 0.25420564619293934 0.2576356038598906 0.25717765025961153 0.2586244493210053 0.2660584190085525 0.2649722737244924 0.2731174020899949 0.2711775811283597 0.2759251174932018 0.27840376704092334 0.2815011699274334 0.28365291617662 0.28657476271745863 0.2892141909541821 0.2907346203023517 0.29273098158956057 0.2955904859790636 0.29654618042112646 0.2975777187221991 0.3036705351829475 0.2959733023529488 0.3087807319237858 0.305493023828039 0.31363850173897534 0.3071935299932752 0.3110365848488885 0.3093663878771575 0.3142871745572757 0.31309787022756125 0.31755593566999396 0.31538908790197273 0.3109033173381544 0.31922354303782674 0.32124137565802974 0.3211077563631495 0.31950449406573284 0.32003533081089525 0.31768168783519357 0.315019949240417 0.3231629486641552 0.31952682523003567 0.3187795412758669 0.3135037091602966 0.3165130061960364 0.3114414307126664 0.31327168580930354 0.3179171822778128 0.31165571197044084 0.3118749385355544 0.313810447934309 0.31311584761148303 0.3059156359915717 0.31027168259302934 0.3106617709835863 0.31357246387040205 0.3118073465941906 0.312147455031054 0.3075891059389807 0.31421855904924495 0.3051534299353638 0.3213885848746039 0.29820505122795105 0.30602210041237665 0.3113351649085361 0.30976081556710644 0.3060515947721584 0.30697356030538797 0.3055875013140606 0.3048341624929292 0.3075928111297701 0.3058908024533225 0.3050003437337733 0.3053642273435301 0.30587156665003834 0.30233078825115656 0.3045812681775859 0.3051002695421922 0.30289905520013416 0.3005017132224911 0.2974821106505364 0.2940987645508802 0.2913271652113633 0.28838247550437013 0.28624661460232154 0.2843726231432137 0.2838962355812276 0.28281625557902984 0.2815484047105034 0.28033004225504665 0.2796857157375101 0.27927833664233226 0.2779941941558345 0.2765675287454891 0.27394657579263554 0.27174715975354596 0.2699535559269971 0.26857375525149396 0.2672440361929513 0.2659748149630027 0.2653843626690087 0.2646603067349795 0.26406476663609973 
# stellar_Y_list:
0.247 0.02113317345039969 0.0009644211499827567 0.0005304555342095287 0.000541790548995696 0.0005808114853483441 0.0006116694019125902 0.0006348600622312167 0.0006529373976787693 0.0006679242346083933 0.0006811027917429963 0.0006925748661488244 0.0007049070355176579 0.000713618072569858 0.0007223380376768737 0.0007305843855783888 0.0007383579160088019 0.0007453524818210657 0.0007518787458222286 0.0007579487718935505 0.0007637522892499583 0.000769221512854873 0.0007743713330376201 0.0007792674829351698 0.0007839209579592602 0.0007883447684397465 0.0007925821302205755 0.0007965731987737015 0.000800485854907014 0.0008042296577704187 0.0008078787148621218 0.0008113973489756903 0.0008148493139263439 0.0008181663401383142 0.0008213858777192817 0.0008245573255959251 0.0008276468389527059 0.0008306779291917935 0.000833737605078604 0.0008367217920834895 0.0008396959387589085 0.0008425575109578364 0.0008454196063887101 0.0008482077241982834 0.0008511387945249523 0.000853905271781954 0.000856609206848712 0.0008593318209293156 0.0008620289333641362 0.0008646191912334097 0.0008673143427617916 0.000869932483835753 0.000872506848029012 0.0008750652967384116 0.0008774932075525003 0.0008800442917540355 0.0008825999138892639 0.000885072836091372 0.0008875107167092022 0.0008898354155282076 0.0008922237566060842 0.0008945638728756491 0.0008968902551656038 0.0008991698306463551 0.0009014897527346129 0.0009037476550069084 0.0009059323633795592 0.0009081129683408385 0.0009103413408071955 0.0009125195299008877 0.0009146437514402298 0.0009167230333330872 0.0009187944906464651 0.0009208666907039493 0.0009228692507995235 0.0009248351640090562 0.0009267807178372756 0.0009287861281556 0.0009307237439765901 0.0009326051876077252 0.0009344938576834529 0.0009363280924594467 0.0009382194044995576 0.0009400557585728857 0.000941848260163747 0.00094357186031676 0.0009454779127797531 0.0009470548868837509 0.0009487741897794044 0.0009505042869299339 0.0009522131781517178 0.0009538515577938825 0.000955488275788902 0.0009571366518465044 0.0009588469590575214 0.0009605560226941958 0.0009621157461225026 0.0009636954797427956 0.000965197118749992 0.0009666129390605291 0.0009682238565095363 0.0009684328631990142 0.0009686495381651387 0.0009687900167784566 0.0009690213502333586 0.0009691576220914192 0.0009693228311721131 0.0009694885496515273 0.000969662665537424 0.0009700587069359871 0.0009715038736962238 0.0009740989316529167 0.0009760066608736687 0.0009777131901754312 0.000979006050286064 0.000980464668171857 0.000981558325246467 0.0009823832566401242 0.0009826339535359701 0.000983017588491732 0.000983595792602565 0.0009839164911318102 0.0009842391037462644 0.000984310700963013 0.0009848808137376602 0.0009851808778283918 0.0009860699289545363 0.0009866538025748112 0.0009871273578159032 0.0009876430852473078 0.0009883833577431576 0.0009887711255178227 0.0009893637764218145 0.0009898526708263218 0.0009902996168733584 
# stellar_Y_list_luminosity_weighted:
0.247 0.02113317345039969 0.0005411104588686746 7.84229328672761e-05 9.068822344788324e-05 0.00026354431786028627 0.0005633726038433685 0.000836577338145433 0.0008102491745203735 0.0006822685032966381 0.0006079360198045107 0.0005793757280386951 0.0005811612074961334 0.0005905478932699802 0.0006021596423267625 0.0006143671945596071 0.0006263594276210016 0.0006380231395555285 0.0006491464367656179 0.0006596340453586794 0.0006696813145145094 0.0006792811558374114 0.0006882922702767363 0.0006969235657474567 0.0007052993926027137 0.0007133583061584127 0.000721006196738088 0.000728326909523094 0.0007354907166829329 0.0007425534988150592 0.0007493010764519415 0.0007559236538373805 0.0007624127463172737 0.0007688408013146974 0.0007752051843559927 0.0007813735822521342 0.0007873472681886623 0.0007935113403050697 0.0007995035297961292 0.0008056113884873457 0.0008116658921984217 0.0008175362330598105 0.0008233103783545563 0.000829171924185574 0.0008349413099928436 0.0008407268347543061 0.000846405695899758 0.0008520993850733192 0.0008575635466720933 0.0008632368675827026 0.0008688413469708417 0.0008743307447698739 0.0008799423028408438 0.0008851958934582801 0.0008905160643679692 0.0008961785793485332 0.0009013563332191294 0.0009068024539348655 0.0009121916515211795 0.0009172034401955229 0.0009222788359649355 0.0009275345096347907 0.0009324733954833797 0.000937298621240256 0.0009425766547032832 0.0009477732001366494 0.000952523117180532 0.0009572957269493588 0.0009623166907004746 0.0009672190422910978 0.0009718247395325624 0.0009763407867153675 0.0009812349416224735 0.0009860021334265794 0.0009903627973273043 0.0009944964416228894 0.0009988457491511037 0.001003681428066171 0.0010081576669840819 0.0010124045924998245 0.0010166470251685548 0.001020896249555764 0.00102545106126038 0.0010298691758689115 0.0010338778225992714 0.0010377312186026647 0.0010417200963954306 0.0010462439304133758 0.001050638314953354 0.0010545948466880461 0.0010582366968214432 0.0010619303718955712 0.0010656132379015938 0.0010697425804869348 0.0010740376981857671 0.0010781427785367323 0.0010818559174359638 0.0010853713292432586 0.0010889776697106121 0.0010926214358782042 0.0010966814266361751 0.0010954572804224504 0.001093888376978833 0.0010920819581091352 0.0010901445401429052 0.0010882030581021395 0.001086415117172468 0.001084905503337412 0.001083907031896636 0.0010817712661607614 0.0010756924672462769 0.0010752937609057637 0.0010775573559579496 0.0010818540666754708 0.001085126408709169 0.0010883572047794656 0.001091178962957612 0.001092841852120475 0.0010935510501363021 0.0010938169169853822 0.0010947132822056622 0.0010941066881206838 0.0010946907217594443 0.001094237873428455 0.00109530088935452 0.00109411220508261 0.001094965976436107 0.001094536223438909 0.001093700529359259 0.0010935445636838022 0.00109514775933638 0.0010945157508164187 0.001095580074835218 0.0010960248911222662 0.001096175707922766 
# Z_list:
8.555940668178012e-08 2.176056840734405e-09 1.979917878621501e-07 5.1143086575458873e-05 0.00017135935297806783 0.00041175360277290337 0.0011847868147668668 0.0035249235570703995 0.00928492219674207 0.02123323408652354 0.04206943647397711 0.06417445611612833 0.07488776923878879 0.07773561971574489 0.07813748896907646 0.07751451743063893 0.07658829508358919 0.07618415116187216 0.07587851203044897 0.07567923880795206 0.07512508135097451 0.07454172832625042 0.07278934877002081 0.07587922791519736 0.07055160144073058 0.07467049990988278 0.06924628725246634 0.0747746734684786 0.06739061250041473 0.07582130387416505 0.06428565541735241 0.07887811458701162 0.0581555804278974 0.08794584672147092 0.042932552701797654 0.1135222593797929 0.0016705998685210503 0.1880713907398972 6.316727598142818e-10 0.2886109284044003 6.63960800296172e-10 0.43239176120056194 6.876173164792325e-10 0.6488332883946796 7.169050061802112e-10 0.9960709107891229 7.44555106943649e-10 1.5711698721599845 7.744578101619676e-10 2.5524714033433287 7.962074807559403e-10 4.325669768692362 8.305198073599281e-10 7.756308257899015 8.403943184880679e-10 14.303586368698348 8.883071549432885e-10 27.53673037136965 9.047274526205175e-10 55.96884928356983 9.313193726628758e-10 118.29276748044869 9.696876205986816e-10 256.89905515968707 9.63872282473936e-10 588.9179909531915 1.0221992726393732e-09 1405.9360914622248 1.032701990473343e-09 3458.931173672554 1.0634008682759499e-09 8802.80611570945 1.1055030150489623e-09 23521.19468214206 1.1312251305653838e-09 64546.70130374632 1.1334216331931298e-09 180457.13646889376 1.1661939235697715e-09 520970.90479105734 1.2037157152177018e-09 1548700.9010158423 1.2047292756728482e-09 4804069.869239555 1.2414820812545014e-09 15102977.711325625 1.2565937483038712e-09 49068298.97388502 1.3023931424580011e-09 167906654.99235815 1.3337056164997865e-09 591822255.9103459 1.3442864484264674e-09 2127115169.6030934 1.3174847225474696e-09 7686523939.438583 1.422999813642199e-09 28848226552.82573 1.4245681430291393e-09 110037094957.16086 1.4181788108177038e-09 223917764586.809 5.30605986082348e-10 243997316950.54376 3.273625947781503e-10 181900039700.0285 39129189680.104294 113929833015.33417 64526115323.741 74229470215.68599 38032898411.93855 25473952012.312813 19455271400.52877 15975720580.951557 13756794175.184433 11566495187.419382 10206476540.217823 9219512331.338537 8977794684.878214 8502184583.11859 7923500893.991718 7488999413.473071 7251818156.363728 7152727765.339259 6750531224.2036705 6391123385.915159 5861607533.128365 5514469101.20336 5234651783.345738 4996932344.716182 4792091090.81734 4623019900.852545 4469107958.168503 4332553843.929662 4214695814.7516093 
# stellar_Z_list:
9.572777650013187e-05 8.555940668178012e-08 3.9045390687561e-09 1.3320439465128398e-07 1.644666721127071e-05 3.195761510263871e-05 4.3091008135221674e-05 5.371075704642156e-05 6.323732809202493e-05 7.037291340069203e-05 7.515649644938797e-05 7.847722048631672e-05 8.10275957416416e-05 8.314328945241566e-05 8.508389169265946e-05 8.691277120284811e-05 8.862089833006026e-05 9.019222413348663e-05 9.166406164847556e-05 9.308132542825765e-05 9.442863208196318e-05 9.57184655985703e-05 9.694949137472643e-05 9.811051158015097e-05 9.92732959801705e-05 0.00010032385951169567 0.00010139025975051831 0.00010235503377664917 0.00010336034282261528 0.00010425650568950419 0.00010521635733151939 0.00010602877922092084 0.00010697097722294147 0.00010768710283526854 0.00010867076258256971 0.00010920662283244291 0.00011038556789285746 0.00011052648138773537 0.0001123177669579677 0.00011243881009597706 0.00011502388817317513 0.00011514588622380018 0.00011882284989153204 0.0001189449510946054 0.00012426941220614805 0.00012439278886398393 0.00013221731338113185 0.00013234626521527784 0.00014430690858290723 0.0001444595949840463 0.00016339403187207304 0.00016357479962494782 0.0001946604633981135 0.0001948861891435043 0.0002481812816225689 0.00024850032474156857 0.000345542771298873 0.0003460231730850248 0.0005278664365572663 0.000528634127188072 0.0008847934476506487 0.0008861000146890554 0.0016222615457324415 0.0016247870080208437 0.003206642829778384 0.003211711812517909 0.006702449625558809 0.006713397772833126 0.01484108798386714 0.014865347129435215 0.03456053029657986 0.03461652987035615 0.08377677706375745 0.08391261538011514 0.21077632325453208 0.2111120439198471 0.5546887675403731 0.5555816870251687 1.510763289335325 1.5131160673249981 4.217337793854973 4.22392961168486 12.126828120920635 12.145225555180112 35.916054924556875 35.9699888867306 110.5548261416121 110.7102974706139 347.7894392928486 348.31012220593936 1126.9834167832598 1128.631571074065 3821.3379882557256 3826.944722519243 13415.82530230402 13434.680580961422 48247.187974340304 48314.17965417017 175321.56042874316 175544.83891490003 656734.3266359235 657645.6821359554 658470.164734691 659197.8461780027 660027.8455010917 660446.6452814846 660873.0056390514 660930.6386985397 661388.7018817927 662358.1834042468 661177.8578975812 661652.2279689688 662682.7725982551 663937.71172568 665072.1781242557 666553.0725010291 667734.8742698431 668687.3313101679 669075.8963905537 669353.8344968087 669823.5700559508 669844.9202368695 669856.5499673362 669688.4783097995 669835.3966891445 669540.9860206255 670307.8973161753 670890.5132035206 671577.364991372 672751.9140418527 674369.491289531 674807.4078833674 676797.8777636741 677472.1168306891 679000.0208451902 
# stellar_Z_list_luminosity_weighted:
9.572777650013187e-05 8.555940668178012e-08 2.190730602707185e-09 1.957426682401451e-07 4.8886770081342985e-05 0.00015469186723235246 0.00030887453737802174 0.0004888907437174009 0.00043215717606482056 0.0002549902550211661 0.00015497738713625035 0.00011648244894578262 0.00010374084207049835 9.818631956022291e-05 9.569089358688922e-05 9.476564135945006e-05 9.466869366774038e-05 9.507002336487585e-05 9.57544921451542e-05 9.661874762305021e-05 9.762516516017957e-05 9.870692357718633e-05 9.982942883855192e-05 0.00010095953717813708 0.00010223545713663376 0.00010339475366584331 0.00010466244046611525 0.00010579369558032441 0.00010707912186751645 0.00010819801376273471 0.0001095366166032907 0.000110572016742038 0.00011199164311636603 0.00011291314405052149 0.00011456382472199711 0.00011510410006813237 0.00011731978452476257 0.00011691877652996795 0.00012081046486429329 0.00012039474908275268 0.0001265962492776493 0.0001262412054274418 0.00013553183887865 0.00013514368354391505 0.00014898006276748058 0.0001484860507607865 0.00016956234204187326 0.00016889102168073347 0.00020153606655596803 0.00020083524728258643 0.0002542127746927693 0.0002530024741502967 0.0003430546410141462 0.00034137770507808497 0.0004964751661911496 0.0004942054965277037 0.0007854827449129385 0.0007833853799653324 0.0013409778211388292 0.0013388543174103914 0.0024403304822594924 0.00244005363567562 0.004754711288576783 0.004761040841714132 0.009865028505554603 0.009894216607295152 0.021201375198371678 0.021279967856627457 0.047949380053862026 0.048167317842803856 0.1142108572625786 0.11481040537067055 0.28145465950311893 0.28306741817643216 0.7175144137285201 0.7218633241613527 1.9064911796479205 1.9196053058024973 5.302536749305845 5.339915236151857 14.964174474171891 15.099938217929727 43.65749827174787 44.029780708151485 130.661053197123 131.65468974191927 407.2181173819741 410.5176155666752 1290.4732913505054 1300.7416309724472 4178.8414675023605 4211.974574776773 14285.983088778234 14400.455714008312 50737.14274289446 51155.00530570405 185715.6443459297 187240.76213784888 679619.8621358012 685606.6858660255 2589750.2762447624 2612140.7067224374 2633377.6918609636 2641831.1466915817 2642989.4694138314 2600257.970991428 2526818.8596263537 2447856.6311505614 2372009.1154609793 2237073.4367282633 1835993.7674638522 1536740.006706114 1412107.8532950147 1346214.8128681283 1302226.214914807 1255928.0497909335 1224995.237782111 1203050.7404132811 1198913.6403134584 1185316.6681175237 1169988.5301112754 1152729.3537612876 1142763.749277532 1136361.33186258 1119471.2370507994 1098299.4976501244 1075958.5281765673 1058161.7657155276 1044769.9551809 1038258.3277747908 1036339.626490621 1025922.7331607196 1029674.0732660935 1023015.1509825704 1024163.9009927498 
# formed stellar mass list:
1e-15 4664039.624280768 181916223.82263917 164326236.80194226 72553877.69658466 24836781.73278817 7477322.132697111 2089218.0616896644 558746.5740586616 147304.08630349982 40544.48468352295 13380.658836846755 6393.941262276644 4432.726358942589 3725.71728224929 3351.3401986263852 3097.5287386327104 2882.7744884436174 2706.204415428384 2551.1560996547773 2413.884736176377 2291.950351897513 2183.514166885541 2082.344860039538 2000.192124242039 1919.8471422616335 1842.1130647965217 1768.680951188361 1712.6848917826242 1658.1691466340328 1603.1995846309085 1553.6026658734718 1509.4174920921748 1469.6825900706228 1430.8433584648383 1389.2024575335145 1354.072863706587 1328.4884216754751 1285.6625626696834 1266.478548537075 1233.3481080479328 1204.8904086553682 1180.7520630140589 1163.4378321014285 1140.2129993627361 1115.9079558706567 1095.063334722713 1074.4671449289344 1059.08988251438 1032.980737624288 1029.5211207101606 1004.7632298561916 994.5595737538395 963.2521619719763 947.466150485158 951.934089034847 931.7948449613809 900.5893913474938 903.3681005972297 884.2441971699019 866.7106970226123 858.9964124901636 844.2209264932995 825.0079541142156 831.9690661583885 829.9854810086136 797.7861373522252 782.6262661431535 775.065683475218 774.6668519863285 760.5846450165963 752.3033165254121 743.2381484414689 723.6524813680118 715.2680003796312 707.1978675015484 703.4314550730313 705.8273607732382 697.1163729615989 685.9922555171308 681.3717978762132 664.6087526200599 667.6466455429303 664.0496052967547 645.3614578508979 644.3910968023079 642.1145406342749 636.6417158129478 626.3696459453126 614.2538484886087 599.3707294381833 599.8325193377694 586.3095752320273 595.1112584199797 579.2143720781659 607.217667354147 580.227654777974 562.192624574126 562.5442382644678 561.57369790603 557.2503129586331 1e-15 1e-15 1e-15 1e-15 1e-15 1e-15 1e-15 1e-15 1e-15 1e-15 1e-15 1e-15 1e-15 1e-15 1e-15 1e-15 1e-15 1e-15 1e-15 1e-15 1e-15 1e-15 1e-15 1e-15 1e-15 1e-15 1e-15 1e-15 1e-15 1e-15 1e-15 1e-15 1e-15 1e-15 
