# time step list:
1000000 10000000 20000000 30000000 40000000 50000000 60000000 70000000 80000000 90000000 100000000 110000000 120000000 130000000 140000000 150000000 160000000 170000000 180000000 190000000 200000000 210000000 220000000 230000000 240000000 250000000 260000000 270000000 280000000 290000000 300000000 310000000 320000000 330000000 340000000 350000000 360000000 370000000 380000000 390000000 400000000 410000000 420000000 430000000 440000000 450000000 460000000 470000000 480000000 490000000 500000000 510000000 520000000 530000000 540000000 550000000 560000000 570000000 580000000 590000000 600000000 610000000 620000000 630000000 640000000 650000000 660000000 670000000 680000000 690000000 700000000 710000000 720000000 730000000 740000000 750000000 760000000 770000000 780000000 790000000 800000000 810000000 820000000 830000000 840000000 850000000 860000000 870000000 880000000 890000000 900000000 910000000 920000000 930000000 940000000 950000000 960000000 970000000 980000000 990000000 1000000000 1010000000 1020000000 1030000000 1040000000 1050000000 1060000000 1070000000 1080000000 1100000000 1200000000 1400000000 1600000000 1800000000 2000000000 2300000000 2600000000 2900000000 3000000000 3200000000 3500000000 3800000000 4000000000 4100000000 4500000000 5000000000 6000000000 7000000000 8000000000 9000000000 10000000000 11000000000 12000000000 13000000000 14000000000 
# Number of SNIa + SNII (log_10):
0 0 4.907102058108599e+53 2.4009961806648186e+55 9.076155489660135e+55 1.7658753973008368e+56 2.6370450691007196e+56 3.4835544043265186e+56 4.34344071359961e+56 5.184193042190735e+56 5.978270188573024e+56 6.709535768924377e+56 7.372741698394133e+56 7.970008119879962e+56 8.507325723803868e+56 8.992088374090758e+56 9.431656056595535e+56 9.832638925625351e+56 1.0200717544633098e+57 1.0540624253689866e+57 1.0856297863471249e+57 1.1150943036769776e+57 1.1427193182709184e+57 1.1687238947570186e+57 1.193290879009158e+57 1.216574037045972e+57 1.23870318876646e+57 1.2597892936036598e+57 1.2799276979497451e+57 1.2992009650512871e+57 1.317681374998369e+57 1.3354332182030705e+57 1.3525119482931578e+57 1.368965689952155e+57 1.3848397982224825e+57 1.4001742399580574e+57 1.4150048498564364e+57 1.4293633664723348e+57 1.4432793816644436e+57 1.45678057167502e+57 1.4698904598595968e+57 1.4826312203902859e+57 1.4950229722654335e+57 1.5070841452701288e+57 1.518832123776661e+57 1.5302828500344178e+57 1.5414511025007406e+57 1.5523501113020698e+57 1.5629928101611167e+57 1.5733919806425786e+57 1.5835580203288085e+57 1.5935007280658227e+57 1.603229873390334e+57 1.6127547283456384e+57 1.6220834554903083e+57 1.631224066338653e+57 1.6401838511972793e+57 1.6489682628147586e+57 1.657584999776794e+57 1.666044061424435e+57 1.6743496043238353e+57 1.682507052524982e+57 1.6905193057069855e+57 1.6983908493892635e+57 1.7061278834682506e+57 1.713734987139959e+57 1.7212162515675183e+57 1.7285763830836763e+57 1.7358191591976595e+57 1.7429480197503738e+57 1.7499665998442368e+57 1.7568786359535135e+57 1.7636864978077755e+57 1.770393286029603e+57 1.7770032036465306e+57 1.78351854109001e+57 1.789941642972119e+57 1.7962752064861357e+57 1.802521594115139e+57 1.8086831033108156e+57 1.8147620915660357e+57 1.8207603072535477e+57 1.8266798275360006e+57 1.832524047746582e+57 1.838294136183928e+57 1.8439918259077464e+57 1.8496187977345228e+57 1.8551772101233418e+57 1.8606684625217305e+57 1.866093240821399e+57 1.8714537046119744e+57 1.8767511387807296e+57 1.8819867569513544e+57 1.8871642986460293e+57 1.8922845716450518e+57 1.8973474761666684e+57 1.902354457878756e+57 1.9073069725286345e+57 1.912205944093953e+57 1.9170521193271878e+57 1.9218467858932153e+57 1.926590594260857e+57 1.931285262855157e+57 1.93593271883781e+57 1.940533071858679e+57 1.9450874542930542e+57 1.949596663709044e+57 1.954061036878157e+57 1.9584815738777102e+57 1.967195462028579e+57 2.0084204310230746e+57 2.0810963361768548e+57 2.1437261889720524e+57 2.198751405191298e+57 2.2478248351943358e+57 2.312732712952672e+57 2.3695104775783205e+57 2.4199700490922367e+57 2.435619453918523e+57 2.4653787165641066e+57 2.5066555350092747e+57 2.544491625346303e+57 2.5680733961407954e+57 2.5794187933112755e+57 2.6221629505864696e+57 2.670491379513272e+57 2.7540172590140545e+57 2.82452645318449e+57 2.885553285707349e+57 2.939343350703344e+57 2.98741514421065e+57 3.0309047969009734e+57 3.07058290451945e+57 3.1070687763001455e+57 3.140841148443971e+57 
# Gas [Fe/H]:
-4.8402738161993035 -6.517520229582912 -6.123363510444285 -4.474196855200974 -3.7676298119449854 -3.3478607950311785 -3.0702351960058163 -2.668341014325649 -2.157745267613951 -1.7332015390251412 -1.3781083285447133 -1.06813085470655 -0.7871149580794299 -0.5246914529444275 -0.274139477073124 -0.031228087624958434 0.20632226958370925 0.4389888317460775 0.6652997881567422 0.8815135083592556 1.0814116272550742 1.256929842428812 1.4003818927504823 1.507779391363686 1.5810404350960465 1.6269448570399243 1.6537861933064861 1.6685165311235783 1.6760628366902295 1.6795567757276504 1.6808566235905773 1.6810005879548857 1.680503784864209 1.6796103869008907 1.6787178623337993 1.6784253418339752 1.6787474286228852 1.6793389182618035 1.6803528053993775 1.681801422649846 1.683320426608593 1.6850647415843407 1.6867679825206006 1.6884969765166717 1.6902135873839534 1.6918168546304169 1.693457516460505 1.694978927111268 1.6964903090005223 1.6978353495759162 1.6991206653755881 1.7007094683552033 1.7020258381344204 1.7035583473651217 1.7047697617439472 1.705779581653165 1.707440692209325 1.7085307145431887 1.7093718547769536 1.711140294236004 1.7124134106143365 1.7132003109766125 1.71461013585278 1.7160153845997832 1.716537036790991 1.7171051646565587 1.7185675127284368 1.7193972316412385 1.719029177733138 1.718887479250998 1.719526701526104 1.719517820748337 1.7182789463836246 1.717175290921483 1.717611121924127 1.7179641501576648 1.7171336112109952 1.7155692587378768 1.7151163532923515 1.7155530380731614 1.7158057039099979 1.7146851242006251 1.7127704800181456 1.7120890080875815 1.7129659766369594 1.71367573333078 1.7131643715765055 1.711087837652972 1.7092160801689267 1.7096589720477833 1.7109795381751005 1.7117496697967987 1.7110867374768337 1.7089130053039852 1.7067162417584956 1.7066672111223542 1.7081760619005872 1.709533295396929 1.7096441872627564 1.7082319887623405 1.7053245556469498 1.70372129369385 1.7038113733994122 1.70459131730561 1.7053486439119543 1.705783948507157 1.7057866687779706 1.70536846995935 1.704644687403082 1.7039926030779262 1.703335556984742 1.7015364899758083 1.701364353522953 1.7003096411064238 1.700128614908782 1.7018416361592172 1.7037548542496959 1.7059150967103816 1.706285444605268 1.708031532494295 1.710099592047146 1.7135507245088153 1.7155080822671502 1.717077861737193 1.7212109707644925 1.727759818076036 1.7391691716843791 1.7493829152402567 1.7566367692373777 1.7613186607775875 1.7639732442522886 1.7667576068901623 1.7679399430069442 1.7687533841918022 1.7696669821603543 
# Stellar mass-weighted [Fe/H]:
0 -4.8402738161993035 -6.364026315653003 -6.143421396122756 -4.683907169819307 -4.075110129206925 -3.743383738770719 -3.5539928936537617 -3.3301305076024006 -3.0487283727059555 -2.820573833430296 -2.6526449029730346 -2.5306989130234685 -2.4414965012493326 -2.3752936975966072 -2.3252113750858374 -2.2864350027965727 -2.255593649646169 -2.2306676711323847 -2.210295743338489 -2.1932940329376454 -2.178205427817284 -2.164754146461611 -2.1526344585799055 -2.141604971568464 -2.1314806409085048 -2.1221271304827445 -2.113429328483127 -2.105302463644861 -2.0976751840310035 -2.090493898708778 -2.083708423750288 -2.07728037077176 -2.0711714579259786 -2.065356844440686 -2.059810653815343 -2.054514194436133 -2.0494401259151447 -2.044574976432786 -2.0399062622082997 -2.035414726812893 -2.031092315717631 -2.0269258040505687 -2.0229021718225786 -2.0190149945360973 -2.0152570389942843 -2.0116219581552475 -2.0080953958935677 -2.004679691680021 -2.001366501670466 -1.9981434495603114 -1.995017724496611 -1.9919744518016804 -1.9890149146168028 -1.986008891711629 -1.9833096556869672 -1.9804981116164013 -1.977956976895987 -1.9752903553689842 -1.972885226715582 -1.970349505632524 -1.9680542143556652 -1.965634338253456 -1.9634479898024804 -1.9611334959055036 -1.9590388240476484 -1.9568302923923575 -1.9548246339645754 -1.9527039872868643 -1.950775989510169 -1.948739475601105 -1.9468952172316545 -1.9449296614605318 -1.9431446611954044 -1.941259676298892 -1.9395493330482276 -1.9377259577186567 -1.9360657040104252 -1.9343070092205288 -1.932711111634858 -1.931015818222404 -1.92946987595153 -1.9278216814669404 -1.9263244068661107 -1.9247358139382849 -1.9232928808125376 -1.921752756833068 -1.9203427705621605 -1.9188347666638208 -1.9174719501911994 -1.9160262420391998 -1.9147118046215574 -1.9133031323016265 -1.9120128429511176 -1.9106334402954683 -1.909383854088384 -1.9080524461329977 -1.9068421751610094 -1.905546124092007 -1.9043619031209404 -1.9030930599353875 -1.9099906507493252 -1.9122093002437657 -1.9137634044059944 -1.9150314519365725 -1.9161242653718986 -1.9170935626259453 -1.9179620769839332 -1.9187463194446979 -1.9201536458791857 -1.9252560319283338 -1.9310115448657834 -1.9344046292408663 -1.9365487499122969 -1.938110407827466 -1.9398035479150657 -1.9409075579899495 -1.9416781148664235 -1.9417991876336522 -1.9422339681190266 -1.942550709703342 -1.9429177056682674 -1.9430513618663605 -1.9431897357477874 -1.9432676309558081 -1.943621601396111 -1.9436282539252314 -1.9436060782525697 -1.9434761145037545 -1.9430851295834861 -1.9421985357190827 -1.941869290835129 -1.9410228651648467 -1.9404905882430432 -1.9399737303632403 
# Gas [Mg/Fe]:
-9.71445146547012e-17 -9.71445146547012e-17 0.940951464037352 1.0049555548819251 0.8977975154160227 0.7865534235215123 0.7197027055242199 0.4782235223163035 0.09999320131329309 -0.20959932957468647 -0.4606569563027318 -0.6724265837419365 -0.8567275628491475 -1.019719822511731 -1.1637798451657855 -1.2889049527462537 -1.393987571792647 -1.4780290961502192 -1.5398864117515296 -1.5823482862542506 -1.609957955850941 -1.6272197380308442 -1.6376597616124344 -1.6437737556396235 -1.6481986334183436 -1.6510701849729357 -1.6509224808680323 -1.650127561346188 -1.6490179907223306 -1.6479067607657536 -1.647058174776448 -1.6461618069261992 -1.6449344954262581 -1.6430815900269442 -1.6408992272834482 -1.63766166780929 -1.632417409212278 -1.6252142738525093 -1.6166823463950333 -1.607406865401178 -1.5977772381695696 -1.5879324051942842 -1.578076539063839 -1.568732465756861 -1.5597223728578156 -1.5509299464895627 -1.542424794546215 -1.5342431353984367 -1.5261847301934404 -1.5194743416505823 -1.5131747753134828 -1.507605249934625 -1.5037936427767449 -1.5020962909046536 -1.5024367645326104 -1.5043222171997919 -1.50651387540957 -1.5096021961672141 -1.5142861165021342 -1.5195152918680055 -1.5252624297113884 -1.5309676836400437 -1.5350246296117178 -1.5391762566391127 -1.5420700858216845 -1.5457781163467743 -1.553004242986188 -1.5592132996174026 -1.564141037906966 -1.5694005958109332 -1.5728734006856562 -1.5755267803527448 -1.5780938766926091 -1.5810812496495903 -1.5838989591155483 -1.5868279061211572 -1.5892855256660572 -1.5917852372727344 -1.5946207787663564 -1.597843452726009 -1.6010164524041042 -1.6040193408240448 -1.606952419325812 -1.6116603912545824 -1.6160774091639447 -1.6160205077809244 -1.6168600990105386 -1.620533812529212 -1.6241103858540982 -1.6279317756314622 -1.6311369628548298 -1.6276737644037516 -1.6411804060128323 -1.6394976773130188 -1.6387799338492033 -1.6438095920043183 -1.6498686954919772 -1.6543178742492692 -1.6567444218189795 -1.6585180622394247 -1.6598025123448812 -1.6614442774406546 -1.6633567375648362 -1.6645897709003532 -1.665557282719753 -1.6664716381042064 -1.6672363741156653 -1.66775470341537 -1.668212734542745 -1.6690761396165974 -1.6730260606393237 -1.6785854367370294 -1.682102933804862 -1.6841039910512872 -1.6868700901755123 -1.6891937322626966 -1.6907463643439984 -1.691922510859309 -1.692266588475169 -1.6930003256686683 -1.6935584220153472 -1.694222336305103 -1.6945416980241346 -1.6946966159545398 -1.695270761079332 -1.6958230796572542 -1.696838447096365 -1.6972190125900792 -1.6977303372786852 -1.69804460382078 -1.6983511562022076 -1.6985623563553613 -1.6987441358222877 -1.6989143726738305 -1.6990467305373296 
# Stellar mass-weighted [Mg/Fe]:
0 -9.71445146547012e-17 -9.71445146547012e-17 0.8924700031561397 1.0032416591628226 0.9096882386284326 0.8198616213688502 0.7659629488926896 0.6192354694661852 0.3800431619718798 0.172427176524932 0.011954782319094484 -0.10982189657180383 -0.2023997143726297 -0.2732731471938902 -0.32808857825941345 -0.37107788415718096 -0.4054067303037436 -0.43312197395115687 -0.45565716774629245 -0.4743043584320562 -0.49058858112210696 -0.5049143864484478 -0.5176698128474908 -0.5291548010577839 -0.5396069729985902 -0.5491900676627604 -0.5580194836199945 -0.5662081616521454 -0.5738418493820883 -0.5809880663616069 -0.5877070651538732 -0.5940416216930866 -0.6000290505332433 -0.6056976496075531 -0.6110801249813226 -0.6161937561348493 -0.6210540304237829 -0.6256738096013322 -0.6300704684516283 -0.6342641645576831 -0.6382682697104263 -0.6420969925488369 -0.6457638178759814 -0.6492827058562369 -0.6526627476022598 -0.6559115634884035 -0.6590405136372585 -0.6620544861081091 -0.6649590434701618 -0.6677715995555832 -0.6704916106801805 -0.6731289403773553 -0.675694053628425 -0.6783018020620388 -0.6806540379189958 -0.6831146561564437 -0.6853476923884572 -0.6876906621797144 -0.6898261295400968 -0.6920800902954539 -0.69413349774475 -0.6962991397546097 -0.6982630215591871 -0.7003318379849169 -0.7022073469966696 -0.7041868721092587 -0.7060080608741843 -0.707925951571158 -0.7096746342803749 -0.7115237052623424 -0.7132033457666679 -0.7149747239312847 -0.7165871437082828 -0.7182922067923421 -0.7198493550243724 -0.7214976094829161 -0.7229972385880995 -0.7245839431205481 -0.7260361181360024 -0.7275759357866999 -0.7289806502836003 -0.7304669942573423 -0.7318255713982039 -0.7332754797340453 -0.7346030373630558 -0.735998422221339 -0.7372709498374818 -0.7386308723808414 -0.7398753783450905 -0.7412004546500415 -0.7424105454065483 -0.7436792728049931 -0.7448736396227197 -0.7461160056475495 -0.747248002284247 -0.7484699226538275 -0.7495949508691776 -0.7507912256525705 -0.7518774786271017 -0.7530284914682763 -0.7470132582706858 -0.7451045777857332 -0.7437871077603714 -0.7427217053819399 -0.7418049336695007 -0.7409888563125233 -0.7402522251939084 -0.7395821311951218 -0.7384001165033005 -0.7341963292487781 -0.7295076076667768 -0.7267953760223362 -0.7250694539405355 -0.723870129508465 -0.722585276467952 -0.7217254092671092 -0.7211475044219237 -0.7210316838413822 -0.7207494508790907 -0.7205314997634544 -0.7202236216462188 -0.7201771243996101 -0.720066751091507 -0.7199938567943422 -0.7197441425613593 -0.7197817958730708 -0.7198418847249005 -0.7199987118831458 -0.7203778312366731 -0.7210999953021902 -0.7214440469487605 -0.7221374133506836 -0.7226512945253403 -0.7230821518801723 
# Gas [O/Fe]:
-2.220446049250313e-16 -2.220446049250313e-16 1.150426377802395 1.2167780846181389 1.0954974502923376 0.965610116424267 0.8866295426175026 0.636977407879904 0.2528786214498111 -0.06103178458194547 -0.31510637218320436 -0.5287501674023114 -0.7137844937851572 -0.8762749871016846 -1.0185416280270911 -1.140732925065303 -1.2421883776821918 -1.3226780909625597 -1.3828170046536625 -1.425593288038153 -1.454648295595355 -1.4735075522250913 -1.4856340989850005 -1.4930953158943288 -1.4973790880546571 -1.5001072006737615 -1.5017308894484658 -1.502656567708772 -1.5031909903257035 -1.5034851473166209 -1.503559502071337 -1.5035462833596591 -1.5034772672606211 -1.5033786831268936 -1.5032212805071914 -1.5029408428470115 -1.5026185001275614 -1.5022190419436887 -1.5015991562348363 -1.5010285848446705 -1.5004179016821397 -1.4997041297368683 -1.499006418179015 -1.4983420208946243 -1.497646198217389 -1.4970299600001367 -1.4963956642753027 -1.4958279752010257 -1.4952804556305237 -1.4947284146110296 -1.4941403506923576 -1.4933806135984322 -1.4932833953960114 -1.4928937216231235 -1.4927201217041335 -1.4926695504640874 -1.4922498713489682 -1.4919341014655232 -1.4916259078345675 -1.49149175465383 -1.491389530068142 -1.4913437625461048 -1.491308339724196 -1.4912810835506667 -1.4911401683607206 -1.49127901328921 -1.4913633070980041 -1.4912684054384107 -1.4911833791985587 -1.4912561226955234 -1.491119858629791 -1.4910638132292349 -1.4909109572130466 -1.4909448126507914 -1.490980518470392 -1.491105385051965 -1.4910876475931187 -1.4911587814354146 -1.4911930500568518 -1.491268179700501 -1.4912251212109113 -1.4913833650257704 -1.4913381183623102 -1.4913297415949793 -1.4913692924635438 -1.4916738993160235 -1.4916229436660948 -1.4915237034000848 -1.4913688534909824 -1.4915478549089078 -1.4915784693832588 -1.491794595645426 -1.4917495702857888 -1.4916970069101065 -1.4916514459165504 -1.4917639121000643 -1.4918439770204153 -1.4917962458870584 -1.4916402033705438 -1.491716952527514 -1.4917407100128688 -1.4918170078993152 -1.49231793480686 -1.4927858946237855 -1.492850245639418 -1.4929596812212682 -1.4929970698556367 -1.4928827866619585 -1.492762391417994 -1.4926253154357894 -1.4928024190317033 -1.4930131026447229 -1.4934946014371804 -1.4939502649539942 -1.494451963356918 -1.4952887589625385 -1.496124770821465 -1.496855327025611 -1.4971227612799964 -1.4976776471262534 -1.4982850265596972 -1.498873244467988 -1.499223353216183 -1.4994042606320805 -1.500027845535302 -1.500733213558268 -1.5018848319837412 -1.502798714561413 -1.5034934929631267 -1.5040062904220588 -1.5044260871147774 -1.5047740053586935 -1.5050680020931027 -1.5053083765006747 -1.505520799843274 
# Stellar mass-weighted [O/Fe]:
0 0.0 0.0 1.0993979802168048 1.2149967496036376 1.109190998231885 1.0051574401700871 0.942153583334314 0.789770286950142 0.5470912018833285 0.3374245379834191 0.17588384296555826 0.053674151818323246 -0.03895231429342694 -0.10966446851795753 -0.16422573032297905 -0.20694185341990012 -0.24101981792612037 -0.2685258680006396 -0.29091724013000386 -0.30947966104449376 -0.32571921709655294 -0.3400219322825009 -0.3527694768689461 -0.36425398275422094 -0.37469856849794114 -0.38427532324036406 -0.39311725678878073 -0.4013253552535243 -0.4089831538555626 -0.41615567293004985 -0.4229000513271982 -0.42926076475216224 -0.435277472728704 -0.44098126254879266 -0.44640393144416646 -0.4515672037658244 -0.4564949859023282 -0.46120365414253084 -0.4657090478185527 -0.4700301031914371 -0.4741775428131525 -0.4781639013214848 -0.48200132166298615 -0.4856997710189377 -0.4892671628980927 -0.4927112398885446 -0.4960421166449107 -0.4992636657410887 -0.5023818736988834 -0.5054063085289157 -0.5083384038809922 -0.5111851307557591 -0.5139523816325285 -0.5167520367526891 -0.5192680062690617 -0.5218832397562341 -0.5242478016825574 -0.5267158014673671 -0.528949052949628 -0.531294315084596 -0.5334174638234589 -0.53564943870091 -0.537671583520444 -0.5397985267272095 -0.541725656602024 -0.5437563067269845 -0.5456032857804505 -0.5475447801001425 -0.5493107658510051 -0.5511760855774033 -0.5528693771251204 -0.5546589237303323 -0.5562849520346206 -0.5580044255160636 -0.5595714588135705 -0.5612301358282916 -0.5627367263164748 -0.5643318026217712 -0.5657875557987969 -0.5673299146419184 -0.5687323613737911 -0.5702173576798315 -0.5715710839980217 -0.5730110565714772 -0.5743242499481362 -0.5757173368744476 -0.5769856906611052 -0.5783350727648912 -0.579565278968654 -0.5808749931755643 -0.5820677544243871 -0.5833365091694767 -0.5844912516221787 -0.5857199136761417 -0.586841149242672 -0.588041120254703 -0.5891370434210785 -0.5903036715070877 -0.5913628603422613 -0.5924888148503259 -0.5864678112261258 -0.5845469419368557 -0.5832173015989237 -0.582139742250489 -0.5812109952665788 -0.5803833685577996 -0.5796358546366119 -0.5789556344118897 -0.5777553499092609 -0.5734749354227207 -0.5686876394303321 -0.5659121885112236 -0.5641459596342111 -0.5629167885257208 -0.5615972065790377 -0.5607150062316246 -0.560120768288094 -0.5600019641933202 -0.5597104512281563 -0.5594850628356012 -0.5591688142614244 -0.5591185319033707 -0.5590049072578916 -0.5589295454321002 -0.5586715233864714 -0.5587045032562822 -0.5587621016552625 -0.5589177555814395 -0.5592989139483648 -0.5600334101566982 -0.5603785627800935 -0.5610836349640367 -0.5616013277009174 -0.562039483942069 
# Stellar mass-weighted [N/O]:
0 0.0 0.0 -1.4691410157013562 -1.8747356660426497 -1.7867713098459475 -1.594894444224658 -1.3725898124720302 -1.1706122572025528 -1.0002093062932915 -0.8602832873000523 -0.7471549065847556 -0.6577359720819751 -0.5880509146619861 -0.5338439747552874 -0.4911967509726316 -0.4567710863988481 -0.4276840577598433 -0.4019729900555118 -0.378557869322933 -0.35706316424334816 -0.33725644023393975 -0.31967805574518415 -0.30442714564822726 -0.2913948372966624 -0.28040021621165323 -0.2714441231358167 -0.264594866359797 -0.25979762530616424 -0.25689197103585704 -0.2556601088243573 -0.2558661621392204 -0.2572875572644313 -0.2597260684813081 -0.2629843717282594 -0.2667678461223373 -0.2707215203382176 -0.27456531928630623 -0.27813583628076466 -0.28136454655981913 -0.2842425950627985 -0.28679247691442944 -0.28905587148585 -0.2910775233025633 -0.2928953583133109 -0.2945378404684862 -0.29603711352171214 -0.297413213365993 -0.29869007803849357 -0.2998799844779896 -0.3009889763287714 -0.30203504703578 -0.3030188805091061 -0.3039452591100844 -0.3048371002592798 -0.3056554322235887 -0.30645415298778 -0.30719134014742466 -0.3079122252382396 -0.30858245323755784 -0.30923575688358795 -0.30984863105677407 -0.31044907405859323 -0.3110107166686984 -0.3115614649012708 -0.3120781436786164 -0.31259179125828873 -0.31306829710174355 -0.31355350924709247 -0.3139991493968366 -0.31444504875330237 -0.31486426794804 -0.3152792877964623 -0.3156671827427395 -0.31606361341614475 -0.31643853345696193 -0.31681572189247476 -0.3171695315891694 -0.317525981479013 -0.31785467136174916 -0.31819087436867477 -0.3185071748978354 -0.31883668898640694 -0.31914321268860424 -0.31944175994631374 -0.3197201759910051 -0.32000678262342985 -0.3202762599466933 -0.3205521440678496 -0.32081133103185455 -0.3210758654211885 -0.3213222707481016 -0.3215743441181935 -0.3218101045608093 -0.32205892101103895 -0.3222935777177591 -0.32252722396908107 -0.3227444597871114 -0.3229694263297973 -0.32318467559164743 -0.32341293212543976 -0.32276467678477827 -0.32260611870763456 -0.32251296859330836 -0.3224490020718469 -0.3224079614517079 -0.32238561829468293 -0.32237144013451835 -0.3223561696200632 -0.3223291471457721 -0.32234850656107916 -0.32251000053698475 -0.32268380515999806 -0.3227509133194151 -0.32278879597397503 -0.3228487619646223 -0.32286803928765484 -0.32282456951122995 -0.32275525962381657 -0.322759726688292 -0.32262697424421605 -0.32261287107767056 -0.32250520459955534 -0.3225212002234654 -0.32234586752999395 -0.322344873721645 -0.32195077022492913 -0.3216803739476759 -0.3213803350651987 -0.320933085893899 -0.3202688029119354 -0.3198580880465267 -0.31926849455362327 -0.3187339836111869 -0.31838325541767154 
# Stellar mass-weighted [C/O]:
0 -1.1102230246251565e-16 0.0 -1.146581147892683 -1.2814591307020382 -1.185131735882079 -1.086923189637122 -1.0279323305277013 -0.9866582057342081 -0.9479024270813532 -0.9109775531317637 -0.8766592289398472 -0.8458171832183203 -0.8188517615417095 -0.795699521778072 -0.77595525877445 -0.7590488751463127 -0.7443567033473997 -0.731444936387395 -0.7200321598451166 -0.7097741109836211 -0.7001061771142137 -0.6909701347205109 -0.6822895958519372 -0.674007906367062 -0.6660043559637561 -0.6579705425295125 -0.6495547336767924 -0.6405573626295764 -0.6309383084299319 -0.6207866717296401 -0.6102333680331405 -0.5994314916075346 -0.5885029580909497 -0.577551203296784 -0.5665428275411115 -0.5554077256134966 -0.5440943475254023 -0.5325856479029777 -0.520920834431063 -0.5091916822828547 -0.49751641593287055 -0.4859338818108635 -0.4744664604879133 -0.46315854389586386 -0.4520465734877549 -0.441111344440398 -0.4304230663185987 -0.4199468660982948 -0.4096997137428928 -0.3997084271641558 -0.3899580947382242 -0.3805058700997245 -0.3713493263001846 -0.3622998915952029 -0.3540842066250337 -0.34579546920660587 -0.3383158110415454 -0.3307134631486227 -0.32378206378690677 -0.31677540196730714 -0.31036235038862603 -0.30376621206091414 -0.29777451020621537 -0.29163105291681113 -0.2859721166796113 -0.2801365580478732 -0.2748703298711831 -0.26948536336547724 -0.2646260526881735 -0.25969681337931616 -0.25534317902245374 -0.25088701417922465 -0.24686945407161265 -0.2427217811089475 -0.23906304952857615 -0.23530809199347907 -0.23190901903428207 -0.2283474093965998 -0.22517727297031892 -0.22193208682542032 -0.21903870795129055 -0.21598205860422148 -0.21320356130200735 -0.21032460700325634 -0.20779542548829405 -0.2051624234426766 -0.20278912334291588 -0.2002409188101688 -0.19793576480229408 -0.19556710399429061 -0.19349169183031856 -0.19130774065849887 -0.18932750283762262 -0.18718121902121176 -0.1852292632913204 -0.18320742898258424 -0.18144445556046462 -0.1797106842489184 -0.17792183340015338 -0.17611889643999357 -0.18648852939464405 -0.1898494268921614 -0.19219085955742826 -0.19409342023855541 -0.1957298943102046 -0.1971813831531205 -0.19849078886038563 -0.19968735172539687 -0.2018041772329704 -0.20930551116492296 -0.21763376981791355 -0.22241056782596458 -0.22549853179493795 -0.22766554934110866 -0.229978199442329 -0.2315526460590135 -0.2326713239958138 -0.23295112548230446 -0.23348556442330143 -0.23404249568610147 -0.23462698524565562 -0.2348313394887811 -0.2350189494220189 -0.23534306899515867 -0.23582581052983642 -0.23620143512624625 -0.23640320509551432 -0.2364603085649969 -0.23626820186765463 -0.23568107588663 -0.23552750444088583 -0.23490552590494623 -0.23457587750389403 -0.23417673118014487 
# Stellar mass-weighted [O/H]:
0 -4.8402738161993035 -6.364026315653003 -5.044023415905951 -3.4689104202156686 -2.9659191309750383 -2.738226298600633 -2.611839310319448 -2.540360220652259 -2.5016371708226277 -2.483149295446876 -2.476761060007475 -2.4770247612051444 -2.4804488155427604 -2.4849581661145645 -2.4894371054088165 -2.4933768562164724 -2.49661346757229 -2.4991935391330244 -2.501212983468492 -2.5027736939821397 -2.5039246449138366 -2.5047760787441122 -2.505403935448852 -2.505858954322685 -2.5061792094064463 -2.5064024537231093 -2.5065465852719075 -2.5066278188983855 -2.506658337886565 -2.506649571638828 -2.5066084750774857 -2.506541135523923 -2.506448930654683 -2.506338106989478 -2.5062145852595092 -2.5060813982019576 -2.5059351118174735 -2.5057786305753176 -2.505615310026852 -2.50544483000433 -2.5052698585307827 -2.505089705372054 -2.504903493485565 -2.5047147655550352 -2.5045242018923775 -2.504333198043792 -2.5041375125384784 -2.50394335742111 -2.5037483753693497 -2.5035497580892274 -2.503356128377604 -2.503159582557439 -2.502967296249331 -2.5027609284643173 -2.502577661956029 -2.5023813513726356 -2.5022047785785437 -2.5020061568363516 -2.5018342796652098 -2.5016438207171197 -2.501471678179124 -2.5012837769543665 -2.5011195733229235 -2.500932022632713 -2.500764480649673 -2.500586599119342 -2.500427919745027 -2.5002487673870064 -2.500086755361175 -2.4999155611785087 -2.4997645943567743 -2.499588585190864 -2.499429613230025 -2.4992641018149557 -2.499120791861799 -2.4989560935469486 -2.4988024303269 -2.4986388118422997 -2.4984986674336547 -2.4983457328643235 -2.4982022373253203 -2.4980390391467715 -2.497895490864132 -2.4977468705097623 -2.4976171307606734 -2.4974700937075154 -2.4973284612232662 -2.4971698394287127 -2.4970372291598535 -2.4969012352147644 -2.4967795590459447 -2.496639641471104 -2.4965040945732966 -2.4963533539716094 -2.4962250033310562 -2.4960935663877013 -2.4959792185820886 -2.495849795599095 -2.495724763463202 -2.4955818747857137 -2.4964584619754513 -2.496756242180621 -2.4969807060049174 -2.4971711941870627 -2.4973352606384784 -2.497476931183745 -2.497597931620545 -2.4977019538565877 -2.497908995788446 -2.4987309673510545 -2.499699184296116 -2.500316817752089 -2.500694709546508 -2.5010271963531867 -2.501400754494103 -2.5016225642215746 -2.5017988831545166 -2.501801151826972 -2.5019444193471827 -2.5020357725389433 -2.5020865199296916 -2.5021698937697305 -2.5021946430056783 -2.5021971763879094 -2.5022931247825815 -2.502332757181513 -2.5023681799078323 -2.5023938700851946 -2.502384043531852 -2.5022319458757813 -2.5022478536152217 -2.5021065001288836 -2.5020919159439607 -2.5020132143053084 
# Gas [Mg/H]:
-4.8402738161993035 -6.517520229582912 -5.1824120464069345 -3.469241300319049 -2.8698322965289638 -2.5613073715096677 -2.350532490481596 -2.190117492009345 -2.057752066300658 -1.9428008685998277 -1.8387652848474447 -1.7405574384484872 -1.643842520928577 -1.5444112754561576 -1.4379193222389093 -1.3201330403712115 -1.1876653022089378 -1.039040264404142 -0.8745866235947881 -0.7008347778949959 -0.5285463285958674 -0.3702898956020322 -0.2372778688619519 -0.13599436427593758 -0.0671581983222973 -0.024125327933011143 0.002863712438453625 0.018388969777390685 0.027044845967899356 0.031650014961896566 0.03379844881412897 0.03483878102868676 0.03556928943795068 0.036528796873946945 0.03781863505035066 0.04076367402468506 0.04633001941060666 0.054124644409293765 0.06367045900434398 0.07439455724866839 0.08554318843902298 0.09713233639005647 0.1086914434567623 0.11976451075981132 0.13049121452613832 0.14088690814085414 0.15103272191428996 0.16073579171283203 0.1703055788070822 0.17836100792533394 0.18594589006210516 0.19310421842057846 0.19823219535767578 0.20146205646046766 0.2023329972113368 0.2014573644533728 0.20092681679975488 0.19892851837597458 0.1950857382748188 0.1916250023679975 0.18715098090294813 0.1822326273365693 0.17958550624106184 0.1768391279606707 0.17446695096930664 0.1713270483097844 0.16556326974224866 0.16018393202383585 0.15488813982617167 0.14948688344006467 0.14665330084044736 0.1439910403955924 0.1401850696910163 0.1360940412718925 0.13371216280857912 0.13113624403650803 0.12784808554493754 0.12378402146514222 0.12049557452599569 0.1177095853471517 0.11478925150589347 0.1106657833765805 0.10581806069233402 0.10042861683299975 0.09688856747301422 0.09765522554985573 0.09630427256596708 0.09055402512375998 0.08510569431482828 0.08172719641632042 0.07984257532027073 0.0840759053930471 0.06990633146400071 0.06941532799096617 0.06793630790929228 0.06285761911803611 0.05830736640860934 0.055215421147660315 0.052899765443776836 0.04971392652291584 0.04552204330206866 0.042277016253195576 0.040454635834576536 0.04000154640525633 0.03979136119220161 0.039312310402951134 0.038550294662305085 0.03761376654398063 0.036431952860336736 0.03491646346132882 0.03030949634541802 0.02295105323877955 0.0192614197180907 0.016205650055137077 0.013258524733269716 0.012647903896519708 0.013008489905697473 0.013992585851072548 0.014018856130099344 0.01503120682562642 0.016541170031798558 0.019328388203711633 0.020966384243015668 0.022381245782653103 0.025940209685160198 0.031936738418781196 0.042330724588014235 0.05216390265017701 0.058906431958692274 0.0632740569568071 0.0656220880500813 0.06819525053480024 0.06919580718465657 0.06983901151797234 0.07062025162302454 
# Gas [C/H]:
-4.8402738161993035 -6.517520229582912 -6.177350893015722 -4.540996033759956 -3.8447088638500677 -3.431584854078065 -3.158927529206002 -2.947886894169482 -2.750055330292035 -2.5554789332326724 -2.3590860619489895 -2.158624563963386 -1.9530379066552248 -1.741885010519348 -1.5250564737723789 -1.3029003961534906 -1.0762536215844376 -0.8468901705418466 -0.6184054379298383 -0.3960229945518998 -0.18706016667377146 -0.0005463668831700019 0.15497554647752132 0.27493379852465294 0.36176357772569645 0.4249984789016801 0.4754775870461123 0.5200789084667168 0.5618696297596659 0.6014490062346107 0.6387337562304394 0.6733421820511638 0.7052255531851452 0.7343904052786607 0.7624401867440915 0.7909846053112184 0.8204087663644257 0.8503129686133515 0.8802712148653362 0.909424016676597 0.9366897230909808 0.9625304806519019 0.9869271471204639 1.0098226370341137 1.03118269364224 1.0514506040261677 1.0701529949788404 1.0878712964561372 1.1045650129162596 1.119900964522936 1.134342790892057 1.1476744358559596 1.159582280567792 1.1698809279124114 1.1786897976224386 1.1862910508476898 1.1930007691867384 1.1989990679853957 1.2044093092042059 1.2094332914651824 1.2143753747941233 1.2189226638491366 1.2233380420351763 1.227561042999064 1.2315583196646243 1.235273247353804 1.2385724690488198 1.2406476932755615 1.2409596376583254 1.2402118791663659 1.238771783214717 1.236702145668621 1.233852864847952 1.2310751910661333 1.2283757451108928 1.2254315036394186 1.2223565792578324 1.219077202053707 1.2159618283090818 1.2127364475234579 1.2095229172942163 1.2060572564088297 1.2024587758394878 1.1990546005268485 1.1959144421457553 1.1927036921748533 1.1891661914819394 1.185460065916693 1.181846174943058 1.1786948333790348 1.1757054411881516 1.1725984878353262 1.1692771745598796 1.1657851389443725 1.162282580594578 1.159188519868049 1.1563901488384425 1.1498051411867558 1.152370378636292 1.1479112137613887 1.1431166364321284 1.1402758583855883 1.1391883428822238 1.1383226382713714 1.1373246414497178 1.136209418498808 1.1350282280531387 1.1337146008364094 1.1323470315931004 1.129804994071105 1.1185147729495792 1.0972964614537024 1.0768589632644017 1.05719661387583 1.0393742788742957 1.0172530148156134 0.9983403878605683 0.981686955760722 0.9762185398894445 0.9664784529187229 0.9530840726697143 0.9424754428480204 0.9359582084515226 0.9334349312976746 0.922592643800562 0.9122772232763405 0.8951373665397133 0.8820466259395725 0.8709380637860922 0.860746848390368 0.8510365200903038 0.8432428278034161 0.8352500017191451 0.8281262464277064 0.8219939400193246 
# Gas [O/H]:
-4.8402738161993035 -6.517520229582912 -4.972937132641892 -3.2574187705828344 -2.672132361652648 -2.382250678606912 -2.1836056533883133 -2.031363606445745 -1.9048666461641401 -1.794233323607087 -1.6932147007279177 -1.5968810221088612 -1.500899451864587 -1.400966440046112 -1.2926811051002147 -1.1719610126902618 -1.0358661080984826 -0.8836892592164824 -0.7175172164969199 -0.5440797796788979 -0.3732366683402808 -0.21657770979628 -0.08525220623451801 0.01468407546935735 0.08366134704138961 0.12683765636616284 0.15205530385802035 0.16585996341480636 0.1728718463645258 0.17607162841102975 0.17729712151924026 0.17745430459522593 0.17702651760358812 0.17623170377399733 0.17549658182660766 0.17548449898696417 0.17612892849532358 0.17711987631811477 0.17875364916454117 0.1807728378051756 0.1829025249264533 0.18536061184747243 0.18776156434158553 0.19015495562204743 0.19256738916656424 0.19478689463028065 0.1970618521852021 0.19915095191024257 0.20120985336999864 0.2031069349648864 0.20498031468323052 0.2073288547567711 0.20874244273840947 0.21066462574199774 0.21204964003981353 0.21311003118907745 0.21519082086035723 0.21659661307766553 0.21774594694238614 0.2196485395821739 0.22102388054619482 0.22185654843050795 0.2233017961285837 0.22473430104911696 0.2253968684302703 0.22582615136734896 0.2272042056304331 0.22812882620282826 0.22784579853457876 0.22763135655547462 0.2284068428963133 0.22845400751910194 0.22736798917057843 0.2262304782706912 0.2266306034537351 0.22685876510570013 0.2260459636178762 0.22441047730246222 0.22392330323549992 0.22428485837266 0.22458058269908632 0.22330175917485473 0.22143236165583557 0.2207592664926019 0.2215966841734156 0.22200183401475648 0.22154142791041043 0.21956413425288712 0.21784722667794432 0.218111117138875 0.21940106879184196 0.21995507415137272 0.21933716719104446 0.21721599839387862 0.2150647958419456 0.21490329902228966 0.2163320848801713 0.21773704950987094 0.2180039838922121 0.21651503623482693 0.2135838456340804 0.21190428579453524 0.21149343859255199 0.21180542268182423 0.21249839827253636 0.21282426728588888 0.21278959892233384 0.2124856832973916 0.21188229598508812 0.21136728764213641 0.21053313795303819 0.20852338733108544 0.2078697520857724 0.2063593761524296 0.20567665155186443 0.20655287719667825 0.20763008342823097 0.20905976968477047 0.209162683325272 0.21035388536804156 0.2118145654874488 0.2146774800408271 0.21628472905096707 0.21767360110511236 0.22118312522919048 0.2270266045177678 0.2372843397006381 0.24658420067884368 0.2531432762742507 0.2573123703555287 0.2595471571375114 0.26198360153146893 0.2628719409138416 0.26344500769112766 0.2641461823170803 
# Gas [N/O]:
0.0 0.0 -1.6073586599260419 -1.8836841518527927 -1.7760009647792812 -1.533260661983105 -1.2444589728308006 -0.9737406380559299 -0.7311975766407952 -0.5133246365660902 -0.31574081466568216 -0.13750134724960628 0.023265625457176253 0.1683946862119612 0.2987833093154785 0.41458370105028525 0.5165669044710608 0.6058015887937287 0.6821754303238303 0.7450248248433617 0.7926400565891454 0.8250496582349565 0.8447358809216471 0.8539172678790494 0.8544661075212547 0.8467169357600757 0.8292973445007066 0.8017925412145909 0.7641773149849282 0.7163820097138097 0.6578858330017476 0.5876225157792735 0.503179405496192 0.4009411290311879 0.27900548562025074 0.13944020332130358 -0.014424937795821657 -0.17883314420686336 -0.3497150599017951 -0.5222817094350596 -0.68804928205636 -0.8398291603358417 -0.9733170137816984 -1.0818711085366235 -1.1545236237065981 -1.2019101967285595 -1.2332898595160753 -1.255740102611942 -1.2689505363401796 -1.275577770592848 -1.2851178763531657 -1.2916791807985 -1.293157052871945 -1.291032318501538 -1.2859638531888105 -1.279990123060379 -1.273897502322547 -1.2627349527673006 -1.2556643853023752 -1.2417783239573086 -1.2338541702400945 -1.2240057128557744 -1.2141656091185893 -1.202991451926846 -1.1914776163085565 -1.1863431478887225 -1.183923132070805 -1.1851130542293502 -1.1748451941440403 -1.1722181486831666 -1.1651238675934925 -1.1527641069056762 -1.1414191394854338 -1.1471704265844935 -1.1603424202288752 -1.1679487988464645 -1.1658678835099243 -1.1584322678345003 -1.1554482370974077 -1.1577702999270838 -1.1574772107823224 -1.169677236938421 -1.1807767681975085 -1.1610313824746203 -1.145606704487292 -1.1340940086154856 -1.1295494214465682 -1.1323963414386038 -1.134491070169493 -1.135070822633821 -1.1357938003689125 -1.1311078278906972 -1.1274962963021635 -1.131829808624064 -1.1359525954642522 -1.1394853406383294 -1.143110654675708 -1.143934352365696 -1.144143319149296 -1.1472013457790196 -1.1430795219707743 -1.1391492159366394 -1.1363893730906047 -1.1338411268568684 -1.132836944524556 -1.1322366075296615 -1.1324569809881482 -1.1334300170569758 -1.1348365958389255 -1.12585512018204 -1.1411803272921675 -1.1496867073705999 -1.1562528075508287 -1.1604020417800878 -1.1642538512729477 -1.1719672795185336 -1.1801899743716566 -1.1887190096775337 -1.190943933927818 -1.1948430576321298 -1.2038101066562739 -1.211816461825872 -1.216557044686314 -1.2194824145460053 -1.2282888276950947 -1.2399545013432882 -1.2608007571530533 -1.2779252638911802 -1.2923064072484753 -1.3030234516595836 -1.3117631464016708 -1.3189097004279042 -1.3249640231428192 -1.330089942219837 -1.334013768947674 
# Gas [N/H]:
-4.8402738161993035 -6.517520229582912 -6.580295792567933 -5.141102922435627 -4.448133326431929 -3.915511340590017 -3.428064626219114 -3.0051042445016742 -2.6360642228049347 -2.3075579601731766 -2.0089555153936 -1.7343823693584675 -1.477633826407411 -1.2325717538341507 -0.9938977957847364 -0.757377311639976 -0.5192992036274218 -0.27788767042275353 -0.03534178617309003 0.2009450451644641 0.4194033882488646 0.6084719484386767 0.7594836746871292 0.868601343348407 0.9381274545626441 0.9735545921262383 0.9813526483587269 0.9676525046293971 0.9370491613494538 0.8924536381248394 0.8351829545209881 0.7650768203744995 0.6802059230997801 0.5771728328051848 0.4545020674468585 0.3149247023082675 0.16170399069950214 -0.0017132678887490371 -0.17096141073725413 -0.34150887162988397 -0.5051467571299062 -0.6544685484883681 -0.7855554494401122 -0.8917161529145758 -0.9619562345400334 -1.0071233020982788 -1.0362280073308732 -1.0565891507016998 -1.0677406829701814 -1.0724708356279606 -1.0801375616699351 -1.0843503260417293 -1.0844146101335363 -1.0803676927595403 -1.0739142131489965 -1.066880091871301 -1.0587066814621897 -1.0461383396896355 -1.0379184383599895 -1.0221297843751351 -1.0128302896939 -1.0021491644252665 -0.9908638129900051 -0.9782571508777291 -0.9660807478782862 -0.9605169965213731 -0.9567189264403719 -0.9569842280265224 -0.9469993956094616 -0.9445867921276916 -0.9367170246971792 -0.9243100993865738 -0.9140511503148554 -0.9209399483138014 -0.9337118167751397 -0.9410900337407639 -0.9398219198920481 -0.9340217905320376 -0.9315249338619083 -0.9334854415544234 -0.9328966280832356 -0.9463754777635662 -0.9593444065416739 -0.940272115982018 -0.9240100203138759 -0.9120921746007289 -0.9080079935361578 -0.9128322071857173 -0.9166438434915491 -0.9169597054949463 -0.9163927315770701 -0.9111527537393247 -0.9081591291111195 -0.9146138102301853 -0.9208877996223066 -0.9245820416160395 -0.9267785697955366 -0.9261973028558259 -0.9261393352570835 -0.9306863095441926 -0.9294956763366935 -0.9272449301421046 -0.9248959344980525 -0.9220357041750447 -0.9203385462520197 -0.9194123402437722 -0.9196673820658141 -0.920944333759584 -0.9229542998538376 -0.914487832539904 -0.9306471893391297 -0.9411633200395144 -0.9483830554650563 -0.9540426656276582 -0.9585771997210841 -0.9654144023218549 -0.9725598909434261 -0.9796592399927633 -0.9817812506025465 -0.9844891722640883 -0.9919955411688255 -0.9971389817850449 -1.0002723156353461 -1.0018088134408938 -1.0071057024659043 -1.01292789682552 -1.0235164174524156 -1.031341063212337 -1.0391631309742246 -1.045711081304054 -1.0522159892641598 -1.0569260988964349 -1.0620920822289772 -1.0666449345287088 -1.0698675866305942 
# Gas [C/O]:
0.0 0.0 -1.2044137603738303 -1.283577263177121 -1.1725765021974193 -1.0493341754711534 -0.9753218758176885 -0.916523287723737 -0.8451886841278953 -0.7612456096255855 -0.6658713612210719 -0.5617435418545247 -0.4521384547906374 -0.3409185704732368 -0.23237536867216396 -0.13093938346322925 -0.040387513485954485 0.03679908867463591 0.09911177856708187 0.14805678512699819 0.18617650166651004 0.21603134291311 0.24022775271203914 0.2602497230552954 0.2781022306843071 0.29816082253551723 0.3234222831880923 0.3542189450519104 0.38899778339514024 0.4253773778235812 0.4614366347111991 0.49588787745593754 0.5281990355815569 0.5581587015046632 0.5869436049174837 0.6155001063242546 0.6442798378691015 0.6731930922952367 0.7015175657007949 0.7286511788714214 0.7537871981645274 0.7771698688044292 0.7991655827788783 0.8196676814120663 0.8386153044756756 0.8566637093958874 0.8730911427936379 0.8887203445458945 0.9033551595462609 0.9167940295580493 0.9293624762088264 0.9403455810991885 0.9508398378293828 0.9592163021704134 0.9666401575826253 0.9731810196586125 0.9778099483263812 0.9824024549077305 0.9866633622618195 0.9897847518830085 0.9933514942479285 0.9970661154186287 1.0000362459065921 1.002826741949947 1.0061614512343537 1.0094470959864554 1.0113682634183871 1.0125188670727332 1.0131138391237469 1.0125805226108913 1.0103649403184036 1.008248138149519 1.0064848756773737 1.0048447127954419 1.0017451416571577 0.9985727385337188 0.9963106156399565 0.994666724751245 0.992038525073582 0.9884515891507978 0.9849423345951294 0.9827554972339752 0.981026414183652 0.9782953340342461 0.9743177579723395 0.9707018581600965 0.967624763571529 0.9658959316638057 0.9639989482651142 0.9605837162401598 0.9563043723963097 0.9526434136839536 0.9499400073688349 0.9485691405504936 0.9472177847526324 0.944285220845759 0.9400580639582709 0.9320680916768851 0.9343663947440793 0.9313961775265619 0.929532790798048 0.9283715725910532 0.9276949042896717 0.9265172155895471 0.9248262431771813 0.9233851512129192 0.9222386291308048 0.9212289175390177 0.9204647356080122 0.9184377064289682 0.9079816349965408 0.888773074122617 0.8689892111786292 0.8508372377234001 0.8336976273224314 0.810700137618935 0.7907103044323376 0.7726271860759519 0.7670558565641727 0.7561245675506819 0.7412695071822657 0.7277979628071931 0.7196734794005554 0.7157613301925622 0.7014095185713712 0.6852506187585725 0.6578530268390756 0.635462425260729 0.617794787511842 0.6034344780348391 0.5914893629527921 0.5812592262719474 0.5723780608053034 0.5646812387365785 0.5578477577022442 
# Gas [Ca/H]:
-4.840273816199305 -6.51752022958291 -5.448480607320262 -3.742152584825199 -3.1353622892041724 -2.8164899000277206 -2.5970832530323396 -2.372408011995754 -2.0737499728984075 -1.7621519798221792 -1.464843358155676 -1.1862598138816907 -0.9234399733421697 -0.6722815964304116 -0.4289093600986966 -0.1902949963991123 0.044519630874256144 0.2754038731626247 0.5005358406775517 0.7159450916103447 0.9153012908758784 1.0904689093672184 1.2337278945595305 1.3409543692330788 1.4141120899030408 1.4600112903731954 1.4868833357426645 1.5015308513240173 1.5090107792183556 1.5124657012355112 1.513803708694689 1.5139324297537096 1.5133906517181295 1.5124964104759515 1.5116093621978468 1.5112658565444805 1.5118621772420688 1.5129645765483772 1.5143095333199579 1.515127760373887 1.5161442564784755 1.5176345884010498 1.5192855758135178 1.520764981756824 1.5227753556399302 1.5245635005783367 1.5262931601466576 1.5278055098880508 1.5293465335971685 1.5306846734050517 1.531993763091834 1.5335768964052532 1.5349054618646303 1.5364414615745057 1.5376470386859573 1.5386641971320731 1.5403320193757217 1.5414215042791604 1.5422783291153959 1.5440537918690067 1.5453091476699026 1.5461124169507654 1.547626415979642 1.5491770264113374 1.549778536527759 1.5502708966822238 1.5515445559096568 1.5522681798824376 1.5518901958026206 1.5517079869077914 1.5521571061069306 1.5520053877971005 1.5510080681819636 1.5501096237768408 1.5506701715380684 1.5510638307947158 1.550225000573545 1.5486388308819716 1.5510082725497085 1.5471745737914295 1.548055144685863 1.5472637587159488 1.5455799126837864 1.5452255641677688 1.5462603504274695 1.5467166272923603 1.5459921673667267 1.5438258210229394 1.5418753188701304 1.542385414143669 1.5437085870985703 1.5445436649230748 1.5440088750520413 1.5418722604026023 1.5396945981753767 1.5396367317328536 1.5411440400532568 1.542479685488245 1.5424961631476855 1.5412172635159695 1.5383166233565921 1.536690685604496 1.5362278824337556 1.5364617205041151 1.5374163986465321 1.538140585217473 1.5383654525824557 1.5381103077146134 1.537479027383232 1.5369419713917862 1.536272694175822 1.5345385029984087 1.5342939002995495 1.5332392509427981 1.5330561891695718 1.534782299767163 1.5367025823163383 1.5388384364633048 1.5392034734463733 1.5409428669304992 1.543016205188418 1.5464806425120665 1.5484419974484362 1.5500080362801327 1.5541447919990343 1.5606867927366475 1.572095847771366 1.5823056417463253 1.589563336152989 1.5942449335081328 1.59690134244076 1.5996849575766117 1.6008668542669966 1.6016781692326925 1.6025909674858827 
# Gas [Ne/H]:
-4.8402738161993035 -6.517520229582912 -5.189579123323208 -3.475976271701457 -2.868237735008478 -2.5530481968726555 -2.342858040757787 -2.1845641151021917 -2.0568871714277286 -1.9493067501472163 -1.855272818956828 -1.7709743518440098 -1.6934652609398224 -1.6203293403430976 -1.5491402696812129 -1.477343440402148 -1.4022106277817379 -1.3209848426542319 -1.2350670124676872 -1.1443606504194745 -1.05212297763239 -0.9638688393163903 -0.8866704171975481 -0.825921130827032 -0.7835111850103171 -0.7571573860416247 -0.7422948584137048 -0.7345740014836588 -0.7312565426079951 -0.7296792859853314 -0.7288577182920593 -0.7287092141135592 -0.7292025948749101 -0.7282741829363095 -0.7289199746103394 -0.7271728062889196 -0.7234201499927977 -0.7188921821022491 -0.7121041006970783 -0.7038756030796804 -0.6951811929295335 -0.6860230355640358 -0.6790489734229324 -0.6718636082501357 -0.6660814837868836 -0.6601557579342989 -0.6509666747100074 -0.6425795997589745 -0.6344172293673438 -0.6273606360545241 -0.6199496465054626 -0.6150500997133364 -0.6098981641848908 -0.6057731646877373 -0.6041077532322214 -0.5985810286224913 -0.5943141558804381 -0.5900344174207834 -0.5885047646132318 -0.5841918970518041 -0.5823203456331756 -0.5788994484330798 -0.5763653536659854 -0.573945013818804 -0.5738089039220089 -0.5670634556851768 -0.5684836122204162 -0.5676551883465768 -0.5679901427550664 -0.5671289609878434 -0.5677674166337425 -0.5688667751131424 -0.5728083145329146 -0.5754989559765784 -0.5794053999719511 -0.579399683417666 -0.583347932629497 -0.5856133567378867 -0.5902803872477778 -0.5898976012364683 -0.5916972631258881 -0.5940526885963946 -0.5998826828902155 -0.601729987446757 -0.6043632125981242 -0.6054610135084744 -0.6085713307822669 -0.6130168234537408 -0.6198598575825489 -0.6210898888788963 -0.6230697904290521 -0.6229145252195085 -0.6269700809808203 -0.6294619586586219 -0.6344629796800545 -0.6361860219995599 -0.6398165497531689 -0.6415599474097062 -0.6408371329478326 -0.63854308510665 -0.6437082990796803 -0.6481486341975433 -0.6519335776055035 -0.6533680359602103 -0.6547864601076538 -0.6559031158900641 -0.6567430006643127 -0.6580675470396153 -0.659905596666504 -0.6626088529260308 -0.6710710858571387 -0.6807411572700488 -0.6876808410478708 -0.6937732080751235 -0.6982158674505756 -0.7013265885810185 -0.7031697133937751 -0.7023864214953592 -0.7036078973001976 -0.7030263356758661 -0.7027990551176391 -0.7009616007441108 -0.699817333612903 -0.6986009137154179 -0.6958561618005215 -0.6907715999716082 -0.6816247475704218 -0.6729493867274003 -0.6668470283348071 -0.6633082649440976 -0.6614019746728594 -0.6591612052935742 -0.6584848655605171 -0.6581054894185216 -0.6574872786805965 
# Gas [Si/H]:
-4.8402738161993035 -6.517520229582912 -5.131003536826402 -3.416685893347533 -2.814487530850558 -2.5013909331712147 -2.286191790044776 -2.09810829624149 -1.8842836548180308 -1.6530176615153849 -1.4150108501936103 -1.176806494149699 -0.9409303731308833 -0.7075535551445231 -0.4759958516866627 -0.24559798061769467 -0.01629573402613893 0.2109604826201128 0.4337872127548268 0.6477691278563298 0.8462630053788751 1.020916171518416 1.1638460308518415 1.270931790041983 1.3440062352587048 1.3898002555636308 1.4165771862053789 1.431274364387642 1.4388060297574548 1.442284768812025 1.44357216808213 1.4437088194194643 1.4432080456493939 1.4423146523991806 1.4414208765628915 1.4411331681441002 1.441461649159169 1.442057758409248 1.4430706012397096 1.4445150281407768 1.4460332702382428 1.4477889140019062 1.4495041422403396 1.4512511669633774 1.4529665114364234 1.4545477433888103 1.4562062572915586 1.4577421729344167 1.4592613396131013 1.4606076526100207 1.4619030790644043 1.463494430614066 1.4648167790263291 1.4663438685541466 1.4675166679283547 1.4684871753875526 1.4701864366104322 1.471293910277994 1.4721143271455235 1.473843470253429 1.4751729032320617 1.4759858368672814 1.477385965870703 1.4787802989077097 1.4793171832510073 1.479887052874695 1.4813116830027484 1.4821175922509542 1.4817083571493477 1.4815246558749484 1.4822052433087878 1.4822265600106523 1.4810088328352782 1.4799027799000446 1.4803264245270227 1.4806696557941108 1.4798244603025146 1.4782738821169423 1.4778322206841144 1.4782544173086234 1.4785053096111946 1.4773827496482825 1.4755424522474132 1.474905935091214 1.475707205017322 1.476368634635401 1.4758403841634218 1.4737397304250184 1.4718705612939296 1.4722431714697706 1.473570602063774 1.4743539996326387 1.4737479711700057 1.471611608821048 1.469435035811896 1.4693767788677095 1.470896726731303 1.4722137136354663 1.4723114632117698 1.4709060535639633 1.4680032047798308 1.4663939647236974 1.4664778120049702 1.4672418628088155 1.4679923604278495 1.4684233981808692 1.468419171198116 1.4680051147855462 1.4672868614993462 1.4666455385384634 1.4659921777168368 1.464181215222926 1.4640118297660298 1.4629713464730685 1.46277334735399 1.464490589050492 1.4664033187274175 1.4685595017361894 1.4689246567260517 1.4706665622871862 1.472736973184952 1.476191383750335 1.4781481807888932 1.4797175458647298 1.483851020229371 1.4903978953414612 1.5018051445280851 1.5120169549244942 1.5192697493163778 1.5239508204917271 1.5266067066227378 1.5293908341096976 1.530572980041168 1.531384643695242 1.5322995968844384 
# Gas [S/H]:
-4.840273816199304 -6.517520229582911 -5.2122708441296774 -3.4991706860958134 -2.891769100919496 -2.572689412597315 -2.354357186559218 -2.1608648262207817 -1.9362976555331706 -1.6937206521167525 -1.446377577929983 -1.2012866008379204 -0.9605728938525502 -0.7238711392426049 -0.49003243949070363 -0.25809369972682905 -0.027762254813688436 0.20017209926753754 0.42342493781110946 0.6376569209023311 0.8362981362419823 1.0110379975605874 1.1540183605796295 1.2611325389583334 1.3342295838896137 1.3800263220785363 1.4067973832554985 1.4215132044270526 1.4290573206298163 1.4325428988116946 1.4338360382165258 1.433972646976295 1.433472550033914 1.4325812879520132 1.4316909021303714 1.4313921211632512 1.431708038090998 1.4322892043452469 1.4332991280265213 1.4347454739549912 1.4362456234549885 1.4379838488490906 1.4397055510981422 1.441449940787749 1.4432002794115912 1.444808413141315 1.4464425757788075 1.4479515082598424 1.4494672979120615 1.4508034967035979 1.4521070838676513 1.4536546984628118 1.4549800526316687 1.4565177418702144 1.4577062359832875 1.4586938204366087 1.4603940280424474 1.4614482883373734 1.462240001719581 1.464072603102755 1.4653025397494859 1.4659971606538447 1.467513433104048 1.4690479897256412 1.469674782904172 1.4702634151744247 1.4717117181214188 1.472437265583682 1.471986992274585 1.4717724005950772 1.472424757052584 1.4724411929452366 1.4712393467718758 1.4701613847156545 1.4706081269325075 1.4709619687527073 1.4701115307086945 1.4685476594052926 1.4681051553668594 1.4685353311812404 1.4687817338413889 1.4676552476352436 1.465802455633776 1.4651707728801258 1.4659796169127373 1.4666151953807418 1.4660555814637513 1.463999196443722 1.4621564822431696 1.4626766487874434 1.463924988163797 1.4647565772793243 1.464096309816528 1.4618760848230763 1.4596735659670212 1.4596557974300008 1.4611801508936946 1.462475173252423 1.4625411386787812 1.46112385504279 1.458219561061581 1.4566461459323552 1.456821073224174 1.4576774177408343 1.4584026657567288 1.4587928608775487 1.4587562444003095 1.4583172690212765 1.4575807891026114 1.4569257334622772 1.4562770151920148 1.454466760281766 1.4542850845077222 1.4532381511451034 1.4530601883000136 1.4547775212408927 1.456689273042418 1.4588404390652028 1.4592084304696944 1.4609507554731733 1.4630240734276478 1.4664758881487465 1.4684324482201672 1.4700010928742295 1.47413325964057 1.4806788338103112 1.4920787245393075 1.502293011185584 1.5095465719647856 1.5142273039383625 1.5168708700596012 1.5196653202908346 1.5208474288455278 1.521660645146766 1.5225737926773562 
# Stellar mass-weighted [Mg/H]:
0 -4.8402738161993035 -6.364026315653003 -5.2509513929666145 -3.6806655106564836 -3.1654218905784903 -2.923522117401869 -2.788029944761071 -2.710895038136215 -2.6686852107340773 -2.6481466569053627 -2.6406901206539395 -2.6405208095952712 -2.6438962156219636 -2.6485668447904978 -2.6532999533452513 -2.6575128869537528 -2.661000379949912 -2.6637896450835408 -2.665952911084781 -2.667598391369702 -2.6687940089393907 -2.66966853291006 -2.670304271427396 -2.6707597726262478 -2.671087613907096 -2.6713171981455055 -2.6714488121031215 -2.6715106252970076 -2.6715170334130915 -2.6714819650703845 -2.6714154889041604 -2.671321992464847 -2.671200508459222 -2.6710544940482386 -2.6708907787966654 -2.670707950570984 -2.670494156338928 -2.6702487860341186 -2.6699767306599274 -2.6696788913705767 -2.6693605854280564 -2.669022796599406 -2.6686659896985603 -2.6682977003923343 -2.667919786596544 -2.6675335216436524 -2.667135909530826 -2.666734177788131 -2.6663255451406283 -2.6659150491158945 -2.6655093351767922 -2.6651033921790352 -2.664708968245227 -2.6643106937736674 -2.6639636936059627 -2.663612767772845 -2.663304669284444 -2.6629810175486988 -2.662711356255678 -2.6624295959279776 -2.6621877121004154 -2.6619334780080655 -2.6617110113616667 -2.661465333890421 -2.6612461710443185 -2.661017164501616 -2.660832694838761 -2.6606299388580217 -2.6604506237905445 -2.6602631808634483 -2.6600985629983223 -2.6599043853918163 -2.6597318049036875 -2.6595518830912344 -2.6593986880725993 -2.659223567201572 -2.659062942598525 -2.6588909523410766 -2.65874722977086 -2.6585917540091044 -2.6584505262351303 -2.6582886757242825 -2.658149978264314 -2.658011293672331 -2.6578959181755923 -2.657751179054407 -2.6576137203996435 -2.6574656390446627 -2.6573473285362903 -2.657226696689242 -2.6571223500281063 -2.6569824051066204 -2.656886482573837 -2.656749445943017 -2.6566318563726306 -2.656522368786826 -2.6564371260301876 -2.656337349744577 -2.6562393817480423 -2.6561215514036647 -2.6570039090200117 -2.657313878029499 -2.657550512166365 -2.6577531573185125 -2.6579291990413996 -2.658082418938469 -2.658214302177841 -2.6583284506398197 -2.6585537623824864 -2.659452361177113 -2.6605191525325598 -2.6612000052632014 -2.661618203852832 -2.66198053733593 -2.662388824383018 -2.6626329672570597 -2.6628256192883466 -2.662830871475034 -2.6629834189981167 -2.663082209466797 -2.6631413273144853 -2.66322848626597 -2.663256486839293 -2.6632614877501517 -2.6633657439574696 -2.663410049798302 -2.66344796297747 -2.6634748263869 -2.6634629608201594 -2.6632985310212725 -2.6633133377838893 -2.66316027851553 -2.6631418827683833 -2.6630558822434116 
# Stellar mass-weighted [C/H]:
0 -4.8402738161993035 -6.364026315653005 -6.190604563798633 -4.750369550917707 -4.151050866857116 -3.825149488237755 -3.639771640847149 -3.5270184263864666 -3.449539597903981 -3.3941268485786393 -3.353420288947323 -3.3228419444234643 -3.2993005770844697 -3.280657687892637 -3.265392364183267 -3.252425731362785 -3.240970170919689 -3.2306384755204194 -3.2212451433136096 -3.2125478049657605 -3.2040308220280505 -3.1957462134646235 -3.1876935313007886 -3.1798668606897467 -3.1721835653702026 -3.164372996252621 -3.156101318948701 -3.147185181527962 -3.1375966463164975 -3.127436243368469 -3.1168418431106257 -3.1059726271314574 -3.0949518887456327 -3.0838893102862626 -3.0727574128006205 -3.0614891238154547 -3.050029459342876 -3.0383642784782943 -3.026536144457915 -3.0146365122871845 -3.002786274463654 -2.9910235871829176 -2.9793699539734773 -2.9678733094508996 -2.956570775380132 -2.94544454248419 -2.934560578857077 -2.923890223519404 -2.9134480891122427 -2.9032581852533834 -2.8933142231158273 -2.883665452657164 -2.8743166225495154 -2.8650608200595205 -2.856661868581063 -2.8481768205792415 -2.8405205896200894 -2.8327196199849745 -2.8256163434521167 -2.818419222684427 -2.81183402856775 -2.8050499890152807 -2.79889408352914 -2.7925630755495243 -2.786736597329284 -2.7807231571672153 -2.7752982496162097 -2.769734130752484 -2.7647128080493477 -2.7596123745578245 -2.755107773379228 -2.7504755993700885 -2.7462990673016385 -2.7419858829239034 -2.7381838413903745 -2.734264185540427 -2.7307114493611824 -2.7269862212388993 -2.7236759404039734 -2.720277819689743 -2.717240945276611 -2.714021097750993 -2.7110990521661398 -2.708071477513019 -2.7054125562489677 -2.7026325171501915 -2.700117584566182 -2.697410758238881 -2.694972993962147 -2.6924683392090554 -2.690271250876263 -2.687947382129603 -2.6858315974109184 -2.683534572992821 -2.681454266622376 -2.6793009953702853 -2.6774236741425526 -2.675560479848013 -2.673646596863355 -2.6717007712257077 -2.6829469913700947 -2.686605669072783 -2.6891715655623454 -2.6912646144256174 -2.693065154948683 -2.6946583143368663 -2.6960887204809296 -2.697389305581984 -2.699713173021417 -2.708036478515978 -2.7173329541140285 -2.7227273855780547 -2.726193241341446 -2.7286927456942953 -2.7313789539364324 -2.7331752102805877 -2.7344702071503306 -2.7347522773092763 -2.7354299837704845 -2.736078268225044 -2.7367135051753477 -2.7370012332585123 -2.7372135924276977 -2.7375402453830677 -2.7381189353124187 -2.7385341923077586 -2.7387713850033473 -2.7388541786501914 -2.738652245399506 -2.7379130217624104 -2.7377753580561084 -2.7370120260338293 -2.7366677934478547 -2.736189945485454 
# Stellar mass-weighted [N/H]:
0 -4.8402738161993035 -6.364026315653003 -6.513164431607306 -5.343646086258319 -4.752690440820986 -4.33312074282529 -3.9844291227914788 -3.7109724778548117 -3.501846477115919 -3.343432582746927 -3.223915966592232 -3.13476073328712 -3.0684997302047465 -3.0188021408698518 -2.9806338563814485 -2.9501479426153203 -2.9242975253321335 -2.9011665291885365 -2.8797708527914256 -2.8598368582254876 -2.8411810851477766 -2.8244541344892973 -2.8098310810970792 -2.7972537916193474 -2.7865794256180996 -2.7778465768589253 -2.7711414516317054 -2.7664254442045495 -2.7635503089224223 -2.7623096804631855 -2.762474637216706 -2.763828692788354 -2.766174999135991 -2.7693224787177373 -2.7729824313818465 -2.7768029185401755 -2.7805004311037793 -2.783914466856081 -2.7869798565866706 -2.789687425067129 -2.7920623354452125 -2.794145576857904 -2.7959810167881285 -2.7976101238683464 -2.7990620423608634 -2.800370311565505 -2.8015507259044723 -2.8026334354596036 -2.80362835984734 -2.8045387344179984 -2.8053911754133827 -2.806178463066546 -2.806912555359415 -2.8075980287235973 -2.8082330941796174 -2.808835504360416 -2.809396118725969 -2.809918382074591 -2.810416732902767 -2.8108795776007085 -2.8113203092358985 -2.8117328510129598 -2.8121302899916225 -2.8124934875339846 -2.8128426243282902 -2.8131783903776313 -2.8134962168467696 -2.8138022766340987 -2.814085904758011 -2.8143606099318115 -2.814628862304814 -2.8148678729873264 -2.8150967959727646 -2.8153277152311 -2.8155593253187616 -2.8157718154394225 -2.8159719619160697 -2.816164793321313 -2.8163533387954036 -2.8165366072329974 -2.8167094122231555 -2.816875728133179 -2.817038703552737 -2.8171886304560765 -2.8173373067516785 -2.817476876330945 -2.8176047211699595 -2.817721983496562 -2.8178485601917087 -2.817977100635953 -2.818101829794047 -2.8182139855892983 -2.8183141991341047 -2.8184122749826486 -2.8185185810488163 -2.818620790356782 -2.8187236783691993 -2.8188192219288917 -2.818909439054849 -2.818994806911154 -2.81922313876023 -2.819362360888255 -2.819493674598225 -2.81962019625891 -2.8197432220901852 -2.8198625494784277 -2.8199693717550627 -2.8200581234766506 -2.820238142934218 -2.8210794739121337 -2.8222091848331 -2.8230006229120876 -2.823445622865923 -2.8238159923271606 -2.8242495164587265 -2.824490603509229 -2.8246234526657474 -2.8245564114507893 -2.824704146035475 -2.824662746783158 -2.8246993910073614 -2.824675098369286 -2.8247158432291437 -2.8245430439179025 -2.824637998504227 -2.8242835274064424 -2.8240485538555085 -2.823774205150394 -2.8233171294257513 -2.822500748787717 -2.82210594166175 -2.8213749946825066 -2.820825899555148 -2.820396469722981 
# Stellar mass-weighted [Ca/H]:
0 -4.840273816199305 -6.364026315653005 -5.511446072620826 -3.953409489762752 -3.431841436163362 -3.1820200824158 -3.040312135222754 -2.9311170224733942 -2.8121575456801864 -2.699266193200362 -2.603225372671176 -2.5261486813063225 -2.4658594947697896 -2.4190508396538632 -2.3824566493271107 -2.3533048283000664 -2.329609028152337 -2.310132583941866 -2.2940028950388394 -2.2803955557067317 -2.268186502051658 -2.257200816511829 -2.2472187468826705 -2.2380761136308243 -2.2296318204491063 -2.221782415858498 -2.214444620580947 -2.207568340798572 -2.201091571342185 -2.1949719315194702 -2.1891660311383383 -2.183652279069263 -2.1784002458164755 -2.173386780990058 -2.168593251212287 -2.1640092528534405 -2.159590427208954 -2.1553251570331557 -2.1512244937171596 -2.1473192685684044 -2.1435644805410883 -2.1399361493036624 -2.1364199034433558 -2.1330265378801476 -2.129720772354572 -2.126517114194728 -2.123406056691726 -2.1203926725308317 -2.1174654944011344 -2.1146156624954244 -2.1118487685721066 -2.1091527737081526 -2.106528207116739 -2.103859411582892 -2.101461899260091 -2.098961905089122 -2.096701121231594 -2.094325836052726 -2.092182653050557 -2.089920743094882 -2.0878729224691455 -2.085711191659165 -2.083754880209563 -2.081679076003245 -2.0797998490154272 -2.077821383975027 -2.076028506628428 -2.0741303905063733 -2.0724026141169523 -2.070577168307082 -2.068928072548185 -2.067168270842081 -2.065561602861945 -2.063862597771056 -2.0623208909406836 -2.060676824128719 -2.059179910334481 -2.057594265784446 -2.0560924597030725 -2.054630817847933 -2.0532406014453572 -2.0517517089844537 -2.0503973266972704 -2.0489565154047815 -2.0476483625825743 -2.046258648197359 -2.0449873739128392 -2.0436254016147526 -2.042395749731204 -2.041088710353674 -2.0399006798695085 -2.03862482372653 -2.037453391173208 -2.036201022308319 -2.035067237943106 -2.0338599595331717 -2.0327628122448713 -2.031587347840915 -2.030513844087473 -2.029359082751153 -2.035635447576393 -2.0376541919613107 -2.0390694514646013 -2.040224719613833 -2.041220149223495 -2.042102521304402 -2.0428923946604325 -2.0436049577841633 -2.0448855370122043 -2.049533602779654 -2.054776433743779 -2.0578701438523535 -2.0598227838045338 -2.0612508294423666 -2.0628002680467326 -2.0638079209487143 -2.064513478374262 -2.0646214796112323 -2.0650244144395256 -2.06531639824159 -2.06564871406451 -2.0657768697855268 -2.0659027999818536 -2.0659722878595588 -2.066298001941261 -2.0663081365743476 -2.0662922046020205 -2.0661792620267425 -2.065829982075365 -2.0650235437452222 -2.0647320359727326 -2.0639624171841975 -2.063486584280625 -2.063017374526848 
# Stellar mass-weighted [Ne/H]:
0 -4.8402738161993035 -6.364026315653003 -5.258008055835434 -3.687402562033191 -3.164877484061135 -2.9176301875346002 -2.7816444927401944 -2.7052510987282608 -2.6647760328893506 -2.6465172139393145 -2.6414452186585233 -2.6436285303561364 -2.6492117663800885 -2.6558857137022835 -2.662396989261361 -2.668175376299491 -2.673046846131891 -2.677063434004366 -2.6803714914141725 -2.6830819809202033 -2.68528976061949 -2.6871084823372406 -2.688619061126005 -2.6898838035515844 -2.69095314368471 -2.6918705298245182 -2.6926632969185187 -2.693354304573665 -2.693960999080865 -2.6944979572542893 -2.694976172961291 -2.695404672663912 -2.695787458755981 -2.6961302390707926 -2.696444302020126 -2.6967313683013163 -2.6969888507155444 -2.6972212664107067 -2.6974321237256715 -2.6976214837780725 -2.6977933937359904 -2.697948374078133 -2.698088499518561 -2.698216209395879 -2.6983345112619705 -2.6984435165833105 -2.6985363341184687 -2.6986220317124463 -2.698698615912159 -2.698764870302351 -2.6988288056693674 -2.6988866487034118 -2.698940471022069 -2.6989860742568847 -2.6990320498745017 -2.6990711870779016 -2.6991103360846482 -2.699137580935183 -2.6991728842657157 -2.699199127292202 -2.6992256089605497 -2.6992453731447554 -2.6992706308535936 -2.699283515306024 -2.6993001741846223 -2.6993105844675407 -2.699329242789787 -2.6993374070736227 -2.6993465501235496 -2.6993553562530765 -2.6993709581333754 -2.699372061156839 -2.699376784804625 -2.6993839498374266 -2.699401321292413 -2.699405185411929 -2.6994075431524394 -2.699407898099377 -2.6994203798668517 -2.699427669297692 -2.69943222135588 -2.6994252237079257 -2.6994268032798923 -2.699431543271735 -2.6994441141711443 -2.6994473166799953 -2.69944448460539 -2.699433806089454 -2.69943876465687 -2.6994474614676296 -2.699459886084581 -2.6994612459419747 -2.699456662351066 -2.6994439972926028 -2.6994431701032653 -2.699447554418433 -2.69946027780673 -2.699466528993719 -2.699464131557666 -2.6994490038443377 -2.6996581002798674 -2.699746236154173 -2.6998268356307804 -2.6999019584360067 -2.6999674215009737 -2.7000216545186078 -2.700063740044892 -2.7000957882497554 -2.700175723104116 -2.7005535184581433 -2.701034515864781 -2.7013761699336127 -2.701577824208691 -2.7017896560058485 -2.7020369501361365 -2.702173115217949 -2.702292495608682 -2.7022821925631986 -2.702399359313927 -2.7024689197095757 -2.7024891004180214 -2.702569069194321 -2.702583324900565 -2.7025767972501162 -2.7026497588262464 -2.7026932601755567 -2.7027353320406746 -2.7027778841464043 -2.7028067929778468 -2.702724732046512 -2.7027779145927546 -2.702704159796671 -2.702743586374896 -2.7027081369690293 
# Stellar mass-weighted [Si/H]:
0 -4.8402738161993035 -6.364026315653003 -5.200284371139608 -3.6281341636787925 -3.1104366058844874 -2.8650644233659266 -2.7264850210802694 -2.6358264329749863 -2.5595413661047663 -2.49369129329825 -2.4382345619788035 -2.3928201226079766 -2.3562937152879 -2.327092439644158 -2.3036337755610843 -2.284524857627792 -2.268632987052885 -2.2552964385876244 -2.2440452646670552 -2.2343927842045925 -2.2255741756850265 -2.21752259713562 -2.2101181594014614 -2.2032597961934144 -2.1968672546144354 -2.19088314639665 -2.185252481668405 -2.179935503669947 -2.1748974095257507 -2.1701139023064977 -2.1655591825037908 -2.161213606887789 -2.157055492216413 -2.1530731129022547 -2.149253727149685 -2.1455877140630273 -2.142057331609709 -2.138656195805881 -2.1353787421624926 -2.1322125334907227 -2.1291538157487713 -2.1261938872231605 -2.123324461810361 -2.120542724038721 -2.117845527377864 -2.1152296861453594 -2.1126825317640465 -2.110208968375076 -2.107803147823283 -2.1054560172500354 -2.103175271417081 -2.1009489500847716 -2.0987792516261328 -2.0965690912929817 -2.094582992396571 -2.092509702357482 -2.0906320509463105 -2.0886551255194403 -2.086872613432961 -2.0849886930867623 -2.0832794056464428 -2.0814732557919298 -2.0798415979805283 -2.078108612782831 -2.076538739598327 -2.0748811517275163 -2.0733758734135677 -2.0717796941609468 -2.07032791046107 -2.0687928557265725 -2.067401245420818 -2.0659123489035016 -2.0645592324210718 -2.0631297778873057 -2.061833699081882 -2.060447576709823 -2.059183719337348 -2.0578429643482714 -2.0566273824160284 -2.0553343694478787 -2.0541533607971685 -2.0528904390044964 -2.051742237503535 -2.050524018857664 -2.0494198872163096 -2.0482383097125663 -2.0471540300823374 -2.045991851366752 -2.0449433794645273 -2.043832469763471 -2.042821712446518 -2.0417349991409424 -2.040736425449678 -2.0396666951889406 -2.0386991359747118 -2.0376692231134124 -2.036733632706424 -2.0357302577119283 -2.0348112721297813 -2.033823440425211 -2.0392139380573084 -2.0409485895711112 -2.042166791745492 -2.043162178911353 -2.0440196881290564 -2.044779033872734 -2.045457646806627 -2.046068813233968 -2.0471701435381755 -2.0511771825115517 -2.0556988634769997 -2.0583727490355663 -2.0600570713860424 -2.061298194200396 -2.062647065006419 -2.0635201687345717 -2.064135097021212 -2.064224776136796 -2.0645834894284496 -2.064840994010863 -2.0651249440869712 -2.0652456313680805 -2.0653542557354667 -2.065411907345201 -2.0656984235665767 -2.0657136435376815 -2.065706653065078 -2.065617759422251 -2.0653270324645607 -2.0646326101921595 -2.0643943068088264 -2.0637320957184695 -2.0633356597587564 -2.0629332377045424 
# Stellar mass-weighted [S/H]:
0 -4.840273816199304 -6.364026315653004 -5.2803381274289825 -3.710585739903288 -3.1883639496333105 -2.938333471047412 -2.7972158879903644 -2.703355651477792 -2.621639956117982 -2.549753965718165 -2.488794764211624 -2.438847384963318 -2.3987664272451283 -2.366833689881095 -2.3412765024195954 -2.320542407110324 -2.303370531031396 -2.289014140666386 -2.2769442704596052 -2.2666233695751856 -2.257226731220647 -2.248670860166559 -2.240820745838719 -2.2335639349277407 -2.226810905086011 -2.220499349727368 -2.214568894163304 -2.2089736037438223 -2.203677176202545 -2.19865317918995 -2.193873513580236 -2.189317171883161 -2.1849607106108824 -2.1807911459630738 -2.1767945386987586 -2.1729612227464097 -2.169272191913154 -2.1657204328017956 -2.1622990844956336 -2.158995174627422 -2.1558055767283255 -2.152720546194721 -2.1497303493140043 -2.146832762320856 -2.144022766851677 -2.141298142181115 -2.138647616777808 -2.1360749553814786 -2.133573061622 -2.1311332260394034 -2.128762347569765 -2.126450259796088 -2.124196595938902 -2.121901312924942 -2.119838649517792 -2.1176857998804355 -2.1157365553705434 -2.1136866791903133 -2.1118384041137856 -2.109882181125882 -2.108111501922359 -2.1062425881661495 -2.104549610335673 -2.102750258061903 -2.101119988286043 -2.0994002396394364 -2.0978384694448033 -2.0961854982425505 -2.0946822767491593 -2.093093055225067 -2.091652524040936 -2.090111641200619 -2.088710905094877 -2.0872307715869756 -2.0858884287139743 -2.084453589382238 -2.083145814845796 -2.081758883998642 -2.0805011167114182 -2.0791633388305737 -2.077941849442597 -2.0766361852682085 -2.0754492154453414 -2.0741895853932597 -2.0730477104918057 -2.0718267377942317 -2.070706954644267 -2.0695058887288456 -2.0684218797419884 -2.0672710910835983 -2.066226643653086 -2.06510280024787 -2.064071694202128 -2.0629682829240954 -2.0619697337530534 -2.0609056854688017 -2.059939157507821 -2.0589033126549214 -2.057955195058299 -2.0569362705480856 -2.0624955962929317 -2.0642844486610583 -2.065540267191862 -2.0665662035707335 -2.0674500848376356 -2.0682329581998777 -2.0689328375424116 -2.069563365378748 -2.070698888832755 -2.0748283555073126 -2.0794877127615576 -2.0822418228481414 -2.0839772957739804 -2.0852541082123954 -2.086641403418221 -2.087540198288706 -2.088172461193455 -2.0882655842958817 -2.088632843923836 -2.0888969321125135 -2.0891901084787277 -2.0893122988126374 -2.0894242472045272 -2.0894840704345263 -2.089778160171866 -2.089792447294637 -2.0897838106764777 -2.0896904221218007 -2.0893886224999934 -2.0886727886379397 -2.0884245192420465 -2.087741777462239 -2.0873303668222407 -2.086915227210996 
# Gas metallicity, [Z/X]:
-4.862464641862026 -6.539711055245633 -5.239866946717274 -3.52773872651335 -2.9325017783687874 -2.6128530196204585 -2.3565793868580824 -2.12271899994003 -1.9059441097035605 -1.7081012253570644 -1.5233225068609701 -1.3453814747595063 -1.1687804032309577 -0.9890685559750854 -0.8030431247982588 -0.6092437572766614 -0.4082079025297516 -0.20217394814942247 0.004702537228386872 0.2059015545059455 0.3924416721867412 0.5541289057773537 0.6828036574413945 0.7766465317526309 0.8409025185690261 0.8837613477201811 0.9121266934859175 0.9310371654783901 0.9437480368000164 0.9524359949743951 0.9584635341734177 0.9627588091406689 0.965730072348305 0.967896564342785 0.9698151891698087 0.9723679665002741 0.9753239514033403 0.9790543473855551 0.9831691789312373 0.9880894054843059 0.9926066666486097 0.9983856495754065 1.0024786472600105 1.0093899234359704 1.0113880246537115 1.0217768637704512 1.0166077238104725 1.040101465058281 1.007278484735398 1.0832488670345986 0.9223543422878238 1.2244155967367412 -7.595764030731532 1.5808082341953869 -7.574292856994646 1.9224981527194644 -7.553669788003859 2.271143981755513 -7.534424219302471 2.6352879414731802 -7.514915778146715 3.0177822024615715 -7.496842936850829 3.420710685240712 -7.479464509450759 3.8424734732445147 -7.462538746293939 4.284146893420672 -7.447705866209292 4.742797107004368 -7.433297717326658 5.220309885703702 -7.421070491953746 5.713721888593839 -7.408673534914481 6.226228877771232 -7.396510613010278 6.7537674100321565 -7.38621576121189 7.298636003460813 -7.373542818461676 7.859380883651015 -7.364822259855659 8.434046647283203 -7.353326202081531 9.026242305441217 -7.3421444003154335 9.63110941932589 -7.335343398462287 10.249880729397267 -7.322968215893406 10.885596544111117 -7.312519930697869 11.532567234619005 -7.306969024978926 12.191397227140413 -7.295719000603702 12.86687982525301 -7.284669352777042 13.553918661373373 -7.279547843577763 14.07796641649902 -7.567463893931027 14.394849245722126 -7.7341739941925045 14.576567434296857 -7.852593480601435 14.657404082603923 -7.94530426631121 14.622453385103741 13.031746454062127 14.123796176717487 13.822304852713199 13.822299003507133 13.750384457818273 13.68634364195346 13.639258152134135 13.601342249819805 13.593307102255558 13.571200436434873 13.543729463871692 13.522807276445409 13.510784644907732 13.506027893241091 13.482722205270859 13.462225887274842 13.428723441979475 13.40621972583984 13.386547893004483 13.368895670266264 13.35259311134215 13.338993602040835 13.325685760790101 13.313682002520993 13.303070624375469 
# Stellar mass-weighted metallicity, [Z/X]:
-4.152288344383056 -4.862464641862026 -6.386217141315726 -5.307845306901347 -3.739143001574215 -3.227553935354753 -2.977940055744593 -2.814415597256203 -2.6960880800892957 -2.610744918752756 -2.5525975674194923 -2.514441006905985 -2.4899736560699637 -2.4743328925894295 -2.4640801685081035 -2.456929013616337 -2.451475960111485 -2.446927298251837 -2.4429821369504277 -2.439534021441732 -2.4364996682478157 -2.433648543639391 -2.431122476760893 -2.4289244868493114 -2.4269170330281646 -2.4248978682318354 -2.4227441034889674 -2.420445133910313 -2.418045130985405 -2.4155988974297724 -2.413152833605344 -2.4107365515466066 -2.408367427069872 -2.4060538585174083 -2.403798217689803 -2.401598760068108 -2.399449122983367 -2.397346898582952 -2.395274241655213 -2.3932417288602563 -2.3912338948578498 -2.389271541726618 -2.387317522872179 -2.385426127891625 -2.3835047119935364 -2.3817156315012467 -2.3797810183389307 -2.3781849203120906 -2.3760410608847735 -2.3750289027780607 -2.371889186399306 -2.3731456975520224 -2.3653469309549804 -2.3758611000813117 -2.3475109938228327 -2.366642264172544 -2.308390875475345 -2.3447060439558536 -2.23224671569747 -2.299008018149056 -2.096188073879003 -2.2099732553981593 -1.881024914595365 -2.0522997953124467 -1.5859983831092255 -1.8092533952152585 -1.2268497700510717 -1.4857490146971075 -0.8238088133482255 -1.1028960576688733 -0.3890221397417981 -0.6792666722379261 0.06926963189181556 -0.22747353111779067 0.5488273234746714 0.2474560041584113 1.0460916686072523 0.7412837724215277 1.5621589381490077 1.254165833174675 2.0940945795436754 1.7834914232713106 2.643111327986938 2.329963192844056 3.2082167589517367 2.892742163661432 3.787533884589995 3.4700848431119935 4.383704820244755 4.064115185026842 4.993246609944203 4.671925181987777 5.616414235690581 5.2934718425427905 6.255899731127804 5.93114131899415 6.907395647078526 6.581245958223957 7.57066259015896 7.2432573044197195 8.249512946917799 7.920586347406856 7.8424109339867885 7.8030119829675595 7.776910006544665 7.757556000880872 7.7422792116860455 7.729729777895851 7.719129238904672 7.701953515750355 7.653211380850272 7.612602671980214 7.593208687480763 7.58166728457648 7.573876064108265 7.5660347612337056 7.560800569570019 7.557146108100628 7.556267818862244 7.554488872992198 7.552533744511862 7.5508231023632835 7.5500035201114475 7.549527273733456 7.548347134097709 7.546890570109065 7.545448574818078 7.544474747972445 7.544053559082369 7.544320109181526 7.545066825036054 7.545197222606159 7.5465081632014614 7.546944327875847 7.5479005844089055 
# Number of SNIa (log_10):
0 0.0 0.0 0.0 0.0 0.0 2.1349397865824605e+53 1.0509036194362989e+55 4.261517222824422e+55 9.073839101374728e+55 1.4752708753020854e+56 2.070161628196786e+56 2.653701681879171e+56 3.2055380715744866e+56 3.717428719739037e+56 4.188155295610111e+56 4.6200367783852535e+56 5.016838377827127e+56 5.382645338881593e+56 5.721324928746326e+56 6.036312948806669e+56 6.33056717862856e+56 6.606595852388002e+56 6.8665145185659185e+56 7.112108635775391e+56 7.344889735452665e+56 7.566144629382419e+56 7.77697685930068e+56 7.978336658255749e+56 8.171047917030671e+56 8.35583248279731e+56 8.533332724897219e+56 8.70410286886564e+56 8.868623971774593e+56 9.027349460420148e+56 9.180678915817476e+56 9.328970619339048e+56 9.472541908219808e+56 9.611688661432087e+56 9.74668760389879e+56 9.877773937791086e+56 1.0005169378230408e+57 1.0129075089190185e+57 1.0249675347562926e+57 1.0367143976526334e+57 1.0481640380434202e+57 1.0593312327612365e+57 1.07022921034386e+57 1.0808709031985772e+57 1.0912690915695702e+57 1.1014341718712325e+57 1.1113759418504772e+57 1.121104170008458e+57 1.13062812761213e+57 1.1399559903890096e+57 1.1490957295485144e+57 1.1580546765298039e+57 1.1668382506696158e+57 1.1754541903503553e+57 1.1839124478334845e+57 1.1922172242691647e+57 1.2003738992359742e+57 1.2083854153171473e+57 1.2162562143335683e+57 1.2239925380692787e+57 1.2315989241077851e+57 1.239079503126128e+57 1.2464389411518858e+57 1.253681054999085e+57 1.2608092456380593e+57 1.2678271851106822e+57 1.2747385724789931e+57 1.281545814275596e+57 1.2882519747553951e+57 1.2948612914585743e+57 1.3013760194899897e+57 1.3077985382102232e+57 1.3141315109812785e+57 1.3203773329138804e+57 1.3265382678333002e+57 1.332616705639648e+57 1.3386143631274395e+57 1.344533348946395e+57 1.3503770267459316e+57 1.356146594529271e+57 1.3618437551261658e+57 1.367470219791254e+57 1.3730281178211277e+57 1.378518877175597e+57 1.3839431540225918e+57 1.3893031356056867e+57 1.3946000795001949e+57 1.3998352276844945e+57 1.4050122926286875e+57 1.4101321083726176e+57 1.4151945473774216e+57 1.4202010808152824e+57 1.4251531389202292e+57 1.4300516722764951e+57 1.434897402684671e+57 1.4396916425993797e+57 1.4444350169004603e+57 1.4491294708534764e+57 1.4537768150103115e+57 1.4583771224702055e+57 1.4629315013869337e+57 1.4674407108029234e+57 1.4719050839720366e+57 1.4763256209715899e+57 1.4850395091224588e+57 1.5262644781169541e+57 1.5989403832707343e+57 1.661570236065932e+57 1.7165954522851775e+57 1.7656688822882153e+57 1.8305767600465514e+57 1.8873545246722e+57 1.937814096186116e+57 1.9534635010124024e+57 1.983222763657986e+57 2.024499582103154e+57 2.0623356724401826e+57 2.085917443234675e+57 2.097262840405155e+57 2.140006997680349e+57 2.1883354266071515e+57 2.271861306107934e+57 2.3423705002783694e+57 2.4033973328012284e+57 2.4571873977972234e+57 2.5052591913045296e+57 2.548748843994853e+57 2.5884269516133294e+57 2.624912823394025e+57 2.658685195537851e+57 
# Number of SNII (log_10):
0 0.0 4.907102058108599e+53 2.4009961806648186e+55 9.076155489660135e+55 1.7658753973008368e+56 2.634910129314137e+56 3.3784640423828888e+56 3.917288991317168e+56 4.276809132053262e+56 4.502999313270938e+56 4.63937414072759e+56 4.719040016514962e+56 4.764470048305476e+56 4.789897004064831e+56 4.803933078480647e+56 4.811619278210282e+56 4.815800547798224e+56 4.818072205751505e+56 4.81929932494354e+56 4.81998491466458e+56 4.8203758581412165e+56 4.820597330321182e+56 4.820724429004267e+56 4.820800154316189e+56 4.820850635007054e+56 4.82088725828218e+56 4.820916076735918e+56 4.820940321241702e+56 4.8209617334822006e+56 4.820981267186381e+56 4.820999457133487e+56 4.82101661406594e+56 4.821032927746956e+56 4.821048521804677e+56 4.8210634837630985e+56 4.8210778792253155e+56 4.821091756503541e+56 4.82110515521235e+56 4.82111811285141e+56 4.821130660804881e+56 4.821142825672451e+56 4.82115463346415e+56 4.821166105138362e+56 4.821177261240275e+56 4.821188119909976e+56 4.821198697395042e+56 4.821209009582099e+56 4.821219069625395e+56 4.821228890730083e+56 4.821238484575761e+56 4.821247862153456e+56 4.821257033818761e+56 4.821266007335083e+56 4.821274651012988e+56 4.8212833679013875e+56 4.821291746674755e+56 4.821300121451429e+56 4.821308094264388e+56 4.8213161359095035e+56 4.821323800546704e+56 4.82133153289008e+56 4.821338903898381e+56 4.821346350556953e+56 4.82135345398972e+56 4.821360630321739e+56 4.821367484413903e+56 4.821374419317904e+56 4.821381041985747e+56 4.821387741123144e+56 4.821394147335547e+56 4.821400634745203e+56 4.821406835321795e+56 4.821413112742081e+56 4.821419121879564e+56 4.821425216000202e+56 4.8214310476189584e+56 4.821436955048572e+56 4.821442612012589e+56 4.821448354775156e+56 4.821453859263876e+56 4.821459441261081e+56 4.8214647858960555e+56 4.821470210006504e+56 4.821475416546572e+56 4.821480707815805e+56 4.8214857794326876e+56 4.82149092302214e+56 4.821495853461333e+56 4.821500867988071e+56 4.821505690062877e+56 4.8215105928053495e+56 4.821515292668599e+56 4.821520060173417e+56 4.821524632724341e+56 4.821529287892467e+56 4.821533770634737e+56 4.821538336084054e+56 4.821542718174578e+56 4.821547166425168e+56 4.8215514329383545e+56 4.821555773603967e+56 4.8215579200168055e+56 4.821559038274985e+56 4.821559493884737e+56 4.8215595290612045e+56 4.8215595290612045e+56 4.8215595290612045e+56 4.8215595290612045e+56 4.8215595290612045e+56 4.8215595290612045e+56 4.8215595290612045e+56 4.8215595290612045e+56 4.8215595290612045e+56 4.8215595290612045e+56 4.8215595290612045e+56 4.8215595290612045e+56 4.8215595290612045e+56 4.8215595290612045e+56 4.8215595290612045e+56 4.8215595290612045e+56 4.8215595290612045e+56 4.8215595290612045e+56 4.8215595290612045e+56 4.8215595290612045e+56 4.8215595290612045e+56 4.8215595290612045e+56 4.8215595290612045e+56 4.8215595290612045e+56 4.8215595290612045e+56 4.8215595290612045e+56 4.8215595290612045e+56 4.8215595290612045e+56 4.8215595290612045e+56 4.8215595290612045e+56 
# [Mg/Fe] for total ejected gas till this time:
0 0 1.0141387620595463 1.0058956693224825 0.9113845781271335 0.8249559888448988 0.7758000153490381 0.6449503745363201 0.436071406847629 0.25595569805474755 0.11590369652846394 0.00811748973946716 -0.07576594547862045 -0.1421351977516153 -0.19558687096984306 -0.23940026507062062 -0.27592414975188695 -0.30685370168579407 -0.3334123391948073 -0.35651758878337314 -0.3768567114452957 -0.3949482642514174 -0.41118780630838353 -0.4258812518724831 -0.4392727798298149 -0.45155050445164197 -0.4628595979125119 -0.4733299458150851 -0.4830651817523428 -0.49215189299148254 -0.5006632016994252 -0.5086602390294164 -0.5161941881797769 -0.5233082287401636 -0.5300419734448456 -0.536427305265168 -0.5424906168000876 -0.5482558926677872 -0.5537460345911234 -0.5589824226091658 -0.5639836325634626 -0.5687663269466969 -0.5733457342739285 -0.577736675824243 -0.5819516741096737 -0.5860019388360573 -0.5898979511263029 -0.593649366240973 -0.5972645609430064 -0.6007546193580858 -0.6041256682414508 -0.6073852429025208 -0.6105425132330556 -0.6136056356075507 -0.6165813991280332 -0.6194753208581266 -0.6222903792043046 -0.6250313598118638 -0.6277043187613389 -0.6303129603143021 -0.6328599550870465 -0.635347557946515 -0.637775187575893 -0.6401465467793029 -0.6424623687752785 -0.6447273923710704 -0.6469483265964392 -0.6491226790304327 -0.6512512059555982 -0.653337033729407 -0.6553791272645193 -0.657379427293201 -0.659339659716918 -0.6612618896715928 -0.6631474753303886 -0.6649977461554 -0.6668131754326273 -0.6685952784498131 -0.6703455397460072 -0.6720652202529791 -0.673755077697804 -0.6754157624815923 -0.6770478058590688 -0.6786546267956507 -0.6802363680925646 -0.6817888907675096 -0.683316127741225 -0.6848212369562161 -0.6863032288694929 -0.6877629703966395 -0.6891999656300068 -0.6906098960470329 -0.6920110402523075 -0.6933836049103775 -0.6947358164655837 -0.6960720882930471 -0.6973912968974508 -0.6986922678905465 -0.6999744175005281 -0.701238484167925 -0.7024848655844846 -0.7037149280483067 -0.7049295650817822 -0.7061280048995268 -0.707310585619667 -0.7084779527594826 -0.7096301245134048 -0.7107669263058509 -0.7118890922006194 -0.7140912253223247 -0.7243378004694379 -0.7417352174502623 -0.7560798758660014 -0.7682108715435662 -0.7787134022567254 -0.7921174402635345 -0.8034265454322128 -0.8131702674538439 -0.816136581949232 -0.8217102302188438 -0.8292769295555567 -0.8360732409097721 -0.8402373406655153 -0.842222370871692 -0.8495973274887173 -0.8577394164524127 -0.8713599649080797 -0.882408267138544 -0.8916862568856854 -0.8996403390284948 -0.9065872216889177 -0.9127393900915309 -0.9182493659770143 -0.9232326073146109 -0.9277738044877124 
# [Mg/Fe] for instant ejected gas at this time:
0 0 1.0141387620595463 1.0057242612587303 0.8786491798079816 0.731981156067289 0.6617677458180196 0.27062668580584653 -0.21951734662683386 -0.5455758693004655 -0.7981888557822371 -1.0053386887430804 -1.1784444739430855 -1.321347488387986 -1.4347958089393134 -1.5197833171894661 -1.5791429011322442 -1.6172259078994917 -1.6353390359591695 -1.6438652096473114 -1.6480145312348238 -1.6501474357450663 -1.6511538130316492 -1.6515182595303772 -1.6537326692848082 -1.6546195822386864 -1.6507425940032845 -1.6491671998648445 -1.6476863006818063 -1.6465800434752154 -1.6460491526339298 -1.6451007428506854 -1.6434885846260574 -1.6409096975509774 -1.638351687659362 -1.6339037662657308 -1.6263775749569505 -1.6169792852729654 -1.6069830079090046 -1.5969056959488668 -1.5869072829425694 -1.5768470241722288 -1.5669992024901371 -1.5582353356629928 -1.5496088874690448 -1.5410708124913874 -1.5328949450920728 -1.525081220974169 -1.5171700981036385 -1.5119533386914075 -1.5061155546493619 -1.5013598527201728 -1.4995058389589033 -1.5001790463072944 -1.5028228997502546 -1.5064666082753184 -1.509006137595177 -1.513119500329396 -1.5196371188653435 -1.525489695888149 -1.5318320212221033 -1.5374836151515112 -1.53963647415911 -1.5438949738266017 -1.5453466447463675 -1.5499820534087283 -1.561263463624591 -1.5662873464074183 -1.5697340122979246 -1.5753718276722848 -1.5767965823714627 -1.5785164702947314 -1.580984572729289 -1.584447179590566 -1.58707012614919 -1.590123580613229 -1.5920465638354773 -1.5945927316863029 -1.5978067761561843 -1.6014664578908626 -1.6045816882101325 -1.6073909907587043 -1.6102448570678711 -1.6169649792966851 -1.6210461318889315 -1.6159572102698594 -1.6177959287474852 -1.6246556725567811 -1.628121275679765 -1.6322187831968074 -1.6347274394056002 -1.6238588597769268 -1.6566904629686445 -1.6376377502089974 -1.6379850878581188 -1.6494582922083179 -1.6566892905758532 -1.6593048287831036 -1.6594503941883583 -1.660492502932573 -1.6612303512375048 -1.6649634128471764 -1.66946284873812 -1.6698141094832062 -1.6706809692850946 -1.6722970789968683 -1.67293392726305 -1.6721746651138003 -1.6726219984127912 -1.673736766323851 -1.6783967263945143 -1.6860928991219224 -1.6917599534497114 -1.6926434111243989 -1.7034105989465274 -1.7014291444572773 -1.7018718130270458 -1.7027407129425622 -1.7035911391149257 -1.706124696685255 -1.7011144071648456 -1.7047974388957954 -1.70319969897026 -1.703754779239603 -1.704339178926446 -1.7040246006254756 -1.7061727104232214 -1.7017912411569889 -1.7054512811561575 -1.7037739272312755 -1.7049565085973852 -1.7038193708600695 -1.703902997530717 -1.7043563427713049 -1.7037576158067023 
# total ejected metal mass till this time:
0 0.0 4.8058002777613215e-05 0.0007093330725429124 0.0015039385840978474 0.0020701599279876674 0.002572314084329846 0.0030541059727298087 0.0034988949092813497 0.003878986300749008 0.004193890386818301 0.004452640873027733 0.00466667589113229 0.004846529600792765 0.005000728527338752 0.005135495688054026 0.005255094002936932 0.005362538308487098 0.005459895064468919 0.005548435228718147 0.005628835088320396 0.005701558045585758 0.0057673522505776635 0.005827669532222549 0.0058842934310019334 0.005938538221631215 0.00599095468106186 0.006041754665452859 0.0060909816184688695 0.006138661911103402 0.006184820368414655 0.006229513661791474 0.006272775992592811 0.006314702767254847 0.0063553868353417855 0.006394948678021946 0.006433421798493755 0.006470990036794492 0.006507656409984283 0.006543549346494564 0.006578599384946228 0.0066130730154463045 0.006646641902850175 0.006679948108028985 0.0067119976493156 0.006744582229793905 0.006774612279332141 0.006807778368271195 0.006833444635620793 0.006872228878989579 0.006882944081407513 0.006950696452452426 0.006895081627023046 0.007094554617907983 0.006734072236834273 0.007151933774453218 0.006317424603577033 0.007207247387404696 0.005293036254537838 0.007260739497790945 0.0027601536457164807 0.0073125636301985255 -0.0036697746758567163 0.007362778489974015 -0.020654796896159136 0.007411516970771096 -0.06717449444203112 0.007458692156761351 -0.20044429326341687 0.007504370319080268 -0.5966228681412337 0.0075484961903658 -1.827304559736901 0.007591225799183578 -5.780100674050423 0.007632517241015518 -19.045333832084918 0.0076725407809273205 -64.96014162511389 0.007711311438257732 -230.38833040452093 0.007748897025217318 -847.4617269790187 0.007785437688652546 -3218.559041064242 0.00782086414807409 -12712.865828940034 0.007855302125572089 -51736.1114526039 0.007888830534462833 -217228.57351390782 0.007921373245841226 -947476.244974619 0.007953120509801976 -4244319.069316188 0.007984084953191584 -19531889.453072585 0.008014197361876946 -93232079.26902176 0.008043582958080329 -457654403.46780866 0.008072346938436272 -1543419364.0915227 0.008100483851472752 -3223968115.4927397 0.008127756314459895 -4933350012.476107 0.008154568181789397 -5983599205.3701315 0.008193744652002812 -5715492134.315771 -154182817.22619063 -1993681654.8072252 -1035380618.7259077 -1071523724.0792985 -946348695.7216871 -846585994.7604345 -783079308.7562748 -725692321.2214444 -723979376.4078884 -703483022.6937592 -674177269.4583923 -650758481.327144 -637037706.7141429 -643063368.7504554 -624140753.7280049 -618675892.9400114 -591485686.7941091 -576816456.8967879 -564165029.1974417 -552943985.1411312 -542576274.8490423 -534547042.37188536 -526440414.2753386 -519209568.06143606 
# Stellar [Z/H]. [Z/H] = [Fe/H] + A[Mg/Fe] where A=0.94:
0.0 -4.8402738161993035 -6.364026315653003 -5.304499593155985 -3.7408600102062532 -3.220003184896198 -2.972713814684 -2.8339877216946334 -2.7480491663041864 -2.6914878004523883 -2.65849228749686 -2.6414074075930856 -2.6339314958009643 -2.6317522327596046 -2.632170455958864 -2.633614638649686 -2.635248213904323 -2.636675976131688 -2.6378023266464723 -2.6386134810200037 -2.639140129863778 -2.6393586940720644 -2.639373669723152 -2.639244082656547 -2.639010484562781 -2.6387111955271796 -2.6383657940857392 -2.637967643085922 -2.637538135597878 -2.6370865224501663 -2.6366226810886886 -2.6361530649949287 -2.635679495163261 -2.6351987654272273 -2.6347126350717858 -2.634225971297786 -2.6337363252028916 -2.6332309145135007 -2.6327083574580383 -2.63217250255283 -2.631623041497115 -2.6310644892454316 -2.6304969770464752 -2.6299201606260008 -2.62934073804096 -2.6287600217404083 -2.628178827834347 -2.6275934787125905 -2.6270109086216435 -2.626428002532418 -2.6258487531425594 -2.6252798385359806 -2.624715655756394 -2.624167325027522 -2.6236125856499455 -2.623124451330823 -2.6226258884034586 -2.622183807741137 -2.621719577817916 -2.621321788483273 -2.6209047905102505 -2.62053970223573 -2.620155529622789 -2.619815230068116 -2.6194454236113254 -2.6191137302245178 -2.6187659521750604 -2.6184722111863086 -2.6181543817637527 -2.6178701457337215 -2.6175717585477067 -2.6173063622523225 -2.6170059019559395 -2.6167365762811903 -2.6164543506836937 -2.6162077267711377 -2.6159337106325977 -2.6156831082832386 -2.615415915753844 -2.6151850626827002 -2.614937197861902 -2.614711687218114 -2.614460656068842 -2.6142404439804223 -2.6140147648882874 -2.6138197359338102 -2.6135912737211267 -2.6133774634093934 -2.613147786701812 -2.6129548058355843 -2.6127546694102386 -2.612577717303713 -2.61236164873832 -2.612194064196474 -2.611982485604165 -2.6117969762355764 -2.6116141734275953 -2.6114614289780365 -2.611289876205423 -2.611126733030416 -2.610939841915567 -2.61218311352377 -2.612607603362355 -2.6129232857007434 -2.6131898549955963 -2.6134209030212294 -2.6136230875597173 -2.613799168666207 -2.6139535227681123 -2.6142497553922883 -2.6154005814221852 -2.6167486960725537 -2.617592282701862 -2.6181140366164 -2.618548329565423 -2.619033707794941 -2.619329442701032 -2.6195567690230317 -2.6195689704445515 -2.6197384519453717 -2.6198503194809892 -2.619927910015713 -2.620017858801994 -2.620052481773804 -2.62006185634249 -2.6201810954037885 -2.620223142045918 -2.620257449893976 -2.6202749036739115 -2.620240290945959 -2.620032531303141 -2.6200266949669637 -2.619832033714489 -2.619782805096863 -2.619670953130602 
# Stellar luminosity-weighted metallicity, [Z/X]:
-4.152288344383056 -4.862464641862026 -6.349510506308196 -5.243158435588222 -3.5344415564267218 -2.9383395934811603 -2.617629242196429 -2.3609435192870487 -2.1269445630681334 -1.9100822213986313 -1.7121254766711786 -1.5272644146617356 -1.3492937644495562 -1.1727248187793273 -0.9931026161419927 -0.8072167095959093 -0.613595161210436 -0.41276549846442223 -0.20686834556482436 2.0462075074778596e-05 0.2013639319645717 0.38798738549687384 0.5498463671897276 0.6788216300417453 0.7730772856455109 0.837789937607066 0.8810793786664681 0.9098183280114679 0.9290380967101428 0.9420013900369203 0.9508938121618306 0.9570878788940637 0.9615191609326588 0.9646056011038087 0.9668674321919648 0.9688607643647182 0.971460847123228 0.9744528359616282 0.9782031362130518 0.9823343518912983 0.9872581484345977 0.9917929597560944 0.9975624946279738 1.0016879641662686 1.0085643389346615 1.0106431566551275 1.0209119995828544 1.0159883391847975 1.0390519144084451 1.0071280864876466 1.0814692264968961 0.9247775512341655 1.2202523682606845 -0.5758604147536557 1.5724926472167562 -0.3242091306203647 1.9137485459031611 -0.010847839734228648 2.262250473678478 0.32712652793160957 2.626318594545056 0.6863269363927165 3.00876137264167 1.0659057222986212 3.411643843045658 1.4666558290065304 3.8333709659357504 1.8866875314452018 4.275014902250366 2.3262230073646992 4.733655056694472 2.783372604116046 5.211153880503502 3.259307826135627 5.704558691406594 3.751935638744593 6.21704353136077 4.263292170663131 6.744571247090417 4.79005085383436 7.2894207838191285 5.33412118774933 7.850151678578159 5.893966030493836 8.424803108327666 6.468266206961613 9.01697744848366 7.059603811362366 9.621835482583329 7.663881222150988 10.240588406672371 8.282425316569139 10.876283910863497 8.917360968722083 11.523246328995283 9.563781369737637 12.18206170866118 10.222619736676496 12.857519183860221 10.897400552104983 13.54455313819637 13.267188189941274 12.980724399394454 12.815095800666281 12.702788837875353 12.619186215348167 12.553300363665779 12.499330721130363 12.453911774529793 12.380812008862701 12.178018624852605 12.016030818513762 11.941641419942986 11.897351652690952 11.866461593113687 11.832847957279686 11.808866777342008 11.791947311058719 11.787553388280568 11.779406453698776 11.76947126613755 11.761244039058527 11.756860561000309 11.754774830607873 11.74766212380266 11.740269423026069 11.730151597767284 11.722462239330465 11.717314272193216 11.714493288820446 11.711588268271472 11.708729669146972 11.709150028409518 11.707002633687823 11.707464528860434 
# Stellar luminosity-weighted [Mg/Fe]:
0 -9.71445146547012e-17 -9.71445146547012e-17 0.9201510517758231 1.0047174932314145 0.898056600293324 0.7871757541165973 0.7202884313419267 0.4800698078045873 0.1028289854966973 -0.2067828598657681 -0.45801003524902484 -0.6699531293692232 -0.8544143111755613 -1.0175683941602798 -1.161809373092093 -1.2871461036865994 -1.3924703847695712 -1.4768028486679383 -1.5389876008385663 -1.5817334384678223 -1.609530766490335 -1.6269207199206785 -1.637446759221734 -1.643618851523331 -1.6480721101458824 -1.650967212204256 -1.6508663510245525 -1.650096874183535 -1.649004842168855 -1.6479041267029966 -1.6470590501807876 -1.6461680862592958 -1.644950972806175 -1.6431152850560917 -1.6409485002279864 -1.6377397336349626 -1.6325472281869091 -1.625406717147851 -1.6169344680204718 -1.6077102669300936 -1.5981233228963334 -1.5883153054333894 -1.5784898654901562 -1.5691635130514034 -1.5601679694274038 -1.5513890771286443 -1.5428943777968893 -1.5347204383954192 -1.5266712148448682 -1.519947578976 -1.5136415380048107 -1.5080595828702164 -1.5042132986202048 -1.502464364533188 -1.5027393628895127 -1.5045580098747249 -1.5067069890804257 -1.509741474506045 -1.5143633116753605 -1.51953246522768 -1.525234873374105 -1.5308950216372648 -1.5349573434900832 -1.5390874441834732 -1.541993250799693 -1.5456753579334908 -1.552819132634722 -1.5589931064383562 -1.563923991273261 -1.5691563916739866 -1.572652412370662 -1.5753189425128762 -1.577893398762305 -1.5808691385530274 -1.5836880536165452 -1.5866077496798676 -1.589071914824448 -1.591566349146061 -1.594394540065839 -1.5975992884011223 -1.6007666067422042 -1.6037607588539786 -1.6066910094624889 -1.6113507857657243 -1.6157552414170133 -1.6157755971335093 -1.6166265349722242 -1.620247128097113 -1.623807824521947 -1.6276062689392965 -1.6308144554301043 -1.627488370464387 -1.6406962228365147 -1.6392025355005757 -1.6385231584176196 -1.6434554356914064 -1.6494609657839323 -1.6539021341861162 -1.6563618993694795 -1.6581540316231689 -1.643305725541238 -1.6300970815610734 -1.6230068498168435 -1.618329908244526 -1.6149055810332933 -1.6122410820013238 -1.6100850192783347 -1.6082913616954335 -1.6054531683038316 -1.5980492079704987 -1.592997160519872 -1.5910980882445829 -1.590132078238695 -1.5895495194013602 -1.5890044334632845 -1.5886812852674153 -1.5884745964328397 -1.5884312965583758 -1.588340768310515 -1.5882428727870872 -1.5881829585675673 -1.5881279005019298 -1.5881283280747869 -1.5880556875636467 -1.5879909954479812 -1.5879583428230106 -1.587882002271236 -1.5878610256177221 -1.587891259381827 -1.5878327974465716 -1.5878394995454312 -1.5878386899095502 -1.5878683412003647 -1.5878503071552135 
# Stellar luminosity-weighted [C/Fe]:
0 -2.220446049250313e-16 0.0 -0.0509616980289489 -0.06675472677646876 -0.0770487125279028 -0.08368867711087258 -0.08865302079688353 -0.27825346426903275 -0.5902267553756535 -0.8204356130274759 -0.9795184524738345 -1.0893850738335429 -1.1651033914841538 -1.2166043648279337 -1.2505086900649962 -1.2714046995082007 -1.2824187080092304 -1.2858113283266093 -1.2837034634438107 -1.2775801399963114 -1.2685526567337782 -1.257589667975731 -1.2455502251110073 -1.233019989692966 -1.2194925122369256 -1.2022446476576691 -1.178742827946692 -1.149034299997683 -1.114945478707038 -1.0789844676687363 -1.0430879470166952 -1.0086770225903694 -0.9763255667522754 -0.9462781401272543 -0.9173526817091485 -0.8885446307446264 -0.8594790938584403 -0.8302049286199582 -0.8012904566938475 -0.7735987561531749 -0.747845941211741 -0.7237380459052396 -0.7010319605936148 -0.6798474133772664 -0.6601817988696872 -0.6415002976771725 -0.6244112572395109 -0.6081943730322347 -0.5929903008158347 -0.578973301453352 -0.5657940195692546 -0.554018179073881 -0.5433937193009771 -0.5345898767365476 -0.5269404802569251 -0.520314201494599 -0.5152064208566743 -0.5102709951390824 -0.5056688337993533 -0.5023709989581153 -0.4986800302975421 -0.4949081538962108 -0.4918710662753761 -0.48903407865257076 -0.4855528607874004 -0.4823954687730627 -0.4805203611021027 -0.47924475420729595 -0.47853375349655175 -0.4790932529739607 -0.4811168080859312 -0.48313934437183026 -0.48473305428737 -0.4863832422000846 -0.48947226087716056 -0.4927307247301645 -0.49497214107391296 -0.4966810885539763 -0.49931676546703835 -0.502934403980891 -0.5063816271459781 -0.5087250750985165 -0.5104161500697237 -0.5131106605998565 -0.5170888032133139 -0.5209799387430472 -0.5240069426830261 -0.525652086686856 -0.5273956762286323 -0.5309453057206427 -0.5352226174180694 -0.539078885866475 -0.5417489383107732 -0.543088748058618 -0.5444028655562851 -0.5474114945303872 -0.5516797729092946 -0.5595118324700847 -0.5572222621354613 -0.5602110445245634 -0.5573317390507504 -0.5560100228479568 -0.5561364535507876 -0.5567320355768111 -0.557520894062459 -0.5583973264324855 -0.5593099347402368 -0.5602343555808461 -0.5620632398920274 -0.5700282677421432 -0.5808339025827989 -0.5877842086957115 -0.5927805279848193 -0.5966005511746465 -0.600847888123776 -0.603860932166261 -0.6061067990841612 -0.6067581703845053 -0.6078365378661885 -0.6092181666209253 -0.6103858632269135 -0.6109479731913104 -0.6112895586893183 -0.6122209964085169 -0.6131463334409648 -0.6146438094226285 -0.6155037235516543 -0.616149894942503 -0.616558343894918 -0.6168868436187522 -0.6175729127764875 -0.6175903627414395 -0.6182020212973184 -0.6182402912231755 
# Stellar luminosity-weighted [N/O]:
0 0.0 0.0 -1.5447271874036765 -1.8824669261402573 -1.776154343136462 -1.534450294099487 -1.246333901042607 -0.9759114879290685 -0.7334725669226279 -0.5156218603097518 -0.31801692831592954 -0.13970850703599158 0.021159404645888502 0.1664163493160692 0.2969607749049996 0.41294260242519426 0.5151146771677075 0.604559152838863 0.6811648498586453 0.744234658933388 0.7920143919081749 0.8245706905170521 0.8443829551736713 0.8536819214721785 0.8543506733658057 0.8467458222155327 0.8295273238704839 0.8022831233250035 0.7649892504923118 0.7175830986377372 0.6595631853624835 0.5898973250594985 0.506244981259083 0.40510851150354554 0.28469386043528344 0.14712853949034055 -0.004137982390939543 -0.16516418553014311 -0.33166514344940956 -0.4986332844187247 -0.6577207767749071 -0.8021276066602925 -0.9280666138587508 -1.0301566640382003 -1.0996203855451132 -1.1462003176347082 -1.1782269897122672 -1.2019437624349676 -1.2171906952827785 -1.2262684451544628 -1.2375334747796307 -1.2459878842326062 -1.24962695921969 -1.249906564059295 -1.2471607109397334 -1.243434069414337 -1.2393862031433147 -1.2306010814437771 -1.225207622188441 -1.2135870682469445 -1.2071058496249178 -1.1988337860907783 -1.190398406703018 -1.1806932132564656 -1.1704491104891277 -1.1661393813301095 -1.1643634846491322 -1.166013377964278 -1.1568410210273146 -1.1547615124442445 -1.1484867295642238 -1.1371919203366676 -1.126648522041311 -1.1323010882229805 -1.1451540447638586 -1.1528570736747659 -1.151304896063079 -1.144571610577831 -1.1419503088699465 -1.1444415652557671 -1.1444631353221468 -1.156310961113589 -1.167210523146136 -1.1488601143224058 -1.1342307786979815 -1.1233241479044545 -1.1190055773299505 -1.1218115169047405 -1.1239660602631287 -1.1247429729456138 -1.1256419802328883 -1.121370641489467 -1.118008251712794 -1.1222465436651763 -1.1263445136991261 -1.1299416908916897 -1.1336406054179444 -1.1346700679396882 -1.1350404470616697 -1.1381153543737206 -0.8424825477350371 -0.6618857401933551 -0.5769499311578425 -0.5224709650424524 -0.4825555480471948 -0.45111689766811236 -0.4252407828807727 -0.4032718790902252 -0.3674307728792412 -0.2628084574885394 -0.1705826292591519 -0.12413658495846325 -0.09425513032180932 -0.07308698980099726 -0.05082918016593663 -0.035959858394015276 -0.02516188032721134 -0.021859231913099464 -0.01704366411333802 -0.010735505875918427 -0.0052772513575254365 -0.0026247865603167275 -0.000969528274285758 0.003159848454395875 0.007079637383371695 0.013762691475922684 0.017512178607776985 0.020353615723651686 0.022248643464275686 0.023463918745157852 0.026256375530695153 0.02628714308582336 0.028716489792278033 0.028846810154862124 
# Stellar luminosity-weighted [C/O]:
0 0.0 0.0 -1.1795314662874627 -1.2832847992787373 -1.1728469981365752 -1.0500429036306165 -0.9759876451639578 -0.9171806551116946 -0.8460291301776952 -0.7622939990120516 -0.6671176103737916 -0.5631510532347365 -0.4536570704481071 -0.342485296295978 -0.23391990084787584 -0.13239265794915667 -0.0416957202167928 0.03569367056353129 0.098246376192232 0.14740495373491014 0.185658705727173 0.21560249751318666 0.23984977563149754 0.25989922127027576 0.2777543795892556 0.29775772998402344 0.322904672303743 0.3535554960178779 0.3881909615366349 0.42445545219084013 0.46043474166154286 0.4948385439110336 0.5271257977707091 0.5570784358989274 0.5858503064460227 0.6143828087924963 0.643129901614292 0.6720088637865544 0.7003104711812017 0.7274349755544711 0.7525809064088764 0.7759799816205631 0.7979916001638645 0.818514046120094 0.837486807568776 0.8555531019099348 0.872009843097322 0.8876596404445253 0.9023170330270909 0.9157832310481817 0.9283764093555136 0.93939740862013 0.94991487618174 0.9583317543261466 0.9658035432882803 0.9723754161897161 0.977068642847919 0.9816885329838846 0.9859824127982211 0.989143100345959 0.9927298581940525 0.9964538254615604 0.9994539566435242 1.0022624626715393 1.0056040856675725 1.00889491234634 1.0108530692065023 1.0120361001045148 1.0126623389704017 1.0121724825756608 1.0100154589330508 1.00793622832806 1.0061913522531332 1.0045720165087941 1.0015174754858824 0.998381053878209 0.9961233508071613 0.9944838187234407 0.991882341791275 0.9883385367482942 0.9848499372094364 0.9826609907727772 0.9809272817062774 0.9782243611574997 0.9742848085112681 0.9706920952658759 0.9676186953739944 0.9658766490791306 0.9639803952652841 0.9606041240223172 0.9563584039152924 0.952714158510076 0.9500026161071489 0.9486115005461453 0.947252306640334 0.9443531893824777 0.9401645215984268 0.9322868074567852 0.9344232433555948 0.9315079420547777 0.9345104909909998 0.9359663052907142 0.9359256026787747 0.9353946968861734 0.9346588043722557 0.933827820537159 0.9329551963412036 0.9320665313121927 0.9302998303943596 0.9225439488362518 0.9119488756073304 0.9051060447562093 0.9001752310244181 0.8964014625452565 0.8922009190170918 0.8892190058445208 0.8869934289003416 0.8863474178135581 0.8852790021968441 0.8839101850073443 0.8827517631933647 0.882191560248285 0.8818526301330805 0.8809268133195725 0.8800068555672313 0.8785188308535199 0.877661617024334 0.877017077434354 0.8766071852378636 0.8762844873557555 0.8756085286584886 0.8755912698579287 0.8749903370827249 0.8749540994451185 
# Stellar luminosity-weighted [O/Fe]:
0 -2.220446049250313e-16 -2.220446049250313e-16 1.1285697682585139 1.2165300725022687 1.095798285608672 0.9663542265197438 0.8873346243670746 0.6389271908426619 0.25580237480204193 -0.05814161401542406 -0.3124008421000428 -0.5262340205988064 -0.7114463210360467 -0.8741190685319555 -1.0165887892171204 -1.1390120415590441 -1.2407229877924375 -1.3215049988901406 -1.3819498396360426 -1.4249850937312216 -1.4542113624609512 -1.4731921654889177 -1.485400000742505 -1.4929192109632416 -1.497246891826181 -1.5000023776416924 -1.501647500250435 -1.5025897960155608 -1.5031364402436729 -1.5034399198595767 -1.503522688678238 -1.5035155665014028 -1.5034513645229846 -1.5033565760261818 -1.503202988155171 -1.5029274395371228 -1.5026089954727324 -1.5022137924065126 -1.5016009278750495 -1.501033731707646 -1.5004268476206175 -1.4997180275258026 -1.4990235607574793 -1.4983614594973604 -1.4976686064384632 -1.4970533995871074 -1.4964211003368328 -1.49585401347676 -1.4953073338429255 -1.4947565325015335 -1.4941704289247681 -1.493415587694011 -1.4933085954827172 -1.4929216310626943 -1.4927440235452054 -1.4926896176843152 -1.4922750637045934 -1.4919595281229667 -1.4916512465975744 -1.4915140993040743 -1.4914098884915945 -1.4913619793577713 -1.4913250229189003 -1.4912965413241097 -1.4911569464549728 -1.491290381119403 -1.491373430308605 -1.4912808543118108 -1.4911960924669536 -1.4912657355496215 -1.491132267018982 -1.49107557269989 -1.4909244065405032 -1.4909552587088788 -1.490989736363043 -1.4911117786083734 -1.4910954918810742 -1.4911649072774171 -1.4911991072583133 -1.4912729407291851 -1.4912315643554144 -1.4913860658712939 -1.491343431776001 -1.4913350217573562 -1.491373611724582 -1.4916720340089231 -1.4916256380570205 -1.4915287357659865 -1.4913760714939164 -1.49154942974296 -1.4915810213333618 -1.491793044376551 -1.491751554417922 -1.4917002486047632 -1.4916551721966191 -1.4917646839128649 -1.4918442945077213 -1.49179863992687 -1.4916455054910562 -1.491718986579341 -1.4918422300417502 -1.491976328138671 -1.4920620562295621 -1.4921267324629846 -1.4921796984347149 -1.4922251469696444 -1.4922651310814403 -1.492300886893039 -1.492363070286387 -1.492572216578395 -1.4927827781901293 -1.4928902534519208 -1.4929557590092373 -1.4930020137199032 -1.4930488071408676 -1.4930799380107818 -1.4931002279845027 -1.4931055881980633 -1.4931155400630327 -1.4931283516282696 -1.4931376264202783 -1.4931395334395954 -1.4931421888223988 -1.4931478097280895 -1.4931531890081962 -1.4931626402761484 -1.4931653405759882 -1.493166972376857 -1.4931655291327819 -1.4931713309745076 -1.4931814414349762 -1.4931816325993679 -1.4931923583800433 -1.493194390668294 
# Stellar luminosity-weighted [Ca/Fe]:
0 0.0 0.0 0.6564066015528702 0.7318291223172606 0.6325078376416872 0.5319289402253167 0.47365860362412227 0.2971928717047383 0.08528743484218615 -0.028141015211882614 -0.08625071511771698 -0.1178320269562354 -0.136136603527373 -0.1474658557394124 -0.15468639385378435 -0.15901318064650072 -0.16176687788607746 -0.16356109516325001 -0.16474821066084155 -0.1655578913700173 -0.16610284594267166 -0.16645551351812116 -0.16665026788149095 -0.16682169384925016 -0.16692570834473885 -0.1669322318301556 -0.1669023978901798 -0.16698390620278336 -0.16705011403823922 -0.16708938617287128 -0.16705251114644049 -0.16706734141957313 -0.16711174626221648 -0.16711312091598063 -0.1671079155905657 -0.16715803548345165 -0.16688930060231222 -0.16638496448486895 -0.16605406979619097 -0.1666679624625933 -0.1671661656361274 -0.1674213551154511 -0.16747671171774448 -0.167723450426843 -0.16743864077561432 -0.16725533560783412 -0.1671660236858452 -0.1671736102658583 -0.16714429073679127 -0.16715062804465886 -0.16712724948828894 -0.16713251210845548 -0.16712052340269934 -0.16711694666661403 -0.16712257860412238 -0.1671154170833098 -0.16710874492261607 -0.1671091755024776 -0.16709377458914365 -0.16708671741799708 -0.16710399827726374 -0.1670881130374795 -0.1669858204480139 -0.16684236409301034 -0.16676212271403545 -0.166834946151871 -0.16702031149993268 -0.16712608197540169 -0.1671374264776062 -0.167177616873188 -0.1673646457758744 -0.1675067096047007 -0.16727224325803491 -0.16706954154965103 -0.1669447119512324 -0.16690306531619425 -0.16691016789183077 -0.166931218585342 -0.1641653939180805 -0.1683153258011405 -0.16774252287361446 -0.16742131382639847 -0.1671928494752415 -0.16687036938227662 -0.16671155898600043 -0.16695704373000297 -0.16716796069319106 -0.16725829739840714 -0.1673370546807893 -0.16727262361425566 -0.16726975655738596 -0.16720626883626566 -0.1670800629178486 -0.16704231604087827 -0.1670228387063113 -0.1670310321431825 -0.16703246440090025 -0.16705352047255562 -0.16714620872491515 -0.1670167857364906 -0.1670512142162115 -0.1670656012255909 -0.16706904944919465 -0.16707015406452097 -0.1670704416308162 -0.16707036831131017 -0.16707010768619268 -0.16706974409778863 -0.16706889254258606 -0.1670646839529164 -0.16705933326879596 -0.16705615341736646 -0.16705390512510965 -0.1670521803467353 -0.16705001728810287 -0.16704850879551358 -0.1670473706010891 -0.1670470739116079 -0.16704653025122007 -0.16704582199678586 -0.1670452140167391 -0.16704483402700943 -0.1670446208022467 -0.16704412395930635 -0.16704356093544503 -0.16704270932987164 -0.16704200700644956 -0.16704156389770297 -0.16704131164907787 -0.1670412107245438 -0.1670410362473802 -0.16704107790321432 -0.16704096801729085 -0.16704104059903568 
# Stellar luminosity-weighted [Ne/Fe]:
0 -1.6653345369377348e-16 -5.551115123125783e-17 0.913029844818456 0.997982803105979 0.8996263441990182 0.7953915015903659 0.7279609614653342 0.4856420583862243 0.10374695103213938 -0.21319293652517246 -0.47437376438473866 -0.7001581884475627 -0.9037316518900047 -1.0930551935861836 -1.272438296749662 -1.4435728541844068 -1.6060246389760198 -1.7575898419134905 -1.8981858055965866 -2.0239647874843834 -2.1318283029607406 -2.219296894453074 -2.285756740527938 -2.3326108799881418 -2.3636536083927906 -2.3833703885122692 -2.395487328567553 -2.4026097614387973 -2.4069228381867944 -2.408914341988082 -2.409453606914017 -2.4094911897960953 -2.4095149195501007 -2.4077456502711816 -2.4075005977400137 -2.4055038889275355 -2.402122743219784 -2.398225358507026 -2.392512170530207 -2.3857878903374554 -2.3786575942721027 -2.3712824570116373 -2.3660039679333464 -2.3605613847962807 -2.3564846744291064 -2.3521700386037754 -2.34468941399444 -2.337846382223894 -2.3312134124192894 -2.3255026295435393 -2.319394049049211 -2.3160448965959004 -2.3122090326761744 -2.309596466134672 -2.3090905699271245 -2.304632894152312 -2.3020048636343016 -2.298826000905146 -2.2980904023861513 -2.2955654831813037 -2.2949311464469 -2.292324555005933 -2.291176164496414 -2.290151361125548 -2.2905025283836444 -2.2844417939104096 -2.2871876393232444 -2.28719492088272 -2.2871555258527265 -2.286165723363431 -2.2874000785750845 -2.2884725601542906 -2.291131388998284 -2.2927123267304865 -2.2969908767686897 -2.297381130587752 -2.3004527086345457 -2.301177894748636 -2.3053263194938647 -2.305430872784701 -2.3074572789070036 -2.30869515151236 -2.3125553638561223 -2.3137467386786 -2.317214837434092 -2.3190325027047756 -2.321615640678994 -2.323974761327904 -2.328886468282941 -2.3305921171529898 -2.333867324014496 -2.3345219456652804 -2.3378716268409514 -2.338232647671711 -2.3410007199855216 -2.3426811103183063 -2.347750526366888 -2.350853574119027 -2.3503140479750044 -2.346704908661943 -2.341892674107511 -2.336848267572293 -2.333984830158407 -2.3321027504203116 -2.3307562672870743 -2.3297414786644035 -2.328948991961038 -2.32831390684656 -2.327365259499226 -2.325373212023703 -2.3247114727488656 -2.324756308969757 -2.3248928580328734 -2.325041125232548 -2.325221435630909 -2.325361810979591 -2.3254625983617716 -2.3254947269248594 -2.325548858809304 -2.325623647342548 -2.3256836863708696 -2.3256927918300594 -2.3257135999456606 -2.3257473908927566 -2.325782466890871 -2.325862504259736 -2.3258783059070476 -2.3258980578187396 -2.3259052062607397 -2.3259293483196055 -2.326004411519171 -2.3260047677361433 -2.3260874827773357 -2.326093078416567 
# Stellar luminosity-weighted [Si/Fe]:
0 1.0408340855860843e-16 1.0408340855860843e-16 0.9712516973176951 1.0572698571065684 0.9533925481031824 0.8470631144668818 0.7845887696674987 0.5718145349842072 0.2754670896814702 0.08170568756880164 -0.03585315779732633 -0.10796624163594001 -0.15333459622772797 -0.1825342453908852 -0.20163166542914995 -0.21421541636793526 -0.22251147230566642 -0.22795632816397854 -0.23146569649386087 -0.23371427264949488 -0.23512826729863778 -0.23599955679359857 -0.2365258058482466 -0.23684021355312065 -0.2370285983374842 -0.23714026556872397 -0.2372055958973064 -0.23723949634277255 -0.2372547044723249 -0.23727015499522 -0.23728280482671332 -0.23729032810829642 -0.2372944787426474 -0.23729465536558003 -0.23729599769807666 -0.23729137124395994 -0.23728511605806765 -0.23728056281710316 -0.2372815705033196 -0.23728571716674882 -0.2372865375726841 -0.2372754650922792 -0.2372636165206003 -0.23724579917373168 -0.23724683545519612 -0.23726842088263755 -0.23725112410825488 -0.23723676147342732 -0.23722895776336742 -0.23722759036915322 -0.2372176268572623 -0.23721500318117836 -0.23720907898519647 -0.23721430072157443 -0.23725219555208846 -0.23729109652159422 -0.2372542445237955 -0.23723690424348 -0.2372569989827144 -0.23729565458745774 -0.2372409383306917 -0.23721498071466818 -0.23722410465669863 -0.23723479898409658 -0.2372199743617861 -0.23721812417574298 -0.23725504173135917 -0.2372787265973024 -0.23731944751237838 -0.23736109923371268 -0.23732120149077385 -0.237291402625857 -0.2372703314766269 -0.23727240107770467 -0.23728430488004523 -0.23729400169304418 -0.2373084981366727 -0.23729520560347866 -0.23728408375737803 -0.2372981436824434 -0.23730002680854292 -0.2373020141170178 -0.23722921086643314 -0.2371844536073028 -0.23725793005001145 -0.23730582263863795 -0.23732301601216846 -0.23734694615636276 -0.23734480176409595 -0.2374136788057479 -0.2374078366389636 -0.23739501410782926 -0.23733921348415926 -0.23730209097213573 -0.23728177330535938 -0.23729045362306345 -0.23727957658681348 -0.23731880809089226 -0.2373320958020643 -0.2373256637151379 -0.23731179948820913 -0.23729834104947903 -0.23729055641228491 -0.23728502537827587 -0.23728066408601928 -0.2372770226153319 -0.23727387313327916 -0.23727108181385484 -0.23726628625595675 -0.23725048283179778 -0.2372340291444745 -0.23722461945678833 -0.23721810918630956 -0.2372132718559006 -0.23720792154502393 -0.23720417048933484 -0.2372013236475064 -0.2372005223949647 -0.23719917717043565 -0.23719749471843413 -0.23719606020628045 -0.2371952505518918 -0.2371948547014696 -0.2371936111993782 -0.23719236485410913 -0.23719051416650067 -0.23718926373247326 -0.23718836062529194 -0.23718774358517455 -0.23718741676870028 -0.2371868418025529 -0.23718681978591474 -0.23718640620442905 -0.23718641088119088 
# Stellar luminosity-weighted [S/Fe]:
0 -5.551115123125783e-17 0.0 0.8904884138119302 0.9747898630151182 0.8760961853798016 0.7757269865895646 0.7163925878104778 0.5090038664523642 0.22335143726266848 0.040892219971340904 -0.0673152065244828 -0.13252014040734905 -0.17303141657978371 -0.19889072959662302 -0.2156958694258575 -0.22673048868897516 -0.2339914691872388 -0.2387538479235516 -0.24183382357412309 -0.2438300365177014 -0.2450954178980389 -0.2458792488201943 -0.2463545243729277 -0.24664020797611286 -0.24680587482193517 -0.2469145540145391 -0.2469855541981183 -0.24700109171313522 -0.2470038426669413 -0.24701238628862143 -0.2470192656055329 -0.24702672557115624 -0.24703016994012206 -0.24702821986979395 -0.24702619006068605 -0.24703238442105468 -0.2470385599042142 -0.2470488210835201 -0.24705288141762338 -0.24705522434507343 -0.24707381448025034 -0.24708003728618877 -0.24706206989362978 -0.24704684186956183 -0.24701359357066754 -0.24700844709937253 -0.24701468803582816 -0.24702694930622993 -0.24702275026135834 -0.2470314043731806 -0.24701358144338692 -0.24705381040301233 -0.24704539991830698 -0.24704032814485166 -0.24706276480895595 -0.24708478647539744 -0.24704678111425682 -0.2470814868358865 -0.24713031345411562 -0.2470680896242885 -0.2471098446817549 -0.24720057559813968 -0.24709738695802286 -0.24696995423729895 -0.2468652754133699 -0.246843729424139 -0.24685682349888793 -0.2469586727063492 -0.2470403307301886 -0.24711272121704042 -0.24710095450936698 -0.24707634390300082 -0.24703988579697078 -0.24701436623944695 -0.24700330953748995 -0.24700231262833305 -0.24702173898794555 -0.24702144058516717 -0.2470112709286454 -0.24701754185195002 -0.2470237332656926 -0.24702958653296314 -0.2469690689655447 -0.24691971701080928 -0.24698574686822383 -0.2470588611895872 -0.24710706619346645 -0.24708806234766123 -0.2470595910389074 -0.24698373209930613 -0.2470535795240999 -0.24699399459703297 -0.24699076726292524 -0.24703611103317769 -0.24704222839467993 -0.24701178793013845 -0.24699628694046438 -0.24705694592129057 -0.24710161775279882 -0.24710719273690374 -0.24707327797902467 -0.24704688692088783 -0.2470346915324565 -0.24702739677499252 -0.2470223635498381 -0.24701857821907058 -0.24701556157365234 -0.2470130540691582 -0.2470090398498883 -0.24699734040979604 -0.24698593019966153 -0.24697929502545657 -0.24697458867833577 -0.24697104687770954 -0.2469670903177582 -0.24696428486482935 -0.24696212533791606 -0.2469615118235352 -0.24696049051675606 -0.24695921387265451 -0.24695810795722883 -0.24695747741321772 -0.2469571694507947 -0.24695621008729618 -0.24695524882270503 -0.24695378833448234 -0.24695282828498344 -0.24695211308946108 -0.2469515826240788 -0.24695136791539218 -0.2469509283950706 -0.2469509066463753 -0.24695058540584358 -0.24695060271299674 
# Stellar luminosity-weighted [C/H]:
0 -4.8402738161993035 -6.3273196806454735 -6.15704940963634 -4.547418716887295 -3.8507884024220225 -3.4368818252452202 -3.1634761670197022 -2.951963458313994 -2.7540126443163517 -2.5594416877939032 -2.363118819696261 -2.1627589550786466 -1.9572937650736808 -1.7462738010679102 -1.529588792983822 -1.3075896303681631 -1.0811217286621426 -0.8518652185455506 -0.6233373485186489 -0.4007911107429858 -0.19176014015456433 -0.005115562902853643 0.1506500706131937 0.2709757877945993 0.35824825963383233 0.4218991254733395 0.472693165573971 0.5175080423555305 0.5594422951638034 0.5991302875717164 0.6365075720068138 0.6712043736623201 0.7031730586985012 0.7324212585033179 0.7605286762797792 0.7890955120871963 0.8185200218323971 0.8484179901273476 0.8783699533949041 0.907527187375472 0.9348172818400569 0.9606833288350809 0.9851083482027327 1.0080359436443613 1.0294316839552389 1.0497310681122172 1.068472516496001 1.0862241166490572 1.1029509999030678 1.1183266245475467 1.1328033961731538 1.1461723227849299 1.1581249992975255 1.1684649926864377 1.177339578200574 1.1849883561112207 1.1917551803248365 1.1977941311213245 1.2032520854649853 1.2083086359739523 1.213284093517959 1.2178583459290984 1.2223032924359387 1.226546967832697 1.2305716061471386 1.2343076929340908 1.2376365060041663 1.239753621723536 1.2401282850761164 1.2394410278175245 1.238052736442592 1.2360381958228661 1.2332405567997178 1.230506765472911 1.2278369559768212 1.224932371427807 1.2218869514670172 1.2186454575466148 1.2155516625891463 1.2123578403033157 1.2091649246585776 1.2057321290728145 1.202156659873554 1.1987770287930015 1.1956481036767093 1.1924602800946844 1.1889436428798805 1.1852662954157003 1.1816672424789818 1.1785291319102047 1.1755462488332036 1.1724579449639978 1.169151434299223 1.1656830539688774 1.1621935752615706 1.1591107935441496 1.1563140001783077 1.1498237996465308 1.1522408085964062 1.1478773797699708 1.1433005812215504 1.1366619525015986 1.1314359441041586 1.1269875605107291 1.123043249845682 1.1194638072122447 1.1161686139868663 1.1130974288269946 1.107510454863887 1.0865080328352237 1.0609653864024624 1.045017912251629 1.0336336541776814 1.0249922258546396 1.0153802138368846 1.008555300275761 1.00343480384104 1.0019991830236386 0.9995041917353245 0.9964144591927622 0.993724996518424 0.9923607611217751 0.9915742928444975 0.9893735811787399 0.9870204654263808 0.9835449029497694 0.9812600448276259 0.9795638962570368 0.9784908289080532 0.9780051783218506 0.9767806127738674 0.9768426731755411 0.9759440520043179 0.9759213136444966 
# Stellar luminosity-weighted [N/H]:
0 -4.8402738161993035 -6.327319680645475 -6.5222451307525535 -5.146600843748814 -4.45409574742191 -3.9212892157140917 -3.433822422898351 -3.0106942911313688 -2.6414560810612846 -2.3127695490916036 -2.0140181376383994 -1.739316408879902 -1.4824772899796859 -1.237372155455863 -0.9987081172309464 -0.7622543699938129 -0.5243113312776426 -0.28299973627021835 -0.04041887485223494 0.1960385944554921 0.41459554602643767 0.6038526301010116 0.7551832501553677 0.864758487996502 0.9348445534103824 0.9708872177048491 0.9793158171407113 0.9662356696626566 0.9362405841194805 0.8922579340186139 0.8356360157077547 0.7662631548107846 0.6822922421868753 0.5804513341079365 0.45937223026903995 0.3218412427850401 0.1712521378271652 0.011244940810650306 -0.15360566123570685 -0.318541072597724 -0.47548440134372694 -0.6174242594457748 -0.740949865819883 -0.8406347665139338 -0.9076755091586506 -0.9520223514324258 -0.9817643163135878 -1.0033792862304356 -1.0165567284068011 -1.0237250516550978 -1.033106487961991 -1.0392129700678066 -1.0414168361039051 -1.039773325699004 -1.0356246760274397 -1.030821129492832 -1.0246996656663967 -1.0144954833063364 -1.0079379495216765 -0.9944215326189516 -0.9865516143010113 -0.9774292656232397 -0.9675490709106036 -0.9564087080953065 -0.9454815900095612 -0.9407266007423587 -0.9375800478514682 -0.9382958563452561 -0.9293750749216008 -0.9274929672023804 -0.9204494520546831 -0.9090899528418612 -0.8995993174947259 -0.9063663392588639 -0.9188345642729203 -0.926305756125168 -0.9255412954032227 -0.9204099717546566 -0.918280988072075 -0.9204222617007458 -0.9201481478730056 -0.9332398228135528 -0.9459811449788598 -0.9283074466869037 -0.9128674835325397 -0.901555963075646 -0.8976806298240652 -0.9024218705681708 -0.9062792130494319 -0.9068179650577255 -0.906454135314978 -0.9016268550355448 -0.8988594335207196 -0.9051749902424442 -0.9114032450778895 -0.9151840867300178 -0.9174911268380637 -0.917133075749943 -0.9172228818208588 -0.9217459166585273 -0.6336924575044858 -0.4611900929824708 -0.38143958973245873 -0.3308781014178974 -0.29417110257376855 -0.26548091099302695 -0.24202736523510993 -0.22224098157542382 -0.1902201484097139 -0.09884437348956787 -0.0215661184640199 0.015775282536956148 0.03920329283145385 0.05550377350838609 0.07235011465385632 0.08337643603722533 0.09127949461348717 0.09379253329698134 0.09718152542514247 0.10176876830949944 0.10569598196753383 0.10754441431317385 0.10875213443713161 0.11160661631356383 0.11409324724252112 0.11878876357217205 0.12111060641106874 0.12290043454633448 0.12413228713446589 0.125184609711253 0.1274284596460742 0.12753854640343576 0.1296702047138707 0.12981402435424005 
# Stellar luminosity-weighted [O/H]:
0 -4.8402738161993035 -6.327319680645475 -4.977517943348877 -3.2641339176085573 -2.6779414042854475 -2.386838921614604 -2.1874885218557436 -2.0347828032023 -1.9079835141386567 -1.7971476887818518 -1.6960012093224694 -1.5996079018439104 -1.5036366946255741 -1.4037885047719314 -1.2956688921359474 -1.1751969724190063 -1.03942600844535 -0.8875588891090818 -0.7215837247108805 -0.5481960644778958 -0.37741884588173713 -0.22071806041603992 -0.08919970501830354 0.011076566524323539 0.08049388004457692 0.12414139548931624 0.1497884932702278 0.163952546337653 0.17125133362716882 0.17467483538087647 0.17607283034527077 0.17636582975128645 0.17604726092779233 0.1753428226043905 0.17467836983375662 0.1747127032946998 0.17539012021810496 0.17640912634079342 0.1780594822137025 0.18009221182100088 0.18223637543118 0.18470334721451742 0.1871167480388678 0.18952189752426696 0.19194487638646285 0.194177966202282 0.19646267339867896 0.198564476204532 0.2006339668759769 0.202543393499365 0.20442698681763982 0.20677491416479965 0.20821012311578535 0.2101332383602914 0.21153603491229367 0.21261293992150465 0.21468653747691757 0.2161055981374398 0.21726967266676445 0.2191655356279929 0.2205542353239065 0.2214045204675381 0.2228493357924144 0.22428450516115817 0.22496752047956603 0.22541278058775083 0.226783436797664 0.22771752161902148 0.2274659461057147 0.22726854524186368 0.22803727750954117 0.22810196749480616 0.22704920454658506 0.22593474896411658 0.2263194804909383 0.22655131754959834 0.2257636006598558 0.22416163882317397 0.2236693207978715 0.22401930355502175 0.22431498744914125 0.22307113830003678 0.22122937816727628 0.22055266763550252 0.22136329516544118 0.22176818482880822 0.22132494750588583 0.21938964633656965 0.21768684721369747 0.21792500788788738 0.219187844917911 0.21974378645392179 0.2191488181920742 0.21707155342273188 0.21494126862123686 0.21475760416167233 0.21614947857988076 0.21753699218974587 0.2178175652408112 0.2163694377151928 0.20879009023055106 0.2006956472108845 0.19551034142538404 0.19159286362455585 0.18838444547342625 0.18563598667508563 0.1832134176456628 0.1810308975148014 0.1772106244695273 0.16396408399897178 0.149016510795132 0.13991186749541962 0.13345842315326317 0.12859076330938324 0.12317929481979295 0.11933629443124039 0.11644137494069806 0.1156517652100808 0.11422518953848027 0.11250427418541831 0.1109732333250597 0.11016920087349025 0.10972166271141681 0.10844676785916763 0.1070136098591492 0.10502607209624948 0.10359842780329176 0.1025468188226828 0.10188364367018954 0.10172069096609482 0.1011720841153787 0.10125140331761262 0.10095371492159266 0.10096721419937804 
# Stellar luminosity-weighted [Mg/H]:
0 -4.8402738161993035 -6.3273196806454735 -5.185936659831567 -3.475946496879411 -2.8756830896007957 -2.5660173940177513 -2.3545347148808915 -2.1936401862403745 -2.0609569034440014 -1.945788934632195 -1.841610402471452 -1.7433270106143262 -1.646604684765089 -1.547237830400256 -1.4408894760109199 -1.3233310345465616 -1.1911734054224832 -1.0428567388868792 -0.8786214859134045 -0.7049444092144963 -0.5327382499111213 -0.37444661484780095 -0.2412464634975322 -0.13962307403576624 -0.07033133827512472 -0.026823439073247357 0.0005696424961110225 0.016445468169679067 0.025382931701986244 0.030210628537456152 0.03253646884272143 0.03371330999339417 0.034547652644602245 0.03558411357448055 0.03693285776094157 0.039900409196859776 0.04545188750392892 0.05321620159945528 0.06272594206827975 0.07341567659855297 0.08453990015546431 0.09610606930693155 0.10765044330619133 0.11871984397022395 0.1294455133975223 0.13984228866074577 0.14998939593862293 0.159698051285873 0.16927008587403414 0.17735234702489855 0.1849558777375977 0.19213091898859425 0.19730541997829754 0.20059050488979668 0.20154069556798593 0.2007445477310954 0.20025461210108464 0.19832365175436184 0.1945576075889779 0.1911471697043874 0.1867292504413962 0.18187147818804394 0.1792170152212318 0.1764936023017949 0.17413121613484606 0.17102780377366322 0.16533773447154676 0.1600052694924754 0.1547380472994071 0.14937788911749816 0.14651713215786089 0.1438585976818194 0.14008021232478285 0.13602086911996825 0.13362116323743667 0.1310553464781039 0.12778717771648207 0.12376019695452989 0.12047388799034575 0.1176929558830837 0.11477994506235145 0.11069644531735179 0.10588180048078932 0.10053690362713397 0.09698166547300957 0.0976646217042223 0.09632405059068194 0.09067125400544285 0.08525509418566735 0.08186816869155145 0.07995441082116894 0.08404846036608582 0.0702041497734811 0.0695692665269192 0.06807328240023658 0.06306685238313126 0.05853280730366972 0.05543349793049934 0.05310117136238812 0.049934392671365124 0.057326594731063274 0.06257489378848202 0.06456554783810198 0.06538968784301424 0.06565856287484806 0.06562005164340601 0.06539352944876864 0.06504042271240706 0.06412052645208188 0.05848709260686835 0.04880212846538967 0.04170403270275713 0.03628210392380549 0.032043257627925925 0.027223668497375897 0.023734947174606447 0.021067006492360818 0.020326056849768293 0.01899996129099879 0.01738975302659984 0.01592790117777021 0.015180833811155203 0.014735523459028954 0.013538890023609973 0.012175803419364861 0.010230369549386609 0.008881766108043365 0.007852765581818133 0.007157913421144357 0.007059224494031291 0.006514026004923679 0.006594346007430474 0.006277732101271916 0.006311297712458419 
# Stellar luminosity-weighted [Fe/H]:
0 -4.8402738161993035 -6.3273196806454735 -6.10608771160739 -4.480663990110825 -3.7737396898941196 -3.3531931481343475 -3.074823146222818 -2.6737099940449616 -2.1637858889406987 -1.7390060747664267 -1.383600367222427 -1.0733738812451037 -0.7921903735895279 -0.5296694362399768 -0.2790801029188268 -0.03618493085996288 0.201296979347088 0.4339461097810595 0.6603661149251625 0.8767890292533256 1.0767925165792138 1.2524741050728774 1.3962002957242015 1.5039957774875652 1.5777407718707575 1.6241437731310087 1.6514359935206628 1.666542342353214 1.6743877738708415 1.6781147552404532 1.679595519023509 1.6798813962526893 1.679498625450777 1.6786993986305725 1.6778813579889276 1.6776401428318226 1.6779991156908372 1.678622918747306 1.6796604100887516 1.6811259435286465 1.6826632230517977 1.684421374740321 1.6861403087963471 1.6878833570216276 1.6896134828249258 1.6912313657893896 1.6928837737355118 1.6944184896812917 1.6959413007189026 1.6972999260008983 1.698597415742408 1.7001905018588106 1.7015187185985026 1.7030548694229855 1.704280058457499 1.7053025576058198 1.706961601181511 1.708065126260407 1.7089209192643389 1.7106796349320672 1.7119641238155014 1.7127664998253094 1.7141743587113147 1.7155810464852679 1.7161244669345388 1.7167031617071538 1.718156867106269 1.7189983759308323 1.7186620385726683 1.7185342807914852 1.719169544528523 1.7191775401946963 1.7179736110870882 1.7168900076729954 1.7173092168539816 1.7176630961579713 1.7168590925409304 1.715326546100591 1.7148684280561848 1.7152922442842065 1.7155465518045556 1.7144572041713309 1.712572809943277 1.7118876893928583 1.7127369068900231 1.7134402188377313 1.7129505855629064 1.7109183821025562 1.7090629187076143 1.7094744376308473 1.7107688662512728 1.711536830830473 1.7109003726099963 1.7087718020274951 1.7065964408178558 1.7065222880745368 1.707993773087602 1.7093356321166153 1.7094630707318674 1.7080884242945342 1.7006323202723013 1.6926719753495556 1.6875723976549462 1.6837195960875402 1.680564143908141 1.67786113364473 1.675478548727103 1.6733317844078406 1.6695736947559143 1.6565363005773666 1.6417992889852613 1.6328021209473405 1.6264141821625002 1.6215927770292864 1.6162281019606604 1.6124162324420221 1.609541602925201 1.6087573534081439 1.6073407296015132 1.6056326258136875 1.6041108597453375 1.6033087343130856 1.602863851533816 1.601594577587257 1.6001667988673454 1.598188712372398 1.59676376837928 1.59571379119954 1.595049172802971 1.5948920219406029 1.5943535255503547 1.5944330359169805 1.5941460733016357 1.5941616048676717 
# Stellar luminosity-weighted [Ca/H]:
0 -4.840273816199305 -6.3273196806454735 -5.44968111005452 -3.7488348677935655 -3.1412318522524334 -2.8212642079090298 -2.6011645425986973 -2.376517122340223 -2.0784984540985123 -1.7671470899783088 -1.469851082340143 -1.1912059082013382 -0.9283269771169005 -0.677135291979388 -0.4337664967726109 -0.19519811150646316 0.039530101461010325 0.2703850146178093 0.4956179042643205 0.711231137883308 0.9106896706365433 1.0860185915547564 1.229550027842711 1.337174083638315 1.4108150635260186 1.457211541300853 1.4845335956304826 1.4995584361504308 1.5073376598326025 1.511025369067582 1.5125430078770687 1.5128140548331164 1.5123868791885604 1.5115862777145912 1.5107734423983619 1.5104821073483707 1.511109815088525 1.512237954262437 1.5136063402925606 1.5144579810660534 1.5154970574156703 1.5170000196248692 1.5186635970786035 1.5201599065947837 1.5221748420493117 1.5239760301815561 1.5257177500496661 1.5272448794154334 1.528797009982112 1.5301492979562399 1.5314701662541195 1.533057989750355 1.534398195195803 1.5359379227563714 1.5371574798533771 1.5381871405225098 1.5398528562588947 1.5409559507579287 1.541827144675195 1.5435929175140704 1.5448601255382375 1.5456783867878299 1.5471885382633008 1.5487386823922575 1.5493623442205031 1.549868215555283 1.5511365556063366 1.5518722939554301 1.5515246120950623 1.5513566639182974 1.551804898752649 1.5516708305899956 1.5507013678290527 1.5498204661233448 1.550364504902749 1.5507600308417766 1.5499489246491 1.5483953275152489 1.5507030341381043 1.5469769184830655 1.5478040289309405 1.5470358903449322 1.5453799604680354 1.5450173200105821 1.5460253479040231 1.5464831751077286 1.545782624869715 1.5436600847041495 1.5417258640268239 1.5422018140165914 1.5434991096938866 1.5443305619942072 1.5438203096921477 1.5417294859866173 1.5395736021115445 1.5394912559313543 1.5409613086867022 1.5422821116440595 1.5423168620069525 1.5410716385580443 1.533581106056089 1.5256063741239645 1.520503348205751 1.5166494420230192 1.5134937022773247 1.5107907653334198 1.5084084410409098 1.5062620403100517 1.5025048022133278 1.4894716166244502 1.4747399557164647 1.4657459675299735 1.4593602770373906 1.454540596682551 1.4491780846725577 1.4453677236465081 1.442494232324112 1.4417102794965357 1.4402941993502925 1.4385868038169018 1.4370656457285982 1.4362639002860762 1.4358192307315694 1.43455045362795 1.4331232379319 1.4311460030425263 1.4297217613728304 1.4286722273018366 1.428007861153893 1.427850811216059 1.4273124893029747 1.4273919580137662 1.4271051052843449 1.4271205642686358 
# Stellar luminosity-weighted [Ne/H]:
0 -4.8402738161993035 -6.327319680645475 -5.193057866788935 -3.4826811870048466 -2.8741133456951022 -2.5578016465439815 -2.3468621847574846 -2.1880679356587374 -2.0600389379085593 -1.9521990112916 -1.8579741316071656 -1.7735320696926662 -1.6959220254795326 -1.62272462982616 -1.5515183996684883 -1.4797577850443693 -1.4047276596289322 -1.3236437321324317 -1.237819690671425 -1.1471757582310582 -1.0550357863815263 -0.9668227893801964 -0.8895564448037367 -0.8286151025005761 -0.7859128365220327 -0.7592266153812606 -0.7440513350468905 -0.7360674190855834 -0.7325350643159538 -0.7307995867476293 -0.7298580878905074 -0.729609793543406 -0.7300162940993236 -0.7290462516406091 -0.7296192397510852 -0.7278637460957125 -0.7241236275289458 -0.7196024397597203 -0.7128517604414544 -0.704661946808808 -0.6959943712203049 -0.6868610822713164 -0.6798636591369984 -0.6726780277746531 -0.6668711916041801 -0.6609386728143862 -0.6518056402589281 -0.6434278925426025 -0.6352721117003872 -0.6282027035426401 -0.620796633306802 -0.6158543947370898 -0.6106903140776714 -0.6065415967116863 -0.6048105114696254 -0.5993303365464921 -0.5950432624527906 -0.5907608746447393 -0.5891694831218128 -0.5848858482492361 -0.582967022631399 -0.5795580551806241 -0.5770018057850992 -0.5745703146402805 -0.5743780614491056 -0.5677386322032563 -0.5690307722169754 -0.5681965449518884 -0.5684934872800582 -0.5676314425719458 -0.5682305340465614 -0.5692950199595943 -0.5731577779111952 -0.5758223190574911 -0.5796816599147085 -0.5797180344297796 -0.5835936160936157 -0.5858513486480454 -0.5904578914376799 -0.5901386285004948 -0.591910727102448 -0.5942379473410293 -0.5999825539128443 -0.601859049285741 -0.6044779305440695 -0.6055922838670442 -0.6086650551160879 -0.6130563792253474 -0.6198235495753277 -0.6211176795221434 -0.6230984577632235 -0.6229851148348073 -0.6269712542309556 -0.6294608456442159 -0.6344042791676658 -0.6361588222437691 -0.6397567532792854 -0.6415179420024115 -0.6408509772431366 -0.6386164843674083 -0.64126035383521 -0.6441762922227374 -0.6464124325034613 -0.6483831543327714 -0.6501921233789334 -0.6518803450196735 -0.6534704432339353 -0.65498212243872 -0.6577915647433121 -0.668836911446336 -0.6829121837636052 -0.6919541880224171 -0.6984786758703727 -0.7034483482032616 -0.7089933336702483 -0.7129455785375693 -0.7159209954365711 -0.7167373735167146 -0.7182081292077909 -0.7199910215288599 -0.7215728266255317 -0.7223840575169733 -0.7228497484118446 -0.7241528133054995 -0.7256156680235257 -0.7276737918873382 -0.7291145375277672 -0.7301842666192 -0.7308560334577683 -0.7310373263790026 -0.7316508859688158 -0.7315717318191624 -0.7319414094756995 -0.7319314735488947 
# Stellar luminosity-weighted [Si/H]:
0 -4.8402738161993035 -6.327319680645475 -5.134836014289695 -3.4233941330042565 -2.820347141790937 -2.506130033667466 -2.2902343765553193 -2.1018954590607546 -1.8883187992592285 -1.6573003871976253 -1.4194535250197529 -1.1813401228810436 -0.9455249698172556 -0.7122036816308617 -0.4807117683479767 -0.25040034722789795 -0.021214492958578468 0.20598978161708015 0.4289004184313008 0.6430747566038306 0.8416642492805759 1.016474548279279 1.1596744898759548 1.2671555639344443 1.3407121735332734 1.3870035075622846 1.4142303976233563 1.4293028460104416 1.4371330693985165 1.4408446002452329 1.4423127141967957 1.4425910681443925 1.4422041467081295 1.4414047432649926 1.440585360290851 1.4403487715878627 1.4407139996327696 1.4413423559302028 1.4423788395854324 1.443840226361898 1.4453766854791135 1.4471459096480412 1.4488766922757472 1.4506375578478958 1.4523666473697299 1.4539629449067517 1.455632649627257 1.4571817282078645 1.4587123429555349 1.4600723356317453 1.461379788885146 1.4629754986776322 1.464309639613306 1.4658405687014109 1.4670278629054105 1.4680114610842256 1.4697073566577155 1.4708282220169266 1.4716639202816242 1.4733839803446096 1.4747231854848097 1.475551519110641 1.476950254054616 1.4783462475011713 1.4789044925727528 1.4794850375314108 1.48090182537491 1.4817196493335296 1.4813425910602898 1.4811731815577724 1.4818483430377491 1.4818861375688392 1.480703279610461 1.479617606595291 1.4800249119739362 1.480369094464927 1.4795505944042575 1.4780313404971124 1.4775843442988066 1.4779941006017632 1.4782465249960124 1.4771551900543134 1.4753435990768442 1.4747032357855554 1.4754789768400118 1.4761343961990931 1.475627569550738 1.473571435946194 1.471718116943518 1.4720607588250996 1.4733610296123092 1.4741418167226437 1.4735611591258366 1.4714697110553594 1.4693146675124962 1.4692318344514734 1.4707141965007886 1.4720168240257232 1.472130974929803 1.470762760579396 1.4633205207840918 1.4553736343000767 1.4502818412426612 1.4464345707092643 1.4432834798221217 1.440584111029398 1.4382046755938238 1.4360607025939855 1.4323074084999572 1.419285817745569 1.404565259840787 1.395577501490552 1.3891960729761905 1.3843795051733854 1.3790201804156363 1.3752120619526873 1.3723402792776946 1.3715568310131792 1.3701415524310776 1.3684351310952532 1.3669147995390571 1.3661134837611941 1.3656689968323463 1.3644009663878789 1.3629744340132364 1.3609981982058974 1.3595745046468064 1.3585254305742476 1.3578614292177966 1.3577046051719024 1.3571666837478022 1.3572462161310659 1.356959667097207 1.3569751939864814 
# Stellar luminosity-weighted [S/H]:
0 -4.840273816199304 -6.327319680645473 -5.2155992977954595 -3.5058741270957077 -2.897643504514318 -2.577466161544784 -2.3584305584123406 -2.1647061275925985 -1.9404344516780299 -1.6981138547950865 -1.4509155737469097 -1.205894021652453 -0.965221790169311 -0.7285601658365994 -0.4947759723446845 -0.2629154195489374 -0.03269448984015089 0.1951922618575077 0.4185322913510392 0.6329589927356238 0.8316970986811754 1.0065948562526827 1.149845771351274 1.2573555695114522 1.3309348970488224 1.3772292191164697 1.4044504393225448 1.4195412506400786 1.4273839312039 1.4311023689518314 1.432576253417976 1.4328546706815333 1.4324684555106546 1.4316711787607783 1.4308551679282413 1.4306077584107681 1.4309605557866232 1.4315740976637858 1.4326075286711286 1.4340707191835733 1.4355894085715475 1.4373413374541322 1.439078238902718 1.4408365151520655 1.4425998892542586 1.4442229186900168 1.4458690856996834 1.4473915403750617 1.448918550457544 1.4502685216277178 1.4515838342990213 1.4531366914557982 1.4544733186801952 1.456014541278134 1.4572172936485432 1.4582177711304225 1.459914820067254 1.4609836394245201 1.461790605810223 1.4636115453077787 1.4648542791337467 1.4655659242271697 1.467076971753292 1.468611092247969 1.4692591915211688 1.4698594322830143 1.471300043607381 1.4720397032244827 1.4716217078424796 1.4714215595744449 1.472068590019156 1.4721011962916957 1.4709337252901173 1.4698756414335485 1.470305907316492 1.4706607835296386 1.4698373535529847 1.4683051055154235 1.4678571571275398 1.4682747024322564 1.4685228185388626 1.4674276176383678 1.4656037409777327 1.4649679723820492 1.4657511600217994 1.4663813576481441 1.46584351936944 1.4638303197548952 1.4620033276687066 1.4624907055315415 1.4637152867271728 1.4645428362334396 1.4639096053470708 1.4617356909943178 1.4595542124231757 1.4595105001443986 1.4609974861471375 1.4622786861953245 1.462361452979069 1.4609812315576307 1.4535590422932767 1.4456250884286677 1.4405377061224893 1.4366921993125477 1.4335417803583028 1.4308425554256594 1.4284629871534507 1.4263187303386826 1.4225646549060258 1.4095389601675707 1.3948133587855995 1.3858228259218839 1.3794395934841646 1.3746217301515764 1.3692610116429025 1.3654519475771925 1.362579477587285 1.361795841584609 1.360380239084757 1.3586734119410329 1.3571527517881083 1.3563512568998677 1.3559066820830208 1.3546383674999607 1.3532115500446409 1.3512349240379158 1.3498109400942968 1.3487616781100784 1.348097590178892 1.3479406540252103 1.347402597155284 1.3474821292706052 1.3471954878957924 1.3472110021546753 
# X_list:
0.7505939051915157 0.7500124776891832 0.75000520118949 0.7499972885778582 0.7499784161853997 0.7499499680113484 0.7499084090220854 0.7498474890008737 0.749759782161459 0.7496361194061781 0.7494607849963059 0.7492084591857796 0.7488375137330759 0.7482786992753251 0.7474168686314595 0.7460624170729724 0.7439092483261002 0.7404804711634541 0.735093961750335 0.7269482444388938 0.7155011469365719 0.7011463459070858 0.6857205413230273 0.6719460534266801 0.661886805615394 0.6558985376586514 0.6530785075262745 0.6522509799034687 0.6524969222309056 0.6532516574996038 0.6541938317419244 0.6551602843359884 0.656100216687729 0.6569386600990412 0.6573939801297508 0.6570685021192983 0.6558541747783717 0.653848238781206 0.6511841240536744 0.6480320326379915 0.6446097936400352 0.6410260629934665 0.6373852848144218 0.6337702085163536 0.6302168868498758 0.6267643640414953 0.6234000240938369 0.6201423582475235 0.6169704598402068 0.6140604385720714 0.6112444122750702 0.6082465155657162 0.6054716618652843 0.6029231800055832 0.6006317347429161 0.5984751467245146 0.5965195689500511 0.5946815365830489 0.5929539624927402 0.5911634139196787 0.5894646902454881 0.5878645935516835 0.5862507580935418 0.5846471255552248 0.5831811728093386 0.5818305814207013 0.5805468041726182 0.5796281555008184 0.5792931952070669 0.5792459069676302 0.5793080963338838 0.5796144483271359 0.5802524911285991 0.5809513196326178 0.5813560920687718 0.5817980894127284 0.5824383245081141 0.5831937835396352 0.5838139634786685 0.5844061114397755 0.5850117810160422 0.5858056093406693 0.5866475728193138 0.5873434066211555 0.5878382555354185 0.5883927414915231 0.5891149800158031 0.5900059027112354 0.5908085506944996 0.5913229464927978 0.5917194574320095 0.5922174831515867 0.5928743550392708 0.59370152635282 0.5945349646035071 0.5950934581525307 0.5953559377474792 0.595555972880114 0.5960883211170466 0.5969514858211464 0.5978708198204158 0.5984114248592155 0.5987068585774837 0.5987715904144597 0.5990529163052868 0.5992436881528193 0.5994707716020904 0.5997438364767249 0.6000531962482127 0.6005649558361849 0.6026245060371407 0.6066391981670032 0.6105437050611636 0.614303601279961 0.6175445916811481 0.6209598035980955 0.6234835835912214 0.6254527606111946 0.6260905243962855 0.6270830039756988 0.6284559249932843 0.6293684697081815 0.6299660851314077 0.6300865680814803 0.6310096220647652 0.6316042283579046 0.6326372281995695 0.6332597408663219 0.6338836162387919 0.6346325467124739 0.6355214061507999 0.6361301102779086 0.6369980662486009 0.6376513806224138 0.6382444516135395 
# stellar_X_list:
0.7529042722234999 0.7505939051915156 0.7500177676970384 0.7500078964712453 0.7500022118340903 0.7499929630630598 0.7499826205838794 0.7499723654032429 0.7499630040893103 0.7499552372140144 0.7499494155005908 0.7499453760337359 0.7499427370676108 0.7499410808135145 0.7499400557415232 0.7499394064314395 0.7499389655628056 0.7499386303581241 0.7499383567695951 0.7499381235521853 0.7499379130123905 0.7499376918335539 0.7499374763813547 0.7499372732556708 0.7499370850948399 0.7499369114213238 0.7499367492844343 0.7499365932960486 0.7499364397786351 0.7499362864935745 0.749936133393177 0.7499359803328439 0.7499358276211356 0.7499356751515677 0.7499355228638067 0.7499353668456341 0.7499352008995169 0.7499350193573515 0.7499348200454692 0.7499346037718048 0.7499343715059015 0.7499341257156547 0.7499338686895112 0.7499336014694628 0.7499333268778041 0.7499330465592458 0.7499327617986633 0.7499324726931964 0.7499321811165577 0.7499318874375563 0.7499315929163993 0.7499312989343175 0.7499310017661747 0.7499307048126972 0.7499303999110202 0.749930116805773 0.7499298199624375 0.7499295466375284 0.7499292580017454 0.7499289903814791 0.7499287092293149 0.7499284475025416 0.7499281700575962 0.7499279141202606 0.749927642458892 0.7499273891405989 0.7499271223611694 0.7499268776878071 0.7499266212492894 0.7499263868703215 0.7499261445425941 0.7499259277988846 0.7499256995227236 0.7499254922903377 0.7499252764963893 0.7499250831729029 0.7499248786637044 0.7499246918456101 0.749924494129816 0.7499243169258811 0.7499241318182823 0.7499239641916298 0.7499237841945007 0.7499236200724398 0.749923448063399 0.7499232952451472 0.7499231327897155 0.7499229839460719 0.7499228222424902 0.7499226767606773 0.749922525434237 0.7499223906752643 0.7499222459236392 0.7499221124901589 0.7499219671809764 0.749921836036028 0.7499216986434396 0.7499215766532292 0.7499214453434064 0.749921325735525 0.7499211961959432 0.7499219421060297 0.7499221827202417 0.7499223524110149 0.7499224912793281 0.7499226107115863 0.7499227160397252 0.7499228095776831 0.7499228933886329 0.7499230452183746 0.7499235974638083 0.7499242149452444 0.7499245794902033 0.7499248074453482 0.7499249795127824 0.7499251680054669 0.749925288449642 0.749925376029678 0.7499253875264547 0.7499254422764581 0.7499254826353374 0.749925521030275 0.7499255442772191 0.7499255593105145 0.7499255694734904 0.7499256123904545 0.7499256274746613 0.7499256371810079 0.7499256378962627 0.7499256150758148 0.7499255377588021 0.7499255255098816 0.7499254504379269 0.7499254197365539 0.7499253764017567 
# stellar_X_list_luminosity_weighted:
0.7529042722234999 0.7505939051915157 0.7500193347554208 0.7500068259659185 0.7499981627401481 0.7499792202884504 0.749950885445857 0.7499095948580845 0.7498491361944568 0.7497621254606205 0.7496394531518171 0.7494655607727025 0.749215387629066 0.748847757190913 0.7482941892322443 0.7474408580412402 0.7461004147973813 0.7439705901579584 0.740578880095574 0.7352470226758159 0.7271761763471218 0.7158324209150023 0.7015910571491969 0.6862557833553108 0.6725164761199197 0.6624300668072557 0.6563745269298414 0.6534762273364307 0.6525775480101408 0.6527657503378838 0.6534757212869754 0.6543838482770062 0.6553243604129636 0.6562438307508954 0.6570667903791991 0.6575153400524725 0.6571958298065864 0.6559970551414287 0.6540116209379951 0.6513701948707448 0.6482405497169372 0.644837929255381 0.6412713670692956 0.6376449562241997 0.6340413897549547 0.6304973548556054 0.62705195641522 0.6236935879121337 0.6204405268424389 0.6172726322743116 0.6143624499216956 0.6115473176634083 0.6085556584377798 0.6057812420619814 0.6032336014278318 0.6009352789470047 0.5987770684707862 0.5968140977749086 0.5949731249341387 0.5932391899180721 0.5914490619346462 0.5897457030735963 0.588143503022455 0.5865264590038815 0.5849228816572332 0.5834516826337327 0.582097958100547 0.5808090837765242 0.5798812154635058 0.5795281497167758 0.5794648158213597 0.5795144204921507 0.5798055308761625 0.5804267758738285 0.581111044742655 0.5815117439285619 0.5819455083993096 0.5825753856408566 0.5833189496398684 0.5839341509472611 0.5845195642204827 0.5851198116914572 0.5859029096019666 0.586737476092901 0.5874282491198642 0.5879229989998207 0.5884724978390025 0.5891880262359844 0.5900687761966003 0.5908675393373322 0.5913820661113598 0.591779621404532 0.5922735624065882 0.5929249453894183 0.5937431954264133 0.5945717992337612 0.5951302172820391 0.5953975899994668 0.5955993482792612 0.5961255539339034 0.5969773167152366 0.5988049188483966 0.6010586683389025 0.6026605611130943 0.6039451843987079 0.6050386300713051 0.6060010053318883 0.6068658688190709 0.6076560759512154 0.6090601759661097 0.6140471036877573 0.6196799714146913 0.6230220395729986 0.6253356780851425 0.6270566338378271 0.6289383999640225 0.63025679545778 0.631234623913915 0.6315020375530469 0.6319783056906907 0.6325584322036217 0.6330602219938168 0.6333166902392918 0.6334608734729226 0.6338732775245632 0.634320702324993 0.634957662995079 0.6353900303687167 0.6357063776132424 0.6359015540267824 0.6359844517636167 0.636192428740452 0.6361774695803166 0.6363190450267499 0.6363221274673567 
# Y_list:
0.05050992848308767 0.0010611915795439325 0.0004516827859753743 0.00026254587338707603 0.00019954965104767046 0.00019141668058873494 0.00021779828304263626 0.00027532413886766175 0.00037049790345651453 0.0005205758617482665 0.0007576026131447768 0.0011352850636700976 0.0017433967939400564 0.0027328350356291093 0.004356923475232487 0.007038775265253769 0.01147356435596722 0.01875780759034493 0.03048268582647556 0.04858417300046106 0.07457143300639632 0.10799654237378442 0.1451441396423541 0.18000396265890728 0.20757090558400892 0.2262672131767364 0.23741456672591538 0.2433215719850721 0.24603811351779026 0.24696379976539176 0.24694857530357686 0.24646526554852374 0.24577632365270743 0.24506476979951997 0.24460073236531565 0.24467338679533332 0.24540643593004624 0.2467812837035899 0.2486590075078527 0.25089515943992813 0.253376412645205 0.2559697518699294 0.2586113476454652 0.2612548841349498 0.26385804412231545 0.26639566234299 0.26886041579880726 0.27127009364337656 0.27359404899598083 0.27592366227895776 0.27817255020448867 0.28017562508533506 0.282093455409346 0.2839030276608895 0.2856463759373454 0.28728050837474944 0.28885447831353367 0.2903741260468961 0.29184387705106174 0.29319609345427167 0.29453789249917023 0.2958685274494151 0.2971207708383989 0.2983279255957454 0.29957127296764496 0.3007582617285595 0.3017686080755392 0.3025360177374294 0.30295432631969027 0.3031056030376544 0.30302000243086985 0.3028439923323952 0.30253577817726035 0.3021573580193152 0.3018623849926374 0.30155212720259705 0.30125494370704553 0.300952893087559 0.30058138307861965 0.30008391706307663 0.29960258344548013 0.29919087433491626 0.29880858304712876 0.29838171418025505 0.29790945564148497 0.29740956724550205 0.29699264784742435 0.2966755430479391 0.29634668725074736 0.29591077334854304 0.2954438961327087 0.29500097402624587 0.2945927058546433 0.2942869514692261 0.29400017541955303 0.2936084184859632 0.29326211644970523 0.2930006483664157 0.29259193153542384 0.29211480836091763 0.2918254110081765 0.29164224653392407 0.29140149711760405 0.29110130093252873 0.29091717391265276 0.2907051719060441 0.2905334128366702 0.29039376726926863 0.29026871440756113 0.28998117193808864 0.288514895793501 0.28561029036875674 0.2824081868949452 0.27942412441785835 0.276731203148046 0.27368478116469985 0.27139254554485726 0.2695417396558654 0.2690034821071482 0.2679867405633457 0.26662312211364014 0.26537494533218403 0.2645869465389982 0.26424749907936573 0.2628232535781666 0.26120244356737504 0.2583749189892869 0.2559903852487783 0.25410534404888335 0.2525726870490479 0.2512891484203128 0.2502288684101683 0.24921594367946825 0.2485169146725995 0.24781894002143626 
# stellar_Y_list:
0.247 0.05050992848308767 0.0015110915337091853 0.0006794238444792998 0.0004910431421979771 0.00042704928056327523 0.0004114673090629065 0.0004167075376823777 0.00043006317873427733 0.00044523175901820867 0.0004593265241993 0.00047130765869981157 0.00048103000202866036 0.0004887508346685455 0.0004948561427187321 0.0004997198548912644 0.0005036577735355725 0.0005069183860476204 0.0005096600504689217 0.0005119869895903677 0.0005139989785752791 0.0005158182739520232 0.0005174617200782053 0.000518952249302761 0.0005203190001610576 0.0005215792292798441 0.0005227468267789845 0.0005238366915496103 0.0005248626171442922 0.0005258350337928593 0.0005267596510907365 0.0005276405708083479 0.0005284795459855962 0.0005292866989171144 0.0005300685767236327 0.0005308238123159769 0.0005315544227692486 0.0005322778038698352 0.0005329901518557763 0.0005336979034654199 0.0005343978167121252 0.000535089721620235 0.0005357753592978176 0.0005364514639357416 0.0005371213080576226 0.0005377811001749175 0.0005384310241277091 0.0005390753822100394 0.0005397032009280692 0.0005403311930254301 0.0005409476711850699 0.0005415561388254466 0.0005421561619273563 0.0005427381627573935 0.000543337871849145 0.0005438923933541387 0.0005444588619907238 0.0005449863956729062 0.0005455419901796129 0.0005460467438613344 0.0005465741350662735 0.0005470677810293295 0.0005475838365877762 0.0005480483418017305 0.0005485479917793661 0.0005490161573308368 0.0005494998789123048 0.0005499363316986252 0.0005504052209424761 0.0005508412255319439 0.0005512869121247137 0.0005516797811649882 0.0005521081338648805 0.0005525097945945555 0.0005529249619468936 0.0005532878773772514 0.0005536731618927597 0.0005540409479437774 0.0005544341673252688 0.0005547839259493283 0.0005551371087037769 0.0005554611308402251 0.0005558228223660807 0.0005561628327696446 0.0005565117750681793 0.0005568143303682116 0.0005571256073719765 0.0005574281249654839 0.0005577683658743983 0.0005580805537271563 0.0005583933521248976 0.00055866435978812 0.000558947052995169 0.0005592201684113678 0.0005595311941589328 0.0005598209527139841 0.0005601151670118475 0.0005603690349442402 0.0005606322529252626 0.0005608691971155514 0.0005611425112631699 0.0005597538439541422 0.0005593290808781113 0.0005590331007862478 0.0005587873439469703 0.0005585714424989482 0.0005583768184983061 0.000558204827645092 0.0005580660686508196 0.00055783533870187 0.0005569371354254166 0.0005559801068538223 0.0005554077584209094 0.0005551071427132515 0.0005548996381005186 0.0005546427570462696 0.0005544854293009114 0.0005543897358801877 0.0005543611419426173 0.0005543324176928843 0.0005543157121961466 0.0005542379274673421 0.0005542574726808948 0.000554229486884684 0.0005542380369318226 0.0005541748971607139 0.0005541952631115471 0.0005542191388182367 0.0005542610790787597 0.0005543489310321283 0.0005544934073392407 0.0005545675937023968 0.0005547093228227492 0.0005548191622530303 0.000554904453172254 
# stellar_Y_list_luminosity_weighted:
0.247 0.05050992848308767 0.0016443653423140916 0.000589731114553066 0.0003293063889733768 0.00024046512552525592 0.00021956151840904877 0.00023838834519149255 0.0002907904878679993 0.0003819971162846754 0.0005284763269858575 0.0007616062767294013 0.0011343375134187526 0.001735343768018431 0.0027137594898313452 0.0043199352835039725 0.006971881589154776 0.01135599084563557 0.018558290908154067 0.030160263856829926 0.048090360526783636 0.07383587826729959 0.10698525573186098 0.14389493441384016 0.17863116288402672 0.20621411955309477 0.22502800900324008 0.23633420043408665 0.24239785555266458 0.24524915543743336 0.24628407695043114 0.2463554341536904 0.2459408183517997 0.24530680426979473 0.24463891708772176 0.24420639797967944 0.24429752060984192 0.2450383553114848 0.24641376327906997 0.24828873802509518 0.2505210627743433 0.2529984410179663 0.2555892566153765 0.25822937783691297 0.26087242965686586 0.2634762008384771 0.2660153676141531 0.26848226294683414 0.27089412152782794 0.2732209810183353 0.2755520470763382 0.27780354541576163 0.27981295206365975 0.2817357912415226 0.28354890072014316 0.28529870870985596 0.28693705654784585 0.288517531265715 0.29004064533701257 0.2915163081623611 0.2928732156664576 0.2942204356601399 0.29555360998942737 0.2968116543360209 0.29802214714353287 0.2992691286419536 0.3004587980349666 0.3014765339952225 0.3022525554182241 0.30268431896864867 0.30284939978553166 0.3027778220021421 0.302614251880462 0.3023177092195799 0.30195097464802184 0.30166273486111206 0.30136067902971825 0.30106963090714994 0.30077461293548363 0.3004100088054698 0.2999222799850722 0.2994470225143153 0.29904086112219164 0.29866253578792873 0.298241994562439 0.2977751025485766 0.29728178452569104 0.2968676586756341 0.2965530580457709 0.2962269640772129 0.2957971942498202 0.2953346833074039 0.2948962444476342 0.29449045478004576 0.2941863882694781 0.29390102011497776 0.2935142443046016 0.2931698539455117 0.2929097306260683 0.2925054659417385 0.29203389873458857 0.28788425560606934 0.28340701810029284 0.28048833703491505 0.2782568143615997 0.2764156588901976 0.27483116185227724 0.27343081089527194 0.2721677151315506 0.2699553594858913 0.26231471848221966 0.2538493502276239 0.2488141803967645 0.24530517051095552 0.24268685627996808 0.23980745962834338 0.23778182585765373 0.23626932698618877 0.23585661855589046 0.2351175430801834 0.23422301710711035 0.23343700108206372 0.23302842845826124 0.23280093813818353 0.23215033463692059 0.2314310616067749 0.23042507517173566 0.22971826141526927 0.22920022882879088 0.22887618858732767 0.228773603876259 0.22847884701724758 0.2285114720694705 0.22833460641190606 0.22833692586148263 
# Z_list:
2.0449363758335086e-07 4.2963221843883905e-09 8.569130110179513e-08 4.4163183849244875e-06 1.7389471978830746e-05 3.630100760463014e-05 6.548898286090453e-05 0.00011220012742025026 0.00018480658403283523 0.0002913994226909856 0.00044582643418864074 0.0006713679518291061 0.0010077355929873095 0.0015231204011453743 0.0023348510434654172 0.0036414203441652694 0.005768348143505344 0.009227394101382595 0.01474975481685907 0.023181655906373756 0.03505834536542602 0.04985135753381861 0.06556774162023093 0.07974810056250758 0.09108055133854363 0.09961790839450352 0.10588428142236057 0.11045650928965615 0.11377999565771532 0.11621332415520223 0.11800743961988089 0.11935641901639119 0.12034821746308567 0.1211046428621029 0.12172515061705974 0.12238213461800135 0.12299023953029188 0.12367180921694804 0.12434043756641724 0.125148396054319 0.1257890898358245 0.1267654042389586 0.127238953528901 0.12854676525924608 0.12841550655980083 0.13080386241284275 0.12856239285863358 0.13499953421675143 0.12453237308765029 0.14763842178354014 0.10146322281942537 0.20241124445604577 3.048380671841209e-10 0.45583705265863134 3.177275151294898e-10 0.9937649637709292 3.308981323496083e-10 2.2037780101216695 3.4382398129384904e-10 5.066813261028865 3.5750442841902096e-10 12.156230180177268 3.706635569935176e-10 30.5734122680096 3.8377651435633915e-10 80.35435625104222 3.9722621395248714e-10 221.32770217907546 4.101398510446987e-10 635.9156149758653 4.239857783722762e-10 1910.6823731515683 4.368033196102556e-10 5964.870779173791 4.503063813829428e-10 19441.983806287535 4.639580766980093e-10 65662.84636003205 4.762095772703006e-10 230722.61267265747 4.913163334068517e-10 841150.7144559881 5.02683264611134e-10 3167219.4347750624 5.172149294178847e-10 12406492.592328858 5.318572385841905e-10 50084712.420345016 5.418047176988994e-10 208662722.864049 5.583249594247129e-10 903269148.411516 5.730363119952501e-10 4016750058.190828 5.820332348806592e-10 18353623217.82598 5.981320821087974e-10 87004520605.47055 6.143002170591691e-10 424225829418.55 6.234461141571627e-10 1421365276454.1743 3.2172865837564063e-10 2950189009128.505 2.1929594494931972e-10 4486527263186.753 1.6707595069456343e-10 5408904139427.117 1.3509052692452592e-10 4997499741505.204 128686399843.34213 1601275482927.2192 804935384488.3411 809881490389.1577 689909601373.8997 598613543672.1875 539290268657.073 495765352648.5113 487173483355.7042 463729661070.7234 436258294790.5199 416343382972.66895 405360309498.6664 401021376550.34607 380625250285.79 363421255700.53656 336990451439.8762 320288254962.6073 306405691756.1455 294548909825.2877 284094419762.07825 275599841431.4939 267647556790.54025 260618184696.35617 254564055416.95306 
# stellar_Z_list:
9.572777650013187e-05 2.0449363758335086e-07 6.117779488701155e-09 7.327569352649438e-08 2.7143069028797117e-06 8.815412961008174e-06 1.5662120189950173e-05 2.2822807770283763e-05 2.9970305403531094e-05 3.64779003104002e-05 4.170362551653481e-05 4.553318537319636e-05 4.817190885820955e-05 4.993828922776555e-05 5.113117709679401e-05 5.198003524740841e-05 5.2636786538248285e-05 5.319096085457073e-05 5.3676332991453997e-05 5.410417995370445e-05 5.448350645568066e-05 5.484234881588642e-05 5.516225210948461e-05 5.544212415936862e-05 5.5698975358834945e-05 5.5958526504788344e-05 5.6236714617912346e-05 5.6535185339553024e-05 5.6848463919618136e-05 5.716956386281271e-05 5.74924550353488e-05 5.781320520669803e-05 5.81294325798805e-05 5.84399134332762e-05 5.874421660813568e-05 5.904246541215541e-05 5.9335420548111716e-05 5.9623318483233684e-05 5.9908533082572344e-05 6.018954678048964e-05 6.0468441125283346e-05 6.074226517933012e-05 6.101615736385931e-05 6.128244634934006e-05 6.155415170592284e-05 6.180822456654525e-05 6.208414677509603e-05 6.231271119089792e-05 6.262104895609036e-05 6.276713794937991e-05 6.322253011919145e-05 6.303985282965739e-05 6.41820796428157e-05 6.264687960835453e-05 6.687277936139037e-05 6.399085889723368e-05 7.31760825796049e-05 6.730600747615503e-05 8.719929837566008e-05 7.477415830303271e-05 0.00011928101184862925 9.178801574078108e-05 0.00019576460010466802 0.0001319651125946531 0.00038615386632456756 0.00023094322633136324 0.0008828942723090534 0.0004864176363575023 0.0022333118272639787 0.0011745242443131614 0.006077651079401312 0.003115237093536307 0.017459318086511567 0.008816251978561326 0.052672596072221814 0.026315600982566845 0.16551937534813727 0.0820428681070561 0.5431451245665947 0.2672530547278884 1.8486356209546266 0.9041657748170585 6.54437028791804 3.1821425739545677 24.042138824827322 11.627823119922521 91.26201292867681 43.93806387944411 360.13124250979956 172.532565406105 1465.555998005646 699.3279905987997 6154.175558604074 2925.6839598166407 26832.13405988236 12702.720052011344 120268.24553109528 56754.6194558946 553882.6634612823 260622.80636791128 2644039.7770369486 1239771.9805680565 1035539.1980288711 945731.1417362972 890565.3507993139 851749.4416441662 822309.162452827 798887.7277565772 779624.1063928714 749392.9861349943 669834.9576597591 610041.6087407034 583399.0052831696 568099.5083245299 557998.8354818983 548014.5620446901 541449.5248802092 536912.5633025212 535827.8512723508 533637.5350902001 531240.6071234375 529152.2467340428 528154.610936174 527575.7657661523 526144.0993937281 524382.470256975 522644.2521437057 521473.6366082632 520968.14500170277 521287.9737129787 522184.9812939124 522341.7831268086 523920.82875177026 524447.2485683375 525603.2509289475 
# stellar_Z_list_luminosity_weighted:
9.572777650013187e-05 2.0449363758335086e-07 6.6573495640246606e-09 8.504449154858512e-08 4.348686014011848e-06 1.7157303971952723e-05 3.590401267810907e-05 6.483429602071815e-05 0.00011111398949606083 0.0001830546162099587 0.00028871301835082505 0.0004418009800911642 0.0006653533266179826 0.0009986380815601558 0.001509069234537111 0.0023125947392937285 0.0036053009981263347 0.005708600851109775 0.009129403148034404 0.01459463187739945 0.022947901796052394 0.03471667775599707 0.049393502189673096 0.06502001360912127 0.07916252221156408 0.09050433516453034 0.09907646562671085 0.10538711838181306 0.11000429271918051 0.11337000300697662 0.11584110125038007 0.11766840289815286 0.11904602037255824 0.1200632909833385 0.12084156977999026 0.12148035781692848 0.12215044534018205 0.12277053102079581 0.12346049390252262 0.12413711354247703 0.1249492780647738 0.1255980633845494 0.12657378061805086 0.1270592541043785 0.12835753160041283 0.12825249841973088 0.13060353600813293 0.1284396244135287 0.13473842949494333 0.12455022526261772 0.14710698637742103 0.10208149586972855 0.2005820574553216 0.0031929698313823227 0.44742225310081235 0.005654028310373343 0.9744355373741335 0.011553954214448816 2.160166522465521 0.02500896793318521 4.965641368002397 0.05685008655372097 11.911983553367149 0.135497954593 29.95586484871701 0.3391564917321469 78.72387269353612 0.8880968712830947 216.81701017190252 2.4380182483740636 622.9045980654367 6.985158417521354 1871.4388585808983 20.9312263185632 5841.941850821218 65.19788945738676 19039.926190237704 212.02335899113422 64300.85397051932 714.7499568031727 225922.37465042638 2506.717538057187 823600.7660122461 9123.24352211514 3100968.428151054 34302.52308261399 12146272.71801088 134151.9939861669 49031764.84411064 540892.2544274504 204265944.02611488 2250736.898500397 884190138.1993436 9729714.559182273 3931736307.5341063 43224012.9765034 17964416645.69482 197317778.65535975 85155520195.44536 934281393.1722797 415193337960.8714 219893786465.8192 114124969059.30821 78146220931.43948 60468022942.76403 49969928494.19233 43004422194.520935 38033197829.68328 34301177420.56023 29054380584.051506 18363680185.730747 12762556763.47751 10811457332.999907 9799507937.356865 9151826294.49491 8495627799.000874 8056079120.539837 7760282512.679039 7685419058.3657465 7548280534.717179 7384333865.86685 7251510386.234557 7181594887.664452 7148814606.732562 7037266140.189953 6923372796.447793 6770734359.588798 6656440343.523393 6581278196.439965 6540675206.75777 6497917232.521282 6457398285.046048 6463499526.837634 6433050551.224686 6439927276.67279 
# formed stellar mass list:
1e-15 1546394.1556027376 73309877.94566615 171586550.14847407 156803960.22746935 119997400.49908324 82423126.05454499 52755923.20399829 32159282.703944936 18926969.61222136 10852727.648974879 6101610.385529184 3379345.391931806 1850489.1782786208 1004931.5779433094 542790.7700513547 292506.56108232855 157895.94643305725 85859.38890340038 47429.18960902734 26948.188798186136 16014.742429876778 10145.982173853126 6960.471994470574 5198.158464122786 4193.064195592728 3593.02810855092 3211.8297558171284 2951.826597230317 2760.837024490212 2610.5909219606024 2485.6829985436825 2377.7223252487734 2282.0180055198894 2196.0467048319047 2117.7666702462207 2044.7704054604912 1976.7756669603427 1914.4581784768775 1856.2655465499176 1801.384553153904 1750.3374125567852 1701.8954697314546 1656.5681298177487 1613.6392678663774 1572.9811003699335 1534.6648946126854 1498.0067775729335 1463.3676877712687 1430.2968994847238 1398.8404073562597 1368.8480383506035 1339.6790134658884 1312.1720777687574 1284.7776976885664 1258.940384300617 1234.4937694501384 1208.8312410823237 1185.414897650262 1163.385981672233 1140.1383940741741 1118.8672592641879 1099.4492982917402 1079.145744039238 1059.413605004641 1042.2732633102119 1025.4403042234783 1006.9828877100358 989.9921742387897 975.2770889761852 960.0488661872705 943.4278704715994 928.3451358738967 915.7439562430663 903.1279691411213 888.2841028624864 873.9929486456143 862.1468621622042 851.8926157976458 839.9663070466904 826.7047124047708 814.1394307540068 804.1634166265159 795.7296933476235 785.5791226538455 773.3728808837599 761.6552746579729 752.0815192152018 745.2198162097588 738.2733795653189 727.9402153321515 716.4286554771834 706.0693997120709 698.0360434877915 692.5353837322674 687.2459784569115 678.9463832045815 668.7486124966656 659.1018233168761 651.1474176501425 645.2367900079191 1e-15 1e-15 1e-15 1e-15 1e-15 1e-15 1e-15 1e-15 1e-15 1e-15 1e-15 1e-15 1e-15 1e-15 1e-15 1e-15 1e-15 1e-15 1e-15 1e-15 1e-15 1e-15 1e-15 1e-15 1e-15 1e-15 1e-15 1e-15 1e-15 1e-15 1e-15 1e-15 1e-15 1e-15 
