# time step list:
1000000 10000000 20000000 30000000 40000000 50000000 60000000 70000000 80000000 90000000 100000000 110000000 120000000 130000000 140000000 150000000 160000000 170000000 180000000 190000000 200000000 210000000 220000000 230000000 240000000 250000000 260000000 270000000 280000000 290000000 300000000 310000000 320000000 330000000 340000000 350000000 360000000 370000000 380000000 390000000 400000000 410000000 420000000 430000000 440000000 450000000 460000000 470000000 480000000 490000000 500000000 510000000 520000000 530000000 540000000 550000000 560000000 570000000 580000000 590000000 600000000 610000000 620000000 630000000 640000000 650000000 660000000 670000000 680000000 690000000 700000000 710000000 720000000 730000000 740000000 750000000 760000000 770000000 780000000 790000000 800000000 810000000 820000000 830000000 840000000 850000000 860000000 870000000 880000000 890000000 900000000 910000000 920000000 930000000 940000000 950000000 960000000 970000000 980000000 990000000 1000000000 1010000000 1020000000 1030000000 1040000000 1050000000 1060000000 1070000000 1080000000 1100000000 1200000000 1400000000 1600000000 1800000000 2000000000 2300000000 2600000000 2900000000 3000000000 3200000000 3500000000 3800000000 4000000000 4100000000 4500000000 5000000000 6000000000 7000000000 8000000000 9000000000 10000000000 11000000000 12000000000 13000000000 14000000000 
# Number of SNIa + SNII (log_10):
0 0 7.92886653045439e+53 3.081617520938556e+55 7.72855323453952e+55 1.2117697152342052e+56 1.5717738274112751e+56 1.937858138151594e+56 2.289402116264304e+56 2.5985768476963524e+56 2.8659076840728967e+56 3.099073390140863e+56 3.3052812495080505e+56 3.490018379669005e+56 3.6573341529998674e+56 3.8102619239834874e+56 3.951098039718663e+56 4.081625508447002e+56 4.203258750501901e+56 4.317138208663766e+56 4.42419712680542e+56 4.525209273621068e+56 4.620822900087397e+56 4.711587389281043e+56 4.797972687768217e+56 4.880381853705609e+56 4.959166702279357e+56 5.034633628591097e+56 5.1070492766076435e+56 5.176650994528371e+56 5.243652630554017e+56 5.308255625353752e+56 5.37059209215925e+56 5.430830777685997e+56 5.489115724977454e+56 5.545567567416136e+56 5.600296766695444e+56 5.653394461989585e+56 5.7049794556451125e+56 5.755123959259291e+56 5.803902555046341e+56 5.851390913895954e+56 5.897650716334954e+56 5.942747306986094e+56 5.986738376256929e+56 6.029676973227555e+56 6.071612098102096e+56 6.112580926495613e+56 6.1526461141231724e+56 6.191839809318381e+56 6.2301914600782715e+56 6.267735733870628e+56 6.30451590790271e+56 6.34055566466295e+56 6.375886568016592e+56 6.41053299482651e+56 6.444523890508617e+56 6.477847872029977e+56 6.51061165444676e+56 6.542794638391282e+56 6.574415714690065e+56 6.605481094282713e+56 6.6359932075566715e+56 6.665998006611294e+56 6.695518157695062e+56 6.724555503457117e+56 6.75313253982663e+56 6.7812653997645405e+56 6.808962446762668e+56 6.8362359414437555e+56 6.86310507949215e+56 6.88958011533472e+56 6.915656304868136e+56 6.941370389383778e+56 6.966727197031257e+56 6.991726275845002e+56 7.016381767036587e+56 7.040703287181609e+56 7.064699785018276e+56 7.088377473836849e+56 7.111751096290011e+56 7.134809772907083e+56 7.157590315276172e+56 7.180087967661748e+56 7.202304282171708e+56 7.224247029397662e+56 7.245925025538889e+56 7.267351266408099e+56 7.2885155823135825e+56 7.309426901503995e+56 7.330106213808255e+56 7.350534096444604e+56 7.370745096034729e+56 7.390751179544723e+56 7.410525075298713e+56 7.430078645228459e+56 7.4494222625884295e+56 7.468564212203701e+56 7.48749636908368e+56 7.506231608911678e+56 7.524769542217304e+56 7.543112824141591e+56 7.5612857589022e+56 7.57927459531812e+56 7.597080515120116e+56 7.614714877203506e+56 7.632173141270033e+56 7.649458135455314e+56 7.666580016273262e+56 7.700344728743095e+56 7.860248189584039e+56 8.14271490031899e+56 8.386678256524502e+56 8.601393932046308e+56 8.793156237170278e+56 9.047104052747187e+56 9.269512589285522e+56 9.467358929070142e+56 9.528793279558196e+56 9.645534391363943e+56 9.807586096177409e+56 9.956235077503036e+56 1.0048895148702242e+57 1.0093484198928867e+57 1.0261546541650073e+57 1.0451633311174696e+57 1.078034872295678e+57 1.1058044903793775e+57 1.1298438903042733e+57 1.1510459716930556e+57 1.1699912841440643e+57 1.1871377747835958e+57 1.202784367600947e+57 1.2171746838791255e+57 1.2304957816053239e+57 
# Gas [Fe/H]:
-5.27906921380823 -6.850653806122718 -5.569064867625473 -3.4943501003697763 -2.555492375443973 -2.028256764875639 -1.6778244028942506 -0.16647431291657444 0.6483517163016708 1.1553839626940312 1.3947528186955043 1.4592596838981016 1.460243247545415 1.4467998361042889 1.4315371376054449 1.4176898506001776 1.4057682861609084 1.3953045879438362 1.3856264186324174 1.3764736853216002 1.36707866118716 1.3589272723056656 1.3504957869159564 1.3423156952681743 1.3346971088766146 1.3292212508694 1.3236927240174543 1.318095857871021 1.312888468605081 1.3081792964704104 1.3037002307767906 1.2993309075568553 1.2945223987733878 1.2898269520243648 1.2884924908141242 1.2890179380680302 1.2873516886396916 1.285057997178611 1.2868658568497096 1.2846566261822763 1.284805112486735 1.2842785489100792 1.2827727580656916 1.2833239028808898 1.2814147871052008 1.281589068042837 1.2806956042042557 1.2794538711949675 1.280508781365957 1.2761799371104239 1.2801950164972835 1.277407728830012 1.2777064458987777 1.2784503860170702 1.2727163553135936 1.2772576525446575 1.2779182960201085 1.2702629435358528 1.2764781091612134 1.277550113680348 1.2708825296924289 1.2732742644288013 1.2763784047499112 1.2721225177497302 1.266894670939858 1.2738132094742256 1.2737496471963343 1.2657412516299136 1.2615780122688096 1.2678426871724597 1.2667485543479362 1.2586692391180745 1.2514733152576953 1.260109145428073 1.2619486524487997 1.2552100509111663 1.2459525784867242 1.2471091030111987 1.25425123856184 1.2532138328169435 1.2460559309423966 1.2368301377859363 1.2381849081331282 1.2468465327060296 1.2474858748661717 1.2409612908247287 1.2325862724378025 1.2243071081831514 1.235033746465462 1.2420768251802383 1.2391517592696424 1.2319285257143235 1.2241496356404218 1.2167664275222108 1.2240022493688305 1.23347724956878 1.2333199088289435 1.2278999650305025 1.2200819918606074 1.2126419706496385 1.2074322576337813 1.211760373820963 1.216520353764106 1.2188875052763275 1.219266803327757 1.2184402534869658 1.216885283537192 1.214822750833176 1.2130407187022225 1.213721194351756 1.2097678354333734 1.2014479338396482 1.1954403684711417 1.189677171251419 1.1856470879879812 1.181999685592007 1.1792074876365706 1.1773203864645874 1.1762538619859493 1.175859216969148 1.174753717445439 1.1752506533505542 1.1756627794898526 1.176397160510609 1.177418263139141 1.1807450604216525 1.1866772018111802 1.1926588923405097 1.1964889107899204 1.1982801590031187 1.1982636920553422 1.1990226738571033 1.1981898353099498 1.1974225687009823 1.1967826422757222 
# Stellar mass-weighted [Fe/H]:
0 -5.27906921380823 -6.608765677553581 -5.85216186010217 -4.300446944974141 -3.793735055929613 -3.6207474264335513 -3.57073358770854 -3.1776363873372553 -2.9299154614741907 -2.792393987571164 -2.704332575275547 -2.6416624598725402 -2.5937283966581655 -2.555245047216127 -2.5232925220165905 -2.4961038373426225 -2.472531700395903 -2.4517922276451047 -2.433328081799128 -2.4167247959911773 -2.4016746685973223 -2.387931240825244 -2.375302130748815 -2.363632877354977 -2.352805468606422 -2.342715051311382 -2.333272084938425 -2.324406068324456 -2.316059283055351 -2.3081772848129356 -2.300716017738967 -2.293631924314475 -2.286896250845694 -2.280480363006763 -2.2743617873025146 -2.268507575352909 -2.262895526772505 -2.257522914897619 -2.2523555758669556 -2.2473900807520915 -2.2426097348943443 -2.2379552403348546 -2.23354679407202 -2.229229317536764 -2.2251242376226914 -2.2210946287552495 -2.2172529003328876 -2.2134787775792804 -2.2098650864010514 -2.2063142056887086 -2.202916881235245 -2.1995637289247805 -2.1963582277499523 -2.193176779253462 -2.190138919364365 -2.187135921794088 -2.184238631814221 -2.181389335245009 -2.178643831252286 -2.1759104520742873 -2.1732860462892685 -2.1706912324096983 -2.1681925579545354 -2.165696775452642 -2.163305725437213 -2.16093522942408 -2.1586367924372487 -2.1563435310414665 -2.1541478980574054 -2.151964805643029 -2.1498434563761872 -2.1477204258018494 -2.14569148512399 -2.1436714631961653 -2.141710068935354 -2.1397417136695287 -2.1378442431201172 -2.135963232725622 -2.1341445671107993 -2.1323199719510493 -2.130542611568851 -2.1287724225722764 -2.127069466351453 -2.1253714019423864 -2.1237208799544067 -2.1220613244542887 -2.1204398867193612 -2.1188337320920922 -2.1172916123839904 -2.1157479511231525 -2.1142426787294353 -2.112727086932842 -2.11124275283151 -2.1097654183912864 -2.1083506972793646 -2.1069367933235075 -2.10555938819716 -2.1041669254581326 -2.1028067138509154 -2.1014341043153113 -2.1029087344824147 -2.1037446529415478 -2.104403707374016 -2.104962825921075 -2.105450719520439 -2.105885421317418 -2.1062763087741034 -2.1066373741679474 -2.107341183412136 -2.109858785811479 -2.1126968416348646 -2.114289420046994 -2.115204850050116 -2.115843971733238 -2.1164344360796097 -2.1166654861091274 -2.1167489069906242 -2.116682784447014 -2.1167190408769274 -2.11654549714134 -2.11645335875719 -2.116277999572847 -2.1162789808073486 -2.115838827253519 -2.1156244404351705 -2.114604213387876 -2.1137923844480353 -2.113085167632433 -2.112278992301512 -2.111077318880568 -2.1104216695623315 -2.109410361122709 -2.1085709197774287 -2.107870147724916 
# Gas [Mg/Fe]:
6.938893903907228e-17 -1.3877787807814457e-17 0.9728936445163123 0.9557345149600429 0.596189003110008 0.4137581124168309 0.2724744799203843 -1.0213123893941733 -1.4484695020186837 -1.5734751656384756 -1.6096239667771333 -1.6246204168187215 -1.6342418721600112 -1.639668642420565 -1.6414697935898404 -1.6387623587546032 -1.6293547944822424 -1.6174582287890438 -1.606218668952085 -1.5998137997006303 -1.5973083333178517 -1.5967975166698118 -1.5963401920097904 -1.5960443310815093 -1.5946899751775736 -1.5917993226464917 -1.5877173479088715 -1.5833837584227475 -1.5784016965149865 -1.5759254713803668 -1.57228729484282 -1.568206711722286 -1.5641463693000404 -1.55665163158026 -1.539042469292541 -1.5165279384214416 -1.4924578593248707 -1.4696854265933514 -1.4496811438425405 -1.4296679903082645 -1.4115178168341629 -1.3945758766541732 -1.377840513778621 -1.3633517457997415 -1.3479511468644296 -1.3352460840756537 -1.3219896039453798 -1.3091707336523222 -1.2981433061836507 -1.2847297449904664 -1.2791744178124338 -1.2771138812835856 -1.282868475210385 -1.2916459829065188 -1.2970083676476354 -1.308204851759703 -1.3159803253124298 -1.3202237644321004 -1.3331445727603604 -1.3434342659995386 -1.3451767060903128 -1.3547972524491965 -1.367529446374998 -1.3740086221760783 -1.3702216058349155 -1.3967162798438235 -1.4020469981657457 -1.4010736973239344 -1.4050031018862286 -1.4123363456023648 -1.418806120565337 -1.421423295848268 -1.4236168527653696 -1.433648533117913 -1.440605816992748 -1.4425874550922122 -1.4430093187684871 -1.4512088304326969 -1.460700539774269 -1.4671143248577108 -1.470832091468171 -1.4737475780094982 -1.4813673713903144 -1.490654708236285 -1.4967326476583163 -1.5054899053954671 -1.507004837352972 -1.5107986223968823 -1.5181263627498636 -1.5318036541888944 -1.5417676544460168 -1.5519022020374165 -1.5392698754549883 -1.5435435901892602 -1.5577374140746147 -1.5700782115833194 -1.571362141882274 -1.5805730053304161 -1.5913029672870374 -1.5942467734893684 -1.5964255674852843 -1.5995302635014323 -1.602696946242522 -1.6038073431607185 -1.605054105560654 -1.6065712077339789 -1.607040708444289 -1.6074143008311985 -1.6082370088164961 -1.6099648914755207 -1.618259055961739 -1.6307882354922385 -1.638844387839825 -1.6459277487884232 -1.6516946690196737 -1.6576647988695172 -1.6617942242706731 -1.6649095177918982 -1.6658030185435284 -1.6674784685969284 -1.66916722774444 -1.671071550038584 -1.6719699872978309 -1.6723907483814218 -1.6739760310897407 -1.6754351664773215 -1.6777377692937234 -1.6794276219647821 -1.6806373403223438 -1.6815821277786573 -1.6823221026299522 -1.682937014265277 -1.6834365297780363 -1.6838979972473969 -1.6842676579549785 
# Stellar mass-weighted [Mg/Fe]:
0 2.220446049250313e-16 -1.3877787807814457e-17 0.9322545810971805 0.9550681399332057 0.7189737226126163 0.6222937556803105 0.582931223203823 0.18743707462706005 -0.06195814480231926 -0.19971059487572707 -0.2872504096419462 -0.3491059646028999 -0.3961180083138341 -0.4336282062548232 -0.4645809112564049 -0.49074191811044077 -0.5132383126025936 -0.5328658464436653 -0.550205299935282 -0.565706469723003 -0.5796979032587197 -0.5924286038011497 -0.604078383131165 -0.6148007947767208 -0.6247157018291811 -0.6339183051721272 -0.6424835776637307 -0.6504882509402307 -0.6579861011172357 -0.6650452643171619 -0.6716999845989623 -0.6779888968595055 -0.6839395313173257 -0.6895748116881207 -0.6948876152903071 -0.6998883809291501 -0.7045929509825986 -0.7090287992682418 -0.7132351735090605 -0.7172129366516047 -0.7209843845681354 -0.724601552333503 -0.7279764273389001 -0.731233030558356 -0.7342808328038158 -0.7372346137940173 -0.7400048861796723 -0.7426895281736737 -0.7452191744993365 -0.7476663791887209 -0.749999606130952 -0.752298413812061 -0.7545303608650141 -0.7567671271227608 -0.7589223472443337 -0.7610953175608035 -0.763193106862823 -0.7652636199354053 -0.7673066267610323 -0.769345673737185 -0.77129241460941 -0.7732540901337708 -0.7751652639026176 -0.7770610395140457 -0.7788725805829346 -0.7807465201175644 -0.7825407108225957 -0.7843105127316097 -0.7860255468573834 -0.7877487482475686 -0.7894126641740525 -0.7910667811611884 -0.7926647941248629 -0.7942847465555865 -0.7958494119632707 -0.7974002746423264 -0.7988970472473925 -0.8004133348256146 -0.8018916728752487 -0.8033628522720023 -0.8047860343872482 -0.8062085799698722 -0.8076060283628951 -0.8090120557144568 -0.8103682077836528 -0.8117281379656688 -0.8130449178709463 -0.8143715821400024 -0.815671899299171 -0.8169782377802066 -0.8182430327783591 -0.8195150352021899 -0.820732654113631 -0.8219656696391198 -0.8231831321998868 -0.8244056089358187 -0.8255777006373476 -0.8267601127758404 -0.827916165256624 -0.8290772211388724 -0.8278961771382374 -0.8272610599895762 -0.8267636655268443 -0.8263314303157356 -0.8259494256772161 -0.8256047412241039 -0.8252931198803026 -0.8250106867586088 -0.8245144387046306 -0.822648930428714 -0.8205816279735743 -0.8194112267192903 -0.8187896639520175 -0.8183905928484656 -0.8179904155188527 -0.8178623434338569 -0.8178490421669338 -0.8178971408834702 -0.8179209299783379 -0.8181016567127117 -0.8181722125145754 -0.8183512426958915 -0.8183513239505982 -0.8187124645246625 -0.818904064116143 -0.8197119654764167 -0.8203758505530633 -0.8209794192224413 -0.8216327417293073 -0.8225262376044578 -0.8231026294941842 -0.8238510723639387 -0.8245524795764834 -0.8251165941522889 
# Gas [O/Fe]:
0.0 -2.220446049250313e-16 1.1958514156789875 1.1765721472456097 0.736473596633239 0.4809340186682187 0.3054452866798516 -0.9759328205098642 -1.3581727069611447 -1.463596507633624 -1.4937436105431685 -1.5017238129610722 -1.5026141721794248 -1.5015828164847689 -1.5000437865146308 -1.4982722488541764 -1.4981213697193572 -1.4919695167088936 -1.4891455336338777 -1.4888425882034657 -1.4888933226005554 -1.4893082764090628 -1.489580196233422 -1.4898963650656278 -1.4899656379570292 -1.4897023264180547 -1.4892430874466835 -1.4885795510497277 -1.488394946138567 -1.487457981141934 -1.4869077911779471 -1.486429666375997 -1.4859504015831568 -1.4851497129157092 -1.4836860712811186 -1.481988492783524 -1.4799374316076188 -1.4776564644784331 -1.4759790508072663 -1.4745073666560202 -1.471668466963214 -1.469934252066592 -1.4681376568176667 -1.466663504619234 -1.4647483873537925 -1.4633271230064837 -1.4618673463222538 -1.4600652947789523 -1.4584987361252946 -1.4564314558572948 -1.4564304032359283 -1.4545797599949535 -1.4538705457660637 -1.453850622246489 -1.452666670066473 -1.453071511369081 -1.4527017088914165 -1.452433001453878 -1.451367522026341 -1.4512525607689553 -1.4501181198669448 -1.450369599693131 -1.4522274920485905 -1.4490250508547524 -1.447682767807159 -1.450313219829911 -1.448721495408037 -1.4479627193608116 -1.4475207390959697 -1.4487645161781935 -1.4489661647002035 -1.4479606579453268 -1.447015921965087 -1.4482714079086065 -1.4470137516211419 -1.4487065213848 -1.447610163682876 -1.447468201635712 -1.4480585864050357 -1.4481095071834482 -1.4472409673068496 -1.4461645804686234 -1.4463877281180997 -1.4476407716062307 -1.4480841859532054 -1.4479301022883218 -1.4472185953637908 -1.4441601375049484 -1.44598723233265 -1.4484223914282526 -1.4505607604533706 -1.4452689978245872 -1.4212711142147316 -1.4526031280899392 -1.4572201252413106 -1.4514070826451295 -1.4486360199811479 -1.4471081436922837 -1.4457907333498894 -1.4444551615429018 -1.4443750040498158 -1.4469389018009449 -1.4468304876945894 -1.446719187054721 -1.4470331164027799 -1.4468431023570512 -1.4465985615012138 -1.446272367499616 -1.4459454921275565 -1.446237588961926 -1.4459775472140133 -1.445648554252003 -1.446374838663626 -1.447094362298483 -1.4480199502351054 -1.4498458465535293 -1.4517930755644544 -1.4537446169368673 -1.4543630249664312 -1.4556698513063981 -1.4573901018463586 -1.4589979012014118 -1.4599759667778096 -1.4600905593252436 -1.4621749443432777 -1.464171564700915 -1.46755757188409 -1.4702817359131901 -1.4723396013280459 -1.473892362708257 -1.4751337096579595 -1.4761558658822063 -1.4770149302464306 -1.4777525346152744 -1.478387637284447 
# Stellar mass-weighted [O/Fe]:
0 0.0 0.0 1.1531699395154043 1.1758989259757735 0.8963908900833739 0.775540538455997 0.7294099676643397 0.33325151685223653 0.08427778981797895 -0.05322546725823396 -0.14066903256770025 -0.2024476210712861 -0.2493616094272436 -0.2867718954127748 -0.3176394960771374 -0.34375031350042673 -0.36627295966119444 -0.3859570943653752 -0.403396316522745 -0.4190160579278288 -0.4331234176119373 -0.4459628247533477 -0.4577161384028131 -0.4685384885583911 -0.4785540859599705 -0.4878627554371081 -0.4965420338791243 -0.504667075412335 -0.5122962263182763 -0.5194818172580824 -0.5262667631712388 -0.5326909298322684 -0.5387808850852182 -0.5445709858394754 -0.550086325071586 -0.5553450856788499 -0.5603623077866334 -0.5651583639678466 -0.5697619477248322 -0.5741739850111058 -0.5784088244058143 -0.5825195758473323 -0.586408828609953 -0.5902050523838308 -0.5938089206008873 -0.597338740686657 -0.600695556991992 -0.6039888361510812 -0.6071291130632365 -0.6102139084088195 -0.6131662097868603 -0.6160644277196731 -0.6188396199790083 -0.6215777049869982 -0.6241956737250358 -0.6267919049306356 -0.6292744351343389 -0.6317196094673255 -0.6340859726552243 -0.6364210142622051 -0.6386572456266538 -0.6408847787462874 -0.643023643132704 -0.645133375529512 -0.6471704493869727 -0.6492040828112094 -0.6511495462882949 -0.6530817064772801 -0.6549488645955387 -0.6568128637558135 -0.6586016930009261 -0.6603800392912287 -0.6620977510811288 -0.6638221134084207 -0.6654742366512141 -0.6671180405691727 -0.6687070399487229 -0.6703031401286985 -0.6718449102539371 -0.6733725197767676 -0.6748478145657653 -0.6763221697136149 -0.6777615578143685 -0.6791994589664055 -0.6805798629313577 -0.6819554011201725 -0.6832906676788959 -0.684630832724658 -0.6859398706962436 -0.6872392053989667 -0.6884906787639111 -0.6897359198859506 -0.6909211047524617 -0.6921630528708438 -0.6933718952624445 -0.6945640294383285 -0.6957061729443328 -0.6968506544443789 -0.6979613901411654 -0.6990789441162741 -0.6978811589874052 -0.6972265080304554 -0.696706699986713 -0.6962521627561997 -0.6958496618262777 -0.6954864383226234 -0.6951577100113331 -0.6948590887316066 -0.6943322728710072 -0.692329843396391 -0.6900875509031252 -0.6888051119025089 -0.6881131525894983 -0.6876594027770851 -0.687201328800938 -0.6870381345390909 -0.6870007693250845 -0.6870458836847805 -0.6870569693162332 -0.6872311070045368 -0.6872920300391839 -0.6874712588463716 -0.6874671992586125 -0.6878365581741105 -0.688018168369311 -0.6888488311415235 -0.6895290415386797 -0.6901410828230885 -0.6908130824785326 -0.6917552443410848 -0.6923359166706557 -0.6931264733113209 -0.6938427112208888 -0.6944263649946035 
# Stellar mass-weighted [N/O]:
0 0.0 0.0 -1.6815588027388904 -1.8316361506552696 -1.5724803813608799 -1.165818885307508 -0.8516373497806269 -0.6334347867458634 -0.4848633563127036 -0.3781317260442807 -0.30142207830870804 -0.24544221768047092 -0.20201892319539105 -0.1657279960570719 -0.13389398257587148 -0.10449158447467943 -0.07580606482804075 -0.047736361213492895 -0.020833332603681254 0.003135218690388908 0.023701317567614733 0.041304033324017886 0.05661079663824864 0.07007687178635258 0.08154582212298245 0.09049467434513081 0.09710086415031283 0.10175664241346505 0.1047789260400026 0.10640615162978395 0.10683329715346646 0.10620663123979901 0.10464843157044201 0.102453079594791 0.10023790413674283 0.09825168791745476 0.09648275036796006 0.09489960596353475 0.09344341080217189 0.09209497574412906 0.09083996028853358 0.08966267836072972 0.08856579821804555 0.08752003671964792 0.08652077086166943 0.0855917035618925 0.08471364483605226 0.08386240035795245 0.08305136501391353 0.08225964848464296 0.08152040030846996 0.08079718263753821 0.08011231959612186 0.07944823721719663 0.07881334206513524 0.07820617061331159 0.07761942140085998 0.07704949585112486 0.07650950891990393 0.07597539023791722 0.07545967474906079 0.07496749641194211 0.07449617589351132 0.07402417221634261 0.07357509719768374 0.07313644136993558 0.07271485428754354 0.0722847087244608 0.07188831788150485 0.07150466515276965 0.07112423452675554 0.07074162193849243 0.07037935033703968 0.07002895226625094 0.06967727079883124 0.06932951519021269 0.06899445820054395 0.0686757773935982 0.06836740861350998 0.06804209422161567 0.06773187251676926 0.06739798036443745 0.06713466122508926 0.06686691284815938 0.06658460180349335 0.06629856650532262 0.06602230918920593 0.0657618453649157 0.06551558779728117 0.06525803024368138 0.06499575067870811 0.06473967774000533 0.06447396494863178 0.06425125435809087 0.06403826659650602 0.06381238397139177 0.06357894647476081 0.06334382775092184 0.06312003243395303 0.06289824621091167 0.06311834904192681 0.06324450235018308 0.06333141680254384 0.063394708807051 0.06345176727750301 0.06350563310487156 0.0635604486866026 0.06361641137429352 0.06372865837126906 0.06409146042219693 0.06465813926264641 0.06508814809808372 0.06558215075085683 0.06600723482290549 0.06652973442183607 0.06708897906954814 0.06761738270736617 0.06781225034017069 0.06812357883259901 0.06865507768980961 0.069017388305889 0.06941362605292378 0.06949561085489775 0.07017293113090917 0.0706559228097473 0.07201095386097578 0.0730637718744317 0.07399680824162602 0.07494888204379291 0.07603614949714388 0.07691829171632514 0.0777819680916062 0.07879331807327272 0.07942194812904046 
# Stellar mass-weighted [C/O]:
0 0.0 -1.1102230246251565e-16 -1.1820800631322201 -1.2110694496890202 -0.9687378326361007 -0.8532145651972929 -0.8179890801968375 -0.7823612917583416 -0.7460525295428784 -0.7169506330777988 -0.6930856765642373 -0.67275956951436 -0.6550737950547457 -0.6392612890447055 -0.6248131862935137 -0.6112992402175803 -0.5983095721272759 -0.5857857875632023 -0.5736960140972428 -0.5619134178574576 -0.5503745843440027 -0.5391239628738976 -0.5281702631598181 -0.5175003453057178 -0.5063452359354789 -0.493631584410151 -0.4793135706953586 -0.46381687903255975 -0.4475589715796754 -0.43086597261432014 -0.4139677101755792 -0.3970216227434752 -0.38013159260298124 -0.3631618238728168 -0.34579883692527846 -0.32806017184074254 -0.30997281433799695 -0.29171351260734435 -0.2734789868553493 -0.2555983555840027 -0.23789768332117733 -0.2204430403476511 -0.20347148236556883 -0.1867078484467073 -0.17044595049780076 -0.15444233935413676 -0.13899549949062234 -0.12358130376142568 -0.10905982579270074 -0.09449460818752936 -0.08075853479880901 -0.06717718947759566 -0.05447718516268274 -0.04221992158639615 -0.03033078630725028 -0.01901291874161104 -0.008264789036208975 0.0025475867356327675 0.012549032006122118 0.02231615576065779 0.03193318935174469 0.04124791371021064 0.04998452741093107 0.058739117099532806 0.06730282347535604 0.07537182637829168 0.08295034984190455 0.09054803020998492 0.09775195806861439 0.10448464460567494 0.11087939888095782 0.11728484910237574 0.12345837912413998 0.12923645578931772 0.13466285437552514 0.14012215969140054 0.14537989254789102 0.1506084937000506 0.15537329171156483 0.16002489161581052 0.16458473096831266 0.1692012470101208 0.17352377433831528 0.17758206162900786 0.1814489371260956 0.1853579068380493 0.18921512352323983 0.1931178813914746 0.1966141501872456 0.19995705233786473 0.20320930145060218 0.20651472572327526 0.20974813584722007 0.21307321825823536 0.21610092141392867 0.21894982887745923 0.22169327749219805 0.22447528772224506 0.22722802036789436 0.230042883085966 0.22703461295759855 0.22536837491882877 0.22405626338870344 0.2229204057690034 0.2219104231073603 0.2209950496338 0.22015867247227178 0.21938875730156865 0.21800911738425655 0.21281985301966397 0.20674485939584417 0.20309991183111334 0.20073642950935347 0.19903159584240662 0.19717050692699917 0.19594075318491183 0.195064677249824 0.19488336360098268 0.19443550180808644 0.1940377329837884 0.19363019904456563 0.19347800569778473 0.1933411628138189 0.19320063039466984 0.1928741139931201 0.19280713789964787 0.19282071428695305 0.1928389857165817 0.19300999096000587 0.19360739226700346 0.1936189064427318 0.19420635467023442 0.194367376672763 0.194762066227297 
# Stellar mass-weighted [O/H]:
0 -5.27906921380823 -6.608765677553581 -4.698991920586764 -3.124548018998367 -2.8973441658462384 -2.845206887977554 -2.841323620044201 -2.844384870485018 -2.8456376716562115 -2.845619454829399 -2.8450016078432476 -2.8441100809438273 -2.8430900060854087 -2.842016942628902 -2.840932018093728 -2.839854150843049 -2.8388046600570984 -2.8377493220104792 -2.8367243983218726 -2.835740853919006 -2.8347980862092594 -2.8338940655785922 -2.8330182691516272 -2.8321713659133687 -2.8313595545663928 -2.83057780674849 -2.8298141188175494 -2.8290731437367906 -2.828355509373627 -2.827659102071018 -2.826982780910206 -2.826322854146743 -2.8256771359309125 -2.825051348846239 -2.8244481123741005 -2.8238526610317587 -2.823257834559139 -2.822681278865466 -2.822117523591788 -2.821564065763198 -2.8210185593001587 -2.8204748161821867 -2.8199556226819738 -2.819434369920595 -2.8189331582235786 -2.818433369441907 -2.8179484573248788 -2.8174676137303614 -2.816994199464288 -2.816528114097528 -2.8160830910221053 -2.815628156644454 -2.815197847728961 -2.81475448424046 -2.8143345930894013 -2.813927826724723 -2.81351306694856 -2.8131089447123347 -2.8127298039075104 -2.8123314663364916 -2.811943291915923 -2.811576011155986 -2.8112162010872392 -2.810830150982154 -2.8104761748241858 -2.8101393122352896 -2.8097863387255435 -2.809425237518747 -2.8090967626529446 -2.808777669398842 -2.808445149377113 -2.808100465093079 -2.807789236205119 -2.8074935766045863 -2.807184305586568 -2.806859754238701 -2.8065512830688393 -2.8062663728543207 -2.8059894773647365 -2.8056924917278163 -2.8053904261346165 -2.805094592285891 -2.8048310241658223 -2.8045708609087914 -2.804300742885766 -2.8040167255744617 -2.803730554398257 -2.8034645648167498 -2.803231483080234 -2.8029871565221196 -2.802733357493346 -2.802463006818792 -2.802163857583971 -2.80192847126213 -2.801722592541809 -2.8015008227618363 -2.801265561141493 -2.8010175799025125 -2.8007681039920813 -2.8005130484315854 -2.80078989346982 -2.8009711609720034 -2.801110407360728 -2.801214988677275 -2.801300381346717 -2.8013718596400414 -2.8014340187854367 -2.8014964628995536 -2.801673456283143 -2.80218862920787 -2.8027843925379905 -2.803094531949503 -2.8033180026396147 -2.8035033745103224 -2.803635764880548 -2.8037036206482187 -2.803749676315708 -2.8037286681317948 -2.80377601019316 -2.8037766041458774 -2.803745388796374 -2.8037492584192183 -2.8037461800659607 -2.8036753854276286 -2.8036426088044806 -2.803453044529399 -2.8033214259867147 -2.8032262504555225 -2.8030920747800447 -2.802832563221652 -2.802757586232987 -2.8025368344340293 -2.802413630998317 -2.8022965127195194 
# Gas [Mg/H]:
-5.27906921380823 -6.850653806122718 -4.596171223109161 -2.538615585409733 -1.9593033723339648 -1.614498652458808 -1.4053499229738664 -1.1877867023107482 -0.8001177857170125 -0.4180912029444439 -0.21487114808162833 -0.16536073292061992 -0.1739986246145966 -0.1928688063162758 -0.20993265598439592 -0.22107250815442558 -0.22358650832133353 -0.2221536408452076 -0.220592250319668 -0.22334011437903012 -0.230229672130692 -0.23787024436414583 -0.2458444050938331 -0.25372863581333505 -0.2599928663009585 -0.26257807177709136 -0.2640246238914168 -0.26528790055172546 -0.2655132279099046 -0.26774617490995656 -0.26858706406602995 -0.26887580416543067 -0.269623970526653 -0.2668246795558957 -0.250549978478416 -0.22751000035341118 -0.20510617068517867 -0.18462742941474009 -0.16281528699283143 -0.14501136412598825 -0.12671270434742787 -0.11029732774409418 -0.0950677557129298 -0.08002784291885146 -0.06653635975922878 -0.05365701603281714 -0.04129399974112413 -0.029716862457354054 -0.017634524817693453 -0.008549807880042337 0.0010205986848497162 0.00029384754642691746 -0.005162029311606808 -0.013195596889448602 -0.024292012334042212 -0.03094719921504563 -0.0380620292923215 -0.049960820896247427 -0.0566664635991474 -0.06588415231919065 -0.07429417639788394 -0.08152298802039493 -0.09115104162508736 -0.10188610442634793 -0.1033269348950574 -0.12290307036959724 -0.12829735096941075 -0.13533244569402036 -0.14342508961741895 -0.14449365842990503 -0.1520575662174002 -0.1627540567301935 -0.17214353750767408 -0.17353938768984012 -0.17865716454394764 -0.18737740418104565 -0.1970567402817638 -0.2040997274214975 -0.20644930121242844 -0.213900492040767 -0.22477616052577432 -0.23691744022356254 -0.2431824632571864 -0.2438081755302557 -0.24924677279214436 -0.2645286145707386 -0.2744185649151687 -0.286491514213731 -0.2830926162844012 -0.2897268290086563 -0.3026158951763751 -0.3199736763230927 -0.3151202398145667 -0.3267771626670495 -0.3337351647057849 -0.3366009620145398 -0.33804223305333014 -0.35267304029991386 -0.3712209754264295 -0.3816048028397301 -0.3889933098515028 -0.3877698896804693 -0.3861765924784164 -0.3849198378843912 -0.38578730223289703 -0.38813095424701327 -0.3901554249070971 -0.3925915499980226 -0.3951962901142734 -0.39624369712376506 -0.40849122052836506 -0.42934030165258985 -0.4434040193686837 -0.4562505775370038 -0.46604758103169264 -0.47566511327751027 -0.48258673663410345 -0.48758913132731063 -0.4895491565575787 -0.49161925162778086 -0.49441351029900105 -0.49582089668802976 -0.49630720780797866 -0.4959935878708128 -0.49655776795060014 -0.49469010605566854 -0.4910605674825437 -0.48676872962427264 -0.4841484295324241 -0.4833019687755389 -0.48405841057460997 -0.48391434040817405 -0.48524669446808577 -0.4864754285464148 -0.4874850156792565 
# Gas [C/H]:
-5.27906921380823 -6.850653806122718 -5.601308250372654 -3.5296770558065784 -2.641305632809498 -2.115396406038613 -1.8153030085338404 -1.287214813585889 -0.6360689907537695 -0.1582253456553473 0.08513867139740583 0.16403634013300294 0.1802410065193314 0.18344633904106278 0.18621787163742853 0.19322636417014083 0.20683591485871577 0.22274487464660808 0.23806195217008064 0.25450947285293113 0.2709844982318237 0.28668214473038756 0.3005288403719959 0.313406659954262 0.3434716333145671 0.40220321346712096 0.46592398841890503 0.5223658986638702 0.5705445296376506 0.6118812317071387 0.6477100703901995 0.6792138906193022 0.7072142850331962 0.7359858922793632 0.7726944387576786 0.8117172048822692 0.8483355294347081 0.8815895250768437 0.9149599496285776 0.938397305133265 0.9648208790283128 0.9869166386426205 1.008532768843983 1.0293603829835631 1.047999325975761 1.0655767582644535 1.0821258863553234 1.1001066254949006 1.1115566972668773 1.1250858611083427 1.138342422753356 1.1484990608618704 1.153869865214952 1.1590461589429135 1.1643721819024608 1.16967758274542 1.1747935137518075 1.1792539887596236 1.1839941494086377 1.1880833466063634 1.192828896129341 1.197821500976953 1.2011137341100029 1.2046202431697077 1.2087470419587087 1.2106114116134017 1.2085600943099228 1.2060481027970256 1.202530281958925 1.1988934944025176 1.195614805140671 1.1909881646942089 1.186570282032538 1.184717207683573 1.1813037370807944 1.177219666613794 1.1692357910875963 1.1718108405608092 1.1690217670671346 1.1635273053892021 1.159159119242314 1.15485366785137 1.151272131735178 1.1480456699377473 1.1446171613829108 1.1400282948318403 1.136274810513433 1.1323335912600485 1.1294151906745413 1.1263832490273837 1.1224567797558413 1.1186855486675102 1.1149689424016476 1.1111882764345529 1.1079559250965403 1.1052934778969137 1.1021550314125226 1.097964923872989 1.0942912450530966 1.0917577619916665 1.090151089845771 1.0871688278723162 1.08551860831014 1.0842434776000025 1.0828954023383606 1.0815713471277069 1.080134936443518 1.078650829034573 1.0772486560231584 1.0747994584563063 1.0624405564987347 1.0378954842240633 1.0133497639892979 0.9897885122218679 0.9682026570504014 0.940564747229863 0.9162588267450085 0.8943107511920934 0.887812944162985 0.8739058596246094 0.855659042212233 0.8404274914284482 0.8311852676728542 0.8272427346929443 0.8110431694792442 0.7945032627127824 0.7657447381936184 0.7424225722353262 0.722918383641951 0.7056299258368766 0.6896535178970664 0.6766810511722485 0.6638948653112546 0.6527219296571394 0.6427481166016564 
# Gas [O/H]:
-5.27906921380823 -6.850653806122718 -4.373213451946485 -2.317777953124166 -1.819018778810734 -1.5473227462074206 -1.3723791162143986 -1.1424071334264392 -0.7098209906594732 -0.30821254493959316 -0.09899079184766446 -0.04246412906297037 -0.042370924634010265 -0.05478298038048024 -0.06850664890918567 -0.08058239825399882 -0.09235308355844829 -0.09666492876505739 -0.10351911500146027 -0.11236890288186574 -0.1218146614133957 -0.13038100410339748 -0.13908440931746524 -0.14758066979745355 -0.1552685290804141 -0.1604810755486552 -0.16555036342922902 -0.17048369317870637 -0.17550647753348603 -0.17927868467152352 -0.18320756040115604 -0.1870987588191415 -0.19142800280976946 -0.1953227608913446 -0.19519358046699464 -0.19297055471549385 -0.1925857429679274 -0.19259846729982177 -0.189113193957557 -0.18985074047374395 -0.18686335447647862 -0.18565570315651225 -0.18536489875197537 -0.18333960173834374 -0.1833336002485919 -0.1817380549636467 -0.1811717421179977 -0.18061142358398508 -0.17798995475933754 -0.18025151874687095 -0.1762353867386448 -0.1771720311649414 -0.17616409986728643 -0.17540023622941892 -0.1799503147528796 -0.17581385882442335 -0.17478341287130794 -0.18217005791802476 -0.1748894128651277 -0.1737024470886075 -0.17923559017451574 -0.17709533526433008 -0.17584908729867932 -0.17690253310502246 -0.18078809686730146 -0.17650001035568508 -0.17497184821170242 -0.1822214677308973 -0.18594272682715962 -0.1809218290057335 -0.18221761035226658 -0.18929141882725276 -0.19554260670739199 -0.18816226248053347 -0.18506509917234215 -0.19349647047363394 -0.20165758519615196 -0.20035909862451318 -0.1938073478431961 -0.19489567436650468 -0.2011850363644525 -0.20933444268268708 -0.20820281998497148 -0.2007942389002011 -0.20059831108703374 -0.20696881146359347 -0.21463232292598766 -0.21985302932179662 -0.2109534858671882 -0.20634556624801448 -0.21140900118372796 -0.21334047211026386 -0.19712147857430962 -0.2358367005677282 -0.23321787587248055 -0.2179298330763495 -0.2153161111522044 -0.21920817866178144 -0.225708741489282 -0.2318131908932637 -0.2369427464160343 -0.23517852797998184 -0.23031013393048339 -0.22783168177839297 -0.2277663130750227 -0.22840284887008533 -0.2297132779640223 -0.23144961666644015 -0.23290477342533444 -0.23251639461017026 -0.23620971178063943 -0.24420062041235457 -0.2509344701924845 -0.2574171910470642 -0.262372862247124 -0.2678461609615228 -0.27258558792788357 -0.27642423047227993 -0.2781091629804817 -0.2798106343372506 -0.2826363844009201 -0.2837472478508576 -0.28431318728795674 -0.2836933988146346 -0.2847566812041369 -0.2834265042792623 -0.2808803700729099 -0.2776228435726802 -0.27585069053812594 -0.2756122037051387 -0.2768700176026173 -0.277133192025103 -0.2788250949364808 -0.28032996591429216 -0.28160499500872493 
# Gas [N/O]:
0.0 0.0 -1.8573056399203525 -1.8363004299235186 -1.4200692571052458 -0.6577930276450654 0.029780469617164296 0.5578288447426992 0.8211709046286915 0.945674052144963 0.9975666362622289 1.0127370582188222 1.0183670463431855 1.0295582864903619 1.0467435806120993 1.0737194191529893 1.1160304061158812 1.1550161163220556 1.1909095131089455 1.2064509620102637 1.2052291961611465 1.1965902299878974 1.186661812841825 1.176496507070589 1.1566771910698825 1.1146367024511241 1.0569570043535936 0.9884711411464099 0.9092748202294558 0.8144536718857821 0.6987337880264275 0.5470204962827129 0.3232075870398363 -0.03729892874020402 -0.4653375516539757 -0.781133904643708 -0.914860598753477 -0.9088465446369549 -0.9700203246844059 -0.982212084285891 -0.9827482322654764 -0.9784001056554561 -0.9765323762002405 -0.9898268677759825 -1.0848818003226728 -0.9613783024888569 -0.9448424379726876 -0.9676982668347018 -0.9905829779401605 -1.018903130594071 -0.9982293324171332 -0.9817282194677177 -0.9672991864404468 -0.9633660201773444 -0.9391506797574083 -0.9322913791985961 -0.9209882291400018 -0.8834039873059161 -0.8965925480442472 -0.8810876998596986 -0.866574466087388 -0.8557216271194377 -0.842547657686658 -0.8266436717332599 -0.8211685503187669 -0.8514612429782418 -0.8001352953787757 -0.8445833390288124 -0.7918036641692063 -0.7787764302465139 -0.7836758219269433 -0.7974091126351373 -0.7854788858072295 -0.8002231443748411 -0.8067021631447344 -0.7883355212028429 -0.78487111296234 -0.7769390752187593 -0.7761398927271157 -0.8144555172625707 -0.7810435066281449 -0.957260113388158 -0.7176577865508713 -0.7080282978690415 -0.7495079374879072 -0.7593316607991847 -0.7771376568414319 -0.7421057210622388 -0.762519418021208 -0.7763103084474394 -0.7887620903892627 -0.7473097453581048 -0.7339817173262522 -0.7504328219625822 -0.7727512244636929 -0.7557201632824739 -0.7465232856697512 -0.7571416211338051 -0.750418025399405 -0.770903322692984 -0.7281627349267965 -0.7366401757234242 -0.7376105648157321 -0.7394301754459467 -0.7434710240398645 -0.7435962405279524 -0.7468394156157674 -0.7454813803995488 -0.7440054362726305 -0.7426461307407735 -0.7517278266928027 -0.7561348145020435 -0.7579454141146451 -0.7576709429417139 -0.7587876133415492 -0.7616155479384739 -0.7662142267833467 -0.7717229695557539 -0.7728474110673613 -0.776916321540494 -0.7825476163419032 -0.7880624230351914 -0.7921803682090838 -0.7946040635890546 -0.8019427951681386 -0.8124120934998806 -0.8311844934945378 -0.8490310830727363 -0.8630316936974667 -0.8738560439481593 -0.8823696537186452 -0.8902923406122669 -0.8942528671541219 -0.9003196248283074 -0.9042205508170826 
# Gas [N/H]:
-5.27906921380823 -6.850653806122718 -6.230519091866839 -4.154078383047684 -3.23908803591598 -2.2051157738524854 -1.3425986465972342 -0.5845782886837396 0.11134991396921823 0.6374615072053702 0.8985758444145642 0.9702729291558518 0.9759961217091755 0.9747753061098821 0.9782369317029138 0.9931370208989905 1.023677322557433 1.0583511875569984 1.0873903981074853 1.094082059128398 1.0834145347477513 1.0662092258844997 1.0475774035243597 1.0289158372731353 1.0014086619894682 0.9541556269024691 0.8914066409243642 0.8179874479677034 0.7337683426959702 0.6351749872142589 0.515526227625271 0.3599217374635706 0.13177958423006686 -0.23262168963154828 -0.6605311321209699 -0.9741044593592019 -1.1074463417214035 -1.101445011936777 -1.159133518641963 -1.1720628247596352 -1.169611586741956 -1.1640558088119688 -1.1618972749522154 -1.1731664695143253 -1.2682154005712647 -1.143116357452504 -1.126014180090686 -1.148309690418687 -1.1685729326994982 -1.199154649340942 -1.174464719155778 -1.1589002506326596 -1.1434632863077328 -1.1387662564067629 -1.1191009945102879 -1.10810523802302 -1.095771642011309 -1.0655740452239417 -1.0714819609093738 -1.0547901469483056 -1.045810056261904 -1.0328169623837677 -1.0183967449853375 -1.0035462048382824 -1.0019566471860681 -1.0279612533339266 -0.9751071435904777 -1.02680480675971 -0.9777463909963666 -0.9596982592522476 -0.9658934322792101 -0.9867005314623905 -0.9810214925146212 -0.9883854068553743 -0.9917672623170768 -0.9818319916764766 -0.9865286981584918 -0.9772981738432724 -0.9699472405703116 -1.009351191629075 -0.9822285429925977 -1.1665945560708453 -0.925860606535843 -0.9088225367692431 -0.950106248574941 -0.9663004722627786 -0.9917699797674198 -0.9619587503840359 -0.9734729038883962 -0.9826558746954532 -1.000171091572991 -0.9606502174683689 -0.9311031959005618 -0.9862695225303106 -1.0059691003361735 -0.9736499963588239 -0.9618393968219552 -0.9763497997955861 -0.9761267668886875 -1.0027165135862477 -0.9651054813428308 -0.9718187037034056 -0.9679206987462159 -0.9672618572243401 -0.9712373371148875 -0.9719990893980377 -0.9765526935797899 -0.9769309970659892 -0.976910209697964 -0.9751625253509433 -0.9879375384734423 -1.0003354349143976 -1.0088798843071292 -1.0150881339887778 -1.0211604755886734 -1.029461708899996 -1.038799814711231 -1.0481472000280334 -1.0509565740478433 -1.0567269558777443 -1.065184000742823 -1.0718096708860498 -1.0764935554970405 -1.0782974624036896 -1.0866994763722762 -1.0958385977791432 -1.112064863567448 -1.1266539266454165 -1.1388823842355924 -1.1494682476532976 -1.159239671321263 -1.1674255326373704 -1.1730779620906029 -1.1806495907425996 -1.185825545825808 
# Gas [C/O]:
0.0 0.0 -1.228094798426168 -1.2118991026824129 -0.8222868539987644 -0.5680736598311921 -0.4429238923194416 -0.14480768015945022 0.07375199990570389 0.1499871992842461 0.1841294632450701 0.20650046919597298 0.22261193115334163 0.23822931942154285 0.2547245205466145 0.27380876242413965 0.29918899841716423 0.31940980341166514 0.341581067171541 0.36687837573479665 0.39279915964521916 0.41706314883378526 0.4396132496894617 0.4609873297517154 0.4987401623949814 0.5626842890157755 0.6314743518481345 0.6928495918425763 0.7460510071711363 0.7911599163786623 0.8309176307913559 0.8663126494384442 0.8986422878429654 0.9313086531707077 0.9678880192246728 1.0046877595977632 1.040921272402635 1.0741879923766655 1.1040731435861346 1.1282480456070092 1.151684233504792 1.172572341799133 1.193897667595958 1.2126999847219073 1.2313329262243529 1.2473148132280998 1.2632976284733213 1.2807180490788856 1.2895466520262149 1.3053373798552135 1.3145778094920006 1.325671092026812 1.3300339650822377 1.3344463951723324 1.3443224966553398 1.3454914415698436 1.349576926623115 1.3614240466776486 1.358883562273765 1.3617857936949707 1.3720644863038565 1.3749168362412827 1.3769628214086824 1.38152277627473 1.38953513882601 1.387111421969087 1.3835319425216255 1.388269570527923 1.388473008786085 1.379815323408251 1.377832415492938 1.3802795835214619 1.3821128887399299 1.3728794701641065 1.3663688362531363 1.370716137087428 1.3708933762837483 1.3721699391853228 1.3628291149103307 1.3584229797557068 1.360344155606767 1.3641881105340568 1.3594749517201492 1.3488399088379486 1.345215472469945 1.3469971062954336 1.3509071334394211 1.3521866205818456 1.3403686765417295 1.3327288152753982 1.33386578093957 1.3320260207777739 1.3120904209759572 1.347024977002281 1.3411738009690206 1.3232233109732636 1.317471142564727 1.3171731025347706 1.3199999865423784 1.3235709528849298 1.3270938362618054 1.322347355852298 1.3158287422406234 1.3120751593783957 1.3106617154133833 1.3099741959977915 1.3098482144075396 1.310100445701013 1.3101534294484927 1.3073158530664766 1.2986502682793746 1.282096104636418 1.264284234181782 1.247205703268932 1.2305755192975254 1.208410908191385 1.1888444146728925 1.170734981664373 1.1659221071434667 1.1537164939618596 1.1382954266131522 1.1241747392793062 1.1154984549608113 1.110936133507579 1.095799850683381 1.0779297669920447 1.0466251082665288 1.0200454158080063 0.9987690741800764 0.9812421295420151 0.9665235354996841 0.9538142431973514 0.9427199602477354 0.9330518955714318 0.9243531116103816 
# Gas [Ca/H]:
-5.279069213808228 -6.850653806122718 -4.879040547990517 -2.8201575965010655 -2.1999608781670084 -1.811371061608205 -1.5468116869554311 -0.3175522399254227 0.48416905427663615 0.9891061696891121 1.2278770955805962 1.2922476901349116 1.2931918141214735 1.279746613695969 1.2644981230752883 1.2506713415004125 1.238725784413802 1.2282590147596384 1.218599325813206 1.209443525923473 1.2000325154076643 1.1919039578194637 1.1834637870280291 1.1752852625074928 1.1676622738562221 1.1621942727982706 1.156656185640494 1.1510772982934991 1.1458623143851066 1.1411479660563648 1.136711224230731 1.1322891861754698 1.1274784375723605 1.1227880015448353 1.1214865800027178 1.1219976461930798 1.1203261355976544 1.1205235520805363 1.1189409786665587 1.1163930913312052 1.117255404950586 1.1172269357229574 1.1159078734904355 1.1166822657579605 1.114230596344612 1.114323312888347 1.1135485746250158 1.1124449239325234 1.1135026320961092 1.1091722605949652 1.1131320786087198 1.1103825634780096 1.110699205538868 1.1114122250489258 1.1055969808450987 1.1101670063994806 1.110792014817891 1.1033758501135758 1.1094135092289727 1.1106042792979007 1.103928168650202 1.1062908333238521 1.1093507853600881 1.1052801573718058 1.0995655562106466 1.10678439178319 1.1068459821146757 1.09873473971337 1.0945097106167267 1.1007964793132885 1.0997213002631954 1.0916719422705858 1.084518829535834 1.093149342957405 1.0949410028718898 1.0882175503769451 1.078931507888682 1.0800812350612583 1.087236137917734 1.086231877792839 1.079052827403518 1.0698107461937783 1.0712610501989817 1.079793947081808 1.0804463439911531 1.0739099186176224 1.06575205137689 1.0571515925258712 1.068041041020984 1.0749139055676737 1.0721503719727012 1.0649755467936224 1.057126618420419 1.0497465960773447 1.0570537289002857 1.066566604546538 1.06640493330345 1.0607769528133248 1.0530279676149403 1.045609280162651 1.0404448015547247 1.0447976031550237 1.0499200662653951 1.052077077465138 1.052305765772739 1.0514167376728052 1.0498545101966332 1.047810574105398 1.0460349506679494 1.0467131627955695 1.042758511440815 1.0344467041694498 1.0284284578368954 1.0226671284898563 1.0186332861693987 1.0149865920800965 1.0121925637714613 1.010311925528593 1.0092427827246162 1.0088512733459352 1.0077415549447402 1.0082390270087949 1.0086507666619902 1.009385731608174 1.0104140305006846 1.0137315112768341 1.0196559286075946 1.0256443987684074 1.029472662926703 1.0312632469162537 1.0312476988589179 1.0320062739456768 1.0311738550195804 1.0304065623278476 1.0297664234294617 
# Gas [Ne/H]:
-5.27906921380823 -6.850653806122718 -4.520965797147623 -2.46324239440366 -1.8779806694840904 -1.5801571094953148 -1.4269683597064517 -1.3181059384870988 -1.149004174351278 -0.9873619448279811 -0.9113831825698213 -0.9180272963427916 -0.9378015051794124 -0.9546034615475287 -0.9689884622318043 -0.9783587948826584 -0.9903023659844115 -0.9970262368513838 -1.001889524090183 -1.0090752720535683 -1.0170324439463503 -1.024456456909431 -1.0324224765483718 -1.0398498851166922 -1.0467212491694289 -1.0502374164934025 -1.0537694462823008 -1.0584662678398526 -1.0604656939059733 -1.0617959401597723 -1.062029118114224 -1.064609592096292 -1.0687510128230757 -1.0679583695314934 -1.0559181373300826 -1.0421916643839708 -1.0260714896977907 -1.0094906506090826 -0.992406565595366 -0.9791285177615974 -0.9667010521072008 -0.9545205232619942 -0.9446814684412281 -0.9291959187007066 -0.9219405889351329 -0.9086005356065261 -0.9010261888720468 -0.8875917766689785 -0.8844036548495691 -0.875734553931216 -0.8652408272950076 -0.8581216652912431 -0.8567801603899445 -0.8550824690788401 -0.8486076275641645 -0.8394079856851135 -0.8392646739360723 -0.8353076369767418 -0.7606853940470417 -0.8569089581978817 -0.8691910154771305 -0.8349012289817024 -0.825736021475854 -0.8164156929792332 -0.8192514057669529 -0.8124304222570755 -0.8165667658359874 -0.8215784292829635 -0.8325084165953109 -0.8286933240861947 -0.8387648694392551 -0.843220328888953 -0.8534366151608364 -0.8505293540759826 -0.8571532736942569 -0.8619450384890577 -0.8740735416504224 -0.8749479127940729 -0.8794875640508053 -0.8817685851607093 -0.8918684477739003 -0.897434962928382 -0.9047658842274604 -0.9011360657813139 -0.9189382099033212 -0.9192774097128824 -0.9277774481321188 -0.938771330641198 -0.934426009197808 -0.9317943015511467 -0.9429317062587685 -0.9501148262535173 -0.9610952166813718 -0.968754501711981 -0.9745568917464844 -0.9672674086383362 -0.9761348041711111 -0.9804321669153042 -0.9893340262359809 -0.9918273931118708 -1.012200786940011 -1.019511755724074 -1.0105281847098464 -1.0097711165611187 -1.0115301649813322 -1.0137241430739552 -1.0159412184095151 -1.0187715941925592 -1.0214733994700884 -1.0242168478385807 -1.0389018481923369 -1.0653066141548564 -1.0836833156423715 -1.1006674566325394 -1.1141822089809459 -1.1283292267472005 -1.1387848578033664 -1.1456945434010732 -1.1492598330992072 -1.1528679221456395 -1.15791207374191 -1.1608124308558683 -1.1624881641129532 -1.1625205139684622 -1.1645480449448513 -1.164772752501153 -1.163994874788596 -1.1618622476421336 -1.1607654123810685 -1.1612029646925608 -1.162825481408861 -1.1633629441964306 -1.1651738429774818 -1.1668007747579248 -1.168176507965974 
# Gas [Si/H]:
-5.27906921380823 -6.850653806122718 -4.569056021994157 -2.5107948991504063 -1.9066042448559468 -1.5280508461295828 -1.2895322900176733 -0.35301847842448897 0.42031726448654805 0.9204026046279523 1.1580213838890758 1.2221312246434795 1.2230245661047197 1.2095566469723313 1.1942892184710665 1.1804317865930023 1.1685532668425944 1.1581000806697546 1.1484336881580384 1.13928432680148 1.129888684094075 1.1217339249915708 1.1132943870219338 1.105130062272456 1.0975134378354205 1.0920360245265806 1.08651477865592 1.0809236159244686 1.0757178694017595 1.0709922241267567 1.066515743337436 1.0621490992948286 1.057361022436805 1.052670869993031 1.051367565221815 1.0518769617354886 1.0502504386667937 1.0479377438256114 1.0497593427933105 1.0475717033452887 1.0477418654744937 1.0472335336024927 1.045729394841306 1.0463147122246732 1.0444330518888916 1.0446079809829882 1.0437351416806417 1.0424795075477444 1.0435470569347793 1.0392292607604552 1.0432807930678272 1.040502094989118 1.0407685512397884 1.0414780480016996 1.035744438554747 1.040248527903969 1.0409223917117605 1.033236683423942 1.039454822454446 1.0404896069441518 1.0338371079699282 1.0361877574978644 1.0392882293961958 1.0350007834707946 1.0297845295565442 1.0366706243737966 1.036621850123935 1.0285980612377141 1.0244584431399524 1.0306873023637118 1.0296138439907145 1.0215138021226537 1.014321824091735 1.022947272593064 1.0248070307495238 1.0180475338602544 1.0088067910805156 1.0099490026378697 1.0170990594103517 1.0160620161135006 1.008888305249862 0.9996553009944149 1.0010403137456838 1.00963966313426 1.010317304702538 1.0038325507710986 0.9954359101560524 0.9871863056365497 0.9978223165217472 1.0048515209852313 1.0019789781317248 0.9947352144119694 0.9869837457623638 0.9795684863487351 0.9867785938103211 0.9963328143048948 0.9961604829968826 0.9906425360451774 0.9828367562806486 0.9754392024425225 0.9702852466343668 0.9746096324381055 0.9793409883481865 0.9816826919414918 0.9820524704743301 0.9812330698647722 0.9796672408301119 0.9775977105956519 0.9758143338442733 0.9764960550073436 0.9725336063566679 0.9642089826160398 0.9581874456962898 0.9524385795263104 0.948406862071566 0.9447583266575887 0.9419660292851351 0.940077876558536 0.9390116548863583 0.9386160626821405 0.937508434591297 0.938006437766 0.93841811594447 0.9391524071657571 0.9401723988559918 0.9434973477857551 0.9494262870281425 0.9554055110977875 0.9592332246805984 0.9610241332032765 0.9610075331685097 0.9617656403938128 0.9609332267721289 0.9601655888464249 0.9595257822631256 
# Gas [S/H]:
-5.279069213808229 -6.850653806122717 -4.646111386058672 -2.587123419777809 -1.960160094348442 -1.573673963363996 -1.3344923865376686 -0.3676873781247494 0.4096734814589347 0.9104383763453745 1.1482008053900938 1.2123668034130821 1.2132827719999653 1.199829676037906 1.1845717358938197 1.1707148259000104 1.1588418934994178 1.14839708268055 1.1387101788513747 1.1295561349349015 1.1201706519739374 1.112025430997257 1.103594725288655 1.0954070453889382 1.0878010483814622 1.082329148918359 1.0768196492870605 1.0712343818649264 1.0660170950501486 1.0612991360534183 1.056796815309279 1.052442157294812 1.0476680220899142 1.0429564834306704 1.0416579780634403 1.0421635581323163 1.0405353462421236 1.0381715212458418 1.0399935110492886 1.0377841589648935 1.03796857571214 1.0374461957928194 1.0359554746191773 1.036492464190315 1.0345883253011614 1.0347870872142715 1.0338803776043224 1.0326380364751935 1.0336642969302163 1.0293929299727749 1.033360198280476 1.0305888789522126 1.0308931768594367 1.0316345415707415 1.0259135598100095 1.0304676143809135 1.0311104970607294 1.023443221477022 1.029681055204859 1.0307449966822113 1.0240999746089492 1.0264259821910575 1.0295950996076297 1.0253460693661616 1.0203334019187253 1.0269543746762406 1.026862527602117 1.0189091410156608 1.0146132485683328 1.0210744301211947 1.0200698843570817 1.0119285805874574 1.0047168308395107 1.013303604503053 1.0151740895143946 1.0084826197402497 0.999187056109486 1.000305539426673 1.0075108507045387 1.0064479145660963 0.9992738430038335 0.9900559710800891 0.9914198322143379 1.000008341451034 1.000737942671389 0.9941891753850962 0.9858406678535636 0.9776261254362892 0.9882575159203921 0.9951655538488962 0.9924308923623646 0.9851702193095697 0.9774701487598181 0.9700045988261308 0.9772117765561026 0.9867158688917708 0.9866364806666166 0.9811123548096679 0.9732740146545504 0.9658228873443484 0.9606869001376266 0.9650551409181807 0.9697503726515198 0.9720934109975019 0.9724936894551544 0.9716727531103193 0.9701117057166795 0.9680499573742187 0.966270368550946 0.9669620808583699 0.9629959193582516 0.9546848169155662 0.9486694325060734 0.9429061652675554 0.9388767703317038 0.9352297563505476 0.9324397573985133 0.9305518752755972 0.9294848433132885 0.929081973591388 0.9279840255880383 0.9284795724147967 0.9288903302420115 0.9296239435905163 0.9306432779859244 0.9339655758968943 0.9398914391655273 0.945866984377453 0.9496919176432375 0.9514818538268202 0.9514648917305206 0.9522226072189754 0.9513907291783781 0.9506231805744925 0.9499835633967968 
# Stellar mass-weighted [Mg/H]:
0 -5.27906921380823 -6.608765677553581 -4.91990727900499 -3.3453788050409354 -3.0747613333169976 -2.998453670753241 -2.9878023645047183 -2.990199312710196 -2.9918736062765108 -2.992104582446893 -2.9915829849174944 -2.9907684244754416 -2.989846404971999 -2.988873253470951 -2.9878734332729957 -2.9868457554530625 -2.985770012998498 -2.9846580740887694 -2.983533381734409 -2.9824312657141796 -2.981372571856042 -2.9803598446263946 -2.9793805138799794 -2.9784336721316977 -2.9775211704356046 -2.97663335648351 -2.9757556626021557 -2.9748943192646857 -2.9740453841725856 -2.9732225491300976 -2.97241600233793 -2.97162082117398 -2.9708357821630207 -2.970055174694884 -2.969249402592821 -2.968395956282058 -2.9674884777551034 -2.9665517141658606 -2.965590749376017 -2.9646030174036966 -2.9635941194624804 -2.962556792668358 -2.9615232214109204 -2.9604623480951204 -2.9594050704265067 -2.958329242549267 -2.95725778651256 -2.9561683057529535 -2.955084260900388 -2.9539805848774296 -2.9529164873661964 -2.951862142736842 -2.9508885886149665 -2.9499439063762223 -2.949061266608698 -2.9482312393548904 -2.947431738677044 -2.946652955180414 -2.9459504580133187 -2.945256125811472 -2.9445784608986783 -2.9439453225434695 -2.9433578218571537 -2.942757814966688 -2.942178306020148 -2.941681749541644 -2.941177503259845 -2.940654043773076 -2.940173444914789 -2.9397135538905976 -2.9392561205502394 -2.9387872069630383 -2.938356279248854 -2.937956209751751 -2.9375594808986243 -2.937141988311854 -2.936741290367509 -2.936376567551237 -2.9360362399860476 -2.9356828242230524 -2.9353286459560994 -2.9349810025421483 -2.934675494714348 -2.9343834576568435 -2.9340890877380614 -2.9337894624199583 -2.9334848045903072 -2.9332053142320946 -2.9329635116831607 -2.9327261889033593 -2.932485711507794 -2.9322421221350314 -2.931975406945141 -2.931731088030406 -2.9315338294792515 -2.9313424022593253 -2.9311370888345074 -2.930927038233973 -2.93072287910754 -2.9305113254541837 -2.930804911620652 -2.9310057129311238 -2.93116737290086 -2.93129425623681 -2.9314001451976557 -2.9314901625415226 -2.931569428654406 -2.9316480609265554 -2.9318556221167658 -2.9325077162401927 -2.9332784696084397 -2.933700646766283 -2.9339945140021335 -2.934234564581704 -2.934424851598463 -2.9345278295429837 -2.934597949157558 -2.9345799253304845 -2.9346399708552644 -2.934647153854052 -2.9346255712717646 -2.9346292422687377 -2.9346303047579454 -2.934551291778182 -2.934528504551313 -2.934316178864292 -2.9341682350010982 -2.9340645868548743 -2.9339117340308194 -2.933603556485025 -2.933524299056516 -2.9332614334866483 -2.9331233993539128 -2.9329867418772047 
# Stellar mass-weighted [C/H]:
0 -5.27906921380823 -6.608765677553581 -5.881071983718986 -4.335617468687388 -3.86608199848234 -3.6984214531748467 -3.6593127002410375 -3.62674616224336 -3.59169020119909 -3.562570087907198 -3.538087284407484 -3.5168696504581884 -3.498163801140155 -3.481278231673606 -3.4657452043872405 -3.45115339106063 -3.437114232184374 -3.423535109573682 -3.410420412419115 -3.397654271776463 -3.3851726705532625 -3.37301802845249 -3.361188532311446 -3.3496717112190852 -3.3377047905018715 -3.3242093911586412 -3.3091276895129083 -3.2928900227693507 -3.2759144809533023 -3.2585250746853376 -3.240950491085785 -3.223344476890219 -3.2058087285338948 -3.1882131727190552 -3.1702469492993792 -3.151912832872501 -3.133230648897136 -3.11439479147281 -3.0955965104471375 -3.0771624213472 -3.0589162426213363 -3.0409178565298376 -3.023427105047542 -3.0061422183673017 -2.989379108721379 -2.9728757087960442 -2.9569439568155014 -2.9410489174917878 -2.926054025256988 -2.9110227222850567 -2.8968416258209144 -2.8828053461220495 -2.869675032891644 -2.8569744058268567 -2.844665379396651 -2.8329407454663347 -2.8217778559847684 -2.8105613579767015 -2.8001807719013874 -2.790015310575834 -2.7800101025641775 -2.770328097445775 -2.761231673676308 -2.752091033882622 -2.7431733513488297 -2.734767485856998 -2.7268359888836384 -2.718877207308762 -2.7113448045843302 -2.7042930247931674 -2.697565750496156 -2.6908156159907026 -2.6843308570809787 -2.6782571208152683 -2.6725214512110433 -2.6667375945472998 -2.6611713905209493 -2.65565787915427 -2.6506161856531714 -2.6456676001120067 -2.6408056951663035 -2.635893345275771 -2.6313072498275067 -2.6269887992797836 -2.6228518057596695 -2.618658818736412 -2.6145154308750174 -2.6103466834252753 -2.606617332892988 -2.6030301041842545 -2.5995240560427435 -2.5959482810955166 -2.5924157217367503 -2.588855253003895 -2.58562167112788 -2.582550993884377 -2.579572283649296 -2.5765422921802665 -2.573540083624187 -2.57047016534562 -2.5737552805122217 -2.5756027860531745 -2.577054143972025 -2.5782945829082706 -2.579389958239357 -2.580376810006242 -2.5812753463131646 -2.582107705597985 -2.5836643388988865 -2.5893687761882056 -2.5960395331421466 -2.599994620118389 -2.6025815731302613 -2.604471778667916 -2.606465257953549 -2.6077628674633058 -2.6086849990658845 -2.6088453045308118 -2.609340508385074 -2.6097388711620892 -2.6101151897518076 -2.610271252721434 -2.610405017252142 -2.610474755032959 -2.610768494811361 -2.6106459066297516 -2.6105007116997614 -2.6103872647389403 -2.610082083820039 -2.609225170954649 -2.609138679790256 -2.6083304797637945 -2.608046254325555 -2.607534446492222 
# Stellar mass-weighted [N/H]:
0 -5.27906921380823 -6.608765677553581 -6.380550723325655 -4.956184169653637 -4.469824547207118 -4.011025773285061 -3.692960969824828 -3.4778196572308824 -3.330501027968915 -3.2237511808736787 -3.146423686151956 -3.089552298624298 -3.0451089292808 -3.007744938685974 -2.974826000669599 -2.944345735317728 -2.914610724885139 -2.8854856832239726 -2.8575577309255538 -2.8326056352286164 -2.8110967686416446 -2.7925900322545747 -2.7764074725133785 -2.762094494127015 -2.7498137324434104 -2.7400831324033597 -2.732713254667236 -2.727316501323326 -2.7235765833336245 -2.721252950441234 -2.7201494837567397 -2.7201162229069444 -2.721028704360471 -2.7225982692514474 -2.7242102082373583 -2.7256009731143047 -2.7267750841911793 -2.7277816729019317 -2.7286741127896157 -2.7294690900190686 -2.7301785990116247 -2.7308121378214576 -2.7313898244639283 -2.7319143332009466 -2.732412387361909 -2.732841665880014 -2.733234812488827 -2.7336052133724094 -2.7339428344503744 -2.7342684656128844 -2.734562690713636 -2.7348309740069165 -2.7350855281328394 -2.7353062470232636 -2.7355212510242657 -2.735721656111412 -2.7358936455476996 -2.7360594488612096 -2.736220294987606 -2.7363560760985743 -2.7364836171668614 -2.7366085147440433 -2.736720025193728 -2.736805978765811 -2.736901077626502 -2.7370028708653535 -2.737071484438 -2.737140528794286 -2.73720844477144 -2.737273004246073 -2.7373209148503577 -2.7373588431545857 -2.737409885868079 -2.737464624338336 -2.737507034787737 -2.737530239048488 -2.737556824868296 -2.7375905954607225 -2.737622068751226 -2.7376503975062008 -2.7376585536178473 -2.7376966119214536 -2.737696362940733 -2.7377039480606324 -2.737716141082272 -2.7377181590691393 -2.737708245209051 -2.7377027194518346 -2.7377158952829532 -2.7377291262784382 -2.7377376068146377 -2.7377233290787863 -2.7376898926353395 -2.7376772169040393 -2.7376843259453034 -2.7376884387904443 -2.7376866146667327 -2.737673752151591 -2.7376480715581284 -2.7376148022206745 -2.7376715444278936 -2.7377266586218196 -2.7377789905581844 -2.737820279870223 -2.7378486140692146 -2.7378662265351696 -2.7378735700988344 -2.73788005152526 -2.737944797911874 -2.738097168785673 -2.738126253275344 -2.7380063838514186 -2.7377358518887576 -2.7374961396874182 -2.737106030458712 -2.7366146415786696 -2.7361322936083416 -2.735916417791624 -2.7356524313605606 -2.7351215264560675 -2.7347280004904846 -2.734335632366294 -2.7342505692110626 -2.73350245429672 -2.7329866859947343 -2.7314420906684234 -2.7302576541122834 -2.729229442213896 -2.728143192736252 -2.726796413724508 -2.7258392945166623 -2.7247548663424235 -2.7236203129250445 -2.7228745645904784 
# Stellar mass-weighted [Ca/H]:
0 -5.279069213808228 -6.608765677553583 -5.1981424408667465 -3.6268331535941467 -3.3328116616397825 -3.2405035915121445 -3.2207930896649692 -3.063314207378175 -2.918661718273107 -2.8239709506142994 -2.758535573884732 -2.7098883308161774 -2.671605496615097 -2.640239911422908 -2.61379411497542 -2.591016810612965 -2.571077238563147 -2.553390366711925 -2.537534030492205 -2.5231914233464057 -2.5101243541425973 -2.4981363184827394 -2.4870755291450646 -2.476817727897936 -2.467269613865083 -2.458345059678706 -2.4499701140005516 -2.4420866329771265 -2.4346480606804466 -2.4276091477112267 -2.4209315926947284 -2.414581355813402 -2.4085324115325406 -2.4027615536480234 -2.397249917040785 -2.391968968930568 -2.386898673143085 -2.3819866807237133 -2.3773378075847624 -2.372859326782816 -2.368525478527232 -2.364293471947546 -2.3602803960719214 -2.3563432569346947 -2.352606991578174 -2.3489357155845205 -2.3454301333352436 -2.3419818850277814 -2.3386774553466783 -2.3354288832096906 -2.332319667530207 -2.3292473558241538 -2.3263090109037234 -2.32338999273471 -2.3206028781971817 -2.317846292453111 -2.315183993578742 -2.312561995767406 -2.310038040222455 -2.3075206355508318 -2.3051025296794254 -2.3027124044959706 -2.3004095854746405 -2.298104650381082 -2.295902509914856 -2.293715169088438 -2.291590782233121 -2.289471081323434 -2.2874428970022986 -2.2854257596142373 -2.283462975797132 -2.2814968842931833 -2.2796186708589934 -2.2777493319949604 -2.275932538475719 -2.27410708689115 -2.2723476311544593 -2.270604726811559 -2.2689188666852678 -2.2672252700743467 -2.2655743274721356 -2.2639302130187176 -2.2623490902093293 -2.260773401287466 -2.259239818889384 -2.257696537207269 -2.256186062303464 -2.2546938584961014 -2.2532608959531037 -2.251826519582604 -2.250424769311329 -2.2490123338531944 -2.247628880028655 -2.2462528385986245 -2.244936062984933 -2.243619247880356 -2.242334993881827 -2.241037008831854 -2.2397676159993516 -2.23848610627243 -2.239863294071208 -2.2406458680046937 -2.2412626409805227 -2.2417847853828334 -2.2422398762738567 -2.2426449065992946 -2.243008892573428 -2.243345498329246 -2.2440061281839077 -2.2463595503873064 -2.24901262805491 -2.2504989029384905 -2.251356438897572 -2.2519575642867906 -2.2525094208787264 -2.2527261705539923 -2.252805796792204 -2.252743139593691 -2.2527799076973185 -2.2526200578428766 -2.2525324722123266 -2.2523714109385944 -2.252371947522147 -2.2519612754994487 -2.2517614230382534 -2.250807723139001 -2.2500505284092354 -2.249392637866819 -2.248640356065999 -2.2475141905967293 -2.2469052729495074 -2.245957160250403 -2.2451750422804473 -2.244521265410069 
# Stellar mass-weighted [Ne/H]:
0 -5.27906921380823 -6.608765677553581 -4.845509483840123 -3.270029049623531 -2.996047337738661 -2.931324421909258 -2.9275459313861347 -2.9342705895859105 -2.9399584221491253 -2.9437588327214357 -2.9462886194612024 -2.9480579175574597 -2.9493348799220067 -2.9502856947793124 -2.951014458844665 -2.9515802771242168 -2.9520299044022282 -2.952387514267607 -2.952675426878275 -2.952909949553888 -2.953104077644495 -2.953265198031887 -2.953392660419734 -2.9534924931872233 -2.953578806803476 -2.953651675745875 -2.9537036390993068 -2.95374392061456 -2.9537718977493377 -2.9537925545696604 -2.9538043742624307 -2.953807387441417 -2.9538009776651233 -2.9537912360389322 -2.953780313637675 -2.953756742483698 -2.9537118284176636 -2.953663466174035 -2.9536102490106115 -2.9535496977611793 -2.953483120443556 -2.9534080465591845 -2.9533356990253656 -2.953249995894673 -2.9531680876285042 -2.9530781427778354 -2.9529870806560368 -2.952891779971904 -2.952793027943388 -2.9526955140955016 -2.9526013435472738 -2.95249530423923 -2.95240145161448 -2.952292577942453 -2.952190901363129 -2.9520976179459515 -2.9519894789761567 -2.9518818379387692 -2.9517502638279893 -2.951670258710805 -2.9515826571229544 -2.9514939080876745 -2.9514008706429706 -2.951280041693617 -2.951184316091629 -2.951101617786251 -2.9510019061727553 -2.9508912030018895 -2.9508087171997435 -2.95073553525265 -2.9506458911003524 -2.9505414999797663 -2.950464952066068 -2.9504059943418746 -2.950332855029097 -2.9502375070718845 -2.950153636682124 -2.950095327765255 -2.950043411384261 -2.9499703271131725 -2.9498864108553287 -2.949807646139422 -2.949759208498909 -2.949715397065521 -2.949660695761227 -2.9495873923401943 -2.9495062599346724 -2.949451615780889 -2.9494236261304003 -2.949384173853012 -2.9493273044610646 -2.9492600921956367 -2.949189353458162 -2.9491368833451226 -2.949114538981192 -2.949087334186946 -2.9490443517451066 -2.948988557904178 -2.9489265682002763 -2.948859817416536 -2.9489417518441217 -2.949017782582664 -2.94907677038666 -2.949111078511053 -2.9491336695508137 -2.9491479082260685 -2.949158182896693 -2.9491735829764103 -2.94926832243159 -2.949478887654699 -2.949734599650774 -2.9498514372387916 -2.9499698414988424 -2.9500896571472826 -2.9501536267324706 -2.9501962629867196 -2.950236408241559 -2.9502211394375264 -2.9502709204405884 -2.9502972497494797 -2.9502734115648126 -2.9503043785296565 -2.950300312541727 -2.9502811695762876 -2.950276229134806 -2.950205747971065 -2.9501735807626526 -2.950170305324277 -2.9501350097023087 -2.9500104859750964 -2.950024818318435 -2.9499176677830086 -2.949903157164706 -2.949874038444868 
# Stellar mass-weighted [Si/H]:
0 -5.27906921380823 -6.608765677553581 -4.893099333306427 -3.3175802600527096 -3.0327967947464556 -2.944902983118915 -2.9291300793662876 -2.8566085965378827 -2.7769621002850826 -2.71811123299795 -2.674436461265582 -2.6404426459023407 -2.612819988066672 -2.5896430532670873 -2.569735654783213 -2.5523315848413706 -2.5368997944176925 -2.5230663344578605 -2.510552784031865 -2.4991440313367415 -2.488677435282999 -2.479017216598617 -2.4700535004796063 -2.461697616139274 -2.4538853579532836 -2.4465540254978366 -2.439646292636386 -2.4331215704909965 -2.4269444683168633 -2.4210823136764494 -2.4155063539896755 -2.4101878217765025 -2.405108097388637 -2.4002513546295416 -2.3956040858237397 -2.3911415628158625 -2.3868461782244212 -2.3827230288177743 -2.378745757775672 -2.374912712241338 -2.3712120891550335 -2.3675986363274637 -2.364169286035258 -2.360800806077526 -2.3575916698889126 -2.3544344770446806 -2.3514178422278995 -2.3484493641675845 -2.345599860629764 -2.3427963782783348 -2.3401094746275346 -2.337451358740328 -2.3349083714799725 -2.332377371850848 -2.329959188734799 -2.3275673244713015 -2.325252242475603 -2.3229740952089557 -2.320778739396628 -2.318586926453732 -2.3164790394125836 -2.314396343612178 -2.3123871377440937 -2.310373992388728 -2.30844703781126 -2.3065370796134257 -2.3046786910432937 -2.302821152478465 -2.3010445068498413 -2.299278220321191 -2.2975557070956683 -2.2958283699910655 -2.294180191648617 -2.2925406718280676 -2.290943622783786 -2.2893362205191448 -2.2877865400148574 -2.286253742052388 -2.2847704547361785 -2.2832776302052578 -2.281820075084985 -2.28036854679575 -2.278975244950858 -2.277586097566612 -2.276231407378056 -2.274865683943746 -2.273528775303004 -2.272207889460274 -2.2709435650541607 -2.269675033461299 -2.268433454293598 -2.2671810934082464 -2.265952534356787 -2.264732499349212 -2.2635679551657484 -2.262402229611302 -2.2612630293532145 -2.2601093179474914 -2.258980099869027 -2.257839209674148 -2.2590657772476375 -2.259765881852343 -2.2603175726838396 -2.2607828695482732 -2.2611874493994577 -2.261546680866342 -2.261869096530366 -2.2621679069230707 -2.2627618729318595 -2.264862821269811 -2.2672313739577987 -2.2685542670935748 -2.2693225453329164 -2.2698654141606065 -2.270357821087039 -2.270552258989059 -2.270625753280048 -2.2705682365859436 -2.270605648211353 -2.2704664315923075 -2.270385604907971 -2.270246122362434 -2.2702459440368825 -2.2698795771328815 -2.269702214447136 -2.268848904124604 -2.2681747256886924 -2.267592413110516 -2.2669219593992542 -2.2659099641763163 -2.2653731307993104 -2.2645205694582824 -2.263826288313358 -2.2632449409158584 
# Stellar mass-weighted [S/H]:
0 -5.279069213808229 -6.608765677553582 -4.969229467635025 -3.3939008856322017 -3.095858520786688 -3.003530445137857 -2.986900648153229 -2.906065801948836 -2.8190207935225278 -2.755650553111985 -2.7090651393565937 -2.6730319359859234 -2.6438843277987 -2.6195120010042645 -2.5986351411814024 -2.5804249695367734 -2.5643087942780918 -2.5498848269506658 -2.5368565126993916 -2.524993021295579 -2.5141204328002233 -2.504094852895351 -2.4948002465658456 -2.4861438231000292 -2.478055714771968 -2.470470282229627 -2.463327429898448 -2.456584343100956 -2.4502042493054264 -2.444152098137317 -2.4383987170290338 -2.4329129679014816 -2.4276754976198793 -2.4226702439173176 -2.417882112565982 -2.4132861176243194 -2.4088640210652468 -2.404621231204202 -2.400529463488076 -2.3965875496435585 -2.39278242091362 -2.389068244152978 -2.3855437077581856 -2.382083440775073 -2.3787876688785277 -2.375545464165924 -2.37244879119552 -2.3694017417913766 -2.3664781153651155 -2.3636012995541043 -2.360845614587718 -2.3581198795499274 -2.3555118391796137 -2.352916643215578 -2.350437178523987 -2.347984266654616 -2.345611500766765 -2.3432764521771894 -2.341025978821234 -2.3387797873852723 -2.3366198937378018 -2.3344858581872057 -2.3324269284728496 -2.3303645127220634 -2.3283882966144906 -2.3264323313250923 -2.324530020952338 -2.3226281400512203 -2.320810146870402 -2.3190005189142564 -2.3172363004986654 -2.3154680896285518 -2.3137806360648216 -2.3121021499209 -2.3104676955426022 -2.3088226793914073 -2.307237176464162 -2.3056686068039616 -2.304150447021075 -2.302623405165149 -2.3011328020487642 -2.2996481743796044 -2.2982228153526503 -2.2968018339186944 -2.2954162754979928 -2.294020307425905 -2.2926536848688173 -2.291302788504434 -2.290009388238955 -2.288712917213842 -2.2874434780419826 -2.2861635340416724 -2.2849078127626017 -2.2836608400791336 -2.2824700854314433 -2.281278646555556 -2.2801141870850135 -2.2789353218071042 -2.2777818957916764 -2.276616929486159 -2.277869369411248 -2.2785836241225095 -2.279146584913023 -2.2796217117102184 -2.280034987073976 -2.2804020622629606 -2.28073158239686 -2.2810368508487757 -2.2816422274062154 -2.2837866059108842 -2.2862039135176504 -2.2875547654113264 -2.288338263855053 -2.2888912066913365 -2.2893937896446994 -2.289592020136487 -2.289666564079197 -2.289608136105791 -2.2896454765153154 -2.2895027404249486 -2.289420713713664 -2.289277553930334 -2.289277486223246 -2.2889034040318936 -2.2887223000901296 -2.2878516090417964 -2.2871631806893937 -2.286568037766364 -2.285883499873706 -2.2848516738696087 -2.284302697872649 -2.2834335070377305 -2.282724268087839 -2.2821306209148773 
# Gas metallicity, [Z/X]:
-5.30126003947095 -6.872844631785441 -4.638556635574802 -2.581774209337536 -2.0271082309947115 -1.4804564609495194 -0.8047021753135193 -0.19286171687494358 0.2937105346972615 0.611993424632022 0.749991539745437 0.7775758502701974 0.7768346904781382 0.7633554768632653 0.7489100490946017 0.7360500780376833 0.7282197924565639 0.7230661219359904 0.7190130662618023 0.713508213162855 0.7060147867001002 0.6993022016150701 0.6914843574871399 0.6849906024416297 0.6776398594155815 0.6747103869937512 0.6690928422639228 0.6684546754718104 0.661134531739473 0.6637343641861395 0.6538892484173788 0.6614496638226328 0.6450684153475468 0.6651307269365503 0.6353705359396502 0.6962234259378881 0.6083220403183043 0.7684396423292283 0.4585506798393437 0.9365740185126153 -7.366203083243025 1.2109643651624895 -7.345231044610738 1.434291074998322 -7.32477540957124 1.6421161676986482 -7.304730947539641 1.8491029787784523 -7.285129175165606 2.0613751549836903 -7.266469295504887 2.2879314231826204 -7.250810615056 2.530899631937202 -7.238354975023508 2.7901321587553545 -7.216373393241135 3.0610399103065977 -7.201884276762417 3.3574781515613656 -7.192054919932849 3.6674496460841794 -7.171045635509158 3.994416815173791 -7.166219693228864 4.340683615640153 -7.145250702537163 4.695562715176373 -7.143851193328276 5.072107961159399 -7.1255132516161215 5.457465717479524 -7.127779291764853 5.863235733483886 -7.105171058078341 6.280975100689961 -7.1089931744127455 6.708454440080082 -7.088932646470976 7.15854833944169 -7.0857165435703795 7.608507817991614 -7.0824431098724645 8.084755254535375 -7.062243664980738 8.569480872901009 -7.066494443791518 9.053227500800142 -7.053629286088745 9.570125967290231 -7.039448867867929 10.090042421301652 -7.044539589604614 10.608618182340539 -7.035161729171056 11.158209580768586 -7.016306464878854 11.714279110328322 -7.02020298666473 12.268828732323136 -7.023712973964903 12.523880205003909 -7.498860515286818 12.496404817979036 11.058866827309798 12.307253923630697 11.831392575196526 12.095677948970144 11.934473110434096 11.928250523801744 11.660356992908847 11.461958099741452 11.340853648234935 11.250666711127769 11.182527401987166 11.104054410098831 11.046411918955865 11.000634746065852 10.988086414978001 10.963557745650668 10.931373284189071 10.905635946991831 10.89070658929526 10.884345822601023 10.857929610684108 10.83285883866337 10.793114349211105 10.764591111677852 10.74050210429583 10.719088219897282 10.699363398037747 10.683057278622247 10.667188595458411 10.653072450777886 10.64043025237746 
# Stellar mass-weighted metallicity, [Z/X]:
-4.152288344383056 -5.30126003947095 -6.630956503216304 -4.962051217228865 -3.388515466763823 -3.1315852110047526 -2.9949847399611897 -2.875699037008662 -2.7931851831838825 -2.754233347700196 -2.7361873341446277 -2.7243704622772507 -2.714216766504488 -2.7045649566518932 -2.6957300287392867 -2.687647637815358 -2.6802278927462906 -2.6732920118058914 -2.666767171564328 -2.6606096218474367 -2.654829244172615 -2.649418024473891 -2.644333068432533 -2.6395463453694514 -2.635001754815274 -2.6307118554996043 -2.626605884271992 -2.622710809529946 -2.6189243571365397 -2.615362857661217 -2.6118467003442234 -2.6085837234735108 -2.605274038531755 -2.602284481748775 -2.5990612216626854 -2.596392168591038 -2.5929896075225694 -2.5908816675126367 -2.586618277295333 -2.5861638280243335 -2.5790381675967122 -2.58215149234542 -2.567494246025457 -2.571985563924091 -2.5488605802939093 -2.5554046236132697 -2.5210900765577247 -2.5304384830311157 -2.4808349459861123 -2.493965628249021 -2.4234530254617495 -2.4415978189694636 -2.343493462762435 -2.367931932636 -2.233979235008083 -2.266007110934705 -2.088703567053698 -2.1291223341740197 -1.9048751916053674 -1.9535461658017936 -1.6855716486374177 -1.7411981061423776 -1.4296416462554296 -1.4913533701460542 -1.1448367890036122 -1.211025566709507 -0.8348339908120883 -0.9044437106430612 -0.5014910609371783 -0.573916167134245 -0.1509513176802133 -0.22536609475791813 0.22002653282268247 0.14358402556678218 0.604981899249788 0.5271175968957782 1.0077238166189195 0.9283099412508835 1.4254072749938378 1.344670878295256 1.8539350997241673 1.7722734708216525 2.3019854990212094 2.218864400744276 2.755944943151677 2.672249587520024 3.2296436977794083 3.1446497947775733 3.7161034032141043 3.630148148068317 4.20477413497384 4.118574990922769 4.717999709690323 4.630379180606757 5.240593911711846 5.152273761693032 5.764154691765169 5.675699216929969 6.31106005880654 6.221373495466495 6.86922649787886 6.778839813683016 6.749348888567384 6.73284925204261 6.721283140205864 6.712377092996661 6.70514815160988 6.699079327738499 6.693855633245314 6.685161202707126 6.6592412041868245 6.636155727524807 6.624671637569506 6.617710382345688 6.612947985485678 6.608181264983948 6.605049888859721 6.602908122240138 6.602461356132638 6.601409888841907 6.600378934067703 6.599506832449606 6.59910947412216 6.5988593718651325 6.59844984490838 6.597835042598464 6.5977049875962095 6.597712430071109 6.597903001296036 6.598527049649063 6.59950548571634 6.599695367894659 6.601023839980666 6.601429081141701 6.602392281481517 
# Number of SNIa (log_10):
0 0.0 0.0 0.0 0.0 0.0 5.3007867758350044e+53 2.0576832406601425e+55 5.073850146482975e+55 8.035985832794852e+55 1.0677996920805506e+56 1.300211955071794e+56 1.5062101803315268e+56 1.6908722720529467e+56 1.8581580338683367e+56 2.0110645940017493e+56 2.1518824371462504e+56 2.282393185005853e+56 2.4040108400671855e+56 2.5178756517791257e+56 2.6249207362658704e+56 2.7259197685340186e+56 2.821520921031212e+56 2.912273517818843e+56 2.9986474486719773e+56 3.081045718651553e+56 3.159820097195787e+56 3.2352769464149975e+56 3.30768287856845e+56 3.377275211044902e+56 3.444267767317912e+56 3.508861965172233e+56 3.5711899054806105e+56 3.6314203065189476e+56 3.6896971927016067e+56 3.7461411804367263e+56 3.800862722613389e+56 3.853952958299879e+56 3.9055306728419076e+56 3.95566805978262e+56 4.00443970319238e+56 4.051921254237755e+56 4.098174498042253e+56 4.143264480585632e+56 4.1872491556621025e+56 4.2301813842061065e+56 4.272110440291029e+56 4.313073130581908e+56 4.353132467015644e+56 4.39232023520753e+56 4.430666235274871e+56 4.468204771930307e+56 4.504979475746608e+56 4.541013688760474e+56 4.576339296813894e+56 4.610980366953876e+56 4.6449661296656405e+56 4.6782849125679005e+56 4.711043736988874e+56 4.743221672757504e+56 4.774837934262194e+56 4.805898437356216e+56 4.836405869541684e+56 4.866405918202465e+56 4.895921533627698e+56 4.92495426583009e+56 4.953526870218594e+56 4.981655234392243e+56 5.0093479833613365e+56 5.03661709977777e+56 5.063482034262723e+56 5.0899528026733875e+56 5.11602490867935e+56 5.1417348327158175e+56 5.167087633560925e+56 5.192082638947585e+56 5.216734236426271e+56 5.241051797902843e+56 5.265044485269827e+56 5.288718277443895e+56 5.312088168668756e+56 5.3351430613395845e+56 5.357919974748613e+56 5.380413907789096e+56 5.402626632999329e+56 5.424565734253439e+56 5.446240247423583e+56 5.46766294940999e+56 5.488823855402599e+56 5.509731657909143e+56 5.530407588666108e+56 5.550832050211028e+56 5.5710397824221305e+56 5.591042542478003e+56 5.61081322561274e+56 5.630363475858655e+56 5.649703891039542e+56 5.66884259845283e+56 5.687771663338208e+56 5.706503764640589e+56 5.725038672117399e+56 5.74337883232893e+56 5.761549758072425e+56 5.779537428228265e+56 5.797342845308859e+56 5.8149771669491526e+56 5.832435431015679e+56 5.8497204252009605e+56 5.8668423060189075e+56 5.900607018488741e+56 6.060510479329685e+56 6.3429771900646355e+56 6.586940546270148e+56 6.801656221791955e+56 6.993418526915923e+56 7.247366342492834e+56 7.469774879031168e+56 7.667621218815787e+56 7.729055569303842e+56 7.845796681109589e+56 8.007848385923055e+56 8.156497367248681e+56 8.249157438447888e+56 8.293746488674512e+56 8.461808831395718e+56 8.651895600920342e+56 8.980611012702426e+56 9.25830719353942e+56 9.498701192788379e+56 9.710722006676201e+56 9.900175131186289e+56 1.0071640037581604e+57 1.0228105965755115e+57 1.03720091285369e+57 1.0505220105798884e+57 
# Number of SNII (log_10):
0 0.0 7.92886653045439e+53 3.081617520938556e+55 7.72855323453952e+55 1.2117697152342052e+56 1.5664730406354402e+56 1.7320898140855798e+56 1.7820171016160063e+56 1.7949782644168672e+56 1.7981079919923462e+56 1.7988614350690692e+56 1.7990710691765237e+56 1.7991461076160585e+56 1.7991761191315306e+56 1.7991973299817382e+56 1.7992156025724128e+56 1.7992323234411497e+56 1.7992479104347152e+56 1.7992625568846402e+56 1.7992763905395496e+56 1.7992895050870493e+56 1.799301979056185e+56 1.7993138714621998e+56 1.7993252390962401e+56 1.7993361350540563e+56 1.7993466050835702e+56 1.7993566821760993e+56 1.7993663980391933e+56 1.7993757834834694e+56 1.799384863236105e+56 1.799393660181519e+56 1.79940218667864e+56 1.7994104711670494e+56 1.7994185322758473e+56 1.7994263869794092e+56 1.799434044082055e+56 1.7994415036897064e+56 1.7994487828032046e+56 1.7994558994766704e+56 1.7994628518539607e+56 1.7994696596581987e+56 1.7994762182927017e+56 1.7994828264004623e+56 1.7994892205948264e+56 1.7994955890214484e+56 1.7995016578110664e+56 1.7995077959137051e+56 1.7995136471075282e+56 1.7995195741108512e+56 1.7995252248034003e+56 1.7995309619403217e+56 1.7995364321561014e+56 1.7995419759024763e+56 1.7995472712026978e+56 1.7995526278726337e+56 1.799557760842976e+56 1.7995629594620767e+56 1.799567917457886e+56 1.7995729656337783e+56 1.7995777804278708e+56 1.7995826569264975e+56 1.7995873380149875e+56 1.799592088408829e+56 1.7995966240673642e+56 1.7996012376270265e+56 1.7996056696080363e+56 1.7996101653722969e+56 1.7996144634013318e+56 1.7996188416659852e+56 1.7996230452294263e+56 1.7996273126613322e+56 1.7996313961887871e+56 1.799635556667961e+56 1.799639563470332e+56 1.7996436368974167e+56 1.7996475306103166e+56 1.7996514892787662e+56 1.7996552997484493e+56 1.7996591963929531e+56 1.7996629276212559e+56 1.7996667115674982e+56 1.7996703405275588e+56 1.799674059872652e+56 1.799677649172379e+56 1.799681295144223e+56 1.7996847781153059e+56 1.7996883169981093e+56 1.7996917269109833e+56 1.7996952435948517e+56 1.7996986251421467e+56 1.799702046233576e+56 1.799705313612599e+56 1.7997086370667197e+56 1.799711849685973e+56 1.7997151693698042e+56 1.7997183715488877e+56 1.7997216137508715e+56 1.7997247057454725e+56 1.7997278442710886e+56 1.7997308700999047e+56 1.7997339918126606e+56 1.7997360008297755e+56 1.7997371670898552e+56 1.799737669811257e+56 1.7997377102543541e+56 1.7997377102543541e+56 1.7997377102543541e+56 1.7997377102543541e+56 1.7997377102543541e+56 1.7997377102543541e+56 1.7997377102543541e+56 1.7997377102543541e+56 1.7997377102543541e+56 1.7997377102543541e+56 1.7997377102543541e+56 1.7997377102543541e+56 1.7997377102543541e+56 1.7997377102543541e+56 1.7997377102543541e+56 1.7997377102543541e+56 1.7997377102543541e+56 1.7997377102543541e+56 1.7997377102543541e+56 1.7997377102543541e+56 1.7997377102543541e+56 1.7997377102543541e+56 1.7997377102543541e+56 1.7997377102543541e+56 1.7997377102543541e+56 1.7997377102543541e+56 1.7997377102543541e+56 1.7997377102543541e+56 1.7997377102543541e+56 1.7997377102543541e+56 
# [Mg/Fe] for total ejected gas till this time:
0 0 0.9717394116837037 0.9561618380008281 0.743832818378223 0.6501324647290933 0.6070234552540792 0.2917558122163643 0.04939738551832387 -0.100291422994668 -0.19920548571997615 -0.2698650828646366 -0.3235233048017102 -0.36613515690216974 -0.401103092425108 -0.430507797624428 -0.4556930315773604 -0.47758766401416386 -0.4968620082419613 -0.5140220481438358 -0.5294480899453212 -0.5434280403239844 -0.556182236248526 -0.5678864482269392 -0.5786798484729494 -0.5886746832475456 -0.597964801234059 -0.6066305664423703 -0.6147387116431523 -0.6223527066613255 -0.6295204429160519 -0.6362851775242147 -0.6426806306788446 -0.6487348978856359 -0.6544582614947342 -0.6598667955133827 -0.664979140077398 -0.6698163746134266 -0.6744043607683637 -0.6787581295224054 -0.6828955531664708 -0.6868325273560747 -0.6905809444159704 -0.694156576395189 -0.6975674129204981 -0.7008280174670533 -0.7039455154994441 -0.7069275416949848 -0.7097862767788837 -0.7125223022195971 -0.7151578033650308 -0.7177061395689708 -0.7201890887416192 -0.7226160999139307 -0.7249837087002118 -0.7273049956328215 -0.7295764486197573 -0.731791675858521 -0.7339726425158314 -0.7361142085110909 -0.7382047962668795 -0.7402567465565829 -0.7422751971248531 -0.744254805565319 -0.7461837456791254 -0.7481008659292319 -0.7499823354178381 -0.7518212681609421 -0.7536242433586928 -0.7553965418382335 -0.7571388827456564 -0.7588481119060715 -0.7605238079615737 -0.7621765465093988 -0.7638039928687488 -0.7654015042915455 -0.7669687693674743 -0.7685137536193747 -0.7700384891787595 -0.7715408051163289 -0.7730194797916966 -0.7744733331835508 -0.775908593579961 -0.7773263913125695 -0.7787245492112731 -0.7801054237216923 -0.7814646659883305 -0.7828046812667907 -0.7841273919622352 -0.7854375305473583 -0.7867340524104407 -0.788015743778317 -0.7892713840730801 -0.7905114045383926 -0.7917402703710053 -0.7929576992674152 -0.7941583275536428 -0.7953467616227318 -0.7965232617334758 -0.797684807261155 -0.7988310470828679 -0.7999642438090904 -0.8010860958233447 -0.8021918101237622 -0.8032839418850443 -0.8043638343289968 -0.80542732456592 -0.8064768584971669 -0.8075152665077187 -0.8095557385307799 -0.8190859408635921 -0.8353774196483955 -0.8488836737003446 -0.8603891785530456 -0.8703666014984502 -0.8831331394628136 -0.8939174741189833 -0.9032188835210707 -0.9060539867769875 -0.9113768677060213 -0.9186002208616995 -0.9251096210899651 -0.9290893613383296 -0.9309868624893035 -0.9380420310389376 -0.9458227641354248 -0.9588351538385563 -0.9694105060921705 -0.9782674840605756 -0.9858645415475202 -0.9924885048072514 -0.9983563532021786 -1.0036073584425458 -1.0083567333904815 -1.0126810706914506 
# [Mg/Fe] for instant ejected gas at this time:
0 0 0.9717394116837037 0.9557525204906707 0.6055171569536018 0.42412041558122515 0.28423657918475637 -0.9790866764250294 -1.4290830099649947 -1.5677457327750883 -1.608001896889209 -1.6239568144586953 -1.6338220978471782 -1.6394355503557791 -1.641393509125487 -1.6388754933254686 -1.62974223498028 -1.6179438955592609 -1.6066754721359495 -1.6000743304436127 -1.5974102870956384 -1.5968182769852723 -1.596358722560768 -1.5960562884307083 -1.594744512469573 -1.5919152688360665 -1.5878805282150061 -1.5835566263055791 -1.578599957167681 -1.576024130661123 -1.5724318460808613 -1.5683685131253415 -1.5643072598843824 -1.5569470563492052 -1.53972810751011 -1.5173989062691708 -1.49338661044472 -1.4705647942660862 -1.450454921461101 -1.4304416849928758 -1.412220447206293 -1.395232100892151 -1.3784885142924912 -1.3639137402584842 -1.3485475392512738 -1.3357392705873634 -1.3225035979662343 -1.3096678492515659 -1.2985713673218726 -1.285248920815184 -1.2793912543712906 -1.2771945840159575 -1.2826412902099988 -1.2912983596389251 -1.2967969007410844 -1.3077605714996292 -1.3156730971189519 -1.3200566288113866 -1.3326322269216033 -1.3430270112290268 -1.345108415210308 -1.3544168336467821 -1.3670241295068615 -1.373753563286677 -1.3703689328240238 -1.3956499994693818 -1.401837568640974 -1.4011116578218543 -1.4048490162896499 -1.4120477544632624 -1.4185518757474984 -1.421320899572081 -1.4235310367272151 -1.4332531218506226 -1.4403325072139699 -1.442510019641697 -1.4429928686999574 -1.450886387763575 -1.4603268146086679 -1.4668626668778737 -1.4706867192640878 -1.4736336024283667 -1.4810683677945295 -1.490289435206857 -1.4964944416401174 -1.5051457266111434 -1.5069457887885056 -1.5106504425469998 -1.5178388407616104 -1.5312633542252172 -1.541375995981755 -1.5515033443086552 -1.5397539028127951 -1.543376811513073 -1.55717653962278 -1.5695918243672586 -1.5713121748460928 -1.5802115059574937 -1.590880860541694 -1.5941320306771454 -1.5963407076044034 -1.6025673127290043 -1.6090671886791124 -1.6071783747192456 -1.6101547208655502 -1.6144080513890429 -1.6099497688614741 -1.610130147221662 -1.6151450941853354 -1.6182277761742165 -1.6285061405178554 -1.6469851497658599 -1.6605683575830976 -1.676219203510733 -1.6861590829005142 -1.6892307728937992 -1.6915205682497538 -1.693695767127606 -1.6953250108070774 -1.6975704066977175 -1.6920914576277728 -1.7016624457130858 -1.6964189407690136 -1.6970782886744193 -1.6991341323492397 -1.6971503698692385 -1.6989295718337323 -1.6998605430306988 -1.6989124035583096 -1.6988345880717466 -1.6982616687752008 -1.6982518122275359 -1.6976065588514848 -1.6986506610351801 -1.6974148045342539 
# total ejected metal mass till this time:
0 0.0 2.9247634878169798e-05 0.0006653287661211837 0.0011607442869593118 0.0016069772885959285 0.002115997136177856 0.002592410721758582 0.002917872257855706 0.003122340711771027 0.0032652192143670673 0.0033797982614063686 0.0034805765659280587 0.0035708919155319485 0.0036528551252384416 0.003727940975437996 0.003797723744027337 0.003863186395553871 0.00392498163923454 0.0039833356480944255 0.004038443608507453 0.004090613192564141 0.004140067569106885 0.004187191193798634 0.004232074325045376 0.004275133686901192 0.0043163003454832205 0.004356167425044564 0.004394261170272647 0.004431463873617661 0.004466877789922204 0.004501919320391693 0.004534912512962403 0.004568556034579474 0.004599192166916953 0.004633025198050998 0.004660290087286668 0.004697941422591459 0.004716751069622012 0.004768426226807725 0.0047590637536200475 0.0048499775824653295 0.00476600815558981 0.004910725247530988 0.0047472625548048 0.004970528394451218 0.004684586069384384 0.005029393804732249 0.00454550257782596 0.005087396823000165 0.004272140376244086 0.005144281848063677 0.003738373276509755 0.005199754679490045 0.0026948025685571858 0.005253883422190287 0.0006392419982964322 0.005306658873432587 -0.0034146276178140035 0.005357965080775662 -0.012051150114379346 0.0054083073117317864 -0.030441559294545884 0.005457273187256294 -0.0713052874688389 0.005505262533108191 -0.16610088609242124 0.00555166657500054 -0.3885136723871081 0.0055965095120529725 -0.9433387154732565 0.005639729562531863 -2.3328058483519842 0.005681690562702779 -6.01042705113136 0.005722019576989588 -15.952162961515636 0.005761335446007129 -43.17736753431959 0.00579906218099644 -123.06439292439607 0.005835953331220452 -351.310050269315 0.00587155839474415 -1060.3844336619857 0.005905918349879386 -3277.4620529270924 0.005939687500019577 -10094.506605652381 0.005972040735579735 -33419.11463110045 0.0060035571683646795 -111869.24427156762 0.006034642898419229 -372932.5025036867 0.006064437077691156 -1330680.2662158892 0.006093380893787776 -4836273.732465712 0.00612183422284886 -17508458.340406578 0.006149716715939513 -32336697.475607783 0.006176459737419012 -30866502.622893736 -1133200.7198584685 -20171729.77868638 -6773200.5849203635 -12499681.935911654 -8682544.987932526 -8803774.261739876 -4999136.524342758 -3315318.465678405 -2610394.8467327496 -2196229.623655676 -1957308.238582788 -1695210.6835008524 -1531630.9362535658 -1395192.6909789653 -1377733.119594468 -1331882.305889278 -1263508.8588282112 -1207291.483042732 -1174535.0011191801 -1181586.1986617015 -1139826.3359819027 -1119627.360309457 -1058036.1644821754 -1020067.0661138768 -989395.1380211989 -962565.4575111456 -937936.9688385851 -919048.0277116303 -900241.0445512747 -883868.9862835376 
# Stellar [Z/H]. [Z/H] = [Fe/H] + A[Mg/Fe] where A=0.94:
0.0 -5.27906921380823 -6.608765677553581 -4.9758425538708195 -3.4026828934369275 -3.1178997566737534 -3.035791296094059 -3.0227782378969468 -3.001445537187819 -2.9881561175883706 -2.9801219467543474 -2.9743479603389766 -2.9698220665992663 -2.9660793244731694 -2.962855561095661 -2.9599985785976113 -2.957401240366437 -2.954975714242341 -2.95268612330215 -2.950521063738293 -2.9484888775308002 -2.9465906976605187 -2.944814128398325 -2.9431358108921097 -2.9415456244450944 -2.9400382283258524 -2.9385982581731813 -2.937206647942332 -2.935865024208273 -2.9345662181055525 -2.9333198332710677 -2.932114003261992 -2.9309414873624102 -2.92979941028398 -2.9286806859935965 -2.9275561456754033 -2.92640265342631 -2.9252129006961476 -2.924009986209766 -2.9227966389654725 -2.9215702412046 -2.9203350563883914 -2.9190806995283474 -2.917844635770586 -2.9165883662616188 -2.915348220458278 -2.914095165721626 -2.9128574933417797 -2.9116069340625335 -2.9103711104304275 -2.909120602126106 -2.90791651099834 -2.9067242379081177 -2.9056167669630657 -2.904537878748857 -2.903525925774039 -2.902565520301243 -2.9016401522652746 -2.9007371379842897 -2.8999120604076563 -2.899095385387241 -2.898300916022114 -2.8975500771354428 -2.896847906022996 -2.8961341525958453 -2.895445951185171 -2.8948369583345905 -2.8942250606104887 -2.8935954130091797 -2.8930119121033457 -2.8924486289957434 -2.8918913606997965 -2.8913232000933666 -2.890796391601361 -2.8902991249584167 -2.8898085161808287 -2.8892979718333156 -2.8888074675326663 -2.8883517674616996 -2.8879227396135327 -2.8874810530867316 -2.887041483892864 -2.886608487743956 -2.8862191330125744 -2.8858427343139756 -2.8854669952710403 -2.8850857741420173 -2.8847021095180505 -2.8843430193036945 -2.8840231977252113 -2.8837074946365466 -2.883391129541093 -2.8830712200229005 -2.882731447698323 -2.882413147852059 -2.882142841547258 -2.881878065723177 -2.8816024267962668 -2.8813214314674225 -2.881047909192142 -2.8807666921858512 -2.8811311409923577 -2.8813700493317493 -2.8815615529692495 -2.8817143704178667 -2.881843179657022 -2.881953878068076 -2.882051841461588 -2.8821474197210395 -2.882384755794489 -2.88314878041447 -2.8840435719300244 -2.8845359731631266 -2.8848671341650123 -2.8851311290107953 -2.8853454266673313 -2.885456088936953 -2.885527006627542 -2.885506096877476 -2.885564715056565 -2.885561054451289 -2.885535238520891 -2.885528167706985 -2.885529225320911 -2.885428543906702 -2.885394260704345 -2.885133460935708 -2.884945683967915 -2.884805821701528 -2.8846137695270606 -2.8842519822287582 -2.8841381412868645 -2.8838303691448113 -2.883650250579323 -2.8834797462280672 
# Stellar luminosity-weighted metallicity, [Z/X]:
-4.152288344383056 -5.30126003947095 -6.57898599657123 -4.652791830131422 -2.5984979412743385 -2.0418241141578903 -1.4957604788104961 -0.8217338818634714 -0.2108089270369169 0.2748143543207908 0.5952860980536419 0.7370837275754172 0.7685743108203722 0.770289889868297 0.7585707627757113 0.7452472465696985 0.733131572202389 0.7256781748697054 0.7207838331767435 0.7169532652767586 0.711743519371028 0.7045935571434719 0.6981129480035664 0.6905668413052815 0.6842329583804685 0.677093865410521 0.6741148231295007 0.6686768557768485 0.6679079124408416 0.6609207484931823 0.6631855444879469 0.6538834441203825 0.6607882142679609 0.6454270860760984 0.664011013005648 0.6363002091686223 0.693213183338361 0.6117097218644543 0.7616288067856425 0.4766232087573654 0.922383262532918 -0.45058031314143565 1.1884573459092365 -0.2797527557972179 1.4103613679523466 -0.08979433834728479 1.6175501532106384 0.1033493955693956 1.8241109374811735 0.30198291049000403 2.0360459018211268 0.5085829501360983 2.2622664784002082 0.7291243610672515 2.5049245104723057 0.9662801152538636 2.763851962194857 1.2213786382419212 3.034563494956072 1.4895108295488415 3.3306828956768513 1.7805532591061368 3.640411701917383 2.0879220647715715 3.9671861392931573 2.4116523383126007 4.313212627690579 2.75393595801461 4.668088699065617 3.1066663971842408 5.044465076372057 3.480470615351227 5.429796956004117 3.8644480154789616 5.835377520467275 4.268173374157978 6.253080215969382 4.684185295413411 6.6804353625034 5.111316246898504 7.13041153904949 5.558603277055687 7.5803464738857125 6.0089780215970565 8.056387642031975 6.482698830586606 8.541093735818441 6.966216457994334 9.024786518874421 7.450980287760638 9.541474460471479 7.964533531196855 10.061365746807905 8.48390590347335 10.579895390386204 9.003172044759413 11.129294410768255 9.550177003892518 11.685333697210917 10.105485821925386 12.239847831707758 11.848039898596472 11.564498398109272 11.414473558749176 11.315506124719874 11.242774904853569 11.185873975855712 11.139487533928492 11.100580031813921 11.03818378104919 10.866159111397028 10.729739964579931 10.667297389426299 10.630065394486573 10.604082426560774 10.575834732832782 10.555745897947022 10.5417057229172 10.538139980512273 10.531391749233508 10.523274570989178 10.516682969241057 10.513055734165038 10.511366435659331 10.505744049730115 10.500074696317352 10.492401450377507 10.486785766236206 10.483081686131332 10.481180521396738 10.47889813593028 10.476242061354805 10.476727743426272 10.47443740205246 10.474889006033166 
# Stellar luminosity-weighted [Mg/Fe]:
0 6.938893903907228e-17 -1.3877787807814457e-17 0.966435535437167 0.9557102177797567 0.5979473960825382 0.41587559204382785 0.2751085928655539 -1.0124815878944755 -1.4436749928963342 -1.5714159885488603 -1.608459186015502 -1.623728039641016 -1.6334327963593192 -1.638970362019703 -1.6409281201311599 -1.6384745443761388 -1.6294967482168536 -1.6179596363853066 -1.6069384547838115 -1.6004959095863962 -1.5978520796270543 -1.5972053586640778 -1.5966823630425313 -1.5963387234585706 -1.5950084235994788 -1.5922063971937606 -1.5882402726058233 -1.5839999081918303 -1.5791275162156526 -1.576603282212604 -1.5730262774247763 -1.5690198742411776 -1.565018280126008 -1.5577669997836319 -1.540861414499136 -1.519039306880947 -1.4955505446191721 -1.4731758961413561 -1.4533637056361464 -1.4336024038901825 -1.4155821412656424 -1.3987750461768365 -1.3821454423507797 -1.367682906897232 -1.3523867877490385 -1.3396600036606536 -1.3264484648654113 -1.3136929791412135 -1.3025984599332132 -1.2893710327264043 -1.2834437794449731 -1.2810652409188277 -1.2861943806727145 -1.2943682397671692 -1.2995512194839507 -1.3101193890362266 -1.3176867076030616 -1.3218976440468846 -1.3341793275922633 -1.3441527837364542 -1.3461588128122863 -1.355316299456605 -1.367569736498879 -1.3740371127975275 -1.3708115456382934 -1.3956011190455941 -1.401328397814129 -1.4007824740208705 -1.4046073685325726 -1.4116602593109453 -1.4180034294864847 -1.420721257985445 -1.4229669456299763 -1.4324993950214653 -1.4393547005201546 -1.441503683985682 -1.4420826726938063 -1.4498489890646735 -1.459023952062454 -1.4653520392079697 -1.469121448108012 -1.4720590984507664 -1.479373513570486 -1.488352911307405 -1.4944032168397086 -1.5028329440483073 -1.5046020060954306 -1.5083197333033573 -1.515430451001213 -1.5284781112275816 -1.5382222007968192 -1.5480224148549016 -1.5367664869505837 -1.540640416670478 -1.554033820421906 -1.5659877627776482 -1.567700009228248 -1.576456365125723 -1.5867297441446464 -1.5898729837863634 -1.5378416371787993 -1.514543982984753 -1.5041195598040784 -1.4977099606659474 -1.4932201156019185 -1.4898441950974377 -1.487191823307261 -1.4850424323607645 -1.481762832301859 -1.4741632071770814 -1.4705423100265267 -1.4700486484107145 -1.4702485545901225 -1.4706108367701947 -1.4711500011765184 -1.4716584684641143 -1.4721033577138787 -1.4722303372408023 -1.4724855044418652 -1.4728013536115592 -1.4730728748080386 -1.4732575811058535 -1.4733525814780566 -1.4736203477724517 -1.473884229470542 -1.4743847109697985 -1.474658524630637 -1.4749372388125728 -1.4752275230126939 -1.4752349884524438 -1.4755113794337429 -1.4755215003135858 -1.475825556585382 -1.4758002862892474 
# Stellar luminosity-weighted [C/Fe]:
0 0.0 0.0 -0.03169084977047487 -0.035323542572039845 -0.08564401382919007 -0.08711396958341733 -0.13676462077316853 -1.1168404495966489 -1.2831652602201902 -1.313184310670649 -1.3095712788893523 -1.2955431593861184 -1.280585445685372 -1.264203368165132 -1.246439283244212 -1.2259175917782794 -1.2008331325156976 -1.1748153050808752 -1.1500576417203796 -1.1247190875142872 -1.0990997423734532 -1.0753889859531318 -1.0532182531608325 -1.0322532070318773 -0.9954321888237216 -0.9328107410226916 -0.864630889051171 -0.803044762021066 -0.7497741924587955 -0.7036882480276079 -0.6632630572126812 -0.6272969704154052 -0.5943966267579355 -0.5609783827230226 -0.5231769491633984 -0.484850110652165 -0.44674081545201116 -0.41126085199700047 -0.3795889394822818 -0.3537453648210407 -0.32742368492740925 -0.3046798979246177 -0.28151040465692356 -0.2611095759616623 -0.24051230968439752 -0.22295985293150156 -0.20543172039302815 -0.18628716363817355 -0.17545765103931732 -0.15783630737982113 -0.1481600345038988 -0.1352566506918882 -0.12975016547888574 -0.12503373104855553 -0.1141788416293078 -0.11285936410212039 -0.10831399956703813 -0.09657668966700561 -0.09739004301745091 -0.09427445398954881 -0.08326331735175718 -0.08031887493526546 -0.07981748509847175 -0.07230950636644073 -0.06315759885736072 -0.0674388420725589 -0.06922347444173027 -0.06400131982959989 -0.06317645852843345 -0.07227934759240229 -0.07447109505221272 -0.07127603918069814 -0.06857754587994802 -0.07822375651451197 -0.08333117112603017 -0.08098031208685819 -0.07977675235935566 -0.07835647309435856 -0.08757740400162228 -0.09192628830080551 -0.08947197314039823 -0.08485424072974879 -0.08933935037425333 -0.10049034558063108 -0.10459686254718736 -0.10295963973348343 -0.09866163444510723 -0.09452895938774963 -0.10714287009230172 -0.11680414908951275 -0.11806226928572394 -0.11496807973405154 -0.11115580728226537 -0.10771885004734716 -0.1173828751113487 -0.12889982243202058 -0.13204338787294412 -0.13107899430202619 -0.12726781267715448 -0.12264413691194187 -0.14567008676025395 -0.1585697805655718 -0.16580160844702785 -0.1711514134888641 -0.17553382595576605 -0.17931301292958512 -0.18266638628067977 -0.18570246541962476 -0.1910584138581446 -0.21003886808585304 -0.23183908912876505 -0.2451161759678746 -0.2545574452371052 -0.26171790896288105 -0.26962101187669574 -0.27532050372485894 -0.2795988342484519 -0.2807750442405673 -0.2829183970967196 -0.2855585319671574 -0.287725559748534 -0.2890444484253213 -0.2896630234501554 -0.2916413318665636 -0.2935751610921612 -0.2967353738914831 -0.2987734248982431 -0.3003876871660457 -0.3014799220903859 -0.30208513994027086 -0.30353787792836484 -0.30355034922404833 -0.3048762823959973 -0.3049317238546282 
# Stellar luminosity-weighted [N/O]:
0 0.0 -1.1102230246251565e-16 -1.8255422100091057 -1.8361619789207824 -1.4223762865724372 -0.6635585903523251 0.022096389604777333 0.5508788418138696 0.8177885503211484 0.9438855330085811 0.9962658809535918 1.0118464123735467 1.0177150856058228 1.0287355496223045 1.0455764037366808 1.0719465292427206 1.113273881250216 1.1518466057368444 1.1874705958486977 1.2035416284939089 1.2031680937612272 1.1952724239108976 1.185855175304614 1.1760773480788411 1.1570856887107355 1.1168772098093414 1.0614704278638154 0.9955728664488803 0.9195170294025724 0.8289867722834133 0.7195151115625642 0.5786973494319239 0.37842704654808407 0.08257034744625846 -0.21499796633116386 -0.3976474454738199 -0.47963922100843304 -0.5032117455139387 -0.547918872727075 -0.5706445312680242 -0.5885978058099233 -0.6023090700679878 -0.6137984292422072 -0.632201140640732 -0.6802131926627062 -0.642004030716764 -0.6418734997808042 -0.6608955079628327 -0.6799862338011471 -0.7000855013051517 -0.6991809145856522 -0.6979405507059455 -0.6966158464518228 -0.7009938876270705 -0.6915079483699054 -0.6943022048535621 -0.6926551448455394 -0.6733580919175692 -0.686373114140989 -0.6820080942864803 -0.6746100600692233 -0.6719496741385667 -0.6667314183170339 -0.6594969259951973 -0.6570265452606161 -0.6802964256018833 -0.6505694192186491 -0.6800547896799478 -0.6474319578312013 -0.6418362207291433 -0.6467108722348776 -0.656945364232093 -0.649499990549502 -0.6635109116279032 -0.6709758485070605 -0.6589865005789437 -0.656178024336801 -0.6528899599861211 -0.65518429811614 -0.6838929485644623 -0.6613878025885358 -0.7781544568520491 -0.6189903356052024 -0.6120872044047232 -0.643349021814575 -0.6515022651571081 -0.6643545602750949 -0.6398209038467717 -0.656999206256095 -0.6698199569902799 -0.6794669214550173 -0.6504907081942244 -0.6437733032977229 -0.6500604162005577 -0.6679880349230038 -0.6600385329476148 -0.6544512436476488 -0.662920911006265 -0.6578141971299081 -0.6732220098450994 -0.0966782113132798 0.05302435995930699 0.1168827207418196 0.15727016025842588 0.18681377085591122 0.21012595703150183 0.2293680760565402 0.24575163172277525 0.2725971511052402 0.35202037891901305 0.4238439614311093 0.4611001013303001 0.48542848017213175 0.5027846783643749 0.5210266506328156 0.5335648809827663 0.5428008273080553 0.5453254021563082 0.549763000508805 0.5551203456279623 0.5595245336628611 0.5623416780867073 0.5635492960588702 0.5675296487684112 0.5712622957067541 0.5773432343321581 0.5812084838500313 0.5842803052856187 0.5864486864339852 0.5874756125284089 0.5901872807916126 0.5902086080188891 0.5926891555838547 0.5927666679627464 
# Stellar luminosity-weighted [C/O]:
0 0.0 0.0 -1.2207728448993056 -1.2118704960103743 -0.8245112110954811 -0.5713107880718865 -0.44577838328336916 -0.14970094841070802 0.07086013168599894 0.14870148810556383 0.183208926840884 0.20556371220313208 0.22164603973701924 0.23714211370167132 0.25346058655174325 0.2722808248788804 0.2971929606738338 0.3173400958983856 0.3392706726593 0.36422102016749863 0.3898473823530739 0.41393340958782715 0.4363601741668741 0.45762645532200097 0.49451845701877056 0.5568924705063232 0.6246316877244513 0.6855775433887393 0.7386537853610462 0.7838429408271447 0.8237210377131047 0.8592131129681368 0.8916402488039021 0.9242825498586426 0.9606752206527212 0.9973549933723318 1.0334741968515193 1.0667352410223683 1.0967432854877681 1.1211286356610293 1.1447087480473508 1.1657241330915502 1.18711826210357 1.2060504389223403 1.2247704007027727 1.2409034450760292 1.256982969338321 1.2743632078655336 1.2836349847726474 1.2992434480085224 1.3088213579219077 1.3199462760007377 1.324707827234651 1.3293470556346958 1.3390629408070573 1.340701321634496 1.344879304737247 1.356341913833775 1.3544958602440178 1.3574569472657223 1.3673844384790208 1.3705145598507358 1.3727384844145578 1.3772793675779695 1.3850966314697586 1.3832070566853938 1.3799664980334272 1.3844451436708236 1.3848220669153564 1.376844751242431 1.374855237805562 1.3771143459483475 1.3789029339034413 1.3703843459010947 1.3641102065432225 1.3680116882587785 1.3682242976123073 1.3694847146452742 1.360796762331046 1.3564982357143658 1.3581420339861112 1.3617360061979202 1.3574196861338426 1.3474199324537997 1.3437490123309754 1.3452553866623573 1.3488903292016936 1.350158125028243 1.339156853031102 1.3317765179253298 1.332574548544873 1.330798759020823 1.3120557379486721 1.3440878108444112 1.3393692294740729 1.3226718662532473 1.3168790473700047 1.3163616889931453 1.3188967999900139 1.3222337886030122 1.3042946132264521 1.2938547002898462 1.2878189687993724 1.2832733713325135 1.2795062270139952 1.2762306603634095 1.2733061669566104 1.2706453988570654 1.2659254109971796 1.2489845242504471 1.229231199761931 1.2170853397706556 1.2084063870323483 1.2018058383059935 1.1945012398027757 1.18922400056803 1.1852563017246305 1.1841655765582337 1.1821742901141254 1.1797225359130776 1.1777083470644105 1.1764804094661723 1.1759051079779126 1.1740643789166618 1.172264866992942 1.16932181522994 1.1674240623528385 1.1659196121537807 1.1648980229032733 1.1643374007701164 1.1629851825054334 1.1629727287076594 1.1617384504074624 1.1616888667594591 
# Stellar luminosity-weighted [O/Fe]:
0 0.0 0.0 1.1890819951288307 1.1765469534383346 0.738867197266291 0.4841968184884693 0.3090137625102005 -0.9671395011859407 -1.354025391906189 -1.4618857987762128 -1.4927802057302364 -1.5011068715892504 -1.5022314854223913 -1.501345481866803 -1.499899869795955 -1.4981984166571598 -1.4980260931895313 -1.4921554009792608 -1.4893283143796796 -1.488940107681786 -1.4889471247265273 -1.4893223955409591 -1.4895784273277066 -1.4898796623538784 -1.489950645842492 -1.4897032115290147 -1.4892625767756225 -1.4886223054098051 -1.4884279778198417 -1.4875311888547524 -1.486984094925786 -1.486510083383542 -1.4860368755618374 -1.4852609325816652 -1.4838521698161196 -1.4822051040244968 -1.4802150123035305 -1.4779960930193687 -1.4763322249700501 -1.4748740004820702 -1.47213243297476 -1.470404031016168 -1.4686286667604938 -1.4671600148840025 -1.46528271038717 -1.4638632980075308 -1.4624146897313492 -1.4606503715037071 -1.4590926358119645 -1.4570797553883432 -1.4569813924258064 -1.4552029266926256 -1.4544579927135368 -1.4543807866832514 -1.453241782436365 -1.4535606857366168 -1.453193304304285 -1.4529186035007804 -1.4518859032614688 -1.4517314012552713 -1.450647755830778 -1.4508334347860012 -1.4525559695130295 -1.4495888739444105 -1.448254230327119 -1.4506458987579527 -1.4491899724751576 -1.4484464635004233 -1.4479985254437897 -1.4491240988348333 -1.4493263328577748 -1.4483903851290456 -1.4474804797833893 -1.4486081024156068 -1.4474413776692527 -1.4489920003456367 -1.4480010499716631 -1.4478411877396329 -1.4483741663326684 -1.4484245240151712 -1.4476140071265093 -1.446590246927669 -1.4467590365080958 -1.4479102780344306 -1.4483458748781628 -1.4482150263958407 -1.4475519636468008 -1.4446870844159927 -1.4462997231234036 -1.4485806670148424 -1.450636817830597 -1.4457668387548743 -1.4232115452309375 -1.4518066608917586 -1.4567521045854213 -1.4515716886852676 -1.4489224352429488 -1.4474406832951714 -1.4461646126671683 -1.4448779255149542 -1.4499646999867062 -1.452424480855418 -1.4536205772464004 -1.4544247848213774 -1.4550400529697611 -1.4555436732929947 -1.4559725532372902 -1.45634786427669 -1.4569838248553242 -1.4590233923363 -1.4610702888906961 -1.4622015157385302 -1.4629638322694536 -1.4635237472688747 -1.4641222516794712 -1.4645445042928888 -1.4648551359730821 -1.4649406207988012 -1.465092687210845 -1.4652810678802348 -1.4654339068129445 -1.4655248578914937 -1.465568131428068 -1.4657057107832254 -1.4658400280851034 -1.4660571891214234 -1.4661974872510812 -1.4663072993198263 -1.4663779449936594 -1.4664225407103872 -1.466523060433798 -1.466523077931708 -1.4666147328034596 -1.4666205906140874 
# Stellar luminosity-weighted [Ca/Fe]:
0 0.0 0.0 0.6842771812289192 0.6741711071261851 0.3570099375173986 0.218421199192238 0.1325429288330353 -0.1506362514983477 -0.16409309844410824 -0.16624816471908588 -0.16685873217024483 -0.16700161675734004 -0.16704427221997054 -0.16704826864734024 -0.16703567049454393 -0.16701634985189062 -0.16703914715849355 -0.16704277125770806 -0.1670255494546664 -0.16702828149765447 -0.1670436070684873 -0.1670224019807438 -0.16703031681989167 -0.1670290163577295 -0.1670332380433479 -0.1670259630075941 -0.16703491497334766 -0.16701814611829846 -0.16702500116791508 -0.16703001068355117 -0.16699020166991185 -0.16703903907932416 -0.16704213130848822 -0.16703770762631165 -0.16700659371581317 -0.16701943806352215 -0.16702454513436904 -0.16467928350646033 -0.16781239638939516 -0.16819210184294553 -0.1675431745160536 -0.16706849835738757 -0.16688066638303867 -0.16666413135924274 -0.1671657281701171 -0.16725206001107829 -0.16714483118197854 -0.16701429170780013 -0.16700820099078761 -0.1670087122746815 -0.16706019986010268 -0.1670259019597209 -0.16700836792364204 -0.16703672430085148 -0.1671134083864909 -0.16708859639106688 -0.16712191292463063 -0.1668992832788465 -0.16705986965227093 -0.16695137748803224 -0.16695688952894572 -0.166983580325202 -0.1670254316761357 -0.1668533555164271 -0.1673044723444117 -0.16703425780222836 -0.16691229824174614 -0.167004745953087 -0.16706405695528614 -0.16704508128642037 -0.1670272506445789 -0.16699893293942103 -0.1669580980650518 -0.16696175245921263 -0.16700623923259972 -0.16699299885475538 -0.16701949924123838 -0.1670264885463697 -0.16701491098730914 -0.16698381979801025 -0.1670027541739627 -0.16701818879851626 -0.16692939326072453 -0.16704737283846205 -0.1670377630827109 -0.16704908339765123 -0.16684685644274033 -0.16714102343283188 -0.1669958542072576 -0.1671525455694307 -0.16700541480555264 -0.1669576489342086 -0.16702121780683488 -0.16701930017405475 -0.16695282251111254 -0.1669158175424872 -0.16691844375386666 -0.16711180999508812 -0.16705237143442941 -0.1670322044857402 -0.1670198614672489 -0.16701279600829833 -0.16700968350101864 -0.16700791238740198 -0.16700675252474428 -0.16700591288603306 -0.16700524997907729 -0.16700471535777206 -0.1670038854099658 -0.16700134454690296 -0.1669985099714275 -0.16699670576684822 -0.16699538469380037 -0.16699439729868626 -0.16699322866974065 -0.1669923541056988 -0.16699172420917185 -0.16699157321347324 -0.1669912151261781 -0.16699081089152057 -0.16699048556990914 -0.16699029483513894 -0.16699019327632358 -0.16698989752320959 -0.16698958013543863 -0.16698915792862956 -0.16698884396464675 -0.16698861359263972 -0.16698841012160992 -0.166988327217916 -0.16698816262716365 -0.16698813089025744 -0.16698797733598925 -0.16698799488515137 
# Stellar luminosity-weighted [Ne/Fe]:
0 -1.6653345369377348e-16 -5.551115123125783e-17 1.041517711232525 1.031082806494706 0.6792275424843428 0.4508642417435802 0.2547763710250346 -1.1398413116883934 -1.7873071665552425 -2.1353469589111436 -2.300269937215264 -2.372468072415441 -2.3945883228713942 -2.3989411179326483 -2.3986603289144837 -2.394682389038863 -2.394806296849773 -2.3913711742675057 -2.3868100592915096 -2.3848911757796265 -2.383506810474724 -2.3828062983919986 -2.3823663887270428 -2.381660317889584 -2.3809525731755388 -2.379095623845296 -2.377172964392356 -2.3762752910749194 -2.3732158516207607 -2.3699447278625705 -2.3658354327913695 -2.364017135665871 -2.3633009409751526 -2.358071919625677 -2.3452951003619855 -2.3324658516858863 -2.315239629000577 -2.2968397499813165 -2.281739528747087 -2.2664968602965985 -2.254266523469811 -2.2417193681599175 -2.2304255316331556 -2.215793772519896 -2.2065140087498545 -2.1935871824557953 -2.1850084392594007 -2.170691236453826 -2.1680622528975104 -2.155492933119584 -2.148812425584258 -2.139077154671791 -2.13762432835748 -2.136450817557166 -2.124758237135137 -2.1198991273486882 -2.1200642997230443 -2.108996942587785 -2.043680733294172 -2.133439519902943 -2.1407717508178106 -2.111301280214613 -2.104939270282167 -2.0918768390632936 -2.089177094756282 -2.0889672245030333 -2.092654013657915 -2.0898474854087388 -2.096086729100854 -2.098422698998833 -2.10689712920953 -2.103709758462064 -2.106508631562687 -2.1118872127347896 -2.1199625792484773 -2.1183741156227107 -2.121100377794865 -2.12307364982792 -2.1340832648584556 -2.1355399333551315 -2.1384269423331084 -2.1351495161124743 -2.143234577363298 -2.148136490040497 -2.1655690146872875 -2.1603169330725684 -2.1604586293099706 -2.163051946937078 -2.1691338758952683 -2.1734583168097954 -2.1813207232861345 -2.1815628322748517 -2.1846607446606363 -2.1850700173358995 -2.197318711164385 -2.1997441591354647 -2.208059711304571 -2.2073229635086546 -2.208430509803767 -2.203944138573 -2.1960757995363065 -2.192283970171644 -2.1908206182284244 -2.1901560709442633 -2.1898765389760655 -2.1898157488649477 -2.1898881910149877 -2.1900491240818356 -2.1905256581249315 -2.193683314151176 -2.1990179712996643 -2.2027335011662412 -2.2054857479467422 -2.2076132486588316 -2.209961173372819 -2.21166764168321 -2.2129515819756254 -2.213319902385186 -2.213952586697334 -2.2147518063469493 -2.2154151839762593 -2.2158059079177344 -2.216001308475702 -2.2165943413420024 -2.217176488110894 -2.2181644214390275 -2.2187786608087006 -2.2192804892961626 -2.2196295655669607 -2.2198032550909117 -2.2202759550475957 -2.2202753406893687 -2.2207261464512635 -2.220736835744124 
# Stellar luminosity-weighted [Si/Fe]:
0 1.0408340855860843e-16 1.0408340855860843e-16 0.9935038243136904 0.9835305161287096 0.6504727149382035 0.5018744143597679 0.39029685114374507 -0.18523037996993355 -0.22774479810937592 -0.23488360908604075 -0.23667895833464675 -0.2370966388464487 -0.23719748837719892 -0.23722744124134915 -0.23723542090524022 -0.23724718618974042 -0.23720766251924288 -0.23719771901744088 -0.23718678913313732 -0.23718374601021824 -0.23718458164927914 -0.2371880997036191 -0.23719609972267194 -0.2371816100549937 -0.2371796751534948 -0.2371812404996181 -0.23717452401883504 -0.23716910802911564 -0.23716750941299672 -0.23718309656833925 -0.23718111629057181 -0.23717871005098634 -0.2371594907200451 -0.23715410664943198 -0.23712455879777086 -0.2371389294950527 -0.23710166542306346 -0.23711863939236685 -0.23710588417789347 -0.23708524572620532 -0.2370642459314813 -0.23704642566964862 -0.23704413938088467 -0.2370117597065959 -0.2369849128944095 -0.23698326637617934 -0.23696345708279662 -0.2369757129200787 -0.23696385122515312 -0.23695308749318844 -0.2369183589922947 -0.23690923540914158 -0.23693885179428115 -0.23697150259344318 -0.23697197249736446 -0.23700697718250352 -0.23699558341145022 -0.23702393444945946 -0.23702199988056769 -0.23705701967700887 -0.23704392353149914 -0.2370823489250801 -0.23708694713630019 -0.2371168925040778 -0.23710706386968652 -0.23713758999570134 -0.23712473966967035 -0.23713912139569993 -0.23711754213781774 -0.23715074863581706 -0.23713229899400814 -0.23715144169712238 -0.2371482899119824 -0.23715818953434267 -0.23713963508654048 -0.23715882893025633 -0.23714366608924267 -0.23715682165217952 -0.23714982100829923 -0.2371494484277507 -0.23716422233769027 -0.23717131886662834 -0.23714342389937915 -0.23720105221509757 -0.2371666968789397 -0.23712908366410557 -0.23714820916257462 -0.2371209157298824 -0.2372049013433653 -0.23721982691867646 -0.23717160026623743 -0.2371898741474446 -0.2371646511592777 -0.23719392983840912 -0.23721870640139409 -0.23714570635021814 -0.23715805323469025 -0.23724930283488116 -0.2372402738827126 -0.23720113671516002 -0.23716675475038673 -0.23714523810747448 -0.237133778055054 -0.23712601859669177 -0.23712016052764975 -0.23711545772022025 -0.23711153410847144 -0.23710817422011693 -0.23710264285874777 -0.23708594854544773 -0.23707043167597325 -0.2370620799419051 -0.2370564800502202 -0.23705244788194274 -0.23704800930959238 -0.23704494393455447 -0.2370427100434251 -0.2370421985119402 -0.23704099337407136 -0.23703966957084865 -0.2370386377609055 -0.23703795019713483 -0.23703769456406065 -0.23703671803327506 -0.23703577600030715 -0.23703441765336894 -0.2370334798491914 -0.23703282783848725 -0.23703241380224477 -0.23703212689498693 -0.237031735317831 -0.23703167124763008 -0.23703144103722254 -0.2370314213980065 
# Stellar luminosity-weighted [S/Fe]:
0 1.1102230246251565e-16 5.551115123125783e-17 0.9165898109708648 0.9072024574472151 0.5967663395445588 0.4561379679542029 0.3453025522747156 -0.20001955911480462 -0.23841781756133806 -0.24485761000195705 -0.24650431456788469 -0.24686453689540444 -0.24694193039101886 -0.246956675802247 -0.24695486752650186 -0.24696562446319192 -0.24692050954006106 -0.24690228918192858 -0.24691055158057307 -0.24691227358279944 -0.24690358571426307 -0.24689782610712618 -0.2468971488843419 -0.24690448408180177 -0.24689288913224272 -0.24688905884097345 -0.24687104504916135 -0.2468597072772899 -0.24686874906939216 -0.24687722005544732 -0.24689946194900747 -0.24688627150242337 -0.24685375267418996 -0.24686818322102388 -0.24683449719385142 -0.2468524376489133 -0.24681685515311946 -0.2468820270255926 -0.24687013148730408 -0.24687028199207584 -0.24683658663530939 -0.24683190419102408 -0.24681744103122893 -0.24683024455679892 -0.2468257562107593 -0.24680270592134712 -0.24681448011529494 -0.24681515755182437 -0.24684205322932162 -0.24678889554100714 -0.2468324853232723 -0.24681832981176888 -0.2468128670369253 -0.2468151182837487 -0.2468028954413478 -0.24679064253002525 -0.24680687893632347 -0.24681828294841646 -0.2467973882043759 -0.24680450428880107 -0.24678346136859775 -0.24684437588673813 -0.24678499191567482 -0.2467774627163969 -0.24657566110355966 -0.24684842500533066 -0.2468807571870606 -0.24683125461237598 -0.24695467998985443 -0.2467743127773081 -0.24668652426234006 -0.24674149580277138 -0.246756882685087 -0.24680296125234436 -0.2467751788874577 -0.246730788965573 -0.2467651306038131 -0.24680112924242015 -0.24674305337262026 -0.24676570410959697 -0.24678115538526946 -0.24677417801857482 -0.24676559411752674 -0.24683362111192275 -0.2467509689781172 -0.2467719226667313 -0.2467474131465517 -0.24668665305406812 -0.24677371397331505 -0.246901358730377 -0.24672707263542715 -0.24675865135632524 -0.24668533427202743 -0.24676002467514724 -0.24678825254825754 -0.24676205294455256 -0.24668877418235569 -0.2467839713365979 -0.24680501463814086 -0.24681625266165552 -0.2467866116373144 -0.24677578150815904 -0.24677214876715614 -0.24677033852121222 -0.246769236152647 -0.24676847276603064 -0.24676789970652013 -0.2467674450282168 -0.24676674484602779 -0.24676444638950912 -0.24676139348773907 -0.24675910133876433 -0.2467572869310768 -0.24675588985160035 -0.24675418470564703 -0.24675295995364033 -0.2467520323725919 -0.2467518594368342 -0.2467512878249497 -0.2467507207244276 -0.2467502878655745 -0.24674996366153812 -0.24674985396343474 -0.24674941273626372 -0.24674898535033685 -0.24674839512258595 -0.246747990335209 -0.24674770411451385 -0.24674744858817 -0.24674737977848826 -0.24674727701586097 -0.24674721784871245 -0.246747192279811 -0.24674722120596215 
# Stellar luminosity-weighted [C/H]:
0 -5.27906921380823 -6.55679517090851 -5.608569691278728 -3.5463734377470644 -2.6577928761172176 -2.1306747963097683 -1.8285770538543034 -1.3041090039284597 -0.656326293941552 -0.17698108775717225 0.06980727867100311 0.1528019606023303 0.17212035506282364 0.17713438970567852 0.1809417033372549 0.18847593774446159 0.20223535398010917 0.21823847651514372 0.23368930077549788 0.2501940211478919 0.2667287249771846 0.2825045853588213 0.29647836810236905 0.30946626122532406 0.3388332782611161 0.3960314396038984 0.45878072014890403 0.5148778943541368 0.5630267824460735 0.6044689100100418 0.6404792966457227 0.6721422178018455 0.7003287721163733 0.7291308019923757 0.7654846608657362 0.8041927659453263 0.8406825820358494 0.8739253557642956 0.9072042205992341 0.930965846420047 0.9573574223461012 0.9795787293246168 1.0012983892207554 1.02216036283684 1.0409521130991988 1.0586091491442877 1.075277451736274 1.0932221045123232 1.1049917016566502 1.1185622310881618 1.1318881161872434 1.142236916095035 1.1479576778089227 1.153355660011639 1.1588413190680917 1.1642708189839692 1.1695053136712015 1.1741058883226292 1.178926332675812 1.1831339037885296 1.1879377556508097 1.1929711054582324 1.1963982305613485 1.1999939660072734 1.2041581923547087 1.206192353746606 1.2044711882854466 1.2022304160244253 1.1989602972154887 1.19555244934116 1.1924324448330346 1.188064400290338 1.1838170452938401 1.1819922360063462 1.1787321826787371 1.1748392706447413 1.167222847298897 1.1694487328939882 1.166839559367387 1.1616347850424917 1.1573818082603675 1.1532172492484034 1.1497001948018917 1.1465508499913213 1.1432033291894323 1.1387873956388481 1.1351011449360309 1.1312703992434758 1.1283714290949445 1.125407288338856 1.121591669148152 1.1179195053912712 1.1142771938337148 1.1105917352116244 1.1073980297556951 1.104764260954696 1.1016882378451238 1.0976373410343268 1.0940255092887945 1.0914990746198443 1.0855551677939776 1.0803147045459949 1.0764559985538926 1.0731925404707519 1.0702953139659832 1.0676570875767313 1.0652222678188625 1.0629498732915321 1.0588035234464868 1.042997925410425 1.0233759974323893 1.0108678146174328 1.0018177348421897 0.994891562681357 0.9871659017908492 0.9816005745074414 0.977411145720064 0.9762864527059039 0.9741550024248755 0.9715918911001706 0.9694512028167903 0.968184890950905 0.9675628326650361 0.9656779606578891 0.9637487713100019 0.9607410373007279 0.958773628638208 0.9572095907496734 0.9561525574514627 0.9556766811830215 0.9543402991673662 0.9543620453478208 0.953210570224647 0.9531778345164401 
# Stellar luminosity-weighted [N/H]:
0 -5.27906921380823 -6.556795170908508 -6.213339056388529 -4.170664920657472 -3.2556579515941744 -2.2229225985902072 -1.360702280966156 -0.603529213703883 0.0906021246935973 0.6182029571458445 0.8828642327837111 0.9590846607727448 0.9681894009316272 0.9687278256263117 0.9730575205221927 0.9881416421083014 1.0183162745564913 1.0527449863536025 1.0818892239648954 1.0895146294743019 1.0800494363853383 1.0638435996818916 1.0459733692401088 1.0279171539821643 1.001400509953081 0.9560161789069168 0.8956194602882679 0.8248732174142783 0.7438900264875996 0.6496127414663104 0.5362733704951821 0.3916264542656327 0.18711556986055466 -0.11258140042000786 -0.4101885261181488 -0.590809672900825 -0.6724308358241027 -0.6960216307720115 -0.7374579376156083 -0.7608073205090067 -0.7759491315111733 -0.7884544738349213 -0.7996183021250216 -0.8160912167262317 -0.8640314802662807 -0.8242983266485053 -0.8235790173828521 -0.8420366113160433 -0.8586295169171443 -0.8807667182255132 -0.876114156320317 -0.8756499106116475 -0.8733659958775517 -0.8769852832501268 -0.8717295701088714 -0.8707327075040894 -0.868029135911585 -0.8555941174287147 -0.8619426417091951 -0.8563311377636733 -0.8540567428974342 -0.8494931285310701 -0.8430716721702431 -0.836782327565893 -0.8379649843756658 -0.8573111285406716 -0.8260647289666299 -0.8622695173263466 -0.8332937275310686 -0.823128522630415 -0.8291336652074053 -0.8459953098901023 -0.8445858791591032 -0.8519030215226513 -0.856353872371546 -0.8521589181929814 -0.857179474650211 -0.8529259417374071 -0.8491415010797994 -0.8787563992363356 -0.8621480283142793 -0.9866732138015664 -0.8267098269371536 -0.8129562868672018 -0.8438947049561181 -0.8579702561806171 -0.8781437445407576 -0.8587086296315389 -0.8677846301922525 -0.8761891865767542 -0.890449800851739 -0.8633699618237767 -0.8415518474126804 -0.8835564918333452 -0.899959234641381 -0.8779461382461662 -0.8696420531725293 -0.881645258965083 -0.8826854878311279 -0.9039567238282675 -0.3154176567457547 -0.1605156357845443 -0.09448024950365941 -0.05281067060333555 -0.02239714219210054 0.0015523842448237346 0.02128417691879214 0.0380561061572422 0.06547526355454725 0.14603378007899082 0.217988759101567 0.254882576177077 0.27883982798197327 0.2958704027397383 0.31369131262088956 0.32594145492217796 0.33495567130348913 0.337446278303978 0.34174371281955507 0.34698970081505554 0.35126738941524094 0.3540461595714399 0.3552070207459934 0.3591432305096385 0.36274620002381397 0.3687624564029459 0.3725580501354018 0.3755702838815109 0.37770322098217424 0.3788148929413149 0.38154239745354523 0.38159792465904996 0.3841612754010395 0.3842556357197271 
# Stellar luminosity-weighted [O/H]:
0 -5.27906921380823 -6.556795170908508 -4.387796846379422 -2.334502941736691 -1.8332816650217367 -1.559364008237882 -1.3827986705709332 -1.1544080555177523 -0.7271864256275515 -0.32568257586273663 -0.11340164816988096 -0.052761751600801876 -0.04952568467419516 -0.060007723995992635 -0.0725188832144883 -0.08380488713441903 -0.09495760669372455 -0.09910161938324213 -0.10558137188380234 -0.11402699901960656 -0.12311865737588912 -0.1314288242290056 -0.1398818060645053 -0.1481601940966768 -0.15568517875765453 -0.16086103090242476 -0.16585096757554751 -0.170699649034602 -0.17562700291497269 -0.17937403081710324 -0.1832417410673819 -0.18707089516629116 -0.19131147668752924 -0.1951517478662672 -0.1951905597869854 -0.19316222742700573 -0.19279161481566964 -0.19280988525807263 -0.18953906488853445 -0.1901627892409823 -0.18735132570125002 -0.1861454037669339 -0.18581987288281443 -0.18389007608549957 -0.18381828760357433 -0.1822942959317415 -0.18170551760204745 -0.1811411033532102 -0.17864328311599698 -0.18068121692036065 -0.17693324173466474 -0.1777093599057027 -0.17675014942572798 -0.17599139562305632 -0.18022162173896605 -0.1764305026505273 -0.17537399106604568 -0.18223602551114615 -0.17556952756820632 -0.17432304347719318 -0.17944668282821086 -0.17754345439250274 -0.17634025385320884 -0.17728540157069617 -0.18093843911504992 -0.1770147029387883 -0.17549530974798078 -0.1822147276463988 -0.18586176969986745 -0.1812923019012711 -0.1824227929725284 -0.18904994565800903 -0.19508588860960074 -0.1883921098947483 -0.18537802386448554 -0.19317241761403725 -0.20100145031341077 -0.20003598175128667 -0.19395720296365937 -0.19486345067187383 -0.20076022572574415 -0.20851875694951705 -0.20771949133195067 -0.20086908246247814 -0.20054568314154286 -0.206467991023509 -0.2137891842656625 -0.218887725784767 -0.2107854239361573 -0.20636922958647386 -0.21098287939672167 -0.21287925362955118 -0.1977785441149571 -0.23349607563278774 -0.23197119971837799 -0.21790760529855158 -0.21519080952488068 -0.21872434795881812 -0.22487129070121936 -0.2307347139831677 -0.2187394454324747 -0.21353999574385174 -0.21136297024547934 -0.21008083086176166 -0.20921091304801154 -0.20857357278667799 -0.2080838991377476 -0.20769552556553306 -0.20712188755069239 -0.20598659884002268 -0.2058552023295417 -0.20621752515322322 -0.20658865219015787 -0.20691427562463716 -0.2073353380119265 -0.20762342606058892 -0.20784515600456643 -0.20787912385232987 -0.2080192876892495 -0.20813064481290722 -0.2082571442476202 -0.20829551851526729 -0.20834227531287697 -0.2083864182587729 -0.20851609568294016 -0.2085807779292117 -0.20865043371463 -0.20871002140410733 -0.20874546545181127 -0.20866071958709442 -0.2086448833380672 -0.20861068335983957 -0.20852788018281476 -0.20851103224301948 
# Stellar luminosity-weighted [Mg/H]:
0 -5.27906921380823 -6.556795170908508 -4.610443306071087 -2.555339677395269 -1.9742014662054883 -1.6276852346825237 -1.4167038402155807 -1.1997501422262866 -0.8168360266176959 -0.43521276563538347 -0.22908062845514632 -0.17538291965256736 -0.18072699561112326 -0.19763260414889317 -0.21354713354969324 -0.2240810148533976 -0.2264282617210469 -0.22490585478928704 -0.22319151228793377 -0.2255828009242169 -0.2320236122764161 -0.23931178735212466 -0.24698574177932997 -0.2546192552013693 -0.2607429565146413 -0.2633642165671706 -0.26482866340574773 -0.2660772518166272 -0.26632654131078404 -0.2684461241749547 -0.26928392356637243 -0.26958068602392693 -0.2702928812516996 -0.26765781506823405 -0.2521998044700009 -0.22999643028345496 -0.20812714713131175 -0.18798968838005958 -0.1665705455546309 -0.14889119264909478 -0.13080103399213172 -0.114516418927602 -0.09933664847310109 -0.08441296809872956 -0.07092236496544224 -0.0580910015848648 -0.045739292736110215 -0.0341837109907166 -0.022149107237245502 -0.012972494258422174 -0.003395628753830593 -0.003571674131904956 -0.008486537384905901 -0.015978848706974524 -0.026531058786551043 -0.03298920595013666 -0.039867394364821784 -0.05121506605725035 -0.057862951898999704 -0.06674442595837604 -0.07495773980971965 -0.08202631906310742 -0.0913540208390593 -0.10173364042381383 -0.10349575442622427 -0.12196992322642952 -0.12763373508695253 -0.13455073816684582 -0.14247061278865036 -0.14382846237738356 -0.15109988960123832 -0.16138081851440855 -0.1705723544561879 -0.17228340250060725 -0.17729134671538738 -0.18568410125408263 -0.19508307303555394 -0.2020437830763271 -0.2046069886934445 -0.2117909658646724 -0.2222676667072463 -0.23398760847261446 -0.2403339683943413 -0.24131171573545274 -0.24660302510308885 -0.2610859086759758 -0.2708392267142923 -0.2825203746721323 -0.2799161518139668 -0.2862666737992132 -0.2985682623629442 -0.31513482972957885 -0.31133348583460396 -0.3223298314115066 -0.32925291555486247 -0.33232367939093166 -0.33396838351017966 -0.34774002978937 -0.3654364221786972 -0.3757297722545774 -0.3066163826245685 -0.27565949787318633 -0.2618619528031578 -0.25336600670633125 -0.24739097568016888 -0.2428740945911212 -0.23930316920771855 -0.23639009364960817 -0.231900894997227 -0.22112641368080332 -0.2153272234653727 -0.21406465782540707 -0.21387337451082722 -0.2140013651259567 -0.21436308750897393 -0.21473739023181437 -0.2150933777453634 -0.21516884029433125 -0.2154121049202704 -0.215650930544232 -0.21589611224271454 -0.21602824172962798 -0.21612672536286492 -0.2163010552479987 -0.2165602970683791 -0.21690829977758774 -0.21711147109418594 -0.2173399608968536 -0.2175950434708458 -0.21747316732915056 -0.2176332023380123 -0.2176091057417162 -0.21773870396473782 -0.21769072791817923 
# Stellar luminosity-weighted [Fe/H]:
0 -5.27906921380823 -6.556795170908508 -5.576878841508254 -3.5110498951750255 -2.572148862288028 -2.0435608267263508 -1.6918124330811342 -0.187268554331812 0.6268389662786378 1.1362032229134762 1.3793785575603557 1.4483451199884487 1.452705800748196 1.4413377578708104 1.4273809865814666 1.4143935295227403 1.4030684864958065 1.3930537815960191 1.3837469424958773 1.374913108662179 1.3658284673506378 1.357893571311953 1.3496966212632011 1.3417194682572013 1.3342654670848377 1.3288421806265904 1.323411609200075 1.3179226563752033 1.312800974904869 1.3081571580376496 1.3037423538584036 1.2994391882172507 1.2947253988743084 1.2901091847153983 1.2886616100291342 1.2890428765974908 1.2874233974878608 1.285186207761296 1.2867931600815163 1.284711211241088 1.2847811072735102 1.2842586272492342 1.2828087938776793 1.2832699387985027 1.2814644227835958 1.2815690020757895 1.2807091721293018 1.279509268150497 1.2804493526959675 1.2763985384679826 1.280048150691142 1.2774935667869234 1.2777078432878084 1.2783893910601951 1.2730201606973992 1.2771301830860895 1.2778193132382394 1.2706825779896342 1.2763163756932627 1.2774083577780782 1.2712010730025671 1.273289980393498 1.27621571565982 1.2723034723737139 1.2673157912120692 1.2736311958191644 1.2736946627271766 1.2662317358540247 1.2621367557439225 1.267831796933562 1.2669035398852473 1.2593404394710368 1.2523945911737884 1.2602159925208585 1.2620633538047668 1.2558195827315997 1.2469995996582526 1.2478052059883469 1.254416963369009 1.2535610733432976 1.2468537814007656 1.238071489978152 1.2390395451761456 1.2470411955719523 1.2478001917366197 1.2417470353723314 1.2337627793811379 1.2257993586312255 1.2355142991872463 1.2422114374283688 1.2396539384338756 1.2328875851253227 1.22543300111598 1.2183105852589713 1.224780904867044 1.2336640833867158 1.2337316257180677 1.2287163353363533 1.2212933219659492 1.2141432115317867 1.2312252545542317 1.2388844851115666 1.242257607000921 1.244343953959616 1.2458291399217494 1.2469701005063163 1.2478886540995422 1.2486523387111568 1.2498619373046318 1.2530367934962778 1.255215086561154 1.2559839905853072 1.2563751800792953 1.256609471644238 1.2567869136675447 1.2569210782323004 1.2570099799685157 1.2570614969464713 1.257073399521595 1.2571504230673276 1.2571767625653245 1.2572293393762264 1.2572258561151912 1.257319292524453 1.2573239324021626 1.2574764111922114 1.2575470535364515 1.257597277915719 1.257632479541848 1.2577618211232924 1.2578781770957312 1.257912394571869 1.2580868526206443 1.2581095583710682 
# Stellar luminosity-weighted [Ca/H]:
0 -5.279069213808228 -6.556795170908508 -4.892601660279334 -2.836878788048841 -2.2151389247706286 -1.8251396275341136 -1.559269504248098 -0.337904805830159 0.46274586783452953 0.9699550581943903 1.2125198253901113 1.281343503231109 1.285661528528225 1.2742894892234702 1.260345316086923 1.24737717967085 1.2360293393373132 1.2260110103383104 1.2167213930412109 1.2078848271645253 1.1987848602821503 1.190871169331209 1.18266630444331 1.1746904518994716 1.1672322290414892 1.1618162176189966 1.1563766942267275 1.150904510256904 1.1457759737369537 1.1411271473540987 1.1367521521884916 1.1324001491379265 1.1276832675658204 1.1230714770890877 1.121655016313321 1.1220234385339696 1.1203988523534916 1.120506924254836 1.1189807636921207 1.1165191093981424 1.1172379327574564 1.1171901288918464 1.1159281274946409 1.1166058074392593 1.1142986946134785 1.1143169420647112 1.113564340947323 1.1124949764426963 1.1134411517051799 1.1093898261933015 1.11298795083104 1.110467664827202 1.1106994753641661 1.1113526667593439 1.1059067523109087 1.110041586695023 1.110697400313609 1.1037832947107882 1.1092565060409916 1.1104569802900457 1.1042441834736207 1.1063064000682958 1.1091902839836854 1.1054501168572868 1.100011318867658 1.1065969380169358 1.106782364485431 1.099226989900938 1.095072698788636 1.1007867156471418 1.099876289240668 1.092341506531615 1.0854364931087366 1.093254240061646 1.0950571145721675 1.0888265838768438 1.0799801004170142 1.0807787174419765 1.0874020523816998 1.0865772535452871 1.0798510272268027 1.071053301179636 1.072110151915421 1.0799938227334902 1.0807624286539088 1.07469795197468 1.0669159229383975 1.058658335198393 1.068518444979989 1.075058891858938 1.072648523628323 1.0659299361911145 1.058411783309145 1.0512912850849165 1.0578280823559307 1.0667482658442289 1.0668131819642008 1.0616045253412647 1.0542409505315193 1.0471110070460465 1.0642053930869828 1.0718716891032685 1.0752479234999015 1.077336041572214 1.0788223873970049 1.0799641876202832 1.0808834041204642 1.0816476233533852 1.0828580518946653 1.0860354489493744 1.0882165765897271 1.088987284818459 1.0893797953854953 1.0896150743455513 1.0897936849978036 1.0899287241266018 1.090018255759344 1.0900699237329983 1.090082184395417 1.0901596121758077 1.0901862769954151 1.0902390445410868 1.090235662838868 1.090329395001243 1.0903343522667237 1.090487253263582 1.090558209571804 1.0906086643230797 1.0906440694202377 1.0907734939053766 1.0908900144685676 1.0909242636816119 1.091098875284656 1.0911215634859168 
# Stellar luminosity-weighted [Ne/H]:
0 -5.27906921380823 -6.556795170908508 -4.535361130275728 -2.4799670886803193 -1.8929213198036843 -1.5926965849827708 -1.4370360620560998 -1.327109866020205 -1.160468200276605 -0.9991437359976674 -0.9208913796549094 -0.924122952426992 -0.9418825221231977 -0.9576033600618379 -0.971279342333017 -0.9802888595161221 -0.9917378103539667 -0.9983173926714874 -1.0030631167956328 -1.009978067117447 -1.0176783431240857 -1.0249127270800455 -1.0326697674638412 -1.0399408496323828 -1.046687106090702 -1.0502534432187058 -1.0537613551922806 -1.058352634699716 -1.0604148767158916 -1.0617875698249213 -1.062093078932965 -1.0645779474486208 -1.0685755421008443 -1.067962734910278 -1.0566334903328514 -1.0434229750883945 -1.0278162315127162 -1.01165354222002 -0.9949463686655706 -0.9817856490555101 -0.9694854161963002 -0.9574607409106832 -0.9476167377554763 -0.9325238337213939 -0.9250495859662591 -0.9120181803800058 -0.9042992671300984 -0.8911819683033295 -0.8876129002015425 -0.8790943946516014 -0.8687642748931159 -0.8615835878848683 -0.8599164850696717 -0.8580614264969713 -0.8517380764377371 -0.8427689442625983 -0.842244986484805 -0.8383143645981503 -0.7673643576009095 -0.8560311621248653 -0.8695706778152434 -0.8380112998211144 -0.8287235546223473 -0.8195733666895801 -0.821861303544213 -0.815336028683868 -0.8189593509307382 -0.8236157495547136 -0.8339499733569316 -0.8305909020652704 -0.8399935893242834 -0.8443693189910269 -0.8541140403888994 -0.8516712202139312 -0.8578992254437106 -0.8625545328911111 -0.8741007781366124 -0.8752684438395733 -0.8796663014894461 -0.8819788600118343 -0.8915731609323432 -0.8970780261343227 -0.904195032187153 -0.9010952944685444 -0.9177688229506673 -0.9185698977002366 -0.9266958499288327 -0.9372525883058529 -0.933619576708022 -0.9312468793814261 -0.9416667848522584 -0.948675247149529 -0.9592277435446563 -0.9667594320769286 -0.9725378062973409 -0.9660800757487484 -0.9743280855865031 -0.9786066281723009 -0.9871371878378179 -0.9898009270412143 -0.9648505449820757 -0.9533994850600767 -0.9485630112275034 -0.945812116984647 -0.9440473990543161 -0.9428456483586309 -0.9419995369154455 -0.9413967853706788 -0.9406637208203001 -0.940646520654898 -0.9438028847385098 -0.9467495105809336 -0.9491105678674465 -0.951003777014594 -0.9531742597052748 -0.95474656345091 -0.9559416020071092 -0.9562584054387147 -0.9568791871757387 -0.9576013832796217 -0.9582384214109343 -0.9585765685415089 -0.958775452360511 -0.9592750488175499 -0.9598525557087312 -0.960688010246816 -0.9612316072722491 -0.9616832113804445 -0.9619970860251126 -0.9620414339676193 -0.962397777951864 -0.9623629461174996 -0.9626392938306187 -0.9626272773730555 
# Stellar luminosity-weighted [Si/H]:
0 -5.27906921380823 -6.556795170908508 -4.583375017194564 -2.527519379046316 -1.9216761473498236 -1.541686412366583 -1.3015155819373891 -0.3724989343017455 0.39909416816926147 0.9013196138274351 1.142699599225709 1.2112484811420003 1.2155083123709973 1.2041103166294613 1.190145565676226 1.1771463433330007 1.1658608239765638 1.1558560625785783 1.1465601533627399 1.1377293626519611 1.1286438857013588 1.1207054716083338 1.1125005215405293 1.1045378582022076 1.0970857919313426 1.091660940126972 1.08623708518124 1.0807535483460873 1.0756334654918724 1.0709740614693106 1.0665612375678322 1.0622604781662646 1.0575659081542632 1.0529550780659664 1.0515370512313633 1.0519039471024385 1.0503217320647975 1.0480675683689293 1.0496872759036227 1.0476259655148823 1.0477168613420287 1.0472122015795855 1.0457646544967942 1.0462581790919065 1.0444795098891864 1.0445857356996102 1.043745715046505 1.0425335552304182 1.0434855014708142 1.0394454509747937 1.0431297916988473 1.0405843313777816 1.0407689914935272 1.0414178884667518 1.0360481882000352 1.040123205903586 1.0408237298267893 1.0336586435401744 1.0392943758126951 1.0403513381010692 1.034157149471068 1.036207631468418 1.0391287685235202 1.0351865798696362 1.0302087273423828 1.036493605823463 1.0365699230575065 1.029092614458325 1.0250192136061047 1.0306810482977449 1.0297712408912392 1.022188997773914 1.0152463012618056 1.0230578029865156 1.0249237187182265 1.0186607538013432 1.0098559335690096 1.010648384336167 1.0172671423607103 1.0164116249155466 1.0096895590630748 1.0009001711115237 1.0018961212767659 1.009840143356855 1.01063349485768 1.004617951708226 0.9966145702185636 0.9886784429013433 0.9983093978438808 1.0049916105096925 1.002482338167638 0.9956977109778782 0.9882683499567029 0.9811166554205619 0.9875621984656497 0.996518377036498 0.9965735724833773 0.9914670325014718 0.9840530480832359 0.9769420748166264 0.9940584998038444 1.0017392470040924 1.0051238289458668 1.0072179353629243 1.0087089793940995 1.0098546427860966 1.010777119991071 1.0115441644910397 1.0127592944458836 1.0159508449508299 1.0181446548851807 1.0189219106434022 1.0193187000290749 1.019557023762295 1.0197389043579528 1.0198761342977458 1.019967269925091 1.0200192984345309 1.0200324061475237 1.0201107534964793 1.020138124804419 1.0201913891790912 1.0201881615511308 1.0202825744911777 1.0202881564018558 1.0204419935388422 1.0205135736872597 1.0205644500772313 1.0206000657396035 1.0207296942283062 1.0208464417779002 1.0208807233242392 1.0210554115834216 1.021078136973062 
# Stellar luminosity-weighted [S/H]:
0 -5.279069213808229 -6.556795170908509 -4.660289030537389 -2.6038474377278114 -1.9753825227434687 -1.5874228587721477 -1.346509880806419 -0.3872881134466164 0.38842114871729994 0.8913456129115191 1.1328742429924707 1.2014805830930446 1.2057638703571771 1.1943810820685639 1.1804261190549652 1.167427905059549 1.156147976955746 1.14615149241409 1.1368363909153043 1.1280008350793795 1.1189248816363744 1.1109957452048271 1.1027994723788597 1.0948149841753994 1.087372577952595 1.0819531217856166 1.0765405641509136 1.0710629490979136 1.0659322258354766 1.0612799379822024 1.0568428919093966 1.0525529167148275 1.047871646200118 1.0432410014943745 1.0418271128352834 1.0421904389485777 1.040606542334741 1.0383041807357034 1.0399230285942123 1.037840929249012 1.037944520638201 1.0374267230582102 1.0359913528464504 1.0364396942417033 1.0346386665728367 1.0347662961544422 1.033894692014007 1.0326941105986727 1.033607299466646 1.0296096429269754 1.03321566536787 1.0306752369751542 1.0308949762508832 1.0315742727764459 1.0262172652560517 1.030339540556064 1.0310124343019162 1.0238642950412173 1.029518987488887 1.0306038534892772 1.024417611633969 1.0264456045067605 1.0294307237441451 1.0255260096573169 1.0207401301085093 1.0267827708138335 1.026813905540116 1.0194004812416493 1.0151820757540677 1.0210574841562536 1.0202170156229071 1.012598943668265 1.0056377084887012 1.0134130312685135 1.01528817491731 1.0090887937660264 1.0002344690544391 1.001004076745927 1.0076739099963894 1.0067953692337004 1.0000726260154966 0.9912973119595772 0.9922739510586185 1.0002075744600298 1.0010492227585024 0.9949751127056001 0.9870153662345862 0.9791127055771573 0.9887405852139315 0.9953100786979916 0.9929268657984482 0.9861289337689976 0.9787476668439523 0.9715505605838239 0.9779926523187856 0.9869020304421636 0.9870428515357124 0.9819323639997553 0.9744883073278081 0.9673269588701308 0.9844386429169174 0.9921087036034075 0.9954854582337647 0.9975736154384034 0.9990599037691026 1.000201627740286 1.001120754393022 1.0018848936829396 1.0030951924586038 1.0062723471067683 1.008453693073415 1.0092248892465427 1.0096178931482185 1.0098535817926368 1.0100327289618978 1.01016811827866 1.0102579475959237 1.010309637509637 1.0103221116966452 1.0103997023429003 1.01042647469975 1.010479375714688 1.0104760021517567 1.0105698797881892 1.010574947051826 1.010728016069625 1.0107990632012425 1.0108495738012047 1.0108850309536783 1.0110144413448046 1.0111309000798703 1.0111651767231562 1.0113396603408331 1.0113623371651062 
# X_list:
0.7502161240435682 0.7500057942431585 0.7499990218068521 0.7498866790191266 0.7493377716603629 0.7474774448153542 0.7410469602265048 0.7177648728505406 0.6380171422287398 0.6034980032153034 0.6011075867941855 0.6050355053384021 0.6111241360482792 0.6171770547394425 0.6228420765871551 0.6274927898646231 0.6307982934403178 0.6332169954679818 0.6354269084685631 0.6385437568765018 0.6425792196630712 0.6466101563256831 0.6505932762935234 0.6543022876716668 0.6574050894093062 0.6593099036525751 0.6608098410472759 0.6620220819241454 0.6632032727401022 0.6642835804245469 0.6668915973950059 0.6655434641856733 0.6661385668049274 0.6667224454412579 0.6646569241796603 0.6607368179998665 0.6567622119114287 0.6527507204310519 0.6484013737467618 0.6448724511417767 0.6410728486032025 0.6374439350794519 0.6341095849611981 0.6305148856308515 0.627699529329688 0.624428713315925 0.6215025999172523 0.6186339016073373 0.6155918083117116 0.613299058919988 0.6100949345154971 0.6083379365422503 0.6060686924270305 0.6044450453436133 0.6033220755659972 0.6008638520890177 0.5993191798362134 0.598384071619062 0.5959703005784799 0.5946283674386599 0.5937842138816584 0.5916829937754755 0.5901267796707111 0.5892694184555074 0.5881558114925723 0.5865085413640289 0.5869502352205817 0.5882094700451697 0.5889637580608329 0.5888083502719903 0.5898844786153226 0.5913158028274382 0.5921843899481491 0.5917307666294367 0.5925739673437761 0.5941450462026432 0.5952425952901833 0.5953194712160665 0.595307045893744 0.596531490502175 0.5977328924372842 0.5990865675993703 0.5989786125190375 0.5989672473010345 0.5997686811488542 0.6015337250109426 0.6025769867714302 0.6035029919224006 0.6028107430503157 0.6031347892544212 0.6042551010484477 0.6053911726782791 0.6063463152218551 0.607144226812946 0.6069771773104926 0.606939764969583 0.6079209561505194 0.6089732674864117 0.6099968663362688 0.6108728964524791 0.6103858317981468 0.6231408868132952 0.6274613981984613 0.6297435493402644 0.6312510437727444 0.6323381507901544 0.633251691040594 0.6340546685396262 0.6347275467688089 0.6356517902128112 0.639079610080296 0.6444563635583483 0.6494533855246236 0.6540811327812284 0.658054275512801 0.6624786173934356 0.6658734035267881 0.6686257917313299 0.6695017903797723 0.6709688686171272 0.6729943458708035 0.674647175525393 0.6756452481511254 0.6760308057078043 0.677809911922841 0.6795460426935536 0.6825974886137641 0.6849888436371097 0.6869517842913886 0.6886670203582227 0.6902718622178907 0.691505789115267 0.6928152432028236 0.693777800091245 0.694711809764512 
# stellar_X_list:
0.7529042722234999 0.7502161240435682 0.7500101131708946 0.7500053137269199 0.7499876918998205 0.7499624163955122 0.7499406590115203 0.7499237410482025 0.7499101236437982 0.7498987185442846 0.7498971899132513 0.7498969249963761 0.7498964092434413 0.7498957313450072 0.7498950036644425 0.749894281636506 0.7498935794459831 0.7498928945712852 0.7498922271724558 0.7498915824805497 0.7498909766538662 0.7498904180487783 0.7498899036618459 0.7498894264397036 0.7498889812528113 0.7498885629023168 0.7498881617378472 0.7498877719951406 0.7498873934450659 0.7498870264768136 0.7498866711159456 0.7498863430792997 0.7498859981958121 0.7498856624106467 0.749885335054154 0.7498849979072314 0.7498846392421737 0.749884258782445 0.7498838614549437 0.7498834513628521 0.7498830307803551 0.7498825993225972 0.7498821537178224 0.7498817087387625 0.7498812498168391 0.749880793352916 0.7498803256842841 0.74987985978326 0.7498793837231335 0.7498789101702963 0.7498784256365829 0.7498779507898928 0.7498774671840835 0.7498769938467039 0.7498765143596667 0.7498760421141548 0.7498755704996906 0.7498751062387314 0.7498746314863025 0.7498741729852126 0.7498737113872974 0.7498732485615214 0.749872787174686 0.7498723411507959 0.7498718791706068 0.7498714236825477 0.7498709813531121 0.7498705510896375 0.7498701135393461 0.7498696942699389 0.7498692895439713 0.7498688938875825 0.7498684901106887 0.7498680991525692 0.749867723506273 0.7498673611352108 0.7498669909989931 0.7498666248821348 0.749866266797493 0.7498659299997471 0.7498655926746521 0.7498652558202298 0.7498649132759596 0.7498645864607587 0.749864273953985 0.7498639706775679 0.7498636614202872 0.7498633483145357 0.7498630335272849 0.7498627466416483 0.7498624678387439 0.7498621920626289 0.7498619056686927 0.7498616169791239 0.7498613263120066 0.7498610609976859 0.7498608062815645 0.7498605573422544 0.7498602981276283 0.7498600368782845 0.7498597674091734 0.7498600456275498 0.7498602057555992 0.7498603324264054 0.7498604369129089 0.7498605256964808 0.7498606028570397 0.7498606709464481 0.7498607351999683 0.7498608710642555 0.7498613295896597 0.7498618339834302 0.749862106571777 0.7498622636903133 0.7498623810501052 0.7498624755997556 0.749862509377105 0.749862520812519 0.7498625071357067 0.7498625128673839 0.7498624799688601 0.7498624600410995 0.7498624264150767 0.7498624269523183 0.749862338187547 0.7498623046454453 0.7498621021658063 0.7498619523667496 0.7498618350696011 0.7498616825506847 0.7498614376913092 0.7498613412715485 0.7498611310087294 0.7498609912995327 0.7498608732815009 
# stellar_X_list_luminosity_weighted:
0.7529042722234999 0.7502161240435682 0.7500113987859176 0.7500008529170095 0.7498918893027031 0.7493623102310611 0.7475670785441685 0.741370949503043 0.7189888197198097 0.6423033729744704 0.6072147135256178 0.6035072853344097 0.6066417010125976 0.612192726909927 0.6178953263378544 0.623315064632881 0.6278137411832098 0.6310436122161144 0.6334176299395574 0.6355784526547591 0.6385951499841739 0.6425046542323474 0.6464392595373163 0.6503401958847868 0.6539880413055977 0.6570612543866505 0.6589899739911257 0.6605069339355 0.6617348171035812 0.6629204883562775 0.6640049163248225 0.6665260281240424 0.6653458669437489 0.6659168937463675 0.6664993891141702 0.6645850904659747 0.6608612659736145 0.6570247320583783 0.65312927629231 0.6489008194498609 0.6454274174801532 0.641708564126758 0.6381497072050744 0.6348549291273834 0.6313308056200093 0.6285222565429988 0.6253108165267612 0.6224067909563236 0.6195711885722732 0.6165674358498194 0.6142709159248307 0.6111291120901082 0.6093344601072994 0.6070852397363035 0.6054412121762932 0.6042807532445706 0.6018868994962454 0.6003206868412478 0.5993450118647307 0.5969998055295888 0.5956332646344654 0.5947512216514123 0.5927080722942532 0.5911487101934462 0.5902538919693544 0.5891373175391349 0.5875206067262093 0.587849979766547 0.5889887287928264 0.5896955045899782 0.5895453936326436 0.5905357452639525 0.5918795460194466 0.5927208848855933 0.5923131302609675 0.5930914441071138 0.5945696115455025 0.5956351896814515 0.5957367624502833 0.59573443984897 0.596878753916421 0.5980339525995682 0.5993319632985794 0.5992750114065443 0.5992743548335538 0.6000302734875257 0.6016994642036487 0.6027275446929572 0.6036319700934281 0.6030231342531304 0.603324454656685 0.6043855305581888 0.605477632614248 0.606411786495629 0.6071937144501743 0.6070734611369358 0.6070499531334251 0.6079757317582339 0.6089867217941851 0.6099825020967449 0.610839077124618 0.6109554403240054 0.6114220637233109 0.611873009821675 0.6122864596156502 0.6126663586424062 0.6130182839845414 0.6133459233554325 0.6136532408525304 0.6142154619808458 0.6163399861213792 0.6188842979784308 0.6204396436293171 0.621524489060329 0.6223375715002252 0.6232282190662379 0.6238504409032327 0.624309837486879 0.6244331302663227 0.6246616349831502 0.6249337664487958 0.6251685955224778 0.625288599155567 0.6253597025527975 0.6255437831491578 0.6257480175219458 0.6260485759648192 0.6262465266193445 0.6263991642274253 0.6264924000339415 0.626533665782285 0.6266538377046845 0.6266465595453342 0.6267376838168466 0.626740405934081 
# Y_list:
0.018380728338548542 0.0004927837165307865 5.742926408615231e-15 4.8919900191455764e-05 0.0002998731666025068 0.0010594398119744555 0.0032877445395248952 0.011178144707343438 0.04081991896112659 0.12313767131246772 0.22510178758768112 0.27358400585181486 0.2846676223755633 0.284464397463698 0.2816567724281807 0.2786775041517566 0.27617855955795967 0.2740494451117303 0.27205391573947607 0.26927724589968144 0.2659535976509495 0.2624979655905514 0.2592281463320089 0.2561609421848916 0.2536771245114446 0.25199947622347213 0.25082908004240606 0.24987269313022883 0.24903392043557024 0.24815488275382108 0.24543865968820497 0.2473916544084714 0.24697381744100602 0.24644127096690077 0.24769740470571708 0.25055746478409924 0.25378942733163457 0.2569670762142287 0.2598337262095786 0.2628891261396338 0.26563512506881704 0.26831881132522906 0.27098586078573766 0.2735933905150712 0.2758755962794041 0.2781987107206079 0.28050351463010315 0.28275661039205224 0.2848280529323042 0.2871221188772538 0.2887541731215631 0.29076051426547 0.2924443163489169 0.2936779644353879 0.295434338922253 0.29653790263235863 0.29806849345700814 0.29980929511893767 0.3006512156606832 0.3020958383195655 0.30371154833253866 0.3046165715628401 0.3057614404230543 0.3072933169155425 0.3085801735499214 0.3087710068162605 0.30892361631867904 0.3089716580074847 0.30847076443261556 0.3076507024405093 0.30748335772547214 0.30738748148084033 0.3070565237282909 0.30598179819441834 0.30562272344168634 0.30574461305800216 0.305622818345798 0.30486877051022376 0.3040907294486565 0.3038787710609321 0.3036642575000795 0.3034833877254828 0.30303001435780935 0.30197597392860875 0.30207706147332375 0.30149621511797614 0.3013802251746968 0.3011689988661235 0.2998614511889331 0.2998829281164652 0.299703914125976 0.2994561109350906 0.2993479918588699 0.29896020398816914 0.29810437198128986 0.2975821092899753 0.2974974264468013 0.29729932145652976 0.2971868083918114 0.2970664752985857 0.2976911866879508 0.30261711124069685 0.3040382203804903 0.30474049363178124 0.3051189294135921 0.3053889000501754 0.30554083276706995 0.30563355362661715 0.3056768538653155 0.3055913839302397 0.30467858100657813 0.3018949300353898 0.2986813464609281 0.2955612036117817 0.29281405940664407 0.2898022564396286 0.2875606095973753 0.2857694537507659 0.2852282049937215 0.28426634344788354 0.28294861778993263 0.2817831457709975 0.2810541925115545 0.2807478477353644 0.27940430844583214 0.2779487456420385 0.27530862634282877 0.27312898003565994 0.2713870484108986 0.2699529001109569 0.2687006366558998 0.2677002859228189 0.26670027498357335 0.2660248678488451 0.26531621489516716 
# stellar_Y_list:
0.247 0.018380728338548542 0.0008600960993578378 0.0004909336039560246 0.0004638861304555211 0.00047840756288877593 0.000493459450912145 0.0005036921958621036 0.0005110601652331265 0.0005171947996146951 0.0005227221639733477 0.0005276535455404961 0.000531971041820281 0.0005357828859860834 0.0005391959889408585 0.0005422862911336289 0.0005451140972498471 0.0005477282046384263 0.0005501660100848446 0.0005524469114788975 0.0005545822942158011 0.000556578314918906 0.0005584429189107383 0.0005602018069639968 0.0005618753772090012 0.0005634686275288709 0.0005649847835845272 0.00056644434971033 0.00056785480254254 0.0005692171427788833 0.000570531286578446 0.0005717781867837113 0.0005730187509613383 0.0005742294880478812 0.000575413673623162 0.0005765636365045073 0.0005776953582684787 0.0005788431409339451 0.000579977911470921 0.0005810939457209762 0.0005822117266440894 0.0005833090992752603 0.0005844132354740651 0.0005854885300495471 0.0005865665288640512 0.0005876221152117939 0.0005886746212924234 0.0005897121223160244 0.0005907409798134322 0.0005917602201367771 0.000592789319204816 0.0005937687862472247 0.000594774605666731 0.0005957298609451615 0.0005967044259373614 0.0005976754692081808 0.0005985957792081594 0.000599523657225072 0.0006004818700847813 0.0006013582212266624 0.0006022581629396502 0.0006031739793808616 0.0006040539820873861 0.000604891740602906 0.0006057861808170702 0.0006066668220543579 0.0006074878798510722 0.000608293512015042 0.000609150795239537 0.0006099724983114589 0.000610739442947649 0.0006114905143630037 0.000612300401083119 0.0006130928808815637 0.0006138198249805265 0.0006145150868919642 0.0006152550416129632 0.0006160140689071153 0.0006167407714308289 0.0006174028912032259 0.0006180684158866857 0.0006187549051651423 0.0006194812648272339 0.0006201607374089242 0.0006207909941226922 0.0006214029282225634 0.0006220332196065575 0.0006227024360251158 0.0006233892105018528 0.0006239883206824753 0.0006245657206501387 0.0006251385520856833 0.0006257324709623803 0.0006263553273534676 0.0006270011619160256 0.0006275783774801766 0.0006281205861008923 0.0006286509528761282 0.0006292006986065202 0.000629754469440305 0.0006303560006592956 0.0006298031914812222 0.0006294888011599572 0.0006292352917490917 0.0006290186400776193 0.0006288294937593949 0.0006286602891302519 0.0006285147667778859 0.0006284063365396862 0.0006281717447805366 0.0006272749909663897 0.0006263049495463126 0.0006257327568727869 0.0006254538772320714 0.000625231495602372 0.0006250029275524885 0.0006248979279504707 0.0006248500548265303 0.0006248478919623381 0.0006248435698648846 0.000624881579880577 0.0006248665226919845 0.0006249248568876113 0.0006249143132872587 0.000625026279771981 0.0006250393866795636 0.0006252781727403486 0.0006254740357981708 0.0006256444876004497 0.0006258512382853102 0.0006261531535094644 0.0006263095869410434 0.000626572466772706 0.0006267825902001049 0.0006269558406057447 
# stellar_Y_list_luminosity_weighted:
0.247 0.018380728338548542 0.0009694339596829267 0.00015289768913227813 0.00012605998747201795 0.0003411444167190197 0.0010610922762528498 0.0032032131780871664 0.010785404092957465 0.039264933236460194 0.1186181338546694 0.21799980287323478 0.2672093500416734 0.2799071138162011 0.2808674412686077 0.27881529968861946 0.2763370171902265 0.2741827507186384 0.2723108688410246 0.2705238993419746 0.2679653874678913 0.26484567692319716 0.2615637778485778 0.25843295487766665 0.2554811605322313 0.2530740884055028 0.25143428624223024 0.25028877073143124 0.24935810560303076 0.24854539952283847 0.24769847587982444 0.2451167559573173 0.24689872650099767 0.24653764423300437 0.2460379557816044 0.24721758764662283 0.2499477410630956 0.25307592639233495 0.2561778226508911 0.25899722392646407 0.2619942331959013 0.26470707263307386 0.26735401157452776 0.2699921263052702 0.2725684324186986 0.27484439144330164 0.2771462426176902 0.2794349445105536 0.2816695525328025 0.2837363195411577 0.2860031950579465 0.28765602989485345 0.2896420747742784 0.29133277972392163 0.2925915799863574 0.29432884116306157 0.2954605013007308 0.2969787973423348 0.2986988835030968 0.29958261704603084 0.3010109569030064 0.302609188002534 0.30354538486038307 0.3046904506090757 0.3061993717261696 0.30748820558078516 0.3077464084282795 0.3079383943787441 0.3080269098238242 0.30758940224552955 0.30684131895896505 0.30668410802434887 0.3066077706009376 0.30630931000808387 0.30531354068524164 0.304961404296679 0.305074380400428 0.3049688024586645 0.3042723433140435 0.30353240673808 0.30332172557451226 0.3031156802023074 0.30294612134063675 0.30251955326010105 0.30152923635957457 0.3015982915129206 0.3010555802843237 0.30093289847635896 0.30073269126790664 0.2995033057993745 0.29949449554098384 0.2993197473481624 0.2990832181185054 0.29897389783713874 0.29860897943118303 0.2977975602263281 0.29728903401803003 0.29719006122816605 0.29699786107824194 0.2968837480258359 0.29676673314921553 0.29236624751037193 0.28969198680949165 0.28815206599729415 0.2870118745553037 0.2860826301711881 0.28528711577131766 0.28458663788751226 0.28395725156395996 0.2828575614574303 0.2790427899769987 0.27478836859824773 0.2722337775764946 0.2704509226433056 0.26911848978067054 0.26764615439746187 0.2666154024080245 0.2658524448125428 0.2656618461094508 0.2652664894479981 0.26481693467622264 0.264436503551903 0.26422400556143805 0.26411312592906205 0.2638015943922797 0.26345508458856043 0.2629791851762828 0.2626520338395299 0.2623980857993784 0.2622372095079625 0.2621873848401936 0.26199945955878545 0.26201493238002943 0.2618839208376104 0.2618816037413317 
# Z_list:
7.441590420464997e-08 1.9950757754282856e-09 3.4217121345699016e-07 3.899068257840816e-05 0.00013973615921900764 0.0004907734272211702 0.0023061256346977696 0.009138183864200879 0.024904755976705537 0.049023991768403254 0.06709391863872424 0.07196082272503125 0.07256104611825114 0.07104027877564079 0.06934695588543731 0.06782631563519671 0.06696528334107667 0.06642905789447588 0.0660416745695135 0.06552971585935277 0.06481579796016688 0.06422204521500575 0.0634648615126861 0.06287940879993272 0.06211726560827563 0.06187844551533675 0.061222174781962554 0.061244424739918056 0.060328232426660175 0.060789320733986095 0.05966008976640383 0.06058505343946292 0.05839456159284724 0.06120898974901408 0.05697803635132381 0.06516154035074043 0.05290169724687361 0.07601974539263115 0.03699423190728329 0.11060818130490076 5.475751223865275e-10 0.2056580753487776 5.684243604583466e-10 0.340193356129091 5.898149847844671e-10 0.5436738461435471 6.115773753607373e-10 0.8675132232462591 6.337282472791809e-10 1.4021254163308343 6.556431561212226e-10 2.343234387462964 6.752283121220365e-10 4.073763967450929 6.917252834587218e-10 7.3561003478380025 7.228100657381799e-10 13.669711328442183 7.43155591163584e-10 26.882099486594832 7.573787852939832e-10 54.61075007295323 7.900218377806406e-10 115.47025547319737 7.961815472764902e-10 255.09230928381626 8.338539435935792e-10 579.2074456322893 8.394151176935179e-10 1379.8164877041813 8.769869398354149e-10 3365.3064017478914 8.758244639636348e-10 8572.338122138379 9.232321483106616e-10 22522.001845435138 9.192639640412241e-10 60387.066936303854 9.628259456690463e-10 170577.2555726781 9.739351052036451e-10 482766.14730085136 9.833488499245276e-10 1445099.4577544534 1.031524452618649e-09 4430780.774086271 1.0262602461701445e-09 13540862.773554701 1.0575261276184112e-09 44491777.37653753 1.0952439580551661e-09 147848837.4616983 1.086226919845572e-09 489383655.55504954 1.1110920522644536e-09 1734181630.1014898 1.1621978247856669e-09 6260611396.157707 1.1557503293592035e-09 22517439130.946426 1.1471781826705407e-09 41324333863.32928 3.948806984679813e-10 39201975609.35509 1434856089.2034776 25464943506.96936 8525273921.054688 15687150464.705898 10834275274.368227 10695699846.64712 5802983865.005279 3705877204.3974776 2825797534.5107346 2312265724.953399 1988513417.4620545 1670958577.1516712 1470764016.9440966 1329098842.5425127 1292937602.6893592 1224614858.7724168 1140575683.2025242 1077586301.844397 1042712847.372912 1028138726.1501234 970011615.2504871 917946002.6183554 841430875.2945448 790704150.5162266 750183950.8342178 715874534.9288586 685682360.3202242 661595446.4715055 639065596.6123394 619487087.2609456 602523989.0136093 
# stellar_Z_list:
9.572777650013187e-05 7.441590420464997e-08 3.482170442744282e-09 1.6246227545248157e-07 6.085245137764669e-06 1.0994961102613514e-05 1.505849498626907e-05 1.9817892771683316e-05 2.396422794616456e-05 2.6212513813080383e-05 2.7324599212945618e-05 2.8078281194972937e-05 2.8742458708352044e-05 2.9388358793753484e-05 2.9992304721329082e-05 3.0555670113334785e-05 3.108215708873106e-05 3.1582509491560097e-05 3.206055890539793e-05 3.251833234987096e-05 3.2954011749918485e-05 3.336715574000257e-05 3.376010949702677e-05 3.413424436279477e-05 3.4493290494062334e-05 3.4835679238269384e-05 3.516657087102571e-05 3.548337090412899e-05 3.57940717288235e-05 3.6088795808985825e-05 3.638214852836993e-05 3.665651128299234e-05 3.693691454089652e-05 3.7192038001362066e-05 3.74690815251466e-05 3.7700048180470235e-05 3.799655814719617e-05 3.818141139326693e-05 3.855805676386538e-05 3.8598404236277134e-05 3.9236907166403935e-05 3.895661311693344e-05 4.029379574348951e-05 3.987921537640094e-05 4.206019896957795e-05 4.143115257695345e-05 4.483748984758488e-05 4.388262666234812e-05 4.919215816245261e-05 4.772708608128832e-05 5.614062484565202e-05 5.3843362487831465e-05 6.748950605723177e-05 6.379659584892728e-05 8.684602105349035e-05 8.067180535415706e-05 0.00012134588317115337 0.00011056203173156071 0.00018529038277341288 0.00016564626153207834 0.0003070123801432483 0.0002701028477179128 0.0005534588746335523 0.0004801460644375871 0.001066325234964688 0.0009155891669502195 0.0021771681144985445 0.0018547355500741231 0.004690664731375523 0.0039701694530374435 0.010514137652927592 0.008858468645995501 0.024703076658735376 0.02071611496065417 0.05993851356366432 0.05010043034226377 0.15151215022706943 0.12619245060148726 0.3963971292288484 0.3291500374456943 1.0633051929910244 0.8810409832691759 2.983375649805459 2.4636933607327287 8.485296347360764 6.997960443834485 25.256049172622543 20.766883669057066 77.4149354890168 63.513981020005374 238.50372171882438 195.56712737224873 777.5358271173045 635.4768193893192 2590.086545864815 2113.459706206592 8647.185086618107 7053.734936299206 30463.502028073806 24779.532748908234 110140.22497874651 89445.6936167576 83573.50256456484 80457.96440247161 78343.50353002005 76753.28878786019 75486.29272266173 74438.79125907863 73548.81081084278 72091.04207508371 67914.35341905335 64398.59402794574 62718.03652757087 61720.76346360437 61047.65139954579 60381.27716786744 59947.480942498674 59652.572646526445 59591.23749840679 59447.13654207055 59306.1820618024 59187.20793903425 59133.0766371728 59099.032824671944 59043.32344808843 58959.7961713152 58942.12663873604 58943.12495959287 58968.986035083944 59053.768908050355 59186.943707096645 59212.819459280734 59394.20739360486 59449.64305098923 59581.630429158584 
# stellar_Z_list_luminosity_weighted:
9.572777650013187e-05 7.441590420464998e-08 3.924833844870148e-09 3.3113823964933837e-07 3.7518038408731e-05 0.00013508500417266708 0.00047383713897151925 0.0022184063054273917 0.008783196897905708 0.02400457192384209 0.047464377901341046 0.06538914417360567 0.07067177188954166 0.07160073230703154 0.07034367953515874 0.06881676902052343 0.0674065031482418 0.06660041852815271 0.06610181565990235 0.06574486519238897 0.06526923819667188 0.06459653811264467 0.06402949561101641 0.06330628773649838 0.06273966189168938 0.062006773336326794 0.06176366217906617 0.061135524922351574 0.061140826697218806 0.06027283211453173 0.060687080888141426 0.059626589049264746 0.06047488988742835 0.05842335962198817 0.061030956617168786 0.057093965947673186 0.06472363348369986 0.05333727799769935 0.07488026395825852 0.03859587933131431 0.10714454902062016 0.004513328356913916 0.1954876513034916 0.006617000213429732 0.3223723296057123 0.010145319563958444 0.514500146645176 0.015673396726933967 0.8202411626490359 0.024530302436234913 1.3247845771887776 0.0391250883464728 2.2123896940938215 0.06458229045339933 3.843579770535538 0.11098346652722438 6.935954914630084 0.19838158511887843 12.881896299657804 0.36578376668455387 25.316359156635844 0.7122427061298932 51.4034126499621 1.4366739584519272 108.63365888640325 3.0172290458306907 239.8695607972499 6.621278787950642 544.4212791383786 14.963514981799234 1296.3483980151318 35.43694011043142 3160.601170446905 86.10684052836724 8047.635340338445 218.29030200170672 21135.97726808428 571.3537098192115 56653.816554775316 1527.947257110599 159969.45600564423 4296.042081626742 452640.4088217586 12143.492222813282 1354418.0835331734 36191.901533240045 4151573.863444706 110681.97645845199 12685224.58717891 338106.6167317195 41664367.959726155 1105571.916266655 138421407.06548032 3667861.6497427756 458101871.62391895 12138155.614679987 1622774778.746634 42835383.21799759 5857076942.646592 154362785.7389367 21062700511.758972 8546510756.3354845 4452243548.429106 3154091324.6138344 2513044555.944411 2126857276.5512629 1866752804.5729384 1678542823.389527 1535474019.7112455 1331201917.7420647 898915490.0332069 659308746.6154921 572448389.2802094 526335966.8349026 496418383.4016514 465823346.3047353 445210904.4539698 431365402.57724696 427922701.13447684 421479048.92231524 413854775.2715075 407774000.15740395 404460070.3170211 402935689.92121255 397869978.6309114 392838086.7773799 386143644.27292633 381303248.2312371 378157104.78185433 376561345.3464245 374612234.1858847 372399572.37491125 372811938.81446916 370904941.0812369 371292442.2614139 
# formed stellar mass list:
1e-15 5362462.060480345 198418550.39558348 139301802.43993425 45562562.79623123 12250083.870971221 3008363.394368945 704375.5394634723 162946.52023150367 40061.3239942668 12712.049822483621 6529.873454174332 4915.545209898084 4304.965711438433 3943.267868679836 3668.014939679012 3436.9990441089276 3237.357712381467 3062.6543240947576 2908.8085610468092 2768.3445410196036 2643.200108581737 2525.7028277212976 2422.9836871762427 2330.8253752061128 2247.221377363846 2164.916380904332 2091.6449398546515 2025.9935393349529 1964.169710092202 1905.4534979213925 1846.1724795040639 1801.8157512090952 1756.4465592974723 1714.3978938090652 1669.0611842986048 1624.3890945285707 1590.5299032927305 1560.8173486207577 1520.2515611142219 1493.5057524336428 1460.986752855599 1432.2117936446964 1407.3992172941416 1378.122422239393 1356.3575369187 1330.3373713206352 1308.092863193512 1287.5669155284465 1262.370745559603 1251.9633633220196 1220.1759334037602 1205.6822139926553 1184.7844434808194 1162.0605713101625 1156.5284935081304 1126.9326375375092 1106.791448985964 1106.0635871539414 1076.4905889322758 1057.1323357969522 1056.2746350090504 1035.6645506972075 1012.6302359532118 1007.1143058763444 1004.795957324773 975.4256128065884 959.4006314251125 960.038955399543 953.0445463005008 925.2755585558712 912.214268721193 913.4999070718885 913.4250445340574 883.719611671865 866.5209519229234 865.3509022608399 870.261460574478 856.081226139605 830.8874554103315 820.1206038913131 821.4099643042682 825.8521998176873 813.5464846085906 787.5678727727831 775.5511737691761 775.3095154911279 779.5293669276238 784.1215679538847 756.4824916445613 735.0189776697159 730.4308726072013 732.2707011677027 736.4943598651886 740.5551212457419 720.012350344479 696.6800393631756 688.3509699801207 688.5828422712982 692.1910205671787 695.8130660594404 1e-15 1e-15 1e-15 1e-15 1e-15 1e-15 1e-15 1e-15 1e-15 1e-15 1e-15 1e-15 1e-15 1e-15 1e-15 1e-15 1e-15 1e-15 1e-15 1e-15 1e-15 1e-15 1e-15 1e-15 1e-15 1e-15 1e-15 1e-15 1e-15 1e-15 1e-15 1e-15 1e-15 1e-15 
