# time step list:
1000000 10000000 20000000 30000000 40000000 50000000 60000000 70000000 80000000 90000000 100000000 110000000 120000000 130000000 140000000 150000000 160000000 170000000 180000000 190000000 200000000 210000000 220000000 230000000 240000000 250000000 260000000 270000000 280000000 290000000 300000000 310000000 320000000 330000000 340000000 350000000 360000000 370000000 380000000 390000000 400000000 410000000 420000000 430000000 440000000 450000000 460000000 470000000 480000000 490000000 500000000 510000000 520000000 530000000 540000000 550000000 560000000 570000000 580000000 590000000 600000000 610000000 620000000 630000000 640000000 650000000 660000000 670000000 680000000 690000000 700000000 710000000 720000000 730000000 740000000 750000000 760000000 770000000 780000000 790000000 800000000 810000000 820000000 830000000 840000000 850000000 860000000 870000000 880000000 890000000 900000000 910000000 920000000 930000000 940000000 950000000 960000000 970000000 980000000 990000000 1000000000 1010000000 1020000000 1030000000 1040000000 1050000000 1060000000 1070000000 1080000000 1100000000 1200000000 1400000000 1600000000 1800000000 2000000000 2300000000 2600000000 2900000000 3000000000 3200000000 3500000000 3800000000 4000000000 4100000000 4500000000 5000000000 6000000000 7000000000 8000000000 9000000000 10000000000 11000000000 12000000000 13000000000 14000000000 
# Number of SNIa + SNII (log_10):
0 0 4.366751697859073e+53 2.027304734634851e+55 7.746701701638597e+55 1.4069988606227924e+56 1.9686833546648373e+56 2.4866642215475596e+56 3.018386239698054e+56 3.498203932303552e+56 3.91871801618207e+56 4.286187222013944e+56 4.609767285711052e+56 4.897687080785989e+56 5.156704587269968e+56 5.391995365440988e+56 5.6075164029222575e+56 5.806359694153129e+56 5.990951555922553e+56 6.163217454763762e+56 6.324714001628897e+56 6.476718418199384e+56 6.620291556236963e+56 6.756324475426008e+56 6.885574127948739e+56 7.008687710230444e+56 7.126223391846358e+56 7.238668217421828e+56 7.346444958000984e+56 7.449925024229357e+56 7.549441061610639e+56 7.645297851858654e+56 7.737745972507893e+56 7.826994970142314e+56 7.913288850664073e+56 7.996812958709462e+56 8.077738603043848e+56 8.156215130360689e+56 8.2323922530909e+56 8.306418827126575e+56 8.378391781616623e+56 8.448427984470028e+56 8.516627176431643e+56 8.583080280017523e+56 8.647879501408046e+56 8.711104351274419e+56 8.77283003135021e+56 8.833120267476093e+56 8.892044492529237e+56 8.949678885715567e+56 9.006061168200113e+56 9.0612421095783e+56 9.115277915193499e+56 9.168219599506965e+56 9.220102774936656e+56 9.270972560454883e+56 9.320865277712375e+56 9.36979866468355e+56 9.41782664557622e+56 9.465041991968914e+56 9.511407753632847e+56 9.556968548601414e+56 9.601720354487253e+56 9.645698536031637e+56 9.68895947879148e+56 9.731513822192626e+56 9.773379233570662e+56 9.814588590741202e+56 9.855156966097527e+56 9.895099295354842e+56 9.934439251759437e+56 9.973199066094419e+56 1.0011382256702295e+57 1.0049007939538329e+57 1.0086115999632378e+57 1.0122700011258111e+57 1.01587737296127e+57 1.0194355965989859e+57 1.022945831571918e+57 1.0264092532080046e+57 1.0298272897713639e+57 1.0332005598649066e+57 1.0365301359991571e+57 1.0398196209323782e+57 1.0430675209668727e+57 1.0462752304257682e+57 1.049443805534518e+57 1.0525747846045652e+57 1.0556686031572397e+57 1.0587246604684067e+57 1.0617456124553281e+57 1.0647317124902981e+57 1.067683031980198e+57 1.0706043239764372e+57 1.0734937096974993e+57 1.0763497354785367e+57 1.079174951898744e+57 1.0819701224984613e+57 1.0847355075434936e+57 1.0874710353835281e+57 1.090178236618374e+57 1.0928567414881723e+57 1.0955085141910263e+57 1.0981349146675231e+57 1.1007341500957388e+57 1.1033078056595947e+57 1.1058563015207517e+57 1.1083792381135792e+57 1.110877777282873e+57 1.1158045775013185e+57 1.1391303065441152e+57 1.1803107057776503e+57 1.2158548439140146e+57 1.2471210805247286e+57 1.2750334192012511e+57 1.311983848685862e+57 1.3443340560188286e+57 1.3731034145639568e+57 1.3820307781127165e+57 1.3990063081866104e+57 1.4225615829975372e+57 1.444164960633264e+57 1.4576303537670612e+57 1.4641094995043276e+57 1.4885282257639892e+57 1.5161433607155015e+57 1.5638917105970565e+57 1.6042194323197408e+57 1.6391271954005423e+57 1.669907885853747e+57 1.697413035773247e+57 1.722309985810901e+57 1.7450236238046382e+57 1.765912660351185e+57 1.7852491977860964e+57 
# Gas [Fe/H]:
-5.02011865111616 -6.672344764580137 -6.061555425458716 -4.0442162093868586 -3.0911140929755367 -2.5523365869010943 -2.2893781626979273 -1.4965152377883841 -0.6644450659571657 -0.15638982019540926 0.2715721089370815 0.6543090440923498 0.9785868174931895 1.2110837885026857 1.3386327501115227 1.389415294998051 1.4019506517040035 1.3996331653445186 1.3923782113492167 1.3837371260881408 1.3746994130582593 1.3657639231199266 1.3574782439037212 1.348998702347493 1.340997527073736 1.334074035319607 1.3284441521707242 1.3226478285712644 1.3171629885352636 1.312101350924721 1.3074034201501434 1.302897539172133 1.2983192134075154 1.2935508641900109 1.2901090710932275 1.2893316574242997 1.288681793430058 1.2866448648897642 1.2860294034018551 1.2863007271906413 1.2847273541830404 1.2848596360828748 1.2837724606521213 1.2831820044057993 1.2827732589155492 1.2815563484869599 1.281502742905459 1.2802807567777967 1.28003521575322 1.2790233474578439 1.2777557693078032 1.2794691014048394 1.2772855558457397 1.2782741662272636 1.2762609909924545 1.2745685509032652 1.2778232588493705 1.2747371766369815 1.2727296202627159 1.2772988148865116 1.274613644309993 1.2718233866405013 1.2748417139605053 1.2746213305813723 1.2700024799490937 1.2698684973264496 1.2741390333157656 1.2701855658648538 1.2643525543501353 1.2646915971665562 1.267709004848923 1.263223022121939 1.256290601470107 1.2555806427244893 1.2612481189088074 1.25860325325537 1.2517792250681836 1.2471773172254692 1.2506197694006573 1.2535483678929076 1.2499176722710388 1.2429093852152016 1.2382453661539135 1.2421496296082748 1.246644166768328 1.2442827953168032 1.2379629485862433 1.2303220706512379 1.2291952830913555 1.2379887348746519 1.2398293436113428 1.2359331988608147 1.2294177002410351 1.2223106529716823 1.220267209284485 1.2278361071742094 1.2325281257628178 1.230501906898708 1.2250968010178664 1.218022466934627 1.211557352278113 1.2114846732127211 1.2146355105311426 1.217329136005246 1.218384663967044 1.2182478731882798 1.2172988547769736 1.2157252170724275 1.2139749344531325 1.21355183997122 1.209933139993336 1.2017304493131027 1.195966231980429 1.1900717718069336 1.1859499565045684 1.1823154423272153 1.1795146626339998 1.177591890210853 1.176555979003378 1.1760876946715388 1.1749288795627986 1.1754482288147146 1.1757934559074834 1.1765431750937188 1.177512615357287 1.1808368840555103 1.186726541241769 1.1926698715929174 1.1964775834025851 1.1982441879868806 1.1982498485431097 1.1989856611033427 1.1981359295159377 1.1973735468110749 1.196747084153833 
# Stellar mass-weighted [Fe/H]:
0 -5.02011865111616 -6.4289423321986625 -6.131858478988276 -4.621359202562891 -3.967371824732396 -3.6631800661771052 -3.5512879460026685 -3.3209733717921814 -3.0054363692254285 -2.8183773295431607 -2.6998797066141584 -2.6186629936675043 -2.5594126269123354 -2.5133296621719046 -2.4760886497762424 -2.4450708102697876 -2.4186248182088415 -2.3956593003682762 -2.375425359056816 -2.3573859827694035 -2.3411464607032713 -2.3264082391937704 -2.3129348398691443 -2.3005422564493774 -2.289084828382804 -2.2784450521030166 -2.2685200725141685 -2.259227033927645 -2.2504974752292206 -2.242274732333782 -2.2345040454853224 -2.2271449399521535 -2.220154994289498 -2.213507628097788 -2.207175870769446 -2.2011303247964777 -2.1953425016360546 -2.1897995960445718 -2.1844852007684237 -2.179374556122502 -2.1744635381543747 -2.1697314709808238 -2.1651686634101246 -2.1607667959334114 -2.1565139466624643 -2.1523995220820122 -2.148417128696522 -2.1445622121789203 -2.140776212595167 -2.1371603067802907 -2.133612294951315 -2.1302227153665694 -2.12688170999646 -2.12368389529306 -2.120518374881505 -2.117498997274679 -2.1145005130778465 -2.1116247063364373 -2.1087879333018487 -2.106049267346105 -2.103332147982667 -2.1007263636727016 -2.098143642589325 -2.0956496950876096 -2.093172582843936 -2.0907986929594733 -2.0884322661263877 -2.086142124989288 -2.083868769750209 -2.0816863346906382 -2.0795057727116912 -2.077391965236214 -2.075287996071042 -2.0732712455653637 -2.071256638420947 -2.069300013559035 -2.0673422988133954 -2.065459372740313 -2.063589487306303 -2.061776546231088 -2.059953580489963 -2.0581849018294127 -2.0564292562982303 -2.0547400707763526 -2.053045790000592 -2.0513968736394377 -2.049736224199841 -2.0481306827479866 -2.0465433896468124 -2.0450073027074263 -2.0434640492497698 -2.041958454692513 -2.0404440757284252 -2.0389730371512167 -2.0375140173935096 -2.0361060385038945 -2.0346919502404193 -2.0333128333145227 -2.03192432659481 -2.0305680703658373 -2.0320317787853943 -2.0328798491079416 -2.033548086800251 -2.0341187453982315 -2.0346225723143467 -2.03507209342012 -2.035477261472776 -2.035846865215154 -2.036544566061419 -2.039120229655489 -2.042040021960476 -2.0437068968935836 -2.0446707012499923 -2.0453510730334266 -2.0460097315536006 -2.046297483039467 -2.0464279369463725 -2.046382126649889 -2.0464408451644065 -2.0463022081849314 -2.0462605097281257 -2.0461029534937767 -2.046119330373024 -2.0457233970352595 -2.045570069755822 -2.044644610694445 -2.0439115158692758 -2.0432854328625645 -2.0425447764837266 -2.041394027002821 -2.040826452447222 -2.0398550474695023 -2.0390991437941848 -2.038458294395574 
# Gas [Mg/Fe]:
6.938893903907228e-17 -1.3877787807814457e-17 0.9233755441741551 0.9583034184462844 0.7797263734405225 0.5228617305893624 0.42369970413146085 -0.2710160287315211 -0.962532943697402 -1.2802914616401835 -1.4586644034898266 -1.553640696905192 -1.600446760930742 -1.6242681026217591 -1.6351670868782484 -1.638368350206524 -1.63468257703766 -1.6253523140867416 -1.6144153207574998 -1.6050724091858568 -1.5997916563926484 -1.5973789878798539 -1.5964423150160703 -1.5958286619577249 -1.5951456769635324 -1.593270839514351 -1.5901426426430005 -1.5861924761744608 -1.581797954229203 -1.5778241158940092 -1.574933695997995 -1.5709601892191323 -1.567006853978322 -1.5617276313732933 -1.550663570812333 -1.531820385814003 -1.5098051917722863 -1.4867988475431133 -1.4652781690706427 -1.445157791647393 -1.425672141399812 -1.4079086987536467 -1.3908956742681986 -1.374980475035524 -1.3600222150991903 -1.3454995080958725 -1.3325789374642043 -1.3192841878883426 -1.3071609901243306 -1.2951662839295912 -1.2845586736169279 -1.2802084114543564 -1.2801353125163635 -1.2864715620500695 -1.2930685748586368 -1.3002642588066076 -1.3102477693162677 -1.3162452249976897 -1.3241197987976594 -1.3359878757243473 -1.342579282710513 -1.3474373642170314 -1.3589102170883425 -1.3686050243417613 -1.3711557166233574 -1.379115872848378 -1.398136066375345 -1.3989475209186992 -1.4019231411613617 -1.4073882815995429 -1.4141946262990142 -1.4187419022625245 -1.4214278001384444 -1.4268880586809083 -1.4356284985601953 -1.4400526658011046 -1.4419622626219506 -1.445630014168574 -1.4543227762768753 -1.4618535467399594 -1.4672605657646012 -1.4709916820297921 -1.475956038443436 -1.4840270474476438 -1.4917274939082694 -1.4986446858442348 -1.5050563890628026 -1.507186949399636 -1.5130964691674116 -1.5222093648054895 -1.5340369864204677 -1.5435946579765647 -1.5456028850993357 -1.5399195147945026 -1.5491919191206434 -1.5612169491570729 -1.5684766061396451 -1.5732699735082185 -1.583782566260158 -1.5907985930445567 -1.5934012205617447 -1.5958529120948557 -1.5988915542064472 -1.6010149373804659 -1.6022676894099568 -1.6038392015639813 -1.6049529504874858 -1.6054305526284673 -1.6061625870317735 -1.6079392593245048 -1.6165970032026187 -1.6293319321532984 -1.6377027057940106 -1.6447143060582883 -1.6505434575891125 -1.656606240160837 -1.660807839052133 -1.663952734468155 -1.6648644841342797 -1.6665282100618217 -1.668187486960379 -1.670209073139817 -1.6711209988680726 -1.671555497916624 -1.6731510944368626 -1.6746398538012834 -1.6769899732169085 -1.6787128730582455 -1.6798655064359622 -1.6808805288392572 -1.6816310885306913 -1.6822515135373919 -1.682764450489398 -1.6832392622765642 -1.6836044246387285 
# Stellar mass-weighted [Mg/Fe]:
0 6.938893903907228e-17 6.938893903907228e-17 0.8615588362269407 0.9561514491608716 0.8157762232161625 0.6696384998852215 0.6124317822676312 0.3966174792695906 0.0852454922802606 -0.10066816566802883 -0.21862429915441695 -0.29928048850883726 -0.35785141562478073 -0.4031416683609915 -0.4395159301593501 -0.46961585191049454 -0.49509111334846 -0.5170310426381066 -0.5362042593469356 -0.5531742884323657 -0.5683670302715476 -0.5820949606621799 -0.5945931721311659 -0.6060414289328265 -0.6165868067565092 -0.626342468141055 -0.6354016262752419 -0.6438409542277453 -0.6517306354396415 -0.6591308327990211 -0.6660995175694839 -0.6726697405096377 -0.6788806703141232 -0.6847568849790546 -0.6903116123038695 -0.6955466145562407 -0.7004759611181706 -0.7051183523079684 -0.7095045708523219 -0.71365696986263 -0.7175872757459765 -0.7213167823607691 -0.724856796510685 -0.7282246378930971 -0.7314280715992025 -0.7344826787123592 -0.7373981486543978 -0.7401764461126723 -0.7428682102339018 -0.7453960095036936 -0.7478514871544825 -0.7501864121531552 -0.7524964443474573 -0.7547356038951338 -0.7569680006092313 -0.759129716107013 -0.7612978238654489 -0.7633821964335108 -0.7654671550270165 -0.7675044315126044 -0.7695265611803417 -0.7714776257430925 -0.7734378073572965 -0.7753401712648396 -0.7772223357812635 -0.7790520668825723 -0.7809146465587838 -0.782692284994012 -0.784457721549404 -0.7861728416188063 -0.7878916952418741 -0.7895458261951888 -0.7911924907213972 -0.7927961774774276 -0.794410876377509 -0.795963611043658 -0.7975071762864991 -0.7990079628690115 -0.8005238673966123 -0.8019939200924534 -0.8034581249213734 -0.804875934579304 -0.8063015957878176 -0.8076980682012928 -0.8090959987186306 -0.8104479378870789 -0.8118026261239062 -0.8131174983856106 -0.8144459399601505 -0.8157441365547522 -0.8170444436325294 -0.8183075455086076 -0.8195659884875757 -0.8207845319582976 -0.8220243303203845 -0.8232387306166563 -0.8244511050890119 -0.8256227349017509 -0.8268014640393838 -0.8279537484144182 -0.8267759768493979 -0.8261249517047735 -0.825624966633706 -0.8251931156681913 -0.8248034624902442 -0.8244499507878589 -0.8241312314528774 -0.8238428057296828 -0.8233371583138046 -0.8214479576523799 -0.819333307140808 -0.8181339003563048 -0.8174705128084817 -0.8170540008599557 -0.8166295251667942 -0.8164670770053469 -0.8164275781855423 -0.8164574471987619 -0.8164795098867845 -0.8166326341997764 -0.816669372024172 -0.8168446868210132 -0.8168426092116519 -0.8171652362512324 -0.8173164387820677 -0.8180801856353941 -0.8186984943225815 -0.8192431256446363 -0.8198729882325594 -0.8207447224237605 -0.8212570028993837 -0.8219915200508962 -0.8226523522755874 -0.8231481040494869 
# Gas [O/Fe]:
0.0 -2.220446049250313e-16 1.143817280169563 1.179489091393624 0.9710597630682489 0.6374947389399008 0.5079751955645224 -0.19692371005870357 -0.8822432914067317 -1.1884863989856351 -1.3549486859993263 -1.4390982707570659 -1.4766550033210566 -1.4923000386919647 -1.4975505538683858 -1.4983001006014196 -1.497931165935408 -1.49593988025524 -1.4911307981327688 -1.4896371361549632 -1.489015119148499 -1.4888597773190129 -1.4891245625360778 -1.4893502406758414 -1.4895310328674154 -1.4894623020258817 -1.4891512279442862 -1.4886504635326827 -1.4881819228409494 -1.4877303310936523 -1.4869134277858753 -1.4864454653282326 -1.485929787420079 -1.4853280767205825 -1.4842838365063558 -1.4827883402885491 -1.4810534186002942 -1.4789512462484142 -1.476939284102739 -1.4753482881344424 -1.4733215000545175 -1.470901546217591 -1.4693131302554872 -1.4676088029476062 -1.4659140256281633 -1.4642472167231726 -1.4627647762018234 -1.4612093760978715 -1.4594192958490517 -1.4577643896153663 -1.4563043972155627 -1.4555190468945258 -1.4540387626897615 -1.4536340190756045 -1.453038692227401 -1.4524297967648294 -1.4526285429330705 -1.4521030158166366 -1.4516854061752178 -1.450909142282164 -1.4505497861202963 -1.4497950235331354 -1.4507068933969083 -1.4505325051518294 -1.4480655343688253 -1.4484678156314492 -1.4493933742585312 -1.4477876562081406 -1.4475088751404317 -1.4475621666149592 -1.448489155204562 -1.447991670360945 -1.4472163265065774 -1.4470869466846286 -1.4474621116804351 -1.4470514643208983 -1.447926729838271 -1.446923357895146 -1.447456095894038 -1.4475050227792077 -1.4473247677601198 -1.446354490682804 -1.445948643105544 -1.446412830765761 -1.4473232085927445 -1.4472413806095457 -1.4475043033665878 -1.4455890621044345 -1.4444407922529794 -1.446616514370261 -1.4485645917686947 -1.4478219631261058 -1.4357627811050773 -1.433220571865028 -1.4551369753327537 -1.4516614176531402 -1.4496001096682223 -1.448201125721433 -1.4465852470615492 -1.4448767545492067 -1.4440327359579934 -1.4450297761121178 -1.4461712680790488 -1.445995489430743 -1.4462493057974326 -1.4463767284535733 -1.44615769015192 -1.445973704548934 -1.4456776151626949 -1.4457413935215373 -1.4456150007155948 -1.4453297298906276 -1.4459605413098005 -1.4467081169759626 -1.4476154810254842 -1.4494309968224925 -1.4513660795005072 -1.4533025947638865 -1.4539211191456074 -1.4552183637155915 -1.4569342931178233 -1.4585440051890013 -1.459510709664157 -1.4596754637497422 -1.461710640671059 -1.4637015289536404 -1.46708901300836 -1.4698056189954567 -1.4718613321446141 -1.4734120863297702 -1.4746527731446248 -1.4756731331775879 -1.4765293526311405 -1.4772641248824339 -1.4778969233726709 
# Stellar mass-weighted [O/Fe]:
0 0.0 0.0 1.0784037985437425 1.1772486728703098 1.0144092628337962 0.8353581923570363 0.7647670450270958 0.5446736190495787 0.23213350291913515 0.045987576270491104 -0.07196242462908331 -0.15254980490636227 -0.21103243827430884 -0.25622400027931747 -0.2925045102577827 -0.3225303520232662 -0.3479803675909794 -0.3699523094686422 -0.38919109031718613 -0.4062644968893695 -0.42157094452053057 -0.4354106195170422 -0.4480158748148765 -0.45956678564293096 -0.47021235497754443 -0.4800705905858046 -0.4892378066039036 -0.4977919426806209 -0.5058043660676693 -0.5133320546369997 -0.5204267906252384 -0.5271283422052159 -0.533474664412164 -0.5394945815377475 -0.5452200615517792 -0.5506747170757129 -0.5558756359472425 -0.5608405822894058 -0.5655931089336966 -0.570150010812082 -0.5745194652359806 -0.5787167145969797 -0.5827527397589193 -0.5866407076573823 -0.5903857632637143 -0.5940025133972681 -0.597495114612087 -0.6008683755701619 -0.6041733775450012 -0.6073209508475542 -0.610410501924553 -0.6133542432678336 -0.6162488985060363 -0.6190172517815399 -0.6217458863896668 -0.6243593548361404 -0.6269442643781808 -0.6294135048617998 -0.6318600176656448 -0.6342127325658621 -0.6365356424286424 -0.6387696470208308 -0.6409850519625856 -0.6431121809879158 -0.6452177894368721 -0.6472494002908825 -0.6492708079326 -0.6512089456210943 -0.6531348777067473 -0.6549972258192891 -0.6568527112989798 -0.6586323410091387 -0.6604043703936479 -0.6621217453339274 -0.6638358283160442 -0.6654793050100439 -0.6671178052461981 -0.668705648816599 -0.6702961846590537 -0.6718277274383319 -0.6733491857907076 -0.674819833688844 -0.6762945941564712 -0.677728798743832 -0.6791572079633084 -0.6805310386405714 -0.6819044511858563 -0.6832365184293139 -0.6845761376388373 -0.6858775905792408 -0.6871697584613696 -0.688416175888127 -0.6896472714138285 -0.6908499917068557 -0.692091479180581 -0.693285874275108 -0.6944702341320235 -0.6956110245175282 -0.6967497043266291 -0.6978580895875164 -0.6966597235121533 -0.6959871489509224 -0.695465540698196 -0.6950108658999669 -0.694599507712064 -0.694226254656934 -0.6938889479953433 -0.6935830066537323 -0.6930456682155421 -0.6910170802583163 -0.6887227309364184 -0.6874069454369385 -0.6866709891723632 -0.6862000860546388 -0.6857142873969689 -0.6855154271747181 -0.6854506453349815 -0.6854774465412133 -0.6854852353828906 -0.6856320327575758 -0.6856585597635699 -0.6858320928834533 -0.6858242553722391 -0.6861540829387331 -0.686297150233468 -0.6870772015187299 -0.6877098604204072 -0.6882639499431106 -0.6889087284605654 -0.6898244839789462 -0.6903425718918458 -0.6911148933427189 -0.6917885289992085 -0.692307985667021 
# Stellar mass-weighted [N/O]:
0 0.0 0.0 -1.459377423947613 -1.826567913655989 -1.6847786788352948 -1.352939014017824 -1.0199883941459666 -0.768918591941621 -0.5884711172669639 -0.4575884407297439 -0.360754593758871 -0.2901665505969664 -0.23738475219314936 -0.1951681426031795 -0.15947269992215451 -0.12783871586663642 -0.09820352192530624 -0.06942830434304192 -0.04162313006938001 -0.015685176455106586 0.007205253919413956 0.027005853477575448 0.044131854641372814 0.05909569193736275 0.0720932904764311 0.08285435926887774 0.09118183176484862 0.09735185057183449 0.10166856886893472 0.10440074627863583 0.10577579099097978 0.10597519430921243 0.10514251453260726 0.10346794124696057 0.10136308582518971 0.09928682043119741 0.09737089929954157 0.09563340915496532 0.09405600210477916 0.09260081101275575 0.09125490107948564 0.09000124731719084 0.08882732061368959 0.08772289733842009 0.08666986988998959 0.08567417655870235 0.08474334241378811 0.0838478671562376 0.08298818934455687 0.08216359084221958 0.08137004972302575 0.08061879235165681 0.07988954298634621 0.07919653951628314 0.07852346692005663 0.07788536599518903 0.07726820550830127 0.07667405570660835 0.0761000597072986 0.0755488482925688 0.0750054669925212 0.07448840657168088 0.07398752118469365 0.07350561204474004 0.07302787523586074 0.07257178167247769 0.07212699144106915 0.07169210679083404 0.07126044571644108 0.07086103247554731 0.07046594070161893 0.07007433235311933 0.06968793055642752 0.06932362164943862 0.06896080361623347 0.06860102830185633 0.06824792031891658 0.06791268620383806 0.06758638109863457 0.06726216347515146 0.06693286831060485 0.06660861306605126 0.06629018227301153 0.06601911324533905 0.06573125571839433 0.065442082310462 0.06515424641751999 0.06487613922584146 0.06460937726427785 0.06435206948141992 0.0640846655777465 0.06382140373032963 0.06355192735700621 0.06329418758384975 0.06306722093938166 0.06283999566786069 0.06260641375569731 0.06236866064453506 0.06212719979514825 0.06189726100509818 0.06210258569188809 0.06222043518550757 0.06231109298632875 0.06237699975055455 0.062425623697793475 0.06246815854188348 0.06251197783347018 0.06255816492380994 0.06265836898385546 0.06297032412830095 0.06342370856761814 0.06376144722416766 0.06415943178401995 0.06451857211180978 0.06494388331984868 0.06540832236905025 0.06585496796106693 0.0660256061048643 0.06628766647404061 0.06674747840578221 0.06704320164272004 0.06740075810823132 0.06746898407219526 0.06805774864746827 0.06845013586957294 0.06965301166951654 0.07057081202561666 0.07137133010180674 0.07220415192032514 0.07319290269635503 0.07393862943665508 0.07472350404242578 0.07559747334166322 0.0761395101659943 
# Stellar mass-weighted [C/O]:
0 0.0 -1.1102230246251565e-16 -1.1022582793964624 -1.2117673803220443 -1.073564668409861 -0.9109071082079856 -0.8454251709818985 -0.8120092394958769 -0.7734682304228799 -0.7399779186192147 -0.7122387049898621 -0.6889906214420272 -0.6692285774788939 -0.6518810580293816 -0.6362972595926664 -0.6219934641304804 -0.6085230697233099 -0.5956031861277684 -0.5831763901888567 -0.5711468841118754 -0.5594108685027401 -0.5479485069800344 -0.5367820555569981 -0.525904645680814 -0.5150196856974479 -0.5032599624308043 -0.4900098748119134 -0.4754042776874148 -0.4597785724208734 -0.44347459461663696 -0.4267771051379018 -0.40989685497264305 -0.3929817506955826 -0.376052152360847 -0.3589152122811491 -0.3414079167313707 -0.32355964360312495 -0.3054307764345754 -0.28720093673300906 -0.26910528148231916 -0.25127381010132177 -0.233670750206526 -0.21640111904492243 -0.19942014676975206 -0.18279590491478687 -0.16651421606120848 -0.15064623644100983 -0.13507168878683184 -0.11977270156416403 -0.10514933584123048 -0.09069929682401096 -0.07700540691585128 -0.06359152847776717 -0.05104680154314484 -0.0387658247498614 -0.027073248543079464 -0.015856403366067362 -0.005051455245896008 0.005561529378694807 0.01546099179637464 0.025293467841308287 0.034791789059355455 0.043956807567715916 0.05270572591405018 0.06148076782212031 0.0698291127594538 0.07778097490812014 0.0853920496048306 0.09291933129266275 0.0999263143811516 0.10661264890555461 0.11303533064201193 0.11941598777493326 0.12541920591171696 0.13112688895220528 0.13658717134922724 0.14202600780219882 0.1472519903752915 0.15235182157517813 0.157070123385226 0.16175133270547853 0.16632297815901148 0.17086031387428968 0.1750663977219109 0.1791068825063014 0.18299705388086657 0.1869202105838201 0.19077452344991258 0.1945494227301966 0.19797978849989892 0.2013434839798506 0.20461378966205354 0.20791422191764639 0.21116400908142688 0.21440129900212357 0.21734886975167836 0.22019890357378488 0.22296012683578337 0.2257518562142766 0.2285144905716556 0.22553054807854087 0.22383413871903257 0.2225117828041268 0.22137160916791945 0.22035241505465702 0.21942914134888553 0.2185854758039682 0.21780978773573326 0.21641887414720848 0.21123352633777018 0.20518736049503203 0.20158584492013318 0.19925782158932792 0.1976057736250029 0.19581081733966899 0.19463212309886055 0.19380736641973606 0.193627542413572 0.19322895216158886 0.19287277489260002 0.19249286682822303 0.19237095276569482 0.192244421854891 0.19214233531353658 0.19186945231941854 0.1918903204303992 0.19198682164591369 0.1920783356657186 0.1923401845956858 0.19299973862396252 0.19308421851520996 0.19372460225682453 0.19398093809018666 0.1943926305027341 
# Stellar mass-weighted [O/H]:
0 -5.02011865111616 -6.4289423321986625 -5.053454680444533 -3.4441105296925807 -2.952962561898601 -2.827821873820069 -2.7865209009755727 -2.7762997527426023 -2.7733028663062935 -2.7723897532726687 -2.7718421312432415 -2.771212798573867 -2.770445065186644 -2.769553662451223 -2.7685931600340243 -2.7676011622930536 -2.766605185799821 -2.7656116098369186 -2.764616449374003 -2.7636504796587733 -2.7627174052238015 -2.7618188587108117 -2.7609507146840206 -2.7601090420923082 -2.7592971833603492 -2.7585156426888204 -2.7577578791180715 -2.757018976608265 -2.7563018412968905 -2.755606786970781 -2.754930836110561 -2.754273282157369 -2.753629658701662 -2.753002209635535 -2.7523959323212255 -2.75180504187219 -2.7512181375832965 -2.7506401783339784 -2.75007830970212 -2.749524566934584 -2.7489830033903555 -2.7484481855778045 -2.7479214031690438 -2.747407503590793 -2.7468997099261783 -2.7464020354792797 -2.7459122433086103 -2.745430587749082 -2.744949590140169 -2.744481257627845 -2.7440227968758695 -2.743576958634403 -2.7431306085024953 -2.742701147074599 -2.7422642612711723 -2.7418583521108193 -2.741444777456028 -2.7410382111982363 -2.7406479509674933 -2.740261999911967 -2.73986779041131 -2.739496010693532 -2.739128694551911 -2.738761876075526 -2.738390372280808 -2.738048093250355 -2.737703074058987 -2.7373510706103827 -2.737003647456956 -2.7366835605099276 -2.7363584840106707 -2.736024306245353 -2.735692366464691 -2.7353929908992907 -2.735092466736991 -2.7347793185690783 -2.7344601040595933 -2.7341650215569118 -2.733885671965357 -2.73360427366942 -2.73330276628067 -2.733004735518257 -2.7327238504547013 -2.7324688695201846 -2.7322029979639 -2.7319279122800095 -2.7316406753856963 -2.731367201177301 -2.7311195272856494 -2.7308848932866674 -2.73063380771114 -2.7303746305806396 -2.7300913471422534 -2.729823028858072 -2.7296054965740915 -2.729391912779003 -2.7291621843724423 -2.7289238578320507 -2.7286740309214395 -2.7284261599533535 -2.728691502297548 -2.728866998058864 -2.729013627498447 -2.729129611298199 -2.7292220800264104 -2.7292983480770543 -2.729366209468119 -2.729429871868886 -2.7295902342769613 -2.730137309913805 -2.7307627528968945 -2.7311138423305215 -2.7313416904223553 -2.731551159088066 -2.73172401895057 -2.7318129102141846 -2.731878582281354 -2.7318595731911017 -2.7319260805472965 -2.7319342409425067 -2.7319190694916955 -2.73193504637723 -2.731943585745263 -2.731877479973992 -2.73186721998929 -2.7317218122131743 -2.7316213762896826 -2.7315493828056754 -2.731453504944292 -2.7312185109817664 -2.731169024339067 -2.730969940812222 -2.7308876727933935 -2.7307662800625945 
# Gas [Mg/H]:
-5.02011865111616 -6.672344764580137 -5.138179881284561 -3.085912790940575 -2.3113877195350145 -2.029474856311732 -1.8656784585664665 -1.7675312665199048 -1.626978009654568 -1.4366812818355932 -1.1870922945527456 -0.8993316528128421 -0.6218599434375527 -0.4131843141190741 -0.2965343367667259 -0.24895305520847266 -0.23273192533365616 -0.22571914874222276 -0.2220371094082827 -0.22133528309771577 -0.22509224333438915 -0.23161506475992688 -0.23896407111234996 -0.24682995961023213 -0.2541481498897964 -0.2591968041947439 -0.2616984904722761 -0.2635446476031964 -0.2646349656939391 -0.26572276496928815 -0.26753027584785194 -0.2680626500469989 -0.2686876405708061 -0.26817676718328176 -0.26055449971910605 -0.24248872838970303 -0.22112339834222805 -0.20015398265334916 -0.17924876566878734 -0.1588570644567513 -0.14094478721677195 -0.12304906267077165 -0.10712321361607735 -0.09179847062972524 -0.0772489561836407 -0.06394315960891284 -0.051076194558745236 -0.039003431110546494 -0.027125774371111078 -0.016142936471747582 -0.006802904309124891 -0.0007393100495169946 -0.0028497566706242594 -0.008197395822805653 -0.016807583866182085 -0.02569570790334197 -0.03242451046689698 -0.04150804836070865 -0.051390178534943765 -0.05868906083783543 -0.06796563840052094 -0.07561397757652966 -0.08406850312783742 -0.0939836937603884 -0.10115323667426424 -0.10924737552192809 -0.12399703305957921 -0.1287619550538457 -0.13757058681122736 -0.14269668443298666 -0.14648562145009159 -0.15551888014058513 -0.16513719866833743 -0.17130741595641918 -0.17438037965138786 -0.1814494125457342 -0.19018303755376653 -0.19845269694310463 -0.20370300687621778 -0.20830517884705202 -0.21734289349356217 -0.22808229681459036 -0.23771067228952258 -0.241877417839369 -0.24508332713994196 -0.25436189052743163 -0.26709344047655925 -0.27686487874839827 -0.2839011860760561 -0.28422062993083763 -0.29420764280912515 -0.3076614591157494 -0.31618518485830016 -0.3176088618228201 -0.3289247098361576 -0.3333808419828639 -0.33594848037682734 -0.3427680666095112 -0.35868576524229123 -0.3727761261099296 -0.3818438682836316 -0.3843682388821348 -0.38425604367530486 -0.38368580137522024 -0.38388302544291353 -0.3855913283757024 -0.3876540957105128 -0.38970533555604003 -0.39218765257864074 -0.3943874193532846 -0.4066638632092827 -0.4276014828401964 -0.44173647381358183 -0.4546425342513549 -0.46459350108454434 -0.47429079783362127 -0.4812931764181334 -0.48636084425730175 -0.4883085051309015 -0.4904405153902829 -0.4932586073975802 -0.4947608443251017 -0.495327542960589 -0.4950123228229053 -0.4956384790795756 -0.4938029697457731 -0.4902634319751398 -0.48604300146532875 -0.4833879230333764 -0.48263634085237683 -0.4833812399875823 -0.48326585243404896 -0.48462852097345976 -0.48586571546548996 -0.48685734048489504 
# Gas [C/H]:
-5.020118651116162 -6.672344764580135 -6.089781049054906 -4.079000065458727 -3.155626735297507 -2.6401266888918364 -2.383191266171157 -2.179271432337079 -1.7933951971694517 -1.4029032906096583 -1.0147423144818086 -0.6389914814983246 -0.3083261716397607 -0.06389003230276646 0.07933781604639512 0.1485140043930402 0.18334374738491022 0.206528987966482 0.22478000383961172 0.24135213760187169 0.2581262248805447 0.27429991080001637 0.2893746737392422 0.3029747600378121 0.32249886324608745 0.36331252047946494 0.42208966603564413 0.48073347256101995 0.5335042801803951 0.5795257356332049 0.6194659164386809 0.6543529982210954 0.6851196504239967 0.7139429989452033 0.7460523276796893 0.7834132519990207 0.8208570631223968 0.8560107593850619 0.8894810849090673 0.9193443138134105 0.9441108086837136 0.969653349804795 0.9914683901010255 1.013216772489168 1.033261679796298 1.0516276990620148 1.0690861854262335 1.0862864105513212 1.101828353411011 1.114184729370769 1.128043624493222 1.140043097548042 1.148530454417743 1.1541948944329636 1.159919762880277 1.165294343328937 1.1705022564515128 1.175445089431621 1.180040436485632 1.1845567327958766 1.18892114544429 1.1937642619413107 1.1980493381959985 1.2014722480543938 1.2053173394386723 1.2085378294197962 1.20906427459522 1.2071021818084477 1.2045714234505982 1.2011543716579491 1.1978149020521016 1.1939850276861832 1.1895133413351378 1.1860706078306613 1.1836297224776864 1.1797505847402192 1.1743338057276551 1.1703797608447335 1.1711571738649624 1.166521371571228 1.1619131079067593 1.1578230254704165 1.1537687888534607 1.1500878466380993 1.1467791600710702 1.1428991083341842 1.1386796113876732 1.1349127436797244 1.1312901506195878 1.1283082017304755 1.1248666961553058 1.1210135158441723 1.1173197265846122 1.113568890050228 1.1100370110077242 1.1069811175889095 1.1039450993117708 1.1004951716268074 1.0965070855473908 1.0935046239959951 1.091053312400879 1.089278552356554 1.0871724577120045 1.0858183858286394 1.0844623783281593 1.0830862199856033 1.0816893691053946 1.0802217553429414 1.0787782984351204 1.0762131443336176 1.063794034834765 1.0393270357634972 1.014894061446927 0.9913807419919611 0.9697521051872862 0.942119657337321 0.9178350057837115 0.8959166852640741 0.8898022526261897 0.8755064308177412 0.8572456625164748 0.8420524366826947 0.8327644724588521 0.828845269668554 0.8126251785322625 0.7961199563803936 0.767408338812368 0.7441118654166159 0.7246293013888425 0.7073528331832244 0.6914216084539917 0.6784399086931554 0.6656773876332158 0.6544978758672806 0.6445437822474531 
# Gas [O/H]:
-5.02011865111616 -6.672344764580137 -4.917738145289155 -2.864727117993234 -2.120054329907288 -1.9148418479611937 -1.7814029671334053 -1.6934389478470875 -1.5466883573638972 -1.3448762191810442 -1.0833765770622454 -0.7847892266647163 -0.4980681858278677 -0.28121625018927876 -0.15891780375686348 -0.10888480560336822 -0.09598051423140497 -0.09630671491072151 -0.09875258678355214 -0.10590001006682215 -0.11431570609024 -0.12309585419908631 -0.13164631863235687 -0.14035153832834846 -0.1485335057936794 -0.1553882667062747 -0.16070707577356202 -0.16600263496141787 -0.17101893430568538 -0.17562898016893103 -0.1795100076357321 -0.18354792615609927 -0.18761057401256354 -0.19177721253057145 -0.19417476541312872 -0.19345668286424988 -0.1923716251702352 -0.1923063813586503 -0.19090988070088377 -0.18904756094380115 -0.18859414587147727 -0.18604191013471594 -0.18554066960336568 -0.18442679854180666 -0.1831407667126137 -0.18269086823621272 -0.18126203329636414 -0.18092861932007498 -0.1793840800958315 -0.17874104215752284 -0.17854862790775972 -0.17604994548968644 -0.17675320684402251 -0.1753598528483411 -0.17677770123494696 -0.1778612458615636 -0.17480528408370022 -0.17736583917965554 -0.17895578591250194 -0.1736103273956524 -0.1759361418103036 -0.17797163689263407 -0.17586517943640256 -0.17591117457045735 -0.17806305441973214 -0.17859931830499987 -0.17525434094276537 -0.1776020903432869 -0.18315632079029642 -0.18287056944840252 -0.18078015035563944 -0.18476864823900563 -0.19092572503647043 -0.19150630396013923 -0.18621399277162798 -0.18844821106552834 -0.1961475047700869 -0.19974604066967672 -0.19683632649338056 -0.19395665488629987 -0.19740709548908075 -0.20344510546760253 -0.2077032769516305 -0.2042632011574863 -0.20067904182441687 -0.20295858529274202 -0.20954135478034397 -0.2152669914531966 -0.21524550916162433 -0.2086277794956093 -0.20873524815735234 -0.21188876426529069 -0.2063450808640419 -0.21090991889334587 -0.23486976604826815 -0.22382531047893073 -0.2170719839054045 -0.21769921882272447 -0.22148844604368279 -0.22685428761458049 -0.23247538367988074 -0.23354510289939645 -0.23153575754790667 -0.2286663534254969 -0.22786464183038868 -0.22812885526529358 -0.22885883537494633 -0.23024848747650672 -0.2317026807095619 -0.23218955355031756 -0.23568186072225927 -0.24359928057752533 -0.24999430932937106 -0.2566363451690288 -0.2616655245209163 -0.26711555449527724 -0.2718514168665078 -0.27571070455303337 -0.27736514014222946 -0.2791306690440525 -0.2820054135550243 -0.28309577637428696 -0.2837172537566732 -0.2831322886560237 -0.2841980253137719 -0.28286464489813 -0.28036247176659135 -0.27713574740253977 -0.27538374874202853 -0.27516789834288957 -0.2764029246015154 -0.2766874720742454 -0.27839342311520276 -0.27989057807135875 -0.2811498392188376 
# Gas [N/O]:
0.0 0.0 -1.6491822264605447 -1.8382077765047429 -1.6464097104358006 -1.0746402596633502 -0.4785504872750057 0.029312643809334182 0.4032002579906659 0.6751785178825938 0.8533226031517248 0.9456745468348717 0.987604683755123 1.0107372395535978 1.0301682683420699 1.0523298268666037 1.0850665855141348 1.1256206980280532 1.1626188719673567 1.1914450514514585 1.201777921576692 1.2003920736725817 1.1933905342329258 1.1844483729469044 1.1711650051052414 1.1441906531759656 1.09896552091389 1.04129367628759 0.9723319787238172 0.89080649743687 0.7927900430343017 0.671475742207483 0.5093763795936632 0.27612641156139506 -0.04125217528810721 -0.3604584984000867 -0.6294529655682475 -0.7976786593384706 -0.8787843619777418 -0.9488747648824001 -0.9605810917779785 -0.9682503233174549 -0.9680543610856753 -0.9729808307912933 -1.0112956736615377 -1.0195798916729366 -0.9420809355973216 -0.9558719208255924 -0.9638987899142064 -0.9859191239319895 -1.000136056653628 -0.9806967478421258 -0.970092166298113 -0.9598252173208428 -0.9543155504650069 -0.9260604094638121 -0.9227825512130077 -0.9017464410427909 -0.8839551801961922 -0.8869835877845873 -0.8705088224782651 -0.8586483551806825 -0.8472999158588697 -0.8336194948604692 -0.8213660768813866 -0.8290562428534318 -0.8267429084401319 -0.8105188172600304 -0.8229639643532918 -0.7801345499731225 -0.7823664707513278 -0.7818169917665525 -0.7882655493638167 -0.7858348657452419 -0.7968983435523398 -0.7930938720437917 -0.7819316471544597 -0.7775931155380993 -0.7722470778868618 -0.7848634083931214 -0.7951862956303333 -0.8293800984734323 -0.8538594687157359 -0.6963187187419282 -0.7372670299327302 -0.7472886645799983 -0.7544482999408622 -0.7595021769518371 -0.7447813256038187 -0.764393928656705 -0.7732306419034163 -0.7672360463846399 -0.7364051550849506 -0.7397320136193448 -0.7516830596363266 -0.7632294651536853 -0.7416817886541629 -0.7484766940844281 -0.7511338616050547 -0.7515917986642018 -0.749838207426442 -0.7388537214631874 -0.7402111109983502 -0.7390738349204624 -0.7410812237643398 -0.7428686719333208 -0.7428628364755339 -0.7438409505580164 -0.7418124680114344 -0.7392675944535525 -0.7471553056298772 -0.7519063890172193 -0.7536367189266093 -0.7534105486786244 -0.7540896080270527 -0.7574134834764943 -0.7619169655545659 -0.7672120330006755 -0.7684969915115452 -0.7724008352984533 -0.7779507970355068 -0.7836011526811744 -0.7875532626553676 -0.7900414957266839 -0.7972439773697664 -0.8075406367922346 -0.8264192412048603 -0.8438029790439503 -0.8577573523258804 -0.8682496331815901 -0.8768195134006629 -0.8845497959306903 -0.8890714575443766 -0.8944225898869811 -0.898256620299132 
# Gas [N/H]:
-5.02011865111616 -6.672344764580137 -6.566920371749697 -4.702934894497977 -3.766464040343089 -2.9894821076245437 -2.2599534544084108 -1.6641263040377536 -1.143488099373231 -0.6696977012984506 -0.23005397391052096 0.16088532017015567 0.48953649792725606 0.7295209893643189 0.8712504645852066 0.9434450212632348 0.9890860712827303 1.0293139831173321 1.0638662851838045 1.0855450413846364 1.0874622154864517 1.0772962194734954 1.061744215600569 1.0440968346185562 1.022631499311562 0.9888023864696911 0.9382584451403275 0.8752910413261716 0.8013130444181313 0.7151775172679393 0.6132800353985695 0.48792781605138336 0.3217658055810997 0.08434919903082339 -0.2354269407012355 -0.5539151812643359 -0.8218245907384825 -0.9899850406971202 -1.0696942426786258 -1.1379223258262012 -1.1491752376494553 -1.1542922334521712 -1.1535950306890408 -1.1574076293331004 -1.1944364403741519 -1.2022707599091484 -1.1233429688936862 -1.1368005401456678 -1.1432828700100384 -1.1646601660895124 -1.1786846845613876 -1.1567466933318116 -1.1468453731421357 -1.1351850701691841 -1.1310932516999532 -1.1039216553253768 -1.0975878352967081 -1.0791122802224455 -1.062910966108694 -1.060593915180239 -1.0464449642885683 -1.036619992073316 -1.0231650952952727 -1.0095306694309265 -0.9994291313011185 -1.0076555611584315 -1.0019972493828977 -0.9881209076033173 -1.0061202851435889 -0.9630051194215259 -0.9631466211069668 -0.9665856400055581 -0.9791912744002875 -0.9773411697053804 -0.9831123363239671 -0.9815420831093205 -0.978079151924546 -0.9773391562077762 -0.9690834043802425 -0.9788200632794215 -0.9925933911194145 -1.0328252039410346 -1.0615627456673664 -0.9005819198994152 -0.9379460717571471 -0.9502472498727403 -0.9639896547212068 -0.9747691684050341 -0.9600268347654426 -0.9730217081523147 -0.981965890060768 -0.9791248106499308 -0.942750235948993 -0.9506419325126902 -0.986552825684595 -0.9870547756326156 -0.9587537725595672 -0.9661759129071523 -0.9726223076487379 -0.9784460862787823 -0.9823135911063225 -0.9723988243625836 -0.9717468685462558 -0.9677401883459593 -0.9689458655947281 -0.9709975271986151 -0.9717216718504806 -0.9740894380345226 -0.9735151487209963 -0.9714571480038705 -0.9828371663521365 -0.9955056695947446 -1.003631028255981 -1.0100468938476537 -1.0157551325479686 -1.0245290379717717 -1.0337683824210728 -1.0429227375537087 -1.0458621316537755 -1.0515315043425053 -1.0599562105905314 -1.0666969290554613 -1.0712705164120413 -1.073173784382707 -1.0814420026835379 -1.090405281690364 -1.1067817129714514 -1.1209387264464894 -1.1331411010679098 -1.14341753152448 -1.153222438002178 -1.1612372680049354 -1.1674648806595789 -1.1743131679583403 -1.1794064595179696 
# Gas [C/O]:
0.0 0.0 -1.172042903765753 -1.2142729474654914 -1.0355724053902198 -0.7252848409306428 -0.601788299037753 -0.4858324844899916 -0.2467068398055544 -0.058027071428613575 0.06863426258043681 0.14579774516639196 0.1897420141881071 0.21732621788651263 0.23825561980325852 0.2573988099964085 0.2793242616163148 0.3028357028772029 0.323532590623164 0.347252147668694 0.3724419309707848 0.3973957649991028 0.4210209923715992 0.44332629836616017 0.47103236903976714 0.5187007871857396 0.5827967418092065 0.6467361075224378 0.7045232144860805 0.7551547158021361 0.798975924074413 0.8379009243771955 0.8727302244365605 0.9057202114757749 0.9402270930928178 0.97686993486327 1.0132286882926325 1.0483171407437122 1.0803909656099513 1.1083918747572112 1.1327049545551908 1.1556952599395107 1.1770090597043912 1.1976435710309747 1.2164024465089116 1.2343185672982273 1.250348218722598 1.267215029871396 1.2812124335068427 1.292925771528292 1.3065922524009814 1.3160930430377282 1.3252836612617653 1.3295547472813043 1.3366974641152238 1.3431555891905014 1.3453075405352126 1.3528109286112764 1.3589962223981338 1.3581670601915286 1.3648572872545937 1.3717358988339445 1.3739145176324017 1.377383422624851 1.383380393858404 1.3871371477247958 1.3843186155379856 1.384704272151735 1.3877277442408946 1.384024941106352 1.378595052407741 1.3787536759251888 1.3804390663716082 1.3775769117908006 1.369843715249314 1.368198795805748 1.3704813104977422 1.3701258015144102 1.367993500358343 1.360478026457528 1.35932020339584 1.3612681309380188 1.3614720658050914 1.3543510477955853 1.347458201895487 1.3458576936269264 1.3482209661680178 1.3501797351329214 1.346535659781212 1.3369359812260848 1.3336019443126579 1.3329022801094634 1.323664807448654 1.324478808943574 1.3449067770559928 1.3308064280678404 1.3210170832171753 1.3181943904495326 1.3179955315910736 1.3203589116105752 1.3235286960807593 1.3228236552559505 1.318708215259911 1.3144847392541363 1.312327020158548 1.3112150752508973 1.3105482044803412 1.3104702428194477 1.3104809791446823 1.3084026978839347 1.299475895557024 1.2829263163410216 1.2648883707762981 1.2480170871609904 1.2314176297082025 1.2092352118325982 1.1896864226502188 1.1716273898171075 1.1671673927684196 1.1546370998617939 1.139251076071499 1.1251482130569812 1.1164817262155258 1.1119775583245777 1.096823203846034 1.0789846012785234 1.0477708105789594 1.0212476128191557 1.0000130501308715 0.9825207315261144 0.967824533055507 0.9551273807674006 0.9440708107484187 0.9343884539386392 0.925693621466291 
# Gas [Ca/H]:
-5.02011865111616 -6.672344764580137 -5.415350522071176 -3.3676454200007786 -2.5766215235335235 -2.2549731761545635 -2.061634304741194 -1.5552678714266053 -0.8114412593218239 -0.3164586660492539 0.10732603486160297 0.48846037837296574 0.8120439049681467 1.0442049633227377 1.1716450384037902 1.2223998751333722 1.2349370586456843 1.2325931660625553 1.2253401462866744 1.2167121416556759 1.2076643714587139 1.1987299404058103 1.1904559067308815 1.1819692517893845 1.173969599382704 1.1670447206883345 1.1614178674088276 1.155620765161232 1.1501458128287103 1.1450753842621149 1.1403905586793686 1.1358931981874552 1.1312784843609158 1.12651579925718 1.1230893958598278 1.1223194438710529 1.1216565256184188 1.1205379831860176 1.120183026054283 1.1181316032574795 1.1170371887041473 1.1175052635115659 1.1167604423364192 1.1163173359391019 1.1159039503686925 1.1143520843855281 1.1143261144759986 1.1131844072087915 1.113022940305524 1.1120003071779783 1.110731780345751 1.1124342836017318 1.1102694383018532 1.1112614719289473 1.1091954498787553 1.107468789436786 1.1107303171285237 1.1077025434566403 1.105777804040546 1.110267867826848 1.1076790791188218 1.104855856730242 1.1078431194590186 1.107673435192786 1.1029796941581678 1.1026575310563098 1.1071976754791866 1.1032162048198577 1.0973181557766338 1.0976573893502994 1.1006707815458014 1.0962094732882939 1.0893154787726624 1.0886208872593608 1.0942654203911246 1.0916124293291833 1.0847818637691793 1.0801607391750627 1.0836046571880864 1.0865520230406913 1.082928652376757 1.0759034230187892 1.0712690270562613 1.0751815353031962 1.0795966034255837 1.0772583212631623 1.0709180800056668 1.063500375524277 1.0620775929612964 1.0709045039325167 1.0727447954360896 1.0689570961966277 1.0624295469617762 1.055299455489072 1.0532826990421649 1.0609003248664672 1.065608002065896 1.0635154809481646 1.0580054936285368 1.051001407958104 1.044537233458735 1.044496114409199 1.0478077939692731 1.0505848268377864 1.0514590175738041 1.0512498890459216 1.0502748730683145 1.048706632601962 1.0469692908852268 1.0465468898758346 1.0429239393913372 1.0347395514075561 1.0289568726299896 1.0230633432502625 1.0189386560138614 1.015305697457518 1.0125033404305057 1.0105868984796649 1.0095477120371168 1.009081707547793 1.007918694738069 1.008439374395766 1.0087844780333732 1.0095346249724377 1.0105108347373672 1.0138260811481823 1.0197078360754253 1.0256574976480062 1.0294640672940245 1.0312300221942623 1.031236605841496 1.0319720345297876 1.0311227740086473 1.0303603398177952 1.02973370855318 
# Gas [Ne/H]:
-5.02011865111616 -6.672344764580137 -5.063969042620574 -3.0105747090197923 -2.233657663578726 -1.9599158689622262 -1.839974128956241 -1.7673435565459163 -1.6963271493743735 -1.6173031225856214 -1.5143274514907707 -1.380078041279166 -1.2298396663842919 -1.098798470615444 -1.0267797821767353 -0.9967774988426159 -0.9892338544117028 -0.992853618375757 -0.9961089579829858 -1.0010682716517545 -1.0080443719859113 -1.015425678646591 -1.0228691336776485 -1.0306731706242171 -1.0379003511999976 -1.0436598472069054 -1.0474066442926802 -1.0516909811530484 -1.0554371479848266 -1.0572315367801624 -1.05846422951348 -1.0596819566378137 -1.062901166107829 -1.0649673493361957 -1.060133530762445 -1.0481546146183902 -1.0349519223299453 -1.0189836410786137 -1.0026532326672513 -0.9871338968873813 -0.9742472827658206 -0.9616224420874557 -0.949428170728444 -0.9375239975027911 -0.9257944036978385 -0.9155809482451414 -0.9050596008958243 -0.8945594351132478 -0.8857353535194319 -0.8802294376592927 -0.8703933470510741 -0.8625231847434511 -0.8564571948809316 -0.8557592105604463 -0.8505693162564079 -0.8442967660762148 -0.8380368214357574 -0.8373971693074189 -0.8047287455675463 -0.7950194347596087 -0.8636347436907768 -0.8457665612074416 -0.8288204160710713 -0.8245720288289258 -0.816482195305495 -0.8155026986857195 -0.8123328027840291 -0.8179509980920026 -0.8225513689903616 -0.829158329024688 -0.8298431949682135 -0.8389319593254987 -0.8436290478161617 -0.8506662784002534 -0.8496232245092337 -0.8576586236410026 -0.8632307734288656 -0.872382860844076 -0.8729599159716246 -0.8787380706901571 -0.8823194095378657 -0.8920743852667998 -0.8964788815487523 -0.9012691271665547 -0.9043791926819225 -0.9172456993428169 -0.9181085014745145 -0.9300784779020637 -0.9331783874808295 -0.9311267108373924 -0.9333042100454056 -0.9438223486799604 -0.9506052327906467 -0.9610687711086605 -0.9664909623668114 -0.9692603480144415 -0.9670334924450836 -0.9763448979919866 -0.9797175390345751 -0.9878417605890375 -0.9951089141346827 -1.0055202686767908 -1.007828838818356 -1.004233498056001 -1.0066025224021624 -1.0083727147458417 -1.0105785085744268 -1.0131511928715122 -1.0159675480788986 -1.0197370911513302 -1.0346929213117573 -1.0608669666404378 -1.0796202443972271 -1.0967535260141057 -1.110414527595423 -1.1246252346277554 -1.1351730707856715 -1.1422890237001209 -1.1456986696951805 -1.1493784799220235 -1.1544858000895397 -1.1574166247826572 -1.159179651781539 -1.1591970184028204 -1.1613689929956186 -1.1615288818371177 -1.1608614142932678 -1.1587866894605536 -1.1577223801187841 -1.1581931731951807 -1.1598008734271046 -1.1603314546460792 -1.162187712625732 -1.163802835965459 -1.1651638991235282 
# Gas [Si/H]:
-5.02011865111616 -6.672344764580137 -5.111443010946084 -3.05821537190326 -2.273759208524557 -1.9655877299528122 -1.779980590456785 -1.4586894869449454 -0.8416618360615651 -0.3722602539283173 0.042753967378593494 0.42044228990654187 0.7426815004417318 0.9743163484706954 1.1015579298389193 1.1522280289462419 1.1647342818551367 1.1624340819977337 1.1551825479338977 1.1465535534571774 1.1375180341258915 1.1285834356491824 1.1202924392598153 1.111813854990218 1.1038230652157912 1.0968981198383214 1.0912724546779833 1.0854816642023186 1.0799999899497257 1.0749349445309182 1.0702266670645657 1.0657254308450481 1.0611546584681535 1.0564006462746702 1.052971883972147 1.0522083010375103 1.0515632325001407 1.0495467794447242 1.048921656130021 1.0492124431963856 1.0476581051732548 1.0478109086963414 1.0467304765463332 1.0461513053694809 1.0457779667935454 1.0445706164479058 1.0445315383142542 1.0433144839193385 1.0430689999584053 1.0420695719871875 1.040825214340809 1.04256961367645 1.0403732916078816 1.0413388235485055 1.0393023269556045 1.0376016007908508 1.0408298614152915 1.0377493036177978 1.03571492039252 1.040280483663 1.0375683447938076 1.0347816063178654 1.0377635326926344 1.0375397458769156 1.0328964406541745 1.0327653938404002 1.0370125466105589 1.0330697889811695 1.0272251960531547 1.0275754219564113 1.0305728623894304 1.026096831241833 1.0191447745407292 1.0184467021374002 1.024102510356709 1.0214719065598485 1.0146296549727842 1.0100450656358753 1.0134713167435687 1.016414601831256 1.0127688111113207 1.005754549086579 1.0010945757758956 1.004998656861984 1.009460466952465 1.0071496629778371 1.000831508232476 0.9931963616214361 0.9920523495068378 1.0007906987228221 1.002640053507911 0.9987695131617862 0.9922418823527903 0.9851494725359293 0.9830817009865389 0.9906389757546052 0.9953922110701385 0.9933251236503269 0.9878563067872106 0.9808189407001904 0.9743821849159886 0.974329980336158 0.9774672772667179 0.9801396579400596 0.9811816733678231 0.9810436595703997 0.9800939380810778 0.9785121565567589 0.9767580408817551 0.9763370702576224 0.9727084057665731 0.964499916566925 0.9587166383141352 0.9528403272872845 0.9487176691012924 0.9450818671274654 0.9422811008311198 0.9403570118867282 0.9393213617988434 0.9388521637063709 0.9376886566521052 0.9382116739793451 0.9385563494071003 0.9393056153064743 0.940274208214233 0.943669906819268 0.9494830901590583 0.9554238645088939 0.95922951356276 0.9609954799948737 0.961000999783129 0.961735977719473 0.9608867180448963 0.960123991099207 0.9594976653474747 
# Gas [S/H]:
-5.020118651116161 -6.672344764580136 -5.1873593053450415 -3.1346609547700686 -2.3407914370199574 -2.015333006260927 -1.8294021339149316 -1.4905891152069657 -0.8573337620979116 -0.3841467649539805 0.03220202425650598 0.4104083156568805 0.7328427164510378 0.9645509484392627 1.0918248740073895 1.1425080950261837 1.1550187948464683 1.152726059796628 1.1454744368670364 1.1368333608704195 1.1278029307685475 1.118876173052484 1.1105943396639053 1.102112831486262 1.0941124516772125 1.087198673453892 1.0815744486758687 1.0758006396824005 1.0703148659023167 1.0652431924275456 1.060534750528412 1.0560197312805237 1.051462662927554 1.0467109376844674 1.0432676311401625 1.0425069359063763 1.0418600800916606 1.0398250365615027 1.0391649411254247 1.0394539889331158 1.037886600491019 1.0380440806452595 1.036961448923896 1.0363734704963927 1.035959530676343 1.0347550576672933 1.0347119652725087 1.0334790746101845 1.0332269669776077 1.0322138065308346 1.0309675617108596 1.0326729632614002 1.0304918672713423 1.0314865660642458 1.0294741919739887 1.0277950404923843 1.0310489391050686 1.0279515562143358 1.0259447528141266 1.0305255025631248 1.0278361994805651 1.0250426819478515 1.0280453198261026 1.0278663147238154 1.0233245448398747 1.0232170256181305 1.0272809816354713 1.0233718100078248 1.0174962406072003 1.0178301393902145 1.0210017951694863 1.0165233069249768 1.009575016971433 1.008828898448928 1.014479831743528 1.0118761154469857 1.0050572357623784 1.0004227179539145 1.0038671620323334 1.0068257799008036 1.0031679523824582 0.9961585888257174 0.9914988743270521 0.9953826686892571 0.9998669117690953 0.9975573656877192 0.9912170470405157 0.9836283542925557 0.9824994076217579 0.991187943601521 0.9930273856034426 0.989230399694562 0.9826951147793541 0.9756324940183609 0.9735158883165367 0.9810906536679518 0.9858274488200154 0.983810848406669 0.9783060418610892 0.9712507985648235 0.9647926121770678 0.9647607510641865 0.96790142153991 0.9705573835453256 0.9716169454944463 0.9714938607029793 0.970542714983381 0.9689673313188849 0.9672203313920158 0.9668091108280339 0.9631817127370743 0.9549806063451345 0.949215356980889 0.9433204637525958 0.939199673586737 0.9355655730364392 0.932767182943655 0.9308441046603111 0.9298068916842555 0.9293311166384117 0.9281789435671954 0.928697260430789 0.9290409337946333 0.9297894646004932 0.9307573887631517 0.934076733208427 0.939959961411164 0.9458974627321686 0.9497001191806849 0.9514655293223204 0.951470142575614 0.9522053273687034 0.9513565795961823 0.9505941505282225 0.9499680081921777 
# Stellar mass-weighted [Mg/H]:
0 -5.02011865111616 -6.4289423321986625 -5.270299642761335 -3.6652077534020187 -3.1515956015162345 -2.993541566291884 -2.9388561637350374 -2.9243558925225903 -2.920190876945168 -2.919045495211189 -2.9185040057685763 -2.9179434821763426 -2.9172640425371172 -2.9164713305328975 -2.915604579935591 -2.914686662180282 -2.9137159315573014 -2.912690343006383 -2.911629618403752 -2.910560271201769 -2.9095134909748186 -2.90850319985595 -2.90752801200031 -2.9065836853822047 -2.9056716351393144 -2.9047875202440716 -2.90392169878941 -2.9030679881553905 -2.9022281106688617 -2.9014055651328032 -2.9006035630548066 -2.89981468046179 -2.8990356646036206 -2.8982645130768425 -2.8974874830733155 -2.8966769393527176 -2.8958184627542236 -2.89491794835254 -2.8939897716207454 -2.8930315259851316 -2.892050813900351 -2.8910482533415935 -2.8900254599208104 -2.888991433826508 -2.8879420182616666 -2.8868822007943704 -2.885815277350921 -2.8847386582915924 -2.88364442282907 -2.882556316283984 -2.881463782105797 -2.8804091275197248 -2.879378154343917 -2.878419499188193 -2.8774863754907374 -2.8766287133816917 -2.875798336943296 -2.8750069027699467 -2.874255088328865 -2.873553698858708 -2.8728587091630082 -2.8722039894157936 -2.871581449946622 -2.87098986635245 -2.870394918625199 -2.8698507598420457 -2.8693469126851703 -2.868834409983301 -2.8683264912996123 -2.8678591763094445 -2.867397467953565 -2.866937791431404 -2.8664804867924403 -2.8660674230427903 -2.8656675147984565 -2.8652636246026937 -2.864849475099894 -2.8644673356093246 -2.8641133547029147 -2.8637704663235413 -2.8634117054113366 -2.8630608364087164 -2.862730852086048 -2.8624381389776445 -2.8621417887192235 -2.8618448115265167 -2.861538850323747 -2.8612481811335977 -2.860989329606962 -2.860751439262179 -2.8605084928822997 -2.86026600020112 -2.8600100642160005 -2.8597575691095143 -2.8595383477138947 -2.8593447691205514 -2.8591430553294312 -2.8589355682162747 -2.8587257906341943 -2.8585218187802557 -2.8588077556347917 -2.8590048008127145 -2.859173053433958 -2.8593118610664225 -2.8594260348045912 -2.8595220442079805 -2.859608492925653 -2.859689670944837 -2.8598817243752244 -2.8605681873078685 -2.8613733291012844 -2.861840797249889 -2.8621412140584734 -2.862405073893382 -2.862639256720394 -2.8627645600448135 -2.8628555151319155 -2.8628395738486514 -2.862920355051191 -2.862934842384707 -2.862929881752298 -2.862947640314789 -2.8629619395846753 -2.8628886332864916 -2.8628865085378905 -2.8627247963298394 -2.8626100101918563 -2.8625285585072016 -2.8624177647162847 -2.862138749426581 -2.862083455346606 -2.8618465675203995 -2.861751496069772 -2.86160639844506 
# Stellar mass-weighted [C/H]:
0 -5.020118651116162 -6.4289423321986625 -6.155712959840997 -4.655877910014626 -4.026527230308463 -3.7387289820280536 -3.631946071957471 -3.5883089922384794 -3.546771096729173 -3.5123676718918837 -3.4840808362331046 -3.460203420015894 -3.4396736426655377 -3.4214347204806037 -3.4048904196266907 -3.389594626423535 -3.375128255523131 -3.3612147959646874 -3.3477928395628593 -3.3347973637706483 -3.322128273726541 -3.3097673656908464 -3.2977327702410184 -3.2860136877731225 -3.274316869057797 -3.2617756051196247 -3.2477677539299856 -3.2324232542956803 -3.216080413717764 -3.199081381587418 -3.1817079412484626 -3.1641701371300117 -3.146611409397244 -3.129054361996382 -3.111311144602375 -3.0932129586035613 -3.0747777811864214 -3.056070954768553 -3.037279246435129 -3.0186298484169027 -3.000256813491677 -2.98211893578433 -2.9643225222139673 -2.9468276503605457 -2.9296956148409654 -2.912916251540488 -2.8965584797496193 -2.880502276535914 -2.864722291704333 -2.849630593469074 -2.83472209369988 -2.820582365550254 -2.8067221369802633 -2.793747948617744 -2.781030086021034 -2.7689316006538984 -2.757301180822095 -2.746089666444133 -2.7350864215887984 -2.724801008115592 -2.7145743225700016 -2.7047042216341772 -2.6951718869841956 -2.686056150161476 -2.6769096044586878 -2.6682189804909022 -2.659922099150867 -2.6519590210055526 -2.6440843161642933 -2.6367572461287763 -2.6297458351051164 -2.6229889756033415 -2.616276378689757 -2.6099737849875746 -2.603965577784786 -2.5981921472198515 -2.592434096257394 -2.586913031181621 -2.581533850390179 -2.5765341502841945 -2.571551433575192 -2.5666817573592446 -2.561863536580412 -2.557402471798273 -2.553096115457599 -2.5489308583991424 -2.544720464801877 -2.540592677727388 -2.5365701045554525 -2.532905104786769 -2.5292903237312885 -2.5257608409185863 -2.5221771252246077 -2.5186590197766456 -2.5152041975719674 -2.5120430430273233 -2.5089632807986577 -2.5059637309962675 -2.5029221747071633 -2.4999116693816985 -2.503160954219007 -2.5050328593398303 -2.506501844694321 -2.50775800213028 -2.508869664971754 -2.509869206728169 -2.510780733664151 -2.5116200841331535 -2.5131713601297525 -2.518903783576035 -2.525575392401863 -2.529527997410389 -2.532083868833028 -2.5339453854630625 -2.5359132016109003 -2.5371807871153242 -2.538071215861618 -2.5382320307775306 -2.5386971283857083 -2.5390614660499065 -2.5394262026634733 -2.539564093611535 -2.539699163890372 -2.5397351446604564 -2.5399977676698713 -2.539831491782775 -2.5396345546437695 -2.5394710471399566 -2.539113320348606 -2.538218772357804 -2.538084805823858 -2.5372453385553975 -2.536906734703207 -2.5363736495598603 
# Stellar mass-weighted [N/H]:
0 -5.02011865111616 -6.4289423321986625 -6.512832104392146 -5.2706784433485705 -4.637741240733895 -4.180760887837893 -3.806509295121539 -3.5452183446842236 -3.361773983573258 -3.2299781940024124 -3.132596725002113 -3.061379349170833 -3.0078298173797933 -2.9647218050544026 -2.9280658599561793 -2.8954398781596913 -2.8648087077251274 -2.8350399141799603 -2.8062395794433828 -2.7793356561138793 -2.755512151304387 -2.734813005233236 -2.7168188600426477 -2.7010133501549456 -2.687203892883918 -2.6756612834199434 -2.6665760473532236 -2.659667126036431 -2.6546332724279553 -2.651206040692146 -2.6491550451195813 -2.648298087848156 -2.6484871441690547 -2.6495342683885745 -2.6510328464960358 -2.6525182214409933 -2.6538472382837552 -2.6550067691790122 -2.6560223075973415 -2.656923755921828 -2.6577281023108696 -2.6584469382606137 -2.659094082555355 -2.659684606252373 -2.6602298400361892 -2.660727858920577 -2.661168900894821 -2.661582720592844 -2.6619614007956116 -2.6623176667856248 -2.662652747152843 -2.6629581662827455 -2.66324106551615 -2.663504607558316 -2.6637407943511153 -2.6639729861156303 -2.664176571947727 -2.6643641554916284 -2.6645478912601943 -2.664713151619397 -2.664862323418789 -2.6650076041218522 -2.6651411733672177 -2.665256264030786 -2.6653624970449465 -2.6654763115778772 -2.6655760826179176 -2.665658963819549 -2.665743201740516 -2.66582252803438 -2.6658925433090515 -2.665949973892234 -2.6660044359082633 -2.6660693692498523 -2.6661316631207583 -2.666178290267222 -2.6662121837406767 -2.6662523353530743 -2.6662992908667222 -2.666342110194268 -2.666369897970066 -2.6663961224522055 -2.66643366818169 -2.6664497562748455 -2.6664717422455064 -2.666485829969547 -2.6664864289681773 -2.666491061951459 -2.666510150021372 -2.6665328238052473 -2.666549142133393 -2.6665532268503105 -2.6665394197852477 -2.666528841274223 -2.66653827563471 -2.666551917111142 -2.6665557706167453 -2.666555197187516 -2.6665468311262908 -2.666528898948256 -2.666588916605659 -2.666646562873357 -2.666702534512119 -2.6667526115476443 -2.6667964563286173 -2.6668301895351716 -2.666854231634648 -2.6668717069450762 -2.6669318652931064 -2.667166985785504 -2.6673390443292764 -2.667352395106354 -2.667182258638336 -2.667032586976256 -2.66678013563072 -2.6664045878451343 -2.666023614320287 -2.665833967086238 -2.665638414073256 -2.6651867625367247 -2.664875867848976 -2.6645342882689986 -2.664474601673068 -2.663819731326524 -2.6634170841197173 -2.6620688005436586 -2.661050564264067 -2.660178052703868 -2.6592493530239665 -2.6580256082854117 -2.6572303949024123 -2.6562464367697958 -2.6552901994517306 -2.654626769896601 
# Stellar mass-weighted [Ca/H]:
0 -5.02011865111616 -6.428942332198664 -5.539507198324976 -3.9466886000818686 -3.420646755275847 -3.24394582623221 -3.1783727479188126 -3.0922262127470113 -2.9373679900588456 -2.820061755384451 -2.7365970506774584 -2.675654156222837 -2.629431605361198 -2.5925194386946195 -2.5621040047987087 -2.536391998154528 -2.5142102421800665 -2.4947650333477736 -2.477495622933727 -2.461994388999143 -2.4479594501841184 -2.4351574464679775 -2.4234008432058243 -2.412544176321644 -2.4024708627727644 -2.3930867366426085 -2.384307217860597 -2.376064293774622 -2.3683017560093216 -2.3609737468317444 -2.3540337145103045 -2.3474481947021335 -2.341182275353688 -2.3352128598737725 -2.329518060557402 -2.3240727047213836 -2.318851707280821 -2.313824773930734 -2.3089986221184713 -2.304400974443806 -2.299959029859484 -2.295667622423057 -2.29151993942948 -2.2875138065798426 -2.2836403451144083 -2.279895557952919 -2.276266130783881 -2.2727485340775306 -2.2692899067117693 -2.2659843835287052 -2.262739261252295 -2.2596366864951216 -2.2565761439607623 -2.253644929052914 -2.2507414334714424 -2.247971999885511 -2.245219003916972 -2.2425759065971365 -2.2399676440379794 -2.2374488486578565 -2.234946631840658 -2.23254713964321 -2.2301681047446564 -2.227868369856627 -2.2255839046592953 -2.223396644485696 -2.2212118007710293 -2.2190960970587943 -2.216995940896804 -2.2149801330943237 -2.21296486561777 -2.2110088810952506 -2.2090611836959306 -2.207195221847636 -2.205330824825385 -2.2035178801854753 -2.2017027577177766 -2.1999577793149 -2.1982254843800533 -2.1965445054825974 -2.1948522056800845 -2.1932096397689174 -2.191579793468822 -2.190012502604561 -2.188439819701073 -2.186907283757349 -2.1853627139069483 -2.183867994589259 -2.182394359196185 -2.1809675416450442 -2.1795323615177162 -2.1781300826810774 -2.176718930036979 -2.1753486289883632 -2.173990689805531 -2.1726801878452786 -2.1713627944009968 -2.170077163204951 -2.1687824034875787 -2.1675167043822094 -2.1688827474914865 -2.1696759094624403 -2.1703015445916387 -2.170835117116023 -2.1713053630285506 -2.171724351690764 -2.172101895828286 -2.1724464179658067 -2.173099979941809 -2.175508968536601 -2.1782392932043226 -2.1797971458777416 -2.1806995053820577 -2.1813405170790103 -2.1819585462218187 -2.1822292747362635 -2.182353914468007 -2.1823101050776064 -2.1823692947200115 -2.1822423094379193 -2.182202510655885 -2.1820590179053374 -2.1820747425619222 -2.181705372730863 -2.1815636129506633 -2.180701412140783 -2.180019694601776 -2.1794386580537273 -2.1787504006968694 -2.1776737810479805 -2.1771482771451973 -2.1762392658405965 -2.175537928729854 -2.174939025723721 
# Stellar mass-weighted [Ne/H]:
0 -5.02011865111616 -6.4289423321986625 -5.197504560768079 -3.5899191947748994 -3.0744505739936736 -2.9196287875172153 -2.8746893795603325 -2.8648312203111557 -2.865055504010069 -2.8677523133420033 -2.870520754996554 -2.872805086781457 -2.874580945743692 -2.875927278979467 -2.876963933029227 -2.8777659081941636 -2.878393085070382 -2.8788921488136774 -2.8792919600850304 -2.8796166722897096 -2.879884624073611 -2.880108262137707 -2.8802922699434 -2.8804416087196003 -2.88056611535782 -2.880673140574568 -2.8807613449302183 -2.880830364583531 -2.880885552497145 -2.880929485501044 -2.8809637162490533 -2.8809880658477107 -2.881001618380532 -2.8810073505757208 -2.881010633240865 -2.8810067135781123 -2.880985856355296 -2.880951845825419 -2.880913828590545 -2.8808658722093385 -2.880813836324358 -2.88075425043984 -2.880686868078958 -2.8806179044340467 -2.880541234054249 -2.8804624311694003 -2.8803790154222915 -2.8802913960078573 -2.880199540107636 -2.88010593572731 -2.8800150847174875 -2.8799211854663556 -2.8798235687979314 -2.879730717728023 -2.8796258305218725 -2.879537021400715 -2.8794377492426495 -2.87933458626524 -2.8792255726219915 -2.8791149835086545 -2.879036625914879 -2.878951587350419 -2.8788610558216625 -2.8787628357811963 -2.8786564794962617 -2.8785697065785794 -2.878481063387067 -2.8783815388259733 -2.8782835130833506 -2.8782091796315274 -2.878131027311536 -2.8780380229918103 -2.877945147778738 -2.8778813027536394 -2.8778189810152384 -2.8777386494996895 -2.877647712017989 -2.877578035900834 -2.8775260561948635 -2.877468947014445 -2.8773898706843575 -2.877308840066365 -2.8772457177259074 -2.8772062385337245 -2.8771574747424706 -2.8770953490366633 -2.8770168551432347 -2.876950803356719 -2.8769136283306995 -2.8768832990901476 -2.876835391458193 -2.8767749825547293 -2.876704906955447 -2.8766461709158095 -2.876612032690103 -2.8765894605335554 -2.8765540678898196 -2.8765062478826344 -2.8764467134752367 -2.8763863383603567 -2.876458185752111 -2.876526386840017 -2.87659122766975 -2.8766377217107397 -2.8766666836138866 -2.8766848188494736 -2.8767001845356956 -2.8767162881685078 -2.876793045957921 -2.8770329911837607 -2.877313564086008 -2.8774700417034973 -2.87758793247015 -2.8777295104186926 -2.877832873805181 -2.87789261019259 -2.8779494985164957 -2.8779336522768633 -2.8780032019999435 -2.8780329162098823 -2.8780213815663345 -2.8780637644659697 -2.8780719041081646 -2.878052019246301 -2.878064584188217 -2.878033276001556 -2.8780267329439457 -2.878038322290176 -2.87803922667122 -2.87793688605187 -2.877967589536146 -2.877880877454773 -2.877902317897652 -2.8778579900064374 
# Stellar mass-weighted [Si/H]:
0 -5.02011865111616 -6.4289423321986625 -5.244100386044138 -3.6375385162014453 -3.116329101301007 -2.9461356874744533 -2.8838545247267904 -2.8372704069317205 -2.7570746199419256 -2.68861650926414 -2.6355342761630407 -2.594456757550862 -2.56200312351727 -2.535292930657139 -2.5127713445474527 -2.4933848090809354 -2.4764119912595914 -2.4613466593040014 -2.447828495739908 -2.4355863415615726 -2.4244157687150754 -2.4141572473229234 -2.4046792632472185 -2.3958777423743083 -2.3876707534938904 -2.3799916676655064 -2.372777833307185 -2.3659785778083364 -2.359553422640408 -2.3534683617155254 -2.3476889785344035 -2.342189354378145 -2.3369412439791812 -2.331929054038932 -2.3271375666697853 -2.3225463470064405 -2.3181338397264986 -2.313893285425669 -2.3098162353432103 -2.3058829661691664 -2.30209315500666 -2.2984308916908125 -2.294890062025493 -2.2914665088382433 -2.2881499056705588 -2.28493452338763 -2.281815271319396 -2.2787896101621046 -2.2758119683119435 -2.2729620469102407 -2.270161911651277 -2.267480949996222 -2.2648341062539012 -2.2622969306740943 -2.259779737335231 -2.257378652317346 -2.254988633085083 -2.2526919449859246 -2.2504264995337877 -2.2482349880030643 -2.246056610701899 -2.243966646671783 -2.2418930088008127 -2.239886489213263 -2.237891060461636 -2.235979356904725 -2.234071141289104 -2.2322196484337455 -2.230380277565666 -2.2286156871583156 -2.2268501896312003 -2.2251334612713842 -2.2234236150672944 -2.2217872892692325 -2.2201514561091873 -2.218557194895319 -2.2169591784441227 -2.2154237514368615 -2.2139009788992414 -2.212421531621403 -2.210929110722202 -2.209479115684461 -2.2080420212339815 -2.2066617535866477 -2.205274511269854 -2.203919967375686 -2.2025525733110367 -2.201231147152602 -2.19992916847836 -2.198669350660749 -2.197399551925832 -2.1961571412835 -2.1949051778739648 -2.193689785303788 -2.192488029544041 -2.19132900391262 -2.1901617907927973 -2.1890205530495903 -2.187869407771034 -2.186743668621329 -2.1879589994099415 -2.1886674285940186 -2.189227401225412 -2.189704013616395 -2.190122664576788 -2.1904946442095614 -2.190829653821475 -2.1911355617071564 -2.191721096900575 -2.1938742258032784 -2.1963140312505987 -2.1977052035540696 -2.1985134036408454 -2.199094410065177 -2.199650736089515 -2.1998954782226585 -2.2000113679836577 -2.199970471333266 -2.200030733587999 -2.199921488886541 -2.199884615866555 -2.19976274770241 -2.199777672589458 -2.199448492548677 -2.1993247883193137 -2.19855918975781 -2.1979561916503263 -2.1974444530485977 -2.196836668687598 -2.195872975743013 -2.195412598284733 -2.194598688133305 -2.1939816745277314 -2.193447028275634 
# Stellar mass-weighted [S/H]:
0 -5.020118651116161 -6.428942332198662 -5.318401468200547 -3.713940785296157 -3.1855426249599104 -3.0068630105910916 -2.9426099467059714 -2.89188819644692 -2.8037360033704894 -2.7294420286245753 -2.6724421001725567 -2.6286743061401276 -2.5942926023052566 -2.566118468248159 -2.542442238267628 -2.5221166471066434 -2.504361196831013 -2.488630203531714 -2.4745372628721407 -2.4617927734118368 -2.4501774499896456 -2.4395215073702143 -2.429685558177546 -2.4205598759431135 -2.412057586014738 -2.4041073021835286 -2.3966436358821017 -2.3896128134083554 -2.3829727831380003 -2.3766876414307347 -2.3707210676532773 -2.365046240045995 -2.359632964346744 -2.3544651266882886 -2.3495268268779945 -2.3447964054138817 -2.3402519231951793 -2.3358863241486088 -2.3316907106078935 -2.3276441853761467 -2.323746414994539 -2.3199806860584573 -2.3163408439423945 -2.312822397224723 -2.30941530933345 -2.3061126786821298 -2.302909502605014 -2.2998032645747672 -2.296746948792257 -2.2938224862428847 -2.2909493737926807 -2.2881995804428312 -2.285484956743378 -2.282882829319904 -2.2803016455082536 -2.277839268945515 -2.2753886569424404 -2.273034534183327 -2.2707120172958257 -2.2684656909877896 -2.2662332089305215 -2.264091434439174 -2.261966450900564 -2.25991040617103 -2.257865142839143 -2.255905535988809 -2.25395164896276 -2.2520558254543106 -2.250172760940618 -2.248366116829776 -2.2465573746667005 -2.2447995434627 -2.243048872788086 -2.2413735067642273 -2.239698819002774 -2.2380671505135465 -2.236431800259605 -2.234860658492706 -2.2333020328260966 -2.2317880538261265 -2.230261500747096 -2.2287784914358477 -2.2273083663674367 -2.225896215853008 -2.2244771515025166 -2.223092047581483 -2.2216943079619336 -2.2203431203140473 -2.219011227530836 -2.217722849755569 -2.216424800181077 -2.2151546443039454 -2.2138751299117096 -2.2126327062583986 -2.2114040996077726 -2.2102189539633805 -2.209025935375517 -2.2078595311226463 -2.2066835347952107 -2.2055336805383368 -2.2067749683693334 -2.207497963142673 -2.2080692448108286 -2.208555725056927 -2.208983276892871 -2.2093633275748923 -2.209705634293874 -2.210018164745285 -2.210615346239498 -2.2128125056307413 -2.2153021988143973 -2.216722058590735 -2.217546397334207 -2.2181378027363854 -2.2187048647562726 -2.218954116311135 -2.2190715919114323 -2.219030167550036 -2.2190903820807915 -2.2189781392334176 -2.218940783932972 -2.218815296516703 -2.218830409809126 -2.2184942845032927 -2.2183676279249145 -2.217585559696807 -2.2169692029848624 -2.2164457652764 -2.215824338742058 -2.2148412343085866 -2.214369946219576 -2.213539670834291 -2.2129084629697493 -2.212362831242161 
# Gas metallicity, [Z/X]:
-5.0423094767788825 -6.694535590242859 -5.180268004304142 -3.1289368700016356 -2.364145574213011 -2.03477102619148 -1.6056403282318825 -1.1647513908514455 -0.8081881888477074 -0.528401685498243 -0.2442287918703674 0.053369413298065105 0.33224662812486194 0.5399500213126289 0.6524706601871442 0.6993588222819316 0.7162975322930133 0.720492104401223 0.7195693211521522 0.7164016614694729 0.710880379957525 0.7041512556560356 0.6974570211091216 0.6901122372469566 0.683490339151497 0.6776051927783804 0.6737397345297542 0.669490778193474 0.6665512711377382 0.6624262891832096 0.6609105512566962 0.6567824999991876 0.6561706393028599 0.6524459597035575 0.6553476654060355 0.6578571747488029 0.6672476617813643 0.6698458372172711 0.6846594646419595 0.6828445699052494 0.7051369155568419 0.6899957346934305 0.7343950640896745 0.6783441425815102 0.7882432596444038 0.5959987669804339 0.9109973249284921 -0.20533146644841693 1.1767075403307428 -7.518790731670796 1.4126242830167461 -7.499413698534841 1.6301884887235218 -7.482549793184075 1.845142653671894 -7.468879323893606 2.0688389983546904 -7.45183225900921 2.2992800637996145 -7.433619900586132 2.545548391591634 -7.423626793799629 2.8078041591558938 -7.405467862200924 3.0815388192544537 -7.395874504952092 3.376004875226973 -7.381566043645606 3.6775930157960235 -7.373479787195173 4.001307238777139 -7.361859018802701 4.3319675064154035 -7.3565975972483155 4.685748254282414 -7.341347050476925 5.047380740552052 -7.34069166509885 5.425184923970933 -7.322571730627844 5.818773701691626 -7.321743684213914 6.216924676747291 -7.311522678952699 6.639369139523933 -7.298474422571378 7.068096703844934 -7.30189020280832 7.5033308561301215 -7.2837176766246525 7.964079999960778 -7.275672126768608 8.428206171042081 -7.279710431307112 8.896772103745809 -7.26443359036235 9.391545944704518 -7.252374182760336 9.891649980625425 -7.255477066418354 10.391396594265727 -7.5291806085872945 10.46171698530068 -7.80585583316995 10.329111784429744 9.665510764583642 10.11299397897485 9.870161580294297 9.95206681419169 9.835622320550824 9.614710369445147 9.403312224609481 9.285257525021589 9.194962885013124 9.126990428467629 9.048793204233881 8.991311777299687 8.94563607678822 8.93315533220337 8.90862324760629 8.876484599265877 8.85084970837681 8.835895848788857 8.829572732882827 8.803187822962979 8.778197580727303 8.738538951817585 8.710072070052973 8.686034524384388 8.664658876020617 8.645006339579574 8.628715390890244 8.612867162746301 8.598788134715052 8.586187646714542 
# Stellar mass-weighted metallicity, [Z/X]:
-4.152288344383056 -5.0423094767788825 -6.451133157861383 -5.311966107491046 -3.7082064368579575 -3.201998677822256 -3.024154127122628 -2.8892523622354984 -2.7827550093605202 -2.716607511434515 -2.6826647096850795 -2.6628024543016773 -2.6489848381426544 -2.638053114517626 -2.6286971454450967 -2.620496521661525 -2.6129790374659034 -2.6058835957367172 -2.59917058556403 -2.592830987520003 -2.5868494828880717 -2.5812335353281295 -2.575962419231179 -2.5710000860304545 -2.5663164985748725 -2.561878147221602 -2.5576694155329696 -2.553652271312508 -2.5498128479428974 -2.5461211338388106 -2.5425951531671434 -2.5391814370474215 -2.5359200953773398 -2.532736898635979 -2.529679641748551 -2.5266687990436534 -2.5237507436529274 -2.5208226495944697 -2.517973471495405 -2.5150603380167196 -2.5123162285663385 -2.509394287519563 -2.5068106410067497 -2.5037546333322434 -2.501539925371663 -2.497998130234838 -2.4968116403523437 -2.491564845749176 -2.493706954035096 -2.482403603894797 -2.4861269989154238 -2.4670900091406684 -2.4726066369831603 -2.4433033833776916 -2.4513853827287395 -2.4076342682703578 -2.4193151539953446 -2.355178361092423 -2.371762806323429 -2.2790546674714616 -2.3021839744838672 -2.173166246737508 -2.204110684630466 -2.03080777683956 -2.070441535935779 -1.848716043158723 -1.8969472820725095 -1.6300972759264416 -1.685561297711094 -1.3755338513453041 -1.4371189761319771 -1.0950235271120057 -1.160803776077605 -0.7876498311630871 -0.8570203866219004 -0.46360859121089093 -0.5352238532150915 -0.11788324964181673 -0.1918334284358858 0.24147515018650667 0.1659775193139228 0.6164794091964043 0.5394777184606638 1.0075479063404242 0.9290484845218849 1.4072441895066772 1.3278826761994422 1.8262530251384501 1.7453783667562646 2.2559240076479163 2.174076737000701 2.6933177691646586 2.6108212394135473 3.1509397500815943 3.0670408800175712 3.6169268134206707 3.532298670657977 4.088540691696653 4.003473752422839 4.580760014277779 4.494417147036943 4.4661081935861375 4.450153993120755 4.438910813986391 4.430220312939349 4.423146587134926 4.41719497561517 4.412069854948755 4.407578522602423 4.399960988510344 4.376329472988294 4.3545218637779675 4.343472453362874 4.336769642301219 4.3321656539001605 4.327549383156057 4.3245074656031095 4.322431894990483 4.322011909889788 4.321005174638602 4.32001010461026 4.3191572147799 4.31880215026118 4.318548944263714 4.318168912292912 4.31757238187937 4.31748998193697 4.317520835303495 4.317735450728545 4.318384329443399 4.319372529080035 4.319571150678453 4.320907321892288 4.321326037436474 4.322295079642968 
# Number of SNIa (log_10):
0 0.0 0.0 0.0 0.0 0.0 2.9193604867050142e+53 1.3539576490219772e+55 5.117321728583105e+55 9.278867257911974e+55 1.3233853989799242e+56 1.6814302893548792e+56 2.001493718314186e+56 2.2881303951737536e+56 2.5466432333615197e+56 2.7817111814041947e+56 2.9971351035643215e+56 3.1959303171887478e+56 3.38048872582893e+56 3.5527271489486062e+56 3.7141991386493843e+56 3.86618078189211e+56 4.0097324646249985e+56 4.145745018725847e+56 4.274975262141977e+56 4.398070284722565e+56 4.515588168398322e+56 4.628015888187354e+56 4.735776159926096e+56 4.839240340068565e+56 4.9387410267766965e+56 5.0345829618001795e+56 5.127016690533623e+56 5.216251728516425e+56 5.302532039323957e+56 5.386042940529386e+56 5.466955715725939e+56 5.545419702943072e+56 5.62158460257883e+56 5.695599240054542e+56 5.7675605301480225e+56 5.83758532991419e+56 5.9057733563377545e+56 5.972215530558098e+56 6.037004042995387e+56 6.100218391571944e+56 6.161933773134867e+56 6.22221389826462e+56 6.2811281975158205e+56 6.338753029469191e+56 6.3951257441711e+56 6.450297401495423e+56 6.50432379389523e+56 6.557256194617555e+56 6.609130266185784e+56 6.659991364856472e+56 6.7098752760688285e+56 6.758800237450763e+56 6.806819690834617e+56 6.8540268824193075e+56 6.900384358813318e+56 6.945937253375767e+56 6.990681036998882e+56 7.03465153067575e+56 7.077904679117641e+56 7.120451566619424e+56 7.1623093858306185e+56 7.203511467277822e+56 7.244072464748656e+56 7.284007725212098e+56 7.323340478537126e+56 7.362093390404505e+56 7.4002695751483505e+56 7.437888542482968e+56 7.474989750473667e+56 7.511567179973982e+56 7.547634216198308e+56 7.583210054917278e+56 7.618305885229014e+56 7.65293382699445e+56 7.687107795999511e+56 7.720834374578399e+56 7.754123914636178e+56 7.7870127829785565e+56 7.819485656130091e+56 7.85155685861906e+56 7.88323663056198e+56 7.91454070026927e+56 7.945473055459683e+56 7.976027995415774e+56 8.006231733607084e+56 8.036087193738071e+56 8.065594775876633e+56 8.094802325753105e+56 8.12369070109363e+56 8.152245648194535e+56 8.18049234963957e+56 8.208438808881447e+56 8.236087345277196e+56 8.263437546070793e+56 8.290504386072638e+56 8.317284435170208e+56 8.343798785788859e+56 8.370060874685382e+56 8.396052325411005e+56 8.421788881049564e+56 8.447273839661133e+56 8.472503205589409e+56 8.497488597282347e+56 8.546756599466802e+56 8.780013889894768e+56 9.19181788223012e+56 9.547259263593763e+56 9.859921629700903e+56 1.0139045016466128e+57 1.0508549311312237e+57 1.0832051384641902e+57 1.1119744970093184e+57 1.1209018605580782e+57 1.137877390631972e+57 1.1614326654428989e+57 1.1830360430786257e+57 1.1965014362124229e+57 1.2029805819496893e+57 1.2273993082093509e+57 1.2550144431608632e+57 1.3027627930424182e+57 1.3430905147651027e+57 1.3779982778459038e+57 1.4087789682991087e+57 1.4362841182186087e+57 1.4611810682562627e+57 1.4838947062499997e+57 1.5047837427965466e+57 1.5241202802314583e+57 
# Number of SNII (log_10):
0 0.0 4.366751697859073e+53 2.027304734634851e+55 7.746701701638597e+55 1.4069988606227924e+56 1.9657639941781322e+56 2.351268456645362e+56 2.506654066839743e+56 2.5703172065123546e+56 2.5953326172021456e+56 2.6047569326590644e+56 2.6082735673968656e+56 2.6095566856122354e+56 2.6100613539084483e+56 2.610284184036793e+56 2.6103812993579356e+56 2.610429376964382e+56 2.610462830093623e+56 2.6104903058151558e+56 2.6105148629795123e+56 2.610537636307275e+56 2.610559091611964e+56 2.610579456700161e+56 2.6105988658067613e+56 2.6106174255078793e+56 2.610635223448036e+56 2.610652329234474e+56 2.6106687980748877e+56 2.6106846841607916e+56 2.6107000348339433e+56 2.610714890058475e+56 2.6107292819742697e+56 2.610743241625889e+56 2.610756811340117e+56 2.6107700181800767e+56 2.6107828873179086e+56 2.610795427417616e+56 2.6108076505120697e+56 2.610819587072034e+56 2.610831251468601e+56 2.610842654555837e+56 2.610853820093889e+56 2.610864749459425e+56 2.6108754584126598e+56 2.6108859597024746e+56 2.6108962582153434e+56 2.6109063692114733e+56 2.6109162950134163e+56 2.6109258562463767e+56 2.6109354240290132e+56 2.6109447080828755e+56 2.610954121298269e+56 2.6109634048894093e+56 2.6109725087508718e+56 2.6109811955984113e+56 2.610990001643547e+56 2.6109984272327867e+56 2.611006954741603e+56 2.6110151095496064e+56 2.611023394819528e+56 2.6110312952256465e+56 2.6110393174883705e+56 2.611047005355887e+56 2.611054799673839e+56 2.611062255573202e+56 2.611069847740044e+56 2.6110771234633794e+56 2.6110845013488706e+56 2.611091570142743e+56 2.611098773222311e+56 2.6111056756899133e+56 2.6111126815539445e+56 2.6111193970553613e+56 2.6111262491587105e+56 2.6111328312841283e+56 2.6111395134143916e+56 2.6111459110725806e+56 2.6111524304901663e+56 2.611158705085596e+56 2.6111651017141283e+56 2.6111712240706663e+56 2.6111774453553945e+56 2.6111834263452246e+56 2.6111895535386365e+56 2.611195445638622e+56 2.6112014247831993e+56 2.611207145776382e+56 2.611212976112714e+56 2.611218609268293e+56 2.6112243909461977e+56 2.6112299311649106e+56 2.611235543925348e+56 2.6112409140112665e+56 2.611246395881364e+56 2.6112517065908317e+56 2.6112571693478695e+56 2.6112624161031652e+56 2.61126773015774e+56 2.611272807764489e+56 2.6112779801111016e+56 2.6112829797115137e+56 2.611286356121404e+56 2.61128827198985e+56 2.6112891755463833e+56 2.6112891755463833e+56 2.6112891755463833e+56 2.6112891755463833e+56 2.6112891755463833e+56 2.6112891755463833e+56 2.6112891755463833e+56 2.6112891755463833e+56 2.6112891755463833e+56 2.6112891755463833e+56 2.6112891755463833e+56 2.6112891755463833e+56 2.6112891755463833e+56 2.6112891755463833e+56 2.6112891755463833e+56 2.6112891755463833e+56 2.6112891755463833e+56 2.6112891755463833e+56 2.6112891755463833e+56 2.6112891755463833e+56 2.6112891755463833e+56 2.6112891755463833e+56 2.6112891755463833e+56 2.6112891755463833e+56 2.6112891755463833e+56 2.6112891755463833e+56 2.6112891755463833e+56 2.6112891755463833e+56 2.6112891755463833e+56 2.6112891755463833e+56 2.6112891755463833e+56 
# [Mg/Fe] for total ejected gas till this time:
0 0 0.9717394116837039 0.9586880611135962 0.8201325646297568 0.6823258397127172 0.6278215258090716 0.4369458419113731 0.15419135445778998 -0.025262547562681245 -0.14441504984105508 -0.22870835150011815 -0.29159693890878857 -0.34060167197260643 -0.3801287187590664 -0.4128931394948533 -0.4406356847981043 -0.4645246553697189 -0.4853868380771124 -0.5038277669376917 -0.5203043668341059 -0.5351592018440707 -0.5486537244429914 -0.5609910132848334 -0.5723330707641423 -0.5828081439859618 -0.5925216401708644 -0.6015624091020714 -0.6100054511101786 -0.6179162519454369 -0.6253524011608929 -0.632358796433035 -0.6389756888380627 -0.6452339187971697 -0.651154386926323 -0.6567488795748663 -0.6620370493334338 -0.667038014288291 -0.6717750623042786 -0.6762693706877954 -0.6805360068943075 -0.6845931719279594 -0.6884545813823861 -0.6921339361743507 -0.6956439003927907 -0.6989945785691682 -0.7021984902511305 -0.7052617014816668 -0.708194719402138 -0.7110048540048701 -0.7137007526494704 -0.7163035477372405 -0.7188272604847548 -0.721290464043493 -0.7236945549847943 -0.7260438127938867 -0.7283464323480062 -0.7305945676593828 -0.7327962839779829 -0.7349634101052617 -0.7370835626663161 -0.7391575482717072 -0.7411975089104463 -0.743200649124719 -0.7451588096507794 -0.7470829495490082 -0.748989086425462 -0.7508504171918085 -0.7526745500058385 -0.754465655071614 -0.7562264843532028 -0.757955228020939 -0.7596504689695196 -0.7613171490299419 -0.7629606674233879 -0.7645754723722998 -0.7661602987338182 -0.7677186325055094 -0.769256296261654 -0.7707719915149502 -0.7722644764846421 -0.77373286856524 -0.7751792259407203 -0.776607981378169 -0.7780178201031092 -0.7794087770748768 -0.7807810126961088 -0.7821318836826802 -0.7834652460954161 -0.7847830314579894 -0.7860880339081975 -0.7873783525663808 -0.7886489355612328 -0.7898972475968226 -0.7911337532060554 -0.7923583226575651 -0.7935686241826679 -0.7947638986142679 -0.7959479871976188 -0.7971182115507939 -0.7982730426698235 -0.7994139629615119 -0.8005428565170019 -0.8016581270583292 -0.8027579279273231 -0.8038453623027009 -0.8049184315489107 -0.8059757832305181 -0.8070209867745677 -0.8090755213586822 -0.8186698342753184 -0.8350571389159832 -0.8486354778772063 -0.8601880078803007 -0.8702038602375336 -0.8830141730768604 -0.8938307703832228 -0.9031555117580701 -0.9059961359564448 -0.9113306790836447 -0.91856584214603 -0.9250919972479139 -0.9290786342660202 -0.9309796001427184 -0.9380448529274873 -0.9458364267915197 -0.9588648586634639 -0.9694500888409422 -0.9783078431425124 -0.9859129672401942 -0.9925400833823151 -0.9984110944769541 -1.003664364387286 -1.0084157113077543 -1.0127401259819848 
# [Mg/Fe] for instant ejected gas at this time:
0 0 0.9717394116837039 0.9584019661447496 0.7724685196524215 0.4888261233131337 0.4003801551915256 -0.3768112337831719 -1.0595006467328103 -1.338295748784799 -1.4910957372631044 -1.5700465222348723 -1.6081618524144439 -1.6280747763375771 -1.6368664481268054 -1.6388578376582916 -1.6341291671551192 -1.6239730546980047 -1.6128133388568502 -1.603709439612547 -1.599021267903205 -1.597027323649465 -1.596306082150258 -1.595739696280702 -1.5950469910122744 -1.5930011545195946 -1.5896945925468775 -1.5856286728459918 -1.5811724598689427 -1.577259312942035 -1.5745230637667058 -1.5703975174826803 -1.5664478489518503 -1.5609833258952273 -1.549117999182187 -1.5292179555673369 -1.5067809156994665 -1.4836454262324332 -1.462325977733258 -1.4423961397132121 -1.4229971828880836 -1.4054669694644155 -1.3885567043535856 -1.3727909514530647 -1.3579634790600188 -1.3435009953593735 -1.330798408881703 -1.3174539993378658 -1.3054906587755464 -1.2935148175716746 -1.2830959430849234 -1.2796038914115495 -1.280125103855834 -1.2873634261185984 -1.2939971368286651 -1.301277363956029 -1.3116580225524095 -1.3170879497762078 -1.3252281985845045 -1.337664353996654 -1.3435047426781375 -1.3481175314249245 -1.3605311502428077 -1.3699709214416462 -1.37151134150739 -1.3802335188625081 -1.400845639658863 -1.3990603064369824 -1.40233783313097 -1.4081523150512318 -1.4151474821898298 -1.4193763583690686 -1.421801667883711 -1.4276506730999823 -1.4368534595718345 -1.4406693469308174 -1.4422275252848824 -1.4461404987673132 -1.4555404770531988 -1.4629066641105803 -1.4680143919807565 -1.4715106907397983 -1.4766476156630934 -1.4851549513164446 -1.4928036219391732 -1.4996101425950346 -1.5059505380362128 -1.5074822861880088 -1.5139196967405866 -1.5234846454312059 -1.535696993147527 -1.5449319847529785 -1.5458811249571274 -1.5391410987280323 -1.5504878381451992 -1.5629048610895375 -1.5694885464620894 -1.5739357892135133 -1.585253851876958 -1.5917762085489617 -1.593761604038402 -1.5986899500285865 -1.6055646819194178 -1.607885248151562 -1.6076275232805053 -1.6122610485968527 -1.6121040950558625 -1.6089978575764983 -1.6124477175827843 -1.6166179747246514 -1.627493987464595 -1.6459754134615963 -1.6604526609499202 -1.6748439797316936 -1.6855616771413071 -1.6888243581316358 -1.6911959314792004 -1.6931328867414945 -1.6951353236212339 -1.696499910326716 -1.690778324514395 -1.7028728908388204 -1.6960295716424512 -1.6971573286774873 -1.6985612089000697 -1.6968794070287307 -1.698699288985348 -1.699619894318307 -1.6973099593209207 -1.6994996268392981 -1.6978477564305976 -1.6977447001389214 -1.697360259245326 -1.69846560673349 -1.6966218963969861 
# total ejected metal mass till this time:
0 0.0 2.4394511228225355e-05 0.000371033100317737 0.0009692776774541084 0.0013780652164053038 0.001837492807984773 0.002325835478138235 0.002721458882840067 0.0029840672072308475 0.0031683273410148525 0.0033090793300407815 0.003424438772634218 0.0035228801208414 0.003608987194899461 0.003686909889691615 0.0037592601597592843 0.00382708280333432 0.003890968237731843 0.003951326888526672 0.004008333894153951 0.004062239045131949 0.004113329831699494 0.0041618558444721536 0.004208111872871278 0.004252271718911816 0.004294611852795828 0.00433525924659325 0.004374460561888321 0.004412159943476031 0.004448708294767734 0.0044839106232226625 0.004518212173323211 0.004551374610922004 0.004583965716313058 0.004615718686957183 0.004647273688160693 0.004678147848982859 0.004709307266039284 0.004739273338117097 0.004770307953303253 0.004799098877079083 0.004830827260909846 0.004857145268912712 0.004891942700130997 0.004911493665563699 0.004957348409805056 0.0049551315800971454 0.00504080287560497 0.004960741399622301 0.005103326103507206 0.004934209117921423 0.005159948992085849 0.004858788929119468 0.005215150965507214 0.004697448662041968 0.00526892225777761 0.004375339089928187 0.005321466083740335 0.003769323764708971 0.005372551559105439 0.002593613287428653 0.00542256936639582 0.0002784921392091022 0.005471416353427828 -0.004286648692004675 0.005518976737631534 -0.01389519697906695 0.005565150306983664 -0.03384723285573199 0.00560954493515985 -0.07853035102595132 0.005652598593039496 -0.17693896469878312 0.005694136619801219 -0.41152787757574505 0.005734280480969601 -0.9658276434850483 0.00577324342653029 -2.3394705846627217 0.005810778743731926 -5.863933057793315 0.005847440637606792 -14.848497365952042 0.005882717065679162 -39.667497801694054 0.005916956072641237 -107.66886021484743 0.005950486790360536 -296.37254256845955 0.005982605669099957 -863.5193718684283 0.006014007685462166 -2539.389116167712 0.0060448803892713 -7541.981728831504 0.006074420671240589 -23753.3707193385 0.0061032787760715345 -75811.20703286117 0.006131649768888317 -241647.23558685358 0.006159242437895182 -286221.2914714942 0.006185886295320679 -212374.7095600688 -46236.97741249808 -130003.11673245551 -74579.50934648725 -90626.94264335636 -71258.8053704415 -45022.55298600972 -28955.281272268134 -22954.762138146565 -19306.86050167972 -17214.20722966368 -14919.096425383254 -13484.954312861018 -12286.54176309208 -12134.98893644122 -11731.590670380356 -11130.86234919711 -10638.19603088765 -10349.126747217251 -10412.345604266295 -10045.517861970598 -9869.703791527823 -9328.737596595929 -8995.345451286224 -8725.967317702405 -8490.261762555396 -8274.364469297421 -8108.119768872642 -7942.753920638881 -7798.90383519465 
# Stellar [Z/H]. [Z/H] = [Fe/H] + A[Mg/Fe] where A=0.94:
0.0 -5.02011865111616 -6.4289423321986625 -5.321993172934952 -3.722576840351672 -3.2005421749092036 -3.033719876284997 -2.975602070671095 -2.9481529412787664 -2.9253056064819836 -2.913005405271108 -2.9053865478193104 -2.8999866528658114 -2.895792957599629 -2.8922828304312365 -2.8892336241260317 -2.8865097110656524 -2.8840104647563938 -2.8816684804480963 -2.8794573628429356 -2.877369813895827 -2.875411469158526 -2.8735775022162193 -2.87185242167244 -2.870221199646234 -2.8686764267339226 -2.8672069721556084 -2.865797601212896 -2.8644375309017254 -2.8631242725424837 -2.861857715164862 -2.8606375920006375 -2.859454496031213 -2.858302824384774 -2.857179099978099 -2.8560687863350838 -2.854944142479344 -2.853789905087135 -2.852610847214062 -2.8514194973696063 -2.850212107793374 -2.8489955773555926 -2.8477692463999467 -2.8465340521301687 -2.8452979555529225 -2.8440563339657148 -2.8428132400716297 -2.841571388431656 -2.8403280715248322 -2.8390723302150347 -2.8378325557137627 -2.8365926928765286 -2.8353979427905354 -2.8342283676830697 -2.8331353629544855 -2.8320682954541825 -2.831080930415271 -2.8301204675113683 -2.8292039709839374 -2.8283270590272442 -2.827503432967953 -2.826687115492188 -2.8259153318712085 -2.825175181505184 -2.824469456076559 -2.8237615784783237 -2.8231076358290914 -2.8224920338916446 -2.821872872883659 -2.821259028006649 -2.820688805812316 -2.820123966239053 -2.8195650418596916 -2.8190089373491554 -2.8184996523941455 -2.8180028622158053 -2.8175058079400737 -2.8169990445227047 -2.816526857837184 -2.8160819226591185 -2.815650831117994 -2.8152042179160537 -2.8147682803339586 -2.8143527563387787 -2.8139762548855676 -2.8135960287961046 -2.8132179352532916 -2.8128306927563127 -2.8124611312304606 -2.8121225732093538 -2.8118067910688933 -2.8114858262643474 -2.811167547470604 -2.8108361049067465 -2.8105104971920163 -2.810216887894671 -2.8099504452835515 -2.8096759890240905 -2.8093982041221683 -2.8091177027918306 -2.8088445938753903 -2.809201197023828 -2.8094373037104288 -2.8096355554359347 -2.8098002741263315 -2.809937827055176 -2.8100550471607075 -2.8101606190384807 -2.810259102601056 -2.8104814948763956 -2.811281309848726 -2.8122133306728356 -2.8127527632285103 -2.813092983289965 -2.8133818338417846 -2.813641485210387 -2.813776535424493 -2.813869860440782 -2.8138521270167254 -2.813931584457984 -2.8139368843327213 -2.8139297194308472 -2.813936959105529 -2.8139513830319767 -2.813858719111418 -2.8138475222109656 -2.8136399851917155 -2.8134881005325023 -2.813373970968523 -2.8132253854223324 -2.8128940660811557 -2.8128080351726426 -2.8125270763173447 -2.812392354933237 -2.812217512202092 
# Stellar luminosity-weighted metallicity, [Z/X]:
-4.152288344383056 -5.0423094767788825 -6.358014632017007 -5.1902791410456075 -3.145637795189404 -2.380116936124864 -2.047861804926625 -1.6201881933057687 -1.180058669223701 -0.8230455419239135 -0.5425412440981938 -0.25885981515173917 0.03813181119733411 0.3171588041333602 0.5256619952457025 0.6402375560860396 0.6895503885621526 0.7084472563563704 0.7140822870503231 0.7142043260995169 0.7118250132853007 0.7069828946048361 0.7008200682904173 0.6945710443194828 0.6876321869326001 0.6813153118128117 0.6756708591883951 0.6719317761987231 0.6678557043418851 0.6650088358236919 0.6610581111762763 0.659551916885392 0.6556191393044004 0.6549591321744415 0.6514223272815329 0.6540909094194725 0.6565215463927019 0.6654827446371752 0.6681931523528335 0.6823538078755973 0.681056226241427 0.7022529034925153 0.688547739391072 0.73042041142808 0.6786040117024412 0.7817344247965407 0.603872335850179 0.8987407753300972 -0.02435571393119451 1.1543412202081216 -0.29351496671343136 1.388006181967819 -0.1054146805881333 1.6048515064482294 0.09197326630761182 1.8194094581953104 0.29618323999663576 2.0427636940108806 0.5124997043252684 2.2729551258602996 0.7381549349046137 2.5189499237448496 0.9795306529477245 2.7809431699333613 1.2375876326811577 3.054472691677529 1.5079643479078766 3.348727877668447 1.797614325112166 3.650262917405956 2.0967483744774884 3.973828897152649 2.4171115674675 4.304420206819755 2.7461543116168707 4.658031821402833 3.097053502180549 5.019593083629966 3.4571336883546477 5.3972645283998775 3.833204429405429 5.790739175499185 4.224608423530029 6.188829950417153 4.6222605310990454 6.6111091867215155 5.042271435228918 7.039783305761039 5.469894942948459 7.474937467640848 5.9047967497366365 7.935520056393432 6.363126522610717 8.399593283130246 6.826527651855621 8.868098866508042 7.2948383191970585 9.36271524577766 7.787655608628778 9.862760839864395 8.286849514401178 8.986668146774557 8.963359680112205 8.897139357548811 8.839404702023621 8.791179358644575 8.750484992702654 8.715623585425815 8.685309312302726 8.634895037720531 8.48644176421001 8.361237632731962 8.302194916772804 8.266738175380755 8.241753560666806 8.214514009467191 8.195035420234845 8.181397482265993 8.178074593498627 8.171528752645228 8.163568424382632 8.157147700528192 8.15375733971952 8.152076373305249 8.146590502219137 8.141022704716326 8.13366114434409 8.128141084810814 8.124530920085128 8.122732413543524 8.120500709316966 8.117837793312734 8.118385442416686 8.116097100247805 8.116604028116942 
# Stellar luminosity-weighted [Mg/Fe]:
0 -1.3877787807814457e-17 6.938893903907228e-17 0.8894031904037459 0.9581135279344266 0.7803864425244434 0.5257907021911777 0.42608407678290106 -0.26148467862050073 -0.9528620669042603 -1.273694417101064 -1.4545337159801877 -1.5513067970587404 -1.5991597725362043 -1.6234177989480445 -1.6345585085686594 -1.6379608104173196 -1.6345515309516903 -1.625560828084822 -1.6148839203550027 -1.6056609208488841 -1.6003282290833167 -1.5978131329876364 -1.5967828254533207 -1.5961143775655338 -1.5954054324981333 -1.5935735056433966 -1.59053032818402 -1.5866759557604937 -1.582372755617325 -1.5784488386156275 -1.5755528071307634 -1.5716539468363104 -1.5677571883989352 -1.5625996475857324 -1.5519324343049588 -1.533743300614884 -1.5123175470250316 -1.4898042928466837 -1.468599638638924 -1.4487014579775006 -1.4294270590177152 -1.4117776730089542 -1.3948833668273746 -1.3790471365569006 -1.3641462403763003 -1.3496938844010336 -1.3367714224001244 -1.3235471165106216 -1.3114534497948198 -1.2994865800105846 -1.2888724791664878 -1.2841740181891452 -1.2837150130512376 -1.2894541033996867 -1.2956282714357015 -1.3024831893940536 -1.3119582116567765 -1.3178495026055315 -1.3254102719382954 -1.3367915667960748 -1.343305499959843 -1.3481416912558593 -1.3590867038031051 -1.3685541675597814 -1.3712999038728535 -1.3789657597122131 -1.3970256034720248 -1.3983958454246912 -1.4014111289898716 -1.4067399622880725 -1.4133467993554063 -1.4178888971719024 -1.4206318411134746 -1.4259293131447657 -1.4343322962868172 -1.438801145973033 -1.4408261433084595 -1.4444241828511664 -1.4527296638264 -1.4600976105308934 -1.4654483459759182 -1.469199477467361 -1.4740465163156313 -1.4818445296351133 -1.489359589107803 -1.4961462822397786 -1.5024154031896901 -1.5047036558965101 -1.510419143986285 -1.5192375110959588 -1.5305947965313291 -1.5399267786240824 -1.5422124940116562 -1.5371877757566457 -1.5458168094859686 -1.5573599329715557 -1.5645759411516271 -1.5694027236935075 -1.579407926082744 -1.5862995561627635 -1.5350224213728556 -1.5098512445867303 -1.498943071059679 -1.4923209339086667 -1.4877035237938723 -1.4842355510473275 -1.4815085560433385 -1.4792967499889655 -1.4759097737451607 -1.4679311602712422 -1.4638116384876272 -1.4629854290717137 -1.4629395701118335 -1.46311276463342 -1.4634438117225055 -1.4637948119413067 -1.4641157228094086 -1.4642232547661915 -1.4643997555115316 -1.464631759375676 -1.4648521650535518 -1.464988545928637 -1.4650809259525654 -1.465271817243998 -1.4654635159677092 -1.4658828173688014 -1.4660866044631564 -1.466307710862652 -1.4665453820592722 -1.4665270792820946 -1.4667441489985724 -1.4667459311325315 -1.4669852967122388 -1.466957087141528 
# Stellar luminosity-weighted [C/Fe]:
0 0.0 0.0 -0.0257411997149275 -0.034765156871258696 -0.06441637203891026 -0.08758732782498224 -0.09368178353996126 -0.676269898573997 -1.1247195887925718 -1.2446608939722634 -1.2855171392627245 -1.2930588738614652 -1.2869403260851424 -1.2751767994363241 -1.2597062873475524 -1.241573426458866 -1.2196316800106923 -1.1945186568680537 -1.1693173975677393 -1.1443660413654348 -1.1188254514717004 -1.0939327426985224 -1.0707154942940078 -1.0487599603136117 -1.021624082091574 -0.975007746777986 -0.911887813718762 -0.8482194599192217 -0.7903152027532707 -0.7393368541153961 -0.6946702751934655 -0.6551996483878283 -0.6197824382233035 -0.5861634256115561 -0.5507450197964683 -0.512815081122769 -0.47488933932061683 -0.4378451670014846 -0.4037700853492583 -0.37405844843546054 -0.34760582170676935 -0.3221245050279591 -0.29912050602647855 -0.2767297005173517 -0.25618246118967025 -0.2365418487684916 -0.21890925226671598 -0.20049295344142704 -0.1846101405671583 -0.17107318740969824 -0.15597491252484463 -0.14539984496478287 -0.1346499276326677 -0.129571865525706 -0.1217872994478938 -0.1146140854136547 -0.11226415163633396 -0.10436564897774492 -0.0977108113166334 -0.09731341885418743 -0.09042501660244673 -0.08286433470471799 -0.0812411687839919 -0.07755147098587323 -0.06932712966399424 -0.06577250337366869 -0.06897119425633735 -0.06703337682048915 -0.0637823545470847 -0.06711358041449156 -0.07301393782787768 -0.07249764918844226 -0.0701585859142857 -0.07261250073719439 -0.08017024639259529 -0.08149779549816105 -0.08023250960707984 -0.07959680793709378 -0.082012668414292 -0.08913629038216964 -0.09021271878996029 -0.08755043810571739 -0.08692455339423966 -0.09398495582762278 -0.10141538203383405 -0.10306942292623733 -0.10120945055069952 -0.0975845161906378 -0.09982111675752792 -0.11086692165947742 -0.11606588321892586 -0.11624155956337923 -0.11368643761834585 -0.11053049616970434 -0.11184191403430821 -0.12178755752336579 -0.12923880704034796 -0.130839851084394 -0.12964762650000505 -0.12587937025933638 -0.14361125093093663 -0.15492466734201826 -0.1613331014899887 -0.16611588877121197 -0.1700647205190401 -0.17348452818332627 -0.17653263939828612 -0.17929543495455147 -0.1841866804472828 -0.20158332812727986 -0.22153706979492316 -0.23361152463851464 -0.2421432976834167 -0.24861453533651967 -0.2557273287332129 -0.26083665237624354 -0.26466648404112514 -0.2657459789645923 -0.26762983163455045 -0.2699829281645245 -0.2719486753903084 -0.27309083112410104 -0.2736627076746776 -0.27540073275960597 -0.27711266577240234 -0.27995394305041155 -0.28177055260708705 -0.2831949464603781 -0.28413516989729704 -0.2847012200362167 -0.2859833745110325 -0.2860009895668695 -0.28716306004563774 -0.28722574561085956 
# Stellar luminosity-weighted [N/O]:
0 0.0 -1.1102230246251565e-16 -1.538450221699128 -1.8372374595971572 -1.6471014631529104 -1.0803132207371513 -0.48657163829466454 0.020121896064808298 0.3955120513767763 0.6693416349348573 0.8494165542722457 0.9434882771531108 0.9864538481914064 1.009957045987247 1.0294052741746804 1.0513458662693573 1.0835165444773955 1.1234202112181513 1.160102113295777 1.1888881554521467 1.1997667986568308 1.1990240467653417 1.1925764362263278 1.184056241841779 1.1712873534681152 1.1453941689455793 1.1019304462517436 1.0463239914618025 0.9798425605934653 0.9014770760750663 0.8078077273522006 0.6930822039767789 0.5428270171786509 0.33448670390729573 0.07040094994885837 -0.1692121632517578 -0.3468588855822048 -0.4523496252019217 -0.5112832813649444 -0.5610337592052281 -0.5844872833417707 -0.6048200013572791 -0.6190110345819859 -0.6341561877976203 -0.6627257102560797 -0.6777130152485333 -0.6527911606247405 -0.667348707077021 -0.6804222248473719 -0.6985176111056441 -0.7133566269254865 -0.7113294919611026 -0.7121973879023802 -0.7126624279205953 -0.7149763745782238 -0.703563938493162 -0.707483360608232 -0.698290919018189 -0.6912654805333018 -0.6979313107988374 -0.6909871265343741 -0.6856885156550365 -0.6822681083843163 -0.6758024467391632 -0.6699484825310991 -0.6769621795804219 -0.6793111464849104 -0.6701910550781354 -0.6798142747377323 -0.6528501775497446 -0.656796657425504 -0.6573938214772639 -0.6628624412803656 -0.6629716752091694 -0.6742121850799598 -0.6730524358986345 -0.6656166563111148 -0.6631528002546767 -0.6617598350105907 -0.6728968963516506 -0.6817733608142189 -0.7066467517465429 -0.7255603116529206 -0.6124289651928427 -0.6433556720215405 -0.6519106791649911 -0.657779954291364 -0.6617861102996239 -0.6523560933413046 -0.6691057354689651 -0.6774554293162864 -0.6737206025309004 -0.6525554527445185 -0.6547605860194665 -0.6609757170822332 -0.672694254182687 -0.6588449443735793 -0.6645291600532777 -0.6672184819982525 -0.6676157555788447 -0.1405462536028248 0.016084614719710455 0.08092608414829316 0.12151307599656103 0.15110421935506735 0.1743974479375816 0.1936197946980267 0.20996646913565908 0.23676094277473125 0.31606087685611073 0.3877140876490016 0.4248388331229956 0.4490815579784239 0.4664122648100636 0.4846127600304158 0.4970609498896361 0.5062422611611057 0.5088666162346582 0.5131573817324635 0.5184552407953493 0.5229278799126195 0.5256803357717739 0.5269631335065328 0.53084066063803 0.5344750395491803 0.5406133079170428 0.5444361280012384 0.5474602290773098 0.5495489423447231 0.5505585312504981 0.5532126331165663 0.5532196168623063 0.5556052238036266 0.555703059906126 
# Stellar luminosity-weighted [C/O]:
0 0.0 0.0 -1.1336766593613194 -1.2140552372047257 -1.0362771862071292 -0.7292741254963321 -0.6049943535122689 -0.4894578184399636 -0.2521884534614236 -0.06254738630609935 0.06558163575130466 0.1439565141073214 0.18863989226338346 0.21649300941611938 0.23745261935772416 0.2564882312630644 0.2781442916598524 0.3013674483964473 0.32193244555447265 0.34535053011220535 0.3702394958885875 0.39495134955927763 0.41840446555953337 0.4405729951095387 0.46788313415944216 0.5144379812951025 0.5772619086904343 0.6404480894936163 0.6978946437353395 0.74842999352057 0.7923072025180148 0.8313098216985144 0.866219315547061 0.8992488816752269 0.9336577516672367 0.9701407691637541 1.0063800742572138 1.0413818065380878 1.0734859791077476 1.1016200472922693 1.1260926905763946 1.1492129256107286 1.170628585998279 1.1913359973365076 1.21020894267788 1.2282028470562427 1.2443619189922557 1.2612416883197255 1.2753692717802523 1.2872683235436218 1.3009171178446925 1.3106741475901276 1.319977935295371 1.3246020706164696 1.3317816971383858 1.3383393623515054 1.3408276632657814 1.3482142288474261 1.3544459358537022 1.3540786573220758 1.3605930728955475 1.3674173568620227 1.3698521197780074 1.3733800820958644 1.3792844334646959 1.383141576101007 1.3807837512885948 1.381224979014432 1.38417276431223 1.3808629649508197 1.3758090675645784 1.375871957894983 1.3774733225707023 1.3748681255671935 1.3676369940007302 1.3659233639306658 1.367992006920243 1.3677036046025128 1.3657551329021502 1.3586768653950876 1.3574288258649074 1.359178058932487 1.3593972150087859 1.352744756564907 1.3461586502713816 1.3444457938069039 1.3465516812496288 1.348395266483764 1.3450399758844227 1.3359777684676184 1.332626362580187 1.3318093480806812 1.3231105389579254 1.3235953593289471 1.3425419747696488 1.3298545992639403 1.3205173434783712 1.3175875907566916 1.3172463117488904 1.3193768667362444 1.3059906632203133 1.2969875641039288 1.2916799317201777 1.2876367141898002 1.284256881079825 1.281305078117939 1.278657538667566 1.276246088794154 1.2719528717621096 1.2564895041052127 1.2384833085771345 1.2274825859108631 1.219670740592567 1.2137296408072797 1.2071832951035417 1.2024720227331112 1.1989355024868473 1.1979381048983462 1.1961961893891293 1.1940204500590559 1.1922015291077326 1.191142121832228 1.190612586342715 1.189002429194061 1.1874166896601115 1.184782373303085 1.1830990264699306 1.1817771139841877 1.180902064455382 1.180381666937191 1.1791929980375029 1.1791773875498914 1.1781004118422853 1.178044176478052 
# Stellar luminosity-weighted [O/Fe]:
0 0.0 0.0 1.107935459646392 1.179290080333467 0.9718608141682186 0.6416867976713496 0.5113125699723078 -0.18681208013403316 -0.8725311353311482 -1.182113507666164 -1.351098775014029 -1.4370153879687866 -1.475580218348526 -1.4916698088524434 -1.4971589067052766 -1.4980616577219306 -1.4977759716705448 -1.4958861052645007 -1.491249843122212 -1.48971657147764 -1.489064947360288 -1.4888840922578 -1.4891199598535414 -1.4893329554231503 -1.4895072162510161 -1.4894457280730886 -1.4891497224091963 -1.4886675494128379 -1.4882098464886102 -1.487766847635966 -1.4869774777114801 -1.4865094700863426 -1.4860017537703645 -1.485412307286783 -1.4844027714637051 -1.4829558502865232 -1.4812694135778308 -1.4792269735395722 -1.4772560644570059 -1.4756784957277298 -1.4736985122831638 -1.4713374306386877 -1.4697490920247576 -1.4680656978538593 -1.46639140386755 -1.4647446958247343 -1.4632711712589717 -1.4617346417611525 -1.4599794123474106 -1.45834151095332 -1.456892030369537 -1.4560739925549104 -1.454627862928039 -1.4541739361421755 -1.4535689965862795 -1.45295344776516 -1.4530918149021153 -1.4525798778251708 -1.4521567471703356 -1.4513920761762633 -1.4510180894979943 -1.4502816915667407 -1.4510932885619992 -1.4509315530817377 -1.4486115631286902 -1.4489140794746758 -1.4497549455449323 -1.4482583558349214 -1.4479551188593147 -1.4479765453653113 -1.4488230053924562 -1.448369607083425 -1.4476319084849878 -1.447480626304388 -1.4478072403933253 -1.447421159428827 -1.4482245165273229 -1.4473004125396065 -1.4477678013164423 -1.447813155777257 -1.4476415446548676 -1.4467284970382046 -1.4463217684030254 -1.4467297123925296 -1.4475740323052155 -1.4475152167331413 -1.4477611318003283 -1.4459797826744019 -1.4448610926419505 -1.446844690127096 -1.448692245799113 -1.4480509076440604 -1.4367969765762714 -1.4341258554986516 -1.4543838888039569 -1.4516421567873063 -1.4497561505187193 -1.4484274418410856 -1.4468939382488955 -1.4452562369955808 -1.4496019141512502 -1.451912231445947 -1.4530130332101663 -1.453752602961012 -1.454321601598865 -1.454789606301265 -1.4551901780658525 -1.4555415237487055 -1.4561395522093923 -1.4580728322324925 -1.4600203783720576 -1.4610941105493778 -1.4618140382759837 -1.4623441761437992 -1.4629106238367546 -1.4633086751093547 -1.4636019865279724 -1.4636840838629386 -1.4638260210236798 -1.4640033782235804 -1.4641502044980412 -1.464232952956329 -1.4642752940173926 -1.4644031619536673 -1.4645293554325138 -1.4647363163534963 -1.4648695790770176 -1.4649720604445657 -1.4650372343526794 -1.4650828869734076 -1.4651763725485354 -1.4651783771167608 -1.4652634718879232 -1.4652699220889116 
# Stellar luminosity-weighted [Ca/Fe]:
0 0.0 0.0 0.6164863987290118 0.6764024655208827 0.51508043690325 0.2997213267618103 0.2294063530566962 -0.05645215531733938 -0.14642716557443447 -0.15987868291669804 -0.1641666908947137 -0.16581292048840623 -0.1665249378573841 -0.16686736287595383 -0.16698058886403966 -0.16701082889127394 -0.16701060824097658 -0.16703659818664618 -0.16703567323449864 -0.16702351278693928 -0.1670330685293291 -0.1670323883383653 -0.1670214384784119 -0.16702805418317745 -0.1670267880878904 -0.1670281579042845 -0.16702537387973693 -0.1670261034831082 -0.1670167830709539 -0.16702491761224736 -0.16701268704498595 -0.16700438047414012 -0.16703852520839835 -0.16703394489539725 -0.16701949859035636 -0.16701217544915292 -0.16702427091575744 -0.16615839355030526 -0.1658914417473667 -0.1680677316669157 -0.16766532736013873 -0.1673511229648177 -0.16702426222558797 -0.16687755177157215 -0.16687645024684672 -0.16718959515244047 -0.16717042129968007 -0.16709606547593925 -0.16701609153695962 -0.1670239121298056 -0.1670244234182463 -0.1670343829500729 -0.16701699294974093 -0.16701328942458948 -0.16706252226135 -0.16709584342239236 -0.167090605429006 -0.16703613719254728 -0.1669574747630691 -0.1670292808084859 -0.16694022841567469 -0.16696885309661957 -0.16699801542007764 -0.1669511520215896 -0.16702007728428359 -0.16719792113075282 -0.1669506318682883 -0.16697159830166308 -0.1670318673434692 -0.16703304232185756 -0.16703708642015402 -0.1670142025851309 -0.16697785945816923 -0.16696238064772095 -0.1669830939670509 -0.16699098747920638 -0.16699726633669298 -0.16701541949821408 -0.16701455416237976 -0.16699710360346942 -0.1669898994575192 -0.1670054637288627 -0.16697814830689195 -0.16696973552963223 -0.16704353300716157 -0.1670237619295074 -0.1670427056835202 -0.16683492723171356 -0.1671056503485593 -0.16708051187613937 -0.16708142673838444 -0.1669804822451133 -0.16698945932590448 -0.16701069659396306 -0.1669861984619545 -0.16694001057691388 -0.16692405367272012 -0.16698517435999993 -0.16708404104939523 -0.16702135717021926 -0.16701381156255568 -0.1670083895060135 -0.16700626921964012 -0.1670052298992979 -0.16700463860780612 -0.16700426526128953 -0.16700400120074144 -0.167003793626618 -0.16700349737423892 -0.16700260671590894 -0.1670014242666502 -0.1670005417545799 -0.16699984840059723 -0.16699933252860588 -0.1669987041172869 -0.1669982193335493 -0.166997883849634 -0.16699780189459879 -0.16699761213771036 -0.16699739609118058 -0.16699723002195066 -0.16699712188553884 -0.1669970573950441 -0.1669969108622018 -0.16699674819950627 -0.1669965324565963 -0.1669963851265548 -0.16699627071480005 -0.1669961799646349 -0.1669961800148536 -0.1669961165096976 -0.1669961234857127 -0.16699608644906871 -0.16699610132072062 
# Stellar luminosity-weighted [Ne/Fe]:
0 -5.551115123125783e-17 -1.6653345369377348e-16 0.9628615422932396 1.0334477690007318 0.8581051242434818 0.5954697742849624 0.4528013800377626 -0.26031145119995136 -1.0198922682905345 -1.450492113586471 -1.7768093497253017 -2.027041901698123 -2.2029227495919663 -2.3057376617197862 -2.362107794271428 -2.383782283982342 -2.389470578250733 -2.3911597401984785 -2.3875801635941682 -2.3841234915970304 -2.3821555168953674 -2.3806732594344595 -2.3798679237769997 -2.379228841585885 -2.3784974457325516 -2.377391544855295 -2.3755918083529295 -2.374121820158731 -2.372437238343938 -2.369297565729408 -2.3659315093185036 -2.3627156128652462 -2.361319603504464 -2.3586934444353362 -2.350777989570187 -2.338487414061965 -2.325013880821873 -2.3075333524331545 -2.2909132660125526 -2.275865832264402 -2.261585734917925 -2.2491682875017016 -2.23605077828096 -2.2236639159852447 -2.211626556615361 -2.200273729216986 -2.1897414509213555 -2.178154565179205 -2.1690695978801684 -2.162434896311618 -2.1515625872330384 -2.1452342293949562 -2.1370739770775886 -2.136921834737157 -2.1299221931985497 -2.1220714907325697 -2.1188442214793697 -2.1150820348305057 -2.082118791332862 -2.076221372874535 -2.1376386115340402 -2.1197322055092718 -2.106428817875211 -2.1018309610634254 -2.0896518146688634 -2.088160739290071 -2.0889520309304985 -2.0904320726155516 -2.0892329321212104 -2.0956606402721962 -2.099200627958399 -2.103616504221403 -2.101639769076927 -2.1075350726013435 -2.111968732867493 -2.117167598222188 -2.1161648569563307 -2.1204543831952463 -2.1243208385710775 -2.132611942464191 -2.132815514304769 -2.1354780625065226 -2.135349912408052 -2.1435238006370185 -2.1508522060999975 -2.1609442444720686 -2.1562088708227183 -2.160252507756299 -2.162240791302116 -2.1686649526690065 -2.1726331764065905 -2.179006146893298 -2.1794994525979847 -2.182740315988662 -2.1860411037188583 -2.1958620436624727 -2.1984967476865895 -2.2054796039506144 -2.2038641904011915 -2.2049089543476934 -2.1936967400278897 -2.188345098724901 -2.1864144221331343 -2.1855294440000863 -2.185122422030523 -2.184975481413308 -2.1849862927073076 -2.1850970459241936 -2.1854978668492997 -2.1884573285451303 -2.193583938044974 -2.1971566191737706 -2.1997955234438855 -2.2018406714367256 -2.2041032362914716 -2.205741575443466 -2.2069762170665563 -2.2073352576397127 -2.20793849993247 -2.2087052268462517 -2.2093561412711207 -2.20971593247956 -2.2099119399521654 -2.2104726846869145 -2.211030214895529 -2.211992424478762 -2.2125860135351685 -2.2130645257811485 -2.2133936864325143 -2.2135747250433133 -2.2140226828282454 -2.214029908061685 -2.2144561416087316 -2.214469056923006 
# Stellar luminosity-weighted [Si/Fe]:
0 1.0408340855860843e-16 8.673617379884035e-18 0.9158541791651446 0.9858093300766569 0.8179696485921408 0.5892945949061256 0.5112510654380846 0.042565448619274526 -0.17561666216022342 -0.21529723973120038 -0.22857190920406717 -0.2337545244532575 -0.23585087450555586 -0.23673532316793863 -0.23705441503332753 -0.23717301244075203 -0.23720612417643794 -0.23719205065139176 -0.2371896801297242 -0.23717877714674354 -0.23717695275765294 -0.2371764106181369 -0.23718175819712584 -0.23718122342065276 -0.23717158620027307 -0.2371729328917806 -0.23716907564320738 -0.23716386025647263 -0.23716082251786122 -0.23716403306944647 -0.2371739562381906 -0.23716988839757763 -0.23716278157549864 -0.23714913392505255 -0.23713651302732727 -0.23712309260745046 -0.2371181438898982 -0.23709858277281667 -0.23710711015159672 -0.23708879276103298 -0.23707036765827408 -0.23705042563341233 -0.2370433681696116 -0.23703230687706783 -0.23699851311780626 -0.23698847153482647 -0.23697418267035408 -0.2369688922774856 -0.23696839277010145 -0.23695646311414706 -0.23693423198495983 -0.23690422516839604 -0.236915119752404 -0.2369366492028381 -0.23695881773253305 -0.23696717972105033 -0.23699224877884995 -0.23698782004371116 -0.2370130088612692 -0.23701717951617088 -0.23704272727491965 -0.23704026210480472 -0.23707454477821474 -0.2370788027002337 -0.23710209590735823 -0.23710022168661074 -0.23712241545727022 -0.23711315879872402 -0.23712404010348706 -0.23711401774230256 -0.237132664080409 -0.23712390333030642 -0.237142205258649 -0.23713167171625435 -0.23714256839065254 -0.23712957047425118 -0.2371463853371941 -0.23713065253147192 -0.23714556880986143 -0.23713224251050355 -0.23714613076273675 -0.23715205908059261 -0.23714855061494503 -0.23714877058652564 -0.23717942801167274 -0.23713300945678267 -0.23713053774980686 -0.23712494432935313 -0.23714078234474045 -0.23719271435568676 -0.23718594230894363 -0.23716220937733912 -0.23717308498932116 -0.23715966141742134 -0.23718207224327775 -0.2371935705874244 -0.23713696088782554 -0.23717380823612325 -0.23723378003735462 -0.2372010035876069 -0.2371624798804102 -0.23713971502439987 -0.23712881469893612 -0.23712179336247935 -0.23711664349066505 -0.23711258638645152 -0.2371092432435996 -0.2371064060621858 -0.23710177083624936 -0.23708824122128191 -0.23707624259125423 -0.2370700647315149 -0.23706603432340898 -0.23706317809424668 -0.23706011821625392 -0.23705801278832261 -0.23705651214530213 -0.23705616482697675 -0.23705538206129517 -0.2370545033474702 -0.23705385387616365 -0.2370533943333152 -0.23705325195753296 -0.2370526083946737 -0.23705199126827997 -0.23705118869428685 -0.23705060483903936 -0.23705020864523754 -0.23705002450074072 -0.23704986729523123 -0.23704964608995688 -0.23704965501166123 -0.23704957626492626 -0.2370495549034082 
# Stellar luminosity-weighted [S/Fe]:
0 1.1102230246251565e-16 0.0 0.8407972894188531 0.9093679205615048 0.7508960069598208 0.5393079619112643 0.46177535480457244 0.01037786381680944 -0.19143983886721505 -0.22724241694868674 -0.23914967649704566 -0.24380021943678065 -0.24569512761580936 -0.2465037460166688 -0.24678951500391244 -0.24689442856935429 -0.24692271333702331 -0.24690116866493395 -0.2468985847506311 -0.2468991118223166 -0.2468926155286203 -0.24688449429339043 -0.24688089177122619 -0.246882846417125 -0.24688227973116372 -0.2468731930037279 -0.24686773439135057 -0.2468463089189209 -0.246846706583847 -0.24685613323957445 -0.2468663017242494 -0.2468752711061496 -0.2468555168907287 -0.24683946929301448 -0.24684046932676595 -0.24682461290021207 -0.24682135360694857 -0.24681937646556495 -0.24686132396448968 -0.24684560440706127 -0.24683983308376334 -0.246815990907309 -0.24681111792954513 -0.24680850963612055 -0.2468132214692409 -0.246801561373709 -0.24679137118687233 -0.24680126939985025 -0.24680754029187224 -0.2468089141008427 -0.24678900024068684 -0.24679591989782979 -0.24679366501334443 -0.24678786685980159 -0.24678693542783825 -0.24677438119379302 -0.24677477074468268 -0.246785261408751 -0.24678474993054778 -0.24677391966065687 -0.24677751571073614 -0.24678058784879686 -0.2467953206043514 -0.24675693394393416 -0.2466840466010608 -0.24665704586524917 -0.24684888504578362 -0.2468119845032778 -0.246851819887279 -0.24685796412764938 -0.24671439132293715 -0.2467038426548902 -0.24671759687314432 -0.24675133553407191 -0.24676744783520976 -0.24672944893113546 -0.24672383771235185 -0.24675397290014334 -0.2467527145553997 -0.2467246878143292 -0.24674934945802252 -0.24675084471431863 -0.24674694285177434 -0.2467660059224731 -0.2467760814635126 -0.2467280043079627 -0.24674603564091435 -0.24669755863429543 -0.24669832943992276 -0.2467960757654264 -0.24679938975233828 -0.24670733602333084 -0.2467237783984919 -0.24668233007162443 -0.24674928811115704 -0.24674527123729018 -0.24670366061489624 -0.24669364230132196 -0.24678602067720556 -0.2467704996465928 -0.24675689412671908 -0.24675189284181764 -0.24675086303326077 -0.24675070843072533 -0.24675082217866695 -0.24675102252378334 -0.246751243526533 -0.24675146241239043 -0.24675185720214798 -0.24675301335962108 -0.2467534733425234 -0.2467532533398843 -0.24675288919239624 -0.24675258369276654 -0.24675215220384705 -0.24675181306611205 -0.24675156536245246 -0.24675154273760014 -0.24675136086766825 -0.24675120659638827 -0.24675112558750967 -0.2467510021470436 -0.2467509918623586 -0.24675086024683102 -0.24675073975890371 -0.24675065043962996 -0.24675058043673725 -0.24675052775409656 -0.24675047955535656 -0.2467505490800731 -0.246750606651022 -0.24675061954346456 -0.24675074328879687 -0.24675077139600532 
# Stellar luminosity-weighted [C/H]:
0 -5.020118651116162 -6.335823806354286 -6.063559745227179 -4.095493729090992 -3.172207287447409 -2.655284668010828 -2.3956497445307017 -2.1907059683212173 -1.8080909185620069 -1.418616534610515 -1.0312143755491423 -0.6557342481672004 -0.32451058223689655 -0.07915127648663489 0.06603830581144798 0.13761304633282467 0.17437000713305428 0.19882803153891304 0.21795119493644322 0.23512133340232655 0.25229295553162423 0.2687842312867468 0.2841353271601639 0.29799303804256816 0.3174383369528013 0.3573614221719348 0.415013499232042 0.47307059189834755 0.5256488965970427 0.5716997157596935 0.61178628802495 0.6468619594267233 0.6778152036256575 0.7067881133220997 0.7388038157289762 0.7758700369508209 0.8131171519385325 0.8481960178995149 0.8816238635371212 0.9115529730107195 0.9365141850015641 0.9620779182127959 0.9840488270769598 1.0058546891859876 1.0259955007988557 1.0444756858405846 1.0620248173894744 1.0792821525504195 1.0949042010991903 1.107474599557782 1.1213574890363485 1.1334984368388912 1.142232263422283 1.1481880242972342 1.154100509242614 1.1596366049743998 1.1649817050326874 1.1700499351121612 1.1747699628405721 1.1793863046463686 1.1838495614693874 1.1887476180220031 1.1931205865488757 1.1966569351870784 1.2005698224802286 1.203884263453336 1.2046451686734794 1.202970731896328 1.2007014428428042 1.1975211510703931 1.194397972847817 1.1907640552382577 1.186529244248335 1.1832014871266128 1.1808509870540274 1.1771445160317087 1.171987198334382 1.1681255213970707 1.1687493008315322 1.1643825526639295 1.1599646066946137 1.155983161610016 1.15206074273474 1.1484602481879098 1.1452360960330128 1.1414638987799606 1.137383114248511 1.1336909889030529 1.1301600333765247 1.1272120126194598 1.123866718052072 1.1201106450964455 1.1165108722548247 1.1128385656341253 1.109386044072854 1.1063649455800237 1.103389023799577 1.1000144855341412 1.0961443700771678 1.0931636405243554 1.086215215750038 1.079997842053586 1.075632386126431 1.0720246697477531 1.068861224779592 1.0660079459331633 1.0633876555358528 1.0609567144539964 1.0565352409393856 1.0398956911896255 1.0195227532638191 1.0066591502462114 0.9974025602267869 0.9903436550029308 0.9825090198035973 0.9768809443658673 0.972666031934105 0.9715229236491538 0.9694033189484461 0.9668376020295195 0.9646871258367291 0.9634353079313458 0.9628096854675743 0.9609420540073401 0.9590218993103798 0.9560489862662367 0.9541088234215511 0.9525743422802129 0.951574505702458 0.9511251969559691 0.9498409580478833 0.949882078745897 0.9488178401221976 0.948774942313773 
# Stellar luminosity-weighted [N/H]:
0 -5.02011865111616 -6.335823806354286 -6.468333307564988 -4.718675951483423 -3.78303156439319 -3.006323763251647 -2.2772270293130985 -1.681126253816445 -1.1603904137238068 -0.6867275133695578 -0.24737945702820152 0.14379751487858883 0.4733033736911261 0.7143127600844927 0.8579909606284044 0.9324706813391175 0.9797422599505974 1.0208807943606173 1.0561208626777474 1.0786589587422681 1.0818202582998673 1.072856928492811 1.0583072978269583 1.0414762847748085 1.0208425562614747 0.9883176098224116 0.9396820367933514 0.8789464938665339 0.8075968134551683 0.7247467983141895 0.6272868128591358 0.5086343417049877 0.3544229052572474 0.14202593555416865 -0.12445298598940191 -0.36348289546469115 -0.5401218079008867 -0.6455354138404941 -0.7031453969355708 -0.7511008334867784 -0.7740657889166007 -0.7919550087552114 -0.8055907935033044 -0.8196374959481405 -0.8469391521351035 -0.8614401764641908 -0.8351282622275216 -0.8493082428463268 -0.8608872955284337 -0.8783113350914835 -0.8929162557338302 -0.8885052027123397 -0.8899430597754678 -0.8890764742398307 -0.8926575624739952 -0.8822666958702676 -0.8833293188413265 -0.8764552127534548 -0.8709414535464317 -0.8726236634745446 -0.8677306379605341 -0.8643582544950563 -0.8589996416134484 -0.8525255936479494 -0.8486630935155661 -0.8562194922280932 -0.8554497291000258 -0.8484453021962395 -0.8632855962071577 -0.8361919914301712 -0.8382077521422655 -0.8425017241339887 -0.8538065196027329 -0.8546383136497502 -0.8609981920266634 -0.8618312837975921 -0.8616214648969756 -0.8627308834601184 -0.8587656670812089 -0.8671912090828089 -0.8792375799845127 -0.9098416490690147 -0.9328967839269664 -0.8167134735698403 -0.8442782262599087 -0.8548925741919344 -0.8669485212924819 -0.8764903878803345 -0.867236035849202 -0.8778714913171237 -0.8862150738444008 -0.8854193055151365 -0.8591551194476192 -0.8655173797142881 -0.8941316477790284 -0.8961839078666038 -0.8759732640523739 -0.8821022652758286 -0.8883204236699749 -0.8938289817907332 -0.3603217010731008 -0.20090510733063205 -0.13512146144545323 -0.09409896844548538 -0.06429143694516526 -0.04089968424719448 -0.02165008843368632 -0.005322905204498518 0.021343311952007227 0.09946706394052462 0.16875353233568635 0.20401539745834407 0.2268133776126433 0.24302627900571405 0.2599384847304713 0.27146987152239177 0.27997279060836355 0.2824514349854663 0.2863645112917803 0.29127239276581296 0.2954134766416159 0.2979735218708912 0.2991602326313916 0.30278028545130864 0.3060802491994483 0.31187992088019456 0.31544592495285917 0.3182574573733352 0.3202213835917993 0.3213020612692761 0.3238605931269465 0.32392430805831207 0.32632265208353894 0.32643382574184665 
# Stellar luminosity-weighted [O/H]:
0 -5.02011865111616 -6.335823806354286 -4.92988308586586 -2.881438491886266 -2.1359301012402794 -1.9260105425144953 -1.7906553910184337 -1.7012481498812537 -1.5559024651005835 -1.3560691483044156 -1.096796011300448 -0.7996907622745217 -0.51315047450028 -0.2956442859027546 -0.17141431354627645 -0.11887518493023963 -0.10377428452679816 -0.10253941685753398 -0.10398125061802954 -0.11022919670987852 -0.1179465403569635 -0.12616711827253058 -0.1342691383993695 -0.14257995706697102 -0.1504447972066405 -0.15707655912316776 -0.16224840945839247 -0.1673774975952682 -0.1722457471382972 -0.17673027776087658 -0.18052091449306484 -0.18444786227179133 -0.1884041119214035 -0.19246076835312653 -0.19485393593826084 -0.1942707322129329 -0.1932629223186817 -0.19318578863857283 -0.19186211557062594 -0.19006707428154934 -0.18957850557483047 -0.18713500739793254 -0.18657975892131917 -0.18548130815052 -0.18421344187902422 -0.1837271612156579 -0.18233710160278127 -0.18195953576930624 -0.18046507068106132 -0.17979372398584026 -0.17955962880834386 -0.17717571075123661 -0.17774567187308854 -0.17641404631923496 -0.17768118789577203 -0.17870275737710584 -0.175845958233094 -0.17816429373526477 -0.1796759730131301 -0.17469235267570715 -0.17674351142616018 -0.17866973884001958 -0.1767315332291317 -0.17672314690878643 -0.17871461098446684 -0.17925731264767109 -0.17613858261511606 -0.17825424711810411 -0.18347132146942569 -0.18334181388042703 -0.18141109471676176 -0.18510790265672572 -0.19094407832236682 -0.19166663844058096 -0.18678600694670333 -0.18877884789895738 -0.19600480858586122 -0.19957808320544235 -0.1970058320706185 -0.19429431273115805 -0.19746421917029355 -0.2031948973224713 -0.2073364722740454 -0.20428450837699685 -0.2009225542383679 -0.20298189502694308 -0.20916856700111763 -0.2147042775807111 -0.21487994250789821 -0.20876575584815882 -0.20875964452811457 -0.21169870298423632 -0.20659966670310093 -0.2107567936948218 -0.23315593069679474 -0.2234896536839166 -0.2171283196787943 -0.21757310522255047 -0.22110194167172237 -0.22621322621188877 -0.21977544747027533 -0.2169897220503425 -0.21604754559374673 -0.2156120444420475 -0.21539565630023327 -0.21529713218477609 -0.2152698831317137 -0.21528937434015738 -0.21541763082272425 -0.21659381291558732 -0.21896055531331537 -0.22082343566465124 -0.22226818036578022 -0.2233859858043492 -0.22467427529994444 -0.2255910783672439 -0.22626947055274194 -0.2264151812491928 -0.22679287044068275 -0.22718284802953637 -0.22751440327100392 -0.2277068139008822 -0.22780290087514077 -0.22806037518672095 -0.22839479034973165 -0.22873338703684842 -0.22899020304837947 -0.2292027717039744 -0.229327558752924 -0.2292564699812214 -0.22935203998961962 -0.22929530880399396 -0.22928257172008815 -0.22926923416427902 
# Stellar luminosity-weighted [Mg/H]:
0 -5.02011865111616 -6.335823806354286 -5.148415355108506 -3.102615044285306 -2.327404472884056 -2.0419066379946686 -1.8758838842078402 -1.7759207483677208 -1.6362333966736955 -1.447650057739315 -1.2002309522666064 -0.9139821713644753 -0.6367300286879587 -0.42739227599835594 -0.3088139154096581 -0.2587743376256286 -0.24054984380794409 -0.23221413967785498 -0.2276153278508204 -0.2261735460811236 -0.22920982207999252 -0.23509615900236724 -0.24193200399914883 -0.24936137920935408 -0.25634301345375743 -0.2612043366934751 -0.26362901523321636 -0.2653859039429243 -0.2664086562670116 -0.2674122687405376 -0.2690962439123483 -0.2695923390217585 -0.27015954654997376 -0.2696481086520759 -0.2623835987795138 -0.2450581825412934 -0.22431105576588273 -0.20376310794568386 -0.18320568975254492 -0.1630900365313206 -0.14530705230938157 -0.12757524976819923 -0.11171403372393574 -0.09646274685356104 -0.08196827838777487 -0.06867634979195714 -0.05583735274393398 -0.043772010518774884 -0.031939108128471005 -0.020938793043104198 -0.011540077605293853 -0.005275736385471852 -0.006832821996287208 -0.011694213576745938 -0.01974046274519381 -0.02823249900600011 -0.0347123549877546 -0.043433918515625614 -0.05292949778108991 -0.06009184329551864 -0.06903092188800919 -0.07652973852913814 -0.08472494847023793 -0.09434576138682971 -0.10140295172863034 -0.10930899288520823 -0.12340924054220803 -0.12839173670787396 -0.13692733159998305 -0.14210523080318715 -0.1459348886797125 -0.15462719274520254 -0.16394401095085342 -0.17011532528095774 -0.17331106284019437 -0.18015883444316394 -0.18860643536699762 -0.19670185351700198 -0.20196769458057684 -0.2065787674847943 -0.21527102049134417 -0.22566587775162805 -0.2350612201866511 -0.23939932561958077 -0.24270811104095547 -0.2516129605335804 -0.26382283839047993 -0.2734281508028191 -0.28043799385223256 -0.2811585768170213 -0.29066219526033077 -0.3035745739642586 -0.3120151841384855 -0.31381871395281635 -0.3245888513788069 -0.3292074298681662 -0.33194811031170257 -0.33854838707497237 -0.35361592950557164 -0.36725654537907104 -0.30519595469188143 -0.2749287351911258 -0.26197758344325983 -0.2541803753897014 -0.24877757849524063 -0.2447430769308374 -0.2415882611091993 -0.2390446005804181 -0.23518785235849293 -0.2264521409543363 -0.222751815428885 -0.22271475418698738 -0.22339371220162985 -0.22415457429397012 -0.2252074631856953 -0.22607721519919632 -0.2267832068341784 -0.22695435215244508 -0.22736660492853478 -0.227811229181631 -0.22821636382651445 -0.22846240687319064 -0.22860853281031357 -0.22892903047705193 -0.229328950884927 -0.22987988805215398 -0.23020722843451846 -0.230538422122061 -0.23083570645951657 -0.2307006622899097 -0.23091981643965642 -0.2308628628197651 -0.23100439654440308 -0.23095639921689592 
# Stellar luminosity-weighted [Fe/H]:
0 -5.02011865111616 -6.335823806354286 -6.037818545512252 -4.060728572219732 -3.1077909154084997 -2.5676973401858447 -2.3019679609907415 -1.5144360697472194 -0.6833713297694359 -0.1739556406382512 0.2543027637135813 0.6373246256942648 0.9624297438482463 1.196025522949689 1.3257445931590008 1.379186472791691 1.3940016871437466 1.3933466884069667 1.3872685925041823 1.3794873747677614 1.3711184070033244 1.3627169739852691 1.3548508214541721 1.3467529983561795 1.3390624190443754 1.3323691689499206 1.3269013129508043 1.3212900518175692 1.3159640993503134 1.3110365698750894 1.3064565632184153 1.3020616078145513 1.2975976418489608 1.2929515389336559 1.2895488355254443 1.28868511807359 1.2880064912591491 1.2860411849009994 1.2853939488863793 1.28561142144618 1.2841200067083336 1.284202423240755 1.2831693331034382 1.2825843897033393 1.2821779619885256 1.2810175346090764 1.2809340696561904 1.2797751059918472 1.2795143416663488 1.2785477869674802 1.277332401561193 1.278898281803674 1.276882191054951 1.2777598898229403 1.2758878086905074 1.2742506903880542 1.2772458566690212 1.2744155840899056 1.2724807741572057 1.2766997235005562 1.274274578071834 1.2716119527267216 1.2743617553328672 1.2742084061729515 1.2698969521442227 1.2696567668270045 1.2736163629298165 1.270004108716817 1.2644837973898886 1.2646347314848847 1.2674119106756945 1.2632617044267 1.2566878301626208 1.255813987863807 1.2610212334466224 1.2586423115298695 1.252219707941462 1.2477223293341644 1.2507619692458238 1.2535188430460988 1.2501773254845738 1.2435335997157329 1.23898529612898 1.2424452040155325 1.2466514780668474 1.2445333217061982 1.2385925647992102 1.2312755050936905 1.2299811501340527 1.2380789342789376 1.239932601270998 1.2363522046598248 1.2301973098731702 1.2233690618038295 1.2212279581071623 1.2281525031033893 1.2326278308399248 1.2308543366185352 1.2257919965771724 1.2190430107836923 1.2298264666809748 1.2349225093956044 1.2369654876164193 1.2381405585189649 1.2389259452986314 1.2394924741164894 1.2399202949341386 1.240252149408548 1.240721921386668 1.2414790193169059 1.2410598230587424 1.2402706748847265 1.2395458579102034 1.2389581903394502 1.2382363485368102 1.2377175967421103 1.23733251597523 1.2372689026137462 1.2370331505829966 1.236820530194044 1.2366358012270373 1.2365261390554467 1.2364723931422517 1.2363427867669463 1.2361345650827822 1.2360029293166477 1.2358793760286382 1.2357692887405909 1.2357096755997552 1.235826416992186 1.2358243325589156 1.2358830683127664 1.235980900167835 1.2360006879246326 
# Stellar luminosity-weighted [Ca/H]:
0 -5.02011865111616 -6.335823806354286 -5.421332146783239 -3.3843261066988504 -2.59271047850525 -2.267976013424035 -2.072561607934044 -1.57088822506456 -0.8297984953438702 -0.33383432355494946 0.09013607281886848 0.4715117052058586 0.7959048059908618 1.0291581600737354 1.1587640042949614 1.2121756439004168 1.2269910789027696 1.2263100902203208 1.2202329192696837 1.2124638619808223 1.2040853384739956 1.1956845856469034 1.1878293829757594 1.1797249441730022 1.1720356309564854 1.1653410110456361 1.1598759390710667 1.154263948334461 1.1489473162793589 1.1440116522628427 1.1394438761734298 1.1350572273404111 1.130559116640562 1.1259175940382589 1.122529336935088 1.1216729426244374 1.1209822203433921 1.119882791350694 1.1195025071390123 1.1175436897792643 1.1164546793481946 1.116851300275938 1.1161450708778506 1.1157068379317678 1.115301511741679 1.1138279394566366 1.1137636483565103 1.112679040515908 1.1124982501293896 1.1115238748376752 1.1103079781429468 1.111863898853601 1.1098651981052097 1.1107466003983504 1.1088252864291581 1.1071548469656616 1.1101552512400152 1.107379446897359 1.1055232993941368 1.109670442692071 1.107334349656159 1.1046430996301009 1.1073637399127891 1.107257254151362 1.1028768748599393 1.102458845696252 1.1066657310615282 1.1030325104151535 1.0974519300464198 1.0976016891630271 1.1003748242555407 1.0962475018415692 1.089709970704452 1.0888516072160863 1.0940381394795713 1.0916513240506625 1.0852224416047687 1.0807069098359499 1.0837474150834447 1.08652173944263 1.083187426027055 1.0765281359868704 1.072007147822088 1.0754754684858998 1.0796079450596858 1.0775095597766908 1.0715498591156898 1.0644405778619763 1.062875499785494 1.0709984224027984 1.0728511745326141 1.0693717224147115 1.0632078505472657 1.0563583652098663 1.0542417596452074 1.0612124925264759 1.0657037771672044 1.063869162258535 1.0587079555277779 1.0520216536134726 1.0628126551184192 1.0679141198895907 1.0699592183967788 1.0711353286196674 1.0719213066908253 1.0724882088551997 1.072916293733397 1.0732483557819306 1.0737184240124291 1.0744764126009967 1.0740583987920926 1.0732701331301469 1.0725460095096064 1.071958857810844 1.071237644419523 1.0707193774085608 1.0703346321255962 1.0702711007191468 1.0700355384452864 1.0698231341028634 1.0696385712050862 1.0695290171699083 1.0694753357472075 1.0693458759047445 1.0691378168832752 1.0690063968600514 1.0688829909020834 1.0687730180257917 1.0687134956351203 1.0688302369773321 1.0688282160492175 1.068886944827054 1.0689848137187665 1.0690045866039126 
# Stellar luminosity-weighted [Ne/H]:
0 -5.02011865111616 -6.335823806354286 -5.074957003219012 -3.0272808032190017 -2.2496857911650174 -1.9722275659008828 -1.8491665809529785 -1.7747475209471713 -1.7032635980599702 -1.6244477542247227 -1.52250658601172 -1.389717276003858 -1.240493005743721 -1.1097121387700977 -1.0363632011124277 -1.0045958111906517 -0.9954688911069862 -0.9978130517915114 -1.000311571089986 -1.0046361168292695 -1.011037109892043 -1.0179562854491904 -1.0250171023228285 -1.0324758432297045 -1.0394350266881762 -1.0450223759053738 -1.0486904954021252 -1.0528317683411617 -1.056473138993625 -1.0582609958543188 -1.0594749461000887 -1.0606540050506945 -1.063721961655503 -1.06574190550168 -1.0612291540447423 -1.0498022959883748 -1.0370073895627234 -1.0214921675321547 -1.005519317126173 -0.9902544108182214 -0.9774657282095918 -0.9649658642609467 -0.952881445177522 -0.9410795262819054 -0.9294485946268347 -0.9192561946079092 -0.9088073812651656 -0.8983794591873577 -0.8895552562138187 -0.8838871093441378 -0.8742301856718457 -0.8663359475912831 -0.8601917860226376 -0.8591619449142165 -0.8540343845080418 -0.8478208003445156 -0.8415983648103484 -0.8406664507405992 -0.8096380171756561 -0.799521649373979 -0.8633640334622061 -0.8481202527825502 -0.8320670625423432 -0.8276225548904739 -0.8197548625246407 -0.8185039724630663 -0.8153356680006816 -0.8204279638987346 -0.8247491347313218 -0.8310259087873115 -0.8317887172827048 -0.840354799794703 -0.8449519389143054 -0.8517210847375365 -0.8509474994208697 -0.8585252866923181 -0.8639451490148691 -0.8727320538610819 -0.8735588693252536 -0.8790930994180917 -0.8826381888201951 -0.8919444627907893 -0.8963646162790715 -0.9010785966214865 -0.9042007280331505 -0.9164109227658699 -0.9176163060235085 -0.9289770026626085 -0.9322596411680637 -0.9305860183900689 -0.9327005751355921 -0.9426539422334734 -0.9493021427248145 -0.9593712541848323 -0.9648131456116964 -0.967709540559083 -0.9658689168466648 -0.9746252673320797 -0.9780721938240182 -0.9858659435640007 -0.9638702733469149 -0.9534225893292971 -0.949448934516715 -0.9473888854811205 -0.9461964767318918 -0.9454830072968186 -0.9450659977731686 -0.9448448965156455 -0.9447759454626317 -0.9469783092282249 -0.9525241149862316 -0.9568859442890449 -0.9602496655336825 -0.9628824810972754 -0.965866887754661 -0.968023978701356 -0.9696437010913268 -0.9700663550259669 -0.970905349349473 -0.9718846966522072 -0.9727203400440825 -0.9731897934241127 -0.9734395468099137 -0.9741298979199691 -0.9748956498127468 -0.9759894951621133 -0.9767066375065303 -0.9772952370405568 -0.9776840108327587 -0.9777483080511278 -0.9781983502693299 -0.978146839748919 -0.9784752414408961 -0.9784683689983735 
# Stellar luminosity-weighted [Si/H]:
0 -5.02011865111616 -6.335823806354286 -5.1219643663471075 -3.0749192421430767 -2.2898212668163582 -1.9784027452797206 -1.7907168955526567 -1.4718706211279455 -0.8589879919296584 -0.38925288036945194 0.025730854509514067 0.4035701012410078 0.7265788693426902 0.95929019978175 1.0886901781256726 1.1420134603509386 1.1567955629673086 1.156154637755575 1.1500789123744584 1.1423085976210179 1.1339414542456714 1.1255405633671325 1.117669063257046 1.1095717749355272 1.1018908328441026 1.0951962360581402 1.0897322373075968 1.0841261915610967 1.0788032768324523 1.0738725368056432 1.069282606980225 1.0648917194169738 1.0604348602734626 1.0558024050086035 1.052412322498117 1.0515620254661395 1.0508883473692512 1.0489426021281827 1.0482868387347826 1.0485226286851472 1.0470496390500594 1.0471519976073425 1.0461259649338266 1.0455520828262714 1.0451794488707193 1.04402906307425 1.0439598869858364 1.0428062137143614 1.0425459488962474 1.0415913238533334 1.0403981695762332 1.0419940566352777 1.0399670713025468 1.0408232406201021 1.0389289909579742 1.0372835106670042 1.0402536078901714 1.0374277640461944 1.0354677652959365 1.0396825439843855 1.037231850796914 1.0345716906219167 1.0372872105546525 1.0371296034727178 1.0327948562368645 1.0325565451403937 1.0364939474725468 1.0328909499180932 1.0273597572864022 1.0275207137425824 1.0302792465952852 1.0261378010963935 1.0195456249039716 1.0186823161475531 1.0238786650559701 1.0215127410556182 1.0150733226042679 1.0105916768026928 1.0136164004359625 1.0163866005355957 1.0130311947218371 1.0063815406351408 1.0018367455140345 1.0052964334290069 1.0094720500551744 1.0074003122494153 1.0014620270494032 0.9941505607643375 0.992840367789313 1.0008862199232502 1.0027466589620548 0.9991899952824856 0.9930242248838494 0.9862094003864081 0.9840458858638845 0.9909589325159649 0.995490869952099 0.9936805283824119 0.9885582165398179 0.9818420071960849 0.9926639868005642 0.9977827943712048 0.9998366729174837 1.0010187651564855 1.0018093018079668 1.0023798877300383 1.0028110516905393 1.0031457433463622 1.003620150550419 1.0043907780956243 1.0039835804674877 1.0032006101532112 1.0024798235867944 1.0018950122452033 1.0011762303205565 1.0006595839537877 1.0002760038299274 1.0002127377867698 0.9999777685217017 0.9997660268465736 0.9995819473508738 0.9994727447221314 0.9994191411847186 0.9992901783722723 0.9990825738145022 0.9989517406223611 0.9988287711895989 0.9987190800953534 0.9986596510990147 0.9987765496969545 0.9987746864689586 0.9988334133011052 0.9989313239029087 0.9989511330212246 
# Stellar luminosity-weighted [S/H]:
0 -5.020118651116161 -6.335823806354285 -5.1970212560933975 -3.1513606516582273 -2.3568949084486777 -2.028389378274581 -1.8401926061861689 -1.5040582059304102 -0.8748111686366498 -0.40119805758693783 0.015153087216535965 0.39352440625748386 0.7167346162324373 0.94952177693302 1.0789550781550878 1.1322920442223365 1.1470789738067229 1.146445519742033 1.1403700077535515 1.1325882629454451 1.1242257914747045 1.1158324796918788 1.1079699296829455 1.0998701519390548 1.092180139313212 1.085495975946193 1.0800335785594535 1.0744437428986484 1.069117392766466 1.0641804366355148 1.059590261494166 1.0551863367084025 1.0507421249582323 1.0461120696406416 1.0427083661986782 1.041860505173378 1.0411851376522008 1.0392218084354345 1.0385326249218898 1.0387658170391192 1.0372801736245707 1.037386432333446 1.0363582151738933 1.0357758800672183 1.0353647405192845 1.0342159732353675 1.034142698469318 1.0329738365919963 1.0327068013744762 1.0317388728666375 1.0305434013205064 1.032102361905844 1.030088526041606 1.0309720229631392 1.0291008732626694 1.0274763091942614 1.0304710859243391 1.0276303226811545 1.0256960242266584 1.0299258038398995 1.0274970623610984 1.0248313648779241 1.027566434728516 1.027451472229017 1.0232129055431622 1.0229997209617556 1.0267674778840332 1.0231921242135398 1.0176319775026097 1.017776767357235 1.0206975193527574 1.0165578617718092 1.0099702332894762 1.0090626523297357 1.0142537856114129 1.0119128625987344 1.0054958702291104 1.0009683564340213 1.0040092546904242 1.0067941552317698 1.0034279760265514 0.9967827550014143 0.9922383532772052 0.9956791980930597 0.9998753966033349 0.9978053173982357 0.9918465291582961 0.9845779464593947 0.9832828206941295 0.991282858513511 0.9931332115186597 0.9896448686364936 0.983473531474679 0.9766867317322054 0.9744786699960049 0.9814072318660991 0.9859241702250285 0.9841606943172132 0.9790059758999674 0.9722725111370996 0.9830695725542555 0.9881706165537869 0.9902146245831589 0.9913898500882397 0.9921751231199649 0.992741451592706 0.9931690514076057 0.9935006869961573 0.9939700641845199 0.9947260059572849 0.9943063497162186 0.9935174215448423 0.9927929687178074 0.9922056066466838 0.991484196332963 0.9909657836759989 0.9905809506127778 0.9905173598761459 0.9902817897153287 0.9900693235976559 0.9898846756395279 0.9897751369084027 0.9897214012798932 0.9895919265201147 0.9893838253238787 0.9892522788770184 0.9891287955919013 0.9890187609864944 0.9889591960443984 0.9890758679121125 0.9890737259078937 0.9891324487693018 0.9892301568790383 0.9892499165286273 
# X_list:
0.750392424120729 0.7500087358961287 0.7500040825039115 0.7499870769298632 0.7499098765156683 0.7497808890631393 0.7494982414824439 0.7488210326463411 0.7474663458547074 0.7448849460881405 0.7392566659070039 0.7275516750549578 0.7071447256205875 0.6822234084921617 0.6641923309906265 0.6571535973183121 0.6565625730033974 0.6581347190719561 0.6602689499929846 0.66286067025251 0.6663699941121849 0.6703885660723727 0.6744367053996821 0.6783876007464601 0.681985990898461 0.6847927983514474 0.686722751368788 0.6882431894930267 0.6895275055484856 0.6907462326185818 0.6924699714397992 0.6935941342077427 0.6928014748786298 0.6937985280180403 0.693090960833818 0.6904589393642683 0.6866396126058594 0.6825352288287458 0.6783326116461476 0.6741651174059944 0.6702896585007814 0.6664188298083852 0.6626862294332238 0.659099398765486 0.6556430790625336 0.6524799753971562 0.6491901685310921 0.6461361635731814 0.6430828666500871 0.6401457244261438 0.6373955353306032 0.6347364976971623 0.6325370460462041 0.6304734193392987 0.6288482013331873 0.6270759245248633 0.625159071225997 0.6235027928079758 0.6219256776657769 0.6201461879745909 0.618640811356363 0.6171841826808406 0.6155198107628632 0.6140662090231643 0.6127828494515786 0.6115995406692256 0.6109597046581332 0.6113218159730565 0.6121285332508576 0.6127383044021429 0.6133848151731396 0.6142328693946952 0.6152386761690359 0.6159366739259918 0.6163703248412878 0.6171907260803395 0.6182723999988831 0.6190901995938448 0.6196052610455633 0.6201618270576639 0.6210421414473025 0.622052251159797 0.6230156494436787 0.6234171260160221 0.623902764539993 0.6246816188437246 0.6259446896782646 0.6268226208442151 0.6275891236240763 0.6278181044790759 0.6282008147025251 0.6290221086837695 0.629894315294501 0.6307366136071977 0.6315214094336098 0.6319958140312194 0.6322257457896777 0.6328500827040534 0.6336912775893286 0.6345907806649332 0.6349792774418045 0.6351726672785953 0.6356414395584412 0.6358684814287392 0.636125102743037 0.636382186546911 0.6366546602387102 0.6369762584183661 0.6373016853175284 0.6377888326993355 0.6401389584803444 0.6449006376727715 0.6496774565129916 0.6541957796537631 0.6581272458781442 0.6625134131733688 0.665884600842497 0.6686242367388887 0.6694909498413445 0.6709586498114206 0.6729803647726965 0.6746231322464522 0.6756245500723076 0.675999152332258 0.6777850463886156 0.6795124277692134 0.6825506465058588 0.6849413097930112 0.6868983511351165 0.688617630330366 0.690208935922328 0.6914455708531985 0.69276539822551 0.6937173146600895 0.6946469310510289 
# stellar_X_list:
0.7529042722234999 0.7503924241207289 0.750015300784389 0.7500075174520086 0.7500026147369736 0.7499931304953611 0.7499851935661437 0.7499785362334873 0.7499728129110634 0.7499686622692768 0.7499659430074656 0.74996393892984 0.749962353818811 0.7499610385529505 0.7499598884981136 0.7499588742121723 0.7499579725913913 0.749957157941113 0.7499564081708351 0.7499557119715968 0.7499550685658208 0.7499544858068438 0.7499539629960252 0.7499534938815652 0.7499530708841121 0.7499526868615687 0.7499523315360189 0.7499519956271449 0.7499516745207314 0.749951366860395 0.7499510728742126 0.7499507979591655 0.7499505338566979 0.7499502602202254 0.7499500009683694 0.7499497375831009 0.749949456987235 0.7499491520686512 0.7499488234006993 0.7499484755938195 0.7499481108536873 0.7499477311199227 0.7499473386120108 0.7499469328393762 0.7499465173920962 0.7499460926461018 0.7499456600329749 0.7499452203427784 0.7499447735252756 0.749944316385224 0.7499438589156023 0.7499433925811875 0.7499429338591173 0.7499424655180121 0.7499420075339819 0.7499415419615513 0.7499410845821801 0.7499406263712303 0.7499401703010926 0.7499397095781986 0.7499392629625301 0.7499388062530916 0.7499383548186382 0.7499379048642087 0.7499374616892392 0.7499370065186353 0.7499365642198901 0.7499361306382344 0.7499357058800139 0.7499352796538723 0.7499348754967453 0.7499344810117572 0.7499340930949725 0.7499337010396879 0.7499333283843193 0.7499329675330656 0.7499326136975697 0.7499322539060704 0.7499319050400286 0.7499315673208314 0.749931244627409 0.7499309165405127 0.7499305923396881 0.7499302695740959 0.7499299666207294 0.7499296688122893 0.7499293763482772 0.7499290785739242 0.7499287844662114 0.7499284973218014 0.7499282308653571 0.7499279630242363 0.7499276983136219 0.7499274270449007 0.7499271593951969 0.7499268964643824 0.7499266532391136 0.7499264117989365 0.7499261738585722 0.7499259301523916 0.7499256882893663 0.7499259466060738 0.7499260959446931 0.7499262132063751 0.7499263127120406 0.7499263998584508 0.7499264770228864 0.7499265467977516 0.7499266109252747 0.7499267324493472 0.7499271753461157 0.7499276770806074 0.7499279661390285 0.7499281430856412 0.7499282744870795 0.7499284065114418 0.7499284795602306 0.7499285272331984 0.7499285286745689 0.7499285563877164 0.7499285612404591 0.7499285731368532 0.7499285684297102 0.749928577312136 0.7499285456806521 0.7499285483722675 0.749928471928388 0.749928412207823 0.7499283646145107 0.7499282982679573 0.7499281699763254 0.7499281316903834 0.7499280190752913 0.749927957695545 0.7499278886645846 
# stellar_X_list_luminosity_weighted:
0.7529042722234999 0.750392424120729 0.7500189598256753 0.7500071606109899 0.7499893487228577 0.7499143365644285 0.74978859232948 0.7495145622420392 0.7488598906809235 0.7475490466011216 0.7450520032848866 0.7396254507230637 0.7283329766459309 0.7085597903688233 0.684257895079133 0.6663326483200471 0.658943617010103 0.6579325643261348 0.659187053799023 0.6610951804457552 0.6635014677974495 0.666821883240234 0.6706705936769665 0.6745818267476512 0.6784204506331694 0.6819365214315238 0.684705033389874 0.6866313672697008 0.6881500049496588 0.689431632563822 0.6906418236903488 0.6923241342309998 0.6934501575224918 0.6927561877700542 0.6937038112644629 0.6930707841801405 0.6905888982336346 0.6869337640854603 0.6829642576699103 0.6788770706585335 0.6748074007502393 0.6710038678777965 0.6672046902195848 0.6635324908445938 0.6599975288991374 0.6565869180542698 0.6534542635878817 0.6502089231630988 0.6471836586392409 0.6441695408445702 0.6412570950301152 0.6385289887361492 0.6358850667843198 0.6336813828803564 0.631613396157402 0.6299670351106073 0.6281942537671323 0.6262897546138119 0.624625529420652 0.6230443630999188 0.6212761090767714 0.6197638817230569 0.6183026342358219 0.6166514508936329 0.6151930652294842 0.6139001157673557 0.6127063324001529 0.6120259109661735 0.6123020216659493 0.6130189215919071 0.6135791563389789 0.6141719674670328 0.614965195849101 0.6159083803467594 0.6165783322520648 0.6169922066209964 0.6177677911423008 0.618791153473798 0.6195832795106543 0.6200843577169258 0.6206221813704405 0.6214583450993663 0.622429238751766 0.623356743974443 0.6237650525701064 0.6242362712784417 0.6249845653708138 0.6261875772725872 0.6270495813213592 0.627797912602145 0.6280446009999306 0.6284191072746033 0.6292063095472957 0.6300472241933798 0.6308682344402977 0.6316326411519048 0.632109997012981 0.632349354466105 0.6329514526390704 0.6337603111156396 0.6346339562043443 0.6357466708900911 0.6368102847719704 0.6375678727393119 0.6381917563799168 0.6387351216790244 0.63922177663825 0.6396655850521776 0.6400746082495226 0.6408119281504902 0.6435087145280214 0.6466522326945385 0.6485507713472882 0.6498749279312538 0.6508624889326172 0.6519414842313311 0.6526999503119388 0.6532581567154714 0.6534059084117982 0.6536860918870288 0.6540210661349048 0.6543008673457729 0.6544534277302775 0.6545338402738701 0.6547678777092438 0.6550168140923904 0.655382670528571 0.6556247620380828 0.6558124935483804 0.6559271483607086 0.6559806913520901 0.656130728473645 0.6561227749224474 0.6562385257341842 0.656244457094241 
# Y_list:
0.03337454286680521 0.0007429628415447521 0.0003578422429936024 0.00012283125200617754 0.0001330744801451446 0.0003132183232821208 0.0006615070128709986 0.0014011434740510064 0.0032515549514413465 0.008229295845597782 0.021178965922383785 0.050962725138284926 0.1066777247811615 0.17951720004022598 0.23875718907536894 0.26976350375875885 0.2814263315695411 0.2844615292145578 0.28424421904555713 0.28252197321138767 0.2796496648334881 0.2762788194445357 0.27280449506907584 0.2694482535163733 0.2664168264482734 0.26407169781292167 0.2624117068715454 0.2611308286073991 0.2600848014519574 0.2591461895523322 0.25750863111213884 0.25649675259885635 0.25760268621021715 0.25672462460156353 0.2571904661183773 0.25899197432623866 0.26182609432425136 0.26498365059573714 0.26813305094739437 0.27120527928152555 0.27423137690062266 0.2770969522579914 0.2798743935359598 0.2826415693979207 0.2852376876421086 0.2876130536171172 0.2900789939273263 0.2924163285136435 0.29471427056933885 0.29694671414312285 0.2990702124102743 0.3009995110513388 0.30290119235689694 0.3045442851574133 0.30600139956935946 0.3076002422372656 0.30901462131746366 0.310567837570022 0.3120149279567635 0.3132893012166433 0.3147253269317929 0.3160715585174522 0.3172735875134763 0.31856141594960097 0.3199149781715245 0.320929510041502 0.32128478533867305 0.3212960641271335 0.3211001131562912 0.3206273220580281 0.3202298503152402 0.3198590888659644 0.3195416933281135 0.3190772079374156 0.3184433925334553 0.3180736341833568 0.3179106081223067 0.31754834430458867 0.31703473363565243 0.31647901325276867 0.31604943781269906 0.3156992009103542 0.3154647922823767 0.3149916996777164 0.31440260114893526 0.31407462612554277 0.31345184718182073 0.31329862253669755 0.31280901084540064 0.31224229677478 0.3120492506295187 0.3116163927241497 0.31134191440617925 0.3110793342589818 0.3106505238263466 0.3101858119565518 0.30974141028046426 0.3094161237085139 0.3090843538243319 0.3089317680020985 0.3091144066220663 0.30894254905248697 0.30838317691678807 0.3080760017445988 0.30784300697430267 0.30765306063863995 0.30750881358709287 0.30736218537360577 0.3072295898036422 0.30692178546484156 0.3054614150095998 0.30242225079059615 0.29911214221591115 0.29596195072238635 0.2931731551655365 0.2901165192959089 0.2878455204116707 0.2860315863495772 0.2854886792255984 0.2845145329459782 0.283184779822075 0.2820114094995716 0.28127681584908354 0.280977259612229 0.2796172601311415 0.2781580107618514 0.27551646727520956 0.2733277406954557 0.2715844717773349 0.2701400939073161 0.26889307585763783 0.26788638892018324 0.2668717433884557 0.2662030455627748 0.26549421803346324 
# stellar_Y_list:
0.247 0.03337454286680521 0.0013012877076512643 0.0006470220621715803 0.0005440565852056129 0.0005240081747582206 0.0005293813514607487 0.0005390401285074515 0.0005479750824954653 0.0005557505153626209 0.0005627048707594742 0.0005689847665623878 0.0005745238775986128 0.0005793699940607544 0.0005836906031720996 0.0005875757414193799 0.0005911055158477702 0.0005943453097391006 0.0005973489720437795 0.0006001499605845089 0.0006027731824297152 0.0006052239104394948 0.0006075165267935433 0.0006096673470542409 0.0006117042266607053 0.0006136371843704039 0.0006154769727751558 0.00061723691045051 0.0006189326420109524 0.000620569326781224 0.0006221487640633382 0.000623663827241594 0.000625127249494572 0.0006265771091276325 0.000627985194579212 0.0006293588336864646 0.0006307025432540479 0.0006320448574197935 0.0006333807311313211 0.0006347058528915259 0.0006360172685846001 0.0006373200037301025 0.0006386103273977053 0.000639890221957133 0.0006411605000588385 0.0006424179753455199 0.0006436644920073114 0.0006449015324306412 0.0006461216209766213 0.0006473540344628163 0.0006485564780686756 0.000649760996150993 0.0006509281905859452 0.0006520963211662101 0.0006532368569577286 0.0006543906483572128 0.0006555002359194433 0.0006566100343969949 0.0006577113647154967 0.0006588023499436715 0.0006598519881169446 0.0006609303108089218 0.0006619803212418881 0.0006630062711551403 0.0006640282924760448 0.0006650762918039702 0.0006660744817901586 0.0006670490522456069 0.0006680289873775527 0.0006690216751665558 0.0006699547235106805 0.000670864800610865 0.0006717867769538951 0.0006727315886587463 0.0006736224812628901 0.0006744742648737565 0.0006753239024775093 0.000676212943621573 0.0006770782049688755 0.0006779065298311511 0.000678690565818851 0.0006795014838699515 0.0006803270508699844 0.0006811562907212012 0.0006819249849841827 0.0006826709972556166 0.0006834040183954108 0.0006841807347796636 0.0006849649443819599 0.0006857272733030371 0.0006864215976486592 0.0006871137121506884 0.0006877996914383596 0.0006885246002333398 0.0006892598761016199 0.000689983167859719 0.0006906435685931186 0.0006912891649614031 0.0006919256599655059 0.0006925808710724763 0.0006932582931107991 0.0006926069851786646 0.000692238401296521 0.0006919433276402316 0.000691687652077229 0.0006914610889823519 0.0006912582203865064 0.0006910794703267919 0.0006909353822989977 0.0006906637884654183 0.0006895936077371129 0.0006884207006059759 0.0006877265766290325 0.0006873684246485034 0.0006871020600051845 0.0006868144682002645 0.0006866747711992641 0.0006866040840563176 0.0006865976956601884 0.0006865822381768849 0.0006866163782678755 0.0006865888047926926 0.0006866476925395461 0.0006866309924077264 0.0006867472154313618 0.0006867550032195348 0.0006870061865196598 0.0006872152474487337 0.000687397037019968 0.0006876205306961816 0.0006879589995295218 0.0006881239397605964 0.0006884189772633506 0.000688644450869582 0.0006888390923330001 
# stellar_Y_list_luminosity_weighted:
0.247 0.03337454286680521 0.0016124786457436386 0.0006192641736618212 0.0002698782781204356 0.0002277071051726995 0.00037530072458673373 0.0006978414664184811 0.0014039395544836297 0.0031823937480038463 0.007968316796433108 0.02041305406114273 0.04908924530369068 0.10298641301657148 0.17386735816482032 0.23241771876511058 0.26404524174578664 0.2766978074314781 0.28058022062224597 0.2809981346695032 0.27976648338403987 0.27730529309767227 0.2742705083878955 0.2710691499807119 0.26793441247728006 0.2650781980245585 0.26285548832476097 0.2612802022569882 0.260069880733496 0.2590857341163376 0.2582053539517109 0.2566648530578524 0.2556963652465445 0.2567328184965685 0.255945092052395 0.2563914203925902 0.25811973143429134 0.2608567587432879 0.2639331102790221 0.2670217254885456 0.270046715412049 0.2730321834282649 0.2758687909435986 0.2786209411403976 0.2813620950170914 0.2839422796480775 0.28631114160144994 0.2887593005362728 0.2910868145901497 0.29337119301819853 0.2955957066890549 0.29771312875829853 0.2996476242880093 0.3015480126517959 0.3032046073312574 0.30467790962225655 0.3062772802856497 0.3077033982981432 0.30925462402848786 0.3107070725957378 0.31199454928832626 0.31342816448907357 0.31477919870020393 0.31599277070253506 0.31728162447686054 0.3186325930912513 0.3196663830129187 0.3200759079156116 0.3201408075069507 0.32000176065292857 0.3195865213174783 0.31923579292666077 0.31890024936628325 0.31861752590950704 0.31819043266717845 0.31760534344573066 0.31725482645779357 0.31710600680358486 0.31677082417686103 0.3162946676569982 0.3157687191847029 0.3153626770651979 0.3150273304410431 0.3148060311756664 0.3143601296847972 0.31380488994457056 0.31348468945721475 0.3128976179772475 0.31273881073648774 0.3122786175983128 0.31173613303162145 0.31154348560958833 0.31113075255185507 0.3108653444622351 0.3106105468456185 0.31020444568242467 0.3097573696876314 0.30933090636023464 0.30901179626025127 0.30869219109922447 0.3085373499451291 0.30296481327863856 0.2992984262372237 0.2972463204119742 0.2957493251988594 0.2945396463423762 0.2935103516457373 0.29260670895928376 0.29179757555991964 0.2903845573282653 0.2855333789910877 0.2801675561236888 0.2769589987776016 0.274719358747165 0.27305199742949193 0.2712220193049366 0.2699351495771266 0.26898930138794497 0.26875191467091064 0.2682662968250113 0.2677084198711858 0.2672457824417745 0.26697696283025113 0.26684607404960276 0.2664557267554012 0.2660298172256155 0.26545408110562935 0.26505820387018647 0.26474971798847574 0.2645634936932025 0.2645123122644827 0.26428964150043177 0.2643166034082109 0.26417278243993303 0.2641672219936981 
# Z_list:
1.3511960674819925e-07 3.0079467269018304e-09 9.829581585349376e-08 1.1062577307972626e-05 6.435805458452635e-05 0.0001373734322039796 0.00036886691076699055 0.0010171056151735585 0.0023075061296423693 0.004379524099107539 0.008361917260264137 0.016329491717200533 0.030164375826337936 0.04694788658392447 0.059224844009918474 0.06527774154692553 0.06781301648118969 0.06863510699468205 0.06871152764671257 0.06847993219778331 0.06797280961244936 0.06733134077939762 0.06670181137157699 0.06596742732797561 0.06531383749526587 0.06469992627105944 0.06430734491692862 0.0638222497759762 0.06351002369330558 0.06302084509615787 0.06295799736106009 0.06246364453307528 0.06230441913437318 0.061861257269860206 0.06221245059588985 0.06233535542803158 0.06334552280762674 0.06334470501362374 0.06513907243201054 0.06446889938911704 0.06747437074719614 0.06478618441696773 0.07135795883647825 0.0623784338502163 0.07991901993366111 0.0510864074985109 0.10498050743740316 0.00799340818470452 0.1917405143021433 3.8479332173901766e-10 0.3271694234718496 3.9895065389854e-10 0.5358137612821983 4.119612781284515e-10 0.8738318805617191 4.2284403827129774e-10 1.4540151920818856 4.372658418965588e-10 2.4589967821693257 4.535379016678428e-10 4.3124727805891565 4.61878133504695e-10 7.848480853978883 4.791668291971159e-10 14.67522706261861 4.879013886496786e-10 28.824172716836934 5.040147653196559e-10 57.83291036876626 5.146768707996116e-10 122.11799573727691 5.299238217502225e-10 262.27116416165927 5.378706847381555e-10 593.3751906821827 5.58228171549505e-10 1368.6739737117211 5.607918230348727e-10 3273.7041520803914 5.856966074448422e-10 8121.461332951251 5.886031615121638e-10 20378.069594560966 6.039423135427009e-10 53979.07748699803 6.236252816474529e-10 145335.62137772763 6.208602661153111e-10 396959.0185582957 6.484187539823341e-10 1147936.602587213 6.618097971314323e-10 3351299.7067868253 6.574716324816434e-10 9883245.66494022 6.823701491292507e-10 30914165.718804944 7.025319289329435e-10 98009261.89279132 6.994490755833583e-10 310381305.25867087 3.7277828094250595e-10 365315918.1449295 1.97356245210317e-10 269397602.8839623 58474724.94428374 163922024.8117202 93761432.58725415 113279491.20523867 86703901.41412501 52326783.164613485 32399957.42646605 24871084.945786126 20342767.319283128 17500066.846944943 14713882.655367756 12955380.043254461 11710019.020579273 11393035.520058602 10790918.494194562 10051396.407207308 9498397.612674013 9190532.590524038 9062714.375915062 8551045.445187857 8093463.143793988 7420159.5339414645 6973725.337539375 6617080.32860578 6315044.600259088 6049595.344687919 5837310.546374921 5638878.785723819 5466509.127421102 5317300.157878236 
# stellar_Z_list:
9.572777650013187e-05 1.3511960674819925e-07 5.268371286037508e-09 7.258366901990837e-08 2.9147126725506058e-06 9.34970732407923e-06 1.408114501003808e-05 1.9210376684287658e-05 2.4548780311109336e-05 2.8587423388095507e-05 3.091122674253581e-05 3.23576770126572e-05 3.340365841114737e-05 3.42550807692639e-05 3.500098761855076e-05 3.566812955048995e-05 3.62908631308976e-05 3.688860800750709e-05 3.746319763525388e-05 3.801404095636102e-05 3.854119448170211e-05 3.904278421090289e-05 3.951951387634494e-05 3.997363616877322e-05 4.0407036300638325e-05 4.082207974539799e-05 4.121958857895135e-05 4.160261237623927e-05 4.197201697149918e-05 4.233030286118525e-05 4.2675359287331346e-05 4.301210953195469e-05 4.3336310255080985e-05 4.3655098261020924e-05 4.396348146305054e-05 4.42693114358877e-05 4.456774493155307e-05 4.486922594213731e-05 4.516453728149463e-05 4.5468486401275e-05 4.575666840512775e-05 4.6065534706195086e-05 4.6340374136786094e-05 4.6667582994819316e-05 4.690614868656191e-05 4.7290218980548493e-05 4.7419564859668243e-05 4.799589608551393e-05 4.7759716189087434e-05 4.901904237894691e-05 4.860054761888e-05 5.0778267897818133e-05 5.013730536461521e-05 5.3636937300764705e-05 5.264797927820672e-05 5.822809095234461e-05 5.668281381536257e-05 6.570341282511379e-05 6.32416539298574e-05 7.829086498999448e-05 7.423035297882248e-05 9.990770641472997e-05 9.303669829155028e-05 0.00013866183297963955 0.00012656770961481218 0.000210886194688555 0.00018871944699125684 0.00034887223726444536 0.0003070450798438645 0.0006269448540929453 0.0005440564748625773 0.0011960220978725392 0.0010279186132313835 0.0024272384773570176 0.0020689103717909945 0.00511862440773893 0.00434048036881005 0.011346925189019336 0.009570349778326217 0.025955906064536658 0.021814154062312754 0.06155170335296278 0.05155113094466571 0.15146357328953786 0.12641790854988863 0.38019301499356906 0.3166959072892837 0.9977290731417641 0.8282049059193322 2.683386764550281 2.2224696982175893 7.346436438776644 6.075472261847775 21.07164281509099 17.369982099987425 61.61481545360738 50.70571002012991 182.51507853434546 150.04850494910767 566.914797862279 464.7022614744934 435.3775008712291 419.67381048080335 408.9486293381995 400.8467008381036 394.3706971405859 389.0031081108606 384.43948878342314 380.484260367114 373.868806976477 354.06905601951706 336.7291037897338 328.27016348405317 323.2426829897747 319.83411852888344 316.4525475652745 314.2438022861924 312.74557815506654 312.4432838872365 311.71986145329555 311.00645810471065 310.39629189639857 310.1426241202191 309.9618585494121 309.6907301558527 309.26564384428076 309.20694003051887 309.22888301998097 309.38171287239015 309.8442776929306 310.5500512163526 310.6920957703096 311.6494111383592 311.95000047488946 312.6468035311515 
# stellar_Z_list_luminosity_weighted:
9.572777650013187e-05 1.3511960674819925e-07 6.528253626492465e-09 9.605626092059998e-08 1.0645270684329737e-05 6.203462036301155e-05 0.00013329578977871426 0.00035672314675653046 0.0009819317651300647 0.002230147349699474 0.00424018447180132 0.008088936765246814 0.015783422919482 0.029192730358048247 0.04556393471144838 0.05776543625816497 0.06399382253365661 0.06673721008368297 0.06773768731913361 0.06795285776000148 0.06782757805162645 0.0674112137731858 0.06684497134899076 0.06627429094389777 0.0655949683017099 0.06498283738646886 0.06440414041834032 0.06403166931850851 0.06357380862717163 0.06327606307024107 0.06281312413512498 0.06274813131186295 0.06228361321176954 0.062126795656962074 0.06170719657701924 0.062030875369650365 0.06215564068341696 0.06311564379716986 0.06314377420059 0.06484617394111522 0.06426514203802831 0.0670991989785228 0.06464668184803825 0.07079816697617637 0.06250082208998076 0.07884352973131305 0.052098706444932676 0.10221934862345737 0.012145383637523701 0.182423512813312 0.006475251261227704 0.30968930628616775 0.009901553857067445 0.5063628820497279 0.015494016261869222 0.8250242064621677 0.024661336440043934 1.3717608684013674 0.04035142194514002 2.3185341955338337 0.06748060953249062 4.0636434504803125 0.11707688484372002 7.39132563558581 0.21102721745011846 13.813693497785199 0.39170230331464156 27.116716160385142 0.7626397313894573 54.38463344847399 1.5218028075511905 114.77790563456445 3.189345094672223 246.41987261998577 6.821532913249119 557.2510665382792 15.332683545976233 1284.9214774230372 35.23487912834419 3072.236983801429 83.90177165658613 7618.870788814098 207.22293361847022 19111.994922967642 518.8251003341819 50605.485418182405 1367.3513883351354 136215.6985372365 3672.2837739829797 371960.4321143658 10012.133801248463 1075248.502510739 28817.679047878923 3138381.9275276265 83985.77240833046 9253432.050562082 247383.3046144773 28934216.97631913 770487.1820438778 91711814.65439573 2438440.867516307 12237470.277686423 11617405.742245013 9986313.387041384 8751758.008380743 7838619.15188735 7142922.911610204 6596536.649449956 6155726.558763722 5487379.967222601 3915034.607029381 2948817.007478949 2581536.712076074 2384006.1215402256 2254146.883355911 2120616.0052970145 2029964.3382625885 1968891.2637717037 1954326.2226920915 1925916.2876091746 1891906.0682787362 1864938.888327848 1850868.2049248305 1843944.6768568892 1821450.09186667 1798931.2312098402 1769683.1125883341 1747977.512887757 1734003.6790582063 1727139.5471083135 1718427.341715498 1708313.5253319866 1710448.3481533434 1701759.6880396262 1703762.6166943049 
# formed stellar mass list:
1e-15 2953327.5932146944 131604738.7905566 271146020.0162101 106772192.70391895 45236893.43475241 18373490.596438527 7110432.709085458 2652290.508742156 965230.5064804492 347322.42818690214 126328.51630603199 48455.87242738919 21159.815367623793 11496.466687602595 7930.88543397299 6476.232286562204 5764.387158650658 5329.4579106903975 5010.302473537676 4747.45130011361 4517.278675446968 4311.604958914347 4123.84878945236 3959.2896527713347 3810.038350654791 3671.023650802749 3539.2732786001366 3422.85920126443 3315.372243560558 3214.0466732440836 3116.047737780702 3027.1712499625974 2953.2795246071514 2878.015441615932 2807.0850735852177 2731.793745610763 2665.283408526945 2612.033419282093 2554.432874053163 2495.719344913506 2449.1893491426754 2396.119630076851 2352.0482052093885 2307.2284158660905 2263.572933134513 2225.320555021802 2183.6533126780614 2148.853610762408 2111.153823872858 2079.038161017234 2048.548695605425 2005.260530801019 1980.2608736072962 1941.9300853575764 1916.8212251939235 1891.9505245258256 1847.3110469254534 1829.5506379600788 1808.4302033670115 1763.9099115158303 1747.3447412027442 1732.0586145303369 1694.146694420567 1669.5646510850238 1663.1788162542684 1639.6755955421424 1598.9396907313585 1587.2550866493455 1581.5802051616474 1554.3733270102173 1518.6573661415985 1509.650948239645 1508.6678325589337 1487.346350525598 1446.6795289609468 1433.105745593949 1432.9576864619842 1426.5543239746069 1395.0024136196503 1365.894884537708 1357.3421609036686 1359.1500221384174 1353.9087621625677 1324.6298231816759 1293.4857774432476 1282.8216294993874 1283.104504107534 1288.53470524947 1274.9843647567036 1233.7706074765933 1213.5764462661339 1208.8065233659934 1211.1612289074621 1216.7825355146954 1207.7376488974646 1172.3842272714492 1146.758571287223 1138.7382794332184 1139.209646809896 1143.7573197631002 1e-15 1e-15 1e-15 1e-15 1e-15 1e-15 1e-15 1e-15 1e-15 1e-15 1e-15 1e-15 1e-15 1e-15 1e-15 1e-15 1e-15 1e-15 1e-15 1e-15 1e-15 1e-15 1e-15 1e-15 1e-15 1e-15 1e-15 1e-15 1e-15 1e-15 1e-15 1e-15 1e-15 1e-15 
