# time step list:
1000000 10000000 20000000 30000000 40000000 50000000 60000000 70000000 80000000 90000000 100000000 110000000 120000000 130000000 140000000 150000000 160000000 170000000 180000000 190000000 200000000 210000000 220000000 230000000 240000000 250000000 260000000 270000000 280000000 290000000 300000000 310000000 320000000 330000000 340000000 350000000 360000000 370000000 380000000 390000000 400000000 410000000 420000000 430000000 440000000 450000000 460000000 470000000 480000000 490000000 500000000 510000000 520000000 530000000 540000000 550000000 560000000 570000000 580000000 590000000 600000000 610000000 620000000 630000000 640000000 650000000 660000000 670000000 680000000 690000000 700000000 710000000 720000000 730000000 740000000 750000000 760000000 770000000 780000000 790000000 800000000 810000000 820000000 830000000 840000000 850000000 860000000 870000000 880000000 890000000 900000000 910000000 920000000 930000000 940000000 950000000 960000000 970000000 980000000 990000000 1000000000 1010000000 1020000000 1030000000 1040000000 1050000000 1060000000 1070000000 1080000000 1100000000 1200000000 1400000000 1600000000 1800000000 2000000000 2300000000 2600000000 2900000000 3000000000 3200000000 3500000000 3800000000 4000000000 4100000000 4500000000 5000000000 6000000000 7000000000 8000000000 9000000000 10000000000 11000000000 12000000000 13000000000 14000000000 
# Number of SNIa + SNII (log_10):
0 0 6.896188216641724e+53 2.8183628986476583e+55 7.294941816681676e+55 1.1669550221376454e+56 1.5322526625896545e+56 1.897891855403244e+56 2.250434121926329e+56 2.5627756583383093e+56 2.833645438850126e+56 3.0699024291999564e+56 3.278539585212258e+56 3.4652291143342754e+56 3.6340806623713018e+56 3.788244757185137e+56 3.930092692863978e+56 4.061460411704123e+56 4.18380000246279e+56 4.29827949894068e+56 4.405852723726269e+56 4.507309090476876e+56 4.603309005114877e+56 4.694411332160439e+56 4.781093554182228e+56 4.863764980665554e+56 4.942782221412697e+56 5.01845583837599e+56 5.091056080259776e+56 5.1608229820445215e+56 5.227972492437335e+56 5.2927072099796155e+56 5.35516503752052e+56 5.415512049063069e+56 5.47389422293258e+56 5.530433976292705e+56 5.5852428145891005e+56 5.638413502113691e+56 5.6900626071291575e+56 5.740266003320605e+56 5.789098188001376e+56 5.836634868452264e+56 5.882938748238504e+56 5.928074925959375e+56 5.972101637085686e+56 6.015072316056802e+56 6.057036280626014e+56 6.098031712755724e+56 6.138119128046112e+56 6.177333092334152e+56 6.2157032847910615e+56 6.2532641122134285e+56 6.29005798764592e+56 6.326110153596724e+56 6.361451530173169e+56 6.396107139835063e+56 6.430105512274738e+56 6.4634385751001585e+56 6.4962033739438885e+56 6.528389258617975e+56 6.5600121622450375e+56 6.5910797753499004e+56 6.621594588811425e+56 6.651599056336606e+56 6.681117371762061e+56 6.7101531093967516e+56 6.738727255202052e+56 6.766856426654663e+56 6.794549529425449e+56 6.821818614575702e+56 6.848682234191916e+56 6.875151360966724e+56 6.901222462615473e+56 6.926928990178085e+56 6.952278140195751e+56 6.977269970366563e+56 7.001917561757038e+56 7.026230824941233e+56 7.0502186883452765e+56 7.073887638716746e+56 7.097251696623238e+56 7.120302072479115e+56 7.1430716981405605e+56 7.165559081501131e+56 7.187765285387535e+56 7.209697761902419e+56 7.231365079359077e+56 7.252779900155822e+56 7.273933910717988e+56 7.294834610218473e+56 7.315501925365142e+56 7.335919616389307e+56 7.356117918683693e+56 7.376110514039717e+56 7.395873280901682e+56 7.415415276476528e+56 7.434746816770897e+56 7.453876213792963e+56 7.4727967112306095e+56 7.491519580458418e+56 7.51004542951363e+56 7.528376651297637e+56 7.546535678387757e+56 7.564511865502198e+56 7.582305330153296e+56 7.599926665812437e+56 7.6173724527212695e+56 7.634645012155325e+56 7.651753890518065e+56 7.685492393690701e+56 7.845264734134107e+56 8.12747204928668e+56 8.371185634251561e+56 8.585662605357691e+56 8.777198257745422e+56 9.030831170336236e+56 9.252950896271136e+56 9.450531078728491e+56 9.511876500599896e+56 9.62845975564059e+56 9.790283549345406e+56 9.938718443705843e+56 1.003124376389786e+57 1.0075767824834986e+57 1.024358140901645e+57 1.0433383003993519e+57 1.0761598269769925e+57 1.1038858966093538e+57 1.1278874668662428e+57 1.149055350541266e+57 1.1679703307877002e+57 1.1850894044155237e+57 1.2007105235118034e+57 1.215077337302488e+57 1.2283766203621375e+57 
# Gas [Fe/H]:
-5.218485947384705 -6.812943270487043 -5.639707652641347 -3.5973210799836632 -2.698561988993001 -2.1995124015633616 -1.8811849252940585 -0.48541306665727824 0.29303099861385995 0.8722450641383976 1.2296126453540652 1.3993885616624602 1.444382230213416 1.4441190948775762 1.4322222899205226 1.4190581349057925 1.4070765242279455 1.3964754482623314 1.3867038810496863 1.377485364843095 1.3680939365989726 1.3598212973885055 1.3514023560978523 1.3431872522717883 1.3355064836158497 1.329840903034453 1.32429469810999 1.3186791138689888 1.3134469696295947 1.3086817257007652 1.304173716786876 1.2997871031722221 1.2950136388463847 1.2903071083679913 1.2886840793071617 1.2890225141337583 1.2875144014456152 1.2852765130094226 1.2867324074750477 1.2848447273087769 1.2848223634642313 1.2843367772058984 1.2829109664566496 1.2833124694272446 1.281582844003458 1.2815799724218118 1.2808127509614136 1.279553529891904 1.2804471440154246 1.2765501662609955 1.279886835550422 1.2776359408405775 1.277693897915411 1.2783947432615577 1.2732167463584863 1.2769133571544486 1.2778571012764117 1.2708858118658042 1.2759535350665647 1.277520451019623 1.2713997563312418 1.2730458828387063 1.2762171182992854 1.2724504040144753 1.2672748451713303 1.2733678712524736 1.2737512036025809 1.2663190853474084 1.2620240578210127 1.2674544085399124 1.266767906823246 1.2592537598104845 1.252234334436177 1.2595077056327542 1.261721144339098 1.255631881276952 1.2468469265788018 1.2471994108265823 1.2536494805613376 1.253150159532158 1.2466140129925263 1.2378087410854453 1.238199120444107 1.2460666730369452 1.2472588519810501 1.2414698775377326 1.2335138544602566 1.2251181568309888 1.234145052641567 1.241328183060173 1.239246328243571 1.2325974335134773 1.2250449965581245 1.2174569237974118 1.223377071178624 1.232534617550737 1.233205583028644 1.2283759476172738 1.2209568656370813 1.21336526102328 1.2078678507881673 1.2115992981414947 1.2160832234402035 1.2185405964134501 1.2190776403005472 1.2184133605588645 1.2169536254688489 1.2149569953172463 1.2131737249598324 1.2136534069430214 1.2097754458698007 1.2014782861970401 1.195513020345965 1.1897309582853297 1.1856848914893208 1.1820407302140485 1.1792463632093284 1.1773540025340683 1.1762948925466716 1.1758870911318136 1.1747758115532014 1.175276262237778 1.1756781935852598 1.1764127988408277 1.1774289872572687 1.1807575531793502 1.186685385788166 1.1926627362422288 1.1964915878165718 1.1982766183388933 1.1982666210823925 1.1990209970683652 1.1981906652792333 1.197421374083551 1.196785137649722 
# Stellar mass-weighted [Fe/H]:
0 -5.218485947384705 -6.5705972582337075 -5.89145421694271 -4.335892407694448 -3.8214973421718916 -3.6357838701184715 -3.577899411429822 -3.20157221283404 -2.9476846730086788 -2.804502546578738 -2.7127641095896244 -2.647861563254436 -2.5985369835900984 -2.5591381613155946 -2.5265479071116648 -2.498892772324152 -2.4749665687381173 -2.4539496986528384 -2.435262646638785 -2.4184770767363934 -2.4032750547112416 -2.3894036505698972 -2.376665907489481 -2.36490240207421 -2.3539929369695765 -2.343830506187895 -2.3343247516319208 -2.3254025513668504 -2.3170049995096704 -2.3090780337460135 -2.3015764150388165 -2.2944552576218706 -2.28768542094046 -2.281238655810462 -2.2750913837565747 -2.2692114444067473 -2.2635761413641093 -2.2581812487760926 -2.252994482913718 -2.2480092040405513 -2.2432106262144895 -2.238540057515902 -2.2341163734766454 -2.229783823503867 -2.2256657671255855 -2.2216233446997125 -2.2177692394350723 -2.2139842767341316 -2.2103599437618477 -2.206799317941714 -2.2033916987283453 -2.2000305310027866 -2.1968150269180375 -2.1936274945458436 -2.190580550340645 -2.187570163336196 -2.1846676968083276 -2.1818091640272064 -2.179058896473016 -2.176319648918712 -2.173689304884433 -2.1710889742402166 -2.1685838518382745 -2.166084424471596 -2.163688451671635 -2.161311519481706 -2.1590097328650577 -2.1567136227446797 -2.1545121930643125 -2.152323835439674 -2.1502007081984953 -2.1480756562580767 -2.1460400073781383 -2.1440160925766927 -2.1420530423936315 -2.1400830589619826 -2.138180679861545 -2.1362954980247286 -2.1344746454002115 -2.1326487167611106 -2.1308685350744208 -2.12909455901894 -2.127388853270916 -2.1256887212704356 -2.124036495288057 -2.1223740507972746 -2.1207512554157706 -2.1191424238177667 -2.11759767381266 -2.1160521647236648 -2.114544301021719 -2.113026857331512 -2.111542467625868 -2.11006336710951 -2.1086460442850834 -2.107229428738928 -2.105849449047029 -2.104456145854379 -2.103095692614196 -2.1017230377757974 -2.103199879055878 -2.104036114979233 -2.1046951595451837 -2.105255535068377 -2.1057460147082967 -2.1061832791165447 -2.1065767620833027 -2.1069397017804485 -2.107641090408257 -2.1101679649378298 -2.113020657743782 -2.114626109305086 -2.115551993002799 -2.1161999256704878 -2.116801532908772 -2.1170450805885315 -2.117138368306006 -2.1170776516625187 -2.117116322755967 -2.116948910997186 -2.1168692614368663 -2.1166949943462257 -2.1167000484742786 -2.1162670163738317 -2.116063503517439 -2.1150646615998214 -2.1142696714543465 -2.1135763532423715 -2.1127865401198083 -2.1116006534168728 -2.1109595909500865 -2.1099609261469086 -2.1091342914892977 -2.10844487158465 
# Gas [Mg/Fe]:
6.938893903907228e-17 -1.3877787807814457e-17 0.9730668140631211 0.956535232643926 0.6150731285117563 0.4355079299177944 0.30883441554051977 -0.9062887508909339 -1.3753997938002964 -1.5450915775144924 -1.5983322101939736 -1.6207544719059803 -1.6326397993432702 -1.6389379254157417 -1.6412228409744032 -1.6390839357759968 -1.6302734834929737 -1.6186421744929125 -1.6073608657728446 -1.6004579991892616 -1.597563449508507 -1.596830827807812 -1.5963443561872024 -1.5960388309745075 -1.594771573869553 -1.59205665418666 -1.5880900896282735 -1.5838026464683623 -1.5788905329378222 -1.5762058520558342 -1.5726572235017564 -1.5685997509081704 -1.5645551420133088 -1.5573988693691785 -1.5406659634728985 -1.5186583247830954 -1.4948015019518153 -1.4719450319240999 -1.4517022466615506 -1.4316729014583496 -1.4133636294140521 -1.3962772237611667 -1.3795118791202596 -1.3648433249930847 -1.3494638302907755 -1.3365565240572617 -1.3233216765755784 -1.310469451485341 -1.2992717909375262 -1.2860677909988103 -1.2798372073229325 -1.2773419075167833 -1.2825237259500302 -1.2908509530175454 -1.2964934756961966 -1.307108953706087 -1.3151990362018204 -1.319732280123397 -1.331972479943115 -1.3424574073993771 -1.344800202891059 -1.3539393557528292 -1.3664337177312125 -1.373281688231596 -1.3703844245398522 -1.3945128225012797 -1.4013823433993653 -1.400955918703306 -1.4046714666526172 -1.4117738160972049 -1.418091742027499 -1.4211559701550662 -1.423405532653021 -1.4328074459203335 -1.4398990867036736 -1.4423135186642204 -1.442970083544482 -1.4505196030034062 -1.4598465675648915 -1.4663960729271908 -1.4704245614208376 -1.4735078003773419 -1.480625220394704 -1.4898236755438747 -1.4960362530345919 -1.504697881792168 -1.5068537572401233 -1.5103149997764194 -1.5175697569546742 -1.5304733982870398 -1.5407779545223574 -1.5509509483201 -1.5401435334089653 -1.5432178349648575 -1.5566495040953685 -1.5685684331944072 -1.5713638944876556 -1.579684308458182 -1.590494544830637 -1.593770547437647 -1.5963254063268897 -1.5992341061756457 -1.6022531136523466 -1.6034980661513663 -1.6047551353808331 -1.6062803594098107 -1.6068313255303917 -1.6072280232883154 -1.6080552311049479 -1.6097532513643091 -1.618094370270239 -1.6306440944088716 -1.638746239994415 -1.64581982649002 -1.6515966204590258 -1.6575803722204314 -1.6617196184289997 -1.6648391976667112 -1.6657362903285577 -1.6674089178099538 -1.669097192148378 -1.6710153400479786 -1.6718795999658909 -1.6723372703160424 -1.6739237010353016 -1.6753896151881469 -1.677697744378371 -1.6793938678485938 -1.6806033084694074 -1.68154848350444 -1.6822920021222194 -1.6829067156358117 -1.6834089257718525 -1.6838720958340574 -1.684242577712131 
# Stellar mass-weighted [Mg/Fe]:
0 -1.3877787807814457e-17 -1.3877787807814457e-17 0.926711982560865 0.9557448354598028 0.7273049411740267 0.6285584794787564 0.587588812843384 0.21098190865919236 -0.044116573076076415 -0.1876293342647706 -0.2789072573718756 -0.34303816198009673 -0.3914627029020061 -0.4299005611434213 -0.46149861730375863 -0.48813325667388563 -0.5109916531000851 -0.5309027791472618 -0.5484691958588234 -0.5641526929042235 -0.578294605452696 -0.5911503339393183 -0.6029072929220426 -0.6137231769730466 -0.6237184562121556 -0.6329915274122595 -0.6416208021151557 -0.6496809884340531 -0.6572300673887053 -0.6643334777513971 -0.671028658664071 -0.6773547668047943 -0.6833399395117956 -0.6890069021950793 -0.6943513014159215 -0.6993826091434571 -0.7041166509139184 -0.7085806788885808 -0.7128106561882422 -0.716810477895714 -0.7206037372869626 -0.7242402993667956 -0.7276317321153143 -0.7309060265121986 -0.7339699128312853 -0.7369369876440706 -0.7397216952676319 -0.7424181613935203 -0.7449601312982501 -0.7474183497305704 -0.7497608484621953 -0.7520653370898658 -0.7543033181556656 -0.7565415527543732 -0.7587029183454664 -0.7608771374695198 -0.7629780390156671 -0.7650575940994734 -0.7670981755390907 -0.7691407027262739 -0.7710965486654682 -0.7730567841229717 -0.7749707632496305 -0.7768741907387469 -0.7786875079153032 -0.780559325113614 -0.7823610376263371 -0.7841342688384958 -0.7858510421700717 -0.7875778151854327 -0.7892478700846913 -0.7909022744240505 -0.7925026987195279 -0.7941251820649683 -0.7956958462081988 -0.7972478955265204 -0.7987461029926578 -0.8002639886107434 -0.801746873938193 -0.8032214860661325 -0.8046438762040833 -0.8060681055336588 -0.8074681310541232 -0.8088785066071437 -0.8102372242426497 -0.8115956663730786 -0.8129138101997404 -0.8142432566451517 -0.8155474312495758 -0.8168562815380047 -0.8181224177846985 -0.8193919487045196 -0.8206123533237323 -0.8218487232492667 -0.8230692157853257 -0.8242932232608694 -0.825467831693971 -0.8266470537329613 -0.8278034676172386 -0.8289680171411172 -0.827787225661114 -0.8271529835396494 -0.8266545394386176 -0.8262213017267984 -0.8258340849301604 -0.8254886352342443 -0.8251784211695713 -0.8248974730341642 -0.8244017327146136 -0.8225316100940551 -0.8204586922441397 -0.8192910511618213 -0.8186595053555551 -0.818256719476665 -0.817861434221475 -0.8177323691702432 -0.8177172598006356 -0.8177534985665325 -0.8177871834241061 -0.8179555535782704 -0.8180235789013066 -0.8182040970931801 -0.8182127260887145 -0.8185646912893442 -0.8187466438435487 -0.8195569635084882 -0.8202169556442784 -0.8208094274302051 -0.8214894063394762 -0.8223618649551732 -0.8229452406428988 -0.8236780872219716 -0.8243998054810265 -0.8249218441778813 
# Gas [O/Fe]:
0.0 -2.220446049250313e-16 1.1960328662078425 1.1774782382759992 0.7619856817692514 0.5139747008297779 0.3545016606002718 -0.8572888762389483 -1.291666094444294 -1.4383707682593025 -1.4835226480580375 -1.498853399474069 -1.5019722780357643 -1.5015615092952947 -1.5001693636122466 -1.4984612885392437 -1.49822299457262 -1.4925789461849446 -1.4894817957029207 -1.4889560742810672 -1.4889022524864188 -1.4893046349367585 -1.4895590777850911 -1.4898701842720579 -1.489958487979412 -1.4897237897187603 -1.4892880279153393 -1.4886492548286396 -1.4884131250789585 -1.4875442586477945 -1.4869652320538966 -1.4864801047623803 -1.486005285839779 -1.4852230205734875 -1.4838264896922215 -1.4821573426083883 -1.4801437022310184 -1.4778844161760678 -1.4761540478055064 -1.4746661733568716 -1.4719376197587621 -1.4701219811491306 -1.468322663129957 -1.4668082093024313 -1.464945378482653 -1.4634894971510677 -1.4619983863208192 -1.4602615938829342 -1.4586646516949504 -1.4566803659348972 -1.4564299342014466 -1.45476540289911 -1.4539563449658686 -1.4539186390438399 -1.452729030023447 -1.4530831610910375 -1.4526865271112641 -1.4525029905496019 -1.4514459936236273 -1.4513070341769714 -1.4502057021559502 -1.450369412107627 -1.4520509250076286 -1.449330819763183 -1.4478033771972862 -1.4501505982519936 -1.448910728399901 -1.4479663466214299 -1.447537549264031 -1.448729298030797 -1.4489430986159153 -1.448080813732565 -1.4470705601934974 -1.448214696580332 -1.4471076704900117 -1.4485651595740767 -1.4477094626657951 -1.447420280904633 -1.4481083961565102 -1.44807831598388 -1.4473086064693388 -1.4463193038899322 -1.446357128663013 -1.4475594288066898 -1.4480063437456094 -1.4475721787985292 -1.4476934721881174 -1.4444817425503156 -1.4458238941533947 -1.4482736042208186 -1.4502554037177964 -1.4457781739390243 -1.4232704510936682 -1.4500541051020246 -1.4566816850510271 -1.451692714292774 -1.4491557347101587 -1.4472426635869609 -1.4458859974541207 -1.444549256543281 -1.444361885400472 -1.4466855141317896 -1.4467727560115355 -1.4466927916920769 -1.4469951012285516 -1.4468540105228698 -1.4465887417881487 -1.4462983064632908 -1.4459721969380612 -1.4462236373047856 -1.4459884778786918 -1.4456592562676818 -1.4463803082170275 -1.4470979918481803 -1.448020671967094 -1.4498452680890472 -1.451791096678851 -1.4537408013262674 -1.4543598936017479 -1.455665476363559 -1.4573866205909436 -1.458994986036416 -1.4599708965156462 -1.4600981108692817 -1.462171958031818 -1.4641641122633107 -1.4675570663221784 -1.4702798720679968 -1.4723385039663646 -1.4738908469427143 -1.4751333304833827 -1.476154890795662 -1.477014611183827 -1.4777521204175417 -1.4783884707299477 
# Stellar mass-weighted [O/Fe]:
0 0.0 0.0 1.1473328870123591 1.1766723028036155 0.9067809183793827 0.7835954016905062 0.7348788967604787 0.357008092031619 0.10211806927128086 -0.041143825364370556 -0.13231377009823886 -0.19636506147379607 -0.24469140632344388 -0.2830282557757605 -0.3145387968620985 -0.3411186317388549 -0.3639960054377984 -0.38396000212050696 -0.4016216135095032 -0.4174217611128639 -0.4316791822574887 -0.44464416489460257 -0.4565048192331761 -0.4674205696293505 -0.47751623321764236 -0.4868946587504611 -0.4956367251258994 -0.5038164385297946 -0.5114953868266959 -0.5187251545711051 -0.5255498351357051 -0.532010483413756 -0.5381342667750041 -0.5439542537990323 -0.5494967859007909 -0.554780767158546 -0.5598218739924661 -0.5646408482030734 -0.5692639324641735 -0.5736944441699345 -0.5779478761366544 -0.5820750992132427 -0.5859783540761142 -0.5897899837808941 -0.5934074946068159 -0.5969492847663361 -0.6003186316098905 -0.6036222703114954 -0.6067738000322054 -0.6098678196658452 -0.6128299041662838 -0.6157365933238893 -0.6185215040105727 -0.6212660824257018 -0.62389301703577 -0.6264951516691851 -0.6289839479099251 -0.6314396469916866 -0.6338078633621035 -0.6361496872295876 -0.6383951052597927 -0.6406240283839728 -0.6427686462002641 -0.6448873600010794 -0.6469256390435596 -0.6489629525882904 -0.6509163737033654 -0.6528515557253903 -0.6547212192382936 -0.6565898480772159 -0.6583854920297697 -0.6601648209537624 -0.6618854757239198 -0.6636135471469847 -0.6652722953536429 -0.666917422679718 -0.6685082359023314 -0.6701068565050247 -0.6716538756339641 -0.6731855352140143 -0.6746610487568199 -0.6761375175899429 -0.6775797557833088 -0.6790222301236883 -0.6804058380735356 -0.6817809179891869 -0.6831181020209619 -0.6844612287442082 -0.685773504071943 -0.6870766288780236 -0.6883302059374676 -0.6895749662749988 -0.6907635013774626 -0.692004770075134 -0.6932169504971775 -0.6944126867603595 -0.6955577407277884 -0.696700394657078 -0.6978119119046402 -0.6989323926530655 -0.6977337117563502 -0.6970791600719698 -0.696558675028027 -0.6961033047217984 -0.6956959488067742 -0.6953315867107229 -0.6950034513918371 -0.6947055199108247 -0.6941787962542727 -0.6921708177492228 -0.6899203417814477 -0.688637397966738 -0.6879345319547039 -0.6874760558549422 -0.6870194757491834 -0.6868528698175909 -0.686811844170569 -0.6868464090727603 -0.6868646076477841 -0.6870270583214987 -0.6870839130066976 -0.687263443053356 -0.6872656616816728 -0.6876258167685607 -0.6877978497341899 -0.6886256088598218 -0.6892990630167096 -0.6898993372667405 -0.6905891300975526 -0.6915107805677028 -0.6920941686910529 -0.6928692571665938 -0.6935987853561405 -0.6941468510507031 
# Stellar mass-weighted [N/O]:
0 0.0 0.0 -1.6611521372094464 -1.8319061107007752 -1.5830279834142935 -1.1861553589036533 -0.8720230590706257 -0.6503502750099106 -0.49737008616887324 -0.3878122263436241 -0.30874765843018737 -0.25099600388569643 -0.20641611893293055 -0.16942705355323606 -0.13715620660331573 -0.10750923911269439 -0.07871337518875332 -0.050563238148887746 -0.02354064774710407 0.0006992026784744532 0.021584097150295745 0.03947907168773557 0.05501975721578678 0.06867647504367136 0.08034173054407978 0.08952738109431713 0.09636176681199138 0.10121378045072271 0.10439967534612371 0.10616610052841968 0.10671281409472666 0.10618981085196255 0.10472166931703486 0.10258910288097722 0.10038133668076987 0.09837502075625904 0.09658180909839176 0.09497769681710988 0.09350499986363647 0.09214228574708849 0.09087659296731787 0.08968825054978324 0.0885808751527698 0.08752832790717757 0.08652238433562809 0.08558450754945723 0.08469998606291851 0.08384287808123392 0.08302725525875165 0.08223040808390858 0.0814856336378249 0.08075760396880749 0.08006857902100362 0.07939843271964153 0.07876207185493689 0.07814905070980493 0.07755843422501685 0.0769869860377782 0.07644089837073698 0.07590498264429413 0.07538772051294373 0.07488892371864297 0.07441605436568577 0.0739429733690925 0.07348838838786809 0.07304817704499766 0.07262515927199242 0.0721918073070783 0.07179159867287532 0.07140667290612968 0.0710244450006221 0.07063845597067464 0.07027467556011446 0.06992258826264575 0.06957012902097237 0.06921845317874786 0.06888254587747955 0.06856129802366273 0.06825093986173736 0.06792557159431778 0.06761241054018052 0.06727814526218134 0.06701124495049193 0.06674077025486147 0.0664585514420073 0.06617110471733556 0.06589375090829097 0.06563047550511703 0.06538228077591801 0.06512449630343087 0.064862997795893 0.06460383479610166 0.06433773892482464 0.06411060242362554 0.06389554023008204 0.06366927096051289 0.06343830899212433 0.06320010535347476 0.0629739975371928 0.06275098727525408 0.06296975933064419 0.06309552939742502 0.06318377522830965 0.06324775466736754 0.06330093234064715 0.06335335059959779 0.06340691005445975 0.06346170936109963 0.06357443856079059 0.06393051510270731 0.06448189688924055 0.06490108640869652 0.06538049158448445 0.06579563470988103 0.0663073017285768 0.06685395504421965 0.06737108116303736 0.06755964519351065 0.06786742101969157 0.06838693535437856 0.068741113198175 0.069131038817564 0.06921273763220115 0.06988105107349774 0.07035299946491425 0.07168593260840705 0.07272063616751678 0.07363723433630831 0.07457604735330059 0.07564387382799997 0.07651203716220822 0.07736007575867765 0.07835891440955367 0.0789721811324684 
# Stellar mass-weighted [C/O]:
0 -1.1102230246251565e-16 -1.1102230246251565e-16 -1.1758139562102374 -1.2116833922433174 -0.9780972540205961 -0.8609508412405791 -0.8219098625427372 -0.7861144523886483 -0.7495304633674542 -0.7198577828410089 -0.6955256392809123 -0.6748446291846235 -0.6568948318877451 -0.6408948703437686 -0.6263096093149335 -0.6127000561266027 -0.5996519335407755 -0.5870797632800067 -0.5749472573296963 -0.5631333610718993 -0.5515701322634045 -0.5402917207347246 -0.5293108217778105 -0.5186150807179597 -0.5074976551815105 -0.4949158422582213 -0.48074477877676725 -0.46536263844906434 -0.4491796116133693 -0.4325302323513516 -0.4156509402335501 -0.39870751960596007 -0.38181004094136695 -0.36484333255001367 -0.34750759414719545 -0.3297974901408286 -0.3117409210831892 -0.29349387903054325 -0.2752535707424387 -0.25734081144332843 -0.23961832241395353 -0.22212540799635544 -0.205126427987744 -0.18832346594651123 -0.1720297520886362 -0.15598144807986658 -0.14049581672128292 -0.12505824398594534 -0.11047328762812308 -0.0958872548577473 -0.0820915064774817 -0.06847315121878544 -0.05570874505680168 -0.043391952775892084 -0.03147585290139254 -0.02009160597957177 -0.00930152134705875 0.0015293204260451998 0.01159026353780132 0.02139201898271778 0.031021674867657223 0.040375909750493516 0.04915087016878783 0.057924740966125404 0.06649990666636357 0.07461818601872858 0.08223657335767212 0.08985085045980515 0.09707881078683106 0.10386394878453573 0.11028852203782527 0.11670751590770528 0.12289138951699471 0.1287136339471048 0.1341713320420718 0.13964016690225978 0.14490660187472182 0.15014514519515187 0.15494863211838195 0.1596228314823358 0.16418598393964257 0.16880112388645804 0.17314548307984912 0.17723783998611814 0.1811205110479272 0.1850303014142191 0.18888563374062228 0.1927922710432328 0.1963214674923959 0.19968790125590757 0.2029454696488821 0.20624840878940548 0.2094819529260838 0.21280778386744562 0.21586018418095718 0.2187318508708354 0.22148058984697794 0.22425972562835003 0.22701082278493678 0.22982669906635644 0.22681682260372357 0.22514951621557158 0.22383526033402643 0.22269776957950216 0.22168347495722596 0.22076715856161022 0.21993140519075882 0.2191622231064346 0.21778096505282496 0.21258751110380358 0.2065100845092744 0.20286901742897526 0.2005030141903203 0.19880028316097173 0.1969460316983137 0.19572104540264618 0.19484829675354806 0.19466109331255532 0.1942215373866149 0.19381824493272573 0.19341453104564135 0.19326399568949149 0.1931348706253218 0.192991445498298 0.19266315774741055 0.19260666297956522 0.19262540222461227 0.19264324069496896 0.19283982131031507 0.1934291451034238 0.19345278702345112 0.19403480937812223 0.19421496873373534 0.1945879204459814 
# Stellar mass-weighted [O/H]:
0 -5.218485947384705 -6.5705972582337075 -4.744121329930351 -3.1592201048908324 -2.914716423792509 -2.852188468427965 -2.8430205146693437 -2.8445641208024215 -2.8455666037373977 -2.8456463719431087 -2.845077879687863 -2.844226624728231 -2.843228389913542 -2.842166417091355 -2.8410867039737626 -2.8400114040630076 -2.838962574175916 -2.837909700773346 -2.836884260148288 -2.835898837849258 -2.8349542369687315 -2.8340478154644995 -2.8331707267226562 -2.8323229717035607 -2.8315091701872186 -2.8307251649383556 -2.8299614767578207 -2.8292189898966447 -2.8285003863363656 -2.8278031883171186 -2.827126250174522 -2.8264657410356264 -2.8258196877154633 -2.8251929096094948 -2.824588169657366 -2.823992211565294 -2.8233980153565756 -2.8228220969791664 -2.822258415377891 -2.8217036482104856 -2.8211585023511443 -2.8206151567291444 -2.8200947275527595 -2.819573807284761 -2.8190732617324015 -2.818572629466048 -2.8180878710449635 -2.817606547045627 -2.817133743794053 -2.81666713760756 -2.81622160289463 -2.8157671243266753 -2.8153365309286107 -2.8148935769715457 -2.8144735673764156 -2.814065315005381 -2.813651644718253 -2.8132488110188936 -2.812866759835119 -2.8124693361483004 -2.8120844101442257 -2.81171300262419 -2.8113524980385387 -2.8109717844726756 -2.8106140907151946 -2.810274472069996 -2.8099261065684225 -2.809565178470069 -2.809233412302607 -2.8089136835168897 -2.808586200228265 -2.8082404772118394 -2.807925483102058 -2.807629639723678 -2.807325337747274 -2.8070004816417002 -2.8066889157638757 -2.8064023545297534 -2.806128521034175 -2.805834251975125 -2.805529583831241 -2.805232076608883 -2.8049686090542245 -2.8047109513941244 -2.8044423333615924 -2.8041549687864613 -2.8038693574367324 -2.803603652561975 -2.8033711778846024 -2.8031287936016875 -2.802874506959186 -2.802601823606511 -2.8023059690033305 -2.8020681371846443 -2.801862994782261 -2.8016421154992877 -2.8014071897748174 -2.8011565405114576 -2.8009076045188364 -2.8006554304288622 -2.800933590812228 -2.8011152750512025 -2.8012538345732105 -2.8013588397901747 -2.801441963515071 -2.801514865827267 -2.8015802134751393 -2.801645221691273 -2.80181988666253 -2.8023387826870527 -2.8029409995252292 -2.803263507271824 -2.8034865249575027 -2.80367598152543 -2.8038210086579554 -2.8038979504061228 -2.8039502124765754 -2.8039240607352793 -2.8039809304037515 -2.8039759693186843 -2.8039531744435644 -2.803958437399581 -2.8039657101559516 -2.8038928331423927 -2.803861353251629 -2.8036902704596436 -2.803568734471056 -2.803475690509112 -2.8033756702173607 -2.8031114339845766 -2.8030537596411396 -2.8028301833135023 -2.8027330768454384 -2.802591722635353 
# Gas [Mg/H]:
-5.218485947384705 -6.812943270487043 -4.6666408385782265 -2.640785847339737 -2.0834888604812445 -1.764004471645567 -1.572350509753539 -1.3917018175482125 -1.0823687951864356 -0.6728465133760944 -0.36871956483990864 -0.22136591024351926 -0.18825756912985359 -0.19481883053816595 -0.20900055105388127 -0.2200258008702045 -0.22319695926502892 -0.2221667262305811 -0.2206569847231581 -0.2229726343461662 -0.22946951290953432 -0.23700953041930628 -0.24494200008934985 -0.25285157870271924 -0.25926509025370326 -0.2622157511522074 -0.2637953915182836 -0.2651235325993735 -0.26544356330822794 -0.2675241263550694 -0.26848350671487964 -0.26881264773594804 -0.2695415031669244 -0.26709176100118714 -0.25198188416573686 -0.22963581064933702 -0.2072871005061998 -0.1866685189146775 -0.16496983918650265 -0.14682817414957228 -0.12854126594982063 -0.11194044655526891 -0.09660091266361004 -0.08153085556584028 -0.06788098628731731 -0.05497655163544923 -0.04250892561416464 -0.03091592159343648 -0.018824646922101174 -0.009517624737815034 4.9628227489328935e-05 0.0002940333237946291 -0.00482982803461951 -0.012456209755987047 -0.0232767293377103 -0.030195596551638282 -0.037341934925408715 -0.04884646825759287 -0.05601894487654935 -0.0649369563797535 -0.07340044655981792 -0.08089347291412263 -0.09021659943192706 -0.1008312842171204 -0.10310957936852194 -0.12114495124880609 -0.12763113979678398 -0.1346368333558976 -0.1426474088316052 -0.14431940755729222 -0.15132383520425297 -0.1619022103445813 -0.171171198216844 -0.17329974028757977 -0.1781779423645764 -0.1866816373872684 -0.1961231569656805 -0.2033201921768244 -0.2061970870035541 -0.21324591339503307 -0.22381054842831105 -0.23569905929189616 -0.24242609995059716 -0.24375700250692933 -0.24877740105354107 -0.2632280042544357 -0.27333990277986686 -0.2851968429454308 -0.2834247043131075 -0.2891452152268661 -0.30153162627878594 -0.31835351480662233 -0.315098536850841 -0.3257609111674462 -0.33327243291674424 -0.3360338156436704 -0.33815831145901143 -0.3513083608409078 -0.36953767919355585 -0.38040528641436744 -0.3884575555387224 -0.38763480803415096 -0.38616989021214376 -0.3849574697379161 -0.38567749508028637 -0.3878669988509458 -0.3898777000615423 -0.39227102797106816 -0.39488150614511497 -0.396099844421288 -0.4083189244004384 -0.42916580821183103 -0.44323321964844986 -0.45608886820468975 -0.46591172896970523 -0.47553964200638354 -0.48247325521967177 -0.4874851951326429 -0.4894413977818868 -0.4915218266781398 -0.49432138059517605 -0.49573907781020043 -0.4962014063806306 -0.4959244714752149 -0.49649471377803334 -0.4946320620087965 -0.4910123585902051 -0.4867311316063647 -0.4841117206528356 -0.48327186516554654 -0.4840253810398263 -0.4838857185674472 -0.4852182604926192 -0.4864507217505061 -0.48745744006240876 
# Gas [C/H]:
-5.218485947384705 -6.812943270487043 -5.671965974327508 -3.6324909688664127 -2.782546103789511 -2.2864635120649677 -2.007557259066332 -1.5557806502468345 -0.9728315952317308 -0.43477465302466367 -0.07882180664921412 0.10317596077205238 0.16280625836858187 0.17890600263530976 0.18490112532639813 0.19234628858559777 0.20550945381904118 0.22117993820074755 0.2364990887376468 0.25284009087744463 0.26929826028197645 0.28505739994921964 0.2990510220305711 0.31199503310522925 0.340634969163228 0.396959535927047 0.4600351137732903 0.516919243501528 0.5658119782822366 0.6077570034232349 0.6441308405331743 0.6760579811860103 0.7043972086683188 0.7331415615128045 0.769234706952175 0.8080134561567949 0.8447423537851431 0.8783164793836811 0.911706029567104 0.935965496976169 0.9622278133505153 0.9847052246402179 1.0063816104234324 1.0273065325801585 1.0461252992428989 1.0638178821303215 1.0805257477841899 1.0982980348850404 1.110330159858142 1.123742966663929 1.1370162140526094 1.1474754470561561 1.1532159080919153 1.1584914235837598 1.1638368612981713 1.1691384462605825 1.174258270418306 1.178812157443594 1.1834960052729522 1.18765586847443 1.1923630562979999 1.1973012228638078 1.2007637195770404 1.2042646720287338 1.2083312912423465 1.2103964197896504 1.208708302292743 1.206252886243735 1.20281461551467 1.1993131843835823 1.1959122665253155 1.1914218617064 1.1869896836976048 1.184957973487097 1.1816422860398337 1.1775576824631906 1.1699557388600632 1.1716697920002006 1.1693004495790156 1.1639851810109403 1.1596088791405514 1.1552605602775583 1.1516362422073918 1.1483548534020906 1.1449087687865398 1.140448457441325 1.136681951995604 1.1327180674017239 1.1296753273179 1.1266681950308377 1.122795979640539 1.119050475043819 1.11533758936288 1.1115522987987325 1.1082525938795 1.1055497936453729 1.102331510075369 1.0982471896963366 1.0947112006335566 1.091991014288089 1.0902783745779208 1.0874659305510224 1.0857780771033307 1.0844855845138555 1.0831430610054844 1.0818364350662648 1.0803964788857043 1.078912545012832 1.0774974289125874 1.0750300250051046 1.0626690430054402 1.038136269624642 1.013604676462394 0.9900484166611485 0.9684525673798015 0.9408131688514141 0.9165074576578038 0.8945610792891125 0.8881146159587594 0.874153333711845 0.8559060605133966 0.840678682985244 0.8314263114604286 0.8274852406430426 0.8112833579601499 0.7947477296502701 0.7659939991614615 0.7426741391433027 0.7231728239879005 0.705881686420808 0.6899183207287845 0.6769376844894528 0.6641601193464073 0.6529813689930926 0.6430116371170986 
# Gas [O/H]:
-5.218485947384705 -6.812943270487043 -4.4436747864335056 -2.4198428417076636 -1.9365763072237492 -1.685537700733585 -1.5266832646937871 -1.3427019428962268 -0.9986350958304335 -0.5661257041209051 -0.25391000270397246 -0.09946483781160831 -0.05759004782234811 -0.0574424144177188 -0.06794707369172404 -0.0794031536334514 -0.09114647034467449 -0.09610349792261319 -0.10277791465323416 -0.11147070943797255 -0.12080831588744623 -0.12948333754825248 -0.13815672168723925 -0.14668293200026916 -0.15445200436356288 -0.15988288668430783 -0.1649933298053492 -0.1699701409596508 -0.174966155449364 -0.17886253294702925 -0.18279151526702053 -0.18669300159015823 -0.19099164699339433 -0.19491591220549642 -0.1951424103850603 -0.19313482847462948 -0.1926293007854034 -0.19260790316664478 -0.18942164033045872 -0.18982144604809426 -0.18711525629453085 -0.18578520394323217 -0.18541169667330726 -0.18349573987518708 -0.18336253447919493 -0.1819095247292557 -0.18118563535940613 -0.1807080639910299 -0.1782175076795256 -0.18013019967390198 -0.1765430986510248 -0.17712946205853175 -0.1762624470504579 -0.17552389578228178 -0.1795122836649603 -0.17616980393658954 -0.17482942583485217 -0.18161717868379768 -0.17549245855706186 -0.17378658315734796 -0.17880594582470888 -0.17732352926892014 -0.17583380670834314 -0.1768804157487076 -0.18052853202595642 -0.17678272699952036 -0.1751595247973201 -0.18164726127402187 -0.18551349144301854 -0.18127488949088422 -0.18217519179266928 -0.18882705392208043 -0.1948362257573204 -0.1887069909475776 -0.18538652615091378 -0.19293327829712448 -0.20086253608699334 -0.20022087007805078 -0.19445891559517303 -0.19492815645172223 -0.20069459347681207 -0.20851056280448654 -0.20815800821890607 -0.201492755769745 -0.20074749176455953 -0.20610230126079676 -0.21417961772786054 -0.2193635857193268 -0.2116788415118278 -0.20694542116064607 -0.21100907547422532 -0.21318074042554658 -0.19822545453554374 -0.23259718130461282 -0.2333046138724031 -0.21915809674203768 -0.21595015168151477 -0.21886671596968688 -0.224929131817039 -0.2311839955200008 -0.23649403461230456 -0.2350862159902949 -0.2306895325713323 -0.22815219527862718 -0.2279174609280048 -0.22844064996400437 -0.22963511631929956 -0.23134131114604406 -0.23279847197822878 -0.23257023036176472 -0.23621303200889088 -0.24418097007064166 -0.2508672878710625 -0.2573670335628502 -0.26233578047777284 -0.2678045378749987 -0.2725447334695228 -0.27638679879219863 -0.2780650010550767 -0.27977838523174503 -0.28261080903774216 -0.2837187237986383 -0.28429270293038655 -0.2836853120284544 -0.28474297077454924 -0.28340655908396073 -0.28087168053401257 -0.27761713582576775 -0.27584691614979295 -0.2756142286038208 -0.27686670940099045 -0.27713389372729713 -0.27882394590459425 -0.28033074633399035 -0.28160333308022567 
# Gas [N/O]:
0.0 0.0 -1.858182784759276 -1.8370639960278523 -1.4457370461393397 -0.7200697823058926 -0.06404759821001305 0.4613955988257103 0.7634264337657121 0.920614925113583 0.9857801033456693 1.0089194796249459 1.0169399599590392 1.028094367227699 1.044735550790427 1.0707863906626818 1.1119639702920732 1.1511467391132797 1.1873033446635506 1.2047459310744975 1.205168354581484 1.1975094923650136 1.187817748520332 1.1777235609893297 1.1588149319207484 1.1189679937690078 1.0631742093071714 0.9961708184131725 0.9182646737169426 0.8253539769931116 0.712363937302701 0.5654095281051281 0.35221589551843846 0.01753020758274315 -0.38744073907602505 -0.7180930404630457 -0.8893328655008423 -0.9055009473020936 -0.9645786154235019 -0.98345391167483 -0.9823385699019007 -0.9784573415342905 -0.9782357129296004 -0.9877986193331938 -1.0761182145987989 -0.9695635036224799 -0.9475048940214048 -0.9665391739255007 -0.9876869903284202 -1.016527965961565 -0.9995462262432417 -0.982586476752014 -0.9712397498270038 -0.9675324803568921 -0.9358749411905956 -0.9327236297184702 -0.9232474315816899 -0.8862060618866876 -0.8951291795687104 -0.8828818604663049 -0.868043340677473 -0.8565009357697624 -0.8441222520134863 -0.8281996222388772 -0.8213396870952372 -0.8490745913745537 -0.8041961287990402 -0.8409963296863592 -0.7959380669833811 -0.7799361134058902 -0.7863324013278195 -0.7934894149361766 -0.7868827067833475 -0.7985096300824832 -0.806459729259283 -0.7909585686369509 -0.7835058029546673 -0.777954559673028 -0.7786779818019096 -0.8083029164690925 -0.7835577857066465 -0.9523138122330208 -0.7215408261406282 -0.7137773870269599 -0.7474272041126635 -0.7551864072440277 -0.7774444101462838 -0.7453797966975884 -0.7607417270496659 -0.774606816222168 -0.7876442818192984 -0.7500815351206787 -0.7357550579943688 -0.7476883717010021 -0.7731576377969611 -0.761533935774765 -0.7433571955040277 -0.7553575766641079 -0.7517585119013566 -0.7681247167250118 -0.7422198565620359 -0.7387930209482358 -0.7387453965029762 -0.7403428760733124 -0.7440609188628204 -0.7442904886093635 -0.7472000134866796 -0.7460297225826424 -0.7445931643620032 -0.7429601098180445 -0.7518563671411191 -0.7562767636179766 -0.758036590396602 -0.7577025225034413 -0.7587017858710448 -0.7617117205228114 -0.7663135929551659 -0.7717764690494664 -0.7729167175941527 -0.7769704043501371 -0.7825959743947408 -0.788138617141811 -0.7922302261699021 -0.7946965668038575 -0.8020039246214561 -0.8124718219101343 -0.831288224309678 -0.8490883872304185 -0.8631684209071837 -0.8738981362132745 -0.8824468005403341 -0.8903494411342272 -0.8944028784486084 -0.9003717073196824 -0.9042695393972178 
# Gas [N/H]:
-5.218485947384705 -6.812943270487043 -6.30185757119278 -4.2569068377355155 -3.38231335336309 -2.4056074830394767 -1.5907308629037997 -0.8813063440705164 -0.23520866206472224 0.35448922099267755 0.731870100641697 0.9094546418133373 0.9593499121366906 0.97065195280998 0.9767884770987032 0.9913832370292304 1.0208174999473987 1.0550432411906665 1.0845254300103164 1.093275221636525 1.084360038694038 1.0680261548167609 1.049661026833093 1.0310406289890603 1.0043629275571857 0.9590851070847002 0.8981808795018216 0.8262006774535218 0.7432985182675789 0.6464914440460823 0.5295724220356806 0.3787165265149701 0.1612242485250448 -0.17738570462275316 -0.5825831494610849 -0.9112278689376749 -1.081962166286245 -1.0981088504687389 -1.1540002557539601 -1.1732753577229245 -1.1694538261964311 -1.1642425454775234 -1.1636474096029081 -1.17129435920838 -1.2594807490779942 -1.1514730283517363 -1.128690529380811 -1.1472472379165302 -1.1659044980079454 -1.1966581656354665 -1.1760893248942663 -1.159715938810546 -1.1475021968774612 -1.1430563761391745 -1.1153872248555556 -1.1088934336550595 -1.098076857416542 -1.067823240570485 -1.0706216381257727 -1.0566684436236535 -1.046849286502181 -1.0338244650386832 -1.0199560587218288 -1.005080037987585 -1.001868219121194 -1.025857318374074 -0.9793556535963601 -1.0226435909603806 -0.9814515584264001 -0.9612110028967749 -0.9685075931204885 -0.9823164688582571 -0.9817189325406677 -0.9872166210300604 -0.9918462554101968 -0.9838918469340756 -0.9843683390416604 -0.9781754297510794 -0.9731368973970822 -1.0032310729208138 -0.9842523791834594 -1.1608243750375076 -0.9296988343595345 -0.9152701427967047 -0.9481746958772224 -0.9612887085048243 -0.9916240278741446 -0.9647433824169154 -0.9724205685614935 -0.9815522373828136 -0.9986533572935237 -0.9632622755462252 -0.9339805125299128 -0.9802855530056149 -1.0064622516693644 -0.9806920325168029 -0.9593073471855424 -0.974224292633795 -0.976687643718396 -0.9993087122450133 -0.9787138911743414 -0.9738792369385312 -0.9694349290743078 -0.9684950713519394 -0.9719783797908246 -0.9727311385733683 -0.9768351298059796 -0.9773710337286863 -0.977391636340232 -0.9755303401798088 -0.9880693991500102 -1.0004577336886182 -1.008903878267665 -1.0150695560662921 -1.0210375663488183 -1.02951625839781 -1.0388583264246884 -1.048163267841665 -1.0509817186492283 -1.0567487895818823 -1.0652067834324823 -1.0718573409404497 -1.076522929100288 -1.0783818788323112 -1.086746895396006 -1.0958783809940957 -1.1121599048436908 -1.1267055230561862 -1.1390153370569767 -1.1495123648170953 -1.1593135099413248 -1.167483334861525 -1.1732268243532022 -1.180702453653673 -1.185872872477443 
# Gas [C/O]:
0.0 0.0 -1.2282911878940026 -1.2126481271587493 -0.8459697965657613 -0.6009258113313833 -0.4808739943725444 -0.21307870735060802 0.02580350059870251 0.1313510510962414 0.175088196054758 0.20264079858366085 0.2203963061909302 0.23634841705302861 0.2528481990181219 0.27174944221904895 0.29665592416371556 0.3172834361233606 0.3392770033908814 0.36431080031541696 0.39010657616942257 0.4145407374974719 0.43720774371780996 0.45867796510549835 0.49508697352679015 0.5568424226113546 0.6250284435786397 0.686889384461179 0.7407781337316004 0.7866195363702639 0.826922355800195 0.8627509827761686 0.8953888556617134 0.9280574737183006 0.9643771173372347 1.0011482846314248 1.0373716545705465 1.0709243825503263 1.1011276698975627 1.1257869430242637 1.1493430696450462 1.17049042858345 1.1917933070967397 1.2108022724553453 1.2294878337220938 1.2457274068595774 1.2617113831435958 1.2790060988760703 1.2885476675376677 1.303873166337831 1.3135593127036345 1.3246049091146885 1.3294783551423734 1.334015319366042 1.3433491449631314 1.3453082501971716 1.349087696253158 1.3604293361273914 1.3589884638300143 1.3614424516317785 1.3711690021227083 1.3746247521327286 1.3765975262853836 1.3811450877774416 1.3888598232683027 1.3871791467891705 1.3838678270900628 1.3879001475177564 1.3883281069576885 1.380588073874467 1.378087458317985 1.3802489156284803 1.381825909454925 1.373664964434675 1.3670288121907475 1.370490960760315 1.3708182749470565 1.3718906620782516 1.3637593651741882 1.3589133374626625 1.3603034726173642 1.3637711230820453 1.3597942504262979 1.3498476091718357 1.3456562605510993 1.3465507587021217 1.3508615697234652 1.3520816531210507 1.3413541688297277 1.333613616191483 1.3338050551147642 1.3322312154693658 1.313563043898424 1.3441494801033453 1.3415572077519027 1.3247078903874103 1.318281661756884 1.3171139056660235 1.3196403324505963 1.32317500980809 1.3267724091902255 1.3225521465413177 1.3164676096746628 1.3126377797924824 1.3110605219334885 1.3102770850302699 1.310031595205004 1.3102538561588761 1.3102959008908162 1.307600255366869 1.2988820750143313 1.2823172396952838 1.2644719643334568 1.247415450223999 1.2307883478575743 1.2086177067264123 1.1890521911273262 1.1709478780813112 1.1661796170138357 1.1539317189435907 1.138516869551139 1.1243974067838824 1.1157190143908147 1.111170552671497 1.0960263287346996 1.0781542887342308 1.046865679695474 1.0202912749690707 0.9990197401376936 0.9814959150246293 0.966785030129775 0.9540715782167498 0.9429840652510013 0.9333121153270828 0.9246149701973245 
# Gas [Ca/H]:
-5.218485947384705 -6.812943270487043 -4.949529098367375 -2.9223889117048216 -2.32711209219445 -1.9667977005488195 -1.7286471589833887 -0.6299616516780242 0.13035392626497266 0.7064305446154853 1.062964738209316 1.2324217203986674 1.2773426995693402 1.2770685498965113 1.2651827803172369 1.2520280842846399 1.2400474603596328 1.229428155406863 1.219678082846749 1.2104527103442573 1.201049385272726 1.1927955451778818 1.1843717471751862 1.1761562827929861 1.1684721890603207 1.1628134749411112 1.157258285476467 1.1516587481937135 1.146422118646278 1.1416506795817494 1.1371791813095946 1.1327519762497076 1.1279702028106664 1.123267602181266 1.121675690927475 1.1220027600232978 1.1204878314915634 1.1205287635610919 1.119081030190272 1.1166251884520433 1.1172302495077133 1.1172448320933421 1.1160078252837105 1.116652537684744 1.1144450191591435 1.1143289821064046 1.1136514887651474 1.1125347157626182 1.1134387076605554 1.109536498821817 1.1128376135847144 1.1106072963103744 1.1106853166862676 1.1113587382606909 1.1061040768051074 1.1098208245281311 1.1107327878802264 1.1039814620340715 1.1089004041579615 1.110563728377418 1.1044500898520662 1.1060590963237749 1.1091971394290443 1.105591014370563 1.0999825035919182 1.1063202917214516 1.1068471682834558 1.0992915730971689 1.0949711491420606 1.1004185115480833 1.0997358086765994 1.0922528159711753 1.0852757900966736 1.0925478479914013 1.0947126444324873 1.088637363854505 1.0798337506478868 1.0801721048956079 1.0866354286163045 1.0861625745003645 1.0796148405669754 1.0707905781549396 1.0712684102676642 1.0790221395218698 1.0802192790462248 1.0744239756110714 1.066485295809911 1.0581531958343042 1.06715429484826 1.0741697997733484 1.0722530343424639 1.0656229511213535 1.0580184948839477 1.0504565740956968 1.0564092311622613 1.0656172047547185 1.0662953924055927 1.061279564301917 1.0538889532105244 1.0463309487296568 1.0408734219077402 1.0446310649323856 1.0494491070261045 1.0517373424860201 1.052139373206387 1.051395902160733 1.049921843392486 1.0479429010989847 1.046169287270204 1.046645603151899 1.0427655135393517 1.03448032147399 1.0285009707372907 1.0227210916257459 1.0186710249663866 1.0150276327373584 1.012231520274808 1.0103455723891868 1.0092837267983015 1.0088789684099302 1.0077634933533979 1.008264514625699 1.0086661745723822 1.0094013367296926 1.0104246183809744 1.0137439120541227 1.0196639886335763 1.0256480937096653 1.029475292551468 1.031259619355219 1.0312505411350488 1.0320045076450093 1.0311745873731901 1.0304052652030347 1.0297688208242972 
# Gas [Ne/H]:
-5.218485947384705 -6.812943270487043 -4.591432133395159 -2.5654223151268836 -2.0025789624976538 -1.7229461333709333 -1.5804992817538182 -1.4841452041364889 -1.3573515931386186 -1.1569033681444525 -1.0178651622707289 -0.9465317529133372 -0.9460177673074011 -0.9558688404895888 -0.968168169775935 -0.9777285310039314 -0.9892771208825932 -0.9963564675837402 -1.0012125365652826 -1.0082155701161204 -1.0161669406838616 -1.0235688461292405 -1.031558261730547 -1.0390285722932369 -1.0459319192156462 -1.0498057901082358 -1.0533433390024296 -1.0579762860220931 -1.06020134993756 -1.061625724559736 -1.061977739651966 -1.0643954543695582 -1.0683635062423624 -1.0680249935631112 -1.0569361037952474 -1.0435430042054463 -1.0275984396192408 -1.0111309079311948 -0.9941219588026602 -0.9804809566916735 -0.9679985788316854 -0.9556409311672072 -0.9459320111438547 -0.9304820572298045 -0.9229673314661255 -0.9096831125469791 -0.9020045118308584 -0.8886841426746663 -0.8854590386491079 -0.8759983984504336 -0.8668566743911237 -0.8582486901054782 -0.8573079611657413 -0.8551106620374078 -0.8493587483809737 -0.8400990063336788 -0.839820312954159 -0.8355864193301983 -0.766625184376136 -0.8483263066357036 -0.8679969252790967 -0.836966410064619 -0.8276408485593008 -0.8166623736299314 -0.819302670892335 -0.8127554813511741 -0.8165303591261024 -0.8211985589898925 -0.8305060315450463 -0.829695692674651 -0.8381624188475412 -0.8424265588111597 -0.8528384117711107 -0.8505768327206527 -0.8567337718345671 -0.8613757219423972 -0.8730687339884895 -0.8746471971095797 -0.8793281289310162 -0.881280261059656 -0.8911426975710022 -0.8965067647233065 -0.9044047857499251 -0.9013380783810785 -0.9176158979285098 -0.9188809899602983 -0.9272094888143627 -0.9375771499663585 -0.9350113803675857 -0.9316842194175203 -0.9422278142829388 -0.9494747082831569 -0.9602952705927628 -0.9677830764788009 -0.9742011860876625 -0.967574304175133 -0.9757029163042334 -0.9798624962467066 -0.9888492057585134 -0.9912588066110937 -1.0106964027923064 -1.0178878525437378 -1.0105363748227 -1.0095661535259186 -1.0114552888984498 -1.0133491023593875 -1.0155547065803043 -1.0183439537193557 -1.0210238211330758 -1.0239419600831985 -1.0386549740504263 -1.0650174475470893 -1.083453331148573 -1.1004650022245315 -1.1140125956654696 -1.1281779130323448 -1.1386578561192264 -1.145648655339512 -1.1491392342995246 -1.1527616062234065 -1.1578236894681124 -1.160727475755622 -1.1624175380454478 -1.1624599507122406 -1.1644924576058475 -1.1647196605118921 -1.163972623893489 -1.1618384820090952 -1.1607492126796952 -1.1611917640668423 -1.1628150479354318 -1.1633519808349995 -1.1651714816332976 -1.1667979813740104 -1.1681796861847635 
# Gas [Si/H]:
-5.218485947384705 -6.812943270487043 -4.639524389193079 -2.6130014822600156 -2.032629628813865 -1.6821387439882693 -1.4649008836027946 -0.6530936010705988 0.06977204872065013 0.638719114818934 0.9934496300142115 1.1623832131502305 1.2072002235707386 1.2068859975849002 1.1949768104895107 1.1818005441117663 1.1698571373405633 1.1592695084120672 1.1495099174806018 1.1402955346934438 1.1309048016347343 1.1226283484954278 1.1142022198014345 1.106000328634447 1.0983226191436746 1.092655312861278 1.087117297352687 1.0815061563423796 1.0762761764841766 1.0714962647452881 1.066989132823534 1.062605449752025 1.0578509220824572 1.053149915787396 1.0515558525987272 1.051882271813228 1.0504102685783008 1.0481576701247057 1.0496262801681446 1.0477566336169954 1.0477564676707503 1.0472898145055822 1.0458686887405126 1.046299481977646 1.0445990768304356 1.0445971086357888 1.043849456327099 1.042581190750151 1.043485393690363 1.0395971934927926 1.0429694530666742 1.0407284871297775 1.0407600301688635 1.0414240029604396 1.0362469837013148 1.039906520784232 1.0408605492862124 1.03386331759725 1.0389296869034101 1.0404617573068466 1.03435464072398 1.0359597834032446 1.0391306606106143 1.0353306046801567 1.0301643027940868 1.036228460987794 1.0366227054565642 1.0291761118799627 1.0248990255909014 1.0303048647980244 1.0296324642547932 1.0220982445116258 1.0150844046753122 1.0223463365875292 1.0245784015359964 1.0184695226415004 1.0096999146153651 1.0100400942725032 1.0164975545558144 1.0159975992590895 1.0094491038120492 1.0006350040920764 1.0010512055442677 1.0088632561298585 1.0100888632206058 1.0043361961860535 0.9963653581251912 0.9880005432906045 0.9969377157168027 1.0041027095116926 1.0020706807091044 0.995404129827997 0.987878229085168 0.980258775287087 0.9861259552745616 0.9954177790803014 0.9960454151522247 0.9911239117688728 0.9837142804257386 0.9761570356547065 0.9707155238785901 0.9744449998976821 0.9789034215783956 0.9813364627582164 0.9818627118878518 0.9812034062220123 0.9797354237652929 0.9777319092786789 0.9759472196982522 0.9764280454784697 0.9725412531244286 0.9642392024753046 0.9582595865052812 0.9524920932756129 0.9484445465228171 0.9447992634152436 0.9420048466137434 0.9401113559565597 0.9390525381650399 0.9386438134288881 0.9375298431045147 0.938031913419398 0.9384333877677835 0.9391678636770822 0.9401828996524157 0.9435096292023131 0.9494342264571469 0.9554091732833965 0.9592357499849067 0.9610204069164316 0.961010265131709 0.9617637737418825 0.9609338545051798 0.960164209382472 0.9595280662490313 
# Gas [S/H]:
-5.218485947384704 -6.812943270487044 -4.71658351482574 -2.689365648907865 -2.087771067982713 -1.7288649177188766 -1.5107497904572513 -0.6694872641776124 0.05864290124577831 0.6286341513652518 0.983593188240695 1.1526077228851248 1.1974542216692043 1.197156144022065 1.1852574434212562 1.1720817528588592 1.1601435497810475 1.1495658071126629 1.139787807420447 1.130568653012019 1.1211853327377246 1.1129192317409506 1.104501473602939 1.096279723394117 1.0886091288064397 1.0829490568089137 1.0774143761918036 1.0718229502786456 1.0665750769225157 1.0618027232376845 1.057272649127364 1.0528967678598349 1.048151791469007 1.043442499292643 1.04184623373353 1.0421702426506192 1.0406944851463997 1.038395610992962 1.0398587685404186 1.0379725897681311 1.0379823364106144 1.0375036581379993 1.0360936370072968 1.036481108934848 1.0347566750477304 1.0347751058563524 1.0339987441002756 1.032736978823968 1.033605260621019 1.029740629875163 1.0330736987657763 1.0308141738307843 1.0308800249540426 1.0315805188723406 1.0264128833962713 1.0301211086667514 1.0310502478568502 1.0240696167178562 1.0291531692582723 1.0307152392573347 1.0246118596712095 1.0262108357501236 1.0294252778517405 1.025670391974661 1.0206998177179099 1.026527102305637 1.0268682222243943 1.019479013659419 1.0150759272681338 1.020670872443981 1.0200782094658418 1.012515642343021 1.0054794840352548 1.012708814582981 1.0149429151278073 1.0089013961070799 1.0000826213490273 1.0004000966914837 1.0069028845121037 1.0063868152392113 0.9998353315575184 0.9910320740597807 0.9914283288526375 0.9992357361391644 1.0005062191440564 0.9946983569417123 0.9867641489607557 0.9784304206256751 0.9873744956434938 0.994432176815597 0.9925131631753366 0.9858386644736288 0.9783552897347163 0.9707033497161452 0.9765922139205805 0.9857673802874403 0.9865379891456261 0.9815745819209578 0.974149897052401 0.9665473687732442 0.9611183896192941 0.9648858111254133 0.9693157837464246 0.9717466619762845 0.9723012201078003 0.9716436713274383 0.9701785035554051 0.9681828369745107 0.9664021771984457 0.9668931220467818 0.9630031840216362 0.9547136701435064 0.94874164153532 0.9429594442677858 0.9389141363500029 0.9352703748122515 0.9324782819105244 0.9305853178699 0.9295254463644982 0.9291095524361301 0.9280056177738003 0.9285047684323553 0.9289053137229204 0.9296391032607816 0.930653480525832 0.9339774875122657 0.9398990523678008 0.945870289056332 0.9496940350313752 0.951477795108695 0.9514672175452499 0.9522203565386955 0.9513909897021429 0.9506214512792104 0.9499854618302339 
# Stellar mass-weighted [Mg/H]:
0 -5.218485947384705 -6.5705972582337075 -4.964742234381845 -3.3801475722346446 -3.0941924009978647 -3.0072253906397144 -2.990310598586438 -2.990590304174847 -2.991801246084755 -2.992131880843509 -2.9916713669614996 -2.9908997252345317 -2.9899996864921032 -2.989038722459016 -2.988046524415423 -2.987026028998038 -2.985958221838202 -2.984852477800099 -2.9837318424976074 -2.982629769640617 -2.981569660163938 -2.980553984509215 -2.979573200411524 -2.9786255790472564 -2.977711393181732 -2.976822033600154 -2.975945553747077 -2.9750835398009032 -2.974235066898377 -2.9734115114974102 -2.972605073702888 -2.9718100244266656 -2.9710253604522547 -2.9702455580055416 -2.9694426851724955 -2.968594053550204 -2.9676927922780294 -2.966761927664674 -2.9658051391019606 -2.964819681936265 -2.963814363501452 -2.962780356882698 -2.96174810559196 -2.960689850016065 -2.9596356799568717 -2.958560332343783 -2.9574909347027045 -2.9564024381276512 -2.955320075060099 -2.9542176676722844 -2.953152547190542 -2.952095868092652 -2.951118345073704 -2.950169047300217 -2.9492834686861125 -2.948447300805716 -2.947645735823996 -2.9468667581266805 -2.946157072012107 -2.9454603516449858 -2.9447858535499014 -2.944145758363189 -2.943554615087904 -2.942958615210343 -2.942375959586937 -2.9418708445953206 -2.941370770491395 -2.940847891583175 -2.9403632352343845 -2.9399016506251066 -2.9394485782831863 -2.938977930682128 -2.9385427060976665 -2.938141274641662 -2.9377488886018304 -2.9373309544885027 -2.9369267828542025 -2.936559486635473 -2.936221519338404 -2.9358702028272425 -2.935512411278504 -2.935162664552598 -2.93485698432504 -2.9345672278775803 -2.934273719530707 -2.9339697171703536 -2.9336650656155108 -2.9333856804629184 -2.933145105062235 -2.9329084462616697 -2.932666718806418 -2.932418806036031 -2.9321548209496013 -2.931912090358777 -2.9317152600704093 -2.9315226519997966 -2.931317280741 -2.9311031995873416 -2.9308991602314354 -2.930691054916914 -2.9309871047169915 -2.9311890985188827 -2.9313496989838006 -2.9314768367951753 -2.931580099638457 -2.9316719143507877 -2.931755183252873 -2.9318371748146124 -2.9320428231228703 -2.9326995750318847 -2.9334793499879215 -2.9339171604669074 -2.934211498358354 -2.9344566451471525 -2.9346629671302464 -2.9347774497587746 -2.934855628106641 -2.9348311502290514 -2.9349035061800723 -2.934904464575456 -2.934892840338173 -2.934899091439406 -2.934912774562994 -2.934831707663177 -2.934810147360988 -2.934621625108309 -2.9344866270986243 -2.934385780672576 -2.9342759464592847 -2.9339625183720477 -2.9339048315929857 -2.9336390133688806 -2.933534096970323 -2.9333667157625314 
# Stellar mass-weighted [C/H]:
0 -5.218485947384705 -6.570597258233709 -5.919935286140587 -4.370903497134151 -3.8928136778131046 -3.713139309668544 -3.6649303772120803 -3.6306785731910693 -3.5950970671048514 -3.565504154784117 -3.5406035189687755 -3.5190712539128546 -3.500123221801287 -3.483061287435124 -3.4673963132886962 -3.4527114601896107 -3.438614507716691 -3.4249894640533523 -3.411831517477985 -3.399032198921156 -3.386524369232136 -3.3743395361992246 -3.362481548500467 -3.3509380524215207 -3.3390068253687293 -3.3256410071965767 -3.310706255534588 -3.2945816283457097 -3.2776799979497353 -3.260333420668471 -3.2427771904080718 -3.2251732606415864 -3.2076297286568307 -3.1900362421595085 -3.1720957638045606 -3.1537897017061223 -3.1351389364397653 -3.1163159760097097 -3.0975119861203293 -3.0790444596538142 -3.0607768247650977 -3.0427405647255004 -3.025221155540504 -3.007897273231272 -2.9911030138210375 -2.974554077545915 -2.9585836877662466 -2.9426647910315724 -2.927607031422176 -2.9125543924653066 -2.8983131093721113 -2.8842402755454604 -2.871045275985413 -2.8582855297474374 -2.8459494202778073 -2.8341569209849524 -2.8229531660653118 -2.811719490592848 -2.8012764962973185 -2.7910773171655823 -2.781062735276568 -2.7713370928736962 -2.762201627869751 -2.753047043506549 -2.744114184048831 -2.7356562860512676 -2.727689533210751 -2.719714328010264 -2.712154601515775 -2.705049734732354 -2.69829767819044 -2.6915329613041337 -2.685034093585063 -2.678916005776572 -2.673154005705203 -2.6673603147394402 -2.6617823138891534 -2.6562572093346013 -2.6511798889157934 -2.64621142049279 -2.6413435998915977 -2.6364309527224243 -2.6318231259743756 -2.6274731114080065 -2.623321822313665 -2.619124667372242 -2.6149837236961098 -2.610811381518742 -2.6070497103922072 -2.6034408923457804 -2.5999290373103046 -2.596353414817105 -2.5928240160772473 -2.589260353317198 -2.586002810601304 -2.5829102646284525 -2.5799265999278393 -2.576896814883108 -2.5738967817338994 -2.5708287313625053 -2.574116768208504 -2.575965758835631 -2.577418574239184 -2.578661070210673 -2.579758488557845 -2.5807477072656573 -2.5816488082843803 -2.5824829985848377 -2.5840389216097046 -2.589751271583249 -2.5964309150159552 -2.6003944898428486 -2.6029835107671824 -2.6048756983644585 -2.6068749769596424 -2.608176905003477 -2.609101915723027 -2.6092629674227235 -2.6097593930171357 -2.6101577243859584 -2.6105386433979225 -2.6106944417100895 -2.61083083953063 -2.6109013876440947 -2.611198195504219 -2.6110836074800785 -2.6109433322464435 -2.6108324498141435 -2.6105358489070456 -2.609682288881153 -2.609600972617688 -2.60879537393538 -2.608518108111703 -2.608003802189372 
# Stellar mass-weighted [N/H]:
0 -5.218485947384705 -6.5705972582337075 -6.405273467139796 -4.991126215591608 -4.4977444072068025 -4.0383438273316195 -3.71504357373997 -3.494914395812332 -3.3429366899062707 -3.233458598286732 -3.153825538118051 -3.0952226286139277 -3.049644508846473 -3.0115934706445913 -2.9782429105770793 -2.947520643175702 -2.9176759493646687 -2.8884729389222326 -2.8604249078953927 -2.835199635170783 -2.813370139818435 -2.7945687437767637 -2.7781509695068696 -2.7636464966598897 -2.7511674396431394 -2.741197783844039 -2.733599709945829 -2.7280052094459224 -2.7241007109902426 -2.7216370877886993 -2.720413436079795 -2.7202759301836643 -2.721098018398429 -2.722603806728518 -2.724206832976596 -2.725617190809034 -2.726816206258184 -2.7278444001620556 -2.728753415514255 -2.7295613624633974 -2.7302819093838258 -2.730926906179362 -2.7315138523999902 -2.7320454793775832 -2.7325508773967737 -2.7329881219165912 -2.7333878849820445 -2.733763668964394 -2.7341064885353017 -2.73443672952365 -2.734735969256805 -2.7350095203578677 -2.7352679519076073 -2.735495144251904 -2.7357114955214774 -2.735916264295576 -2.7360932104932365 -2.7362618249811153 -2.736425861464382 -2.736564353504005 -2.736696689631281 -2.7368240789055465 -2.7369364436728523 -2.737028811103582 -2.737125702327326 -2.737226295024999 -2.73730094729643 -2.737373371162991 -2.737441813629731 -2.73750701061076 -2.7375617552276434 -2.7376020212411643 -2.737650807541943 -2.737707051461032 -2.737755208726302 -2.737782028462952 -2.737806369886397 -2.737841056506091 -2.7378775811724383 -2.7379086803808077 -2.73791717329106 -2.737953931346702 -2.7379573641037327 -2.7379701811392625 -2.737983781919585 -2.7379838640691254 -2.7379756065284413 -2.7379731770568574 -2.7379888971086848 -2.7380042972982563 -2.738011509163293 -2.7379979888104096 -2.737968230078507 -2.7379575347610183 -2.7379674545521793 -2.737972844538775 -2.7379688807826934 -2.737956435157983 -2.7379336069816436 -2.7379044431536084 -2.7379638314815846 -2.7380197456537774 -2.738070059344901 -2.7381110851228074 -2.7381410311744236 -2.7381615152276693 -2.7381733034206803 -2.738183512330173 -2.7382454481017398 -2.7384082675843455 -2.7384591026359884 -2.738362420863128 -2.7381060333730183 -2.7378803468155493 -2.737513706929379 -2.737043995361903 -2.7365791313135377 -2.736364415541769 -2.73611350938406 -2.735589033964305 -2.735212061245389 -2.7348273985820173 -2.7347529725237507 -2.7340117820688947 -2.733508353786715 -2.7320043378512366 -2.7308480983035386 -2.7298384561728035 -2.7287996228640603 -2.727467560156576 -2.726541722478932 -2.725470107554824 -2.7243741624358844 -2.7236195415028854 
# Stellar mass-weighted [Ca/H]:
0 -5.218485947384705 -6.5705972582337075 -5.242315133711859 -3.66165019828407 -3.3532801810345543 -3.2503970425342974 -3.2244222942370584 -3.0756617192838274 -2.9301948592222384 -2.8326889626475946 -2.7649416595700327 -2.7147704450456462 -2.67548726970559 -2.6434406137765034 -2.6165087889809744 -2.593370179150531 -2.573150201356407 -2.555242164835269 -2.5392058821245094 -2.524715018707518 -2.5115232419231663 -2.4994295319501205 -2.488278460794062 -2.477942054117152 -2.468324955964091 -2.459339563275252 -2.450911632115952 -2.4429804157939277 -2.4354985379681686 -2.4284211934820057 -2.4217092500193864 -2.4153269789293645 -2.4092486638588717 -2.403451132912643 -2.3979145935486095 -2.3926113010185404 -2.3875209466532894 -2.38259398225763 -2.377921777129359 -2.3734261283573943 -2.3690776174506194 -2.364832323840915 -2.3608063056496125 -2.356856122943384 -2.353107682542346 -2.349424978262517 -2.3459088514787485 -2.342451146665896 -2.339137412381059 -2.3358802605481284 -2.332761733973263 -2.3296824755996273 -2.32673527878919 -2.3238109439932186 -2.3210156923292597 -2.318252501641229 -2.3155857428880697 -2.312955864849407 -2.3104272671052097 -2.3079048741478614 -2.305481754719068 -2.3030863960531374 -2.300777690885586 -2.2984702133625188 -2.296262935364255 -2.2940698745829815 -2.291942915847418 -2.289820939743616 -2.2877870686410233 -2.285765093542918 -2.283801321311816 -2.2818333693928174 -2.27994879067254 -2.278075973690509 -2.2762581909623174 -2.274431314250597 -2.2726670620251124 -2.270920293291696 -2.2692327777615287 -2.267538314136501 -2.2658845401929266 -2.264236842991246 -2.262653357871452 -2.2610760095208544 -2.2595410557207734 -2.2579948567488124 -2.256484564302852 -2.2549883200232035 -2.253553308157575 -2.252117470076957 -2.2507133138897384 -2.2492990977719245 -2.247915703700248 -2.2465380801463883 -2.2452192042287225 -2.243899973517985 -2.2426132965479457 -2.2413141596710195 -2.2400447419330716 -2.2387634819376263 -2.2401428133551784 -2.240925722187119 -2.2415423936233347 -2.242065702264447 -2.2425229508819857 -2.2429304543862276 -2.243297109753609 -2.243635671733185 -2.244293885091227 -2.246656094713611 -2.2493231713818673 -2.250822381205108 -2.251689485649184 -2.2522990634041244 -2.252862326254813 -2.253091398752109 -2.253180673142129 -2.2531224871670883 -2.25316238892745 -2.253007671687916 -2.2529323166646664 -2.252772430158373 -2.2527776699589666 -2.2523733676378583 -2.252183598649662 -2.2512513224025446 -2.250510568295798 -2.2498656599923166 -2.249131647878712 -2.2480195928528657 -2.2474257058678093 -2.246488994825068 -2.2457211204487493 -2.245075513929148 
# Stellar mass-weighted [Ne/H]:
0 -5.218485947384705 -6.5705972582337075 -4.89046068573238 -3.3048089005797525 -3.0156109411145975 -2.9392851521213403 -2.929492372599296 -2.934222519335754 -2.9395322933705446 -2.943383137570957 -2.946028405109872 -2.9478730709810037 -2.9492148886471803 -2.9502089371686466 -2.9509668833200804 -2.951554450666581 -2.9520201790925835 -2.9523901867761175 -2.9526879272074567 -2.9529301290663517 -2.9531311264477296 -2.953297093492642 -2.9534297678824757 -2.9535348097596756 -2.9536241892891564 -2.953699263968203 -2.9537554091529152 -2.9537976370555548 -2.9538283959742415 -2.953851322604377 -2.953865537591062 -2.953870688941918 -2.9538664621896285 -2.9538581557006536 -2.9538480681950183 -2.9538260580990654 -2.9537839493771916 -2.9537387217991284 -2.9536874960576833 -2.9536272493377407 -2.9535627526408597 -2.953489539501007 -2.9534173058378865 -2.953333728745992 -2.9532537717784555 -2.9531642226005497 -2.953074629868822 -2.9529799533438092 -2.9528829232956744 -2.9527854076936197 -2.9526925572867837 -2.9525871565778132 -2.9524942741944544 -2.952386051635675 -2.952285892792866 -2.95219171894992 -2.9520852732688905 -2.951980711748356 -2.9518494480770947 -2.9517651612642686 -2.951682666032676 -2.9515908552244197 -2.9514986730968706 -2.9513840001468283 -2.951284329755369 -2.9511993569880923 -2.9511048249233154 -2.950994706237667 -2.9509082588948896 -2.9508355008187097 -2.950751661304153 -2.9506457487005457 -2.9505657703601225 -2.9505070690244493 -2.9504394922409354 -2.950344093738871 -2.950256904813159 -2.950197394539572 -2.950149052482719 -2.950079196963226 -2.9499921215911504 -2.9499117619592052 -2.94986406353728 -2.9498235360568934 -2.949770309929616 -2.9496937948844986 -2.9496127973877018 -2.949558594608015 -2.949532313056179 -2.9494951929390076 -2.9494383186471227 -2.9493674575594335 -2.949297789902632 -2.9492472702922505 -2.949226324393959 -2.949199605262165 -2.9491564405594355 -2.9490972164349483 -2.9490360146526022 -2.948972856978635 -2.9490564170468696 -2.94913320525242 -2.949191108537459 -2.9492256966677513 -2.9492448757253964 -2.9492605447102997 -2.949274458776209 -2.949292879835566 -2.94938546237357 -2.949599059008041 -2.9498606631825712 -2.9499908939375743 -2.950107350610481 -2.9502306667235105 -2.950308474704797 -2.9503604875601983 -2.9504067433503662 -2.950384225593825 -2.950445366761577 -2.9504634982663767 -2.950448431584574 -2.950480611622816 -2.9504889845852187 -2.9504663275342464 -2.95046097308263 -2.9504100603599044 -2.950387632980137 -2.950384450844796 -2.950389009057158 -2.9502560854477107 -2.9502892412648816 -2.9501765754674656 -2.950192036745655 -2.950130731326901 
# Stellar mass-weighted [Si/H]:
0 -5.218485947384705 -6.5705972582337075 -4.937978484417616 -3.35238461508163 -3.05286504767903 -2.954487355651663 -2.932259224551209 -2.863143364846384 -2.7837882199397352 -2.723746291337301 -2.6788167936504808 -2.643919056580958 -2.6156665756264523 -2.5920442037051217 -2.5718097247245852 -2.5541563794725812 -2.538529290429616 -2.52453809158148 -2.5118947159921907 -2.50037752356876 -2.489819006168706 -2.4800798678979126 -2.471048563871662 -2.462633512330271 -2.4547686939067974 -2.4473905636931645 -2.440442347182425 -2.4338805792406335 -2.427669949970701 -2.4217778106842474 -2.4161749065585516 -2.410831432438693 -2.405728655418442 -2.4008507661144707 -2.396183549752263 -2.391703197713591 -2.387392035627987 -2.383253698858921 -2.3792630754276347 -2.375415847200708 -2.371702576431944 -2.368078041824419 -2.3646375897843965 -2.3612586556931685 -2.3580405838689913 -2.354874072388233 -2.351848727599548 -2.348872347429751 -2.346015423486504 -2.343204810872211 -2.340510551022665 -2.3378467464204276 -2.3352964685506485 -2.332761256333775 -2.3303364464867995 -2.3279389560127033 -2.3256204354230814 -2.3233358851640924 -2.321136430925103 -2.3189404637520834 -2.31682920364094 -2.314741487280571 -2.3127273268832536 -2.310712868722402 -2.308781392116898 -2.3068660164293213 -2.3050063201924935 -2.303146823982182 -2.3013651206046966 -2.2995947350491663 -2.2978723204250198 -2.2961432036062757 -2.2944890215362186 -2.2928466827894347 -2.2912497067253934 -2.28964107659825 -2.2880868661165836 -2.2865506328216796 -2.285066567652615 -2.2835734694386423 -2.282113021207069 -2.280658174028404 -2.279263039708405 -2.277873066099934 -2.2765174629637164 -2.275148773687497 -2.273810794278832 -2.2724880015512703 -2.2712220504645 -2.2699526224634248 -2.26870895522414 -2.267454392186388 -2.2662260704009203 -2.2650051530768076 -2.263839126781015 -2.2626711645335593 -2.2615298448501147 -2.260374781076994 -2.259245536980874 -2.2581054512365135 -2.259334185287253 -2.260034737976948 -2.260586136625462 -2.261052427466491 -2.2614584423108477 -2.2618200484092457 -2.2621453454294844 -2.2624463351082635 -2.2630379352147676 -2.265147022718084 -2.2675288931424866 -2.268865226335742 -2.269641809393133 -2.2701927114364517 -2.270697365854872 -2.270904162340077 -2.2709871991759014 -2.2709325288142956 -2.270974548801103 -2.270838819087328 -2.2707700167919107 -2.270631982750869 -2.270637777939772 -2.2702766034416184 -2.270108085440942 -2.269276908948366 -2.2686188977609154 -2.2680482166080393 -2.2674001106727832 -2.2663995117003557 -2.2658789336126954 -2.265035791072589 -2.2643588605434726 -2.2637798946820533 
# Stellar mass-weighted [S/H]:
0 -5.218485947384704 -6.570597258233708 -5.013975641577322 -3.4287374305795053 -3.1164964623821687 -3.0134304619877046 -2.99017210936141 -2.9132400692446696 -2.8264241428804757 -2.761687811323416 -2.7137207779619477 -2.6767059809570286 -2.646880024908288 -2.6220305824264463 -2.600804767003238 -2.582329532185854 -2.5660062574708773 -2.551415341076428 -2.538249818002522 -2.526271949970008 -2.5153026646972902 -2.505194154867999 -2.49582858228733 -2.487109971961794 -2.478966864529845 -2.4713324574718047 -2.4641474422121084 -2.457365426086536 -2.450950342130046 -2.4448669030753836 -2.439085340181503 -2.4335736309183043 -2.428312253879154 -2.423284804928456 -2.4184759746310984 -2.413861407989277 -2.409422884479465 -2.405164199191379 -2.4010585800937942 -2.39710190839258 -2.3932836651475986 -2.3895579335633768 -2.3860219333172603 -2.3825507409246356 -2.379245646514123 -2.375993832448925 -2.3728880577589653 -2.3698328854757493 -2.3669015035799124 -2.364017587325657 -2.3612539158640384 -2.3585223413808194 -2.355906824863144 -2.353307230200736 -2.350820945518236 -2.3483622853813317 -2.3459858795643544 -2.343644171669381 -2.3413895645791305 -2.339139053748866 -2.3369756121104626 -2.334836361800197 -2.332772460442838 -2.330708552417951 -2.3287278718711377 -2.326766216481386 -2.3248623853641543 -2.322958544280035 -2.3211352258701057 -2.31932159376544 -2.3175573565427925 -2.3157872866657847 -2.3140937516971336 -2.312412297517909 -2.3107777843643955 -2.3091315152554985 -2.3075414129996927 -2.3059693166391897 -2.304450302716358 -2.302922852839937 -2.301429341855604 -2.299941373124959 -2.298514118092629 -2.297092163488858 -2.295705637611884 -2.2943066555758858 -2.2929389767114854 -2.2915861620916678 -2.290291020587646 -2.2889934582177185 -2.2877219544552982 -2.286439819221192 -2.2851843629788364 -2.2839363704670737 -2.282743868412374 -2.281550353822281 -2.280383597500234 -2.279203534247996 -2.278050050065242 -2.2768857776122866 -2.278140409800601 -2.2788551120318505 -2.279417795540396 -2.2798939387889305 -2.280308749498399 -2.2806782244357526 -2.281010611868054 -2.2813180434062303 -2.2819210534101027 -2.284073686957832 -2.2865044736393907 -2.2878687595430076 -2.2886607873569993 -2.289221851059879 -2.289736622937041 -2.2899472672577073 -2.290031413691474 -2.2899760643056517 -2.290017836203212 -2.2898788227235185 -2.2898089069887186 -2.289667163445176 -2.2896729287047046 -2.2893042328792355 -2.289132170118922 -2.2882836258065335 -2.287611476574038 -2.287028193381487 -2.2863655576843565 -2.28534555358787 -2.2848127310488113 -2.283953276813225 -2.2832610388646497 -2.2826705592224714 
# Gas metallicity, [Z/X]:
-5.2406767730474275 -6.8351340961497655 -4.70902723269082 -2.683904730125091 -2.1495637534430623 -1.6528974106435335 -1.0384634016294443 -0.4761914625638395 -0.03030682529007489 0.3564194575227355 0.6057213742297605 0.7244555191711587 0.7567764496493273 0.7590850537376574 0.7486165808444365 0.7383484712573112 0.7287533733408263 0.7241523424300716 0.7191939928181242 0.7144366038389266 0.7065167162674862 0.7004252113737099 0.6918953532409589 0.6861459849898564 0.677892201276312 0.6756987587843368 0.6689311356891778 0.669553586125003 0.6605455103044486 0.6653344719759928 0.6522827281087895 0.6644277666036407 0.6408732678955409 0.6718060788604583 0.623446495312288 0.7118626568255882 0.5714800188312676 0.8078038985284504 0.2658779081655609 1.0217010430448443 -7.366660972233742 1.2678727219138373 -7.345505306485352 1.478653590816393 -7.324957598398655 1.6795952093970186 -7.304911059959794 1.8824359771158243 -7.28543007184194 2.0922256487308033 -7.26698694332749 2.316920948086547 -7.25098308414271 2.5582371259173144 -7.23798222583037 2.8157867624131523 -7.216529416943207 3.0861575956455365 -7.202418120905753 3.3814885991967607 -7.191561416773581 3.690232694164318 -7.171245157508329 4.016655293297811 -7.1658110638400565 4.361567860111483 -7.145204591929991 4.716198241221203 -7.1433435840930315 5.091374694467292 -7.1254038149392365 5.476429634487652 -7.12693368304118 5.880675310202996 -7.105267490704216 6.298022232302981 -7.107958721682495 6.724694654309469 -7.089377706987445 7.173914664438921 -7.084980169856532 7.62400434646061 -7.082218202493834 8.098634581381019 -7.062272932194295 8.583148954301553 -7.06535168043863 9.066901141678242 -7.0543080509983085 9.582297408935737 -7.039101800120649 10.102182198004702 -7.043367485437399 10.620706583862436 -7.035545396699895 11.168670562103665 -7.016148905254882 11.72463868551527 -7.019062896102895 12.279244058100176 -7.022994236441738 12.53346011070749 -7.498996899356749 12.50506485800188 11.08665363403695 12.315562432011257 11.842595723579121 12.104398471994049 11.944174792960224 11.937164256252126 11.66965165753652 11.471104953736207 11.350063047830133 11.259859501977106 11.191716106698305 11.11326246004404 11.055628819068561 11.009856872293398 10.99731915447023 10.972782768961572 10.940601496779571 10.914875073483389 10.899939428851273 10.893581047550356 10.867168281039387 10.842107638304187 10.80237214562849 10.773855096086786 10.749773015811051 10.728360094508579 10.70864744717985 10.692341103519396 10.676479364770064 10.66236488439356 10.649729833478974 
# Stellar mass-weighted metallicity, [Z/X]:
-4.152288344383056 -5.2406767730474275 -6.59278808389643 -5.006851463949701 -3.4232455081396376 -3.150487937971719 -3.0077832731814684 -2.8864813540814804 -2.8011541456368194 -2.7583757121218513 -2.738254200712281 -2.725392387805022 -2.7150963764057234 -2.705663922794616 -2.696796387081081 -2.6886655465832465 -2.6811454554255034 -2.6741872397161996 -2.6676160634800565 -2.6614417837307567 -2.6556236015800616 -2.6501929798066604 -2.6450729087257088 -2.6402749147657545 -2.6357018060930457 -2.6314047159155667 -2.6272721695758134 -2.623378133881481 -2.6195665286463363 -2.616012042319362 -2.6124642043262414 -2.60922475314955 -2.605862826547492 -2.6029336746934657 -2.5996039886462805 -2.5970900424383663 -2.5934315825873 -2.5917456632493145 -2.586774408281676 -2.5875626143127315 -2.578228906993721 -2.581738812964751 -2.564960281725863 -2.56998271026434 -2.5444823246970723 -2.551655050306721 -2.514614937355545 -2.5246834468478623 -2.471948295536836 -2.485888926424259 -2.4118391210489882 -2.430862283396568 -2.3289088621895386 -2.35424919649775 -2.2164319278536526 -2.24930265764928 -2.068637027457454 -2.109737271162669 -1.8831481134723729 -1.9322652241616824 -1.662720725653317 -1.7186200333000692 -1.4065173134632987 -1.468334941500771 -1.122102022647182 -1.1882808261424966 -0.8125595499078206 -0.8821293509311141 -0.4802077221938983 -0.5525388151671324 -0.13029101265290688 -0.20463915185409776 0.23958314566007477 0.16324077602153064 0.6239219799210021 0.5461199641610841 1.025469912464287 0.9461532945551341 1.4424400154268908 1.3617682431934275 1.8702196496688406 1.7886173255085214 2.3173889583722955 2.2343351498739192 2.771179744506476 2.687503741699175 3.2437002471569016 3.1587804916597415 3.729624231005685 3.643711080012322 4.218203760552775 4.132014762545085 4.730290240649381 4.6427338555978 5.2525152617409505 5.164223763323635 5.776015657569524 5.687566592371893 6.321684810420084 6.2320617684106745 6.879446388644708 6.789087694035157 6.75960647046776 6.743111219397518 6.731547389626832 6.722642486204199 6.715414486134023 6.709346393739852 6.704123860310632 6.69543412542918 6.6695206037567605 6.646443335523582 6.6349624580972195 6.628006516475463 6.62324842700215 6.618484365101568 6.615355526086615 6.61321625678594 6.6127687396273656 6.611720407832035 6.610691223334978 6.609818755693902 6.6094237695261056 6.60917407727519 6.608765844215095 6.608150578324315 6.608022113526826 6.608031045866215 6.60822305067987 6.608849829725975 6.609826661061772 6.610018842272778 6.6113460568698486 6.61175368926839 6.612715471192066 
# Number of SNIa (log_10):
0 0.0 0.0 0.0 0.0 0.0 4.6103971055682165e+53 1.8820131659623936e+55 4.791705431632835e+55 7.734635099219291e+55 1.0394169072843457e+56 1.2743411870408328e+56 1.4826334235663738e+56 1.669183658141583e+56 1.8379910853120284e+56 1.9921302252075573e+56 2.1339588612673567e+56 2.2653095342940773e+56 2.3876333989979555e+56 2.5020981651623943e+56 2.6096574936494757e+56 2.711100694269037e+56 2.807088090984309e+56 2.89817848694314e+56 2.9848493076407023e+56 3.0675098090261658e+56 3.146516554482926e+56 3.2221800719668502e+56 3.294770578228167e+56 3.364528077269766e+56 3.4316684926875815e+56 3.496394399889876e+56 3.5588436884374723e+56 3.6191824052476666e+56 3.6775565092542308e+56 3.734088400362738e+56 3.788889574875862e+56 3.8420527960325666e+56 3.8936946163911504e+56 3.943890891807496e+56 3.992716119678346e+56 4.040245989332269e+56 4.086543307682514e+56 4.131672874563396e+56 4.175693189865491e+56 4.218657498617936e+56 4.26061539348332e+56 4.301604686563475e+56 4.341686250089352e+56 4.380894287332393e+56 4.419258828647032e+56 4.456813920123079e+56 4.493602324941325e+56 4.529648947497593e+56 4.564985029228801e+56 4.599635281745631e+56 4.633628523145562e+56 4.66695638753319e+56 4.699716228337643e+56 4.731897067228495e+56 4.763515155905503e+56 4.7945778926812755e+56 4.825088027375069e+56 4.855087745349522e+56 4.884601525832827e+56 4.913632651895216e+56 4.942202368189087e+56 4.970327044938027e+56 4.998015850709015e+56 5.025280559898016e+56 5.052139978493442e+56 5.07860483913269e+56 5.104671858418598e+56 5.130374227756768e+56 5.155719374492345e+56 5.180707133020553e+56 5.2053508316021055e+56 5.229660137585991e+56 5.253644193492885e+56 5.277309250831274e+56 5.300669579249784e+56 5.323716171985484e+56 5.34648217009309e+56 5.3689658381915744e+56 5.391168457013283e+56 5.413097289104486e+56 5.434761123934425e+56 5.456172406807729e+56 5.4773230106849245e+56 5.4982201994740065e+56 5.518884136183942e+56 5.539298406318165e+56 5.559493441047149e+56 5.579482714004632e+56 5.5992422724724345e+56 5.618780954760587e+56 5.638109296702806e+56 5.657235452023555e+56 5.676152856940788e+56 5.694872588233234e+56 5.713395414681882e+56 5.731723520262929e+56 5.749880542584074e+56 5.7678555660762125e+56 5.785648529086729e+56 5.803269824389724e+56 5.820715611298556e+56 5.8379881707326114e+56 5.855097049095352e+56 5.888835552267987e+56 6.048607892711393e+56 6.330815207863966e+56 6.574528792828847e+56 6.789005763934977e+56 6.980541416322708e+56 7.234174328913523e+56 7.456294054848423e+56 7.653874237305778e+56 7.715219659177183e+56 7.831802914217877e+56 7.993626707922693e+56 8.14206160228313e+56 8.234586922475147e+56 8.279110983412273e+56 8.446924567593736e+56 8.636726162570806e+56 8.964941428347212e+56 9.242202124670823e+56 9.482217827239715e+56 9.693896663989947e+56 9.883046466454288e+56 1.0054237202732523e+57 1.0210448393695322e+57 1.0354116531602166e+57 1.0487109362198661e+57 
# Number of SNII (log_10):
0 0.0 6.896188216641724e+53 2.8183628986476583e+55 7.294941816681676e+55 1.1669550221376454e+56 1.5276422654840863e+56 1.7096905388070047e+56 1.7712635787630456e+56 1.7893121484163804e+56 1.7942285315657802e+56 1.7955612421591234e+56 1.7959061616458842e+56 1.7960454561926927e+56 1.7960895770592734e+56 1.7961145319775799e+56 1.7961338315966212e+56 1.7961508774100449e+56 1.7961666034648344e+56 1.7961813337782858e+56 1.7961952300767927e+56 1.7962083962078386e+56 1.796220914130568e+56 1.796232845217299e+56 1.7962442465415257e+56 1.7962551716393886e+56 1.7962656669297714e+56 1.7962757664091398e+56 1.7962855020316092e+56 1.7962949047747552e+56 1.796303999749754e+56 1.7963128100897396e+56 1.7963213490830475e+56 1.796329643815402e+56 1.7963377136783486e+56 1.7963455759299675e+56 1.7963532397132385e+56 1.7963607060811248e+56 1.7963679907380068e+56 1.796375111513109e+56 1.7963820683230297e+56 1.796388879119995e+56 1.79639544055599e+56 1.7964020513959786e+56 1.796408447220194e+56 1.7964148174388664e+56 1.796420887142694e+56 1.7964270261922494e+56 1.7964328779567608e+56 1.7964388050017592e+56 1.7964444561440291e+56 1.7964501920903492e+56 1.7964556627045945e+56 1.7964612060991305e+56 1.7964665009443675e+56 1.7964718580894326e+56 1.7964769891291762e+56 1.7964821875669685e+56 1.7964871456062458e+56 1.7964921913894804e+56 1.7964970063395346e+56 1.7965018826686245e+56 1.7965065614363563e+56 1.7965113109870835e+56 1.7965158459292349e+56 1.7965204575015353e+56 1.7965248870129643e+56 1.796529381716636e+56 1.7965336787164336e+56 1.7965380546776867e+56 1.7965422556984738e+56 1.7965465218340333e+56 1.796550604196875e+56 1.7965547624213173e+56 1.7965587657034056e+56 1.7965628373460099e+56 1.7965667301549325e+56 1.7965706873552418e+56 1.7965744948523921e+56 1.796578387885472e+56 1.796582117373455e+56 1.7965859004936313e+56 1.7965895280474703e+56 1.7965932433095564e+56 1.7965968283742531e+56 1.7966004727979327e+56 1.7966039554246515e+56 1.7966074933480926e+56 1.7966109000330631e+56 1.7966144107444665e+56 1.7966177891812005e+56 1.7966212100711413e+56 1.7966244776365437e+56 1.7966278000350857e+56 1.7966310084292473e+56 1.7966343217159412e+56 1.796637520068092e+56 1.7966407617694079e+56 1.796643854289822e+56 1.7966469922251839e+56 1.7966500148317484e+56 1.7966531310347075e+56 1.796655135803683e+56 1.7966562994259849e+56 1.7966568010665666e+56 1.7966568414227136e+56 1.7966568414227136e+56 1.7966568414227136e+56 1.7966568414227136e+56 1.7966568414227136e+56 1.7966568414227136e+56 1.7966568414227136e+56 1.7966568414227136e+56 1.7966568414227136e+56 1.7966568414227136e+56 1.7966568414227136e+56 1.7966568414227136e+56 1.7966568414227136e+56 1.7966568414227136e+56 1.7966568414227136e+56 1.7966568414227136e+56 1.7966568414227136e+56 1.7966568414227136e+56 1.7966568414227136e+56 1.7966568414227136e+56 1.7966568414227136e+56 1.7966568414227136e+56 1.7966568414227136e+56 1.7966568414227136e+56 1.7966568414227136e+56 1.7966568414227136e+56 1.7966568414227136e+56 1.7966568414227136e+56 1.7966568414227136e+56 1.7966568414227136e+56 
# [Mg/Fe] for total ejected gas till this time:
0 0 0.9717394116837039 0.9569215945386833 0.7506276839944352 0.6555584667348389 0.611234679093251 0.31079417418312116 0.06624004260756816 -0.08798103303571451 -0.190298878413252 -0.26322494811385355 -0.31837953906999594 -0.36200982663823816 -0.3976994495981886 -0.42763656960202673 -0.453228548105155 -0.4754421262141761 -0.4949715604709049 -0.512338057758344 -0.5279338728421903 -0.5420556534800487 -0.5549301932430903 -0.5667376406455481 -0.5776206369202787 -0.5876941278547542 -0.5970536983298269 -0.6057810789486912 -0.6139442887963058 -0.621607203163107 -0.6288190947559413 -0.6356236966977992 -0.642055651609115 -0.6481436880976149 -0.6538995758090885 -0.6593390755255436 -0.6644806551786434 -0.6693451044703687 -0.673957867267976 -0.6783348683865894 -0.682493790366303 -0.6864506521076859 -0.6902177488116471 -0.6938105949866532 -0.6972377103663376 -0.7005132840213394 -0.7036449788848771 -0.7066404522825788 -0.709511473871749 -0.7122596557764725 -0.7149053289331562 -0.7174623493788461 -0.7199522804699322 -0.7223850488523282 -0.72475860749629 -0.7270845708327864 -0.7293609857303291 -0.7315816403345268 -0.733766307715802 -0.7359118903458793 -0.7380072132854654 -0.7400631500407151 -0.7420851866442512 -0.7440685805955167 -0.7460022700734236 -0.7479212026852544 -0.7498060854872841 -0.751648981623036 -0.7534555819039731 -0.7552311190955281 -0.7569763799319046 -0.7586888885073912 -0.7603679013526448 -0.7620231077566676 -0.7636530707734239 -0.7652534694675022 -0.766823733578828 -0.7683710532109663 -0.7698978947080689 -0.7714023763334569 -0.7728833731000946 -0.7743397104499723 -0.7757768568399358 -0.7771964700002865 -0.778596510712628 -0.7799791619624441 -0.7813405517677728 -0.7826824109536524 -0.7840069451450742 -0.7853183705505199 -0.786616271995555 -0.787899460846529 -0.789157476618156 -0.7903991153302581 -0.7916292651536102 -0.7928476941729597 -0.7940500590974836 -0.7952397317340728 -0.7964175430117252 -0.7975804918264168 -0.7987283042248361 -0.7998628605226467 -0.8009858132957437 -0.802093075079847 -0.8031865649395824 -0.8042677573234396 -0.8053327987710133 -0.8063837110441968 -0.8074233851118998 -0.8094661116832518 -0.8190072252533249 -0.8353149886847743 -0.8488335454673467 -0.8603472994921101 -0.8703314163289543 -0.8831056384391804 -0.8938956497804803 -0.9032012647777132 -0.9060374420201243 -0.9113623992600086 -0.9185882512765003 -0.9251003913851333 -0.9290794424452906 -0.9309795012862816 -0.9380365859911811 -0.9458195697998812 -0.9588350532026765 -0.9694125144669264 -0.9782707705299889 -0.9858686512425677 -0.9924936499212048 -0.9983621432814105 -1.0036138105450951 -1.008363705014191 -1.012688412029176 
# [Mg/Fe] for instant ejected gas at this time:
0 0 0.9717394116837039 0.9565517082550985 0.6234445937900515 0.445089726750432 0.31871030270276596 -0.866200050841736 -1.3538751993983984 -1.53711339355339 -1.5959247332109678 -1.6197575069721197 -1.632120001467333 -1.6386668933959687 -1.6411259108923422 -1.6391734572020804 -1.6306368740093313 -1.6191174837984594 -1.6078196171720223 -1.600738775713089 -1.5976812374644347 -1.5968606067868445 -1.5963640738205764 -1.5960511825132575 -1.5948226226250555 -1.5921655990956631 -1.5882487117457984 -1.5839737166688908 -1.579086060479987 -1.576312810089077 -1.572798253238785 -1.568760665750819 -1.5647154258119889 -1.5576810988302967 -1.5413181890325305 -1.5195102574828165 -1.4957223253363299 -1.4728276274862153 -1.4524851464244488 -1.4324472570850642 -1.4140723476629906 -1.3969389893121025 -1.3801610593476104 -1.3654122218351725 -1.3500594579371952 -1.337057479398302 -1.3238348737816026 -1.3109678600542936 -1.2997064188873377 -1.2865789913349193 -1.2800802270080784 -1.2774395952489825 -1.2823192693815129 -1.2905213195703147 -1.296270881703407 -1.3066879869353323 -1.3148792518349766 -1.3195536822977465 -1.3314873709722828 -1.3420423638712369 -1.3447083181047839 -1.3535781721515217 -1.3659379774613358 -1.373011974056297 -1.370497253516647 -1.3935443428311542 -1.4011119849600742 -1.4009725606046604 -1.4045258005329 -1.4114943771490513 -1.417843495865489 -1.4210360218328764 -1.423317522549913 -1.4324370794757377 -1.4396204566375501 -1.4422191271276552 -1.4429444740973913 -1.4502229296286422 -1.459479389309676 -1.4661390489914732 -1.4702669788430667 -1.4733872502177412 -1.4803460522685494 -1.48946194473991 -1.4957927336431365 -1.5043574932942245 -1.5067696643302313 -1.5101798529857136 -1.5172851362951014 -1.5299640863841564 -1.5403727277380468 -1.5505505917991653 -1.5405585252906462 -1.5430980173071984 -1.556119257180066 -1.5680988770252031 -1.5712549170023487 -1.5793580670415004 -1.5900692642416951 -1.5936428034553805 -1.5962258586536517 -1.602078173907508 -1.608323840467661 -1.6072800052057667 -1.6098982638853765 -1.6141599719184887 -1.610247501148047 -1.6101125163105816 -1.6150017895873237 -1.61787222428341 -1.6284017386634733 -1.6468709650972015 -1.6606028477458439 -1.6760746970523654 -1.6861318916187322 -1.6892304994744654 -1.6915283041626776 -1.6936753725586553 -1.6953926055612725 -1.6974564114371156 -1.6920217769244785 -1.7018469812026251 -1.6953793858300068 -1.6992684798058881 -1.6991088819877318 -1.697215618663344 -1.6989487886919004 -1.6999116272689456 -1.698879956859989 -1.6988140351452818 -1.6983143722412872 -1.6982209719198882 -1.6976611573439386 -1.6986846742657962 -1.6974233784393016 
# total ejected metal mass till this time:
0 0.0 2.778348786297565e-05 0.0006348507395696313 0.0011247416069909695 0.0015667625129610911 0.0020681850492805616 0.0025458171067610415 0.002883764284365351 0.003100521114939594 0.0032517625185302227 0.003369770292884168 0.0034709734207155427 0.0035620107989884657 0.00364466976278175 0.003720639268096897 0.0037909292809804 0.0038569090539166528 0.00391904604463722 0.003977792475562676 0.0040331968920380625 0.004085709896613932 0.00413539589957262 0.0041828036619648784 0.0042278640095622 0.004271167625341975 0.004312458194426022 0.004352545980804782 0.004390707243836363 0.004428149210401376 0.004463542698154364 0.004498906428848395 0.004531687352769544 0.0045659026218093255 0.004595850884807961 0.004630963818147033 0.004656234858070462 0.004697383348513848 0.004710151358331125 0.004772774694127506 0.004743330128542545 0.00484724436317915 0.004747340913247111 0.004908043389143345 0.004723898404461115 0.004967893285789826 0.004653694532514595 0.005026804762087012 0.004502257049800425 0.005084847650245951 0.004207928616245667 0.005141792420790432 0.0036376069705261697 0.005197340852954475 0.0025292065712326324 0.00525154009225438 0.00035631115301098637 0.0053043690490682995 -0.003932890761870297 0.005355754216156227 -0.013036300626446735 0.005406147905155664 -0.03236537916251115 0.005455171814241336 -0.07530795598529925 0.005503220941766304 -0.17450062405383202 0.005549695874944099 -0.40740116047182756 0.005594625622225256 -0.9858393414656177 0.005637916260193203 -2.4354463711176773 0.005679949655170342 -6.2541111304176065 0.005720352360915335 -16.57949507875616 0.00575972167279229 -44.79939288673516 0.005797521679387154 -127.42027877413331 0.0058344495864500285 -363.82867212595346 0.005870127199814221 -1094.3685526039553 0.005904538887429323 -3379.957485606232 0.005938332987807945 -10411.87482158313 0.0059707666398087335 -34355.22872689797 0.006002342180285449 -114963.20130159149 0.006033416677159303 -383284.21489608963 0.00606328433336679 -1362739.3917536545 0.0060922612928487755 -4950633.952043843 0.0061207505130533735 -17924556.49750369 0.006148657263086501 -33047969.394937076 0.0061754491723600025 -31478356.872358818 -1207675.7342073019 -20554487.460917745 -6947792.843002764 -12748738.074420327 -8875628.943077976 -8983648.701697653 -5105953.568899032 -3385082.137411541 -2665761.5134129496 -2242767.9056170597 -1998817.7117447762 -1731276.0593190612 -1564272.94558253 -1424952.117703386 -1407163.880297469 -1360324.4740511687 -1290511.7900323798 -1233128.8021755244 -1199658.9662229135 -1206873.4806980337 -1164239.1499942616 -1143644.326981504 -1080760.3207665486 -1041997.7057414327 -1010685.7207352793 -983286.0971426452 -958154.4576433277 -938863.0204439195 -919666.3009688517 -902944.0161896904 
# Stellar [Z/H]. [Z/H] = [Fe/H] + A[Mg/Fe] where A=0.94:
0.0 -5.218485947384705 -6.5705972582337075 -5.020344953335497 -3.437492262362234 -3.1378306974683063 -3.0449388994084403 -3.025565927357041 -3.003249218694399 -2.9891542517001906 -2.9808741207876226 -2.9749369315191876 -2.9703174355157267 -2.966511924317984 -2.9632446887904105 -2.960356607377198 -2.9577380335976042 -2.955298722652197 -2.9529983110512643 -2.9508236907460788 -2.9487806080663637 -2.946871983836776 -2.9450849644728563 -2.943398762836201 -2.941802188428874 -2.940288285809003 -2.9388425419554185 -2.9374483056201672 -2.9361026804948605 -2.9348012628550535 -2.9335515028323265 -2.9323433541830433 -2.9311687384183776 -2.930024964081548 -2.9289051438738367 -2.9277816070875406 -2.926631097001597 -2.9254457932231928 -2.9242470869313584 -2.9230364997306655 -2.9218110532625223 -2.9205781392642343 -2.9193259389206894 -2.9180902016650405 -2.916835488425334 -2.9155974851869937 -2.914344113085139 -2.9131076329866463 -2.9118573484440406 -2.9106224671822027 -2.9093725666884502 -2.908166896282809 -2.90697194786726 -2.905860145984363 -2.9047765541349544 -2.9037612935853834 -2.902794672557545 -2.9018670534830546 -2.9009633024807115 -2.9001311814797615 -2.8993119094814093 -2.8985200606299726 -2.89776235131581 -2.897056369292927 -2.8963461637660184 -2.8956547091120197 -2.8950372850885033 -2.8944291082338145 -2.8937998354528656 -2.89321217270418 -2.8926469817139804 -2.8920937060781053 -2.8915237942166843 -2.8909925441744946 -2.890493763717763 -2.8900071378293384 -2.8894960807569117 -2.8890020166746435 -2.8885436473188273 -2.888116706902113 -2.887676913663275 -2.8872337787062587 -2.886798578220579 -2.8864088964617918 -2.886034517481151 -2.8856594860761478 -2.8852739771879685 -2.8848902370035265 -2.8845310850642094 -2.884212259187261 -2.883897069369389 -2.8835793737393356 -2.8832552891137606 -2.8829180797501763 -2.8826011669638207 -2.8823311071232895 -2.8820650586041454 -2.8817892108393615 -2.8815043763633628 -2.8812309521744 -2.8809529738884474 -2.881319871177325 -2.8815599195065036 -2.8817504266174843 -2.881903558691567 -2.8820300545426476 -2.882142596236734 -2.8822444779826997 -2.882343326432563 -2.882578719159994 -2.8833476784262415 -2.884251828453273 -2.884759697397198 -2.8850919280370206 -2.885361241978553 -2.8855912810769584 -2.88571350760856 -2.8857925925186034 -2.8857659403150593 -2.8858362751746265 -2.88582713136076 -2.8858114256040945 -2.885806845613815 -2.88582001099767 -2.8857178261858154 -2.885685348730375 -2.8854482072978005 -2.885273609759968 -2.8851372150267642 -2.884986582078916 -2.8846208064747354 -2.884528117154411 -2.884218328135562 -2.8840701086414624 -2.883871405111859 
# Stellar luminosity-weighted metallicity, [Z/X]:
-4.152288344383056 -5.2406767730474275 -6.5295600318160485 -4.7229814546950895 -2.700618464652388 -2.164117450557349 -1.6677301319963729 -1.054962927633803 -0.49327153394542633 -0.04780679260439391 0.33863773563259714 0.5905201208433304 0.7122140331666622 0.747773722161411 0.7523791025240774 0.7435819532954777 0.7343229121475826 0.7254364169880414 0.7211748100170073 0.7165818649012335 0.7121340814691992 0.704642360575229 0.6987873193618233 0.690611214894949 0.6849996641310077 0.6770417891314582 0.6747655520702918 0.6682685522450333 0.6686876897988379 0.6601385056778968 0.6644566266808372 0.6521738301107103 0.6633645236357193 0.641325123065078 0.6700612875691943 0.6250364118095189 0.7077067206942663 0.5775778605096029 0.7987611620400344 0.30892087496269705 1.0043666866584533 -0.4079792819789436 1.244942919948623 -0.23444049750546903 1.4546184042539458 -0.04919332981603297 1.6550071840923086 0.1396806074368615 1.8574462637440876 0.33509942607343346 2.066901539605479 0.5395034181833169 2.2912628193416342 0.7583276389084478 2.5322680126186983 0.9939177974226437 2.7895176841737683 1.247355352224214 3.0596805148348807 1.5147066032406662 3.35469440280903 1.8047663978800217 3.6632023320409237 2.110936592692591 3.989423843369825 2.4340005370348052 4.334101483145781 2.7751064924686917 4.688716386459163 3.1273725256769844 5.063733360147077 3.4999157734318254 5.448754536311949 3.8834618697321437 5.852822388207573 4.285801165867181 6.270121349610197 4.701284417497694 6.696676218746499 5.127588922432244 7.145774041476904 5.574052981198303 7.595835897575145 6.024379325881883 8.070270184497026 6.496715628118808 8.554754222962778 6.979878000807682 9.03845693782146 7.464553960389881 9.553647097566646 7.976839891358545 10.073497439140281 8.495957259301601 10.591980937285772 9.015203845266957 11.139759969087134 9.560819545415242 11.695690244672926 10.115874272661074 12.250259496197131 11.85840436577474 11.574841479550452 11.42480638595215 11.325832642239792 11.253097181567917 11.196194084877611 11.14980731460525 11.110900012291598 11.048500049482914 10.876469318210773 10.740049854462255 10.677614774096021 10.640387627904458 10.614411678514804 10.586176395500102 10.566101162310831 10.552071151842526 10.548501612652021 10.541764354581959 10.5336443954753 10.527061584545889 10.523439645374868 10.521761186404758 10.516135485961213 10.51046297881556 10.50281423753885 10.497207985722667 10.493502690911917 10.491634536370915 10.489351638903091 10.48670966039982 10.487194675759428 10.48492626978738 10.485355857221489 
# Stellar luminosity-weighted [Mg/Fe]:
0 -1.3877787807814457e-17 -1.3877787807814457e-17 0.9643954405769104 0.9564982205204899 0.6168602086828824 0.4377337797532763 0.31139468560891637 -0.8969478859241549 -1.369452320760911 -1.5424963415910933 -1.59708917972517 -1.6198815304576237 -1.6318949830328617 -1.6383066184610735 -1.6407369083836407 -1.6388256356764468 -1.6304147119662837 -1.6191318891164055 -1.6080704026096686 -1.601151307036119 -1.5981266690394083 -1.5972588158992929 -1.59670015465387 -1.596343933044567 -1.5950937230605235 -1.5924578892497359 -1.5886031433714762 -1.5844082670292479 -1.5796024634216526 -1.5768827764779103 -1.5733857916032825 -1.5694009029715688 -1.5654139885465563 -1.5584812799213221 -1.5424088576059958 -1.5210852718201524 -1.4978115413062572 -1.475364691377104 -1.4553297859240855 -1.4355454807477201 -1.417373888842509 -1.400425207691695 -1.383760919554985 -1.3691270225249381 -1.3538432385943997 -1.3409250584934451 -1.3277266600593112 -1.3149379362331635 -1.3036816543241532 -1.2906431074050384 -1.284086332778157 -1.2812784573163047 -1.2858546664332433 -1.293588712337163 -1.2990163121475722 -1.3090436768858202 -1.316891163173344 -1.321373929596502 -1.333026972073316 -1.3431696012055105 -1.3457384464095932 -1.3544606180920336 -1.366484076043821 -1.3732894246678597 -1.3709031874060735 -1.3935094829744314 -1.4006229321840373 -1.4006097317542943 -1.4042528556909708 -1.4110910119032272 -1.4172893761528305 -1.4204206295574022 -1.422728993832285 -1.4316775307955787 -1.438646169661404 -1.4411994538110025 -1.4420082539674433 -1.4491776055369154 -1.458184519197165 -1.4646347022510466 -1.4686970989744292 -1.4717989451340883 -1.4786498522314564 -1.4875343171099127 -1.4937088143512118 -1.5020560939118877 -1.5044200827915133 -1.507843980727471 -1.5148743127603816 -1.5272049759930693 -1.53725240354853 -1.5470960741837456 -1.537531698491873 -1.5403374085875627 -1.5529995009791608 -1.5645420418121827 -1.5676446134823752 -1.5756141085157185 -1.5859522875004013 -1.5893991358657802 -1.5373616351918058 -1.514008251472094 -1.5035484436516993 -1.4971126438474003 -1.492601603180219 -1.4892076312968312 -1.4865394644085526 -1.4843760213581791 -1.4810719698097161 -1.4733897570652588 -1.4696793799820607 -1.4691334882171512 -1.4692952425912753 -1.4696304362177663 -1.4701395090629457 -1.4706265796058757 -1.4710557819164034 -1.4711797416216474 -1.4714253417567096 -1.4717305319831524 -1.4719958311374128 -1.472174010118159 -1.4722684926164524 -1.4725269109602062 -1.4727827444274255 -1.473274560802679 -1.4735410337536872 -1.473813014419801 -1.4740998366628268 -1.4741061877077313 -1.474376814592146 -1.474387524847411 -1.4746866781751078 -1.474660136163216 
# Stellar luminosity-weighted [C/Fe]:
0 -2.220446049250313e-16 0.0 -0.03151815153692816 -0.035165257215116985 -0.08380479506901095 -0.08690796665840661 -0.12577367147043494 -1.0658648425552837 -1.2641954843219556 -1.3064863418502677 -1.3083160965360956 -1.2963997364519315 -1.2820177351597568 -1.2659218258311302 -1.2483037804013988 -1.2280227643284871 -1.203311298838761 -1.1773979830492491 -1.152553701089787 -1.1272544880014865 -1.101656456033456 -1.0777742392466263 -1.0554730836372175 -1.0344097644647834 -0.9988865825675803 -0.9384175580860948 -0.870893043172058 -0.8088923790764783 -0.7549147198640709 -0.7081815105905286 -0.6671944153888609 -0.6307886413997328 -0.5975864652274925 -0.5641751066520403 -0.5266867043581259 -0.48842313875477306 -0.45035992628182436 -0.4146287945752478 -0.3826043398736002 -0.35626938669034425 -0.32992944007127056 -0.30685759672910773 -0.28369664900702185 -0.26306160191391004 -0.24245502192961776 -0.2246256712487006 -0.2070574395637963 -0.18809237900310072 -0.17656117611082678 -0.15943903405676407 -0.1491204789677253 -0.1364183784478007 -0.1303374599580247 -0.12547404416950236 -0.11511412039404267 -0.11301817482582843 -0.10871647068881762 -0.09753157839636795 -0.09733765392582527 -0.09459838189402581 -0.08414033330934323 -0.08056450324779629 -0.0799526685847678 -0.07290207845685526 -0.0638658983373579 -0.06719281568419366 -0.06903083439276847 -0.06428945409931075 -0.06327695793560606 -0.07147172333218554 -0.0741365883333942 -0.07134603701477737 -0.06883614518077008 -0.0773867284057046 -0.08272629892368111 -0.08098166715785637 -0.07987425467121678 -0.07851879327655042 -0.0867020176639608 -0.09136210338583872 -0.0894985536288172 -0.08532618051449603 -0.08896626939173291 -0.09941284042298126 -0.10403166887580095 -0.10296666410996269 -0.09908663837854026 -0.09488023713585503 -0.10602685642683884 -0.11576251904576673 -0.11775189754672377 -0.11518312161162692 -0.11159427101130415 -0.107981046909285 -0.11648037368419162 -0.12771212865936243 -0.1316906172381307 -0.13119259166835195 -0.12763903530606124 -0.12305884676812939 -0.1451324291779892 -0.1575655927830355 -0.1645717871236443 -0.16977140493460807 -0.17403940478594349 -0.1777248262818505 -0.18099821431958774 -0.1839643032878282 -0.18920178336273386 -0.20778660513317426 -0.22914743076220923 -0.24215286295029603 -0.25139317966176744 -0.258404313045848 -0.2661384044665822 -0.2717148752386468 -0.27590082686971407 -0.2770575071872623 -0.27914680226986965 -0.2817279565034322 -0.28385263353348633 -0.2851370283386391 -0.2857460797803907 -0.2876757745919166 -0.28956484058496934 -0.29266107451989376 -0.2946547442024029 -0.29623153243457656 -0.29729402418041173 -0.29789166947675183 -0.2993115698871691 -0.2993243343752263 -0.30062020628058084 -0.3006754148388392 
# Stellar luminosity-weighted [N/O]:
0 0.0 0.0 -1.8158705985301058 -1.8368609577278057 -1.4480325894712647 -0.7260205306940437 -0.07191918783972151 0.4538093853808568 0.7589625856301111 0.9184081466314316 0.9845079414058864 1.008064012166594 1.0163342549242054 1.02737526222171 1.0437095114426178 1.0691962393455232 1.10943517885631 1.1481705381452636 1.184046667367078 1.2019335364363606 1.203155842170013 1.1962239194130388 1.1870543334392605 1.1773510076950833 1.1592174820252714 1.12107890192698 1.0674642457593293 1.0029639190089208 0.9280938739899905 0.8392755043854139 0.7321876234485384 0.5953376229925644 0.4033080703535463 0.12360281664005712 -0.1701416364046482 -0.3703821376419161 -0.47040123208213713 -0.5029094071461981 -0.5475864024912962 -0.5733393390399644 -0.590895977615868 -0.6050627622575511 -0.6174464889780398 -0.6344522816221951 -0.6804468303258604 -0.6487855083548593 -0.6464382266162092 -0.6637500353826844 -0.682056972879238 -0.7026881170375734 -0.7032479333527872 -0.7019397528378981 -0.7020891223425421 -0.7066216757925634 -0.6933810472029467 -0.697743790561745 -0.6972035329092263 -0.6783537829145139 -0.6885551961562377 -0.686120698516089 -0.6786942312065884 -0.6753727857437166 -0.6706405485532299 -0.6633343969997736 -0.6600295136976282 -0.6815934494518139 -0.6558063530056866 -0.6807505580310806 -0.652858382661462 -0.6450843285529169 -0.6510449616708369 -0.656967072697819 -0.653070015903392 -0.6647238015701862 -0.673185117952573 -0.663334827324775 -0.6578545229414774 -0.65598263742829 -0.6591822499875017 -0.6820792939956983 -0.6655070544809576 -0.7783918201853883 -0.6239376145227467 -0.6183246394188946 -0.6440175636065313 -0.6507597890008043 -0.666816172486798 -0.6444109714581217 -0.6577356303497073 -0.6705611894476369 -0.6808677074831186 -0.6545615682798926 -0.6468718578746318 -0.6507307920859999 -0.6703768677400468 -0.6661841698565871 -0.6539597576994034 -0.6635521909503574 -0.6608701170338402 -0.6732926111782285 -0.10413819009341152 0.04525216257783726 0.10910712481143181 0.14952530460350455 0.17910442234700052 0.2024506131731174 0.22172516484151228 0.2381403295529645 0.26504770694743807 0.3446925967884885 0.4167608172276218 0.45415358694326186 0.4785678360678508 0.4959986076466365 0.5143204075821318 0.5269120150529707 0.5361925755256954 0.5387441831069317 0.5431863091924857 0.548566815691913 0.5530063089047843 0.5558279777246514 0.5570509131019908 0.5610424688349382 0.5647888019762382 0.5709151540539741 0.5748026954028661 0.5778891611231867 0.5800653122200461 0.5811058209596744 0.5838325603731978 0.583855615961641 0.58635124811158 0.5864292436450002 
# Stellar luminosity-weighted [C/O]:
0 0.0 0.0 -1.2184606965256906 -1.2126049650757194 -0.8481866355244514 -0.6042426600827694 -0.4837763601804602 -0.21808721722951718 0.02208471715634225 0.1296692746375935 0.17415840703844992 0.20179530238009605 0.21955365954412087 0.2354004392147233 0.25172854646274445 0.27037288791443315 0.2948317576880269 0.3153511497334781 0.3371168180669677 0.3618128462507972 0.38731352539479236 0.4115557554631408 0.43409497151462983 0.455453696514466 0.49106514121184586 0.5513135779810294 0.618419820657889 0.6798037887526994 0.7335389054126593 0.7794382043470346 0.8198519643694396 0.8557764784786585 0.888509199523134 0.9211616842215516 0.9573044926047529 0.9939488911331723 1.03005766019542 1.0635908609045526 1.0939023551546312 1.1187624410174681 1.142463673870234 1.1637326321019272 1.1851138252923201 1.2042419795795736 1.2230187746623313 1.2393970611075935 1.2554861500688257 1.2727469042047952 1.28269310536638 1.2978788488075579 1.307867635095417 1.3189595797074434 1.3242052950084213 1.3289733004261044 1.3381871668539613 1.3405550496519631 1.3444623823771957 1.3554504645846341 1.3546223670785849 1.3571847261182979 1.3665889243579494 1.370269786345491 1.3724369980085904 1.3769661460165021 1.3845044495261716 1.3833037186245212 1.3803321932714496 1.3841620643893853 1.3847358006864197 1.3776185334385014 1.3751656282681681 1.3771532102547963 1.378694925449383 1.3711685431774383 1.3648003151328252 1.367878356877668 1.3682139729182414 1.3692770561642489 1.3617161678912362 1.3570321828416332 1.358175419651194 1.3614065958808526 1.357765559961744 1.3484200588160484 1.3442378487637998 1.344909602338801 1.3488968532335683 1.3501122587983532 1.340127204351945 1.3326761982617217 1.3325945692854217 1.3310470257441958 1.3134911806426512 1.341513135439285 1.3397250467149848 1.324102140164804 1.3177144006105619 1.3163817849470991 1.3186165414492614 1.3219075553881399 1.3048535198165585 1.2948514405501155 1.289028777907366 1.2846260906403855 1.2809686366804511 1.277783544135557 1.2749366664857644 1.2723441205376762 1.2677399628325003 1.251190600231519 1.2318769998040997 1.2200048873183127 1.2115282463384605 1.2050787337677948 1.1979456841715672 1.1927934543017584 1.1889196654556424 1.1878488393894577 1.185912248256047 1.183519679830427 1.1815491340932969 1.1803557496574841 1.179790986611919 1.1779984970823723 1.1762437613882404 1.1733665345361493 1.1715139255816813 1.1700465916024574 1.1690559411573747 1.168503446119927 1.1671837039969124 1.1671713528853696 1.1659667817684394 1.165916340538658 
# Stellar luminosity-weighted [O/Fe]:
0 -2.220446049250313e-16 0.0 1.1869425449887623 1.1774397078606023 0.7643818404554406 0.5173346934243626 0.35800268871002516 -0.8477776253257666 -1.286280201478298 -1.436155616487861 -1.4824745035745455 -1.4981950388320278 -1.5015713947038778 -1.5013222650458538 -1.5000323268641433 -1.4983956522429203 -1.498143056526788 -1.4927491327827274 -1.4896705191567547 -1.4890673342522838 -1.4889699814282484 -1.489329994709767 -1.4895680551518473 -1.4898634609792494 -1.4899517237794262 -1.4897311360671242 -1.4893128638299469 -1.4886961678291777 -1.4884536252767302 -1.4876197149375632 -1.4870463797583007 -1.4865651198783914 -1.4860956647506263 -1.4853367908735922 -1.4839911969628787 -1.4823720298879453 -1.4804175864772446 -1.4782196554798004 -1.4765066950282315 -1.4750318277078125 -1.4723931139415047 -1.470590228831035 -1.468810474299342 -1.4673035814934836 -1.465473796591949 -1.4640227323562942 -1.462543589632622 -1.460839283207896 -1.459254281477207 -1.4573178828643218 -1.4569881140631422 -1.4553779581552444 -1.4545427549664462 -1.4544473445956068 -1.453301287248004 -1.4535732244777915 -1.4531788530660132 -1.4529820429810023 -1.4519600210044101 -1.4517831080123236 -1.4507292576672925 -1.450834289593287 -1.4523896665933582 -1.4498682244733576 -1.4483703478635295 -1.4504965343087148 -1.4493630276642182 -1.448451518488696 -1.4480127586220255 -1.449090256770687 -1.4493022166015623 -1.4484992472695737 -1.4475310706301532 -1.4485552715831431 -1.4475266140565062 -1.4488600240355245 -1.4480882275894582 -1.4477958494407994 -1.4484181855551972 -1.4483942862274717 -1.4476739732800112 -1.4467327763953486 -1.4467318293534768 -1.4478328992390297 -1.448269517639601 -1.4478762664487639 -1.4479834916121086 -1.4449924959342084 -1.4461540607787837 -1.4484387173074884 -1.4503464668321455 -1.4462301473558228 -1.4250854516539553 -1.44949418234857 -1.4562054203991763 -1.4518142688241664 -1.4494050178486926 -1.447574376615451 -1.4462555767553227 -1.4449664021562691 -1.4499859489945477 -1.452417033333151 -1.4536005650310102 -1.4543974955749936 -1.4550080414663944 -1.4555083704174074 -1.455934880805352 -1.4563084238255044 -1.4569417461952343 -1.4589772053646932 -1.461024430566309 -1.4621577502686087 -1.462921426000228 -1.4634830468136428 -1.4640840886381494 -1.4645083295404056 -1.4648204923253567 -1.4649063465767198 -1.465059050525917 -1.4652476363338591 -1.4654017676267832 -1.4654927779961233 -1.4655370663923097 -1.4656742716742888 -1.4658086019732097 -1.466027609056043 -1.466168669784084 -1.4662781240370337 -1.4663499653377863 -1.4663951155966788 -1.4664952738840815 -1.4664956872605959 -1.4665869880490199 -1.4665917553774972 
# Stellar luminosity-weighted [Ca/Fe]:
0 0.0 0.0 0.682463641265235 0.674899496431759 0.37296285283304964 0.23436059436016898 0.15410364009221778 -0.1439405354592609 -0.16254400875002384 -0.16577491889916018 -0.16663024857000197 -0.16695496040136448 -0.1670321283941829 -0.1670456904287383 -0.16703635979442 -0.16702770136979161 -0.167026904177076 -0.1670445017958606 -0.16702459731964026 -0.16703089859424058 -0.16704241660274777 -0.1670249421356098 -0.16702929322898696 -0.16702974173068652 -0.16703296400222833 -0.16702659434210698 -0.16703501603477222 -0.1670200501106045 -0.16702400441734389 -0.16702991313186133 -0.16699558192445152 -0.16703312363266898 -0.16704169686901227 -0.16703836376459646 -0.1670090814078926 -0.16701913843272043 -0.16702565755766452 -0.16487954240831226 -0.16756032064811843 -0.16814635279953527 -0.16758121118358482 -0.16710674143671178 -0.16691748731208356 -0.16668243036074837 -0.16712307873457277 -0.16723749401722032 -0.16715782628164355 -0.16702383635076612 -0.16701069518727563 -0.16701455094503204 -0.1670476246088346 -0.1670289820025046 -0.1670097493293654 -0.16703484569617943 -0.16710721033405163 -0.16709029525835728 -0.1671201772338513 -0.16691540474547173 -0.1670495816548141 -0.1669614556301786 -0.1669527986812045 -0.1669867528044533 -0.1670184450705967 -0.1668691574876604 -0.16727058169145792 -0.16705108234526778 -0.16691294680242774 -0.16702449050695511 -0.1670502628322077 -0.16703530588996407 -0.16703161179176473 -0.16700246898041793 -0.16696204984141816 -0.16696200702944441 -0.16700715941308575 -0.16699500612229845 -0.16701227974030441 -0.16702587743256503 -0.1670139597275504 -0.16698910360883312 -0.16699927170262696 -0.16701705437754844 -0.1669358232482565 -0.1670400857543275 -0.16703773359379293 -0.16704402777135186 -0.16702818050523716 -0.16696873856484218 -0.16699115891023752 -0.16714774244320862 -0.16699753007308638 -0.16697733440070395 -0.16702485580369442 -0.16700136485796624 -0.1669704981628637 -0.16692253661386447 -0.16691423542377648 -0.16708702804412345 -0.1670647622560535 -0.16703393484947382 -0.16702114626740472 -0.16701382990202496 -0.16701073508460085 -0.1670090488523257 -0.1670079885229001 -0.16700724943267642 -0.1670066846556062 -0.1670062414838982 -0.1670055706489464 -0.16700361291279875 -0.1670014247229472 -0.16700000514153235 -0.16699894443702545 -0.16699815517660843 -0.16699722619983093 -0.16699652344191018 -0.16699601984884027 -0.16699589701655815 -0.16699560768058586 -0.16699526808738718 -0.1669950062106378 -0.1669948536563357 -0.16699478062145534 -0.16699452961089745 -0.16699425621331776 -0.1669939134333509 -0.1669936581417324 -0.16699345516948383 -0.1669932995469483 -0.1669932289930116 -0.16699308450088868 -0.16699305613711712 -0.16699292268229726 -0.16699291540398908 
# Stellar luminosity-weighted [Ne/Fe]:
0 -1.6653345369377348e-16 -1.6653345369377348e-16 1.0394382922273917 1.0318608972846648 0.6977283114793875 0.47936952551891854 0.3044177591309698 -0.9869654926135313 -1.6395081936929912 -2.021518144768769 -2.2416419517180453 -2.3414420952546404 -2.386790698385563 -2.3975110413667373 -2.398614314983247 -2.3955137429663504 -2.3952321395927108 -2.391993105004225 -2.3873307933221724 -2.3851678188201717 -2.38376970403996 -2.3829261578756897 -2.3825117910719515 -2.381808164361643 -2.3810673377023477 -2.3793634010444764 -2.3774282418109993 -2.376449697079811 -2.373574035233789 -2.370338830351198 -2.3663120034219403 -2.36432382173211 -2.3634720837389027 -2.358653277939709 -2.3465044833735327 -2.3338248976799996 -2.316915339361364 -2.298679858838044 -2.2833225717911 -2.268031707294778 -2.25558470270881 -2.242900604424382 -2.231797939903677 -2.217059455777436 -2.2076990194780093 -2.194653720156621 -2.186089734398129 -2.1718603162058248 -2.1690467523312904 -2.156128303759243 -2.1500789503387896 -2.1394517359698346 -2.1381314157572877 -2.136445577721328 -2.125940167135118 -2.12025808675042 -2.120544823272856 -2.1098544847519287 -2.0488476897351706 -2.125573587846299 -2.139983359677238 -2.1129777767999594 -2.106600013465154 -2.0924503143351245 -2.0895951133310238 -2.0888653862995126 -2.092616412036863 -2.0900227538996776 -2.0946188052372654 -2.098954163637063 -2.1063460547171378 -2.103487146865307 -2.106639878865674 -2.1113609614353015 -2.119334233775378 -2.1182053838211528 -2.120975488688622 -2.122860155552612 -2.1333545448602442 -2.134993544232202 -2.1382413141136984 -2.1351742553112736 -2.1428976870741963 -2.147578202930899 -2.1640993054081648 -2.1603694702616343 -2.1607755979399395 -2.1626909827650787 -2.1688333827867536 -2.1726399936286005 -2.1807232396544176 -2.1815611504528034 -2.184737511173375 -2.184802304360674 -2.196391024573823 -2.1991193023625786 -2.207524465510879 -2.2072110300899537 -2.2087811327949884 -2.2040895536169094 -2.196060300598509 -2.1921909015428307 -2.19069989596475 -2.1900234333542965 -2.1897388085391 -2.1896763317752157 -2.1897491594823872 -2.189911534502008 -2.19039165824623 -2.1935794218453672 -2.198966823639461 -2.202723892570818 -2.2055062201610447 -2.2076596446749868 -2.2100390367382405 -2.2117689245789345 -2.2130708156569283 -2.213443221991105 -2.2140851175308165 -2.214891959211064 -2.2155669532391205 -2.2159611711718363 -2.2161630096741316 -2.2167592328375125 -2.2173464249327637 -2.218352039144361 -2.2189748932599285 -2.21947925386139 -2.219837484273583 -2.220014873985914 -2.2204895576754247 -2.220491053246615 -2.2209432164342804 -2.2209488927305694 
# Stellar luminosity-weighted [Si/Fe]:
0 8.673617379884035e-18 8.673617379884035e-18 0.9914487633900158 0.9842820962326244 0.667549531055533 0.5191586856387618 0.41825972939868816 -0.16594845560852553 -0.22283773679746333 -0.23339693371022582 -0.2361064392127672 -0.2369707083598962 -0.23716090634800335 -0.2372181946045369 -0.23723413647866778 -0.23724798276071954 -0.23721304071921706 -0.23720034515634755 -0.23718911962015557 -0.2371852823775909 -0.23718479669045756 -0.2371886519593225 -0.23719579094943588 -0.23718365166350172 -0.23718069069176997 -0.23718237035851694 -0.23717476230935586 -0.23717048858783538 -0.2371683941735276 -0.23718225211505134 -0.2371818175793932 -0.237179182528005 -0.2371613474984646 -0.23715576309485803 -0.237128257906916 -0.23713886824949643 -0.23710491072782572 -0.23711790363354845 -0.237106010369304 -0.23708870538860352 -0.23706727680838738 -0.23704879266737855 -0.23704363707015297 -0.23701574624434232 -0.23698732981000362 -0.2369854195325013 -0.23696658279808178 -0.23697430875702605 -0.23696424706203112 -0.23695561720815778 -0.23692174449362927 -0.23691138931658953 -0.23693550190927876 -0.2369702874489147 -0.23697025494417573 -0.23700511242900577 -0.23699645388508186 -0.23702074722898006 -0.23702275932143066 -0.23705563457652942 -0.23704390640115056 -0.23708226048790798 -0.23708375477499605 -0.23711529951461802 -0.2371076777404659 -0.23713490581546678 -0.23712560898242419 -0.23713921110701094 -0.2371229334644562 -0.23714570478282446 -0.23713316612401755 -0.23715179988348203 -0.23714711698315605 -0.23715795073220156 -0.23714092985976665 -0.23715897530037003 -0.23714508457855793 -0.2371563906456519 -0.23714983397005618 -0.23715039278289154 -0.2371619634406631 -0.2371704974888673 -0.23714674071119998 -0.23719814261124916 -0.23716820329824945 -0.23713394868277798 -0.23714683261173536 -0.2371181778774115 -0.23720124030171405 -0.2372200973535321 -0.23717447657674462 -0.23719016040237248 -0.23716571447313825 -0.23719438975531265 -0.23724458544170154 -0.237120874023645 -0.23715852396266796 -0.23724444372766004 -0.2372378783449621 -0.2372063132242578 -0.2371710911711968 -0.23715022497286306 -0.23713942556032133 -0.23713221829862044 -0.23712682996066067 -0.23712253504890518 -0.23711897435345808 -0.23711593934385644 -0.2371109556934545 -0.2370961605427273 -0.23708275517704444 -0.23707571523483512 -0.2370710437514242 -0.23706771224998377 -0.23706407574463315 -0.23706158924196563 -0.2370597847648186 -0.2370593596094059 -0.23705839720882876 -0.23705730243721085 -0.23705649003153176 -0.23705593673740488 -0.23705576491253394 -0.2370549478219328 -0.2370541660078266 -0.23705313268763092 -0.23705238877667967 -0.2370518486057525 -0.237051610214622 -0.23705137680082436 -0.23705107467473518 -0.23705103773210126 -0.237050886019585 -0.23705081144178103 
# Stellar luminosity-weighted [S/Fe]:
0 0.0 0.0 0.9145798376532082 0.9079186738986541 0.6122597406533574 0.47230557524922345 0.3723682648714349 -0.18249591587081448 -0.2340091333740163 -0.24349515205698125 -0.24596820470000058 -0.2467495454248787 -0.24690930660098664 -0.24695001383548343 -0.24695520654374703 -0.24696800771206084 -0.24692785635166792 -0.24690546132100177 -0.2469114306369865 -0.24691240454282237 -0.2469049955653848 -0.24689885746001172 -0.24689775433647587 -0.24690415620008888 -0.24689478781864493 -0.24688950457167236 -0.24687853567469753 -0.24685545430905254 -0.2468697520880101 -0.24687669678729807 -0.24689777574122995 -0.24688824292068023 -0.24686132851059917 -0.24686333418428896 -0.24683802888027329 -0.24685098034044461 -0.2468206347658748 -0.2468773162029949 -0.24687168280174843 -0.24687040739132404 -0.2468402699391713 -0.24683310741928155 -0.24681791329630764 -0.24683057197216762 -0.2468258658222351 -0.24680577170255646 -0.24681376399844812 -0.24681617355453467 -0.2468399849819668 -0.24681026688054952 -0.24681298026996057 -0.24682099042043681 -0.24681375385470672 -0.24681392985394723 -0.24680417545443512 -0.24679303461371083 -0.24680635045572208 -0.24681528534414865 -0.24680070953572686 -0.2468049439461697 -0.24678876313129527 -0.24683243090751272 -0.24679300058741205 -0.24678120898166078 -0.24658886946504055 -0.2468321749804958 -0.24687685042151009 -0.24683878051654318 -0.24693953360376542 -0.24678845206404754 -0.24669732410510414 -0.2467396974899424 -0.24675563946730916 -0.24679698036060982 -0.24677870284897363 -0.2467339186343297 -0.24676430645677527 -0.24679739172837767 -0.2467489938197477 -0.2467636533996691 -0.2467781655561918 -0.24677663670928962 -0.24677118330859338 -0.24682720797183222 -0.24675544224058776 -0.24677166448602528 -0.2467514480949693 -0.24669323995179893 -0.24676879251284545 -0.24688723374130395 -0.24673838804862525 -0.24675948181665197 -0.24669508777983584 -0.24675281613097233 -0.24678308999415677 -0.2467675446873291 -0.2466742381407241 -0.24679658604324484 -0.24680448029191393 -0.24681535419412226 -0.2467891020245997 -0.24677984482084914 -0.24677698671903192 -0.24677571645530594 -0.2467750428143548 -0.24677464111215042 -0.24677438480425617 -0.2467742116370275 -0.24677398361391312 -0.24677332054712542 -0.24677209149849977 -0.24677093620717472 -0.24676992561939204 -0.24676913699048109 -0.2467681271821066 -0.24676740298540445 -0.246766848051166 -0.2467667500036066 -0.24676638856312139 -0.24676601834524736 -0.24676577612417094 -0.24676556819111883 -0.24676553192817485 -0.24676522704840875 -0.2467649375166483 -0.2467646297510787 -0.2467643939242894 -0.24676420272584387 -0.2467640994438488 -0.24676407939180622 -0.2467640521223774 -0.24676401850530938 -0.2467640585119829 -0.24676403974560113 
# Stellar luminosity-weighted [C/H]:
0 -5.218485947384705 -6.507369206153328 -5.676558289485387 -3.649163501394164 -2.798885716678284 -2.301454331919677 -2.0204022747972443 -1.5714100999418106 -0.9915568628545612 -0.45433571639262826 -0.0958604220217234 0.08909416097759637 0.15231681629300153 0.17099930586798706 0.17855098483749332 0.18683732378547324 0.20035490851347637 0.21623588135043548 0.23176051583218005 0.2482195279994337 0.2647797888881147 0.2806484244443985 0.29479160343643906 0.3078688015823867 0.33589889486129154 0.39078159789924705 0.45286967795030053 0.5093752493798429 0.558218480295182 0.6002644559839565 0.6368176774882555 0.6689106200172463 0.6974386102033439 0.7262304792662762 0.7620056134948943 0.8004737000808686 0.8370651437146477 0.8706173885899782 0.9039237196328895 0.9284750072164187 0.9547332064770213 0.9773219643967108 0.9991112887337441 1.0200725481665822 1.0390413810749197 1.0568158011447224 1.073641428115506 1.0913949238552587 1.10371726287186 1.1171910433859167 1.1305352521619523 1.1411737445185164 1.1472551708755465 1.152758844521328 1.1582697292214963 1.1637007104265646 1.1689411345532474 1.1736318304586764 1.1784039144492695 1.1826783140288568 1.1874486048101773 1.1924321135322367 1.1960194716321797 1.1996143804493928 1.2037233729396415 1.2059470548991231 1.2045736548042223 1.2023963667980428 1.1992064775421882 1.1959310214113317 1.1927013100867914 1.188461141520861 1.1842046841930114 1.1822142529442194 1.1790428393376975 1.1751513134931355 1.1678949228128812 1.1693225512280692 1.1670902197362136 1.1620589433739115 1.157803869705873 1.15360076710502 1.1500438986526258 1.1468427333849327 1.1434773997231638 1.1391811150898716 1.1354859510273174 1.1316348822965905 1.12861954833064 1.1256759736022235 1.1219110963670462 1.1182641418998656 1.1146265736664605 1.1109374601090876 1.1076810287518044 1.1050083166032292 1.1018561364362913 1.097901848976718 1.09442086152773 1.0917238992950624 1.085603916434561 1.0802434682157154 1.0763130068270912 1.07299689467172 1.0700575688516913 1.0673848383063165 1.064921321069849 1.062623767464828 1.0584297593467347 1.0424690025727017 1.0226844697830058 1.010087424422442 1.0009737918439527 0.9940030286933803 0.986232056204118 0.9806385685983012 0.9764279942054559 0.9752914012055469 0.9731545099173275 0.9705688983715102 0.968421240228635 0.9671504567099172 0.966535012573777 0.9646318426792582 0.9626847746082894 0.9596785191494606 0.9577051208419274 0.9561278455153306 0.9550960661688759 0.9546148007245128 0.9532818178116877 0.9533028464473419 0.9521638595016215 0.9521084899458709 
# Stellar luminosity-weighted [N/H]:
0 -5.218485947384705 -6.507369206153328 -6.273968191489802 -4.2734194940462515 -3.3987316706250974 -2.4232322025309525 -1.6085451024565067 -0.8995134973314372 -0.2546789943807921 0.33440315560121014 0.7144891123457127 0.8953628707640946 0.9490974116730859 0.9629741288749738 0.9705319498173663 0.9856606752165638 1.0149583296817593 1.049055269762221 1.0786903651322906 1.0883402181849973 1.080622105663335 1.065316588394297 1.04775096536107 1.0297661127630042 1.004051235674717 0.9605469218451979 0.901914103051741 0.8325353796360644 0.7527734488725133 0.6601017560223363 0.549153336567354 0.40847176453115264 0.21223748103375595 -0.07132838831521848 -0.36544051551450707 -0.563857328694219 -0.6633937485629096 -0.6958828794607728 -0.7375650380130381 -0.7636267728410138 -0.7786264450090812 -0.7914734299627675 -0.803449025536616 -0.8186217130351867 -0.8644242239132716 -0.8313667683177313 -0.8282829485695293 -0.8451020157322207 -0.8610328153737585 -0.8833759224592148 -0.8805803162862524 -0.879725588026826 -0.8790392464754175 -0.8828361316973403 -0.873298484835412 -0.8745981297871435 -0.8727247807331748 -0.8601724170404719 -0.8647736487855529 -0.8606271106055301 -0.8578345507543599 -0.8532104585569709 -0.8470580749296408 -0.8406861625668833 -0.8408105902841587 -0.8589501131772117 -0.8315648914729135 -0.8625162556224231 -0.838387705805693 -0.8267718405800863 -0.8335092798522137 -0.8456591414317547 -0.8475602571597642 -0.8536780918034053 -0.8589425937476998 -0.8560618707093068 -0.8581735730468374 -0.8559371423644695 -0.8538081981425236 -0.87705253346342 -0.8658786044262783 -0.9861976489612205 -0.8316592758318642 -0.8199019648500103 -0.8447780126471676 -0.8564882762497339 -0.8802270746930487 -0.8628883479598839 -0.8692432863710122 -0.8775614141071353 -0.8915511804014953 -0.8673444521242226 -0.8457364648508232 -0.8813064674161977 -0.9024208857032265 -0.8852779934181623 -0.869818021873674 -0.8820321269207385 -0.8850657969553728 -0.9034762672713059 -0.32338779347540925 -0.16935580975656261 -0.10360864626884325 -0.06210389136516081 -0.031806645481759155 -0.007948092656122618 0.011709819425597345 0.028419976480116738 0.055737503461672944 0.1359709991296718 0.2075682872065281 0.24423612404739137 0.268013381573343 0.2849229025722222 0.3026067796146825 0.3147571293495135 0.32370090427550835 0.32618674492302047 0.330428570853766 0.3356160342329959 0.33987841504012195 0.3426226847770848 0.3437949390638493 0.3476758144318244 0.3512298151962874 0.3572271386672856 0.3609938906631118 0.36397041503605987 0.3661054372315471 0.3672171755642597 0.3699306741879731 0.3699871095236129 0.37254832584476283 0.3726213930522131 
# Stellar luminosity-weighted [O/H]:
0 -5.218485947384705 -6.507369206153328 -4.458097592959696 -2.4365585363184454 -1.9506990811538323 -1.6972116718369081 -1.5366259146167849 -1.3533228827122938 -1.013641580010903 -0.5840049910302212 -0.2700188290601737 -0.11270114140249943 -0.06723684325111945 -0.06440113334673647 -0.07317756162525146 -0.08353556412895946 -0.0944768491745509 -0.09911526838304274 -0.10535630223478698 -0.11359331825136332 -0.12253373650667765 -0.1309073310187423 -0.13930336807819055 -0.14758489493207883 -0.15516624635055454 -0.16053198008178216 -0.1655501427075885 -0.1704285393728564 -0.17532042511747736 -0.17917374836307776 -0.18303428688118428 -0.18686585846141224 -0.1910705893197897 -0.19493120495527583 -0.19529887910985888 -0.1934751910523036 -0.19299251648077265 -0.19297347231457485 -0.18997863552174232 -0.1902874338010494 -0.18773046739321275 -0.18641066770521686 -0.18600253655857646 -0.1841694314129918 -0.18397739358741116 -0.182581259962872 -0.1818447219533197 -0.18135198034953692 -0.17897584249452025 -0.18068780542164165 -0.17733238293346476 -0.17778583518892743 -0.17695012413287436 -0.1762144559047769 -0.1799174376324646 -0.17685433922539895 -0.17552124782394873 -0.18181863412595822 -0.1762184526293158 -0.1745064120894404 -0.1791403195477712 -0.17783767281325424 -0.17641752637641073 -0.17735176556710952 -0.1807810765865301 -0.17735666372539827 -0.17575853846722778 -0.18176569759134242 -0.1855293231442312 -0.1816875120271697 -0.1824643181813772 -0.18869206873393551 -0.19449024125637182 -0.18895429023321864 -0.18575747579512703 -0.19272704338453206 -0.20031905010535977 -0.19995450493617994 -0.19462594815502277 -0.19497323946772127 -0.20037154994532091 -0.20780582877583242 -0.20772166130911796 -0.20157732543111573 -0.2007604490406356 -0.20572848724892934 -0.21341090220625114 -0.21847737650176313 -0.21150765602130495 -0.2070002246594984 -0.21068347291837597 -0.21278288384432997 -0.19886460697619057 -0.23057567533019752 -0.23204401796317997 -0.21909382356157492 -0.2158582641742699 -0.2184799359703815 -0.2241956799215319 -0.2301836560930779 -0.21924960338199773 -0.2146079723344001 -0.21271577108027495 -0.21162919596866603 -0.2109110678287598 -0.21039870582924092 -0.21001534541591527 -0.2097203530728482 -0.2093102034857659 -0.20872159765881726 -0.20919253002109395 -0.20991746289587088 -0.2105544544945075 -0.21107570507441453 -0.2117136279674492 -0.2121548857034572 -0.21249167125018653 -0.21255743818391082 -0.21275773833871936 -0.21295078145891733 -0.2131278938646619 -0.21320529294756696 -0.2132559740381419 -0.2133666544031141 -0.213558986779951 -0.21368801538668825 -0.21380880473975372 -0.21391874608712635 -0.213959874988499 -0.21388864539541474 -0.2139018861852251 -0.21386850643802768 -0.2138029222668174 -0.21380785059278695 
# Stellar luminosity-weighted [Mg/H]:
0 -5.218485947384705 -6.507369206153328 -4.680644697371548 -2.6575000236585575 -2.0982207129263903 -1.7768125855079946 -1.5832339177178936 -1.4024931433106813 -1.0968136992935174 -0.6903457161334527 -0.38463350521079764 -0.23438763302809562 -0.1975604315801034 -0.20138548676195622 -0.2138821431447484 -0.22396554756248577 -0.22674850461404628 -0.2254980247167202 -0.22375618568770062 -0.22567729103519873 -0.23169042411783725 -0.23883615220826737 -0.24643546758021362 -0.2540653669973967 -0.2603082456316521 -0.26325873326439364 -0.26484042224911697 -0.26614063857292614 -0.2664692632623993 -0.26843680990342467 -0.2693736987261657 -0.2697016415545894 -0.27038891311572044 -0.2680756940030058 -0.25371653975297637 -0.2321884329845103 -0.21038647130978472 -0.19011850821187792 -0.1688017264175956 -0.15080108684095705 -0.13271124229421716 -0.11624564656587655 -0.10095298181421875 -0.08599287244444653 -0.07234683558986266 -0.05948358610002202 -0.04702779238000865 -0.03545063337480414 -0.0234032153414665 -0.014013029962358203 -0.004430601648479637 -0.0036863343499877743 -0.008262035599671869 -0.015355823646332034 -0.025632462532032996 -0.032324791633427274 -0.03923355793127836 -0.05021052074145782 -0.05728540369822177 -0.06589290528262737 -0.0741495082900725 -0.08146400131200071 -0.090511935826874 -0.10077296576161121 -0.10331391612907481 -0.12036961239111488 -0.12701844298704668 -0.13392391085694122 -0.1417694202131763 -0.1436882671597104 -0.1504514777326449 -0.1606134510217645 -0.16968816445850354 -0.17207654944565487 -0.17687703140002586 -0.1850664731600098 -0.1942390764833446 -0.20133626103229574 -0.20439228179699054 -0.21121365549129578 -0.2213946756397389 -0.23287199751457255 -0.23963968418709758 -0.24127874330199894 -0.24619974575224735 -0.259908314712054 -0.2698474933856563 -0.28132886129502577 -0.2802279080029031 -0.28576648334507926 -0.2975894096347602 -0.3136488106722526 -0.31131085381410806 -0.3214189015691904 -0.3288380985431649 -0.33182159654959165 -0.3340978598079527 -0.34651966787064836 -0.36389239066661005 -0.37461638980258893 -0.30662528957925517 -0.27619919047334296 -0.262663649700964 -0.25434434424107266 -0.2485046295425839 -0.24409796670866424 -0.24061992901911644 -0.23778795060552316 -0.23344042710024748 -0.22313414935938347 -0.21784747943684568 -0.21689320084441288 -0.21692827108555512 -0.2172230944785385 -0.21776904839224542 -0.2182731357689276 -0.21872696084123344 -0.21883083322883845 -0.21912402956951205 -0.21943367710821082 -0.21972195737529088 -0.2198865250696027 -0.21998740026228436 -0.22021929368903148 -0.220533129234167 -0.22093496713332428 -0.22118116870935722 -0.22145363646989402 -0.22170974631353957 -0.221599717506467 -0.221783426893289 -0.22176034402484301 -0.22190261239290532 -0.22187623137850565 
# Stellar luminosity-weighted [Fe/H]:
0 -5.218485947384705 -6.507369206153328 -5.64504013794846 -3.6139982441790472 -2.7150809216092737 -2.2145463652612705 -1.8946286033268098 -0.5055452573865269 0.2726386214673937 0.8521506254576403 1.2124556745143722 1.3854938974295279 1.4343345514527583 1.4369211316991173 1.4268547652388923 1.4148600881139606 1.403666207352237 1.3936338643996846 1.3843142169219678 1.3754740160009207 1.3664362449215703 1.3584226636910248 1.3502646870736568 1.3422785660471703 1.334785477428872 1.3291991559853416 1.3237627211223586 1.3182676284563213 1.3131332001592528 1.3084459665744856 1.3040120928771164 1.2996992614169787 1.2950250754308366 1.2904055859183163 1.28869231785302 1.2888968388356417 1.287425069996472 1.285246183165226 1.2865280595064892 1.284744393906763 1.2846626465482918 1.2841795611258182 1.2828079377407655 1.283134150080492 1.281496403004537 1.281441472393423 1.2806988676793023 1.2794873028583589 1.2802784389826867 1.2766300774426806 1.2796557311296777 1.277592122966317 1.2775926308335714 1.2782328886908303 1.2733838496155392 1.276718885252393 1.277657605242065 1.271163408855044 1.275741568375095 1.277276695922883 1.2715889381195207 1.2729966167800324 1.2759721402169473 1.272516458906248 1.2675892712769996 1.273139870583317 1.273604489196991 1.2666858208973535 1.2624834354777943 1.2674027447435172 1.2668378984201856 1.2598071785356382 1.2530408293737816 1.2596009813499243 1.2617691382613785 1.256132980650992 1.247769177484098 1.2478413445046193 1.2537922374001744 1.2534210467597502 1.2473024233346903 1.238926947619516 1.2390101680443584 1.2462555738079137 1.2475090685989652 1.242147779199834 1.2345725894058575 1.2265151194324453 1.2346464047574788 1.2414384926479904 1.2396629939137696 1.2334472635114926 1.2262208446777643 1.2189185070183726 1.2241614024359966 1.2327204452625913 1.233546753674422 1.2290944406450701 1.222059896833791 1.2147827460631913 1.2307363456125504 1.2378090609987509 1.2408847939507357 1.242768299606328 1.2440969736376348 1.2451096645881665 1.2459195353894366 1.2465880707526562 1.2476315427094686 1.250255607705876 1.251831900545215 1.252240287372738 1.2523669715057202 1.2524073417392283 1.2523704606706998 1.252353443836948 1.25232882107517 1.2523489083928085 1.2523013121871975 1.2522968548749418 1.252273873762121 1.2522874850485564 1.2522810923541678 1.2523076172711747 1.252249615193259 1.2523395936693542 1.2523598650443302 1.2523593779499071 1.2523900903492873 1.2525064702012645 1.2525933876988566 1.252627180822568 1.252784065782202 1.2527839047847098 
# Stellar luminosity-weighted [Ca/H]:
0 -5.218485947384705 -6.507369206153328 -4.962576496683223 -2.9390987477472876 -2.342118068776225 -1.9801857709011026 -1.7405249632345923 -0.6494857928457876 0.11009461271737031 0.6863757065584792 1.0458254259443693 1.2185389370281632 1.2673024230585748 1.2698754412703792 1.2598184054444719 1.2478323867441699 1.2366393031751617 1.226589362603824 1.2172896196023277 1.2084431174066799 1.199393828318823 1.1913977215554157 1.1832353938446696 1.1752488243164834 1.1677525134266444 1.162172561643235 1.1567277050875866 1.1512475783457168 1.146109195741909 1.141416053442624 1.137016510952665 1.1326661377843106 1.127983378561824 1.1233672221537203 1.1216832364451275 1.121877700402921 1.1203994124388075 1.120366640756914 1.1189677388583705 1.1165980411072276 1.1170814353647067 1.117072819689107 1.1158904504286822 1.1164517197197439 1.1143733242699652 1.114203978376203 1.1135410413976592 1.1124634665075925 1.1132677437954106 1.109615526497648 1.1126081065208435 1.1105631409638121 1.1105828815042065 1.1111980429946504 1.1062766392814876 1.1096285899940357 1.1105374280082136 1.1042480041095724 1.108691986720281 1.110315240292704 1.1046361394383162 1.1060098639755793 1.1089536951463508 1.1056473014185872 1.1003186895855412 1.1060887882380488 1.1066915423945636 1.099661330390398 1.0954331726455866 1.100367438853553 1.0998062866284206 1.09280470955522 1.0860787795323628 1.0926389743204794 1.0947619788482932 1.0891379745286942 1.0807568977437931 1.0808154670720551 1.0867782776726242 1.0864319431509166 1.0803031516320631 1.0719098932419673 1.0720743447961025 1.0792154880535865 1.0804713350051722 1.0751037514284825 1.0675444089006207 1.0595463808676033 1.0676552458472415 1.0742907502047823 1.072665463840683 1.0664699291107889 1.0591959888740696 1.0519171421604065 1.0571909042731322 1.0657979086487268 1.0666325182506462 1.0620074126009467 1.0549951345777373 1.0477488112137179 1.063715199345145 1.0707952310967261 1.073874058866135 1.0757592507540021 1.0770889851147354 1.0781024151554908 1.0789128507338308 1.0795818292687587 1.0806259720605222 1.083251994793077 1.084830475822268 1.0852402822312062 1.0853680270686938 1.0854091865626199 1.085373234470869 1.0853569203950375 1.08533280122633 1.0853530113762506 1.0853057045066121 1.0853015867875548 1.0852788675514837 1.085292631392221 1.0852863117327125 1.0853130876602766 1.085255358979941 1.0853456802360038 1.0853662069025978 1.085365922780423 1.0853967908023385 1.0855132412082522 1.0856003031979675 1.085634124685451 1.0857911430999048 1.0857909893807216 
# Stellar luminosity-weighted [Ne/H]:
0 -5.218485947384705 -6.507369206153328 -4.605601845721067 -2.582137346894382 -2.017352610129885 -1.7351768397423522 -1.5902108441958402 -1.4925107500000578 -1.366869572225597 -1.1693675193111286 -1.0291862772036735 -0.9559481978251121 -0.9524561469328052 -0.96058990966762 -0.9717595497443545 -0.9806536548523894 -0.9915659322404728 -0.9983592406045405 -1.0030165764002055 -1.0096938028192506 -1.0173334591183893 -1.024503494184665 -1.0322471039982952 -1.0395295983144726 -1.046281860273476 -1.0501642450591344 -1.0536655206886412 -1.0581820686234895 -1.0604408350745365 -1.0618928637767127 -1.0622999105448239 -1.0646245603151305 -1.0684470083080662 -1.0682476920213926 -1.057812165520513 -1.0449280588443584 -1.0294902693648922 -1.0134336756728182 -0.9967945122846098 -0.9832873133880149 -0.9709220561605179 -0.9587210432985636 -0.948990002162911 -0.9339253056969445 -0.9262026164734714 -0.913212247763199 -0.9053908667188271 -0.8923730133474654 -0.8887683133486037 -0.8794982263165618 -0.8704232192091119 -0.8618596130035181 -0.8605387849237163 -0.8582126890304984 -0.8525563175195785 -0.843539201498027 -0.8428872180307909 -0.8386910758968851 -0.7731061213600752 -0.8482968919234164 -0.868394421557718 -0.8399811600199261 -0.830627873248206 -0.819933855428876 -0.8220058420540246 -0.8157255157161947 -0.8190119228398727 -0.8233369330023237 -0.8321353697594711 -0.8315514188935467 -0.8395081562969526 -0.8436799683296687 -0.8535990494918932 -0.8517599800853768 -0.8575650955139995 -0.8620724031701608 -0.8732063112045241 -0.8750188110479922 -0.8795623074600698 -0.8815724974724519 -0.8909388907790081 -0.8962473076917581 -0.9038875190298379 -0.9013226291229852 -0.9165902368091992 -0.9182216910617997 -0.926203008534082 -0.9361758633326343 -0.9341869780292749 -0.9312015009806114 -0.9410602457406476 -0.9481138869413099 -0.9585166664956111 -0.9658837973423013 -0.972229622137827 -0.9663988570999864 -0.9739777118364561 -0.9781165894448831 -0.9867212359611974 -0.9893068075537172 -0.9653239549859585 -0.9543818405440803 -0.9498151020140142 -0.9472551337479684 -0.9456418349014646 -0.9445666671870487 -0.9438296240929507 -0.9433234637493513 -0.9427601155367613 -0.9433238141394913 -0.9471349230942456 -0.9504836051980803 -0.953139248655325 -0.955252302935758 -0.9576685760675403 -0.9594154807419866 -0.9607419945817588 -0.9610943135982959 -0.961783805343619 -0.9625951043361214 -0.9632930794769994 -0.96367368612328 -0.9638819173199629 -0.9644516155663378 -0.9650968097395047 -0.9660124454750063 -0.9666150282155979 -0.9671198759114823 -0.9674473939242958 -0.9675084037846498 -0.9678961699765676 -0.9678638724240471 -0.9681591506520775 -0.9681649879458591 
# Stellar luminosity-weighted [Si/H]:
0 -5.218485947384705 -6.507369206153328 -4.653591374558443 -2.6297161479464224 -2.04753139055374 -1.6953876796225087 -1.4763688739281218 -0.6714937129950522 0.04980088466993138 0.6187536917474139 0.9763492353016048 1.148523189069632 1.1971736451047548 1.1997029370945804 1.189620628760224 1.1776121053532411 1.16645316663302 1.156433519243337 1.147125097301812 1.1382887336233298 1.1292514482311127 1.1212340117317026 1.1130688961242208 1.1050949143836686 1.0976047867371022 1.092016785626825 1.0865879588130025 1.0810971398684859 1.0759648059857252 1.071263714459434 1.0668302752977232 1.0625200788889742 1.0578637279323715 1.0532498228234584 1.051564059946104 1.051757970586145 1.0503201592686464 1.0481282795316775 1.0494220491371857 1.0476556885181592 1.0475953697399043 1.04713076845844 1.045764300670613 1.0461184038361497 1.0445090731945337 1.0444560528609217 1.0437322848812207 1.0425129941013327 1.0433141919206559 1.0396744602345227 1.042733986636048 1.0406807336497272 1.0406571289242925 1.0412626012419155 1.0364135946713633 1.0397137728233874 1.040661151356983 1.0341426616260643 1.0387188090536643 1.0402210613463532 1.0345450317183702 1.0359143562921247 1.0388883854419513 1.0354011593916304 1.0304815935365337 1.0360049647678502 1.0364788802145664 1.0295466097903425 1.025360502013338 1.0302570399606927 1.0297047322961674 1.0226553786521562 1.0158937123906253 1.022443030617723 1.0246282084016123 1.0189740053506222 1.0106240929055401 1.0106849538589677 1.0166424034301182 1.0162706539768585 1.0101404598940271 1.0017564501306482 1.0018634273331588 1.009057431196665 1.0103408653007158 1.0050138305170568 0.9974257567941223 0.9893969415550337 0.9974451644557645 1.0042183952944579 1.0024885173370248 0.9962571031091203 0.9890551302046258 0.98172411726306 0.9869168169942952 0.9955995712389463 0.9963882297117541 0.9918499969174097 0.984822018488829 0.9775764328389336 0.9935652544413536 1.0006588360258877 1.0037453683904145 1.0056360813077077 1.0069701436769742 1.0079871295392615 1.008800561035979 1.0094721314087995 1.010520587016014 1.013159447163149 1.014749145368171 1.0151645721379028 1.0152959277542957 1.0153396294892443 1.0153063849260668 1.0152918545949827 1.0152690363103511 1.0152895487834028 1.0152429149783684 1.0152395524377313 1.0152173837305898 1.015231548311152 1.0152253274416339 1.0152526694492416 1.0151954491854323 1.0152864609817236 1.0153074762676506 1.0153075293441547 1.0153384801346652 1.0154550934004405 1.0155423130241217 1.0155761430904668 1.0157331797626177 1.015733093342929 
# Stellar luminosity-weighted [S/H]:
0 -5.218485947384704 -6.507369206153327 -4.73046030029525 -2.7060795702803926 -2.1028211809559156 -1.7422407900120467 -1.522260338455375 -0.688041173257341 0.038629488093378406 0.6086554734006588 0.9664874698143713 1.138744352004649 1.1874252448517715 1.1899711178636339 1.179899558695145 1.1678920804018995 1.1567383510005693 1.1467284030786833 1.1374027862849805 1.1285616114580979 1.1195312493561853 1.1115238062310135 1.1033669327371811 1.0953744098470817 1.087890689610227 1.0823096514136692 1.0768841854476614 1.0714121741472686 1.0662634480712425 1.0615692697871872 1.0571143171358868 1.0528110184962989 1.048163746920237 1.0435422517340274 1.041854288972747 1.0420458584951966 1.0406044352305974 1.038368866962231 1.0396563767047415 1.037873986515439 1.0378223766091201 1.0373464537065367 1.0359900244444584 1.036303578108324 1.0346705371823024 1.0346357006908664 1.0338851036808543 1.0326711293038247 1.03343845400072 1.0298198105621306 1.0328427508597167 1.0307711325458797 1.0307788769788644 1.0314189588368832 1.0265796741611037 1.0299258506386821 1.0308512547863433 1.024348123510895 1.0289408588393676 1.0304717519767128 1.0248001749882252 1.0261641858725201 1.0291791396295351 1.0257352499245873 1.0210004018119592 1.0263076956028212 1.0267276387754802 1.0198470403808106 1.0155439018740284 1.0206142926794692 1.0201405743150813 1.013067481045696 1.006285189906472 1.0128040009893144 1.0149904354124053 1.0093990620166622 1.0010048710273223 1.0010439527762416 1.0070432435804273 1.0066573933600806 1.0005242577784985 0.9921503109102261 0.9922389847357653 0.9994283658360819 1.0007536263583776 0.9953761147138094 0.9878211413108886 0.9798218794806464 0.9878776122446333 0.9945512589066867 0.9929246058651442 0.9866877816948407 0.9795257568979281 0.9721656908874006 0.9773783124418398 0.985952900575263 0.9868725155336979 0.9822978546018253 0.9752554165418768 0.9679673918690694 0.9839472435879508 0.9910292161779015 0.9941078072317042 0.9959925831510219 0.9973219308232797 0.9983350234760158 0.9991451505851803 0.9998138591156285 1.000857559095555 1.0034822871587505 1.005059809046715 1.0054693511655635 1.0055970458863284 1.005638204748747 1.0056023334885937 1.005586040851544 1.0055619730240033 1.0055821583892022 1.0055349236240763 1.0055308365296942 1.0055080976379505 1.0055219168574374 1.0055155604259935 1.0055423902227658 1.0054846776766109 1.0055749639182756 1.0055954711200412 1.0055951752240633 1.0056259909054388 1.0057423908094583 1.0058293355764794 1.0058631623172585 1.0060200072702195 1.006019865039109 
# X_list:
0.7502484878082851 0.7500063198614393 0.7499991682827507 0.7499104998950172 0.7495156765634363 0.7483158575648399 0.7446342935228217 0.7326666722207369 0.6936509905850291 0.6185238283691648 0.614949483070053 0.6091457873002916 0.6115457343051859 0.6165717302170894 0.6220972877415457 0.626800145555108 0.6303733151193995 0.6329249310910195 0.6351717170537163 0.6382097432782234 0.6421602279830411 0.6461726367650217 0.6501757836364062 0.6539073679650554 0.6570697231884496 0.65908809450426 0.6606372251829408 0.6618881427546801 0.6630777144169019 0.6641712077329026 0.6666468057506953 0.6656374954910421 0.6660864065134544 0.6666341522180673 0.6648742120010767 0.6611048192979263 0.657157654602301 0.6531551147513118 0.6488387315382358 0.6452391443623444 0.6414558916562456 0.6378118043277022 0.6344489524440301 0.6308679860002164 0.6279950860904178 0.6247576965746895 0.621789484262338 0.6189357098149592 0.6158903037797964 0.6135406185252388 0.6103723467658188 0.6085698041313196 0.6062973220520633 0.6046161095585386 0.6034447978031154 0.6010835083252063 0.5994954484859261 0.598489758021625 0.5962052025184752 0.5947609012585453 0.5938827433809414 0.5918909587969855 0.5902679857979923 0.5893775540425439 0.5882734872783137 0.5866597196613572 0.5869258502911782 0.5881186830615769 0.5888822670985066 0.5887946256052314 0.5898105714826557 0.5911961961528521 0.5920797267827965 0.591753909082424 0.5925156119763803 0.5940126903915774 0.595126326745003 0.5952796156862526 0.5953222083189792 0.5964347341021891 0.5976263303845163 0.5989397749795181 0.5989782514744496 0.598965620362024 0.5997176764029342 0.6013643613936013 0.6024680250353438 0.6034155122666628 0.6028726077085209 0.603118455034825 0.6041689137376939 0.6052034626380819 0.6063164013680229 0.6070809893248698 0.606998246951031 0.6069764185023092 0.6078174986717917 0.6088812296779461 0.6098918919794933 0.6107677596425614 0.6104661398897208 0.6231489566130679 0.6274640410805191 0.629739847413256 0.6312333991429054 0.6323155526629224 0.6332190212797251 0.634016636524806 0.6346889590497056 0.6356222600168663 0.6390452224367296 0.6444150158943178 0.649408688163437 0.6540361433086858 0.6580124925345667 0.6624404802410696 0.6658377595214289 0.6685919308195523 0.6694679674917199 0.6709372538631387 0.6729644511674399 0.6746174609962405 0.6756172022357376 0.6760021992694989 0.6777831942621457 0.6795194832100091 0.6825709675553553 0.6849640327038526 0.6869272689368028 0.6886443611434353 0.6902477174487506 0.691484332645023 0.6927936350160083 0.6937550735381823 0.6946897272553088 
# stellar_X_list:
0.7529042722234999 0.7502484878082851 0.750011042217656 0.7500055626754621 0.7499891084189837 0.7499647358477795 0.7499428950776813 0.7499255781246178 0.7499116224464555 0.7498999091815437 0.7498933779402813 0.7498930014495396 0.7498926669342477 0.7498921412958752 0.749891510977222 0.7498908524370513 0.7498901939358211 0.7498895438732271 0.7498889036647849 0.7498882802744956 0.7498876902911342 0.7498871439643814 0.7498866392629701 0.7498861711064406 0.7498857336797848 0.7498853224408278 0.7498849279296422 0.749884545320283 0.7498841726882296 0.7498838111443696 0.7498834608405589 0.749883136125786 0.7498827974694272 0.7498824655637706 0.7498821415323218 0.7498818095777156 0.7498814564358512 0.7498810818701218 0.749880690541694 0.7498802855722381 0.7498798684013337 0.7498794407806298 0.7498789994937123 0.7498785575897813 0.7498781016454562 0.7498776490762387 0.7498771833945926 0.7498767202772701 0.7498762467029094 0.7498757753993962 0.7498752935061592 0.7498748199597156 0.7498743388068213 0.7498738667956277 0.7498733888740259 0.749872918116523 0.7498724475910716 0.7498719845354987 0.7498715121359069 0.7498710540561747 0.7498705923953999 0.7498701332603036 0.7498696718690896 0.7498692248444816 0.7498687668806615 0.7498683120359337 0.749867867676067 0.7498674393343759 0.749867003235607 0.7498665827097057 0.7498661766659167 0.7498657840119082 0.7498653805257944 0.7498649878541622 0.7498646120183695 0.7498642521069375 0.7498638821129732 0.7498635146033414 0.7498631564394654 0.7498628213225971 0.749862485102562 0.7498621466697614 0.7498618035938913 0.749861478329983 0.7498611669966059 0.749860863891345 0.7498605524607334 0.7498602399040961 0.7498599270216157 0.7498596409645355 0.7498593623737758 0.7498590852164317 0.7498587973850969 0.7498585105351627 0.7498582221630473 0.7498579577806441 0.749857702019507 0.7498574513431738 0.749857191428779 0.7498569311448664 0.7498566641337238 0.7498569443908958 0.7498571056398603 0.7498572309982287 0.749857335078627 0.7498574233198996 0.7498575015302609 0.7498575720317616 0.7498576385053828 0.7498577735453446 0.7498582352820333 0.7498587468191861 0.7498590289934295 0.7498591878968011 0.7498593092466438 0.7498594127720754 0.749859453412776 0.7498594698484147 0.7498594529685971 0.7498594651208502 0.7498594284425008 0.7498594142034423 0.749859381982826 0.7498593901385815 0.7498592967833141 0.7498592630255474 0.7498590729988505 0.7498589295111462 0.7498588122998864 0.7498586848505133 0.7498584347343492 0.7498583503455325 0.74985813681533 0.7498580151692029 0.749857877389684 
# stellar_X_list_luminosity_weighted:
0.7529042722234999 0.7502484878082851 0.7500127727778133 0.750001254573693 0.7499149451473631 0.7495337034056062 0.7483747063744408 0.7448232711532713 0.7333025339911148 0.6958198562434753 0.6230276012954922 0.6175547194919895 0.6112786678853508 0.6130498146962873 0.6176066527451144 0.6228023415006917 0.6273011141893432 0.6307557099084963 0.6332409204476859 0.6354258071320137 0.6383582578061279 0.6421770079825055 0.6460844856432504 0.6499970791366141 0.6536610088970917 0.6567863804641882 0.6588199186530648 0.6603828963463956 0.6616463553878824 0.6628389604894049 0.6639343732767782 0.666329168239868 0.6654641269365192 0.6659026800348863 0.6664481741751614 0.6648197343422335 0.6612435458690034 0.6574372007122458 0.65355183933863 0.6493550655391837 0.6458159904818558 0.6421109918754097 0.6385375901441782 0.6352152677374259 0.6317028074142657 0.6288398402497197 0.6256579236090326 0.6227143328958881 0.619891285082102 0.6168840904627974 0.6145335658988813 0.6114235549191803 0.6095861384546801 0.6073323687902221 0.6056335243833473 0.604425653996674 0.6021205348037088 0.6005150522055756 0.5994721414634419 0.5972459494155482 0.5957855468517389 0.5948692401699437 0.5929269366636732 0.5913069433872815 0.5903797513141972 0.5892707900491047 0.5876849930749145 0.5878501462450103 0.5889224933711374 0.5896349265294608 0.5895470161295361 0.5904818106231138 0.5917812339063302 0.5926347509198479 0.5923459332706371 0.5930505685433454 0.5944580672970627 0.595536406252633 0.5957088407995095 0.5957595042751169 0.5968005963358294 0.5979441541785594 0.5992035831731101 0.5992822303083052 0.5992830734623289 0.5999933022457151 0.6015509321612564 0.6026322891814829 0.6035570652016758 0.6030883283866704 0.6033199898328244 0.6043146656026492 0.6053101772130317 0.6063888593623193 0.6071422340720216 0.6071004639642412 0.6070933305273325 0.6078889680998877 0.6089076556411441 0.609890822666845 0.6107465275419692 0.6110384381183473 0.6116037962454687 0.6121078202415269 0.6125587908922523 0.6129682327340783 0.6133445646545373 0.6136929470443718 0.6140184959197419 0.6146129335599174 0.6168452657494937 0.6195065750800957 0.6211311994275153 0.6222663989853208 0.6231163241598987 0.6240475890718158 0.6246981490232831 0.6251788462550723 0.6253086141271694 0.6255476878068535 0.6258354722836865 0.6260797484009124 0.6262065682607274 0.6262779359625521 0.6264747259637069 0.6266908486956095 0.6270027432421672 0.6272100517267724 0.6273721464872849 0.6274645999520442 0.6275093499177584 0.6276339852905436 0.6276274829112872 0.6277202761906409 0.6277286931173885 
# Y_list:
0.02113317345039969 0.000537486039661398 5.614180157683415e-15 3.863011143942301e-05 0.00021880964856469962 0.0007119247593815044 0.0019990695755377316 0.006061820088854268 0.02048016708661197 0.06638057773614957 0.15707942081651619 0.23906975985297751 0.2737428762626821 0.2816855275896726 0.28116676998660783 0.2787309131998206 0.2764005849216092 0.2742805750643512 0.27227525451055073 0.26957079690129954 0.26629949955109056 0.262859416767501 0.2595785195605506 0.25648770581052815 0.25394737679490065 0.25219112326283 0.250963294825976 0.24997925997641404 0.2491230942769899 0.2482455155574724 0.24568327035408896 0.24725313182260467 0.24700389855589408 0.24652786595427023 0.24754081333236286 0.2502911118667288 0.25346966096174445 0.25664877938413255 0.2595386889807669 0.26258090385129906 0.26535401880659926 0.2680453882668595 0.27072001251858246 0.27333183191153715 0.2756383544146758 0.27796608517128923 0.28027576694158624 0.28252350770134094 0.2846199289812704 0.286892708337621 0.288624390155262 0.2905137659955674 0.29227398631398777 0.29354650891455675 0.2952623520487199 0.29643241974576534 0.29790335701089077 0.2996441776649325 0.3005555706644103 0.30194845536957765 0.30355763340554665 0.30451797111235485 0.3056475665669842 0.30714343200927346 0.30845778123591533 0.30873099481701727 0.30890126289328546 0.3089680509868732 0.3085095051534257 0.30773224953167977 0.30749633329667336 0.3074010819197616 0.3070855569635048 0.30607673756612125 0.30566882893789615 0.3057403406057123 0.3056263004839962 0.3049285631543894 0.3041728422371791 0.30390798621835424 0.303685042952388 0.30349428142152796 0.3030716412868545 0.3020715647368268 0.3020833964511788 0.3015568768919439 0.30137110735372263 0.3011956728216991 0.29997724715750573 0.2998910453778048 0.29972015705782534 0.2994338703161193 0.2993888123577555 0.29899553736463835 0.2981789896464249 0.2976074705699775 0.29751994671217113 0.29731936638008205 0.2971836627325505 0.297055091128959 0.297663272037292 0.302677946850203 0.30411044051184444 0.30479071376136635 0.30516549333723636 0.3054276297731798 0.30557746727017204 0.3056647794689053 0.3057073743568868 0.3056244235726658 0.3047066736040461 0.3019263521268365 0.29871202523823615 0.2955941829246457 0.2928444341358101 0.2898294288267194 0.28758557194094503 0.2857930227228435 0.2852514403485526 0.2842885139613268 0.282969717488611 0.2818038237977705 0.2810742152721159 0.2807686254458058 0.2794237776739957 0.2779680027910068 0.2753285101000226 0.27314750436407365 0.2714056357158641 0.2699702418368281 0.2687191387938336 0.26771637122660363 0.2667164612595758 0.2660426499918257 0.26533309937105654 
# stellar_Y_list:
0.247 0.02113317345039969 0.0009391088545284015 0.0005082191832135791 0.00046708464667255664 0.00047710917795714254 0.0004915572825973728 0.0005022526674786433 0.0005100840816559194 0.0005165396769493378 0.0005222492346149642 0.000527328123931377 0.0005317735176989598 0.0005356900402378401 0.0005391878712092383 0.0005423478703849609 0.0005452331661057277 0.0005478961023593478 0.0005503755511139711 0.0005526928024469033 0.0005548612100490523 0.0005568873349739689 0.0005587790807842811 0.00056056130240795 0.0005622556658528865 0.0005638678773129271 0.0005654010804343111 0.0005668750680630489 0.0005682987869697984 0.000569673436835648 0.0005709992269819856 0.0005722586115112539 0.0005735060852396086 0.0005747254602310849 0.0005759187291074903 0.0005770759635351501 0.0005782134041690059 0.0005793650326326767 0.0005805045863642417 0.0005816256350245516 0.0005827477380424037 0.0005838498368537394 0.0005849576578004876 0.0005860370046479391 0.000587118913257101 0.0005881777941864066 0.0005892343254390972 0.0005902748005798733 0.0005913071558610683 0.0005923290445988697 0.000593360924301752 0.0005943450328122438 0.0005953524372237494 0.0005963114694321298 0.0005972880928541078 0.0005982613198638109 0.0005991864872995591 0.0006001154033626521 0.0006010751193379314 0.0006019567108654843 0.0006028577932830019 0.0006037738769028608 0.0006046584853510039 0.0006054988817323531 0.0006063921498977104 0.0006072753563000224 0.0006081018235837003 0.000608908162189505 0.0006097651998847935 0.0006105905780503017 0.0006113625821252035 0.0006121136982948183 0.0006129228229122889 0.0006137182237594435 0.0006144508606768087 0.0006151471805855961 0.0006158860851507589 0.0006166455301944845 0.0006173764532668391 0.000618042313373499 0.0006187082565427556 0.000619393846574531 0.0006201201836611019 0.0006208033101818177 0.0006214379203531208 0.0006220507273168761 0.0006226806003982299 0.00062334757832723 0.0006240357277554321 0.0006246408196420882 0.0006252209563122125 0.0006257939813358514 0.0006263866473447167 0.0006270072178933257 0.0006276538023429846 0.0006282360947066099 0.0006287822666975595 0.0006293136096756305 0.0006298623106197447 0.0006304138832816925 0.0006310134357671129 0.0006304625661613869 0.000630150255065232 0.0006298980273399543 0.0006296814311501663 0.0006294917654808067 0.0006293216562074718 0.0006291748099516932 0.000629066003975761 0.0006288363577804081 0.0006279423997420881 0.0006269762084285795 0.0006264019609538313 0.0006261269631493685 0.0006259069352964603 0.0006256759236942432 0.0006255692561170509 0.0006255206945198886 0.0006255180895454541 0.0006255140776449065 0.0006255536892111615 0.0006255345408424873 0.0006255940267727188 0.0006255809754484274 0.0006256934584348398 0.0006257038881132453 0.0006259350790468809 0.0006261265642906699 0.0006262952622970706 0.0006264927167084613 0.0006267904196598397 0.0006269420346319877 0.0006272012524550845 0.000627403912019587 0.0006275802287202476 
# stellar_Y_list_luminosity_weighted:
0.247 0.02113317345039969 0.0010862880188519243 0.00017502429259444945 0.00012777071681341 0.000270798230736685 0.0007318605363968581 0.0019661960901242543 0.00587262174838495 0.01971066922119268 0.06391327617772626 0.15159918330572023 0.23218873712870353 0.26788718105360043 0.2772239342520611 0.2777132593187652 0.27594390671115926 0.2740559851433308 0.27225889175663154 0.27050644310281813 0.26804783396834103 0.26500345385547985 0.2617569339566992 0.25863198820785127 0.25567074096714937 0.25322056762770834 0.25151422902904563 0.25032017214111046 0.24936820612804902 0.2485436823151555 0.24770243601289693 0.24527030809413397 0.24669825451064484 0.24649203406473372 0.2460507587717569 0.247005564686039 0.24962981050230373 0.252706210466471 0.2558091121742603 0.2586513781977791 0.26163769805667675 0.2643772164468347 0.2670334392825049 0.2696802549389696 0.2722622643989881 0.2745625062771479 0.2768706205858187 0.27916530830364344 0.28139635905095806 0.2834875629318581 0.28573621241015074 0.2874832319274031 0.28936291554421517 0.29112396037241345 0.29242146333161134 0.29412270364427207 0.2953170715086523 0.29678168095599444 0.2985017070371018 0.2994511626494275 0.3008333412897614 0.30242524253872316 0.30341366256715224 0.3045462190183449 0.3060221453054493 0.3073364588899204 0.30767278326643266 0.30788401701356877 0.3079917344134809 0.30759528431933547 0.30688919846327234 0.30666981554296685 0.30659365369734787 0.3063099521429295 0.30537673124195197 0.3049810790193486 0.3050468758378001 0.3049475934252949 0.30430409568259853 0.3035867806483236 0.3033279922879854 0.3031133275357357 0.3029345380001688 0.30253671446508507 0.30159782954877123 0.30158510580970954 0.3010918457285906 0.30090509181227787 0.30073728566889496 0.2995921078398786 0.29948523565698876 0.29931621572366673 0.29904379391382024 0.2989926054377997 0.298624007223653 0.29784967270435125 0.297296434176611 0.29719404690098333 0.2969995467551514 0.296863782678061 0.29673875436874275 0.2920952504508051 0.2892753103536322 0.28765246897459784 0.28645203821734005 0.28547451735410484 0.28463861592952505 0.2839035586683368 0.28324355330097 0.2820887190376802 0.27808851857191424 0.27362963811899926 0.2709539388057094 0.26908221945172067 0.2676850630771017 0.2661422451825359 0.26506233304055793 0.2642624576419215 0.26406035787936094 0.26364681958015773 0.26316903220372395 0.26277329974142205 0.2625483296271001 0.26243819835970283 0.2621032586572264 0.2617350118165674 0.2612412972741471 0.2608983220126319 0.2606268331390051 0.2604698527840378 0.26041502775478076 0.2602188657891632 0.2602341200588814 0.26009988397383244 0.2600862990142533 
# Z_list:
8.555940668178012e-08 2.176056840734405e-09 2.909195838499301e-07 3.082081458972802e-05 0.00010542809905200958 0.00033031397353367294 0.001352754665250867 0.004857965012653896 0.012840253386976147 0.02789428933878852 0.04923797954495032 0.06410858227679356 0.0693337674397911 0.07027616774083764 0.0692172430682618 0.06811095481233424 0.06700243749667788 0.06656469616294743 0.06604265938243971 0.06563559740943456 0.06484843938387969 0.06434475966915733 0.06348418544424218 0.06300886033028681 0.06212166193387086 0.06199856451217332 0.06118339694681895 0.061387167636743276 0.0602350604739406 0.06100338375456671 0.05941798765484868 0.06101055181730556 0.05782867573137916 0.062148842802891145 0.05545304419149948 0.06758843467871338 0.048628290039410146 0.0832836286794285 0.02375494795887087 0.13463598693195472 5.473249357360428e-10 0.23458740070970382 5.68369528893323e-10 0.37699143954212383 5.898452082523341e-10 0.592988448053163 6.116059778542033e-10 0.93717549862898 6.335964037921816e-10 1.5059424556259189 6.551599101819584e-10 2.505940508197894 6.752148333255038e-10 4.339665434247256 6.924600621714406e-10 7.80658303682628 7.227629499753723e-10 14.48617498464411 7.425352047491665e-10 28.416489066003752 7.583657274154475e-10 57.57233036976163 7.898479225568683e-10 121.5593289480191 7.970904768403469e-10 267.72784301244224 8.339078353092738e-10 607.299083712556 8.402805309101e-10 1442.374182573623 8.770980510798402e-10 3514.8004565080205 8.773763351782399e-10 8923.923821500657 9.229362749428131e-10 23418.40778744723 9.212761951298854e-10 62683.76503535479 9.618642549365965e-10 176692.04621290343 9.754139495348204e-10 500180.6771030552 9.838576340442243e-10 1492024.2618503156 1.0313672246247893e-09 4571156.074895824 1.0287781470619714e-09 13971949.936504794 1.0559829574472024e-09 45755092.2512364 1.0959632315036952e-09 151992798.28904742 1.0891087307873077e-09 503144379.4722516 1.1101494514684447e-09 1776567812.5840645 1.1624216827460114e-09 6410777147.179136 1.1585889237324928e-09 23060014217.90281 1.1492294655281759e-09 42246563883.727135 3.9475837393577097e-10 39991292555.358185 1529618094.2299654 25955876828.99095 8747603392.052872 16004368205.071102 11078351612.966507 10916986241.590765 5928197426.119696 3784513109.1289687 2886160980.699337 2361569110.0435333 2030905212.030538 1706666767.6621783 1502230751.2327461 1357554931.4129543 1320651913.3093436 1250846691.9133182 1165019055.4941661 1100707839.9565122 1065073394.7391458 1050191659.8057114 990828490.3952292 937667709.0270141 859526688.6893122 807722669.708537 766342976.1685938 731298190.4003998 700473701.6372453 675869512.6580597 652863910.9672385 632864106.8313514 615545440.6403646 
# stellar_Z_list:
9.572777650013187e-05 8.555940668178012e-08 3.802060139791099e-09 1.4653873194976477e-07 5.617574709330369e-06 1.0526701631354652e-05 1.4621244191450946e-05 1.9331974831839286e-05 2.3528559959886028e-05 2.5963724813813093e-05 2.719472843695567e-05 2.80121421296266e-05 2.868416016974716e-05 2.9313946310391842e-05 2.991861317916224e-05 3.048399753711195e-05 3.1016417053566773e-05 3.151733347597589e-05 3.199781125806831e-05 3.245593994253606e-05 3.289364730856514e-05 3.330752303366504e-05 3.370249986937454e-05 3.407688106653814e-05 3.443758545309433e-05 3.477999745285508e-05 3.5112509015570665e-05 3.542873760314026e-05 3.574103026516967e-05 3.6034735961914845e-05 3.633029959948744e-05 3.660228871985817e-05 3.6886714377577817e-05 3.713632573981488e-05 3.7422123777432004e-05 3.7639356062190064e-05 3.795774817366797e-05 3.8105366460168677e-05 3.854403445997801e-05 3.847412311422996e-05 3.9309923266821136e-05 3.899348418574769e-05 4.052941340571959e-05 4.006338436469742e-05 4.248618688841313e-05 4.179023058376594e-05 4.551081477318458e-05 4.4467819380615915e-05 5.020890037699925e-05 4.862278226497136e-05 5.766195096526779e-05 5.5190699169126456e-05 6.979415255532718e-05 6.583827304786187e-05 9.04264377381215e-05 8.383481689630978e-05 0.00012708367867769515 0.00011560836679365897 0.000194795154658909 0.00017396455641885379 0.00032359738630912966 0.00028451517275675595 0.0005837244494433825 0.000506279097541966 0.00112362825338512 0.0009648139717431035 0.0022917360838771565 0.0019525157857502248 0.004926244124846623 0.004170466081311489 0.01102635982423853 0.009291456417520643 0.025840794240388116 0.021675207358839273 0.06261007833197184 0.05234100086037175 0.15783079967432662 0.13148461110511742 0.41225073595133277 0.34236508906748114 1.1039278376539836 0.914825296048423 3.0910754013655994 2.553028142653098 8.788201710726215 7.248094351965377 26.086761234173057 21.453602356630153 79.8626625020951 65.52853642988939 245.99313503281869 201.7129722699772 799.851088611901 653.8115509577656 2662.1580044998145 2172.4119176499744 8886.565018390333 7249.110374808142 31217.834930063058 25396.83439752152 112762.33301663029 91581.0293126576 85570.56316863239 82381.40827643264 80216.8201546536 78588.7877916586 77291.66007304713 76219.23466889236 75308.1690274523 73816.32709071931 69540.71917980743 65942.01378552185 64221.654795255294 63201.24626580934 62512.60874351775 61830.62280849243 61386.77324968991 61085.13609884388 61022.22218994622 60875.100910593996 60731.00784495782 60609.12475786553 60554.02386723521 60519.21974324337 60462.35140079298 60376.75219109749 60358.88002494654 60360.10991717517 60386.79203045027 60473.995619156034 60610.14885330477 60636.96877906007 60822.542965852525 60879.64843259223 61014.6097598015 
# stellar_Z_list_luminosity_weighted:
9.572777650013187e-05 8.555940668178012e-08 4.397927201829653e-09 2.817214686369504e-07 2.9657391669281698e-05 0.00010195607874470651 0.00031924814122800976 0.001302655921989195 0.004674671101355416 0.012371701523671896 0.0269702164155568 0.04774577800562533 0.0625450122601684 0.06807833039331751 0.0693155185563647 0.06849700751816072 0.0675364734941874 0.06653298618292393 0.06614289355428055 0.06567288916198792 0.06530372743428059 0.06457085268818627 0.06409380289058321 0.06327935277788241 0.0628190916960318 0.06197340184481223 0.06184031337883739 0.061066605203509323 0.061242515804805595 0.060156968380484226 0.06085849227396319 0.059374786828007536 0.060845516381138186 0.05787290654269507 0.06188239001544483 0.05565186498533573 0.06695878666282941 0.04933686432552377 0.08161699709131322 0.026250798374712697 0.12948363689505515 0.004981615809428347 0.2227762029232553 0.007348857719151978 0.3571664192510648 0.01114515537708311 0.5611559106483027 0.017049391282695434 0.8861376783809235 0.026487587507617046 1.4229398995766251 0.04203247782597179 2.3661229655165257 0.06910245481793685 4.094655120158297 0.11830418146991352 7.361062945199593 0.21067774366966327 13.651768932404496 0.38779233869102614 26.762320957835467 0.7532294974472252 54.19296608053954 1.5152663539964724 114.36541380108524 3.177275393800111 251.75928272216586 6.952044311908777 570.8393949651673 15.6926083138207 1355.1619974936382 37.056270335757944 3301.0730417393925 89.94735404488969 8377.939270465893 227.31720161374486 21977.686967575606 594.1993083269132 58809.79597615126 1586.3510868105739 165707.70345695567 4450.953059017858 468975.01706866437 12582.013151550182 1398432.8087953231 37376.74168063523 4283177.136986987 114200.97373532101 13089247.644605044 348878.5692100011 42848361.67969156 1137214.6186881934 142303251.54617524 3770924.8859634 470989028.14468807 12479690.608103368 1662473913.8248887 43891782.24439442 5997649574.843831 158075942.38850942 21570485055.71524 8754116164.456675 4560905359.38461 3231273527.0624523 2574659654.996666 2179086939.817289 1912661052.5659578 1719878847.8278165 1573333805.8299675 1364084120.0053697 921265828.554473 675826447.2702458 586864077.9344733 539639072.4634482 509002852.2613274 477676101.51691735 456573593.60137206 442399711.50359493 438869533.2020268 432279047.95518035 424467046.38226426 418244895.36204696 414855328.4106566 413302190.043127 408111139.72650015 402954249.6569372 396116640.4553996 391165374.04049844 387942475.5928985 386334216.3953515 384336161.7711669 382081069.5403249 382504049.04755205 380567621.1048646 380949358.2086289 
# formed stellar mass list:
1e-15 4664039.624280768 181916223.82263917 142496317.81145135 52827516.303846344 16123821.554679401 4494445.647833616 1191362.3553137905 308330.70311625977 80891.71760496043 23698.61313358026 9405.565414699271 5666.165009502277 4511.885302571788 4012.050755152643 3699.7918045679185 3457.465874570638 3252.853170143411 3075.3856661491095 2919.5455233442044 2777.848374952674 2651.3751096740216 2533.2656294824033 2429.223485938862 2336.1906166267395 2251.8691161442252 2169.4176206251086 2095.4365910529646 2029.209060329452 1967.002839568168 1908.0762146940976 1848.896161565587 1803.3286426674724 1758.007115176484 1715.7991991652996 1670.561512546733 1625.9773004921678 1591.2801340815872 1561.2076613076777 1521.5748976478278 1493.7596901524812 1461.6545817050337 1432.6460894713252 1407.5349914653004 1378.5917727117537 1356.2880376197993 1330.6552856162489 1308.0316886482535 1287.476950843632 1262.6334291228056 1251.0481465161145 1221.0759351527095 1205.1186235502064 1184.8080944251717 1162.2803463659882 1155.3012855229974 1127.7105885323285 1106.8635989535153 1104.5863951376678 1077.3899942834973 1057.0666179453135 1054.8999922853113 1035.9222043246032 1012.8532052224278 1006.1529369820356 1003.6501793010831 976.1227171486021 959.3386296739876 958.7820268152059 952.0629963109195 925.9730260885656 912.0987089357674 912.2518392382563 911.8094116790593 884.644986587435 866.7987397608459 864.4538800280392 868.3606547406911 855.6683798615933 831.718192971766 820.0712535058856 820.1646084531844 823.8982154530881 813.1257738088966 788.6273694228232 775.6694035832286 774.257500268668 777.6214942790866 782.3519471630754 757.5879841223657 735.9335730130971 729.9514956376552 731.0050510460137 734.5455760158003 738.9554964659214 720.6236952527463 697.7386362031698 688.2184080652595 687.4755804202855 690.4951217924058 694.317110873729 1e-15 1e-15 1e-15 1e-15 1e-15 1e-15 1e-15 1e-15 1e-15 1e-15 1e-15 1e-15 1e-15 1e-15 1e-15 1e-15 1e-15 1e-15 1e-15 1e-15 1e-15 1e-15 1e-15 1e-15 1e-15 1e-15 1e-15 1e-15 1e-15 1e-15 1e-15 1e-15 1e-15 1e-15 
