# time step list:
1000000 10000000 20000000 30000000 40000000 50000000 60000000 70000000 80000000 90000000 100000000 110000000 120000000 130000000 140000000 150000000 160000000 170000000 180000000 190000000 200000000 210000000 220000000 230000000 240000000 250000000 260000000 270000000 280000000 290000000 300000000 310000000 320000000 330000000 340000000 350000000 360000000 370000000 380000000 390000000 400000000 410000000 420000000 430000000 440000000 450000000 460000000 470000000 480000000 490000000 500000000 510000000 520000000 530000000 540000000 550000000 560000000 570000000 580000000 590000000 600000000 610000000 620000000 630000000 640000000 650000000 660000000 670000000 680000000 690000000 700000000 710000000 720000000 730000000 740000000 750000000 760000000 770000000 780000000 790000000 800000000 810000000 820000000 830000000 840000000 850000000 860000000 870000000 880000000 890000000 900000000 910000000 920000000 930000000 940000000 950000000 960000000 970000000 980000000 990000000 1000000000 1010000000 1020000000 1030000000 1040000000 1050000000 1060000000 1070000000 1080000000 1100000000 1200000000 1400000000 1600000000 1800000000 2000000000 2300000000 2600000000 2900000000 3000000000 3200000000 3500000000 3800000000 4000000000 4100000000 4500000000 5000000000 6000000000 7000000000 8000000000 9000000000 10000000000 11000000000 12000000000 13000000000 14000000000 
# Number of SNIa + SNII (log_10):
0 0 6.268775078736917e+53 2.561949086488668e+55 6.92465880227523e+55 1.1419922975709309e+56 1.5262015435297187e+56 1.847667013046254e+56 2.116608525225514e+56 2.3417154426948114e+56 2.5326406235404855e+56 2.6976064922605277e+56 2.8425981825085406e+56 2.9719724971444835e+56 3.0887498301345614e+56 3.1951941284270937e+56 3.2930134517760385e+56 3.383513531376276e+56 3.4677220292874467e+56 3.5464627177413176e+56 3.620406401415613e+56 3.6901069271421675e+56 3.75602674488003e+56 3.818556444616449e+56 3.8780291943438606e+56 3.934730396893726e+56 3.988908118348125e+56 4.04077833671336e+56 4.090529006917446e+56 4.138326601114361e+56 4.184320571687493e+56 4.22865031287728e+56 4.271415289330835e+56 4.312726938779842e+56 4.35268619194886e+56 4.391378556069094e+56 4.428881145890074e+56 4.465258840591486e+56 4.500589272864025e+56 4.534927302992414e+56 4.568324152654905e+56 4.600831361810559e+56 4.6324927802497445e+56 4.66335251025942e+56 4.693450933927596e+56 4.72282481690406e+56 4.7515083112756785e+56 4.779528197252703e+56 4.806924151984333e+56 4.833721487827667e+56 4.85994122965421e+56 4.885606325552678e+56 4.910745144486374e+56 4.935376047937643e+56 4.959519955246667e+56 4.983194194900568e+56 5.006418131922411e+56 5.029189111190719e+56 5.051565035261405e+56 5.07354638151883e+56 5.095143077435805e+56 5.116360546198402e+56 5.1372012765328586e+56 5.157690559847236e+56 5.177846457881392e+56 5.197672802968689e+56 5.21718309650638e+56 5.236388454319872e+56 5.255296020413159e+56 5.273913413211344e+56 5.292253122274015e+56 5.310322778628356e+56 5.328121636599031e+56 5.34566917846193e+56 5.362972542476583e+56 5.38003217461569e+56 5.396856379491351e+56 5.413451686954384e+56 5.429824649173815e+56 5.4459795361460416e+56 5.461925657235515e+56 5.477658487328037e+56 5.493197561585477e+56 5.508544005162987e+56 5.523698957320926e+56 5.538666633750373e+56 5.553453046039617e+56 5.568066131467967e+56 5.582502260796777e+56 5.596765105871142e+56 5.610867411688882e+56 5.624800644127925e+56 5.63858218698997e+56 5.652222024421798e+56 5.665707277897866e+56 5.679041443517604e+56 5.692231485025279e+56 5.705282865178284e+56 5.7181925361364e+56 5.730966533085038e+56 5.743606305208745e+56 5.756113129611622e+56 5.768500396373194e+56 5.780763427912405e+56 5.792901868650625e+56 5.8049219414923065e+56 5.816822609128773e+56 5.82860510295509e+56 5.840275288217693e+56 5.863288150489457e+56 5.972261339206738e+56 6.164714928892067e+56 6.3308929899467995e+56 6.477117988411794e+56 6.607689291022578e+56 6.780578994149384e+56 6.931975229159437e+56 7.066636672010508e+56 7.108441105093669e+56 7.187897846423859e+56 7.298180201591283e+56 7.399333035575534e+56 7.46238435667627e+56 7.492725264202102e+56 7.607077769528415e+56 7.736409869048103e+56 7.960051423587086e+56 8.148960494453812e+56 8.312492399973686e+56 8.456709318962763e+56 8.585579890944144e+56 8.702213651207616e+56 8.80863807883104e+56 8.90651648637986e+56 8.997121425738471e+56 
# Gas [Fe/H]:
-5.218485947384705 -6.812943270487043 -5.736699158223582 -3.7748358523430117 -2.880817330541481 -2.3347371090893745 -1.9716824656675023 -0.9281384956572438 -0.13870442793558002 0.4578258231289425 0.9044149443184892 1.1602658011280238 1.250888423377798 1.2650964130020705 1.2565806109756892 1.2436428416707588 1.23117253321269 1.2200342249254592 1.2099125433061442 1.2004694127157123 1.1910590044676383 1.182476153685148 1.1740347906771151 1.165755635220052 1.1579126605343486 1.151679967991453 1.1459963414773133 1.140363092950893 1.1350375363978413 1.1301159712428097 1.1254966559781212 1.1210751375638242 1.1164073712277114 1.111691595758253 1.1092429660001288 1.1089184562912346 1.1077825627641786 1.1061050143814941 1.1063545021353947 1.1050316691434254 1.104633861509856 1.1042790637629571 1.1032116090362942 1.1031437034991933 1.10192961530253 1.1015519488273773 1.1008539428571376 1.0998177876278836 1.1001420627967833 1.0974483517864981 1.0990324834446374 1.0979946084462386 1.097353694832718 1.0981099396912946 1.0945508182023134 1.096134954931133 1.0974338931304786 1.0924697623717132 1.0948640571397386 1.0968274793431871 1.0925150359807714 1.0927952864750101 1.09546651895853 1.0931447389892992 1.0886493218233309 1.0919055545490362 1.0932183346520126 1.0880573864942567 1.0833967439960288 1.0861041138219432 1.086534206487734 1.081139637915634 1.0742977885988183 1.0778309280330745 1.0806578361999324 1.076972695495618 1.0692482464569206 1.0674551084955834 1.071844108339978 1.0728929737334258 1.0682326482469904 1.0602301715856441 1.0583896398198531 1.0638530711451888 1.0665024811015762 1.0627533817880628 1.0556769869138316 1.0475420926058465 1.0520662526974598 1.0589220950272722 1.0592072835737651 1.0542230761631117 1.047272166151957 1.0396846143506164 1.0420953128494546 1.0498347277201039 1.0525047067358635 1.0493811142190816 1.042967377840244 1.0355553868274643 1.0294922038877812 1.0317412285845071 1.0357490114474297 1.0380560923207995 1.0386605533777562 1.0381584330782916 1.0368722445458358 1.0350332873680967 1.0333120848786015 1.0335002752006686 1.0297274536902843 1.0214792179972192 1.0155729581998707 1.0097647996032517 1.0056917040273419 1.002048656849524 0.9992518567097446 0.9973493318511424 0.9962973482483011 0.9958672375557542 0.9947403915830373 0.9952450336072305 0.9956370753261101 0.9963139868120279 0.9973631095791711 1.000687853131454 1.0066071202126956 1.0125601950970173 1.0163796825003164 1.0181572686029687 1.0181496780364205 1.018898030668968 1.0181518001284386 1.0172858454250036 1.016663379911404 
# Stellar mass-weighted [Fe/H]:
0 -5.218485947384705 -6.5658356036890755 -5.957965984824815 -4.436605837991902 -3.895554833616913 -3.6672446811457373 -3.580995465291503 -3.3404465728727333 -3.1175696464376124 -2.9701775877963916 -2.87293310666859 -2.8041117661381225 -2.752318762410094 -2.7113566036700893 -2.6777371303252844 -2.649377672440754 -2.624953128521615 -2.6035750598856042 -2.5846212823790786 -2.5676370700929327 -2.552285916073509 -2.5383033207113668 -2.5254829116950237 -2.5136609507001033 -2.502707988872743 -2.4925156146150167 -2.482992245589867 -2.4740618355966797 -2.4656611731372298 -2.4577395875371604 -2.4502464704109075 -2.443139942294316 -2.4363875310072425 -2.4299601250285905 -2.423833618781434 -2.4179776942418023 -2.4123682138036893 -2.406991727924445 -2.4018347505756914 -2.3968803562757364 -2.392113175635176 -2.3875170821463936 -2.383085000701831 -2.378803415164856 -2.3746683196884613 -2.3706670469498103 -2.366791859590017 -2.3630408097351694 -2.3593944386030463 -2.3558632982832313 -2.3524309503297802 -2.3490967747647495 -2.3458552839454905 -2.3426947563671003 -2.3396222068194534 -2.3366325830215784 -2.333708351308961 -2.330866446247459 -2.3280708535013233 -2.325372503337941 -2.3227105369364036 -2.3201489332189285 -2.31761240982172 -2.315160732639934 -2.312739343852132 -2.310406126837681 -2.308085302819747 -2.305836121896757 -2.303614083836208 -2.3014692049935013 -2.2993308273305217 -2.297253009835824 -2.295200148649032 -2.2932186516617534 -2.291241660992565 -2.289317706194102 -2.287404326106828 -2.2855595645190316 -2.2837247663757205 -2.2819404468433335 -2.2801542013478215 -2.2784225975924093 -2.2767051342246187 -2.275042208108932 -2.273380877033178 -2.271760552904528 -2.270134819081142 -2.2685633693953298 -2.2670069380556184 -2.2654972686775396 -2.263984649586707 -2.262506284933319 -2.2610191209135886 -2.2595772645470005 -2.258149762496129 -2.2567664804415175 -2.255380784447042 -2.254024575416002 -2.252661443742767 -2.251327540275076 -2.252523237509794 -2.253217320218054 -2.2537647758498327 -2.2542306054225403 -2.254638025589343 -2.255000540843474 -2.255327412085003 -2.2556280226700958 -2.2562075941037616 -2.258303301985805 -2.260674999140787 -2.2620214271309127 -2.262801647569882 -2.2633521535332495 -2.26388340520824 -2.2641150306321114 -2.2642236317879885 -2.26418738349906 -2.2642399729332334 -2.264139356067341 -2.2641064538262725 -2.2639923686097596 -2.2640068334228145 -2.2637035985012526 -2.263579912979556 -2.2628971365738053 -2.262353592393282 -2.261882235702788 -2.261330485227938 -2.260494312050265 -2.2600482489591593 -2.259363350788192 -2.258767338310369 -2.258315262303615 
# Gas [Mg/Fe]:
6.938893903907228e-17 -1.3877787807814457e-17 0.9674204660746462 0.9566095966497554 0.6664701684483605 0.5018618757890558 0.39864662028047465 -0.44675507112071927 -1.02703129727535 -1.3534239426735044 -1.5022369451085826 -1.5635830581397558 -1.5910630597707318 -1.6038443672950147 -1.6092650452193495 -1.608242543845919 -1.5995195807540028 -1.5849946532199788 -1.5689833140767462 -1.5574754805158013 -1.5523042726888117 -1.5505420053688899 -1.5493674345519084 -1.5487253170359399 -1.5473374660056616 -1.5442665616015543 -1.5393042299805013 -1.533905679779189 -1.5279837292486627 -1.5248794147795615 -1.5195341437481598 -1.5122483152920898 -1.507334287754153 -1.498658603124938 -1.480754871290263 -1.455127662711872 -1.4259106652732907 -1.396504691690467 -1.3680538650372547 -1.3446705921303037 -1.3247031238998201 -1.3022376245102223 -1.2813773867211153 -1.2635603114359468 -1.24568500829831 -1.2295448897409025 -1.2140385253640922 -1.1986959713402017 -1.1854190169252534 -1.1707097186468844 -1.1616288175631189 -1.1574729829903796 -1.1609747220985431 -1.1690265316408153 -1.1764222547028138 -1.1872816822805605 -1.1961554563863703 -1.2032961891701772 -1.2146062726922982 -1.226222070455586 -1.2377329000661483 -1.2449516741559254 -1.253208586575499 -1.259963088180198 -1.2553894005221953 -1.2843631706858498 -1.298740107504243 -1.3032522198812537 -1.3070992643562778 -1.312683702009021 -1.319588705132163 -1.324505148286613 -1.3270175465491132 -1.3349152939782412 -1.3447809089599971 -1.348534306314849 -1.3509565935448145 -1.358977539195353 -1.3693021800579042 -1.3777133631692031 -1.3838500056428928 -1.3882856729635176 -1.3967346389263913 -1.4060999980921247 -1.4151550718086874 -1.4259600000495505 -1.4300394638249376 -1.4336610317750602 -1.4446681998997946 -1.4569445964762027 -1.4658566246567806 -1.485011772223205 -1.4881206327444905 -1.4796235571179592 -1.4861134543607692 -1.5023576580682845 -1.514086368742794 -1.52283937588129 -1.5349139928682036 -1.5433737942290071 -1.5473969818405278 -1.5513526331927383 -1.555319227508569 -1.5581497372274833 -1.5596662646444623 -1.5610791515840157 -1.5619310567195237 -1.5626335433605785 -1.5634967351955458 -1.5661892971491351 -1.5780893026689398 -1.5955996852065717 -1.6074115431498583 -1.6170944762048691 -1.6253305222397798 -1.6339411157736774 -1.6399070190498697 -1.6444214484574353 -1.6457728389422936 -1.6483000588911132 -1.650670800084645 -1.6534847559715 -1.65480421626812 -1.6553852398232491 -1.6577368309059253 -1.6599122449973815 -1.6635593190818339 -1.6656661620134054 -1.6675839363188478 -1.6689468688933808 -1.6701017078443883 -1.6709976232131039 -1.671734329918013 -1.6723836489157153 -1.6729638247934102 
# Stellar mass-weighted [Mg/Fe]:
0 -1.3877787807814457e-17 -1.3877787807814457e-17 0.9160564780056248 0.9555633847152658 0.7531026548686811 0.6525928770196725 0.6070078101875825 0.3748907335195169 0.1520354007618523 0.0035647931754846374 -0.09425185320264616 -0.16316655821736836 -0.21478235540105256 -0.2554054421289332 -0.2885857279411832 -0.3164286153381921 -0.3402600496727577 -0.36097362207255584 -0.37920993455960766 -0.3954584997752629 -0.41008688803631266 -0.423368709133113 -0.4355059730191963 -0.44666337116500765 -0.456970045152342 -0.4665301479342565 -0.47542566651709744 -0.48373255077419103 -0.49151519765519935 -0.4988359303969017 -0.5057335458028178 -0.5122434199183084 -0.5184059781795111 -0.5242432126955408 -0.5297607344944733 -0.5349657387944176 -0.5398698713970386 -0.5444990478862811 -0.548869248623439 -0.5530117411107367 -0.5569482583708125 -0.5606801726238166 -0.5642284360471274 -0.5676071352002985 -0.570824554001738 -0.5738954213503513 -0.5768241320341099 -0.5796219784112498 -0.5822991269179014 -0.5848573038951794 -0.5873210677538909 -0.5897085320904705 -0.5920489886680902 -0.5943506200786568 -0.5966134528990712 -0.5988430768672692 -0.601036650742242 -0.6031799026910135 -0.6053165133098606 -0.6073978691526657 -0.6094632884574558 -0.6114644340153982 -0.6134597334002958 -0.6153832342388076 -0.6172694766044028 -0.6191599686451906 -0.6210435021054792 -0.6228571862366755 -0.6246590373173961 -0.626412522459865 -0.6281537390797453 -0.6298389047204906 -0.6315137747343419 -0.6331536727644521 -0.6347888114727136 -0.6363674982752235 -0.6379368165710398 -0.6394754136093653 -0.6410173262925262 -0.6425135209280906 -0.6440023209321654 -0.6454493814109133 -0.6469087812261999 -0.6483317037149402 -0.649751002188579 -0.6511317629528289 -0.6525089453242416 -0.653856744709113 -0.6552130797820955 -0.656535734743691 -0.6578528565198173 -0.6591427364777518 -0.6604349183981411 -0.661688493135662 -0.6629465942518723 -0.6641812319225457 -0.6654130123418226 -0.6666098489495556 -0.667815214498912 -0.6689976614196991 -0.6679941082556778 -0.6674381083083355 -0.6670073593871324 -0.6666336683568868 -0.6662990775599276 -0.666000948209935 -0.6657330187386444 -0.6654873770091689 -0.665053349867754 -0.6634334496201358 -0.6616282600240782 -0.6606060139373684 -0.6600381895177722 -0.6596739863586443 -0.6593090652706871 -0.6591597224900346 -0.6591140870303601 -0.6591309572340825 -0.6591459009556283 -0.6592529866003647 -0.6592737631159206 -0.6594118384831249 -0.6594070563622967 -0.6596520422665196 -0.6597643153679621 -0.6603388959589576 -0.660803310770245 -0.6612138147405762 -0.6616945643262773 -0.6623373082811893 -0.6627427717391258 -0.6632734138953219 -0.6638001622336624 -0.6641480834582147 
# Gas [O/Fe]:
0.0 -2.220446049250313e-16 1.1901011817874028 1.1775481341547134 0.829621321642132 0.6110624847688026 0.4721412970107641 -0.3919761782056592 -0.9714047396689348 -1.284163444647738 -1.4219388432934579 -1.4740511948192985 -1.490255100988963 -1.4931614397107653 -1.4920266528284838 -1.4898344651470319 -1.489021836530321 -1.4827858948816062 -1.4775517440667736 -1.4755811388044169 -1.4751046377912613 -1.4752650689393145 -1.475775783899885 -1.4762530670171266 -1.4764368236212255 -1.4762226689710736 -1.4757727737422932 -1.4749706726169916 -1.4742842760699073 -1.4728429488606838 -1.472344938524016 -1.471890664859631 -1.4710902386555704 -1.46997163755739 -1.4681172007071364 -1.4657984944357627 -1.4628065486399024 -1.4601591872307922 -1.4572722338619921 -1.4549239119230182 -1.4515421635568415 -1.4485255228905751 -1.4460754190608813 -1.443670248464534 -1.4412925819936082 -1.4389449611489276 -1.4366755338453248 -1.4342937413473 -1.432498419342184 -1.42955639497269 -1.4282198221997093 -1.426507998012045 -1.425640491531049 -1.4249637147339367 -1.4247315731443648 -1.4233811043479203 -1.4210074325114619 -1.422140150822702 -1.422307635582201 -1.4218168387327166 -1.4200974256033183 -1.4190951894518773 -1.421343638798589 -1.4185738653886215 -1.4164975649720546 -1.4181521806778965 -1.4178459889620596 -1.4163886232452243 -1.4168869392351764 -1.4169052915117633 -1.4168755814039025 -1.4159061543738098 -1.4151190964396245 -1.4255464495274408 -1.4068957631758225 -1.4142294955598915 -1.4159477281984711 -1.415729363692274 -1.4164244820210699 -1.4162591703639087 -1.415722169572226 -1.4140555720893568 -1.4139856702642388 -1.4148222688834804 -1.4162746846851086 -1.41544828403818 -1.415598352986052 -1.4120702041421298 -1.4131466586167145 -1.4151753719406017 -1.415494524842214 -1.4141473575450125 -1.391457923264177 -1.4114502204790402 -1.425287374966282 -1.4223142961001314 -1.4185887292783206 -1.4160418782973005 -1.4139865775692566 -1.4120458828552698 -1.4113248424208675 -1.4137569925326858 -1.4152758776252603 -1.414870743995638 -1.4147272506495776 -1.414497296397018 -1.4141439231795991 -1.4137271250445362 -1.413274728730612 -1.4134464388098054 -1.4133093816163604 -1.4128504585540356 -1.4138239094570535 -1.4148603381362004 -1.4161446942975464 -1.418714991987937 -1.42146670816134 -1.424210300573346 -1.4250845108121453 -1.4269811816577762 -1.4293819073672902 -1.431651713030667 -1.4330357041434876 -1.4334509755355875 -1.436171431863785 -1.439021519422631 -1.443951866491383 -1.447775285045357 -1.4507361701921728 -1.4529820180030417 -1.4547684952770736 -1.4562458821998985 -1.4574895104228422 -1.4585555475214673 -1.4594670425003633 
# Stellar mass-weighted [O/Fe]:
0 0.0 0.0 1.1360866440028183 1.1764740972050691 0.9386594418105259 0.8143676966037607 0.757959520566764 0.5222500441724516 0.29856924190927847 0.14998598977284372 0.052122550076667995 -0.016836270651775953 -0.06846658794306792 -0.1090846123005682 -0.14225576447696775 -0.17010662247411545 -0.19399516067694234 -0.2148014895376833 -0.23316947063406113 -0.24957375301890206 -0.26435829249276743 -0.2777888590324553 -0.2900693800689629 -0.3013642651704108 -0.3118056900523142 -0.32150197546278336 -0.33053937069997175 -0.33899296988698346 -0.34692846001273026 -0.3543967301921159 -0.36144753617410164 -0.3681202760304607 -0.37444605110762763 -0.3804575895562641 -0.3861819236290617 -0.3916407571064301 -0.3968500013492159 -0.4018356587567703 -0.4066091925243547 -0.4111862294946801 -0.41558010707629656 -0.41980416635999707 -0.42387376036981916 -0.42779464177856075 -0.43157661254249724 -0.43522983867293275 -0.438758013940588 -0.4421723111083402 -0.4454782805107982 -0.44868113415543687 -0.4517888259636239 -0.45480171277729353 -0.45773005772686537 -0.46057432776505036 -0.46334395544268003 -0.4660376357137058 -0.46866009854644597 -0.4712101138356882 -0.4737237181822468 -0.47614239054730434 -0.4785187257632497 -0.48081152704998165 -0.48308496671677614 -0.48526384817028356 -0.48741960533675244 -0.4895099122924913 -0.49157509543111766 -0.49356410353690816 -0.49554114443489494 -0.4974580452443731 -0.4993530875556942 -0.5011821105680848 -0.5030007027036533 -0.5047808239443925 -0.5065214180667187 -0.5082116129067757 -0.5098942760786243 -0.511533228447078 -0.513164587126376 -0.5147385769844556 -0.5163010771611618 -0.5178167688155555 -0.5193379661428027 -0.5208133369602295 -0.5222781416981519 -0.5236930336778529 -0.5251058914231018 -0.5264844460530248 -0.5278647271536557 -0.5292010120920739 -0.5305264287676432 -0.5318086180180909 -0.5330775824223066 -0.5343407514676017 -0.535612458803019 -0.5368409828544548 -0.5380566061918285 -0.5392326687471442 -0.5404104216150075 -0.5415617263483349 -0.5405347369969038 -0.5399571901928872 -0.5395044236510835 -0.5391091345855782 -0.5387545512716934 -0.5384377937084762 -0.5381522808150372 -0.5378905234754844 -0.5374268551102342 -0.5356790751072668 -0.5337126835079712 -0.5325879522547253 -0.5319588963683924 -0.5315487716238756 -0.5311326959777447 -0.5309555498820607 -0.5308916405377815 -0.5309078207261977 -0.5309118497724314 -0.5310174956444079 -0.5310322913540046 -0.5311708064123948 -0.5311616475773534 -0.5314184291462178 -0.5315285293410942 -0.5321246049282206 -0.5326087519501892 -0.5330349367873686 -0.5335352940225456 -0.5342219477334296 -0.534640093354908 -0.5352064227968726 -0.5357535537396078 -0.5361252809982142 
# Stellar mass-weighted [N/O]:
0 0.0 -1.1102230246251565e-16 -1.6236007501403424 -1.8306003490342087 -1.613079404616581 -1.2551778987133466 -0.9467270560083525 -0.7149844299023038 -0.5480698945930014 -0.42630522913517166 -0.33787072397322504 -0.2726799709085359 -0.22278502268729605 -0.18223107067961686 -0.1474898232484494 -0.116179424304096 -0.08641251169359454 -0.057553641911314846 -0.02980332544926434 -0.004392592718944877 0.017912963125572 0.03720432586277411 0.05397820943629161 0.06871244464498494 0.08145511838122821 0.09187110127515052 0.09995702635852133 0.10597794374296465 0.1102389390358618 0.11300010401003291 0.1144715248255791 0.11481829155052836 0.11417196505319649 0.1127675034900929 0.11108305418821607 0.109450727573423 0.10796677927503218 0.10664064160829234 0.10543679071980883 0.10433224265174379 0.10331059408310539 0.10235835398782978 0.10146978144050955 0.10063442821846558 0.09983306521852364 0.0990889987796677 0.09838500348883872 0.0977114952392496 0.09706748112994701 0.09644798139514998 0.0958570324136363 0.09528787356861457 0.0947459990292665 0.09422524271076771 0.09372883196551962 0.09324983393482333 0.09278833855531221 0.09234581231372718 0.09191985201119679 0.09151334636300956 0.09111078574912901 0.09072956313257818 0.09036498504351964 0.09000745323006765 0.08965720127999266 0.08932468188802267 0.08899995476487521 0.0886831729629125 0.0883741754843691 0.08808274260333071 0.08778992637015504 0.08750204025727126 0.08722393141822893 0.08697291031983867 0.0866977963587745 0.0864366611925349 0.08618088658533707 0.08594355026637668 0.08571056162798074 0.08547299262092667 0.0852366476723736 0.08501210980080509 0.08479966384096704 0.08459024763149159 0.08437892445916473 0.08416861884090265 0.08396300516217858 0.08376587083598819 0.08358000979060354 0.08339591674877478 0.08320311757135068 0.08301322426281987 0.08281106059457288 0.08264328821633016 0.08248787003997804 0.08232698467014465 0.08215497843058561 0.08196940480777215 0.08180201855457891 0.08165058787410362 0.081767098568029 0.08183392430470404 0.0818795415658069 0.08190866577346478 0.08193037294164618 0.08195300226016489 0.0819784169063984 0.0820045040033851 0.0820598453850282 0.08222130327142518 0.08249229520878287 0.08270790001904516 0.08300001876744834 0.08326213831999751 0.08357749993663455 0.08393581791755633 0.08428234196319284 0.08441338249001229 0.08462061279176136 0.08497817834628651 0.08520933097555983 0.08549024631163771 0.08554472503088506 0.08600793287452724 0.08631475778140063 0.08724852104812397 0.08795572013882025 0.088578891841676 0.08922635982927751 0.08996640401393996 0.0905669799467348 0.09113600790507159 0.09184649015905777 0.09223687668270708 
# Stellar mass-weighted [C/O]:
0 -1.1102230246251565e-16 -1.1102230246251565e-16 -1.163744718251493 -1.2114342726890293 -1.0066586813782998 -0.8901668273345182 -0.8387095296382052 -0.8069072814572777 -0.7796083757532537 -0.7562882717503607 -0.7365393686298818 -0.7192213076702103 -0.703796168818075 -0.6897728134080414 -0.6767635939384397 -0.6644317893290699 -0.6524255915899337 -0.640643498456048 -0.6290750278515023 -0.6176570036421224 -0.606339371527088 -0.5951645776472901 -0.5841552785478971 -0.5733336164315418 -0.5621480798059799 -0.5496048939419909 -0.5353310589232532 -0.5195558669549519 -0.5026990948820229 -0.4851510590600845 -0.46721165293216915 -0.44910488092957157 -0.4309812051813706 -0.4127926070374941 -0.3942927406223875 -0.3753991519938391 -0.356159103268492 -0.33667300770520525 -0.3172927004506344 -0.29799717527584946 -0.2789631019973078 -0.2602430514879587 -0.24183820610863105 -0.22385526517770116 -0.2062324114686781 -0.1890702698756454 -0.17232785800365497 -0.15588775976729224 -0.14004637114317003 -0.12452637647427445 -0.10956276081400979 -0.09503671675542652 -0.0811460441421819 -0.06791798980464125 -0.055063371885176016 -0.042826726840455964 -0.031109140294497017 -0.019620365919803484 -0.008590121513047777 0.0018454495052661612 0.012209494257277353 0.02207589114055017 0.0316315272404831 0.04086055546185921 0.050050926500617154 0.0586721362521794 0.066962973917406 0.07494347789423372 0.08275368094559696 0.089990248622098 0.09697042085117616 0.10370385240608446 0.11036787986189384 0.11655081784259166 0.12250190804130126 0.12825637119345332 0.13401708013537006 0.13949393125931248 0.1447089851042645 0.1496413819845277 0.15455193281166357 0.15936194855118613 0.16407234105048524 0.16843765325292925 0.17266918472239337 0.17676864503902467 0.18090151473281674 0.18496683963778493 0.18884374107645258 0.1924353079408226 0.19596979129789358 0.19942367534297187 0.20290057526490965 0.2063501661621397 0.20968367139281846 0.2127565415723479 0.2157565265481819 0.2186768725711837 0.22163075239348487 0.22455623226286495 0.22194763230834225 0.2204655583829032 0.2193069860650395 0.21830769289882557 0.21741492716359517 0.21661056888828 0.21587636606149116 0.21519951631638212 0.21398590833207687 0.20945589464925157 0.2041929422420015 0.20107142206899825 0.19905381014813414 0.1976195415968572 0.19607622519925125 0.19505766700330807 0.194346636918793 0.19418967200272547 0.19384907525556264 0.1935314774817079 0.19319943581798138 0.19309970738711568 0.19298657276681563 0.1928890393745992 0.19265194896233206 0.19263136630940286 0.1926880165058661 0.19273793167280917 0.1929388152885582 0.19345083611904393 0.19351095212167352 0.19400426691820938 0.19421157698974417 0.19450533453476226 
# Stellar mass-weighted [O/H]:
0 -5.218485947384705 -6.5658356036890755 -4.821879340821997 -3.260131740786832 -2.9568953918063867 -2.8528769845419752 -2.82303594472474 -2.8181965287002813 -2.8190004045283334 -2.8201915980235475 -2.8208105565919235 -2.8209480367898987 -2.8207853503531632 -2.820441215970658 -2.819992894802252 -2.8194842949148695 -2.818948289198558 -2.818376549423287 -2.8177907530131394 -2.817210823111834 -2.8166442085662764 -2.816092179743822 -2.8155522917639875 -2.815025215870513 -2.814513678925058 -2.8140175900778006 -2.81353161628984 -2.813054805483664 -2.812589633149961 -2.8121363177292755 -2.8116940065850082 -2.811260218324777 -2.8108335821148698 -2.8104177145848546 -2.810015542410497 -2.809618451348233 -2.8092182151529057 -2.808827386681215 -2.8084439431000456 -2.8080665857704155 -2.8076932827114716 -2.8073212485063905 -2.806958761071651 -2.8065980569434164 -2.8062449322309586 -2.8058968856227438 -2.8055498735306044 -2.8052131208435096 -2.8048727191138454 -2.804544432438667 -2.8042197762934045 -2.8038984875420425 -2.803585341672356 -2.8032690841321513 -2.802966162262134 -2.802670218735283 -2.8023684498554076 -2.8020765600831474 -2.80179457168357 -2.801514893885246 -2.801229262699654 -2.800960460268911 -2.800697376538496 -2.800424580810218 -2.8001589491888845 -2.7999160391301725 -2.7996603982508645 -2.799400225433665 -2.7991552282711023 -2.798927250237875 -2.798683914886216 -2.7984351204039086 -2.7982008513526857 -2.7979994756061455 -2.7977630790592833 -2.797529319100877 -2.797298602185453 -2.79709279296611 -2.796889353502096 -2.7966790238277888 -2.796455278508984 -2.796239366407965 -2.796043100367421 -2.795855545069161 -2.79565901873133 -2.79545358658238 -2.7952407105042445 -2.7950478154483545 -2.794871665209274 -2.7946982807696132 -2.7945110783543505 -2.7943149029514096 -2.794096703335895 -2.7939180160146027 -2.793762221299148 -2.793607463295972 -2.7934373906388705 -2.7932572441631462 -2.793071865357775 -2.792889266623411 -2.7930579745066977 -2.7931745104109407 -2.7932691995009167 -2.7933397400081184 -2.793392576861037 -2.79343833455195 -2.79347969290004 -2.793518546145581 -2.7936344492139957 -2.793982377093072 -2.7943876826487575 -2.794609379385639 -2.7947605439382732 -2.794900925157126 -2.7950161011859853 -2.7950705805141727 -2.79511527232577 -2.795095204225257 -2.795151822705665 -2.7951568517117495 -2.795138745180277 -2.7951631750221546 -2.795168481000168 -2.795122027647471 -2.7951084423206503 -2.7950217415020253 -2.79496234434347 -2.7949171724901563 -2.7948657792504834 -2.794716259783695 -2.7946883423140667 -2.7945697735850645 -2.7945208920499773 -2.794440543301829 
# Gas [Mg/H]:
-5.218485947384705 -6.812943270487043 -4.769278692148935 -2.818226255693255 -2.2143471620931203 -1.8328752333003182 -1.573035845387028 -1.3748935667779634 -1.1657357252109302 -0.8955981195445615 -0.5978220007900932 -0.40331725701173227 -0.3401746363929341 -0.3387479542929439 -0.3526844342436606 -0.3645997021751599 -0.3683470475413131 -0.3649604282945198 -0.3590707707706029 -0.35700606780008926 -0.36124526822117353 -0.36806585168374184 -0.3753326438747928 -0.3829696818158874 -0.38942480547131275 -0.3925865936101012 -0.39330788850318843 -0.39354258682829624 -0.3929461928508209 -0.3947634435367515 -0.39403748777003855 -0.3911731777282661 -0.39092691652644085 -0.3869670073666853 -0.37151190529013345 -0.346209206420637 -0.31812810250911205 -0.2903996773089732 -0.2616993629018607 -0.23963892298687828 -0.2200692623899636 -0.19795856074726448 -0.17816577768482134 -0.16041660793675305 -0.14375539299577955 -0.12799294091352476 -0.11318458250695507 -0.09887818371231827 -0.08527695412846992 -0.07326136686038609 -0.06259633411848142 -0.05947837454414007 -0.06362102726582464 -0.07091659194952094 -0.08187143650050022 -0.09114672734942708 -0.09872156325589199 -0.11082642679846444 -0.11974221555255937 -0.1293945911123986 -0.1452178640853763 -0.15215638768091555 -0.15774206761696874 -0.16681834919089855 -0.1667400786988642 -0.19245761613681367 -0.20552177285223028 -0.21519483338699708 -0.2237025203602485 -0.2265795881870778 -0.23305449864442984 -0.2433655103709791 -0.25271975795029533 -0.2570843659451665 -0.2641230727600652 -0.2715616108192309 -0.2817083470878936 -0.2915224306997697 -0.2974580717179256 -0.3048203894357773 -0.3156173573959027 -0.3280555013778743 -0.33834499910653815 -0.3422469269469355 -0.3486525907071112 -0.36320661826148815 -0.3743624769111058 -0.38611893916921414 -0.3926019472023352 -0.3980225014489305 -0.406649341083015 -0.43078869606009373 -0.4408484665925334 -0.439938942767343 -0.44401814151131447 -0.4525229303481808 -0.46158166200693085 -0.4734582616622083 -0.49194661502795967 -0.507818407401543 -0.5179047779527464 -0.5196114046082316 -0.5195702160611386 -0.5200936449066837 -0.5210057112667057 -0.5229207185057243 -0.5250588121736879 -0.527600255992482 -0.5301846503169445 -0.5326890219484666 -0.5483618489786561 -0.5741204672093527 -0.5918385849499872 -0.6073296766016174 -0.6196388182124375 -0.6318924589241535 -0.640655162340126 -0.6470721166062923 -0.6494754906939928 -0.652432821335359 -0.6559304085016073 -0.6582397223642698 -0.6591671409420092 -0.6590712530112208 -0.6603737213267538 -0.6592243918659273 -0.6569521988691376 -0.6531059669163879 -0.6512042538185314 -0.6507896002904126 -0.6519520298079682 -0.6520995925441353 -0.6535825297895741 -0.6550978034907118 -0.6563004448820058 
# Gas [C/H]:
-5.218485947384705 -6.812943270487043 -5.768456940300556 -3.8099804086522404 -2.9594242223486393 -2.4199697354381016 -2.0687445344240123 -1.71630205566629 -1.2646965257730356 -0.781959551275988 -0.36254072987642827 -0.09979376246150728 0.008103240713655868 0.04347077453259285 0.05831621704388468 0.07160938210889345 0.09034070944833239 0.11223216074803055 0.13408331614335633 0.15632327303207694 0.17852540896587765 0.19946442825681876 0.21864544180151135 0.23603805969568015 0.2663707234260473 0.32366659971820955 0.39258695427839285 0.45756831595276815 0.5138571488675394 0.5619056078274349 0.6031605818220029 0.6389976720046509 0.6705669109328598 0.7013116976236842 0.7374499075157144 0.7772067433830392 0.8156571524194787 0.8516342931776353 0.8841503779874293 0.9138300812861031 0.940823872260145 0.965666052946935 0.9885812820672402 1.0099200634939423 1.0297630527370125 1.0479645777832927 1.065288051638586 1.0832981644756678 1.0970364304392284 1.1107283177273062 1.1242262035608537 1.1356646324575501 1.1427216936392401 1.1486163569288714 1.154176074121759 1.1596169246258556 1.1648855929698243 1.1696813794642056 1.174428780383637 1.1789859765895976 1.1834622847762835 1.1878897002100435 1.1921590797248647 1.1962626731423227 1.2001145343949906 1.2025954484234576 1.2017892861245492 1.1997682445692175 1.1966552866196625 1.1931228614509388 1.1894525464650618 1.1856171538569087 1.1813189719734627 1.1773976707257634 1.175180394377111 1.1721215347604783 1.1681718046437708 1.1645122036035933 1.1608574167415648 1.1570038519788226 1.153006187898304 1.1488578313735638 1.1451322894308107 1.141691898632898 1.1380927726592152 1.1339646740414495 1.1301067953311579 1.1262309585291712 1.12286581181709 1.1196554931926466 1.115894205338364 1.1120888462001801 1.108427323753706 1.1047328410942452 1.101298266962634 1.0982078095930699 1.0949464296354172 1.091406828690063 1.0875919998168446 1.0845440315607768 1.0826092545794457 1.080058870908171 1.0782194098934466 1.0767722987870516 1.075360534890681 1.0739904343189073 1.0725786938705935 1.0711287573989239 1.0697191406230742 1.0671669415699774 1.054599385080886 1.0297714495649681 1.0048829139140567 0.9809742999713729 0.9589720061846605 0.9307643747683656 0.9059278319963764 0.8834591545383232 0.876309415938417 0.8625345515828617 0.8437841430379192 0.8280944839847417 0.8185409606197154 0.8143953436407179 0.7976751229656074 0.7804951934047835 0.7504942446647673 0.7260287518728137 0.7055606212807115 0.6874344757298902 0.6707417788838144 0.6571166267327468 0.6438487131755521 0.6320452093170403 0.6216106978274234 
# Gas [O/H]:
-5.218485947384705 -6.812943270487043 -4.546597976436179 -2.597287718188298 -2.051196008899349 -1.7236746243205712 -1.4995411686567381 -1.3201146738629026 -1.1101091676045147 -0.8263376215187943 -0.5175238989749684 -0.3137853936912749 -0.23936667761116537 -0.22806502670869477 -0.23544604185279505 -0.24619162347627332 -0.25784930331763123 -0.2627516699561472 -0.2676392007606303 -0.2751117260887046 -0.28404563332362276 -0.29278891525416606 -0.3017409932227695 -0.31049743179707434 -0.3185241630868769 -0.32454270097962024 -0.3297764322649792 -0.33460757966609833 -0.33924673967206553 -0.3427269776178741 -0.34684828254589517 -0.3508155272958069 -0.35468286742785926 -0.3582800417991372 -0.35887423470700686 -0.3568800381445283 -0.3550239858757238 -0.3540541728492981 -0.3509177317265979 -0.34989224277959297 -0.34690830204698564 -0.34424645912761775 -0.3428638100245869 -0.34052654496534096 -0.33936296669107824 -0.33739301232155094 -0.3358215909881874 -0.33447595371941663 -0.3323563565454011 -0.3321080431861918 -0.32918733875507167 -0.3285133895658059 -0.3282867966983307 -0.32685377504264235 -0.3301807549420519 -0.32724614941678665 -0.3235735393809831 -0.3296703884509884 -0.32744357844246297 -0.3249893593895292 -0.3275823896225467 -0.3262999029768672 -0.32587711984005896 -0.3254291263993223 -0.3278482431487233 -0.32624662612886013 -0.32462765431004703 -0.3283312367509672 -0.3334901952391469 -0.3308011776898203 -0.33034137491616855 -0.3347665164581759 -0.3408213078408058 -0.34771552149436635 -0.32623792697589016 -0.3372568000642735 -0.34669948174155074 -0.3482742551966904 -0.3445803736810915 -0.3433661966304826 -0.3474895213252358 -0.3538254005037129 -0.3555960304443859 -0.3509691977382916 -0.34977220358353245 -0.35269490225011735 -0.35992136607222003 -0.3645281115362833 -0.36108040591925494 -0.35625327691332975 -0.35628724126844835 -0.35992428138190125 -0.34418575711222 -0.3717656061284238 -0.38319206211682744 -0.37247956838002727 -0.3660840225424571 -0.3666607640782189 -0.3710191997290124 -0.3764904960278055 -0.381832638533087 -0.38201576394817893 -0.37952686617783016 -0.3768146516748385 -0.37606669727182096 -0.37633886331872635 -0.37727167863376376 -0.37869383767643994 -0.37996264385201073 -0.37994616360913636 -0.38358192792607637 -0.39137124055681616 -0.39825095125718235 -0.40509553853294866 -0.4104529902702043 -0.4166663351384128 -0.42221485145159576 -0.42686096872220336 -0.4287871625638444 -0.43111394410202175 -0.4346415157842527 -0.43640667942343647 -0.43739862881737723 -0.4371369887235588 -0.43880832228461353 -0.43833366629117787 -0.43734474627868725 -0.4352150899483389 -0.434356487691856 -0.43482474940007254 -0.43661881724065355 -0.4373478515309306 -0.4393377102944034 -0.4412697020964633 -0.44280366258895887 
# Gas [N/O]:
0.0 0.0 -1.8301335052018866 -1.837057747735655 -1.5107760127461085 -0.8987325673948638 -0.30965851109139075 0.22320269417112526 0.6537745446161956 0.9484714007083074 1.098873496170035 1.160739080204027 1.1830880078882458 1.1959839463473283 1.2108612060026378 1.2335838066969425 1.270287505502493 1.3074337438484305 1.3426404074267313 1.3644703254281625 1.3701258100387057 1.365588329481196 1.3572457422624633 1.3476360892585557 1.3311881439567128 1.297635668927568 1.2477030095972028 1.1849079095955704 1.1107947731374759 1.0227858364114446 0.9174978459255957 0.7839007626942122 0.5980747980158709 0.3229877157080665 -0.02650372381894417 -0.3770236121422248 -0.6360187858537967 -0.7331093394012436 -0.7988491520798211 -0.8274613277984333 -0.8324693492975079 -0.8346082335926679 -0.8360781315136714 -0.8381293601446835 -0.9088979853393964 -0.8452489761143362 -0.8138842831580193 -0.8302193750696114 -0.8388911330342339 -0.8521460686717592 -0.85906216912004 -0.8557012973104787 -0.8358228962138019 -0.8220648891954354 -0.805096595286803 -0.8010783992269304 -0.7891908642499041 -0.7625380288177042 -0.751292558909104 -0.7459407750852678 -0.7328991689839821 -0.7212298432412676 -0.7079100300520167 -0.6930919336121761 -0.685844260657893 -0.7062069494460843 -0.6738865454117804 -0.6598562210152363 -0.6649946038313908 -0.664821902889078 -0.6617095209075801 -0.6630343345980585 -0.6526540709599318 -0.6474391292219324 -0.6653391187202848 -0.6550253046588304 -0.6498186116645692 -0.6404626635440831 -0.6384929532366683 -0.662348341252812 -0.6437401051833749 -0.6299692896229652 -0.628313483757964 -0.644749705951593 -0.6340300383387567 -0.6230751766899014 -0.6189002903835084 -0.6407521870346895 -0.6258282768913139 -0.6221786082183496 -0.6221501496881972 -0.6107363068881191 -0.6376265276858719 -0.6104179938990937 -0.600751596061408 -0.6154970365812764 -0.6167873966583135 -0.7047278404258983 -0.6269870384334304 -0.5796889816484962 -0.5618860925426157 -0.5703388650520984 -0.5782834678070108 -0.581256613261631 -0.5866697577292781 -0.5908290687471907 -0.5942570396709452 -0.595801778768968 -0.5965690686582126 -0.5972512917473496 -0.6113330944611723 -0.6136768845692024 -0.6160677503903702 -0.6160167112465844 -0.6165726855447196 -0.6195309186744189 -0.6231691893629709 -0.6277310609631279 -0.6299865537836264 -0.6324113989837044 -0.637377624145139 -0.6428231909764308 -0.6463745670343772 -0.648725053159785 -0.6556347463360397 -0.6653909049733617 -0.6838579204402482 -0.7006459532139551 -0.714015030263131 -0.7243008103483377 -0.7325772919560525 -0.7395007456584992 -0.7441369061308811 -0.7496974738377677 -0.7537032231333791 
# Gas [N/H]:
-5.218485947384705 -6.812943270487043 -6.376731481638064 -4.434345465923952 -3.561972021645458 -2.6224071917154355 -1.8091996797481285 -1.096911979691777 -0.4563346229883196 0.12213377918951274 0.5813495971950671 0.8469536865127525 0.9437213302770808 0.9679189196386333 0.9754151641498434 0.9873921832206691 1.0124382021848621 1.0446820738922837 1.0750012066661014 1.089358599339458 1.086080176715083 1.0727994142270294 1.0555047490396934 1.0371386574614814 1.012663980869836 0.9730929679479479 0.9179265773322234 0.850300329929472 0.7715480334654101 0.6800588587935708 0.5706495633797015 0.43308523539840493 0.2433919305880119 -0.03529232609107069 -0.38537795852595114 -0.7339036502867531 -0.9910427717295205 -1.0871635122505419 -1.149766883806418 -1.1773535705780258 -1.1793776513444927 -1.1788546927202859 -1.178941941538258 -1.1786559051100243 -1.2482609520304742 -1.1826419884358872 -1.149705874146207 -1.164695328789028 -1.1712474895796348 -1.1842541118579506 -1.1882495078751116 -1.1842146868762846 -1.1641096929121328 -1.148918664238077 -1.1352773502288551 -1.1283245486437172 -1.1127644036308872 -1.0922084172686928 -1.0787361373515667 -1.0709301344747972 -1.0604815586065284 -1.0475297462181352 -1.033787149892075 -1.0185210600114987 -1.0136925038066167 -1.0324535755749444 -0.9985141997218276 -0.9881874577662035 -0.9984847990705381 -0.9956230805788975 -0.9920508958237484 -0.9978008510562342 -0.9934753788007376 -0.9951546507162989 -0.9915770456961752 -0.9922821047231034 -0.9965180934061193 -0.9887369187407735 -0.9830733269177596 -1.0057145378832946 -0.9912296265086109 -0.9837946901266781 -0.9839095142023497 -0.9957189036898839 -0.9838022419222892 -0.9757700789400188 -0.9788216564557279 -1.0052802985709723 -0.9869086828105686 -0.9784318851316787 -0.9784373909566462 -0.9706605882700199 -0.9818122847980915 -0.9821836000275175 -0.9839436581782346 -0.9879766049613039 -0.9828714192007704 -1.0713886045041168 -0.9980062381624428 -0.9561794776763017 -0.9437187310757018 -0.9523546290002773 -0.9578103339848418 -0.9580712649364695 -0.9627364550010986 -0.9671679320659168 -0.9715287183047083 -0.9744956164454077 -0.9765317125102237 -0.9771974553564862 -0.9949150223872483 -1.0050481251260184 -1.0143187016475528 -1.0211122497795335 -1.0270256758149232 -1.0361972538128317 -1.0453840408145672 -1.054592029685331 -1.0587737163474706 -1.0635253430857263 -1.0720191399293917 -1.0792298703998666 -1.0837731958517542 -1.0858620418833445 -1.0944430686206532 -1.1037245712645394 -1.1212026667189354 -1.1358610431622944 -1.1483715179549874 -1.1591255597484107 -1.1691961091967054 -1.1768485971894291 -1.1834746164252845 -1.1909671759342313 -1.1965068857223384 
# Gas [C/O]:
0.0 0.0 -1.2218589638643773 -1.212692690463942 -0.9082282134492907 -0.6962951111175296 -0.5692033657672736 -0.3961873818033872 -0.1545873581685207 0.04437807024280693 0.15498316909854054 0.21399163122976791 0.24746991832482068 0.27153580124128784 0.2937622588966796 0.31780100558516666 0.34819001276596384 0.37498383070417773 0.4017225169039862 0.4314349991207819 0.46257104228950074 0.49225334351098504 0.5203864350242811 0.5465354914927548 0.5848948865129239 0.6482093006978298 0.7223633865433723 0.7921758956188667 0.8531038885396054 0.9046325854453091 0.9500088643678976 0.9898131993004581 1.0252497783607186 1.0595917394228211 1.096324142222722 1.1340867815275675 1.1706811382952025 1.2056884660269334 1.2350681097140268 1.2637223240656956 1.2877321743071306 1.3099125120745525 1.3314450920918275 1.350446608459283 1.369126019428091 1.3853575901048434 1.401109642626773 1.4177741181950845 1.4293927869846295 1.442836360913498 1.4534135423159258 1.464178022023356 1.4710084903375713 1.475470131971514 1.4843568290638107 1.4868630740426423 1.4884591323508078 1.499351767915194 1.5018723588260998 1.503975335979127 1.5110446743988297 1.5141896031869109 1.5180361995649232 1.5216917995416448 1.5279627775437143 1.5288420745523181 1.5264169404345962 1.528099481320185 1.53014548185881 1.523924039140759 1.5197939213812306 1.5203836703150848 1.5221402798142687 1.5251131922201298 1.5014183213530015 1.5093783348247516 1.514871286385321 1.512786458800284 1.5054377904226564 1.5003700486093055 1.5004957092235398 1.5026832318772767 1.5007283198751966 1.4926610963711895 1.4878649762427478 1.486659576291567 1.4900281614033786 1.490759070065455 1.483946217736345 1.475908770105976 1.4721814466068128 1.4720131275820811 1.4526130808659259 1.4764984472226692 1.484490329079461 1.4706873779730973 1.4610304521778745 1.4580675927682818 1.4586111995458573 1.4610345275885825 1.4644418931125327 1.4620746348563503 1.4577462760712774 1.45358695046189 1.4514272321625021 1.4503292976376336 1.4498503725043568 1.449822595075364 1.4496817844750851 1.4471131051791142 1.4381813130069623 1.421142690121784 1.4031338651712397 1.3860698385043217 1.369424996454865 1.3474307099067788 1.3281426834479721 1.3103201232605262 1.3050965785022612 1.2936484956848835 1.2784256588221723 1.264501163408178 1.2559395894370926 1.2515323323642775 1.2364834452502207 1.2188288596959609 1.1878389909434548 1.161243841821153 1.1399171089725681 1.1222592251299635 1.1073605961244675 1.0944644782636765 1.083186423469956 1.0733149114135039 1.0644143604163827 
# Gas [Ca/H]:
-5.218485947384705 -6.812943270487043 -5.051556500136449 -3.0998452407856547 -2.46548247137509 -2.05182458234216 -1.7625197029847905 -1.0232867077523338 -0.28991938997051303 0.29534178105538444 0.7388844084220336 0.9936626272074998 1.0840079335987989 1.0981131417912406 1.0895811686261085 1.0766475229985684 1.064135118550432 1.0529851259573535 1.0427520124579965 1.0335655963700336 1.0240923360691383 1.0154858992138545 1.0070368254022322 0.9987770057133281 0.99084411221365 0.9857446170678958 0.9790591023782405 0.9728042136830908 0.967600145586653 0.9629713053387174 0.9585399526609013 0.954104235559365 0.9491976506724651 0.9448297915727313 0.9423029108545373 0.9422272614507303 0.9417976145278679 0.9412319898802703 0.9388798735270214 0.9362143645039298 0.9362970636608248 0.9370544316468576 0.9364156731302895 0.9367136716538891 0.934909813381867 0.9347851590047194 0.9336330923511929 0.932347131966738 0.9329901132286604 0.930414012178713 0.9319124084308017 0.93099130480479 0.9303064705471531 0.9310936953272089 0.9274696268072748 0.9291784977752409 0.9304292935688068 0.925447234397951 0.927930818193822 0.929685405093343 0.9255045600601681 0.9261213096892957 0.9287911762017753 0.9264225925698701 0.9217738872290688 0.925271395438859 0.9261294940767266 0.9209435704266387 0.9162823903544313 0.9187235094035566 0.9193688226437269 0.9140822449733461 0.9046679937348667 0.9103337587573108 0.9151023784715528 0.911276233967028 0.9029776924965738 0.9006937541784517 0.904910538517286 0.9059453959555857 0.9012728500014884 0.8938262429271857 0.8915867988261734 0.8994227745628649 0.8996692046779984 0.8939000050765653 0.8874561897446487 0.8796911133721501 0.8848773299164003 0.8921681199203659 0.8924097892649456 0.8870520749549762 0.8812203414864008 0.8732600358094107 0.8749126207843947 0.8824933027275721 0.885232855301032 0.8821955715751617 0.8758509092660098 0.8675913572115945 0.8615707684596279 0.8640965468935962 0.8684292095936712 0.8711351061338268 0.8719169293130227 0.871444597050389 0.8701513434531067 0.8683289544009591 0.8666151472889227 0.8666703270964566 0.8628386409039104 0.865744242275805 0.8486237192253805 0.8428279896522364 0.8388528453378434 0.8351494009958937 0.8322897890367003 0.830385126708653 0.8293231116378177 0.828957294087429 0.8277429407377825 0.8282900060302714 0.8286825104086191 0.8293588453413081 0.8304102029092153 0.83372789507529 0.839647135407783 0.8455927970596777 0.8494133397394679 0.851193175988529 0.851188774118322 0.8519328680944378 0.8511807578811172 0.8503193334629726 0.8496965430598111 
# Gas [Ne/H]:
-5.218485947384705 -6.812943270487043 -4.694193205441442 -2.7428783201571862 -2.134571640230088 -1.777238822090812 -1.5508916172512786 -1.3974047770816638 -1.2792429940794348 -1.168720051267167 -1.0788716798240738 -1.041824167023501 -1.0699828848661168 -1.0982879910010777 -1.1146118849628328 -1.1269361851904982 -1.1361533476030132 -1.1415477116451553 -1.1470921939245162 -1.1538665852394807 -1.160223717359103 -1.1671446487533377 -1.1749803887104724 -1.1825248887012645 -1.1884623811860395 -1.192209697900477 -1.1996500768604879 -1.20028734098414 -1.2076450322043808 -1.2003085357776229 -1.1953915332420468 -1.200774566578386 -1.2068884453898763 -1.199157836039629 -1.1910516448509272 -1.1774081322325038 -1.1567159011831185 -1.1339573084921488 -1.1120381513054314 -1.0852813714420666 -1.0686989703916039 -1.0636328847467205 -1.0511181359453952 -1.032606517310426 -1.0152871629342828 -1.0008650281518436 -0.9932151792313757 -0.9809637933720285 -0.9678770978004936 -0.9573832184710538 -0.9455292558364681 -0.9370863263250051 -0.9293841132562424 -0.9327249601789749 -0.9268638541249468 -0.911163865590324 -0.911271267762567 -0.9109276097284962 -0.8462000153683826 -0.9036473535499656 -0.9355061148813517 -0.9194221365251902 -0.8972636543818462 -0.8901685893916111 -0.8847779460022567 -0.8854052119068525 -0.8791973086127918 -0.889056190162222 -0.8952732346314374 -0.8995128437857565 -0.9030263482618919 -0.91130579236712 -0.9174769662613489 -0.9222671994890552 -0.9253314998762159 -0.9356314538356658 -0.9439850182896814 -0.9555740296723076 -0.950373407066202 -0.9539638215309143 -0.9597924913850822 -0.9737767438588927 -0.979311336243966 -1.0004731720037245 -0.9906793231893989 -0.9778953610393559 -0.9901822224689738 -1.0181028385249347 -1.0175687760748273 -1.024362640627416 -1.0231620672922919 -1.0356969836888945 -1.0428458059559835 -1.055392718812315 -1.0583724524085358 -1.0614623806941674 -1.0745595018185172 -1.0689362539714828 -1.0655917294304293 -1.0834397080691538 -1.0991700320229318 -1.1101652725873334 -1.1063220992247862 -1.1049743182048442 -1.1071891593651104 -1.1069327741121642 -1.1089756223500862 -1.1135687636450236 -1.1171952720281677 -1.127160612860032 -1.139765564093163 -1.1704709396739492 -1.1915231324847326 -1.2118424132066936 -1.2293050515331458 -1.2470280153158715 -1.2600993615769083 -1.2688674670227433 -1.2728551610263406 -1.277639520178881 -1.2840154379288409 -1.2881244772707552 -1.29040548651699 -1.2908537499227757 -1.2942465223762412 -1.295380281343248 -1.296485945374294 -1.2950772139402025 -1.2957286105117536 -1.2971417973783597 -1.2993529816355185 -1.300328898398786 -1.3025769019257458 -1.3046654104726478 -1.3063114709838226 
# Gas [Si/H]:
-5.218485947384705 -6.812943270487043 -4.742212514289912 -2.7904535621257134 -2.168119715274069 -1.7631256488905365 -1.4845355674093543 -0.9678980368395003 -0.3269062191199943 0.23473395554347842 0.6715596877992804 0.9243079339537648 1.0140243799246473 1.0279991639257973 1.0194537147557563 1.0065215307496431 0.9940492962577818 0.9828980421726441 0.9728319529036056 0.963404338612837 0.9540006731176569 0.9454341140865075 0.9369362532056051 0.9286652336498968 0.9208434816959703 0.914610338938457 0.9089358900704769 0.9033254318980508 0.8979632035954142 0.8930590544693389 0.8884432173896188 0.8840181259912097 0.8793750203038075 0.8746637817972811 0.8722112322223508 0.8719555736820976 0.8708480594119852 0.8688347282241256 0.8693859970732389 0.868203747905945 0.8678783078946393 0.8675095907251156 0.8663831622229115 0.8670609578480479 0.8650139567494781 0.8643581439375025 0.8639598236602009 0.8630562762481553 0.8633494545746729 0.8607317650428081 0.8623301914845323 0.86133062596409 0.8607081453700465 0.8613416481296623 0.8571935261952404 0.8593295807861594 0.8609486730384983 0.8559398480025484 0.85810148213801 0.8599461637145329 0.8556814324492579 0.8557006462235468 0.8584082360127536 0.8562597494860764 0.8520487866295863 0.8549874211790183 0.8561009738326399 0.8509884392514571 0.8461274987157674 0.8488744383393825 0.8496309351614468 0.844340383138475 0.8374125764980866 0.8408783252483945 0.843658848247677 0.8399760241724139 0.8322660527627619 0.8304747927976481 0.8347860810952898 0.8358423532752002 0.8312053345436197 0.8232722224274065 0.8214385019931107 0.8267315364574408 0.829429748968098 0.8257422377013865 0.8186230097580953 0.8105609900765169 0.8150226008977279 0.8219570688817348 0.822269462937141 0.81640271396587 0.8101452285545898 0.8029281478855825 0.8051078792146011 0.8129824943969508 0.8153362249936351 0.8122146663627721 0.8059136240974905 0.7984063202340357 0.7923722798311528 0.7947110010824243 0.7984019438718932 0.800776428362969 0.8015015016704328 0.8009689984421322 0.7996936485899644 0.7978836079251215 0.796175011029197 0.7963925441160535 0.7925894011105346 0.784340091028024 0.7784076736918024 0.7726231658271305 0.7685436725548769 0.7648996249398134 0.7621152291172573 0.7601996625731706 0.7591447821038484 0.7586981034331655 0.7575830803650376 0.7580917038134847 0.7584815807463188 0.7591600264101954 0.7602058882433176 0.7635277048124429 0.7694280451619671 0.7753884710027084 0.7792072135673132 0.7809834837935012 0.780977567426659 0.781725410659253 0.7809779377886543 0.7801116126192702 0.7794944157634154 
# Gas [S/H]:
-5.218485947384704 -6.812943270487044 -4.819150413794731 -2.86682281124284 -2.227349265787379 -1.8137047603269991 -1.5323378792892477 -0.9942512050147085 -0.341364205992857 0.22364994068823751 0.661447049798964 0.9144806553675595 1.0042946347135735 1.018306037453213 1.0097674710198024 0.9968224010118711 0.9843750509078362 0.9732881081621856 0.963164254644922 0.953684675118704 0.9442875736856053 0.9357296548364324 0.9273070312709506 0.9190186369648847 0.911181046737326 0.9047714830561477 0.8992620854460425 0.8937840614590549 0.8883975681734095 0.8842084964718762 0.8788178233286326 0.8739592689437954 0.8694473339610527 0.8648679129099035 0.8625661354376701 0.862219270355042 0.8611200191295056 0.8591345027193285 0.8596659281705614 0.858467882382179 0.8578791475746055 0.8577790659746851 0.8566616626287615 0.8569662570551699 0.8554322722799714 0.854708696334118 0.8539884264457527 0.8530779097227059 0.8534819332940566 0.8509366251500374 0.8524168062294288 0.8513946986448735 0.8508518535519078 0.8515275083590836 0.8476681157195971 0.8493115302245462 0.8510052488114486 0.8453189176307401 0.8483428164330862 0.8506964606365948 0.845664349586472 0.8462480163814226 0.8490151396281611 0.847024494487175 0.842470230314226 0.8455069387623757 0.8465013059857025 0.841161916941088 0.8365435611156409 0.8394146433215921 0.8398061646019714 0.8347709314335701 0.8280109828538631 0.8314179020176216 0.8341692344037224 0.8304398586613067 0.8227102344754336 0.8209448507426114 0.8253832066631421 0.8263970428200054 0.8216548833538893 0.8136837132674426 0.8325202923267705 0.7980013495970448 0.8176128647332899 0.8155829911221391 0.8090740275172381 0.8012993767940992 0.805373316449935 0.8119135749468729 0.8123022584810373 0.8079502925852164 0.8011361288843597 0.7934439910194548 0.7957925750278001 0.8035378139425848 0.8060866632166066 0.8028070241095158 0.7965038799753392 0.7889377315569366 0.7828746597617968 0.7852600859082752 0.7898999686585411 0.7919395969299119 0.7916118564296726 0.7905882301137686 0.789694710338047 0.7882549709777784 0.7867218058017551 0.7869740960576905 0.7832021911980886 0.7749414622400055 0.7689882059863464 0.7632303988464573 0.7591532538962662 0.7555145049854604 0.7527309761475491 0.7508260201213783 0.7497596867972964 0.7493217605539311 0.748204477037433 0.7487091712630942 0.7490964013322374 0.7497752752008315 0.7508202931402232 0.7541385294025647 0.7600370383479245 0.7660265993348592 0.7698038306776134 0.7715789691600046 0.771552636790239 0.7723182265976716 0.771573121912696 0.770706338397793 0.7700823335158757 
# Stellar mass-weighted [Mg/H]:
0 -5.218485947384705 -6.5658356036890755 -5.04190950681919 -3.4810424532766353 -3.142452178748232 -3.014651804126064 -2.9739876551039215 -2.9655558393532155 -2.9655342456757605 -2.9666127946209064 -2.9671849598712363 -2.967278324355491 -2.967101117811148 -2.9667620457990234 -2.9663228582664667 -2.965806287778946 -2.9652131781943742 -2.964548681958159 -2.9638312169386847 -2.9630955698681944 -2.9623728041098207 -2.9616720298444807 -2.9609888847142196 -2.9603243218651105 -2.9596780340250852 -2.959045762549273 -2.958417912106965 -2.95779438637087 -2.9571763707924292 -2.956575517934062 -2.955980016213724 -2.9553833622126238 -2.9547935091867528 -2.954203337724132 -2.953594353275908 -2.9529434330362188 -2.9522380852007277 -2.9514907758107256 -2.9507039991991304 -2.9498920973864715 -2.949061434005987 -2.9481972547702107 -2.947313436748958 -2.9464105503651536 -2.945492873690199 -2.9445624683001617 -2.943615991624127 -2.9426627881464196 -2.941693565520948 -2.94072060217841 -2.939752018083672 -2.93880530685522 -2.9379042726135802 -2.9370453764457585 -2.936235659718525 -2.935475659888847 -2.934745002051203 -2.934046348938473 -2.933387366811184 -2.932770372490607 -2.9321738253938605 -2.931613367234327 -2.931072143222016 -2.9305439668787425 -2.9300088204565347 -2.9295660954828717 -2.9291288049252255 -2.9286933081334325 -2.9282731211536044 -2.927881727453366 -2.927484566410267 -2.927091914556314 -2.9267139233833737 -2.9263723244262048 -2.9260304724652793 -2.9256852044693256 -2.9253411426778673 -2.925034978128397 -2.9247420926682475 -2.9244539677714236 -2.9241565222799872 -2.923871979003323 -2.9236139154508187 -2.923373911823872 -2.9231318792217573 -2.922892315857357 -2.922643764405384 -2.922420114104443 -2.922220017837714 -2.9220330034212303 -2.9218375061065247 -2.9216490214110706 -2.9214540393117305 -2.9212657576826633 -2.9210963567480013 -2.920947712364063 -2.920793796788864 -2.9206344243655575 -2.9204766582416797 -2.9203252016947765 -2.9205173457654716 -2.9206554285263886 -2.920772135236966 -2.9208642737794266 -2.9209371031492717 -2.9210014890534097 -2.921060430823646 -2.921115399679266 -2.9212609439715154 -2.9217367516059403 -2.922303259164865 -2.9226274410682818 -2.922839837087654 -2.9230261398918937 -2.923192470478927 -2.923274753122146 -2.923337718818348 -2.9233183407331422 -2.9233858738888614 -2.9233923426677055 -2.923380216942193 -2.923404207092884 -2.9234138897851123 -2.923355640767772 -2.923344228347518 -2.9232360325327624 -2.9231569031635267 -2.9230960504433643 -2.923025049554216 -2.922831620331454 -2.922791020698285 -2.9226367646835127 -2.922567500544031 -2.9224633457618294 
# Stellar mass-weighted [C/H]:
0 -5.218485947384705 -6.5658356036890755 -5.985624059073491 -4.4715660134758615 -3.963554073184687 -3.7430438118764933 -3.661745474362945 -3.625103810157559 -3.5986087802815865 -3.576479869773909 -3.5573499252218053 -3.540169344460109 -3.524581519171238 -3.5102140293787 -3.496756488740691 -3.4839160842439387 -3.471373880788491 -3.459020047879335 -3.4468657808646412 -3.4348678267539565 -3.422983580093365 -3.4112567573911114 -3.399707570311884 -3.388358832302055 -3.3766617587310384 -3.363622484019791 -3.348862675213092 -3.3326106724386158 -3.315288728031983 -3.2972873767893605 -3.278905659517177 -3.260365099254349 -3.2418147872962404 -3.223210321622348 -3.2043082830328844 -3.1850176033420716 -3.165377318421397 -3.1455003943864206 -3.12573664355068 -3.106063761046265 -3.086656384708779 -3.0675642999943493 -3.048796967180281 -3.030453322121118 -3.0124773436996364 -2.994967155498389 -2.97787773153426 -2.961100880610802 -2.944919090257015 -2.9290708089129422 -2.913782537107415 -2.8989352042974694 -2.884731385814537 -2.8711870739367926 -2.8580295341473096 -2.8454969455757393 -2.8334775901499043 -2.821696926002951 -2.8103846931966174 -2.7996694443799788 -2.789019768442376 -2.77888456912836 -2.7690658492980136 -2.759564025348358 -2.7501080226882673 -2.7412439028779927 -2.732697424333458 -2.7244567475394312 -2.716401547325505 -2.7089370016157766 -2.7017134940350402 -2.694731267997825 -2.687832971490792 -2.6814486577635535 -2.675261171017982 -2.669272947907424 -2.6632815220500827 -2.6575988617067976 -2.6521803683978318 -2.6470376418432613 -2.6419033456973198 -2.6368774178567786 -2.6319707593169364 -2.627417891816231 -2.622989834008936 -2.618684941543356 -2.6143391957714277 -2.610080975810571 -2.606027924132822 -2.6022629728287905 -2.598541287056457 -2.5948912276084375 -2.591196128070986 -2.587567849852463 -2.58407854990633 -2.5808509217236244 -2.5776808640906888 -2.5745803715919626 -2.5714411129642896 -2.5683330343605464 -2.571110342198356 -2.5727089520280373 -2.573962213435877 -2.5750320471092927 -2.5759776496974416 -2.57682776566367 -2.577603326838549 -2.5783190298291983 -2.5796485408819185 -2.5845264824438194 -2.5901947404067567 -2.5935379573166397 -2.5957067337901396 -2.5972813835602686 -2.5989398759867344 -2.600012913510864 -2.6007686354069772 -2.600905532222532 -2.6013027474501023 -2.601625374230042 -2.6019393093622956 -2.6020634676350394 -2.6021819082333524 -2.6022329882728714 -2.6024564933583187 -2.6023903751926225 -2.6022743278376046 -2.602179240817347 -2.601926963961925 -2.6012654236646506 -2.601177390192394 -2.6005655066668547 -2.600309315060233 -2.599935208767066 
# Stellar mass-weighted [N/H]:
0 -5.218485947384705 -6.5658356036890755 -6.44548009096234 -5.09073208982104 -4.569974796422969 -4.108054883255322 -3.769763000733092 -3.5331809586025846 -3.367070299121335 -3.246496827158718 -3.1586812805651476 -3.0936280076984346 -3.043570373040458 -3.0026722866502746 -2.967482718050702 -2.935663719218966 -2.9053608008921534 -2.875930191334602 -2.8475940784624036 -2.8216034158307783 -2.7987312454407043 -2.7788878538810478 -2.7615740823276953 -2.7463127712255284 -2.733058560543829 -2.7221464888026494 -2.7135745899313184 -2.707076861740699 -2.7023506941140987 -2.6991362137192425 -2.697222481759429 -2.6964419267742485 -2.6966616170616735 -2.6976502110947616 -2.6989324882222805 -2.7001677237748094 -2.7012514358778725 -2.7021867450729227 -2.703007152380237 -2.703734343118672 -2.7043826886283666 -2.7049628945185606 -2.7054889796311405 -2.705963628724951 -2.7064118670124344 -2.706807886843076 -2.7071648700417663 -2.7075016256042606 -2.707805237983899 -2.7080964510435175 -2.7083627438797686 -2.7086106139734287 -2.7088393426430892 -2.7090438414213835 -2.709237330296614 -2.7094203848004597 -2.7095801113000952 -2.709730747769421 -2.7098747196723734 -2.7100015475222357 -2.710118476950525 -2.7102308971363325 -2.710332391494976 -2.7104171275801505 -2.710501747908892 -2.7105913572421496 -2.710660443485989 -2.710717052470752 -2.710781052786734 -2.710844507634544 -2.7108939885160606 -2.7109330801466376 -2.710976919934456 -2.711026565286306 -2.711065282700509 -2.7110926579083428 -2.711117715600116 -2.711149242699733 -2.711178791874115 -2.7112060312068627 -2.7112186308366093 -2.7112272566071596 -2.7112434365264537 -2.711265297437669 -2.7112800942721655 -2.711284967741478 -2.7112777053420665 -2.7112819446123666 -2.7112916554186715 -2.7113023640208382 -2.7113079607829995 -2.7113016786885904 -2.7112856427413226 -2.7112747277982727 -2.7112743512591706 -2.7112804786258273 -2.711282412208285 -2.711287839355374 -2.711269846803196 -2.7112386787493072 -2.7112908759386682 -2.711340586106237 -2.7113896579351096 -2.711431074234654 -2.7114622039193907 -2.711485332291785 -2.7115012759936414 -2.7115140421421957 -2.711574603828968 -2.7117610738216467 -2.7118953874399745 -2.7119014793665928 -2.711760525170826 -2.7116387868371286 -2.711438601249351 -2.7111347625966156 -2.710832930362577 -2.7106818217352453 -2.7105312099139036 -2.710178673365463 -2.7099294142047174 -2.709672928710517 -2.7096237559692833 -2.709114094772943 -2.7087936845392493 -2.707773220453902 -2.7070066242046504 -2.706338280648481 -2.705639419421206 -2.704749855769755 -2.7041213623673324 -2.7034337656799927 -2.702674401890919 -2.7022036666191216 
# Stellar mass-weighted [Ca/H]:
0 -5.218485947384705 -6.565835603689074 -5.318198268375191 -3.7625317779203247 -3.404630851108095 -3.2618788975983133 -3.2125203354213046 -3.124940842893812 -3.0199437225901207 -2.9352162910366957 -2.872684170639941 -2.825397379258746 -2.788221023010964 -2.757903500396841 -2.732442271404368 -2.710575960252319 -2.6914725890220215 -2.6745510653448203 -2.6594025075443444 -2.645695648274554 -2.6332189126889265 -2.6217801398565506 -2.611230023575585 -2.601449112093775 -2.59234766595668 -2.5838041258004587 -2.5758287257612107 -2.5683363158565378 -2.561256917670894 -2.554552804238728 -2.5481895759318274 -2.5421397034271553 -2.536382272065593 -2.530880774061707 -2.5256292729929335 -2.520594189788323 -2.515747893749733 -2.5110772088909847 -2.5066418366500525 -2.502388739108607 -2.498275244642441 -2.4942845867292984 -2.49042782073208 -2.48669279046241 -2.4830915620512712 -2.479597652690689 -2.4762161176220125 -2.4729420903808883 -2.4697495598832333 -2.4666548459195727 -2.4636447176302347 -2.460716143139093 -2.4578673145420336 -2.4550855944394243 -2.4523806758552595 -2.4497452350049738 -2.447165187879582 -2.4446560465934333 -2.4421856979592906 -2.4398012108296694 -2.437444680844221 -2.4351733148529 -2.4329236531055134 -2.430746746230902 -2.4285975767123738 -2.426524461740275 -2.4244640194779894 -2.422464335325163 -2.4204888865404772 -2.4185842578123466 -2.4166802771054297 -2.4148273038118955 -2.413017367101663 -2.411251119220614 -2.4094741424392083 -2.4077466932968186 -2.406033019898304 -2.404385237735756 -2.40274626742727 -2.4011501137843982 -2.3995500661135534 -2.3979948121909196 -2.396457165537642 -2.3949520908871964 -2.393465715898383 -2.3920246400213188 -2.3905701152076286 -2.3891632193957886 -2.3877670524658807 -2.386410144771931 -2.385049672814736 -2.3837205027712525 -2.382375973472424 -2.381076688838128 -2.3797954777585453 -2.3785539091870014 -2.3773077689364257 -2.376085883341206 -2.374856720109298 -2.373658115627576 -2.374736672803685 -2.3753650621122677 -2.375861155988513 -2.376282191276186 -2.376649386125285 -2.3769759426270696 -2.377270384197086 -2.377541218040065 -2.3780679952063384 -2.3799647486789404 -2.3821116447876296 -2.3833291487832646 -2.3840366092388354 -2.3845396647210695 -2.385022771508144 -2.3852333123339253 -2.385333942182479 -2.385299197907983 -2.385352035587193 -2.38526274774917 -2.385231064176022 -2.3851324686057733 -2.3851458453664183 -2.384870913124873 -2.3847593375883847 -2.38414301720732 -2.383653534355611 -2.383229774470612 -2.3827340622632214 -2.3819745234294096 -2.3815752051762384 -2.3809535169430376 -2.38041860351734 -2.380007879621024 
# Stellar mass-weighted [Ne/H]:
0 -5.218485947384705 -6.5658356036890755 -4.967871147605537 -3.4057246147221445 -3.0643329420120153 -2.9443765172005456 -2.9107106801392195 -2.906621271054399 -2.909781526126908 -2.9134408114609736 -2.9162926506321822 -2.9183422852780696 -2.91984739502612 -2.9209689423585212 -2.921825198185374 -2.922495278318997 -2.9230289405675878 -2.923459049919825 -2.9238116018186497 -2.924104897061227 -2.9243514238684076 -2.9245598929411107 -2.9247344081676863 -2.924880680476895 -2.9250061722493 -2.9251155469086063 -2.9252088696111045 -2.9252846113229074 -2.9253506348230136 -2.9254044892914557 -2.925446701458709 -2.9254809281233856 -2.9255071015078817 -2.925525015918529 -2.925541870276164 -2.92554976530592 -2.9255389948548602 -2.925521036302688 -2.9254964732850253 -2.9254617189326044 -2.925421026153301 -2.9253762463099298 -2.9253307612458226 -2.925274493615161 -2.925215087153104 -2.9251515301887387 -2.92508276543097 -2.9250159526201243 -2.924936343510173 -2.924862974044541 -2.9247843900200516 -2.9247038570543102 -2.924623660638 -2.924539053067507 -2.9244597149948284 -2.924377574772385 -2.924292249376218 -2.9242072544785795 -2.92409947674881 -2.9240257573375397 -2.923952954123367 -2.9238809208833425 -2.9238043558728615 -2.9237127959629987 -2.9236255845299466 -2.923556746029118 -2.9234739029515895 -2.923384629612836 -2.9233089519054714 -2.9232492197104927 -2.92317480640651 -2.9230910808985042 -2.9230209633845314 -2.9229721583135184 -2.922911574179362 -2.9228388345420546 -2.922766562394494 -2.9227192588357243 -2.922673070302759 -2.9226173902448602 -2.922547617774481 -2.9224842228713017 -2.9224417569013657 -2.9224106730631325 -2.9223658510203157 -2.9223032825769524 -2.9222348885846596 -2.922192068889106 -2.922164270228003 -2.922137684563973 -2.92209551679126 -2.922042026695711 -2.9219863029310282 -2.9219468242332693 -2.921922119410456 -2.921903162439805 -2.9218745768552985 -2.921830040169527 -2.9217797191052393 -2.921733221073322 -2.9217873939206305 -2.921840437334547 -2.9218872953239474 -2.9219165025243035 -2.92193167384025 -2.9219437639759454 -2.9219548804023274 -2.921965774118796 -2.922032367429715 -2.922200424189054 -2.9224043281472554 -2.9225127130412742 -2.922598645091611 -2.9226987945715575 -2.9227735636083327 -2.9228092447407334 -2.9228472775125693 -2.9228273902600854 -2.9228861536025823 -2.922900346961793 -2.9228826118307474 -2.922921723985203 -2.9229266030942975 -2.9229022634943043 -2.9228998491664573 -2.9228702599781693 -2.922857955686915 -2.9228548794622773 -2.922853616341876 -2.922768493204786 -2.922783707099593 -2.9227189559163165 -2.922726258682732 -2.9226809913424123 
# Stellar mass-weighted [Si/H]:
0 -5.218485947384705 -6.5658356036890755 -5.01524151431671 -3.4532934097903567 -3.103013479139693 -2.964779571690026 -2.9184606135898266 -2.874505449303915 -2.8225185366531695 -2.7765451897152644 -2.7398924004326153 -2.7105789645188567 -2.686579854601817 -2.666398016566113 -2.649038994999403 -2.6338415465784264 -2.6203494611589795 -2.6082370182758208 -2.5972610356353867 -2.5872400653458207 -2.578033612689258 -2.5695251921710796 -2.5616230942225053 -2.5542495745609264 -2.5473453821779755 -2.540859607303494 -2.534744984617273 -2.5289630808828383 -2.5234840450934017 -2.5182817709392413 -2.513328619264528 -2.5086016821364616 -2.504083338604138 -2.499760027624286 -2.4956205186038343 -2.4916436890600577 -2.4878143039524554 -2.484134397045829 -2.4805855565875063 -2.4771619243286267 -2.473854980502903 -2.470654942086079 -2.467561036651806 -2.4645520447197207 -2.461649850817502 -2.458834990824422 -2.456095545765338 -2.4534374788526208 -2.450844666534656 -2.4483295989193516 -2.445877997657833 -2.443490645132391 -2.4411649047575796 -2.4388909598184068 -2.4366833320916053 -2.43452505678599 -2.4324059010206014 -2.430343871505735 -2.428315383488351 -2.426353652552704 -2.424412427177666 -2.4225454734060756 -2.420693852570616 -2.418895988272168 -2.417117560484284 -2.4154075926202365 -2.4137019820477708 -2.4120431139731924 -2.410406698897381 -2.408827284146203 -2.4072441316121953 -2.405700565769263 -2.4041779881198675 -2.402711156994738 -2.401242598210443 -2.3998078984251707 -2.3983795254594877 -2.3970059003554702 -2.3956391312494647 -2.3943054745759262 -2.3929653849492 -2.3916652298738352 -2.390379547766673 -2.3891350751425966 -2.3878877995169425 -2.386666405313634 -2.3854380357329026 -2.3842537879438277 -2.3830838505105003 -2.381947052249462 -2.380803659939051 -2.379686106528629 -2.3785563046217266 -2.377462089414818 -2.3763827192857123 -2.37533603578916 -2.374285477959379 -2.3732528333044804 -2.372212713500761 -2.3711947327067566 -2.372109612351254 -2.3726455573032847 -2.3730693932171114 -2.3734274140841736 -2.373737891152909 -2.374013716159178 -2.3742624120048195 -2.3744911606624077 -2.3749432945780304 -2.376559560028684 -2.3783895627125347 -2.3794257713918556 -2.3800303705857546 -2.3804667118480243 -2.3808824636019894 -2.381063028531904 -2.381152312922157 -2.3811192979100504 -2.3811728716847824 -2.3810990212908667 -2.381068792814286 -2.380992117250617 -2.381004095510243 -2.380767979552153 -2.3806734544659616 -2.3801498254744446 -2.379735951763301 -2.379378883475968 -2.3789618814314357 -2.3783090214184313 -2.377975722097747 -2.377442254633399 -2.376993534577248 -2.376640507007825 
# Stellar mass-weighted [S/H]:
0 -5.218485947384704 -6.565835603689075 -5.090980379873842 -3.5296456790918134 -3.168368620449967 -3.025039980578211 -2.977003760171681 -2.928602423692576 -2.871078890770108 -2.8207076574974828 -2.7809226219769183 -2.7493330598646954 -2.723608618730025 -2.7020649929065383 -2.683596044408872 -2.6674715614838913 -2.6531875386670976 -2.640386185145375 -2.6288086681786096 -2.6182558201704182 -2.608572611954462 -2.5996336700747484 -2.5913382723446334 -2.5836063210127893 -2.5763732616100965 -2.5695885289964657 -2.5631917707335683 -2.5571448002189774 -2.5514195698222846 -2.545971370953227 -2.5408062930650335 -2.535885900579647 -2.531180396740419 -2.5266775423078824 -2.5223654644648157 -2.5182267135559666 -2.5142430039034425 -2.5104156422473176 -2.506726234008439 -2.5031684284466325 -2.4997366087413395 -2.4964124898724513 -2.493199844012965 -2.490081290152937 -2.487066871697518 -2.484145812798105 -2.4813077252957205 -2.4785537490816862 -2.4758669201487153 -2.473260320814777 -2.470721537258191 -2.4682499046121684 -2.465841539889034 -2.463487314425418 -2.461199271970542 -2.458967878505475 -2.456776160290035 -2.454649847727792 -2.4525493594103995 -2.450515327716203 -2.4485107105031476 -2.4465771879495755 -2.4446601269258785 -2.4427985307243194 -2.440960089364438 -2.4391910917652835 -2.4374283195142095 -2.435715930393356 -2.43402434077199 -2.432390904188555 -2.430757167251798 -2.429162645157545 -2.4275886255735557 -2.426072534369033 -2.4245555340204223 -2.4230744306726555 -2.421600013880055 -2.4201814167197933 -2.418769271818161 -2.41739230886877 -2.416009875303036 -2.414668761526217 -2.413220271354306 -2.4120676729473267 -2.4107786238295335 -2.409516882321409 -2.4082481010380326 -2.4070241158711445 -2.4058173114527968 -2.4046468586951706 -2.403469324207765 -2.402311173822339 -2.4011449781964105 -2.4000173805570437 -2.3989034534604814 -2.3978240116170095 -2.396740005069213 -2.39567586764399 -2.394604106587936 -2.3935554802862136 -2.3944976024767763 -2.395048842878362 -2.39548468971934 -2.39585317824531 -2.3961730218116166 -2.3964572109665667 -2.3967134475420035 -2.396949105679277 -2.397413487508209 -2.3990759691721255 -2.400957980686683 -2.4020239652763253 -2.402645270531049 -2.4030925752898824 -2.4035194239978503 -2.4037047806278773 -2.4037958670600554 -2.403762433107997 -2.403816005542521 -2.4037394710215025 -2.403708890014708 -2.403628679203204 -2.4036409136740184 -2.4033981416109897 -2.40330078952194 -2.40276167016568 -2.402335259992199 -2.401967130800826 -2.4015371325774915 -2.400866394514197 -2.4005222721975263 -2.3999740509265584 -2.399511205977574 -2.3991484698572005 
# Gas metallicity, [Z/X]:
-5.2406767730474275 -6.8351340961497655 -4.8116450691138155 -2.861354008256063 -2.275607907255446 -1.7770499034635951 -1.2059026451290695 -0.6693808907494698 -0.23522222099196255 0.11861063975649011 0.3974959824455986 0.5563581179098798 0.6067816732338234 0.6124986357898157 0.6021601317325853 0.5898215048666162 0.5796998342467878 0.5744835925222871 0.5716511867165714 0.5681009829555195 0.562096665827402 0.5556582074468608 0.548641068964306 0.5417911215447342 0.5351657884370249 0.5308327271239301 0.5272854901936344 0.5248868882844706 0.5215995448570616 0.5199589132418152 0.51774952435512 0.5158089130494883 0.5145650995478499 0.5135543497513 0.5190334693271847 0.5269792897860355 0.5378387750469491 0.5480143570180371 0.5620762562635548 0.5697458775660051 0.5833747575936064 0.5908673533590345 0.6043904269396854 0.6098350168918392 0.6240115636668004 0.6262096874141108 0.6432511391824525 0.6393758530820999 0.6637325226094057 0.6471262651516989 0.6884296044770872 0.6434094647950728 0.7217243129982863 0.6099422682217561 0.7805216941492905 0.48293352265420886 0.9026561553721082 -7.3019363947133495 1.1273313519060202 -7.282153549699105 1.303468193077302 -7.270790487147696 1.4648154644202132 -7.2553447817409324 1.6147807438413027 -7.242155613964648 1.770617021921448 -7.2321670145556105 1.9230374540498918 -7.220589958810196 2.0895430519910763 -7.212560232484476 2.2568112844592947 -7.203109094553161 2.444591870192749 -7.191670996373064 2.6357123436744034 -7.189243295139102 2.844816844271891 -7.17208343817264 3.0655808534164883 -7.173252017924181 3.2918395241266127 -7.158774411400705 3.5418261775161444 -7.149015437633098 3.7957488808913817 -7.153778250090461 4.060968897479604 -7.13177601014514 4.348021311576428 -7.126448877505654 4.636704281146015 -7.131691033401978 4.933939701877873 -7.111658629945705 5.255299261576171 -7.1028119584156215 5.579991683814863 -7.10725985233972 5.904336986167449 -7.378200848518857 5.801616883758306 4.996263912642458 5.536844578664098 5.270913506581504 5.33715582604827 5.257123552677301 5.233854562868921 5.158246181269006 4.912532362999151 4.690328737404472 4.564317329475738 4.471355887246244 4.40156983370928 4.322270025340861 4.263573381957334 4.2171635941575065 4.2040438189119484 4.17947315670837 4.147127529943511 4.121144927377214 4.105973761524845 4.099426571724325 4.073133718472521 4.047925026275364 4.008167239952979 3.9793976154181507 3.9551786097103454 3.9336552177896884 3.913851939961283 3.897453615060578 3.881611529799616 3.8673321428803584 3.8546557208561216 
# Stellar mass-weighted metallicity, [Z/X]:
-4.152288344383056 -5.2406767730474275 -6.588026429351796 -5.083962758779492 -3.524147410940416 -3.196863760905539 -3.0268348791947135 -2.898121934511397 -2.809154912869496 -2.7615801915620155 -2.739384673796307 -2.7279493169213804 -2.720048402602292 -2.713210052044727 -2.7067485232873336 -2.7007192720102484 -2.695098569802324 -2.6898304456567237 -2.68481668802459 -2.6800245110806475 -2.6754692569362115 -2.671170755563769 -2.66711375505541 -2.6632776229748627 -2.659635965273133 -2.6561754562912636 -2.65287022954067 -2.6497021894970434 -2.6466458029678996 -2.643710491266172 -2.6408747163978976 -2.6381385055033704 -2.63549075561958 -2.6329168487329984 -2.630413236348847 -2.627938382180983 -2.625489378622065 -2.6230253154622414 -2.620563432608577 -2.6180852420685703 -2.615641202271016 -2.6131726654497207 -2.6107421732598457 -2.608280931511387 -2.605876747836734 -2.6034292727291 -2.6010678462530477 -2.5986257003532858 -2.5963282011237654 -2.5938718075851224 -2.591671042056012 -2.5891542188552314 -2.5871696610778736 -2.584472767067198 -2.582920736912647 -2.5797116820353336 -2.579141391310457 -2.57454361581102 -2.576472958493625 -2.5678388836303734 -2.570396498095393 -2.5577723449814895 -2.5612268119048434 -2.543962218404408 -2.5485195383538173 -2.5252552385878007 -2.531271834016847 -2.5007133481322805 -2.508476811191035 -2.467881605038749 -2.4780087912708018 -2.42505511701145 -2.438015766857336 -2.3681319404177907 -2.3848256822430347 -2.2952808090572283 -2.316167003145992 -2.200584476957803 -2.226643407551223 -2.0835947543973194 -2.114887406973959 -1.940226044488221 -1.9770228873970395 -1.7708185336339584 -1.812766567449209 -1.5794165582137658 -1.6255323958214245 -1.3621111457422839 -1.4123227744161004 -1.127028596917355 -1.180164600826915 -0.875619194552993 -0.9311008779500833 -0.6039290919307565 -0.6618938249199873 -0.3213199820722743 -0.38081484032047164 -0.02835704385458393 -0.08908571140237487 0.2831753853254151 0.22061497667690566 0.19983498745516504 0.18784101982647727 0.17925395296002788 0.1725413514127938 0.16703063960108588 0.16236384078998767 0.15832288194470334 0.15476433084787722 0.14868810335779825 0.12963281019665263 0.11180588431698557 0.10271266646748156 0.09715846189561628 0.09333567997838776 0.0894782689144411 0.08692980587159349 0.08516081782542595 0.08479338589953733 0.08392673909749293 0.08304404244046348 0.08229557833353907 0.08196774563048725 0.08173955808075783 0.08134818851445225 0.08078050372463474 0.08054126570443709 0.08040090965418534 0.08042286338116766 0.08079290471432521 0.08143454868049926 0.08146720382681294 0.08237656581310326 0.08258728671856619 0.08322115358134452 
# Number of SNIa (log_10):
0 0.0 0.0 0.0 0.0 0.0 2.767563720403748e+53 1.1297489652570342e+55 3.0059360379260447e+55 4.995384633626999e+55 6.828611615267236e+55 8.457064910081071e+55 9.901264366381194e+55 1.1192990251495238e+56 1.236003582185678e+56 1.3424171857699437e+56 1.4402148749675998e+56 1.5306964863012294e+56 1.6148881235729508e+56 1.6936130751747093e+56 1.7675419374109785e+56 1.8372284342072773e+56 1.9031349237796478e+56 1.9656519267716412e+56 2.0251125498786035e+56 2.081802139010407e+56 2.135968709966079e+56 2.187828202123279e+56 2.2375685360859343e+56 2.2853561511983503e+56 2.331340472178406e+56 2.375660868284784e+56 2.418416788016063e+56 2.4597196437152117e+56 2.4996703444616597e+56 2.538354379118189e+56 2.5758488496924174e+56 2.612218632657993e+56 2.6475413474101314e+56 2.681871836744982e+56 2.7152613182205e+56 2.747761316391999e+56 2.779415675002664e+56 2.8102684922559176e+56 2.8403601382997866e+56 2.8697273763703583e+56 2.8984043492817603e+56 2.9264178329775922e+56 2.9538075002895845e+56 2.9805986560334824e+56 3.0068123258941828e+56 3.0324714429272812e+56 3.0576043841520283e+56 3.0822295067029266e+56 3.1063677250939902e+56 3.1300363753337154e+56 3.15325480267065e+56 3.176020360673728e+56 3.1983909572037707e+56 3.2203671302960234e+56 3.241958586081176e+56 3.2631709731567282e+56 3.284006606100057e+56 3.3044910124217227e+56 3.3246419653677614e+56 3.3444635739998267e+56 3.3639690419972654e+56 3.3831697828669057e+56 3.402072664473557e+56 3.4206855646827356e+56 3.4390206958775647e+56 3.4570859693921884e+56 3.474880377403878e+56 3.492423650473655e+56 3.509722654513549e+56 3.526778105315625e+56 3.5435980665422904e+56 3.5601893088881003e+56 3.576558122648571e+56 3.5927090165071065e+56 3.6086510733628854e+56 3.6243800136394007e+56 3.63991513228354e+56 3.6552577663598615e+56 3.670408816855342e+56 3.6853727485953276e+56 3.7001553633044854e+56 3.714764813821882e+56 3.7291972311974726e+56 3.7434564810484035e+56 3.757555108320671e+56 3.771484820769187e+56 3.7852627979918757e+56 3.7988992226534676e+56 3.8123809825195255e+56 3.825711756627784e+56 3.838898318401226e+56 3.8519463637369063e+56 3.8648526589397604e+56 3.87762343001538e+56 3.890259908220576e+56 3.9027635414178454e+56 3.915148651497451e+56 3.92741045828761e+56 3.939548321158825e+56 3.951568394000507e+56 3.963469061636973e+56 3.9752515554632905e+56 3.986921740725893e+56 4.009934602997657e+56 4.118907791714938e+56 4.311361381400267e+56 4.477539442455e+56 4.623764440919994e+56 4.754335743530778e+56 4.927225446657584e+56 5.078621681667638e+56 5.213283124518708e+56 5.25508755760187e+56 5.334544298932059e+56 5.444826654099483e+56 5.545979488083734e+56 5.60903080918447e+56 5.639371716710302e+56 5.753724222036615e+56 5.883056321556303e+56 6.1066978760952855e+56 6.295606946962011e+56 6.459138852481885e+56 6.603355771470962e+56 6.732226343452344e+56 6.848860103715815e+56 6.95528453133924e+56 7.05316293888806e+56 7.143767878246671e+56 
# Number of SNII (log_10):
0 0.0 6.268775078736917e+53 2.561949086488668e+55 6.92465880227523e+55 1.1419922975709309e+56 1.523433979809315e+56 1.7346921165205505e+56 1.8160149214329091e+56 1.8421769793321115e+56 1.8497794620137617e+56 1.8519000012524207e+56 1.8524717458704212e+56 1.85267347199496e+56 1.8527462479488835e+56 1.85277694265715e+56 1.8527985768084387e+56 1.8528170450750465e+56 1.8528339057144961e+56 1.852849642566608e+56 1.8528644640046343e+56 1.8528784929348905e+56 1.8528918211003823e+56 1.852904517844808e+56 1.8529166444652568e+56 1.8529282578833195e+56 1.8529394083820463e+56 1.852950134590081e+56 1.8529604708315121e+56 1.852970449916011e+56 1.8529800995090867e+56 1.852989444592496e+56 1.8529985013147718e+56 1.8530072950646303e+56 1.8530158474872008e+56 1.853024176950905e+56 1.8530322961976565e+56 1.853040207933493e+56 1.853047925453894e+56 1.8530554662474323e+56 1.8530628344344054e+56 1.8530700454185604e+56 1.853077105247081e+56 1.8530840180035022e+56 1.8530907956278089e+56 1.8530974405337016e+56 1.8531039619939181e+56 1.8531103642751109e+56 1.8531166516947486e+56 1.8531228317941849e+56 1.8531289037600276e+56 1.8531348826253972e+56 1.8531407603343457e+56 1.8531465412347166e+56 1.8531522301526764e+56 1.8531578195668526e+56 1.8531633292517603e+56 1.8531687505169906e+56 1.853174078057634e+56 1.853179251222807e+56 1.8531844913546287e+56 1.8531895730416744e+56 1.8531946704328014e+56 1.853199547425514e+56 1.8532044925136302e+56 1.8532092289688626e+56 1.8532140545091145e+56 1.8532186714529667e+56 1.853223355939602e+56 1.8532278485286089e+56 1.8532324263964505e+56 1.8532368092361676e+56 1.8532412591951527e+56 1.853245527988275e+56 1.8532498879630334e+56 1.8532540693000657e+56 1.8532583129490603e+56 1.853262378066284e+56 1.853266526525244e+56 1.8532705196389355e+56 1.8532745838726294e+56 1.853278473688637e+56 1.8532824293019366e+56 1.8532862388031256e+56 1.8532901404655845e+56 1.853293885155045e+56 1.8532976827351315e+56 1.8533013176460845e+56 1.8533050295993048e+56 1.8533086248227385e+56 1.8533123033682105e+56 1.8533158233587384e+56 1.8533193889980944e+56 1.8533228017683305e+56 1.8533262953783406e+56 1.8533296868898193e+56 1.8533331666240527e+56 1.853336501441377e+56 1.85333987719664e+56 1.8533431030696584e+56 1.8533463969881685e+56 1.8533495881937765e+56 1.8533517448757425e+56 1.8533529696247943e+56 1.8533535474918e+56 1.8533535474918e+56 1.8533535474918e+56 1.8533535474918e+56 1.8533535474918e+56 1.8533535474918e+56 1.8533535474918e+56 1.8533535474918e+56 1.8533535474918e+56 1.8533535474918e+56 1.8533535474918e+56 1.8533535474918e+56 1.8533535474918e+56 1.8533535474918e+56 1.8533535474918e+56 1.8533535474918e+56 1.8533535474918e+56 1.8533535474918e+56 1.8533535474918e+56 1.8533535474918e+56 1.8533535474918e+56 1.8533535474918e+56 1.8533535474918e+56 1.8533535474918e+56 1.8533535474918e+56 1.8533535474918e+56 1.8533535474918e+56 1.8533535474918e+56 1.8533535474918e+56 1.8533535474918e+56 1.8533535474918e+56 
# [Mg/Fe] for total ejected gas till this time:
0 0 0.9717660614964787 0.9569469310352043 0.7597518359217467 0.6638571460139986 0.6199694598847661 0.41270325757021575 0.2073291367802737 0.06383195259704441 -0.03515935740412389 -0.10676669791268685 -0.16125154906481007 -0.2044788694762043 -0.2399087202360524 -0.2696752474538697 -0.29516190289921684 -0.31731314146520584 -0.3368083814414666 -0.35416001100375566 -0.3697578381587674 -0.3838946396068145 -0.39679399359867945 -0.4086341905412546 -0.41955658742743923 -0.42967479205980336 -0.43908277627632775 -0.44786187288037826 -0.45608009666866073 -0.46380095619149336 -0.47107010666259047 -0.47792915527035373 -0.4844176871970241 -0.4905622990799716 -0.496377307974445 -0.501877301801011 -0.5070792430724671 -0.512005270275997 -0.5166682599356756 -0.5210961812857113 -0.5253100756768603 -0.529317326448514 -0.533132922876783 -0.536772954596576 -0.5402463601205835 -0.5435654410395219 -0.5467390677452142 -0.5497746742445471 -0.5526845891894441 -0.5554706714874573 -0.5581516412229646 -0.5607425269970973 -0.5632644347421101 -0.5657281190443089 -0.5681339793817868 -0.5704916933919835 -0.5727986327670359 -0.575052442203406 -0.5772671821039059 -0.579442627637689 -0.5815783775743819 -0.5836706555363893 -0.5857227419497066 -0.5877330106275371 -0.5896885931733187 -0.5916386589021726 -0.5935583083694431 -0.5954389870136558 -0.5972825841843767 -0.5990924319327792 -0.6008713249389322 -0.6026180302877949 -0.604330570108463 -0.6060170208209683 -0.6076794359778255 -0.609311748607515 -0.6109149100922363 -0.6124950529378993 -0.6140541138298643 -0.615590640754403 -0.6171039732297259 -0.6185927828487607 -0.6200623819287638 -0.6215132282249729 -0.6229451418718643 -0.6243597416413101 -0.6257528848441682 -0.6271257963578974 -0.6284830876845284 -0.6298249035465288 -0.6311505210100982 -0.6324658509528484 -0.6337622611381226 -0.6350353011030229 -0.6362929944999475 -0.6375398389843997 -0.6387736889816362 -0.6399935474695546 -0.6412008355100638 -0.6423943114007775 -0.643572431925028 -0.6447371191677705 -0.6458919317333679 -0.6470303366129426 -0.648152255566618 -0.6492608968828898 -0.6503551581452962 -0.6514354904653037 -0.6525030746809065 -0.6546039975335703 -0.6644224676423022 -0.6812335335982576 -0.6952046239349366 -0.7071155401753416 -0.717465310166394 -0.7307303863933731 -0.741954154500494 -0.7516493139350621 -0.7546083797803959 -0.7601684187929921 -0.7677129761468798 -0.7745234897506429 -0.7786904805772757 -0.7806762129348183 -0.7880726400724091 -0.7962391796791412 -0.8099321567506248 -0.8210523788420659 -0.8304053959773812 -0.8384311354483448 -0.8454439128498235 -0.8516589422162791 -0.8572273208817845 -0.8622665157502404 -0.8668624545856165 
# [Mg/Fe] for instant ejected gas at this time:
0 0 0.9717660614964787 0.9565770121814152 0.6466852208403471 0.47547413689371676 0.3711104431737961 -0.5743459344801829 -1.1374961489998523 -1.4184442744838681 -1.529141941184705 -1.5739266322542664 -1.5955214417997783 -1.6058616747922854 -1.6101027542727797 -1.6080875401607078 -1.5982227754069775 -1.5828685023803086 -1.5666598125872158 -1.555805274388837 -1.551551241530295 -1.55028536313979 -1.5491969157802754 -1.5486323536905844 -1.5471373587464385 -1.5438259896325568 -1.53859587791534 -1.5331372910135486 -1.5271432113442154 -1.5244380014768535 -1.5187777099766493 -1.5112217843618634 -1.5066405721481968 -1.4974416851096746 -1.4782770813123858 -1.4516211481383927 -1.4219359627998929 -1.3925115611120433 -1.364185035131947 -1.3414741504065388 -1.3219647511330825 -1.299169897396259 -1.2785250561349395 -1.2611159740169 -1.243234827721657 -1.227328948380272 -1.2119091825509771 -1.1965899459364828 -1.1835932890302032 -1.1686917747815166 -1.1603743217953828 -1.1568954467797683 -1.161465905980591 -1.1701623867893425 -1.1774641093774902 -1.1888177974008687 -1.1974068815155694 -1.2043013392440027 -1.2162036525956383 -1.2278632672826764 -1.2393597136508276 -1.2459652300425077 -1.2543694741394151 -1.2609109916085208 -1.2547574959654173 -1.2885461734350787 -1.3007749538211322 -1.3038823800900692 -1.307635994464327 -1.3134644636510178 -1.3205553247832953 -1.3251913971575195 -1.327367213861271 -1.3360213769256781 -1.3461657665306614 -1.3490570649439122 -1.3512932147748118 -1.3601002081625606 -1.3707514898835198 -1.3788909658176955 -1.3847062236800818 -1.3889034113077061 -1.397916338130968 -1.4074113895050686 -1.416422583320715 -1.4274758263531226 -1.4306065695890153 -1.4341639579009546 -1.4462122618430542 -1.4586698852912559 -1.4671023684743738 -1.4877262637947515 -1.4885516154796605 -1.4784639016214889 -1.4870176476834813 -1.5046501345459462 -1.5157306155850516 -1.5240614797636292 -1.536607879019326 -1.5445544843073957 -1.54795516830327 -1.5559471972395327 -1.5640400995397306 -1.567347643002798 -1.566172821750464 -1.568646160110599 -1.5673889553853066 -1.5678908210172138 -1.5709168635417838 -1.5794216867135005 -1.5931902621702503 -1.6187699471096422 -1.639982385653701 -1.6593762611386649 -1.6757733063761429 -1.6805408132017565 -1.6837640682073456 -1.6869691350213807 -1.6913853493155968 -1.6946893256220996 -1.683310403012712 -1.699643531808973 -1.691297066780392 -1.6899440415143907 -1.6957145509531133 -1.6927953619037421 -1.6977427345565939 -1.691353934956225 -1.6969997473454008 -1.6941156518075213 -1.695292716227907 -1.6935381168389076 -1.6928352440752188 -1.6933224789912933 -1.6938162343790424 
# total ejected metal mass till this time:
0 0.0 2.5255749616328037e-05 0.0005411911358921016 0.0009741800665747131 0.0013728155590847198 0.0018191303592898157 0.0022318902171202053 0.002516621046107644 0.0026890331109553113 0.002799644245186574 0.002880799584056159 0.002948024180451819 0.0030077103747166386 0.0030615398958569067 0.003110731104006216 0.0031562122678123698 0.003198920391776495 0.0032393507014895524 0.0032776536080497518 0.003313874777162876 0.003348171086323744 0.0033807058577454163 0.003411668876659335 0.0034411984271372435 0.0034694810150287156 0.0034966398795862772 0.003522845724726928 0.003548089719614576 0.0035725353558420125 0.0035961822784354473 0.0036191045832644772 0.0036413995200080206 0.0036631229557142074 0.0036845499651697797 0.0037057004873219525 0.0037268010995366013 0.0037478495014296397 0.003768947211191117 0.0037898438870387586 0.0038108695307360477 0.003831671604868998 0.0038526728393302474 0.003873344026474262 0.003894298600498702 0.0039147862139201324 0.003935724763885357 0.003955914876564171 0.003976956200607006 0.0039966485854691204 0.004018118257713646 0.004036599778070199 0.004059155086023423 0.0040751304749231864 0.004100652715784208 0.004110998163862926 0.004144549017019501 0.004140224181375613 0.004197440771932406 0.0041516976593529015 0.004234961794117514 0.004155872105763157 0.004271701326677488 0.004147201828984041 0.004307804492301309 0.004122588423060386 0.004342831150020487 0.004066809598827816 0.00437690163715411 0.003971422731830126 0.004409529848471203 0.0037984075223384925 0.004441253028172541 0.003522818924033755 0.004471666639467638 0.0030304757029629235 0.00450118637425413 0.0022271307866180514 0.004529730723106257 0.0007981876390316661 0.004557235901609616 -0.0017243832623733521 0.004584073704109678 -0.006128455668050728 0.004609764770564845 -0.014638528976128773 0.004634779490144093 -0.0302843103756945 0.004659223214145925 -0.06032292385056075 0.00468252605483436 -0.12228894569497974 0.004705405390444921 -0.24455516065960894 0.0047277968604195805 -0.49416624585606433 0.004749237126091534 -1.0493035131334405 0.004770116736933069 -2.241595255951255 0.00479072360352795 -4.770797751414174 0.0048106059818100975 -3.7951138579463395 -0.5921492564236633 -2.075153155508689 -1.1265454033510935 -1.3174899063530845 -1.0987067461624076 -1.0476478894343273 -0.9040812427601492 -0.5372323607926585 -0.33492602557328377 -0.25941203167151733 -0.21584762578965289 -0.19092736342285935 -0.16420353992801953 -0.1473685405374883 -0.13350723689551064 -0.13154305846981443 -0.1269101062367472 -0.12000312070078181 -0.11430939749601106 -0.11097133869867638 -0.11157860397956082 -0.10740142531354091 -0.10527283832766028 -0.09908353939195305 -0.09520041276220266 -0.09207331031516 -0.08933547547684728 -0.08682450585385292 -0.08488724361017916 -0.0829784544512461 -0.08128560768366559 
# Stellar [Z/H]. [Z/H] = [Fe/H] + A[Mg/Fe] where A=0.94:
0.0 -5.218485947384705 -6.5658356036890755 -5.096872895499528 -3.5383762563595518 -3.187638338040353 -3.0538073767472453 -3.0104081237151754 -2.9880492833643872 -2.974656369721471 -2.966826682211436 -2.9615298486790773 -2.9574883308624487 -2.9542141764870835 -2.9514377192712864 -2.9490077145899964 -2.946820570858655 -2.9447975752140074 -2.9428902646338067 -2.9410786208651096 -2.93936805988168 -2.937767590827643 -2.936269907296493 -2.934858526333068 -2.9335245195952107 -2.9322598313159443 -2.9310539536732176 -2.9298923721159387 -2.928770433324419 -2.927685458933117 -2.926645362110248 -2.925636003465556 -2.9246487570175255 -2.9236891504959828 -2.922748744962399 -2.921808709206239 -2.920845488708555 -2.9198458929169053 -2.918820832937549 -2.9177718442817238 -2.916711392919829 -2.9156445385037397 -2.9145564444127814 -2.9134597305861307 -2.912354122253136 -2.911243400450095 -2.9101287430191407 -2.9090065437020804 -2.9078854694417444 -2.9067556179058736 -2.9056291639447 -2.9045127540184374 -2.9034227949297917 -2.902381333293495 -2.9013843392410377 -2.90043885254458 -2.8995450752768113 -2.8986828030066687 -2.8978555547770117 -2.897068376012592 -2.8963265003414467 -2.895606028086412 -2.894925501193403 -2.8942645592179983 -2.8936209728244133 -2.892972651860271 -2.8924164973641604 -2.8918661947988977 -2.891321876959232 -2.8907935789145602 -2.890296976105774 -2.889795342065482 -2.8893015802730853 -2.8888230968993134 -2.8883831040603383 -2.8879431437769156 -2.887503154572812 -2.8870649336836056 -2.886666453311835 -2.886281053090695 -2.8859031565157385 -2.885516383024057 -2.885145016118668 -2.8847993885772465 -2.8844740096009756 -2.884146819090442 -2.8838244100801873 -2.8834932276859293 -2.883188709421896 -2.882907233050788 -2.8826408593366093 -2.882366334715335 -2.8821004572224056 -2.881827944207841 -2.881564448094523 -2.881319561092889 -2.8810968384487103 -2.880869016048355 -2.8806378334285845 -2.880407745371744 -2.880185342009593 -2.8804376992701313 -2.8806091420278896 -2.880751693673737 -2.880866253678014 -2.880959158495675 -2.8810414321608127 -2.8811164496993285 -2.8811861570587145 -2.8813577429794504 -2.8819307446287326 -2.8826055635634202 -2.882991080232039 -2.8832375457165877 -2.883445700710375 -2.883633926562686 -2.883725169772744 -2.883790873596527 -2.8837704832990974 -2.883837119831524 -2.883837163471684 -2.883823791155238 -2.8838394967838967 -2.8838494664033734 -2.883776518231781 -2.8837583694254403 -2.8836156987752255 -2.8835087045173124 -2.8834232215589295 -2.8833233756946384 -2.883091381834583 -2.8830264543939377 -2.8828403598497943 -2.8827394908100112 -2.8826144607543367 
# Stellar luminosity-weighted metallicity, [Z/X]:
-4.152288344383056 -5.2406767730474275 -6.5295561222261576 -4.825308550120801 -2.878043206450667 -2.2905402166052706 -1.7919150474157683 -1.2220040453969114 -0.6859106844732878 -0.25158945872607763 0.1028085686232072 0.3826269357172756 0.5433877336627106 0.5969991353460662 0.6053466811413224 0.5968806114684093 0.5857254643911034 0.5763372741781505 0.5714935043215013 0.5689244784656189 0.5656786904624624 0.560054442372447 0.5539314639845638 0.547207968503878 0.5405986649759726 0.5341787543779422 0.5299171266466549 0.5264375223397966 0.5240661638068893 0.5208820532080631 0.5192420799209401 0.5170981771203922 0.515200589975519 0.5139666999694592 0.5129696919646791 0.5181115351015559 0.5257353866292047 0.5362149629152511 0.5461564588351977 0.5598024885153732 0.5675155053295449 0.5807629466747524 0.5883258959610445 0.6014900048160279 0.6071308483730495 0.6208800240627543 0.6234662699991018 0.6398557521448498 0.6367549502884662 0.6599330184581014 0.6449494614495057 0.6838902551576027 0.6424452674813579 0.7158133945026016 0.6123886193819845 0.7716772175572436 0.4980273766248082 0.8881384631192066 -0.4640237718012792 1.1042433588041682 -0.33945484325431274 1.2789548770697068 -0.19761402548283957 1.4396562533681743 -0.05315002256894186 1.589297876299126 0.08815259639008577 1.7448651422074815 0.23574522419028954 1.8971967107914758 0.3838878630138409 2.063491573536558 0.5448465599671639 2.2306544081654778 0.709208757763131 2.4181839690976945 0.8915712555987214 2.6091752722144994 1.0796908925537356 2.81805809966083 1.2844587557844025 3.0386419039840282 1.501250040386539 3.264795106718846 1.725636559226818 3.514543310705097 1.9711654224515582 3.7683592109459063 2.222888143502534 4.033443922564302 2.486183118368869 4.320287140439387 2.76952191696528 4.60889105596086 3.0567434062906136 4.906023202440634 3.3529284612211194 5.227185684433083 3.6708067638942943 5.551795799893906 3.9941813962286155 4.714683538209714 4.704609209034722 4.647589267147927 4.5965783928574275 4.553482875719522 4.51684170515262 4.485262748183244 4.457670568705304 4.411502408147281 4.273451801024204 4.1544855727917955 4.09755511504117 4.063076559620584 4.038689246900302 4.011887508049437 3.9928142108095166 3.9793020160393633 3.975977464504254 3.969490288563242 3.9615401555323437 3.955162140680014 3.9517866524599254 3.950081574497573 3.9445313764341696 3.9388780343659686 3.931484084467016 3.925766304228138 3.9219653276849176 3.9199613087542806 3.9175969805077644 3.9147093912527637 3.915047005922398 3.9125224606111315 3.9128235037989993 
# Stellar luminosity-weighted [Mg/Fe]:
0 6.938893903907228e-17 6.938893903907228e-17 0.956628865774501 0.956550873044899 0.6679054408131213 0.5036331042829403 0.40044045325889577 -0.43896228930812503 -1.0195976567986107 -1.3483491596902184 -1.4993969821824982 -1.561683103478769 -1.589561834393424 -1.6026336159679058 -1.6083150060803748 -1.6076241392231991 -1.599384745648004 -1.5853820331958983 -1.5697663152557202 -1.5583505692305104 -1.5530315002115245 -1.55109644922852 -1.5498284996932044 -1.5491131775187053 -1.5477220025614307 -1.5447313891803292 -1.5399132529955497 -1.5346317723967065 -1.528829125295153 -1.525672645217354 -1.5204474533087526 -1.5133499488085564 -1.5084434691664712 -1.500014416688048 -1.4827639070927336 -1.4579411380176581 -1.4294540426273739 -1.4006047066449476 -1.3725539508387785 -1.3493018753294845 -1.3293677050744552 -1.307141758140321 -1.286411587980902 -1.2685898582772661 -1.2507952614056432 -1.2346590502320844 -1.2191762242793431 -1.2038824757750832 -1.1905519300635101 -1.1759499334870398 -1.1666284987391258 -1.1621337983086675 -1.1650345705277236 -1.172448641881162 -1.1794512848188536 -1.1897459325236521 -1.1982906646189297 -1.2052368671133717 -1.2160255724824183 -1.2272609158550198 -1.2384008589888418 -1.245584305664542 -1.2536122611767533 -1.2602796802875669 -1.256298259321429 -1.2834183725759587 -1.297567751413032 -1.3023969674704003 -1.3063410839368617 -1.3118533837069408 -1.3185835306248412 -1.3234943359010982 -1.326104695496281 -1.3336964237106226 -1.343204327168831 -1.3470993962195243 -1.3496093783596423 -1.3572928185467943 -1.3672325140665247 -1.3754920949807368 -1.3815694086029129 -1.3860164063336824 -1.3941466934855873 -1.4032682348602823 -1.4121033628386657 -1.4225500873787655 -1.4267742785518824 -1.4304299755847782 -1.4409490150136632 -1.4528452009751642 -1.4616179642693556 -1.4797664786131917 -1.4833084629904927 -1.4758182492084082 -1.481908618353461 -1.4972999036998764 -1.5087227340156102 -1.517337280803284 -1.5288838405696248 -1.5371742084797064 -1.4684833495875218 -1.43607798876244 -1.422248926135857 -1.4139096130571587 -1.408119714647312 -1.4037838631391324 -1.400383221867939 -1.3976298141861887 -1.393424335377231 -1.3835510616336233 -1.3784344415634102 -1.37737470389227 -1.377325541077789 -1.3775473648417718 -1.377954754636867 -1.3783835086839682 -1.3787638490522323 -1.3788787163041838 -1.3790893628354923 -1.3793621321941085 -1.379626846609363 -1.3797677588390158 -1.3798909466567368 -1.3800939112606148 -1.3802909359186446 -1.3807982457416583 -1.3810024002791388 -1.3812368318183428 -1.3814814033779679 -1.381414102127132 -1.381627372593745 -1.3816018070426705 -1.3818161751900855 -1.3817754434563903 
# Stellar luminosity-weighted [C/Fe]:
0 0.0 0.0 -0.030852418523449665 -0.03513766642007754 -0.07844602572122428 -0.08516561842697457 -0.09689880998614453 -0.7833123697836301 -1.1229849877863989 -1.238464945679117 -1.2664704379206724 -1.260044869317951 -1.2431675868293222 -1.2223965527087035 -1.1994091774251858 -1.173582976247404 -1.142888344762964 -1.1103009919960949 -1.078643792308553 -1.047247317738322 -1.01590672761467 -0.986554000886121 -0.9590578927955012 -0.9334758895465524 -0.895975733986761 -0.8338784211689847 -0.7604756681296553 -0.6904684853251047 -0.6290362388150985 -0.5760350169788537 -0.5300248073988498 -0.4896253757903792 -0.4532571946825938 -0.4177725694735984 -0.37934067439066477 -0.3394229150079209 -0.2999744008284716 -0.2623938378448071 -0.2299920973771712 -0.1989560782633918 -0.17142667779384047 -0.14610561779830045 -0.12204337724559988 -0.10049048552863515 -0.0793733588974066 -0.06065234044613521 -0.042547406896647266 -0.02351369640362455 -0.009831408433917166 0.006503606756268043 0.01866413614749618 0.031217222362478148 0.03920825959937557 0.0446596476163329 0.05373628555606358 0.05792729326581303 0.062099956955249724 0.07165320401993758 0.07438402540781874 0.0771756470420768 0.08572926101967848 0.09007190008901644 0.09194675418706644 0.098243617447207 0.10641740339049188 0.10611782432627037 0.10434779559489638 0.10737880574739345 0.10901506030475261 0.10332820769848561 0.09947449281895882 0.10087134839407352 0.10331368972768185 0.09645474483988137 0.09166258856383047 0.09212840097827102 0.09565847991695908 0.09402148153350587 0.08653437051003054 0.08177098161548546 0.08225095847694974 0.08582530802546695 0.0841608425377589 0.07582255689049755 0.06980529093439092 0.0692405342177882 0.07217074986893968 0.07618740244405164 0.06895348406624058 0.0593845279535411 0.05534808099294086 0.056259417109363885 0.059279974471243 0.06295533429226641 0.057613046691372904 0.0473797652371184 0.041577892574885644 0.040949437610540484 0.043269032416667574 0.047343644258341255 0.026207679676373385 0.013087776625157255 0.0058251740227468485 0.0004774973120751369 -0.003899918522069723 -0.007668245871345181 -0.01101346024743921 -0.014036282653850263 -0.01936888047701324 -0.03819598690647952 -0.05963661958798627 -0.0725744953252423 -0.08173390350200294 -0.0886637323841778 -0.09626069792084868 -0.10171217357984019 -0.10578028143917384 -0.10690085720226639 -0.10891444426836339 -0.11140024145168315 -0.11345623882729539 -0.11466074921290115 -0.115261600223032 -0.11707579479243468 -0.11884132984427487 -0.12177388031863046 -0.12359493987383041 -0.12501502158252298 -0.12593179939645205 -0.12641462071480525 -0.12765625412791204 -0.12760298220468136 -0.12869652430208423 -0.128703628231987 
# Stellar luminosity-weighted [N/O]:
0 0.0 1.1102230246251565e-16 -1.7803604583116717 -1.836742109953951 -1.5125304502473602 -0.9033265033139497 -0.3159058205960228 0.21602162849714035 0.6471353262267177 0.9438194613798649 1.0961492944105309 1.158911362307614 1.181788124018004 1.1948893369697298 1.209669071913185 1.2319860418239839 1.2678873004973834 1.3045744803325166 1.3394886596393 1.361547999028371 1.3678492248225287 1.3640202010320692 1.3562377201559488 1.3470603524967009 1.331293482024169 1.2991579891472045 1.2511885628973656 1.190755498200738 1.1194823831229213 1.0351820900423885 0.9350448875568881 0.8097864525916592 0.6400343494166136 0.40151113665238203 0.1262411634146785 -0.11028658334090113 -0.2608515579989379 -0.32731529066964704 -0.37643549679491684 -0.4075802210961361 -0.4286922424339139 -0.44625502547370033 -0.4611813666508282 -0.4754650176138404 -0.5155799793088134 -0.5022420273122745 -0.49810859408868025 -0.514318550551838 -0.5273769590333037 -0.5412827640701039 -0.5532301183038277 -0.558980321350435 -0.5559487789587969 -0.5554867723016308 -0.5507654096900652 -0.5547772161136013 -0.5545973226523251 -0.5418643007264181 -0.5404239770735599 -0.5414872314454366 -0.5368253899054776 -0.5330741066844404 -0.5283826888617196 -0.5217091634962441 -0.5192683850076989 -0.5350071537023957 -0.5181438779335861 -0.5099432154717294 -0.5146116206489246 -0.5175521890191892 -0.5183908627378762 -0.5203002128116028 -0.514386582056076 -0.5108744082906731 -0.5307806269306723 -0.5232673965785588 -0.5195979825938697 -0.5143108239810492 -0.5157203328818778 -0.5343226560029914 -0.5227917884703692 -0.5129508962886193 -0.5130085177295576 -0.5270614589615228 -0.521729597688386 -0.5144018754159818 -0.5113852148509566 -0.5273824999147307 -0.5192853645872513 -0.5185408388336181 -0.5199609767785127 -0.5118980945449667 -0.5361149767945532 -0.5122717428300421 -0.5038600027290734 -0.51744200876647 -0.5211446020955397 -0.5864538085330508 -0.5319623937702365 -0.49506485173668935 0.03616191299503346 0.19323054733820022 0.25824525988534697 0.2989001709781296 0.32850671685041344 0.35178688931113145 0.3709843863978352 0.38729877275720775 0.41401461687276114 0.49284005777122647 0.5637435457839739 0.600379027336085 0.6243291312814239 0.6414132275959405 0.6592925332378916 0.6715221785171939 0.6804887006354905 0.6829824776663524 0.6872125737961637 0.6923644661030125 0.6966626228564843 0.6993223510585881 0.7005599455060059 0.7042832349521385 0.7077414101519685 0.7135834816544727 0.7171257936458779 0.7199119357085171 0.721790397917266 0.722586404815746 0.724964834693236 0.724850533458415 0.7269254224063448 0.72692770338301 
# Stellar luminosity-weighted [C/O]:
0 0.0 0.0 -1.2096321227629059 -1.2126245404437044 -0.9099218578577057 -0.6987475778372905 -0.5716030776527585 -0.39970894628679565 -0.15914740455307258 0.04082982325369444 0.15283757646948948 0.2123466942549634 0.245985968804755 0.2700638778604496 0.2921746617593566 0.3159714249744663 0.3458937412739687 0.37253139922458 0.3990716619782807 0.4284484752581865 0.4592511820265761 0.48871531392940104 0.5166817563099315 0.542719212939332 0.5804023956561241 0.6423026149575299 0.7152762967201234 0.7845136575757361 0.845275134564778 0.8968909369138267 0.942388648612737 0.9823328510709005 1.0179230420513927 1.0523229148623634 1.0889666608665882 1.1266378810011815 1.1631884719464203 1.1981742301202483 1.2277529392467028 1.2564665587273258 1.2807070924918167 1.3030602282358958 1.3246900777261494 1.3438627736975943 1.3626303831875597 1.3790305517428463 1.394889938747299 1.4115751326177068 1.4234561619846993 1.436930235566876 1.447708226474445 1.458561680138735 1.4656446971358668 1.4703856645690292 1.4791874622385788 1.4820614085535622 1.4839372369716326 1.4944671543966837 1.4973288358662984 1.4996358431506012 1.5065506479115827 1.5098859117057335 1.5138020063651185 1.517530546628547 1.5236938403791473 1.5248555390798733 1.5227943125260055 1.5244418154628256 1.5264932866443126 1.5208051569510632 1.5169032026978997 1.5173815044056114 1.5190567783252573 1.5219100667371899 1.4998970369411888 1.5068321467361023 1.5120349005946416 1.5102328797338644 1.5033838870733531 1.4984749622860112 1.4984493204399607 1.5004531798027654 1.4986727111774396 1.4910883223960087 1.4864264971159646 1.4851218046666694 1.4881799412136687 1.4889054621994091 1.482578582361779 1.4748964110382192 1.4711907482326325 1.4708586075396535 1.4526768518334874 1.4744588489305748 1.4822943571686265 1.4696915747252188 1.4604608365092109 1.4573975838198505 1.457743078560314 1.4599446204111977 1.4452461689234222 1.435540177470278 1.4298958581474024 1.4256282552459447 1.422076974413353 1.4189851848785442 1.416217349175137 1.4136997789537797 1.4092254448776782 1.3931547997340148 1.3744700122357272 1.363042689466797 1.3548928370283857 1.3487044953107175 1.3418975343616473 1.336999271377553 1.3333364222644863 1.3323275796740812 1.3305104438060036 1.3282676516345908 1.3264102960534068 1.3253200873781508 1.3247766244872323 1.323134803998249 1.3215363812301049 1.318881135802889 1.317232717974541 1.3159423853064536 1.3151057261265904 1.3146754080982048 1.3135493018610012 1.3135986308419543 1.3126078820216094 1.3126016090819936 
# Stellar luminosity-weighted [O/Fe]:
0 0.0 -2.220446049250313e-16 1.178779704239456 1.1774868740236268 0.8314758321364812 0.613581959410316 0.4747042676666138 -0.3836034234968345 -0.9638375832333264 -1.2792947689328116 -1.4193080143901617 -1.4723915635729143 -1.4891535556340771 -1.4924604305691531 -1.4915838391845424 -1.4895544012218702 -1.488782086036933 -1.4828323912206747 -1.4777154542868338 -1.4756957929965084 -1.4751579096412462 -1.475269314815522 -1.4757396491054326 -1.4761951024858844 -1.476378129642885 -1.4761810361265144 -1.4757519648497786 -1.4749821429008407 -1.4743113733798765 -1.4729259538926804 -1.4724134560115867 -1.4719582268612796 -1.4711802367339863 -1.4700954843359617 -1.468307335257253 -1.466060796009102 -1.4631628727748918 -1.4605680679650552 -1.457745036623874 -1.455422636990718 -1.452133770285657 -1.4491658460341963 -1.4467334549717494 -1.4443532592262296 -1.4420037420849665 -1.4396828921889815 -1.4374373456439462 -1.4350888290213313 -1.433287570418616 -1.430426628810608 -1.429044090326949 -1.427344457776257 -1.4264364375364909 -1.4257260169526964 -1.425451176682515 -1.4241341152877491 -1.421837280016383 -1.422813950376746 -1.4229448104584799 -1.4224601961085244 -1.4208213868919042 -1.419814011616717 -1.421855252178052 -1.41928692918134 -1.4172764369886555 -1.4187377147536029 -1.4184465169311091 -1.4170630097154322 -1.4174782263395602 -1.4174769492525776 -1.4174287098789409 -1.4165101560115378 -1.4157430885975755 -1.4254553218973085 -1.4082344483773581 -1.4147037457578313 -1.4163764206776828 -1.4162113982003584 -1.4168495165633226 -1.4167039806705257 -1.4161983619630107 -1.4146278717772987 -1.4145118686396807 -1.415265765505511 -1.4166212061815737 -1.4158812704488812 -1.4160091913447288 -1.4127180597553572 -1.4136250982955385 -1.4155118830846782 -1.4158426672396918 -1.4145991904302897 -1.3933968773622443 -1.4115035146383081 -1.4246813104772538 -1.4223118094881004 -1.4188829439343251 -1.4164481462093101 -1.4144740461436465 -1.4126009761528564 -1.419038489247049 -1.4224524008451207 -1.4240706841246555 -1.4251507579338696 -1.4259768929354228 -1.4266534307498893 -1.4272308094225763 -1.42773606160763 -1.4285943253546916 -1.4313507866404942 -1.4341066318237137 -1.4356171847920396 -1.4366267405303887 -1.4373682276948954 -1.4381582322824962 -1.4387114449573928 -1.43911670370366 -1.4392284368763477 -1.4394248880743667 -1.439667893086274 -1.439866534880702 -1.4399808365910518 -1.4400382247102643 -1.4402105987906835 -1.4403777110743796 -1.4406550161215192 -1.4408276578483714 -1.4409574068889768 -1.4410375255230423 -1.4410900288130102 -1.4412055559889132 -1.4412016130466359 -1.4413044063236937 -1.4413052373139805 
# Stellar luminosity-weighted [Ca/Fe]:
0 0.0 0.0 0.6755579016584744 0.6749387153102926 0.41657111979970773 0.2842878308515058 0.21041259234794674 -0.09380773130014863 -0.15084286164076244 -0.1623631613405192 -0.1654816558769936 -0.16657328666463678 -0.16686195343969423 -0.16696991568707942 -0.16699015112629745 -0.16698840657903946 -0.16702980899530528 -0.16704269008124695 -0.16715008038078727 -0.16690869971809597 -0.16696379419246243 -0.1669867076879521 -0.1669946498451318 -0.16697670914423335 -0.16706173969491434 -0.16598992640797605 -0.16691312747677567 -0.1675173013031348 -0.16741993495942764 -0.16714594285087703 -0.16696364452654455 -0.1669721116872218 -0.16719650929784002 -0.16687334921519814 -0.16694043814249238 -0.1667059254137 -0.16603430101630745 -0.16496854254777937 -0.16738613593597895 -0.1686988949259216 -0.16829011682913841 -0.1672478826655741 -0.16682396826736312 -0.1664658790683946 -0.16700710868032953 -0.16677831463320558 -0.16720025202941313 -0.16744396766684555 -0.1671530978509097 -0.1670383338783965 -0.1671154917758675 -0.16700706348250804 -0.16704573963487657 -0.16701700057358204 -0.16707709224604694 -0.16696144022465997 -0.1670039708251625 -0.16702113832526422 -0.16693806476950646 -0.167131491141989 -0.16701277929185632 -0.1666955382970543 -0.16668842762015346 -0.1667297880753389 -0.16687260723219732 -0.16665008923190405 -0.16706972878139514 -0.167102964492156 -0.1671064723529465 -0.16735702231630478 -0.1671631844386674 -0.1670591694824104 -0.16945430819797735 -0.16752650673941627 -0.1656827048841365 -0.16576140451653987 -0.16628470444107912 -0.16675075773112602 -0.1669224199499626 -0.166942190075543 -0.166955938803937 -0.16643837002574036 -0.16679753479785653 -0.16458613721700033 -0.16677309451026923 -0.16870376819150423 -0.1681695851277223 -0.16782562077138818 -0.16720554145744715 -0.16678359485492766 -0.1668108435955522 -0.1671564655711728 -0.16612150810503845 -0.1664424436261649 -0.1671490944094951 -0.1673153282538722 -0.16725855175215498 -0.16717923206279428 -0.16711414482779374 -0.16790239379048333 -0.16736877468067957 -0.16716809423055912 -0.16710394217338642 -0.16707200220595664 -0.16705261651399828 -0.1670394595612914 -0.16702984929635933 -0.16702249255724322 -0.16701190700959678 -0.16698859503858388 -0.1669740404765132 -0.16696776342400388 -0.1669638150181909 -0.16696103198477585 -0.16695808640583887 -0.1669559936165752 -0.16695452118910925 -0.16695414707180878 -0.1669534065403202 -0.16695254192259523 -0.1669518372839136 -0.166951381286095 -0.1669511819505709 -0.16695055903730216 -0.16694990302594315 -0.16694902521693367 -0.16694839119038907 -0.1669479198796726 -0.16694761565723226 -0.16694752135732438 -0.16694719915080802 -0.16694721099658483 -0.16694698462983437 -0.1669469415939222 
# Stellar luminosity-weighted [Ne/Fe]:
0 -1.6653345369377348e-16 -1.6653345369377348e-16 1.0315047096934093 1.0318975013696836 0.7476508254326999 0.5595647277803476 0.4232227288802656 -0.4603545356554556 -1.1305991311897037 -1.6170733796402532 -1.9745481855244544 -2.193832937981106 -2.3132000065059932 -2.357512017568124 -2.3670232828181916 -2.367444748118456 -2.364872221089989 -2.3596871467627345 -2.3554398754516157 -2.3529483676429046 -2.350088904643835 -2.348520315717203 -2.34796230925388 -2.347297730930709 -2.3455200827419542 -2.3431633961227307 -2.344791231596622 -2.3401219432526474 -2.3419564100458032 -2.330417747603221 -2.32114590762441 -2.3217699238807126 -2.3230628472735804 -2.3113095069648777 -2.301043622048705 -2.2875108108251925 -2.2664355374591683 -2.242660563393332 -2.221347621506066 -2.1939538459052557 -2.1769071126845523 -2.1710020787346256 -2.157663699887239 -2.139481636989342 -2.1212234829851457 -2.1064611540855958 -2.0978813812727233 -2.0847829926594805 -2.0721043460694526 -2.0590522190847347 -2.048714849339237 -2.0392114276502973 -2.0308159026298895 -2.034214036705498 -2.0251697358222476 -2.0114248525322056 -2.012211950295282 -2.0070104205412402 -1.9477455176671343 -2.0021748407178483 -2.0288812726064083 -2.014822560611462 -1.9962728362643778 -1.9868685068938385 -1.9771809617042593 -1.9803819357776766 -1.9756396446753288 -1.9798515995621002 -1.9812966522007731 -1.987778199034612 -1.9915623059645011 -1.994378594800035 -1.9938311534588622 -2.001609244760963 -2.00727915924793 -2.013671859065253 -2.0144766739761346 -2.023733126538014 -2.0232261406131884 -2.027633714657973 -2.028875336670465 -2.0345684856066466 -2.038197341121098 -2.0632250354290456 -2.0572693166365017 -2.0418539100852966 -2.0464213685432933 -2.0649599950099473 -2.069180127918349 -2.0821839272333227 -2.081776825760447 -2.088964251605507 -2.0894284674069983 -2.0941759099079773 -2.0994068597873827 -2.10975640393193 -2.1247799410078323 -2.1171992827265997 -2.10814874936091 -2.11768254766344 -2.1041290180861667 -2.0981068223560237 -2.095994293610628 -2.095035488193223 -2.0946018404937616 -2.0944553654079723 -2.0944854341875905 -2.09462809849095 -2.0951172772894706 -2.09862048717825 -2.1046404933685867 -2.1088225336396853 -2.111912067157767 -2.114305264224154 -2.1169378820396654 -2.1188370429534027 -2.1202602776474873 -2.1206668312153854 -2.1213617627870853 -2.1222361137917716 -2.1229729476210952 -2.1233798483411013 -2.1236065357264997 -2.124229155796696 -2.124837283694599 -2.1259226401601405 -2.126554190537113 -2.127054495809748 -2.127387558793952 -2.1275498238248334 -2.128006336140318 -2.1279850823009734 -2.1284068418091144 -2.1283912928756017 
# Stellar luminosity-weighted [Si/Fe]:
0 8.673617379884035e-18 8.673617379884035e-18 0.98361527629595 0.984322873211394 0.7140100120653865 0.5730927403670638 0.4885837393612349 -0.036678103790997674 -0.18711360159191603 -0.22271147401007133 -0.232698425652009 -0.23586733558763182 -0.2368056632113635 -0.23705821265690905 -0.23709967219050818 -0.23710040123358508 -0.23710556916020756 -0.23712028203951072 -0.2370692501674032 -0.23705460005311893 -0.23704856418535822 -0.2370335370151162 -0.23708735776778658 -0.23708132610194432 -0.23706177755668156 -0.23706222479251898 -0.23705383255153006 -0.2370323473429546 -0.23706671813171568 -0.23705117565240572 -0.23704788136019733 -0.23705132964048248 -0.23702827747962021 -0.23702359463829115 -0.2370271766089583 -0.23696239107254313 -0.23693413563573112 -0.23724932700579096 -0.2369726461369485 -0.2368354885861151 -0.23676315806313203 -0.2367731900650299 -0.23682772146787534 -0.2361274345328843 -0.2368927350694013 -0.23716803578933637 -0.23689598544990087 -0.23676770685522305 -0.23679341371437235 -0.23672184476598093 -0.23670637871147757 -0.23666939971564527 -0.2366506945713715 -0.23676472379644878 -0.23731892871991028 -0.23681602587422762 -0.2365075495407437 -0.23654060147274514 -0.23675616446313813 -0.2368720658482955 -0.23683110615451897 -0.2370754079477898 -0.23704792624708357 -0.23688681121219193 -0.2366181467560497 -0.23690748185719107 -0.2370987465169071 -0.2370594493970687 -0.23724710341451666 -0.23721606658431546 -0.236912472746985 -0.2368079298850671 -0.23688398745905645 -0.23694774725791737 -0.23699249407312278 -0.2369917741817166 -0.23697865648168737 -0.23697677609708837 -0.23704936663168366 -0.23704448481920853 -0.23702319187908905 -0.236958101421668 -0.23695018365398765 -0.2371088888522764 -0.23706717489412632 -0.23700946195869332 -0.23704812739833325 -0.23698095792556248 -0.2370377892908396 -0.2369655900464702 -0.23693872280492145 -0.23776148922752072 -0.2371360819898036 -0.23677912857796696 -0.23698345216495004 -0.2368598265474854 -0.2371514915775719 -0.23715638889321117 -0.23705305488188563 -0.23713974566129914 -0.23704337008765586 -0.23699640621128593 -0.236975719301572 -0.23696260607624148 -0.2369529685504509 -0.23694531617450318 -0.2369389641509202 -0.23693353846009285 -0.2369245846756948 -0.23689736427991903 -0.23687157591588442 -0.23685757112920766 -0.23684803584792755 -0.23684117941151422 -0.23683374463605317 -0.23682851922740947 -0.23682471701975594 -0.23682382625443107 -0.23682181602031196 -0.23681951855404923 -0.23681775205426134 -0.2368166138344032 -0.2368161862403257 -0.23681444484463018 -0.23681272587277125 -0.23681050935760317 -0.23680889658124935 -0.23680762302874256 -0.2368068629579888 -0.23680650939506723 -0.23680559382813526 -0.23680564746602112 -0.23680499626354598 -0.23680488562166013 
# Stellar luminosity-weighted [S/Fe]:
0 0.0 1.1102230246251565e-16 0.9069177530263511 0.9079548393958754 0.6546711777040743 0.5224039623326252 0.44071821691233676 -0.06324599187256058 -0.20167372021135055 -0.23383375536183948 -0.24282696679147997 -0.24570337904793527 -0.24654137637970297 -0.24675571890440307 -0.24678898722458442 -0.2468013240864837 -0.2467825571905029 -0.2467350774264636 -0.2467373810261807 -0.24677295370576524 -0.24676189035774754 -0.24673878959063034 -0.24672101941746116 -0.24672970555878926 -0.24672504695863384 -0.24689287184572684 -0.24673225298682644 -0.246582768930946 -0.2466364708019706 -0.24594431557722574 -0.24665606100267312 -0.247081535544447 -0.24694726784613363 -0.2468191901415444 -0.2466787323762546 -0.24669636019318975 -0.24666151202278042 -0.24695053604936845 -0.2466919449361037 -0.24656996779550355 -0.2467458202939472 -0.24650946030791898 -0.2465512157810451 -0.24620074325027197 -0.2464922743691007 -0.24682173052393241 -0.2468512981230797 -0.24673643526121414 -0.24666016080333197 -0.24651912808558774 -0.24661278689511745 -0.24659921954799013 -0.24650700392185998 -0.24658018004738513 -0.2468626430350831 -0.2468143118683933 -0.24644512201685165 -0.24711305826069796 -0.2465394523678086 -0.24616198043612836 -0.24682268211122926 -0.24655317822299228 -0.246459590055233 -0.24614650679774974 -0.24619272101432121 -0.24639664015911567 -0.24669788202691056 -0.24687334437929798 -0.24684050256499024 -0.24668886221511066 -0.24672226912447293 -0.24638688096310501 -0.2463024360948145 -0.24641591272882202 -0.24648753021394465 -0.24653058612731193 -0.2465367101134801 -0.24651128121235744 -0.24646476734769207 -0.24649617799838064 -0.24657288040307968 -0.24654571379669132 -0.22725037526997038 -0.2640557482805995 -0.24906113636047267 -0.2472371299647651 -0.24664855799027485 -0.24628449203756897 -0.24668596218683592 -0.24698551510849864 -0.24689598962455295 -0.2463047774428202 -0.24616297320781744 -0.2462528851554442 -0.2463097232461119 -0.24630445181540916 -0.24641661281417082 -0.24656474547871343 -0.24646582670439843 -0.2466078627797338 -0.2465267682192661 -0.2464980985511479 -0.2464896178825734 -0.24648529813704456 -0.24648252849851626 -0.2464803689859738 -0.24647860177184688 -0.2464770528561815 -0.24647439937355475 -0.2464649953477931 -0.24645360402687966 -0.24644589806255657 -0.24643951394912877 -0.24643585833837567 -0.2464323132752153 -0.2464298363430797 -0.24642796348919993 -0.24642729706017352 -0.24642643747508874 -0.24642497472462 -0.24642409993698455 -0.24642363228904618 -0.2464235288423965 -0.2464225976130271 -0.24642155221678808 -0.24641963892312702 -0.2464194163815594 -0.24641849415844286 -0.24641760547098457 -0.24641748250228002 -0.24641667528957267 -0.2464165956147133 -0.24641619555458827 -0.24641571871689438 
# Stellar luminosity-weighted [C/H]:
0 -5.218485947384705 -6.507365296563435 -5.770486225981768 -3.826604607218287 -2.975756819515535 -2.4353119770660596 -2.0826213094410946 -1.730538815348095 -1.2809792901348782 -0.7992805242707695 -0.3795252544587786 -0.11522801121860748 -0.004047617305354745 0.03430196923878359 0.05103611453372592 0.06535685097560062 0.08452068980685645 0.10662829154555498 0.12866675567563401 0.15103095773010322 0.17333119354740578 0.1943911551314761 0.21371420175009215 0.23125802530605855 0.2611180953311192 0.31709526982404235 0.38492354561327424 0.44941666776561817 0.505627043397403 0.5537932132615726 0.5952622884904688 0.6313141142509999 0.6631075812237754 0.6939671792383781 0.7299089213164334 0.7693887727930742 0.8076965244173393 0.8436280273664223 0.8761881729965206 0.9059473992266209 0.9330483400213301 0.9579997195155547 0.9810290298542252 1.002475701130308 1.0224303299674298 1.0407542218558334 1.0581758789678997 1.0762054115603346 1.0901522646635553 1.1039493438276602 1.1175234727983678 1.129113230868254 1.1364740258350374 1.1426068018480064 1.1483518580627239 1.153940800358059 1.159338384077457 1.1642657638135177 1.1691214139141608 1.1737772326508114 1.1783454945929246 1.182849962513814 1.18719889281016 1.191376061349625 1.1953083178540975 1.1979278804987268 1.1974193234479706 1.1956539106688875 1.1928246574529853 1.1895162456933916 1.1860721756743562 1.1824203943602973 1.1783432895352002 1.1745655112693938 1.172413414885233 1.16948071453728 1.16571905959547 1.162176358413284 1.158659114965177 1.1549259962856175 1.1510725007024032 1.1470456425889313 1.1434293786371694 1.1400617800984607 1.1365725659481645 1.1325625282558098 1.1288128136035058 1.1250255926948571 1.1217341358558133 1.118578505511679 1.114930832989037 1.1112110186744837 1.1076399998881565 1.104020535268397 1.1006597376428915 1.097608631086611 1.0944224198237902 1.0909586698285865 1.087246802993556 1.0842264716994978 1.0776101679347536 1.0716266551879863 1.0673968331186923 1.063888901509015 1.060803794865568 1.0580185048846102 1.05545862304766 1.0530819786624326 1.0487613345762083 1.0324682120404756 1.0125354381355303 0.9999771594189859 0.9909107499287537 0.9839983088646438 0.9763475041848508 0.9708470105346065 0.966734026305621 0.9656243668039783 0.9635621415975506 0.9610589918215284 0.958951568886059 0.9577651482011418 0.9571398914872518 0.9553359081685895 0.9534838999537745 0.9505945907356881 0.9487477731907368 0.9472714418878887 0.9463245323486076 0.9459410739882057 0.9447150399227295 0.9447929576491374 0.943786229603325 0.9437491299310978 
# Stellar luminosity-weighted [N/H]:
0 -5.218485947384705 -6.507365296563435 -6.341214561530533 -4.450722176728533 -3.578365411905189 -2.63989090254272 -1.82692405238436 -1.1148082405641588 -0.47469655935508825 0.10370911385540094 0.5637864634822631 0.8313366568340426 0.931754537907894 0.9591274283480637 0.9685305246875542 0.9813714678251184 1.0065142490302712 1.0386713726534915 1.0690837533366535 1.0841304815002881 1.0819292363433588 1.0696960422341446 1.0532701655961096 1.0355991648634268 1.012009181699164 0.9739506440137169 0.920835811790516 0.8556585083906203 0.7798342919555461 0.6920843663901346 0.5879185274346197 0.4587677157717587 0.285218888588997 0.04315540102839677 -0.2328165761354768 -0.4675356915490081 -0.6163435055280191 -0.6818614934234724 -0.7280002630450992 -0.7580993805968408 -0.7763509949044005 -0.7913155341940419 -0.804842414522752 -0.8168520901811265 -0.8557800325289442 -0.8405183571992874 -0.8348226538680796 -0.8496882716092102 -0.8606808563544472 -0.8742636558093198 -0.8834148719799044 -0.8884287706209157 -0.8851194502596256 -0.8832656350226529 -0.8816010138659198 -0.8828978243091052 -0.8791961755465012 -0.8720656913095848 -0.8686313990256975 -0.8673458419452267 -0.865030543224135 -0.8601100558763592 -0.8549858024166781 -0.8478636487751663 -0.8476539075327478 -0.8619348122835424 -0.8435188670116212 -0.8387311202656678 -0.8482802498402515 -0.8488411002768599 -0.8492218897614192 -0.8552613228569168 -0.8551000708461327 -0.8582189637584694 -0.8582642489866279 -0.8606188287773806 -0.8659138235930417 -0.8623673453016298 -0.8604451049900534 -0.8778716220033846 -0.8701686082079263 -0.8663584335024526 -0.8682518502698278 -0.8780880012590702 -0.8715835288561866 -0.8669611518268416 -0.8707523424611194 -0.8912623694192829 -0.8801298110932168 -0.8748587443601581 -0.8762208920221077 -0.8715456834101367 -0.8811518287398838 -0.8827100564922192 -0.885494622254809 -0.8895249524050781 -0.8871830187809602 -0.9528927225243153 -0.902458669336994 -0.8707830004483892 -0.33147408799363554 -0.1706829749440919 -0.10425376514336371 -0.0628391827588004 -0.0327664626973716 -0.009179790682802391 0.01022566027035765 0.026680972465860542 0.05355050657129112 0.13215347007768674 0.2018089716837772 0.237313497288274 0.2603470441817919 0.27670704114986666 0.2937425030610954 0.3053699176742479 0.3138863046766249 0.3162792647962491 0.32026427158771087 0.32515580628995 0.3292038956891372 0.3317674118815792 0.3329232125060253 0.336484339122479 0.3396889288756384 0.345296936587272 0.3486408488620736 0.3512409922899522 0.3530092041392834 0.35385207070574687 0.3561305727549642 0.3560448602655981 0.3581037699880607 0.3580752242321146 
# Stellar luminosity-weighted [O/H]:
0 -5.218485947384705 -6.507365296563435 -4.560854103218863 -2.613980066774583 -2.0658349616578295 -1.7365643992287696 -1.511018231788337 -1.3308298690612999 -1.1218318855818055 -0.8401103475244645 -0.5323628309282675 -0.32757470547357137 -0.2500335861101095 -0.23576190862166602 -0.24113854722563044 -0.250614573998865 -0.2613730514671122 -0.2659031076790255 -0.27040490630264635 -0.2774175175280833 -0.28591998847917033 -0.2943241587979246 -0.30296755455983915 -0.31146118763327424 -0.319284300325005 -0.32520734513348737 -0.33035275110684914 -0.3350969898101175 -0.3396480911673745 -0.3430977236522539 -0.3471263601222687 -0.35101873681990003 -0.3548154608276173 -0.3583557356239857 -0.35905773955015485 -0.3572491082081073 -0.3554919475290812 -0.35454620275382576 -0.3515647662501826 -0.35051915950070534 -0.3476587524704864 -0.34506050872034066 -0.34366104787192375 -0.3413870725672865 -0.3402000532201299 -0.33827632988701284 -0.3367140597793994 -0.3353697210573716 -0.33330389732114307 -0.33298089173921586 -0.33018475367607714 -0.32944844927048056 -0.3291706713008291 -0.3277788627210221 -0.33083560417585467 -0.32812060819550304 -0.32459885289417567 -0.330201390583166 -0.32820742195213803 -0.3258586104997896 -0.32820515331865785 -0.32703594919191925 -0.3266031135549583 -0.3261544852789213 -0.3283855225250494 -0.3269276585811469 -0.32537498907803464 -0.32878790479393816 -0.3336686291913278 -0.3312889112576718 -0.3308310270235433 -0.33496111004531404 -0.34071348879005736 -0.34734455546779586 -0.32748362205595516 -0.337351432198822 -0.3463158409991718 -0.3480565213205802 -0.34472477210817587 -0.3435489660003932 -0.3473768197375575 -0.35340753721383367 -0.3552433325402702 -0.35102654229754826 -0.34985393116780017 -0.3525592764108598 -0.35936712761016265 -0.36387986950455176 -0.3608444465059657 -0.3563179055265402 -0.35625991524359524 -0.3596475888651698 -0.3450368519453306 -0.37043831366217805 -0.3816346195257352 -0.37208294363860794 -0.36603841668542003 -0.36643891399126405 -0.37049627556675757 -0.37571814871169984 -0.36763600098866833 -0.36391352228229223 -0.36249902502871034 -0.36173935373693 -0.36127317954778526 -0.3609666799939335 -0.3607587261274774 -0.3606178002913465 -0.3604641103014705 -0.3606865876935399 -0.36193457410019647 -0.36306553004781117 -0.363982087099632 -0.3647061864460741 -0.36555003017679644 -0.3661522608429464 -0.3666023959588651 -0.36670321287010266 -0.3669483022084523 -0.3672086598130626 -0.36745872716734773 -0.36755493917700877 -0.36763673299998034 -0.36779889582965897 -0.36805248127633083 -0.3682865450672006 -0.36848494478380456 -0.3686709434185653 -0.3687811937779828 -0.36873433410999956 -0.3688342619382716 -0.36880567319281665 -0.3688216524182839 -0.36885247915089536 
# Stellar luminosity-weighted [Mg/H]:
0 -5.218485947384705 -6.507365296563435 -4.783004941683817 -2.834916067753311 -2.229405352981189 -1.8465132543561458 -1.5852820461960553 -1.38618873487259 -1.1775919591470894 -0.9091647382818708 -0.6124517987206044 -0.41686624537942585 -0.35044186486945605 -0.3459350940204189 -0.3578697141214624 -0.3686843120001946 -0.37197571107818295 -0.36845274965424846 -0.3624557672715323 -0.3600722937620846 -0.36379357904944865 -0.370151293210923 -0.3770564051476111 -0.3843792626660951 -0.3906281732435506 -0.39375769818730166 -0.39451403925261985 -0.394746619305983 -0.3941658430826518 -0.3958444149769269 -0.3951603574194342 -0.39241045876717795 -0.3920786932601015 -0.3882746679760709 -0.37351431138563473 -0.34912945021666353 -0.32178311738156307 -0.2945828414337184 -0.2663736804650867 -0.24439839783947104 -0.22489268725928468 -0.2030364208264661 -0.18333918088107648 -0.1656236716183228 -0.1489915725408073 -0.13325248793011557 -0.1184529384147961 -0.10416336781112356 -0.0905682569660371 -0.07850419641564788 -0.06776916208825412 -0.06423778980289185 -0.06776880429206233 -0.0745014876494885 -0.08483571231219322 -0.0937324254314067 -0.10105223749672199 -0.11262430731979212 -0.12128818397607599 -0.13065933024628595 -0.14578462541559567 -0.1528062432397439 -0.15836012255365972 -0.16714723638514872 -0.16740734485782305 -0.19160831640350207 -0.204496223559957 -0.21412186254890653 -0.222531486788629 -0.22566534571203523 -0.23198584776944386 -0.24194528993487463 -0.25107509568876285 -0.2555856572811104 -0.26245350084742824 -0.2697470826605146 -0.27954879868113114 -0.28913794166701656 -0.29510776961137886 -0.3023370803106049 -0.3127478663774603 -0.3247960717702174 -0.33487815738617677 -0.33902901165231913 -0.3453360878248919 -0.3592280933407439 -0.37013221481731673 -0.3815917853339723 -0.3881683632240902 -0.3936512234170264 -0.4020352122732591 -0.4248148770480711 -0.4349484375735795 -0.43475304823227745 -0.43886192740194296 -0.4470710378503835 -0.4558782067667053 -0.46732804858523824 -0.48490606999273655 -0.5002913810385499 -0.4170808613291417 -0.3775391101996117 -0.3606772670399119 -0.3504982088602189 -0.34341600125967453 -0.33809711238317686 -0.33391113857283994 -0.33051155286990586 -0.32529412032400984 -0.31288686268666854 -0.30626238383989346 -0.3048230491480419 -0.3046808876470317 -0.3048853235929503 -0.3053465525311676 -0.3058243245695218 -0.3062495413074373 -0.30635349229793896 -0.3066127769695788 -0.30690289892089684 -0.3072190388960081 -0.30734186142497233 -0.3074894549464533 -0.3076822082995907 -0.30796570612059604 -0.30842977468733945 -0.30865968721457193 -0.3089503683479311 -0.309225071632909 -0.3090584074241214 -0.3092560785431031 -0.3092058671888518 -0.3093334212846761 -0.30932268529330553 
# Stellar luminosity-weighted [Fe/H]:
0 -5.218485947384705 -6.507365296563435 -5.739633807458318 -3.791466940798209 -2.8973107937943103 -2.350146358639085 -1.9857224994549503 -0.947226445564465 -0.1579943023484791 0.43918442140834735 0.8869451834618935 1.1448168580993432 1.2391199695239674 1.256698521947487 1.2504452919589117 1.238939827223005 1.2274090345698205 1.2169292835416496 1.2073105479841875 1.1982782754684251 1.1892379211620763 1.1809451560175974 1.1727720945455933 1.1647339148526106 1.1570938293178803 1.1509736909930268 1.145399213742929 1.1398851530907232 1.1346632822125016 1.1298282302404266 1.1252870958893184 1.120939490041379 1.1163647759063693 1.1117397487119764 1.109249595707098 1.108811687800995 1.1076709252458108 1.1060218652112295 1.1061802703736916 1.1049034774900126 1.1044750178151705 1.1041053373138556 1.103072407099825 1.1029661866589429 1.1018036888648362 1.1014065623019689 1.1007232858645466 1.099719107963959 1.0999836730974728 1.0974457370713924 1.0988593366508717 1.097896008505776 1.0972657662356617 1.097947154231674 1.09461557250666 1.096013507092246 1.0972384271222078 1.0926125597935799 1.094737388506342 1.0966015856087346 1.092616233573246 1.0927780624247978 1.0952521386230933 1.0931324439024181 1.0888909144636059 1.0918100561724562 1.0930715278530738 1.088275104921494 1.0838095971482327 1.0861880379949063 1.0865976828553974 1.0815490459662236 1.075029599807518 1.0781107664295124 1.0807508263214025 1.0773523135590093 1.0700605796785112 1.068154876879778 1.0721247444551465 1.0731550146701325 1.0688215422254532 1.061220334563465 1.059268536099411 1.064239223207963 1.066767275013774 1.063321994038021 1.0566420637345662 1.0488381902508057 1.0527806517895728 1.059193977558138 1.0595827519960963 1.05495160156512 1.0483600254169136 1.0410652009761305 1.0430466909515186 1.0502288658494932 1.0528445272489044 1.0500092322180459 1.0439777705768885 1.0368828274411563 1.0514024882583803 1.0585388785628287 1.0615716590959452 1.0634114041969394 1.0647037133876376 1.0656867507559555 1.066472083295099 1.067118261316283 1.0681302150532215 1.0706641989469547 1.0721720577235168 1.0725516547442284 1.072644653430757 1.0726620412488215 1.0726082021056995 1.0725591841144464 1.072514307744795 1.0725252240062448 1.0724765858659144 1.0724592332732112 1.0724078077133545 1.072425897414043 1.0724014917102838 1.0724117029610243 1.0723252297980492 1.0723684710543187 1.0723427130645673 1.072286463470412 1.0722563317450593 1.072355694703011 1.0723712940506416 1.072395939853819 1.0724827539054091 1.072452758163085 
# Stellar luminosity-weighted [Ca/H]:
0 -5.218485947384705 -6.507365296563435 -5.064075905799845 -3.116528225487917 -2.480739673994602 -2.0658585277875794 -1.7753099071070046 -1.0410341768646143 -0.3088371639892413 0.2768212600678277 0.7214635275849002 0.9782435714347066 1.0722580160842732 1.0897286062604072 1.0834551408326138 1.0719514206439653 1.0603792255745157 1.0498865934604025 1.0401604676034006 1.031369575750329 1.0222741269696138 1.013958448329645 1.0057774447004615 0.9977572057083774 0.9900320896229662 0.984983764585051 0.9784860862661544 0.9723678517875882 0.9672433472530741 0.9626822873895495 0.9583234513627739 0.9539673783541573 0.9491682666085293 0.9448663994967781 0.9423091575646056 0.9421057623872953 0.9416366242295036 0.9410533226634499 0.9387941344377131 0.9362045825640912 0.9361849009860324 0.9368574546482815 0.9362484388324619 0.9365003075905491 0.9347965801845071 0.9346282476687637 0.933523033835133 0.9322751402971132 0.9328305752465624 0.9304074031929952 0.9317438448750037 0.930888945023268 0.930220026600785 0.9309301536580916 0.9275384802606128 0.9290520668675857 0.930234456297045 0.9255914214683161 0.9277993237368358 0.9294700944667458 0.9256034542813891 0.926082524127744 0.9285637110029397 0.9264026558270793 0.9220183072314088 0.9251599669405515 0.9260017990716793 0.9211721404293387 0.9167031247952862 0.9188310156786006 0.91943449841673 0.9144898764838141 0.9055752916095408 0.9105842596900962 0.9150681214372662 0.9115909090424692 0.9037758752374323 0.9014041191486521 0.9052023245051837 0.90621282459459 0.9018656034215162 0.8947819645377244 0.892471001301554 0.8996530859909626 0.8999941805035041 0.894618225846517 0.8884724786068441 0.8810125694794175 0.885575110332125 0.8924103827032104 0.8927719084005439 0.8877951359939464 0.8822385173118752 0.8746227573499654 0.875897596542023 0.8829135375956199 0.8855859754967499 0.8828300001552511 0.8768636257490945 0.8689804336506732 0.8840337135777006 0.8913707843322696 0.8944677169225592 0.8963394019909829 0.8976510968736395 0.8986472911946635 0.89944223399874 0.9000957687590398 0.9011183080436247 0.9036756039083711 0.9051980172470033 0.9055838913202248 0.9056808384125654 0.9057010092640452 0.9056501156998609 0.905603190497871 0.9055597865556857 0.9055710769344367 0.9055231793255931 0.9055066913506167 0.9054559704294416 0.9054745161279483 0.9054503097597131 0.9054611439237226 0.9053753267721065 0.905419445837385 0.9053943218741782 0.9053385435907391 0.905308716087827 0.9054081733456867 0.9054240948998338 0.9054487288572339 0.9055357692755752 0.9055058165691632 
# Stellar luminosity-weighted [Ne/H]:
0 -5.218485947384705 -6.507365296563435 -4.708129097764909 -2.7595694394285255 -2.14965996836161 -1.7905816308587381 -1.5624997705746848 -1.4075809812199207 -1.288593433538182 -1.1778889582319056 -1.0876030020625604 -1.0490160798817625 -1.0740800369820258 -1.1008134956206375 -1.1165779908592803 -1.128504920895451 -1.1374631865201685 -1.1427578632210853 -1.1481293274674282 -1.15467009217448 -1.1608509834817582 -1.1675751596996058 -1.1751902147082864 -1.1825638160780985 -1.1884262534240744 -1.192189705129703 -1.1993920178536932 -1.2002367901619238 -1.2072931278333012 -1.2005895173627943 -1.195858811735091 -1.2008304338393332 -1.206698071367211 -1.1995697582529008 -1.191794026341607 -1.1786991230241979 -1.158764612213357 -1.1366386981821028 -1.1151673511323734 -1.0890503684152426 -1.0724320948693817 -1.06689674142077 -1.0545912927874141 -1.0365154503303993 -1.0194197941203091 -1.0050545917836269 -0.9971580954081771 -0.9850638846955215 -0.9721206729719807 -0.9616064820133428 -0.949855512688365 -0.9413154191445203 -0.9335501363942287 -0.9362668824738245 -0.9305541633155876 -0.91541134543996 -0.9149735231730753 -0.9143978607476608 -0.8530081291607923 -0.9055732551091138 -0.9362650390331622 -0.922044498186664 -0.9010206976412842 -0.8937360629914197 -0.8882900472406527 -0.8885718796052204 -0.882568116822255 -0.8915764946406055 -0.8974870550525402 -0.9015901610397057 -0.9049646231091035 -0.9128295488338107 -0.9188015536513445 -0.9234984783314504 -0.9265283329265275 -0.9363195455062447 -0.9444160942976234 -0.9555782496582355 -0.9511013961580419 -0.954478699987841 -0.9600537944450123 -0.9733481510431812 -0.9789288050216864 -0.9989858122210817 -0.9905020416227286 -0.9785319160472747 -0.9897793048087271 -1.016121804759142 -1.0163994761287762 -1.0229899496751855 -1.022194073764351 -1.0340126500403866 -1.0410684419900846 -1.0531107089318468 -1.056360168835865 -1.0595275380824374 -1.0719354137589283 -1.0671900505085539 -1.0641709787840217 -1.0807997202222843 -1.0527265298277868 -1.0395679437931946 -1.0344226345146827 -1.0316240839962836 -1.029898127106124 -1.0287686146520167 -1.0280133508924916 -1.0275098371746676 -1.0269870622362491 -1.0279562882312954 -1.03246843564507 -1.0362708788954569 -1.0392674137270097 -1.041643222975333 -1.0443296799339654 -1.0462778588389554 -1.0477459699026923 -1.04814160720914 -1.0488851769211713 -1.0497768805185599 -1.0505651399077403 -1.0509539509270587 -1.051205044016215 -1.051817452835671 -1.0525120538965496 -1.053554169105822 -1.0542114774725455 -1.0547680323393358 -1.0551312270488928 -1.0551941291218219 -1.0556350420896763 -1.0555891424471548 -1.0559240879037048 -1.0559385347125163 
# Stellar luminosity-weighted [Si/H]:
0 -5.218485947384705 -6.507365296563435 -4.756018531162367 -2.8071440675868145 -2.1833007817289243 -1.7770536182720216 -1.4971387600937156 -0.9839045493554623 -0.34510790394039503 0.21647294739827583 0.6542467578098852 0.9089495225117115 1.0023143063126043 1.019640309290578 1.0133456197684039 1.0018394259894197 0.990303465409613 0.9798090015021388 0.9702412978167838 0.9612236754153058 0.9521893569767181 0.9439116190024812 0.9356847367778065 0.9276525887506666 0.9200320517611984 0.9139114662005081 0.9083453811913991 0.9028528057477683 0.8975965640807861 0.8927770545880209 0.8882392145291207 0.8838881604008968 0.8793364984267491 0.8747161540736856 0.87222241909814 0.8718492967284521 0.8707367896100799 0.8687725382054383 0.8692076242367435 0.8680679889038978 0.8677118597520384 0.8673321472488258 0.8662446856319495 0.8668387521260592 0.8649109537954351 0.8642385265126324 0.8638273004146457 0.8629514011087362 0.8631902593831002 0.8607238923054115 0.8621529579393941 0.861226608790131 0.8606150716642902 0.8611824304352251 0.85729664378675 0.8591974812180183 0.8607308775814642 0.8560719583208347 0.8579812240432036 0.8597295197604393 0.8557851274187267 0.8557026544770081 0.8582042123760099 0.8562456326902268 0.8522727677075563 0.8549025743152652 0.8559727813361668 0.8512156555244252 0.8465624937337157 0.8489719714105912 0.849685210108412 0.8447411160811567 0.8381456123484616 0.8411630191715949 0.8437583322482793 0.8403605393772922 0.8330819231968238 0.8311781007826893 0.8350753778234625 0.8361105298509242 0.831798350346364 0.8242622331417966 0.8223183524454227 0.8271303343556871 0.8297001001196476 0.8263125320793279 0.8195939363362328 0.8118572323252429 0.8157428624987331 0.822228387511668 0.8226440291911752 0.8171901123375993 0.8112239434271102 0.8042860723981637 0.8060632387865687 0.8133690393020077 0.815693035671333 0.8128528433248343 0.8069247156950028 0.799743081779857 0.8143591181707244 0.8215424723515428 0.824595939794373 0.826448798120698 0.8277507448371866 0.8287414345814526 0.8295331191441786 0.8301847228561905 0.8312056303775264 0.8337668346670357 0.8353004818076322 0.8356940836150208 0.8357966175828291 0.8358208618373073 0.8357744574696464 0.8357306648870377 0.8356895907250386 0.8357013977518135 0.8356547698456023 0.8356397147191617 0.8355900556590936 0.83560928357964 0.8355853054699578 0.8355972581163944 0.835512503925278 0.8355579616967157 0.8355338164833181 0.8354788404416693 0.8354494687870702 0.835549185307944 0.8355657002225065 0.8355902923877978 0.835677757641863 0.8356478725414247 
# Stellar luminosity-weighted [S/H]:
0 -5.218485947384704 -6.507365296563436 -4.832716054431967 -2.8835121014023333 -2.242639616090236 -1.8277423963064603 -1.5450042825426138 -1.0104724374370253 -0.35966802255982966 0.20535066604650787 0.6441182166704138 0.8991134790514081 0.9925785931442648 1.0099428030430841 1.003656304734327 0.9921385031365215 0.9806264773793179 0.9701942061151865 0.9605731669580062 0.9515053217626597 0.9424760308043285 0.9342063664269671 0.9260510751281319 0.9180042092938212 0.9103687823592463 0.9040808191473002 0.8986669607561031 0.8933023841597771 0.8880268114105307 0.8838839146632007 0.8786310348866451 0.8738579544969323 0.869417508060236 0.8649205585704314 0.862570863330844 0.862115327607806 0.8610094132230302 0.8590713291618606 0.8594883254375878 0.8583335096945088 0.8577291975212233 0.8575958770059371 0.8565211913187794 0.8567654434086709 0.855311414495735 0.8545848317780358 0.8538719877414662 0.852982672702745 0.8533235122941409 0.8509266089858043 0.8522465497557539 0.8512967889577867 0.8507587623138013 0.8513669741842884 0.8477529294715769 0.8491991952238518 0.8507933051053556 0.8454995015328821 0.8481979361385337 0.850439605172606 0.8457935514620161 0.8462248842018054 0.8487925485678609 0.8469859371046686 0.8426981934492845 0.8454134160133409 0.8463736458261639 0.8414017605421966 0.8369690945832424 0.839499175779796 0.8398754137309243 0.8351621650031182 0.8287271637127036 0.8316948537006894 0.8342632961074585 0.8308217274316974 0.8235238695650304 0.8216435956674211 0.8256599771074544 0.8266588366717516 0.822248661822373 0.8146746207667732 0.8320181608294401 0.8001834749273637 0.8177061386533007 0.8160848640732565 0.8099935057442913 0.8025536982132371 0.8060946896027374 0.8122084624496395 0.8126867623715439 0.8086468241222997 0.8021970522090962 0.7948123158206863 0.7967369677054066 0.8039244140340838 0.8064279144347344 0.8034444867393322 0.7975119438724905 0.7902749646614229 0.8048757200391146 0.8120407800116807 0.8150820412133717 0.8169261060598956 0.8182211848891212 0.8192063817699822 0.8199934815232517 0.8206412084601018 0.8216558156796667 0.8241992035991617 0.8257184536966369 0.8261057566816721 0.8262051394816279 0.826226182910446 0.826175888830484 0.8261293477713672 0.8260863442555948 0.8260979269460718 0.8260501483908254 0.8260342585485914 0.8259837077763699 0.8260022651249965 0.8259779628678876 0.8259891053479969 0.8259036775812616 0.8259488321311919 0.8259232966830083 0.825867969311969 0.8258387262740747 0.8259382122007315 0.8259546187610685 0.8259793442391059 0.8260665583508207 0.8260370394461907 
# X_list:
0.7502484878082851 0.7500063198614393 0.7500005466142422 0.7499739033045489 0.7498803035170132 0.7496202601799826 0.748804710089674 0.7463604768904742 0.740061104744862 0.7249608084438048 0.6960096562370013 0.6662716312599248 0.6539410664533669 0.6539299754725479 0.6580924112718867 0.6626770794430006 0.6664286006015844 0.6691815265190667 0.6714042554640369 0.6741802057912168 0.6778145443202005 0.6818116480783522 0.6858090502204558 0.6896248798035147 0.6929480708757327 0.6953265750044445 0.6969960677325064 0.6982711516298417 0.6994304109572064 0.7004779499047284 0.7026806525885294 0.7022935396860716 0.7024033362797684 0.7029095844776823 0.7014004732666611 0.6981831954142229 0.6940135776449748 0.6897558509760023 0.685214883176272 0.6810551244436472 0.6771229171628853 0.6731747740643684 0.6694348268094023 0.6657076518592862 0.6623530608848339 0.6589943665304352 0.6557270894922202 0.652586350906844 0.6494660789764185 0.6465376487325437 0.643677554635758 0.6411841680944679 0.6390181210647367 0.637006800071107 0.6352178319762505 0.6333451087942886 0.6315014862749886 0.629849653637422 0.6281414001514443 0.6264494277598803 0.624924859025777 0.6233056215427734 0.621720657610689 0.6202782695341824 0.6188688038592055 0.617843230091369 0.6175304057731972 0.6180430709080421 0.6188369984435084 0.6194981153517513 0.6201856276056975 0.6210834770667503 0.6219962606805947 0.6225809994624638 0.6232442184510247 0.624052394083684 0.6249316874240355 0.6256480012611149 0.6262131382319255 0.6269410794367535 0.6275697692418939 0.6288452117905857 0.6296975365141666 0.6301534197503849 0.6307270808284245 0.631553295517612 0.6324290675065494 0.633363972032666 0.6340268530826131 0.634384538731721 0.6348780571128851 0.6356579717509506 0.6364897525931693 0.6373842636159935 0.6380395173466281 0.6382222647170321 0.6388081910851574 0.6395889315100044 0.6403389148220902 0.6411184255300404 0.6409205057924218 0.6415872543737224 0.6420050938033606 0.6422947245178129 0.6425889725026409 0.6428513329825077 0.6431480103888407 0.6434663897091535 0.6437682785914117 0.6442367702125551 0.6465689189380551 0.6513214234533654 0.6561316498940817 0.6605981069058012 0.6645754379701143 0.6689818916807432 0.6723675026719994 0.6751251013355026 0.6759927048461513 0.6774775964082355 0.6795155762511667 0.6811967920364429 0.682213133745193 0.6826460850745584 0.6844426382303418 0.686255624348707 0.6894420311385764 0.6919763276588357 0.6940362844760638 0.6958145696909219 0.6974459910934007 0.6987174855403557 0.6999986992715749 0.7010107362138016 0.7019456592222242 
# stellar_X_list:
0.7529042722234999 0.7502484878082851 0.7500111639537447 0.7500059453560115 0.749999537824359 0.7499916219805649 0.7499846752429801 0.7499787743512543 0.7499741899654928 0.7499711787304356 0.7499692405696441 0.7499678377816305 0.7499666942282924 0.7499657094106635 0.7499648428715501 0.749964079314312 0.7499633989402311 0.7499627806705831 0.7499622081003344 0.7499616736035288 0.7499611835978496 0.7499607434970359 0.7499603520158552 0.7499600031980121 0.749959691131642 0.7499594086233698 0.7499591465995152 0.7499588984659167 0.7499586610454323 0.7499584341757718 0.7499582175443273 0.7499580209860189 0.7499578188609041 0.7499576196704596 0.7499574269372081 0.7499572256461744 0.7499570066102662 0.7499567651576567 0.7499565042137627 0.7499562254323393 0.749955931450115 0.749955625356217 0.7499553068086022 0.7499549776625912 0.749954638555549 0.7499542918214945 0.749953937732974 0.7499535762916231 0.7499532089741845 0.7499528357988777 0.7499524561028575 0.749952074916674 0.7499516909994317 0.749951306455173 0.7499509230214575 0.7499505367883095 0.7499501541928099 0.7499497731665571 0.7499493869776205 0.7499490035068686 0.7499486278363776 0.7499482429983375 0.7499478657184089 0.7499474895368569 0.7499471146655012 0.7499467321208106 0.7499463650785225 0.7499460008950526 0.74994564313151 0.749945288355996 0.7499449530904787 0.7499446209689574 0.7499442942623897 0.7499439669128498 0.7499436584683524 0.749943355129303 0.7499430570618663 0.7499427545893046 0.7499424643362692 0.749942182573332 0.7499419106581529 0.7499416340463301 0.7499413621000329 0.7499410945934656 0.7499408421348774 0.7499405928328815 0.7499403468912746 0.749940095637075 0.7499398486554871 0.7499396117784151 0.7499393883236799 0.7499391637956551 0.7499389405050699 0.7499387125288967 0.7499384883670989 0.7499382714669847 0.7499380677807385 0.7499378657081323 0.7499376656753818 0.7499374609264666 0.7499372574545704 0.7499374373911566 0.7499375415035954 0.7499376233079802 0.749937692103087 0.7499377517224097 0.7499378048248478 0.7499378529886016 0.7499378973701795 0.7499379834332676 0.7499382890796589 0.7499386346245817 0.7499388322772358 0.7499389527029782 0.7499390414802412 0.7499391307966158 0.749939178760009 0.7499392100946205 0.749939210111051 0.7499392292930463 0.7499392320964179 0.7499392383543791 0.7499392366544974 0.749939241934223 0.7499392199825062 0.7499392187095266 0.7499391701660109 0.749939130645886 0.7499390967796861 0.7499390528070269 0.7499389724043684 0.7499389426061712 0.7499388751793986 0.749938829159113 0.7499387856291809 
# stellar_X_list_luminosity_weighted:
0.7529042722234999 0.7502484878082851 0.7500127728927982 0.7500025860919457 0.7499759751520588 0.7498851901998856 0.7496336164272638 0.7488468978392558 0.7464917630157605 0.7404242721034651 0.7258661273761339 0.6978321660517494 0.6686889871977818 0.6559967542993907 0.6553576431888033 0.6590342420208869 0.6633102710259355 0.6668823060755144 0.6695339557039653 0.6716839974666158 0.6743575984794775 0.6778635260584105 0.681742300598311 0.6856422845962836 0.6893812152024309 0.6926574090773897 0.6950334030501509 0.6967181098148372 0.6980091185163486 0.6991753125331603 0.7002276861466191 0.702364291315848 0.7020801957764238 0.7022114977583152 0.7027135154591105 0.701320132182453 0.698269921038548 0.6942684666567515 0.6901424220273296 0.6857294794593123 0.6816570134337013 0.6777971565685906 0.6739227214272561 0.6702410687335483 0.6665732849662362 0.6632550395916488 0.6599400577289631 0.6567120337060042 0.6536050013527089 0.6505203935168429 0.6476171931906655 0.6447829187514449 0.6422959792406249 0.6401259761839563 0.6381118814273449 0.6363140313488107 0.6344460524986456 0.6326071105537637 0.6309505592486621 0.6292484299663945 0.6275602199250113 0.6260321644765959 0.6244188675394318 0.622838941513113 0.6213925472062581 0.6199824188943979 0.6189337397437004 0.6185621750655019 0.6189880367040171 0.6196988389027245 0.6203090432729782 0.6209426863835946 0.6217846951383758 0.6226431283112345 0.6232056785920617 0.6238317593000479 0.6246010638188688 0.6254364313365994 0.6261290597365373 0.6266737540041062 0.6273722658405164 0.627977178784481 0.6291910330886558 0.6300197195293875 0.6304775198578242 0.6310322111628393 0.6318273906818692 0.6326706847088013 0.6335770119084604 0.6342277388209464 0.6345916489848773 0.6350715280895206 0.6358229652551909 0.6366260183531733 0.6374948889448525 0.6381394781980025 0.6383411498899326 0.6389051632714269 0.6396600043162637 0.6403886678316975 0.6411493247742189 0.6420518379990192 0.6429628199520458 0.6436312548625854 0.6441894409275549 0.6446799438926155 0.6451211609302201 0.6455246669681138 0.6458973571643563 0.6465696417247832 0.6490392525542695 0.6519123925675371 0.6536361331324279 0.6548364532040235 0.6557306607327879 0.6567032389605172 0.6573857771474466 0.6578876216997214 0.6580221875958018 0.6582705645735032 0.6585716552514627 0.6588272918621794 0.658956553747111 0.6590320223708827 0.6592392019569909 0.659461887935788 0.6597913910458608 0.6600063945746247 0.6601754562836246 0.660276476948846 0.6603228731017485 0.6604588616376447 0.6604495071793767 0.6605554111378079 0.6605632568483089 
# Y_list:
0.02113317345039969 0.000537486039661398 7.168449583775655e-05 4.505581822664374e-05 0.00015668732184592673 0.0005245062972077831 0.0015147344774215016 0.004445264192249541 0.014320175466460732 0.047107979969983976 0.12656230135694707 0.22548684814219233 0.2808621970834863 0.29712918150274736 0.29869358731843276 0.29641482598509833 0.29370759047502387 0.29121009812805576 0.28889016413638974 0.2860956587497069 0.2827307223225133 0.279105475277356 0.27550736821819377 0.27209318659253245 0.26916151555493517 0.26701236782528526 0.2654633416767172 0.26424893165273783 0.2632351150464556 0.26225476230765865 0.2600120426855437 0.2605250836969576 0.26052368715144253 0.2599646467676643 0.2609012358422323 0.2631131600540958 0.26616658546491334 0.26930763799450175 0.27253271829824144 0.2757240417610426 0.27870327286477903 0.28151397348218155 0.284272191682134 0.2870321409635878 0.28948643570102406 0.2919481693775591 0.29434925100210524 0.296693737707117 0.29895702863442164 0.3011930720039154 0.30323105882531526 0.3051631623718601 0.30691396147157113 0.3085204661490864 0.310139281411249 0.3116238720160359 0.31307633888378456 0.314605681750015 0.3159519689545913 0.31731906044354935 0.3187308090342182 0.32000286051257326 0.32125883123122484 0.3225715803843045 0.32388080574099914 0.3246570663703002 0.324939773580404 0.324814781369678 0.32449955851364887 0.32398730616608773 0.32353510040091044 0.3231804164395895 0.3228021073440024 0.3222798761520879 0.32179377770728146 0.32144028350456505 0.32113172734884116 0.32073954427017376 0.3201974765050846 0.3197265343039172 0.31942875636864143 0.31888993876901195 0.3184503299954008 0.31796876254156453 0.31750560644426623 0.3171086507777791 0.3168095518105762 0.3164558704501675 0.31581710534141716 0.31555598014149117 0.31515262729623916 0.3147282698703957 0.31445972223345026 0.31412994868347166 0.3136653685103405 0.31314534721621373 0.31282444000892395 0.3124641842140819 0.31220458564400505 0.31203426108757404 0.3125156188259312 0.3118406574154425 0.3113435493390051 0.3110330445640347 0.31080661575161195 0.3106461116022833 0.3104923039078773 0.31034654252141475 0.310203788253248 0.30988206080409175 0.30840253977607784 0.3052822605701734 0.3019049283942566 0.2987554297331493 0.2958929675144824 0.2928115932066042 0.29052257872604553 0.28869584412513777 0.2881448516396614 0.2871662193120507 0.28582711899550195 0.2846539583223338 0.28392439719598844 0.2835920379417923 0.2822660320364529 0.2808193039270682 0.27820417925580154 0.2760396545713348 0.2743090809684944 0.2728733935521496 0.27161333580582536 0.27060808624799293 0.2696304909972128 0.2689043977138227 0.26819074592053765 
# stellar_Y_list:
0.247 0.02113317345039969 0.0009494621587517509 0.0005188811398837762 0.00045269234872107484 0.00045262322411672223 0.0004647502277903059 0.00047567741319684326 0.0004839574032825822 0.0004906460165898946 0.0004965167643469435 0.0005017559015464553 0.0005064145092252366 0.000510546959796316 0.000514245111858418 0.000517587455940844 0.0005206383281185688 0.0005234514599121163 0.0005260684535570599 0.000528514575442854 0.0005308062149489322 0.0005329508295651738 0.0005349572855935525 0.0005368465532877892 0.0005386375787969167 0.0005403406057278255 0.0005419624611459665 0.0005435184511579946 0.0005450190401301352 0.0005464677856877963 0.000547865536085727 0.0005492006105595275 0.0005505090231714442 0.0005517903899170451 0.000553041900877764 0.0005542608411656246 0.0005554544114932731 0.0005566541948939972 0.0005578426456382886 0.0005590171839963854 0.0005601874098021294 0.0005613415622272256 0.0005624890722168773 0.0005636249619701096 0.0005647518948910893 0.000565868529810046 0.0005669714202864142 0.0005680707802182278 0.0005691510008802613 0.0005702325813545051 0.0005713063760887213 0.0005723573123048084 0.0005734078065766252 0.0005744327068532948 0.0005754556777383248 0.0005764814874090411 0.0005774649602109242 0.0005784519661387374 0.0005794487229547127 0.0005804083679451197 0.0005813501760319466 0.0005823178248546247 0.0005832456696818248 0.0005841554053847862 0.0005850754361307231 0.0005860086492479057 0.0005868823241140588 0.0005877514163772659 0.0005886318449339417 0.0005895101096574293 0.0005903286095430525 0.000591140154839651 0.0005919695203819321 0.0005928093487067911 0.0005935870386204542 0.0005943453770665882 0.0005951086514511031 0.0005959051603756301 0.0005966676242003934 0.0005973958626099193 0.0005980963250780344 0.0005988239190483114 0.0005995653365441919 0.0006002945765774387 0.0006009700686572402 0.0006016331239415485 0.0006022895144112859 0.0006029893973991801 0.0006036921358427993 0.0006043539567577703 0.0006049702808188676 0.0006055873831655485 0.0006062029591802417 0.0006068549101134565 0.000607514200711404 0.0006081451629019164 0.0006087264726986235 0.0006093015323221793 0.0006098725929937355 0.0006104602872225623 0.0006110710770164057 0.0006105905584947099 0.000610313721968849 0.0006100905823449842 0.0006098988094862214 0.0006097304888204624 0.0006095800314410754 0.0006094488546630272 0.0006093477360061559 0.0006091429529012645 0.0006083472524478099 0.0006074810752627462 0.0006069681123696141 0.0006067125506221546 0.0006065141486608733 0.0006063022762915453 0.0006062016252839381 0.000606150936316774 0.0006061466746084935 0.0006061354757948734 0.0006061603159117359 0.0006061402418680237 0.000606181594478239 0.0006061688514993379 0.0006062544971893972 0.0006062592291119066 0.0006064302573247204 0.0006065740102905114 0.0006067009236299316 0.0006068548133529982 0.0006070819189712775 0.0006072009164373478 0.0006073926839957773 0.0006075560839810789 0.0006076819384172829 
# stellar_Y_list_luminosity_weighted:
0.247 0.02113317345039969 0.0010862977980047328 0.0002442781652283516 0.00013585056227048727 0.000211921005114704 0.0005511431361089231 0.001498077879926898 0.004316129614805438 0.013798326276184941 0.0452888833037621 0.12194077294072045 0.21832141374354555 0.27400673309959894 0.29178807858146544 0.29460279564415276 0.2931635651678845 0.29101166761572533 0.2889066475804028 0.2868860927375183 0.28436211407614603 0.28124687844754526 0.27783911679917367 0.2744228570309767 0.27115856022588375 0.26833782485375485 0.2662557650278732 0.2647516639813779 0.2635755577803231 0.2625969119721696 0.26165500530596336 0.25952220301878326 0.2599605172941134 0.25996689518600336 0.25944817815386956 0.26032900418835037 0.2624437243652893 0.26538943604742615 0.2684499869284786 0.2716045655376363 0.27473754260885225 0.2776761592202888 0.2804552901315591 0.2831828062836127 0.28591114617366437 0.2883525088374577 0.2907944111693565 0.2931779026005962 0.29550632626038903 0.29775637144225686 0.2999783106318755 0.30201250380158806 0.30394197692933134 0.3056968535933269 0.3073102328249871 0.30892944031869685 0.31042041294245115 0.31187660069255363 0.31340205814341743 0.31475557425581646 0.3161242841598432 0.3175331378050833 0.31881153249712013 0.32007092785593744 0.321381569863381 0.322689024691374 0.32349651813017305 0.32383033262555555 0.3237624101800209 0.32350542995321363 0.3230472007257594 0.3226407355836099 0.3223161243464788 0.32197383583241873 0.3214891829285577 0.32103822129482823 0.32070437990218736 0.32041871303324426 0.3200509070459137 0.3195449750605383 0.31909585445930644 0.31881285903478473 0.31830344303435226 0.31788564386696994 0.317424752731919 0.3169837676555458 0.3166001543810995 0.31631273032695445 0.315973044306763 0.3153697280748741 0.31510815242940166 0.31472397480961556 0.31431463446796387 0.3140530766430226 0.31373450626605204 0.31329228416203314 0.31279136610372826 0.31247731096385956 0.3121271984459745 0.3118735535510453 0.31170314547209754 0.30701614684306766 0.30392864752697674 0.30219414739512357 0.30092423083572784 0.2998937851001452 0.2990155393574265 0.29824382928452237 0.29755198248673165 0.2963449070743413 0.2921790946583162 0.28756600352471956 0.2848147375482826 0.28288940765563486 0.2814554791415291 0.27988504214080967 0.2787797107515608 0.2779661209718551 0.27775976289989784 0.2773458561857466 0.27686422495518465 0.27645352915400623 0.2762378635951899 0.2761174577193181 0.2757836641881009 0.27540638383503957 0.2749062736529317 0.2745565272796775 0.2742724526978804 0.2741012808932844 0.2740562456956997 0.2738462240361772 0.27386733627114407 0.27372620196358616 0.27370368860518457 
# Z_list:
8.555940668178012e-08 2.176056840734405e-09 2.2969731539253264e-07 2.048479168719868e-05 7.890843822626894e-05 0.0002486169996038934 0.0009251354671991318 0.0031718099074785 0.008546430538943526 0.0189088265226643 0.03450250726099716 0.04761555476258196 0.052487959908111996 0.05318256625207542 0.05226204783459357 0.0511520287458016 0.05025657290835084 0.049861684269770716 0.0497020938219248 0.04950127541833347 0.04908479233485651 0.048647668664130575 0.04814860284546272 0.047658838225269846 0.047163484848568596 0.04685554178038696 0.04658597901235692 0.046414149504607705 0.04614062412687228 0.04603549217533942 0.04594591754793734 0.04571587062827078 0.045592255087129746 0.0455190535513197 0.04599799826075245 0.04663243461025367 0.04752762915146561 0.04835586525470652 0.04961836531854611 0.0501958197568112 0.05149697026940045 0.05208762973703346 0.05343651637604587 0.05380937830213576 0.055314694718460386 0.055313456488396424 0.05724185160052453 0.05646160868573003 0.059433102866743734 0.05694551083845993 0.06235013216082122 0.05599273272155856 0.06683083625368338 0.0515021957582204 0.07606480984710708 0.03822199507061817 0.10017744270398632 6.237921551297473e-10 0.1671583896830361 6.493395799433541e-10 0.24947980881008466 6.632083190291582e-10 0.35987375107515673 6.838820320177593e-10 0.5059629820939905 7.022020401904165e-10 0.7227943958284113 7.187719753361057e-10 1.028852538873204 7.399279612563087e-10 1.5128788729643292 7.556647289631844e-10 2.2301725542155464 7.741518863196988e-10 3.443416349675277 7.966901832014817e-10 5.361475164133036 8.032045775644953e-10 8.695177018722212 8.373030972618135e-10 14.487127320334105 8.375893547106288e-10 24.474336503865498 8.677833129893847e-10 43.592027041227965 8.894754721025719e-10 78.4332321310564 8.82296413870088e-10 144.8158034449277 9.296425391344384e-10 280.8348739068756 9.430050725853178e-10 547.3121706034133 9.342211865807516e-10 1087.7439796644107 9.79608916213021e-10 2282.4913815942587 1.0019092577535101e-09 4832.156462534323 9.940719394892722e-10 10206.58746247265 5.330823306729751e-10 8070.394529930658 1263.9726483649315 4390.533099412283 2381.0223055704305 2774.6369473110685 2308.81336898609 2189.3920896985255 1840.9038189073265 1049.2684041761383 633.6705291002162 477.5817531106909 388.1795217257297 332.54737837406225 278.88412669971956 244.860935942676 220.94656709549693 214.64720445675087 203.2860153817708 189.26327675272734 178.7133229347413 172.8356177133596 170.35762789687365 160.7719145876028 152.10740306306081 139.44546817214624 130.9870199060231 124.25108631233383 118.5463384891426 113.5277238981899 109.52030266543943 105.79086578573965 102.5170783901259 99.70079519184287 
# stellar_Z_list:
9.572777650013187e-05 8.555940668178012e-08 3.843976351221664e-09 1.22699093982551e-07 4.453003058214053e-06 9.460891451007968e-06 1.399448492799705e-05 1.8822029353077064e-05 2.3101001765030875e-05 2.5775303685303663e-05 2.7126776315988403e-05 2.785048296378489e-05 2.8361747282082814e-05 2.8811824663288858e-05 2.9243664321416875e-05 2.9652451159004697e-05 3.0038684361481536e-05 3.0405256645676463e-05 3.075828379125298e-05 3.1099540123624186e-05 3.1427435044470306e-05 3.174001911446563e-05 3.2037893823979775e-05 3.23221236871715e-05 3.259427795988748e-05 3.285501805750367e-05 3.3106005680477645e-05 3.3348375393536284e-05 3.358388473125169e-05 3.3811630241153874e-05 3.403311963383237e-05 3.424820839428099e-05 3.4457636899735695e-05 3.466245205017653e-05 3.48628415919523e-05 3.506206739442165e-05 3.5260331979150304e-05 3.5460946248586745e-05 3.566252195105894e-05 3.586658940517379e-05 3.606898744333033e-05 3.62745731073712e-05 3.647813429971349e-05 3.668543465764453e-05 3.688906574242285e-05 3.7097524530771086e-05 3.729976985055399e-05 3.751008849004637e-05 3.7709031228073324e-05 3.792290103063142e-05 3.811554186955434e-05 3.8337050836759406e-05 3.851261748842729e-05 3.875249844661915e-05 3.889121540205605e-05 3.917963148944194e-05 3.9231093725405107e-05 3.9648610404088065e-05 3.947284275479238e-05 4.026542221108027e-05 4.002897092709636e-05 4.120959587201446e-05 4.0883085973483705e-05 4.254103441022623e-05 4.209693809934299e-05 4.4413457863999844e-05 4.38023871126475e-05 4.699547613522794e-05 4.616282558965716e-05 5.068592591719255e-05 4.951764752197311e-05 5.593884384219362e-05 5.429410106144182e-05 6.377291723460072e-05 6.136805562714887e-05 7.542009253644172e-05 7.187877950599657e-05 9.379572512847302e-05 8.833319652054416e-05 0.00012279266824742768 0.00011425616068673211 0.00017082083042630137 0.0001569436788177632 0.00025231788014505385 0.000229086684701901 0.00039205745111963716 0.0003525605638574774 0.0006466284918555646 0.0005760272977034882 0.001111058958051159 0.0009831074154966145 0.0019821944153097897 0.0017444737368414935 0.003705408466502455 0.0032424346118356717 0.007103051180128814 0.006193697173742115 0.013944650927800289 0.012124919496673802 0.02857194740085181 0.02473883907080302 0.023583020604822133 0.022940639650756788 0.022491504314334672 0.022146542895423397 0.021867305110526043 0.021633585111669736 0.0214332270985888 0.0212583248970841 0.020962972401255688 0.020063086538404478 0.01925621918307475 0.01885723082896781 0.01861760373737455 0.018454447684511495 0.01829126292837071 0.018184244296847077 0.018110326807989206 0.018095011167938192 0.018058938532681788 0.01802227136886911 0.01799123864390161 0.01797766281283535 0.017968219574350228 0.017952034070784332 0.01792858350297234 0.017918708817570485 0.017912917809615573 0.017913822527347318 0.01792909148274582 0.01795559828929098 0.017956947730481683 0.0179945852587703 0.018003317295925917 0.018029611859088513 
# stellar_Z_list_luminosity_weighted:
9.572777650013187e-05 8.555940668178012e-08 4.397966793541428e-09 2.225838342502871e-07 1.9712583841302117e-05 7.624194527612756e-05 0.00024025554228600019 0.0008915144734554654 0.0030538924906244463 0.008234374159806428 0.018255952944752796 0.03342853378493221 0.04638219666233322 0.051480201073554 0.05242814097229231 0.05170445922748559 0.05072027448195085 0.04990291069050464 0.04954564884133716 0.049411596766208786 0.04923890138443615 0.048858048614749905 0.04844970247108679 0.04797831267442903 0.04751136619453597 0.04703667856524863 0.04673714854328592 0.046476565811473636 0.046309134949690675 0.046047658028486115 0.04594314982246832 0.04585640552075822 0.04563801231478716 0.04551704344081684 0.045445135958569326 0.04589519819444787 0.04650483735227556 0.04736764701822621 0.048176427401372936 0.04939633385600809 0.0499828276223565 0.05123917137419133 0.05184124268725012 0.05314475985008706 0.0535449060501498 0.05499206032281421 0.055044023170058375 0.05688138142618352 0.056209500448078736 0.059011050114484834 0.05675540669553919 0.06180778606431532 0.05596543444189143 0.06604170154573367 0.05188297359527731 0.0746600241532211 0.039642541066355334 0.09705366515020024 0.004302401798246881 0.1587833308313699 0.005700854696588802 0.23620600411613824 0.007863237629629536 0.3402290714617527 0.010913283221408472 0.47798763171855324 0.015049988319189727 0.6823196996798188 0.021143013552488453 0.9707710171965103 0.02980131199684502 1.4265352194204197 0.04327389594722978 2.102001473748062 0.06332563716957967 3.243327904458143 0.09658582277783703 5.047750213749207 0.14931181055054424 8.181614534082083 0.23973060441615235 13.624644332250385 0.39607002301818517 23.008518638566645 0.6653429721412992 40.95757618263226 1.173554546589365 73.66756773081684 2.1010044072541048 135.96544978437552 3.8584855625324583 263.5416081055108 7.42330894771078 513.469732601901 14.419809470303452 1020.1833325682992 28.55753458279516 2139.7423919254115 59.49704125705984 4528.755209361702 125.56829404596049 660.6828603478666 646.4493121585812 567.499915349462 505.0465436894829 457.6847517950262 420.9421368423628 391.6652121420334 367.7676162417757 331.02220412302864 241.80327151692563 184.67759840022825 162.41666016414987 150.29648221102772 142.2833711298391 133.96645797065713 128.34351314680526 124.5068196241999 123.58262357222213 121.79631048109468 119.64170650920771 117.94326082718958 117.05307919214167 116.6077728293879 115.16322280875 113.71222161629133 111.84849316546043 110.42155432275091 109.4873918945321 109.00001122640032 108.41583780500974 107.71956017091571 107.8018055803466 107.19415959532448 107.26976401563489 
# formed stellar mass list:
1e-15 4664039.624280768 181916223.82263917 164326250.2933603 72546092.79342587 24829077.664707907 7474222.244912619 2088728.616415439 559339.7245080093 148255.5011349316 41647.79651338531 14526.537500801116 7523.124630963579 5521.298158847767 4773.996172750903 4364.220762683218 4065.5592779033054 3819.0122917024805 3606.552758487356 3420.7026129690157 3253.051985291479 3103.0237791811332 2964.1737852945616 2840.3991678699217 2729.8100792913806 2629.973936399525 2534.05388542823 2446.5119877040675 2367.8873172757662 2294.8222336708773 2225.9269348707116 2157.5412281248878 2101.4403951374015 2048.5699691628492 1998.7366380044975 1947.952554292028 1896.1285587675775 1853.561035768046 1817.0298679791813 1773.8745110030525 1739.1225225716148 1702.683858523733 1668.5053714840817 1638.315814351669 1605.8699438024616 1578.4975414608903 1549.5074437205494 1522.8425757408677 1498.3439790207212 1470.7915723493165 1454.0381805211957 1423.724578238525 1402.3169566797612 1380.1845599564601 1354.089395747306 1341.9128815689949 1314.8908454039306 1289.6840599605275 1282.4784560389382 1256.3769899689205 1232.021002123094 1224.9585941011412 1206.2574865934814 1181.2774717921027 1169.7923948076843 1164.9513981446023 1139.273249310218 1118.2898410237983 1113.0094486862974 1106.1163333082566 1081.186334196232 1062.7644125274423 1058.6705576395584 1057.8586717413139 1033.3889436130971 1011.2677891053886 1004.1544591213838 1006.705346116341 996.0102598341605 971.8524626100337 955.4485139445874 952.263215253966 955.1219765399059 945.9647819711764 921.8891260355292 904.0438961768698 899.4064761661537 901.8244101443355 906.7247553357895 885.5606349544754 860.545818766916 849.5086654163557 848.3517461965938 851.5692477687352 856.3282566176852 841.0816677690982 816.6524280859403 802.216704780589 798.4755044521369 800.5811401829596 804.7707295822261 1e-15 1e-15 1e-15 1e-15 1e-15 1e-15 1e-15 1e-15 1e-15 1e-15 1e-15 1e-15 1e-15 1e-15 1e-15 1e-15 1e-15 1e-15 1e-15 1e-15 1e-15 1e-15 1e-15 1e-15 1e-15 1e-15 1e-15 1e-15 1e-15 1e-15 1e-15 1e-15 1e-15 1e-15 
