# time step list:
1000000 10000000 20000000 30000000 40000000 50000000 60000000 70000000 80000000 90000000 100000000 110000000 120000000 130000000 140000000 150000000 160000000 170000000 180000000 190000000 200000000 210000000 220000000 230000000 240000000 250000000 260000000 270000000 280000000 290000000 300000000 310000000 320000000 330000000 340000000 350000000 360000000 370000000 380000000 390000000 400000000 410000000 420000000 430000000 440000000 450000000 460000000 470000000 480000000 490000000 500000000 510000000 520000000 530000000 540000000 550000000 560000000 570000000 580000000 590000000 600000000 610000000 620000000 630000000 640000000 650000000 660000000 670000000 680000000 690000000 700000000 710000000 720000000 730000000 740000000 750000000 760000000 770000000 780000000 790000000 800000000 810000000 820000000 830000000 840000000 850000000 860000000 870000000 880000000 890000000 900000000 910000000 920000000 930000000 940000000 950000000 960000000 970000000 980000000 990000000 1000000000 1010000000 1020000000 1030000000 1040000000 1050000000 1060000000 1070000000 1080000000 1100000000 1200000000 1400000000 1600000000 1800000000 2000000000 2300000000 2600000000 2900000000 3000000000 3200000000 3500000000 3800000000 4000000000 4100000000 4500000000 5000000000 6000000000 7000000000 8000000000 9000000000 10000000000 11000000000 12000000000 13000000000 14000000000 
# Number of SNIa + SNII (log_10):
0 0 6.896188216641731e+53 2.8183628986476605e+55 7.617716566521342e+55 1.2562899940836746e+56 1.68052118481581e+56 2.0965177789264676e+56 2.498530142432922e+56 2.8587258541549533e+56 3.172486433113989e+56 3.4461095822448197e+56 3.6873266590856415e+56 3.9027521541272658e+56 4.097247663211321e+56 4.274559342783753e+56 4.437508026460691e+56 4.588265525861339e+56 4.728542889709695e+56 4.859712129269423e+56 4.982890593320668e+56 5.099000845727979e+56 5.208813215221374e+56 5.312978335141702e+56 5.41205118736025e+56 5.5065071865005725e+56 5.596759553401816e+56 5.683168060166687e+56 5.766045799016252e+56 5.845670075987141e+56 5.922289847347193e+56 5.996137314627421e+56 6.0673781663846e+56 6.136198033003832e+56 6.202765043114059e+56 6.267221633237079e+56 6.329696261433092e+56 6.390297008385864e+56 6.449153195414743e+56 6.5063562059255426e+56 6.5619913677111054e+56 6.616144533234247e+56 6.668888749121731e+56 6.720297483675698e+56 6.770438003380621e+56 6.819371555251858e+56 6.86715502883282e+56 6.91383303543217e+56 6.959471671136212e+56 7.0041131003877125e+56 7.0477923491917725e+56 7.0905476401603644e+56 7.13242612106523e+56 7.173458698991309e+56 7.2136799183456825e+56 7.2531188595026995e+56 7.29180745983972e+56 7.329741703322575e+56 7.367017655900342e+56 7.403636630321387e+56 7.439614398464347e+56 7.474960743331405e+56 7.509679176822651e+56 7.543812583408516e+56 7.577390201072132e+56 7.6104192454397145e+56 7.642921378861759e+56 7.674915944353082e+56 7.70641403733952e+56 7.7374291346742575e+56 7.767981257348306e+56 7.798083899904045e+56 7.8277350569845465e+56 7.856967930024181e+56 7.885793659110552e+56 7.914213734092976e+56 7.942241266073235e+56 7.969887844801799e+56 7.997163670793542e+56 8.024076561029378e+56 8.050641331279062e+56 8.076851131858702e+56 8.10273783090837e+56 8.12830396512051e+56 8.15355075821643e+56 8.178485903337365e+56 8.203118775677133e+56 8.227463233809179e+56 8.251512587743907e+56 8.27527357663822e+56 8.298766809216045e+56 8.321978700735792e+56 8.344937609156344e+56 8.367660763741756e+56 8.390126097000573e+56 8.412340019666885e+56 8.434313545755027e+56 8.456056374516361e+56 8.477562863461559e+56 8.49884363170578e+56 8.51990051659707e+56 8.540736197452778e+56 8.561372983519233e+56 8.581803264019705e+56 8.602026204831844e+56 8.622052317591305e+56 8.641879366004442e+56 8.661509470175503e+56 8.680952412537194e+56 8.719292532671164e+56 8.900843648210855e+56 9.221471168212874e+56 9.498321813047058e+56 9.741929994298466e+56 9.959458880091188e+56 1.0247488699981856e+57 1.0499710524847662e+57 1.0724052392424004e+57 1.0793697258887943e+57 1.0926069641068455e+57 1.110979639679267e+57 1.127831357689373e+57 1.1383354898018785e+57 1.1433901786179805e+57 1.1624408998498546e+57 1.1839871588782436e+57 1.2212450105255694e+57 1.2527165423553318e+57 1.2799603252183663e+57 1.3039862982422808e+57 1.3254556263029129e+57 1.3448863456885382e+57 1.362616228711932e+57 1.3789223769988396e+57 1.3940167933066881e+57 
# Gas [Fe/H]:
-5.218485947384705 -6.812943270487043 -5.695686767605812 -3.733387593309992 -2.8394026548325018 -2.2933606717776405 -1.916374428544362 -0.7274814990085661 0.0769354841041201 0.6727046975582414 1.110191999609183 1.352782175624085 1.4351447481013304 1.4464184072643027 1.4370737365750994 1.4239227542577684 1.4113704947603414 1.4002155959373845 1.3900879968607804 1.3806436164486873 1.3712340839215074 1.3626489579887138 1.3542017333416618 1.3459250730824883 1.3380774848389096 1.331845095830741 1.3261602352091248 1.3205333076543302 1.3151967111419456 1.310289035911452 1.3056648660721608 1.3012314805334206 1.2965656376900703 1.291853538202277 1.2894146463103713 1.2890819011726125 1.2879350478617204 1.2859836636388096 1.2865224063371308 1.2853442809073248 1.2848988887370583 1.2845002995412087 1.283373193761295 1.2832973418231375 1.2820802878330504 1.2817063143788987 1.2810241217996503 1.2799607343401664 1.2803038805845226 1.2775829672214685 1.2792055810445997 1.2781239925691192 1.2775117902036484 1.2782372710114687 1.2747062305744437 1.2762606490304536 1.2775738574307076 1.2726250606527922 1.2749676183488838 1.2769784796493364 1.2727176195559204 1.27291297926427 1.2755368147744077 1.2732652629161838 1.268770767714177 1.2720626992457422 1.2733580804162785 1.2681572379813204 1.2635282039333928 1.266270570308408 1.2666527564873844 1.2612524872091435 1.2544307053439816 1.257976904373463 1.260767754524946 1.2570926752487313 1.2494097362854957 1.2475730654201027 1.2519449781417054 1.252991589271856 1.248369878522153 1.2403890798649817 1.2384933188978229 1.243980473357634 1.2465789437795451 1.242904047097685 1.2358214317597191 1.2276517061235688 1.23219346824501 1.2390659295647857 1.2394463296071092 1.2343644591707998 1.2273021491857814 1.2197559686993826 1.2221974391806625 1.2299426817806465 1.2326330852820861 1.2295238102464112 1.2230571023936423 1.2156829487217773 1.20963805674908 1.2118493184618626 1.2156281626352206 1.2180226122473807 1.2187341791111606 1.2182720008803112 1.2170019926733056 1.2151628336037663 1.2134362403688876 1.2136303926236462 1.2098516573639193 1.20160111337951 1.195697326705524 1.1898875601438776 1.1858150104853022 1.18217027864427 1.1793730671631883 1.1774694381777668 1.1764181964082567 1.1759876685201327 1.1748635322767922 1.1753674003863805 1.1757592623156747 1.1764357801826248 1.1774852327093428 1.1808091397406062 1.1867269675199221 1.192678829946928 1.1964966588082442 1.198272938828786 1.1982651735244518 1.1990135709312368 1.1982669336751632 1.1973983110817117 1.1967763349993783 
# Stellar mass-weighted [Fe/H]:
0 -5.218485947384705 -6.5705972582337075 -5.918042315364618 -4.384853291626303 -3.8418717264664934 -3.6141281551770827 -3.525807868178708 -3.2007652265596684 -2.934928347967306 -2.771665243121385 -2.6671650508457114 -2.5946169038875784 -2.540621167166197 -2.498205103057405 -2.463545655800073 -2.434397152433532 -2.4093474241420108 -2.3874581499331198 -2.3680761173484006 -2.3507250585430466 -2.335055378513351 -2.3207920466782372 -2.3077205684098976 -2.2956721266624793 -2.2845147060764814 -2.2741355216733092 -2.264439044064228 -2.2553480399300687 -2.2467991982233695 -2.238737919580214 -2.2311143876184394 -2.223884365558918 -2.2170149195462665 -2.210477365249977 -2.2042464331479783 -2.1982907006512535 -2.192585524568492 -2.1871236935202143 -2.1818770842886783 -2.176835755279015 -2.171987301284811 -2.167311762281363 -2.162803800106105 -2.1584510261240695 -2.1542451362452235 -2.150175075840221 -2.146235286036422 -2.1424189393799047 -2.1387109635682453 -2.1351183277939993 -2.131628079604795 -2.128203309231238 -2.1249352159938217 -2.121701884925934 -2.1186132012064025 -2.1155631119367806 -2.1126282159202443 -2.1097336084373275 -2.1069549364652254 -2.1041890765191154 -2.1015332829839313 -2.0989064167983456 -2.0963750581291007 -2.0938541936226116 -2.0914368594056274 -2.089038276497594 -2.086718856592813 -2.0844054746044565 -2.0821845950129063 -2.079978587140247 -2.077841281469036 -2.0757019950254305 -2.0736483678484383 -2.0716103478182983 -2.069634765652091 -2.067652669108341 -2.06573658255122 -2.0638384345749197 -2.0620055429658395 -2.0601683753648024 -2.0583780723482334 -2.0565933014938356 -2.0548770573841635 -2.053166166964857 -2.0515036311462778 -2.0498320625066526 -2.0482036105598223 -2.046584765339313 -2.0450297858404847 -2.0434738745094307 -2.0419587407700295 -2.0404352641758523 -2.038946050721581 -2.037459358664348 -2.0360313677221935 -2.034605437473024 -2.033218762312713 -2.0318222007273024 -2.0304569807903476 -2.0290793774498193 -2.0305549484128145 -2.0313872583755135 -2.032044293295325 -2.032606173075491 -2.03309820693893 -2.033535633953993 -2.0339286933916227 -2.0342884117214552 -2.034981485740518 -2.0374961453859832 -2.0403167456789504 -2.0418923475524897 -2.042791131578137 -2.0434054913502537 -2.043979336042481 -2.0441938065231566 -2.044255167323902 -2.0441772798847913 -2.044208935530466 -2.04400845516162 -2.0438990082850417 -2.0437251720631266 -2.043725142642125 -2.0432619102811875 -2.0430170838978112 -2.041978176068926 -2.041129939663322 -2.040388864509871 -2.039532890070867 -2.038314185122288 -2.0376245275079414 -2.036591737454515 -2.035706604931801 -2.0350088202675662 
# Gas [Mg/Fe]:
6.938893903907228e-17 -1.3877787807814457e-17 0.9677870008067551 0.9565856971216367 0.6664700155880794 0.5018673080638396 0.3847362811706976 -0.5961111192436004 -1.160128629822475 -1.444815620503359 -1.5613346817435345 -1.6071418200928476 -1.6269460086874032 -1.6360119959557984 -1.6398632531665709 -1.6390142711124274 -1.6326528316627482 -1.6222505690554814 -1.610840613342101 -1.6022676148344468 -1.5983748216652789 -1.597134267900363 -1.5963180925401346 -1.595907937543678 -1.5948686138258055 -1.5925877423291686 -1.5889169189484422 -1.584925864170454 -1.5805085998745965 -1.5782378041687526 -1.5742249218615059 -1.5687282136575025 -1.5650511845783732 -1.5584726577523118 -1.5448146499268554 -1.5251217793601581 -1.5022593078634554 -1.4787375229649822 -1.4561303112485766 -1.437250655341172 -1.4206721665414546 -1.402005774643178 -1.385013269051743 -1.3697384446310186 -1.354544794566644 -1.3408221137952347 -1.3275876001233047 -1.314567362936205 -1.3028246147850784 -1.290157353418272 -1.2823136471930334 -1.2786487361535257 -1.281711235155248 -1.2887082018277847 -1.295085902594303 -1.3045529107829432 -1.312084731897212 -1.3183544039121535 -1.328043859093746 -1.338115057044735 -1.3478236308442135 -1.3535326410325992 -1.3609236243376943 -1.3675264095387003 -1.375221085736703 -1.3875407315360069 -1.3925244701345996 -1.3978948149549935 -1.403563520188441 -1.4109179459016838 -1.4165785202122458 -1.4207307013287591 -1.4224499590787083 -1.4292428383768767 -1.435279747100658 -1.4404931232489586 -1.4431493357039105 -1.4491146085467836 -1.4573437131632152 -1.4641096584711744 -1.4688740770605448 -1.4725329064355033 -1.4792093530191148 -1.4866713453924503 -1.49355727077386 -1.5023317823201987 -1.505435123232002 -1.5085319630107041 -1.5168597759025535 -1.5265156774723063 -1.5334799538763144 -1.5482945828748915 -1.5502600114315692 -1.5425774973414357 -1.5490400060942198 -1.561986158913567 -1.5625772323088545 -1.5841682419445768 -1.5865222741825937 -1.592176656096541 -1.5946261605505045 -1.597751709365064 -1.6005585928694714 -1.602706203827715 -1.6039108160177518 -1.6049786926834952 -1.6056179696033324 -1.606132768196367 -1.6067492395282712 -1.6087359360725235 -1.6173683044015341 -1.6299584817962405 -1.6383656982326134 -1.6452148259568262 -1.6510001549528759 -1.6570133756105332 -1.661168773848434 -1.6643107261585568 -1.6652133352386544 -1.6669624858785272 -1.6685972771084063 -1.6705250177349613 -1.671434288150544 -1.6718328369641944 -1.6734430176055137 -1.6749326884186397 -1.6774226340245295 -1.6788572876168384 -1.6801620198828957 -1.6810881150196262 -1.6818714872248923 -1.6824787943763708 -1.6829796855621342 -1.6834133422793307 -1.6838110384159257 
# Stellar mass-weighted [Mg/Fe]:
0 -1.3877787807814457e-17 -1.3877787807814457e-17 0.9220907263930502 0.9556994529328409 0.7515638965724885 0.6503581100476782 0.6008099756973106 0.28322091356215034 0.01746042619062875 -0.1464364464013696 -0.2508843118723768 -0.3229235168496595 -0.37618439576234447 -0.4177485740999287 -0.45149578339615265 -0.479687094850134 -0.5037306715754104 -0.5245677973956634 -0.5428688271286842 -0.5591407994243467 -0.5737648303034787 -0.5870233673736225 -0.5991221646517523 -0.6102309266962574 -0.6204803460521274 -0.6299780627551784 -0.6388057562679815 -0.6470423200560651 -0.6547507090700172 -0.6619977485996427 -0.6688206783989601 -0.675255158868624 -0.6813424786487516 -0.6871039842545912 -0.6925454591351244 -0.6976736039377267 -0.702499149011181 -0.7070444463029681 -0.7113394934520836 -0.7154105841853543 -0.7192738259914276 -0.7229336417189375 -0.7264133544618745 -0.7297212929577801 -0.7328707318799129 -0.7358758526997565 -0.7387401603535224 -0.7414763363000315 -0.744091996668341 -0.7465899600770238 -0.7489977551779583 -0.7513528779240339 -0.7536233333177977 -0.7558874288286935 -0.7580786725793356 -0.7602707490457682 -0.7623909798527926 -0.7644967710838682 -0.766544852117279 -0.7686019662233259 -0.7705914608039913 -0.7725684358792076 -0.7744901925475629 -0.7763987729648024 -0.7782460991363626 -0.7801152366271896 -0.7819154326896468 -0.7837008192868813 -0.7854330862204858 -0.7871760173837217 -0.7888551667650726 -0.7905237432196716 -0.7921368222249389 -0.7937644507402444 -0.795336474294033 -0.7969004883470099 -0.7984132004451058 -0.7999393406136834 -0.801426392023391 -0.8029079587215221 -0.8043408729768056 -0.8057749553140158 -0.807180688635428 -0.8085916810099305 -0.8099578937122691 -0.8113253492747609 -0.8126506098058341 -0.8139851435957786 -0.8152927926230784 -0.8166038297355868 -0.817871859967908 -0.8191491150689166 -0.8203910267620482 -0.8216293961429891 -0.8228420876098987 -0.8240665077647543 -0.8252424003283583 -0.8264366869983445 -0.827594458945694 -0.828763705521833 -0.8275805572309711 -0.8269426654790494 -0.8264477550171201 -0.8260178318220925 -0.8256326074417086 -0.8252879438938688 -0.824978965259602 -0.8246986597690729 -0.824200697732808 -0.822344558077126 -0.820290377180898 -0.8191428273715973 -0.8185214958677121 -0.8181372037664562 -0.8177666096485924 -0.8176471003031749 -0.8176472932753612 -0.8176864698886238 -0.8177351899361149 -0.8179100450463188 -0.8179884752862978 -0.81817365766632 -0.8181924905849959 -0.8185378996217029 -0.8187420929954227 -0.8195643682857848 -0.8202461733741905 -0.8208557061245139 -0.8215609089625775 -0.8224476294428597 -0.8230436348617736 -0.823794087838868 -0.8245499981579777 -0.8250554692462194 
# Gas [O/Fe]:
0.0 -2.220446049250313e-16 1.1904867604339358 1.1775242883777923 0.8296210699183804 0.6110683199058953 0.4582672518731892 -0.5375481232665305 -1.089807850340544 -1.350347472940533 -1.4517787102060642 -1.4883300619930069 -1.4992013366412662 -1.50108604254987 -1.5002866052464943 -1.4987918475144641 -1.498238799024993 -1.4939892911843935 -1.4904207122440565 -1.489075138266812 -1.4886573517718182 -1.488923363189488 -1.489198025872577 -1.4895136101890711 -1.4896370043103486 -1.4894896786045713 -1.4891708662415832 -1.488619874097185 -1.4881383152281895 -1.4871762708225493 -1.486823121882705 -1.4865073042804138 -1.4859593632396804 -1.4851842953539884 -1.4839548803070501 -1.4823115638503586 -1.4803089287035633 -1.4782994396169158 -1.4764386202012554 -1.47490115113815 -1.4725316164645166 -1.4704211399056066 -1.4686970857560175 -1.4670144465351702 -1.465357319870581 -1.4637131912318968 -1.4621269445873388 -1.4604583073449553 -1.4590922015438594 -1.4572109178404427 -1.4561470444330913 -1.4549843298089422 -1.454193734036842 -1.4537817408526945 -1.4535028978394877 -1.452674913895029 -1.4519042517019387 -1.451774340263547 -1.4512684572924206 -1.4513888720521222 -1.4501150530727536 -1.449837079345254 -1.451183805271427 -1.4494970025287408 -1.4477843998892599 -1.4492040808691604 -1.4487186397149194 -1.4479098243633777 -1.4480240757582126 -1.4483360384910138 -1.4480118918456288 -1.4475911699576038 -1.4467712535283228 -1.447610373065439 -1.4468925786612181 -1.4471127782233177 -1.447443760494019 -1.4474986655684128 -1.4476380857813191 -1.4478591127170768 -1.4472109265718873 -1.4462860015501453 -1.4459311428133983 -1.4468112358384766 -1.4475759145300926 -1.447226390916955 -1.4461207305293993 -1.4448232466755513 -1.4458522872019817 -1.4474110013244144 -1.4472513156842597 -1.446376880746537 -1.429750443456996 -1.4443740501382623 -1.453882095968315 -1.452137490494554 -1.4498090800730474 -1.447035604498757 -1.445908343930785 -1.4455992723749589 -1.443535340463176 -1.4455927255538645 -1.4466251665342769 -1.4464725849458477 -1.4464887164661995 -1.4463771974610116 -1.4461550014370184 -1.445880884431991 -1.4455701086840662 -1.445713867489692 -1.4456479669518776 -1.4453503274407293 -1.4460421827475591 -1.4467820418187793 -1.4476968853655883 -1.4495221712049928 -1.4514707588792874 -1.453410265544675 -1.4540286233731412 -1.4553676662240649 -1.4570586319465193 -1.4586556738042793 -1.4596267401933947 -1.4599180393743605 -1.4618260554895033 -1.463810140756715 -1.467261034940428 -1.4699227562489539 -1.4719789799511873 -1.4735346605605626 -1.4747716424291495 -1.4757915676543987 -1.4766503372672493 -1.4773847380952936 -1.4780126120685366 
# Stellar mass-weighted [O/Fe]:
0 0.0 -2.220446049250313e-16 1.1424509287928202 1.176617556016204 0.9367650421064129 0.8115037241490954 0.7511068913711678 0.430121448393741 0.16380114617775754 3.247315692767039e-05 -0.10429297970316065 -0.17624444050243926 -0.22941051744936447 -0.2708770950657834 -0.3045352736495005 -0.3326662125325127 -0.3567088454492936 -0.3775865991782643 -0.3959713683182575 -0.4123562685176041 -0.42709569167801675 -0.4404645055456309 -0.45266947120359624 -0.4638799991966873 -0.4742305116346456 -0.4838326762435503 -0.49277227617282504 -0.5011267787185842 -0.5089607044435038 -0.5163285952804618 -0.5232792072882285 -0.5298524016973917 -0.5360792746233902 -0.5419926231911326 -0.5476207055931833 -0.5529841663429084 -0.5580984345456727 -0.5629849871526136 -0.5676685222279452 -0.5721590233819195 -0.5764650897536495 -0.5806031649207974 -0.5845882525263625 -0.5884237289742505 -0.5921232419474114 -0.5956958106285386 -0.5991441030293332 -0.6024807042701916 -0.6057094313157073 -0.6088366628518631 -0.6118709153607119 -0.614838222148404 -0.617671277267148 -0.620458475704654 -0.6231278643124526 -0.6257612529843932 -0.6282827213789836 -0.6307706800560476 -0.6331616414408529 -0.6355333443721112 -0.637801879346579 -0.6400513444732814 -0.6422218326690019 -0.6443626653311286 -0.6464183072912968 -0.6484732435390305 -0.6504468592565966 -0.652398074005207 -0.6542841274385202 -0.6561692816896222 -0.6579773056298909 -0.6597711299779673 -0.6615060609094007 -0.6632459828250422 -0.664916097035339 -0.6665731853024935 -0.6681767049178198 -0.669786249435144 -0.671342064853728 -0.672884999283539 -0.674372708085121 -0.6758596082520738 -0.6773087263491189 -0.6787567517327602 -0.6801512997957804 -0.6815376876709072 -0.6828806158246286 -0.6842316404543997 -0.6855480057061798 -0.6868589033579034 -0.6881198210881126 -0.6893744438258725 -0.6905775118819947 -0.6918152262241501 -0.6930281660485482 -0.6942329094615542 -0.695388952025052 -0.6965376236734939 -0.697655045043791 -0.6987818794770886 -0.6975800638755594 -0.6969221041190938 -0.6964055828758245 -0.6959536083485807 -0.6955478327674187 -0.6951841304312916 -0.6948572052593252 -0.6945602262392065 -0.6940320811011595 -0.6920410373144327 -0.6898151428209282 -0.6885578738872404 -0.6878697529421572 -0.6874356903119953 -0.6870089106872248 -0.6868580286336219 -0.6868379029777986 -0.6868774151907063 -0.6869124413067517 -0.6870872936341883 -0.6871593787152938 -0.6873442743995433 -0.6873567957883556 -0.6877169444736002 -0.6879182024321582 -0.6887658635428769 -0.6894702846979035 -0.6900970275301919 -0.6908236699081154 -0.6917629672872416 -0.692370821900685 -0.6931662728030159 -0.6939406485551631 -0.6944766865558173 
# Stellar mass-weighted [N/O]:
0 0.0 0.0 -1.6446221237177805 -1.831435717602143 -1.6114916099544523 -1.2497696139978713 -0.9386045591231977 -0.7061165557497324 -0.5399402948772389 -0.41988935770473756 -0.33287054505396396 -0.26911410865765606 -0.2205251913801416 -0.18108517840803606 -0.14727366429675004 -0.11672115366847124 -0.0875411512500971 -0.059149054951068925 -0.03179481680466589 -0.006805804600125254 0.01503551830387917 0.03383308830115894 0.050109490177221216 0.06435789460490215 0.07661679368260066 0.0865234144942415 0.09407368487965295 0.09954610316876444 0.1032558619830749 0.1054712382340397 0.10640400182671317 0.1062181989874259 0.10504877472136398 0.1031377060763784 0.1009866897003091 0.0989369868803619 0.09707823975088137 0.09541227636528582 0.09389399368718421 0.09249554933992155 0.09119822118525311 0.08998677401823274 0.08885249199680623 0.08778116759145482 0.08675549889341416 0.08579821448631841 0.08488925023897287 0.08402001204840115 0.08318579477751853 0.08238421723796585 0.08161719774759668 0.08087434084045197 0.08017173888080786 0.07949007030233157 0.07884393718938909 0.07821581590707316 0.07761547580515094 0.07703310089934623 0.07647720763870469 0.07593568964962905 0.0754115949978309 0.07490193171803439 0.07442226820549613 0.07394432604802614 0.07348213169686924 0.0730355227977113 0.07260750072832867 0.07217860879515892 0.07176942159148203 0.07137450011639779 0.07098562412016773 0.07059577152139951 0.07022597627004479 0.06986925464908511 0.06951622947824765 0.06916070128810292 0.06882020682466883 0.06849364557420734 0.06817939482749047 0.0678542301539733 0.06753939165741951 0.0672322650089422 0.06694198489084124 0.06665234765977579 0.06636880879252438 0.06608088997130734 0.06580173443112214 0.06552867949765906 0.06527629394675116 0.06502089645171272 0.06476223464265474 0.06450034528306992 0.06423031250528333 0.06399422645858643 0.06377873531847433 0.06355352651364699 0.06332175014214092 0.06306618281327647 0.06283802588792187 0.06262479820612177 0.06284031170447035 0.06296283881945175 0.06305216729086993 0.06311609237620408 0.06316709949344668 0.06321785288993664 0.06326985806021668 0.06332474034453728 0.0634323072339672 0.06377711884241699 0.06430564252464899 0.06471302648405475 0.06516912915592676 0.0655793136952687 0.06607602618917707 0.06660061102284398 0.06710548733705946 0.06729711091102208 0.06758987264019112 0.06809506160609569 0.06844790181808913 0.0688200163679723 0.06890821101847278 0.06954664997211535 0.0700151294257586 0.0713069290990137 0.07231940748735954 0.07321837621993599 0.07415786574422856 0.07518371432265658 0.07604519810341015 0.0768654802634452 0.07786772705238654 0.07843947122629102 
# Stellar mass-weighted [C/O]:
0 -1.1102230246251565e-16 0.0 -1.1705893923925839 -1.2116200904285523 -1.004987003955701 -0.8874884725778454 -0.835786043192976 -0.79753851586101 -0.7607221678439111 -0.7292283232255726 -0.7032760562227196 -0.6813950425987002 -0.6625551975050529 -0.645914237715727 -0.6308640295767057 -0.616930783612092 -0.6036821086586099 -0.590955413624826 -0.5786869280950354 -0.5667708552849041 -0.5551286939925031 -0.5437668278761101 -0.5326971788685646 -0.5219151872955937 -0.5108888573437178 -0.4986915565356901 -0.4849856645067443 -0.46998488978242126 -0.454067432231416 -0.43757935461971875 -0.4207823784483934 -0.40386857620877525 -0.3869659174814303 -0.37001667555915496 -0.3527783083539382 -0.3351784815638543 -0.31723095486574027 -0.2990546150065282 -0.2809714703908346 -0.2629526706866937 -0.24516554182665662 -0.22765717595834 -0.2104250694116595 -0.19357414851631416 -0.1770420804339753 -0.16092811271095958 -0.14519166467509925 -0.1297181372972871 -0.11480418932521924 -0.10017046752377518 -0.08605777210082338 -0.07223801987629447 -0.05921913837801629 -0.04667673930519112 -0.03464539246138959 -0.02305054493102121 -0.012100495790855481 -0.0012058964279399453 0.009028330150736952 0.018978808779757578 0.028640846166760797 0.03808062887182556 0.046991737034622644 0.05583722035508412 0.06443860320252559 0.07270191672556056 0.08044161156895613 0.08810277876871758 0.09540340254246646 0.10233867560185117 0.1088434574647335 0.11530103081954526 0.12152883727522196 0.127446260466878 0.13299669563514158 0.1385124317188047 0.14389365223070347 0.149152824600791 0.1540063368404961 0.15872865627986557 0.16330259097503477 0.16792240302890027 0.17231793013245844 0.17649784477065675 0.1804269958041877 0.18435185389462644 0.18820511964164188 0.19211344440944056 0.1957222097688062 0.19915503142535795 0.20243126433741362 0.20573825314727487 0.208976991406997 0.21229303956071763 0.21539733494858496 0.2183329289233672 0.22111008152839137 0.22389525869872715 0.22664381564635117 0.22945468073618067 0.2264429921297911 0.2247723199041364 0.22346226975675917 0.22233053694323313 0.22132034325023858 0.22040620936091476 0.21957357163922908 0.21880518174326033 0.21742510517669064 0.21227157500699542 0.2062613743870904 0.20268101276976083 0.20036683025083657 0.1987142843277156 0.19693457597318756 0.19576507195399723 0.19494577853891532 0.19476171307402562 0.19437270777881743 0.1940075756109009 0.1936346947801633 0.19351513141268034 0.19339826388508996 0.193288573476107 0.1930203054593908 0.1930477751562603 0.19314984905143162 0.19324288473193313 0.19351309610727865 0.19416786092455068 0.19426269548165206 0.19489809083957504 0.195169956127218 0.1955702659651703 
# Stellar mass-weighted [O/H]:
0 -5.218485947384705 -6.5705972582337075 -4.775591386571799 -3.2082357356100992 -2.9051066843600806 -2.802624431027988 -2.774700976807539 -2.770643778165927 -2.7711272017895485 -2.771632769964458 -2.771458030548872 -2.770861344390018 -2.770031684615562 -2.769082198123189 -2.7680809294495736 -2.767063364966045 -2.7660562695913047 -2.765044749111384 -2.7640474856666586 -2.7630813270606502 -2.7621510701913676 -2.761256552223869 -2.760390039613494 -2.759552125859167 -2.7587452177111267 -2.757968197916859 -2.7572113202370527 -2.7564748186486536 -2.755759902666874 -2.755066514860676 -2.7543935949066682 -2.753736767256309 -2.753094194169657 -2.75246998844111 -2.7518671387411624 -2.7512748669941622 -2.7506839591141645 -2.7501086806728283 -2.749545606516623 -2.7489947786609346 -2.7484523910384606 -2.747914927202162 -2.7473920526324678 -2.746874755098321 -2.746368378192635 -2.7458708864687598 -2.7453793890657554 -2.744899643650096 -2.744420394883952 -2.743954990645862 -2.743498994965506 -2.7430415313796424 -2.74260649326097 -2.7421603606305887 -2.7417410655188545 -2.741324364921174 -2.740910937299228 -2.7405042884933755 -2.740116577906077 -2.7397224208912263 -2.7393351623305104 -2.7389577612716263 -2.738596890798103 -2.7382168589537406 -2.7378551666969244 -2.737511520036624 -2.737165715849409 -2.7368035486096636 -2.736468722451426 -2.7361478688298693 -2.735818587098927 -2.7354731250033986 -2.7351544287578387 -2.73485633064334 -2.7345508626874295 -2.734225854410835 -2.733913287469039 -2.7336246840100635 -2.7333476078195673 -2.7330533746483416 -2.7327507804333537 -2.732452909745909 -2.7321857837332812 -2.7319229186976175 -2.7316549309420584 -2.73136975017756 -2.731084226384451 -2.730816405793713 -2.730577791546665 -2.730332777867334 -2.730078561858142 -2.729809708001725 -2.7295235626035748 -2.7292745848884987 -2.7290595337707417 -2.7288383469345785 -2.7286077143377643 -2.7283598244007967 -2.7281120258341387 -2.727861256926908 -2.728135012288374 -2.728309362494607 -2.7284498761711493 -2.728559781424072 -2.728646039706349 -2.728719764385284 -2.7287858986509477 -2.7288486379606613 -2.7290135668416777 -2.7295371827004162 -2.730131888499879 -2.73045022143973 -2.7306608845202947 -2.7308411816622487 -2.730988246729706 -2.731051835156779 -2.731093070301701 -2.731054695075498 -2.7311213768372182 -2.7310957487958074 -2.731058387000335 -2.73106944646267 -2.7310819384304805 -2.730978854754788 -2.730935286329969 -2.7307440396118032 -2.7306002243612255 -2.730485892040063 -2.730356559978982 -2.73007715240953 -2.729995349408626 -2.729758010257531 -2.7296472534869647 -2.7294855068233836 
# Gas [Mg/H]:
-5.218485947384705 -6.812943270487043 -4.727899766799057 -2.7768018961883545 -2.172932639244422 -1.7914933637138004 -1.5316381473736644 -1.3235926182521665 -1.0831931457183552 -0.7721109229451173 -0.4511426821343516 -0.2543596444687619 -0.1918012605860735 -0.1895935886914959 -0.20278951659147193 -0.21509151685465966 -0.22128233690240684 -0.22203497311809706 -0.22075261648132027 -0.22162399838575908 -0.2271407377437713 -0.2344853099116495 -0.24211635919847208 -0.2499828644611899 -0.2567911289868965 -0.2607426464984268 -0.26275668373931715 -0.2643925565161238 -0.26531188873265066 -0.2679487682573001 -0.2685600557893455 -0.26749673312408184 -0.2684855468883036 -0.26661911955003426 -0.25540000361648385 -0.23603987818754568 -0.2143242600017352 -0.19275385932617262 -0.16960790491144628 -0.1519063744338469 -0.13577327780439585 -0.11750547510196974 -0.10164007529044827 -0.08644110280788109 -0.07246450673359295 -0.059115799416336046 -0.04656347832365437 -0.03460662859603936 -0.022520734200556447 -0.012574386196803289 -0.003108066148433508 -0.0005247435844069059 -0.004199444951599851 -0.010470930816315338 -0.020379672019859463 -0.028292261752490333 -0.034510874466503694 -0.045729343259361066 -0.05307624074486128 -0.06113657739539935 -0.07510601128829286 -0.08061966176832946 -0.08538680956328637 -0.09426114662251628 -0.10645031802252625 -0.1154780322902651 -0.11916638971832061 -0.12973757697367283 -0.14003531625504806 -0.14464737559327556 -0.14992576372486166 -0.15947821411961538 -0.1680192537347267 -0.17126593400341417 -0.17451199257571215 -0.1834004480002278 -0.19373959941841523 -0.20154154312668027 -0.20539873502151007 -0.2111180691993182 -0.22050419853839198 -0.23214382657052202 -0.2407160341212924 -0.24269087203481643 -0.24697832699431466 -0.2594277352225136 -0.26961369147228353 -0.28088025688713536 -0.2846663076575435 -0.2874497479075204 -0.294033624269205 -0.31393012370409146 -0.3229578622457874 -0.32282152864205305 -0.32684256691355706 -0.3320434771329204 -0.3299441470267679 -0.3546444316981656 -0.36346517178895166 -0.37649370737476406 -0.38498810380142423 -0.385902390903202 -0.38493043023425155 -0.38468359158033394 -0.3851766369065901 -0.38670669180318384 -0.38861597693002725 -0.39096993459260077 -0.39331299915938356 -0.39510554344887794 -0.4075166470376148 -0.428357368416731 -0.4426683715270885 -0.455327265812949 -0.46518514446757386 -0.4748430969662625 -0.4817957066852454 -0.4868412879807904 -0.4887951388303975 -0.49097481735839477 -0.4937337448316139 -0.4951576173485801 -0.4956750258348688 -0.4953970567815684 -0.49595778489617093 -0.49412354867803376 -0.4906956665046076 -0.48617845766991064 -0.4836653610746513 -0.48281517619083925 -0.4836063137004407 -0.4834652234451342 -0.4847127518869705 -0.4860150311976188 -0.48703470341654764 
# Gas [C/H]:
-5.218485947384705 -6.812943270487043 -5.7275045978220955 -3.7685573256734726 -2.9180098745163834 -2.378588713043553 -2.0267295129186733 -1.6290502552034436 -1.1194545474081021 -0.6109602463637573 -0.19346360711156496 0.0539965470000765 0.14888701543326643 0.17571627253283806 0.18377510777757422 0.19045296295369596 0.20183726728085327 0.21645736432709795 0.23166199274213062 0.24773078737509424 0.26413008342276845 0.28005763658986904 0.29456772367188355 0.3078952283420664 0.33264784296116856 0.3815284226929436 0.44183117561468954 0.49977978361023556 0.5507271634253508 0.5947120947320963 0.6327829533228884 0.6660749314124139 0.6955384422168578 0.7243776089420932 0.758604060593977 0.796394442543551 0.8334511622199265 0.8678764276570785 0.8992372318507735 0.9278855583150962 0.9540257167774175 0.9781291642465213 1.000378743725999 1.0211471346681087 1.0404541005520276 1.0582071226341636 1.0751141088486507 1.092696978737516 1.1061517730084445 1.119517717504555 1.132764401682639 1.1439322223157848 1.1508531825358412 1.1566413446134183 1.1620265198867905 1.1674032691251197 1.1725943739710112 1.1772243074997277 1.181894637953976 1.1864573046601303 1.1907484379818585 1.1951163164459273 1.1993591791456177 1.2033529888252974 1.2070551521646125 1.209423228134808 1.208770239084866 1.2067788178902932 1.203601558424424 1.200125545008674 1.1965095248001067 1.1926364908958247 1.1883373427101027 1.1845774749144917 1.1823825675066244 1.1792836903596506 1.1753011180824284 1.1716999362508935 1.1681406455110195 1.1643888850648683 1.1603663894976375 1.1561771806250132 1.152441156348054 1.1491346293129672 1.145683230971914 1.1415769623202796 1.1376416472309732 1.1336845755988816 1.1304585190146428 1.1274380408874842 1.123742834879966 1.1199338485923338 1.1161621426085775 1.1124206160548038 1.109085458605401 1.1062102211339013 1.1030953941975756 1.099185904061006 1.0956312271607578 1.0926755943053137 1.0906169631599076 1.0880973444776743 1.086356694300615 1.0849885804802009 1.0835416451902464 1.0822517999457912 1.080841702138827 1.079378457131253 1.077959712206758 1.0754657713500304 1.0630693023441538 1.038564163554744 1.0140707803530988 0.9905532453951476 0.968955812308705 0.9413282218281704 0.9170408533333694 0.8951102885660998 0.8881071332416908 0.8747129261055027 0.8564714171174663 0.8412604439446576 0.8320102931179236 0.8280133759997312 0.8118579885309107 0.7953577527618996 0.766623499370481 0.7433132280047143 0.7238251542763128 0.7065420382321279 0.6905908225969313 0.6776182465387248 0.6649398381905884 0.6536627363271155 0.6437136173599534 
# Gas [O/H]:
-5.218485947384705 -6.812943270487043 -4.505200007171877 -2.555863304932199 -2.009781584914121 -1.6822923518717445 -1.4581071766711728 -1.2650296222750965 -1.012872366236424 -0.6776427753822913 -0.3415867105968813 -0.13554788636892168 -0.06405658853993579 -0.05466763528556706 -0.06321286867139442 -0.07486909325669533 -0.08686830426465164 -0.09377369524700985 -0.10033271538327648 -0.10843152181812465 -0.11742326785031043 -0.12627440520077426 -0.13499629253091516 -0.14358853710658304 -0.15155951947143897 -0.15764458277383042 -0.16301063103245816 -0.16808656644285458 -0.17294160408624348 -0.17688723491109748 -0.18115825581054468 -0.18527582374699358 -0.1893937255496101 -0.19333075715171066 -0.19454023399667886 -0.1932296626777461 -0.19237388084184293 -0.19231577597810645 -0.18991621386412483 -0.18955687023082568 -0.18763272772745854 -0.18592084036439793 -0.18532389199472288 -0.1837171047120325 -0.18327703203753032 -0.1820068768529981 -0.1811028227876883 -0.1804975730047893 -0.17878832095933683 -0.17962795061897374 -0.17694146338849137 -0.1768603372398232 -0.1766819438331937 -0.17554446984122585 -0.17879666726504428 -0.1764142648645759 -0.17433039427123065 -0.17914927961075433 -0.17630083894353632 -0.17441039240278622 -0.17739743351683313 -0.17692410008098403 -0.17564699049701904 -0.176231739612557 -0.17901363217508237 -0.17714138162341841 -0.1753605592986407 -0.17975258638205727 -0.18449587182481952 -0.18206546818260572 -0.1813591353582451 -0.1863386827484601 -0.1923405481843412 -0.18963346869197606 -0.18612482413627207 -0.19002010297458627 -0.19803402420852345 -0.19992560014831007 -0.19569310763961356 -0.1948675234452204 -0.19884104804973424 -0.20589692168516338 -0.20743782391557586 -0.20283076248084253 -0.2009969707505479 -0.20432234381927072 -0.21029929876968012 -0.21717154055198273 -0.2136588189569717 -0.20834507175962935 -0.20780498607715048 -0.21201242157573708 -0.20244829427121536 -0.22461808143887962 -0.2316846567876527 -0.22219480871390784 -0.21717599479096172 -0.21751179425234612 -0.22285124153714309 -0.22991632365318138 -0.23389728371409557 -0.23374340709200148 -0.23099700389905653 -0.22844997269846656 -0.2277545373550387 -0.22810519658069994 -0.22915300876371258 -0.23071805082822472 -0.23213386831517857 -0.23208347486604586 -0.23579630958795805 -0.24374921406121963 -0.2503448560420356 -0.2568944816749017 -0.26188187488028625 -0.2673518925607232 -0.27209769171609866 -0.2759408273669086 -0.2776104269648849 -0.27937999770393196 -0.2821950996697269 -0.2832882734178983 -0.28386747787771993 -0.2834822591917354 -0.28434082278016026 -0.2830010010161086 -0.2805340674205059 -0.27724392630202654 -0.2754823211429427 -0.2752617217317761 -0.27650646890469766 -0.2767779967231614 -0.2783834035920867 -0.2799864270135819 -0.28123627706915766 
# Gas [N/O]:
0.0 0.0 -1.8320318438526728 -1.837063628125629 -1.510776300199407 -0.8987341595682696 -0.30980918156396964 0.20918940673676645 0.5965435618393671 0.83591117634979 0.9490941147911671 0.9951040503829828 1.0120285250603598 1.0238945529548689 1.0391367207131614 1.0625996134446434 1.0996317755789495 1.1387645080592284 1.1756782758148918 1.1980221586122286 1.2037371060073023 1.1992669196144046 1.1906590069899703 1.180846085271737 1.164326685149197 1.1308213627328345 1.0810172671471898 1.0184580869212134 0.9445504290207791 0.8570132397642033 0.7518945120938323 0.6183324092062508 0.4329830923475306 0.15885550618014932 -0.1888218541247495 -0.5357209227029414 -0.7889800576390136 -0.8812686615542853 -0.9426073891568016 -0.9696748663850967 -0.9695782802084751 -0.9720206151614657 -0.9750312298284276 -0.9763247895386833 -1.0424497604494793 -0.9815530379260331 -0.9501416635527584 -0.9649526884722117 -0.9730213334052791 -0.9843343433010443 -0.9917619772947919 -0.9864559611328656 -0.9687341975438244 -0.9559803661248203 -0.9407714469439103 -0.9357919220907909 -0.9224463807823897 -0.8975965831169057 -0.8872702352669273 -0.8824243053053786 -0.8690361889670628 -0.8550524764150129 -0.8440328898766343 -0.8286125431245508 -0.8206285441240344 -0.8408100151384454 -0.8098526404327373 -0.7962419384450858 -0.8000468171685975 -0.7988165314522748 -0.7959110903704989 -0.7939345495422498 -0.7904169526284299 -0.7921539747409667 -0.7924164613199634 -0.7880848922753374 -0.7850536538535511 -0.7762722349330369 -0.774889572750505 -0.7973158071865698 -0.780183065148955 -0.7625088522482142 -0.7706024543295804 -0.7822543390290211 -0.7682103683557395 -0.7583956005336359 -0.7574816661582748 -0.7746481240015002 -0.7614244889657724 -0.7592998376578237 -0.7581750955050717 -0.7461902436899535 -0.7697907652355451 -0.7461620133142022 -0.7426273042757374 -0.7534680015066937 -0.7534483439479944 -0.8428239211044204 -0.7637678235517535 -0.7136736644259374 -0.7013126862172983 -0.7107766658117243 -0.7168509734179644 -0.7180270543760925 -0.7236858011418792 -0.7277772414237422 -0.730696021015977 -0.7323410668344554 -0.7331322677565875 -0.7340160943666931 -0.744926359653064 -0.7505923152858567 -0.7531377073206649 -0.7532307016471618 -0.7541522446312363 -0.7578412705956834 -0.7621669847005748 -0.7673731304259117 -0.7693324392990717 -0.7726883653004353 -0.778194185560714 -0.7840747381068278 -0.7879653198522925 -0.7903545011290187 -0.7978453634403946 -0.8081308965510106 -0.8274189180756009 -0.8447898740435422 -0.858525498944871 -0.8690919875184024 -0.8776542895101689 -0.885520428924722 -0.8896006821752394 -0.8952629311580416 -0.8993854857944756 
# Gas [N/H]:
-5.218485947384705 -6.812943270487043 -6.337231851024551 -4.392926933057829 -3.5205578851135275 -2.5810265114400144 -1.7679163582351434 -1.0558402155383302 -0.41632880439705744 0.15826840096749795 0.6075074041942861 0.859556164014061 0.9479719365204242 0.9692269176693018 0.9759238520417668 0.9877305201879478 1.012763471314298 1.0449908128122192 1.0753455604316153 1.0895906367941044 1.086313838156992 1.07299251441363 1.055662714459055 1.037257548165154 1.012767165677758 0.9731767799590045 0.9180066361147317 0.8503715204783586 0.7716088249345354 0.6801260048531059 0.5707362562832876 0.4330565854592576 0.24358936679792054 -0.034475250971561344 -0.38336208812142836 -0.7289505853806872 -0.981353938480857 -1.073584437532392 -1.1325236030209265 -1.1592317366159222 -1.157211007935933 -1.1579414555258634 -1.1603551218231507 -1.1600418942507158 -1.22572679248701 -1.1635599147790305 -1.1312444863404458 -1.1454502614770012 -1.151809654364616 -1.1639622939200187 -1.1687034406832835 -1.1633162983726892 -1.1454161413770176 -1.1315248359660455 -1.1195681142089544 -1.1122061869553663 -1.0967767750536206 -1.0767458627276598 -1.063571074210464 -1.0568346977081644 -1.046433622483895 -1.031976576495997 -1.019679880373654 -1.0048442827371078 -0.9996421762991172 -1.0179513967618643 -0.985213199731378 -0.9759945248271427 -0.9845426889934172 -0.9808819996348808 -0.977270225728744 -0.9802732322907097 -0.9827575008127702 -0.9817874434329426 -0.9785412854562354 -0.9781049952499243 -0.9830876780620743 -0.9761978350813463 -0.9705826803901196 -0.9921833306317911 -0.9790241131986894 -0.9684057739333776 -0.9780402782451567 -0.9850851015098643 -0.969207339106287 -0.9627179443529066 -0.9677809649279547 -0.9918196645534829 -0.9750833079227439 -0.9676449094174533 -0.9659800815822219 -0.9582026652656905 -0.9722390595067596 -0.9707800947530822 -0.9743119610633899 -0.9756628102206006 -0.9706243387389559 -1.060335715356766 -0.9866190650888962 -0.9435899880791192 -0.9352099699313943 -0.9445200729037264 -0.9478479773170205 -0.9464770270745593 -0.9514403384969174 -0.9558824380044424 -0.95984902977969 -0.9630591176626808 -0.9652661360717669 -0.966099569232739 -0.9807226692410218 -0.9943415293470759 -1.0034825633626996 -1.0101251833220628 -1.016034119511522 -1.0251931631564064 -1.034264676416674 -1.0433139577928197 -1.0469428662639562 -1.0520683630043672 -1.0603892852304408 -1.0673630115247263 -1.0718327977300124 -1.073836760320754 -1.0821861862205546 -1.0911318975671191 -1.107952985496107 -1.1220338003455685 -1.1340078200878132 -1.1443537092501792 -1.154160758414867 -1.1622984256478839 -1.1679840857673254 -1.175249358171623 -1.180621762863634 
# Gas [C/O]:
0.0 0.0 -1.222304590650219 -1.2126940207412737 -0.9082282896022624 -0.696296361171808 -0.5686223362475001 -0.3640206329283472 -0.10658218117167823 0.06668252901853389 0.1481231034853166 0.18954443336899857 0.21294360397320183 0.23038390781840562 0.24698797644896875 0.2653220562103915 0.28870557154550525 0.3102310595741075 0.331994708125407 0.3561623091932186 0.3815533512730791 0.4063320417906434 0.4295640162027985 0.4514837654486492 0.48420736243260754 0.5391730054667736 0.6048418066471482 0.66786635005309 0.7236687675115947 0.7715993296431931 0.8139412091334327 0.8513507551594067 0.8849321677664679 0.9177083660938044 0.9531442945906562 0.9896241052212972 1.0258250430617695 1.0601922036351845 1.089153445714898 1.1174424285459215 1.1416584445048756 1.1640500046109192 1.1857026357207214 1.2048642393801416 1.223731132589558 1.2402139994871613 1.256216931636339 1.2731945517423051 1.2849400939677815 1.299145668123529 1.3097058650711306 1.320792559555608 1.327535126369035 1.3321858144546441 1.3408231871518346 1.343817533989695 1.3469247682422418 1.3563735871104823 1.3581954768975129 1.3608676970629159 1.3681458714986916 1.3720404165269118 1.375006169642637 1.3795847284378544 1.3860687843396953 1.3865646097582263 1.3841307983835072 1.3865314042723504 1.3880974302492437 1.3821910131912796 1.3778686601583512 1.3789751736442848 1.3806778908944437 1.374210943606468 1.368507391642896 1.3693037933342371 1.3733351422909517 1.3716255363992034 1.3638337531506335 1.3592564085100889 1.3592074375473717 1.3620741023101768 1.3598789802636293 1.35196539179381 1.3466802017224615 1.3458993061395501 1.3479409460006535 1.3508561161508637 1.3441173379716147 1.3357831126471131 1.3315478209571163 1.331946270168071 1.3186104368797922 1.3370386974936836 1.3407701153930536 1.328405029847809 1.3202713889885374 1.316697698313352 1.3184824686979006 1.322591917958495 1.3245142468740037 1.3218407515696762 1.3173536981996719 1.3134385531786672 1.3112961825452851 1.3103569965264912 1.3099947109025398 1.3100965079594777 1.3100935805219365 1.3075492462160763 1.2988656119321116 1.2823133776159634 1.2644156363951338 1.2474477270700488 1.2308376871889912 1.2086801143888932 1.1891385450494685 1.1710511159330081 1.165717560206575 1.1540929238094346 1.1386665167871937 1.1245487173625561 1.1158777709956433 1.1114956351914662 1.096198811311071 1.0783587537780086 1.0471575667909867 1.0205571543067404 0.9993074754192558 0.9818037599639043 0.9670972915016293 0.9543962432618865 0.9433232417826748 0.9336491633406969 0.9249498944291115 
# Gas [Ca/H]:
-5.218485947384705 -6.812943270487043 -5.010221122626392 -3.0584210976212987 -2.424068067732266 -2.0104428684423192 -1.715280567186066 -0.8435345450639078 -0.07949570195260236 0.5086752850053369 0.9441513483140938 1.1860078650300911 1.2681902403699157 1.2794061139750834 1.2700411793172899 1.2568723071123413 1.2443086664799976 1.2331583427866795 1.2230203342362937 1.2136211152838756 1.2042246406543207 1.1956174892271259 1.1871716453201318 1.1789086180960027 1.1710010025189392 1.1655169441411397 1.1591712738326363 1.15320815044395 1.1478469843184858 1.1431351411703687 1.1386384010046466 1.1342094813511139 1.1293990096938353 1.1249217822786148 1.1224239529791369 1.1222558763915407 1.1215818948984966 1.1205521270247791 1.119170772835231 1.1170128904846814 1.1169340405729313 1.1172706312389264 1.1164686947647695 1.1166294540371036 1.115047595311287 1.1148459006521358 1.1138503816863583 1.1126055939274426 1.113170931403248 1.1105139046724677 1.1121078410391556 1.1110975031533643 1.1104522804054353 1.1112090588730634 1.1076269181060612 1.109244778045035 1.110541377072745 1.1055465117329302 1.107989305070963 1.1098711220868616 1.1056984034514086 1.1061131933507689 1.108722309721343 1.1064096832843902 1.1018432557527547 1.1052674678261587 1.1062580142516119 1.1010406724442303 1.096423551950898 1.0989895183117806 1.0995003143127686 1.0941792245856012 1.0856822452922286 1.0909420779321994 1.0947096252488153 1.0907587271052472 1.0827479559245656 1.0806383818509007 1.0850081369314646 1.0859936969850095 1.0813390097778237 1.073788397216612 1.0715452117862663 1.078651782656423 1.0796364193283052 1.0746271408526225 1.068002240352179 1.0600644493047575 1.0650408114186751 1.0721763632086825 1.072499612520521 1.06722062778256 1.0609371665168323 1.0531269761215931 1.0550594657187604 1.0626860148079151 1.065421869630117 1.0623622183550996 1.0559606884485282 1.0480212331882166 1.0420130509553047 1.0444089173479547 1.048556726509272 1.0511603631403839 1.051914262831657 1.0514430757395266 1.0501555921436596 1.048326427673972 1.046605788299929 1.0467104994812786 1.0428933347292233 1.0420407518048806 1.0286991984689395 1.02289817127496 1.0188066773369195 1.0152055299689113 1.0123664203090987 1.0104619284125986 1.009404485064124 1.0089861409453835 1.007835007744891 1.0083648555771605 1.0087579213151399 1.009434254074943 1.0104881676908253 1.0138036836484394 1.019721691588705 1.0256685426237464 1.0294872186657447 1.0312611694789497 1.0312600751986398 1.032004860467996 1.0312556280559289 1.0303887384518937 1.0297665605477544 
# Gas [Ne/H]:
-5.218485947384705 -6.812943270487043 -4.65280674260198 -2.701453941486111 -2.093157221974833 -1.7358568665647738 -1.5095839617015052 -1.354236061773694 -1.2285258287284666 -1.0987953344747003 -0.9822003469590648 -0.9184382354264216 -0.9269706529065713 -0.945997193910098 -0.9603727320794233 -0.9730090695405629 -0.9828872811775238 -0.9898726597917253 -0.9966988855281684 -1.0042474811781625 -1.0114865407585016 -1.0192127796478685 -1.0268539218141344 -1.0343655726027503 -1.0408540198745202 -1.0453969007657848 -1.0524416811399524 -1.0544786336538703 -1.0611340786520884 -1.0575980379652377 -1.0549689356169667 -1.0600968257379861 -1.065860575893816 -1.061482642215724 -1.056132312609944 -1.0464170079055704 -1.031076861373605 -1.0145581586414663 -0.9974204590314555 -0.9771246914493359 -0.9642835909679022 -0.9603194167844205 -0.9506319815031468 -0.9358923660140857 -0.9222114001977726 -0.9065945834879372 -0.9079481799628057 -0.895074412870903 -0.883914123391369 -0.8756995851903113 -0.8656502793381442 -0.8586261527099808 -0.8540604384898769 -0.8545157632894886 -0.8522797916450484 -0.8366724452281389 -0.838642621449952 -0.8370321956203552 -0.7841513430550675 -0.8278874349730092 -0.8602466766174732 -0.8429591677456987 -0.8276512809971797 -0.8181957383677458 -0.8174076731162963 -0.8148954615378203 -0.8125661751831439 -0.818206665565099 -0.827244210546187 -0.8271846367360967 -0.8334244574900627 -0.8386426682848738 -0.8480659763123954 -0.8477881206877118 -0.8542386675352089 -0.8586176872885112 -0.8710718664752353 -0.8766445595976924 -0.8760694699278506 -0.8749230149256375 -0.8851055492763269 -0.8936111365296364 -0.9024455430223357 -0.9151420367303009 -0.9111037323762039 -0.9069421244682276 -0.9124107383084556 -0.9268215690574308 -0.9344115987307537 -0.9331181173035716 -0.9374263241918541 -0.9452765887937886 -0.9563470778899807 -0.9637852817791543 -0.9714637051378903 -0.9664741068085716 -0.9821188314892755 -0.9728840608540805 -0.9778693258349698 -0.9862964059093153 -1.0062966907492248 -1.0117357767788917 -1.0086723563373043 -1.0072983663456911 -1.0091160031052517 -1.0088147339220646 -1.0107499469321066 -1.0147945248020562 -1.0180477120177445 -1.0259485559882817 -1.0364785458791195 -1.0626015394947341 -1.0811119536071727 -1.0972895695406049 -1.1116060484578503 -1.125904492889978 -1.13648019053141 -1.1437696280284522 -1.14679670021283 -1.1504584846722263 -1.15551078928587 -1.1584314797539852 -1.160081114176327 -1.1601816683748822 -1.1624098136916912 -1.1623705654422194 -1.161697747505868 -1.1589855189963822 -1.1584310902233224 -1.1589757331639916 -1.160583999060587 -1.1610814446366007 -1.162920219126291 -1.1646578094437814 -1.166030659896581 
# Gas [Si/H]:
-5.218485947384705 -6.812943270487043 -4.700830720543674 -2.7490291975120096 -2.126705298663997 -1.721743911065344 -1.4405702708922856 -0.8191021082641354 -0.127052826620349 0.44480103990730235 0.8758090383087391 1.1163182900212827 1.1981120503399572 1.2092283084676616 1.1998415450273603 1.186691249255741 1.1741433219739297 1.1629875388837183 1.1528996029166758 1.1434664162969574 1.1340612502043763 1.1254871967323794 1.1170019064219874 1.1087310075398444 1.1008979572937543 1.094664257488514 1.0889866414688192 1.0833730597609894 1.0780143573315377 1.0731151066046594 1.0684962981037782 1.064060523309593 1.0594103352485664 1.0546985899501906 1.0522614179466325 1.0519749292958536 1.0508497808242212 1.048863163402141 1.0494057212943986 1.0482199305989126 1.047863486597274 1.047480528589666 1.0463490978156123 1.0467705961613758 1.0450030198715816 1.044443036378825 1.0439609831883678 1.0429865178686812 1.0433076154035863 1.0406384013583105 1.0422850600421412 1.041196057341001 1.0406134435745749 1.041270986271957 1.0375366487519626 1.0392672082301444 1.040697352619047 1.0357420409498372 1.0379717694649733 1.0399116446032557 1.0357905528827014 1.0357137164397292 1.038329308823156 1.0361707188849252 1.0318842562780084 1.0349720903486483 1.0361683245375475 1.0309747262589424 1.0262336021153833 1.0289654345048977 1.029654199081354 1.024261539220344 1.0173400896886156 1.0208411888732503 1.0236358318058598 1.0199522686234372 1.0122983206565044 1.0104436077230474 1.0147854917070567 1.0158240286580158 1.011230162967275 1.0032625065456346 1.0013691613086757 1.0067724843809152 1.0094221504473166 1.0057580027389181 0.9986649901327174 0.9905253804911371 0.9950454404135538 1.0019260241848733 1.0023135379730577 0.9966848871879876 0.9901350556576216 0.9828331149105707 0.9850979505733419 0.9928520220655441 0.9954095547865545 0.9922802700876088 0.9858897687919796 0.9784390547516435 0.9724378622688938 0.9747074336942476 0.9784359570040655 0.9808197582971983 0.9815361490482628 0.9810235736033137 0.9797481093446945 0.9779294497671165 0.9762095537255902 0.9764239743201779 0.9726255836815918 0.964373084068364 0.9584512600819202 0.9526553410089043 0.9485815115724825 0.944935702601013 0.9421464899333998 0.9402348707815045 0.9391819999026421 0.9387414389926168 0.9376233045244717 0.9381296663697736 0.9385205708186368 0.939197689133616 0.940245252712903 0.9435670668011795 0.9494788370008744 0.9554289170151442 0.9592464479156959 0.9610217758089248 0.9610148883201988 0.9617631917807166 0.9610157621136382 0.9601468846757788 0.9595260755415862 
# Gas [S/H]:
-5.218485947384704 -6.812943270487044 -4.777777265522169 -2.825398472676045 -2.1859348471935656 -1.7723228723664786 -1.4881287294959566 -0.8417482624321115 -0.1400562406742063 0.43416965480713987 0.8658087859021357 1.1065003001881664 1.188338080002422 1.1994862247516807 1.1901333525625315 1.1769806621512005 1.164436762316487 1.1532866512480995 1.1431834489445367 1.1337410144673647 1.1243358862167208 1.1157638656754085 1.1073188851530187 1.099036673707269 1.0911917619970466 1.0847961442260354 1.0792729177663385 1.073759028726303 1.0683899810778144 1.0639674850837704 1.0588245120997066 1.054098319908427 1.0495317459285998 1.0449094548077351 1.0425637516716812 1.0422235008448086 1.0411047159870592 1.0391327063041405 1.0396756012139705 1.0384687968086292 1.0379300230129802 1.0377318786233025 1.0366339181197421 1.036826836162085 1.0353150798060495 1.0347236674589246 1.0340380038261792 1.0330710129642342 1.0334674234716266 1.0308472203313634 1.0324030037372238 1.0313310071924828 1.0307763049830476 1.0314572911424817 1.0277395390062503 1.0293289153546734 1.0308983130732678 1.0254660099603896 1.028233281220201 1.030500952239633 1.0257673797524451 1.0261307611705286 1.0288560486369236 1.0267817897909453 1.0222719479290276 1.0252675916266134 1.0264698483968542 1.0212160207191783 1.0166142427986231 1.0194321279277005 1.019783157917356 1.0146118055389648 1.0078435814244404 1.0112963919593887 1.0140531158198156 1.010352144425461 1.0026618246200876 1.0008253439838346 1.005248346030183 1.0062552338424866 1.0015985064140844 0.9936250708769521 0.9917846249648181 0.9972011268673375 0.9997697457187638 0.996184340843755 0.9890608438336379 0.9809439913365456 0.9852453706005413 0.9919354918191061 0.9923854044229818 0.9877890020187423 0.9808549880959507 0.9732129814870261 0.9756159633143557 0.9833438274838091 0.9859720666259584 0.9827796102812125 0.9762722948165687 0.9688467870996207 0.9628667020790145 0.9651776695702683 0.9695213852112801 0.9716786693822699 0.971696343964608 0.9708579531026813 0.969833787584987 0.9682570020641483 0.96665357754721 0.9668886888626487 0.9631038918514139 0.9548467399899052 0.9489335171118949 0.9431344519163356 0.9390590011433622 0.9354159803172619 0.9326237930944328 0.930723869449662 0.9296616618750875 0.9292272465957345 0.928108934571684 0.9286126767709941 0.9290016506647576 0.9296792369278766 0.9307258282555391 0.9340455419131506 0.9399453357557279 0.9459250490833551 0.9497154197480429 0.9514900137498619 0.9514686256475553 0.9522296866483804 0.9514838553454177 0.9506143825578723 0.9499934381036148 
# Stellar mass-weighted [Mg/H]:
0 -5.218485947384705 -6.5705972582337075 -4.995951588971568 -3.4291538386934635 -3.090307829894005 -2.9637700451294053 -2.9249978924813966 -2.917544312997518 -2.9174679217766775 -2.9181016895227554 -2.9180493627180883 -2.9175404207372377 -2.916805562928542 -2.9159536771573347 -2.9150414391962256 -2.9140842472836663 -2.913078095717421 -2.9120259473287824 -2.9109449444770847 -2.909865857967393 -2.908820208816829 -2.9078154140518597 -2.9068427330616498 -2.9059030533587364 -2.9049950521286094 -2.9041135844284875 -2.9032448003322093 -2.9023903599861347 -2.9015499072933872 -2.9007356681798573 -2.899935066017399 -2.899139524427542 -2.898357398195019 -2.897581349504569 -2.896791892283103 -2.895964304588981 -2.8950846735796727 -2.894168139823183 -2.8932165777407617 -2.8922463394643687 -2.8912611272762394 -2.890245404000301 -2.88921715456798 -2.8881723190818507 -2.8871158681251377 -2.8860509285399774 -2.8849754463899435 -2.8838952756799365 -2.882802960236585 -2.881708287871022 -2.8806258347827534 -2.8795561871552726 -2.8785585493116193 -2.877589313754627 -2.876691873785738 -2.8758338609825485 -2.875019195773036 -2.8742303795211956 -2.873499788582503 -2.872791042742442 -2.8721247437879223 -2.8714748526775535 -2.8708652506766628 -2.8702529665874144 -2.8696829585419907 -2.8691535131247834 -2.8686342892824594 -2.868106293891338 -2.8676176812333916 -2.8671546045239698 -2.8666964482341077 -2.8662257382451015 -2.8657851900733773 -2.865374798558543 -2.864971239946124 -2.864553157455351 -2.864149782996326 -2.863777775188603 -2.8634319349892294 -2.8630763340863243 -2.862718945325038 -2.8623682568078515 -2.862057746019591 -2.861757847974789 -2.861461524858547 -2.861157411781413 -2.860854220365656 -2.8605699089350916 -2.8603225784635633 -2.8600777042450174 -2.8598306007379373 -2.8595843792447697 -2.8593370774836293 -2.8590887548073374 -2.858873455332092 -2.858671945237778 -2.8584611626410705 -2.858258887725646 -2.858051439736041 -2.8578430829716535 -2.8581355056437845 -2.858329923854564 -2.858492048312444 -2.8586240048975835 -2.858730814380639 -2.858823577847862 -2.8589076586512245 -2.858987071490528 -2.859182183473325 -2.85984070346311 -2.8606071228598493 -2.861035174924087 -2.861312627445849 -2.861542695116711 -2.861745945691074 -2.861840906826332 -2.8619024605992633 -2.8618637497734145 -2.8619441254665805 -2.8619185002079393 -2.861887483571339 -2.861898829729446 -2.8619176332271206 -2.86179980990289 -2.8617591768932336 -2.8615425443547107 -2.8613761130375126 -2.861244570634385 -2.861093799033445 -2.8607618145651488 -2.8606681623697154 -2.860385825293384 -2.8602566030897787 -2.8600642895137858 
# Stellar mass-weighted [C/H]:
0 -5.218485947384705 -6.570597258233709 -5.946180778964383 -4.419855826038652 -3.910093688315783 -3.6901129036058338 -3.610487020000514 -3.568182294026937 -3.5318493696334583 -3.5008610931900304 -3.4747340867715915 -3.4522563869887186 -3.4325868821206145 -3.4149964358389155 -3.39894495902628 -3.3839941485781377 -3.369738378249915 -3.35600016273621 -3.3427344137616943 -3.3298521823455545 -3.317279764183871 -3.3050233800999784 -3.293087218482058 -3.281467313154761 -3.269634075054845 -3.2566597544525493 -3.2421969847437975 -3.226459708431074 -3.2098273348982893 -3.192645869480395 -3.175175973355061 -3.157605343465084 -3.1400601116510876 -3.122486664000265 -3.1046454470951 -3.086453348558017 -3.067914913979905 -3.0491632956793566 -3.030517076907458 -3.0119474493476277 -2.993617932865117 -2.975572103160501 -2.957817122044127 -2.9404489036146346 -2.92341045862661 -2.9067989991797196 -2.890571053740854 -2.874617780947383 -2.859224584209172 -2.8441254581696374 -2.8295567670663297 -2.8152795512559363 -2.8018256316389856 -2.7888370999357797 -2.7763864579802444 -2.7643749098521946 -2.753011433090083 -2.741710184921315 -2.7310882477553413 -2.7207436121114696 -2.7106943161637496 -2.7008771323998007 -2.69160515376348 -2.6823796385986567 -2.6734165634943983 -2.664809603311064 -2.6567241042804532 -2.6487007698409455 -2.64106531990896 -2.6338091932280188 -2.626975129634193 -2.620172094183853 -2.6136255914826165 -2.6074100701764618 -2.6015541670522877 -2.5957134226920298 -2.5900196352383356 -2.5844718594092724 -2.5793412709790715 -2.5743247183684757 -2.5694481894583188 -2.564530506717009 -2.5598678536008235 -2.555425073926961 -2.551227935137871 -2.5470178962829335 -2.5428791067428094 -2.5387029613842724 -2.534855581777858 -2.5311777464419754 -2.527647297520729 -2.5240714548544503 -2.5205465711965784 -2.5169815453277806 -2.513662198822156 -2.5105054180112107 -2.5074976328093728 -2.5044645657020688 -2.501468210187787 -2.498406576190728 -2.5016920201585826 -2.5035370425904713 -2.5049876064143897 -2.5062292444808385 -2.5073256964561095 -2.50831355502437 -2.509212327011718 -2.510043456217401 -2.511588461664987 -2.517265607693421 -2.5238705141127884 -2.5277692086699695 -2.530294054269457 -2.5321268973345337 -2.534053670756519 -2.535286763202782 -2.536147291762785 -2.5362929820014717 -2.5367486690584 -2.537088173184907 -2.5374236922201714 -2.5375543150499897 -2.5376836745453906 -2.537690281278681 -2.5379149808705783 -2.5376962644555423 -2.5374503753097937 -2.5372430073081294 -2.536843463871704 -2.5359092914849786 -2.5357326539269742 -2.534859919417956 -2.5344772973597465 -2.5339152408582137 
# Stellar mass-weighted [N/H]:
0 -5.218485947384705 -6.5705972582337075 -6.420213510289578 -5.039671453212243 -4.516598294314534 -4.052394045025858 -3.713305535930737 -3.476760333915659 -3.3110674966667863 -3.191522127669196 -3.1043285756028363 -3.0399754530476732 -2.9905568759957033 -2.9501673765312244 -2.915354593746324 -2.883784518634517 -2.8535974208414006 -2.8241938040624532 -2.795842302471324 -2.7698871316607754 -2.7471155518874886 -2.727423463922709 -2.7102805494362725 -2.6951942312542645 -2.6821284240285266 -2.6714447834226185 -2.6631376353573994 -2.6569287154798893 -2.652504040683799 -2.649595276626637 -2.647989593079955 -2.6475185682688833 -2.6480454194482927 -2.649332282364732 -2.6508804490408533 -2.6523378801138007 -2.6536057193632825 -2.6546964043075425 -2.6556516128294385 -2.656499229321013 -2.657254169853207 -2.6579281531839287 -2.6585395606356617 -2.6590935875068658 -2.659612879299221 -2.6600726719824417 -2.6604901388267823 -2.660879631601695 -2.6612346001064333 -2.6615707734078953 -2.6618817972179105 -2.66216719053919 -2.662434754380162 -2.662670290328257 -2.6628971283294653 -2.6631085490141 -2.6632954614940765 -2.6634711875940287 -2.663639370267373 -2.663786731241598 -2.663923567332679 -2.6640558295535914 -2.664174622592607 -2.6642725329057146 -2.6643730350000547 -2.664475997238913 -2.6645582151210805 -2.6646249398145043 -2.6646993008599438 -2.6647733687134725 -2.6648329629787586 -2.664877353481998 -2.6649284524877945 -2.6649870759942553 -2.6650346332091823 -2.6650651531227316 -2.66509308064437 -2.665131038435856 -2.665168212992077 -2.665199144494368 -2.6652113887759343 -2.6652206447369675 -2.6652437988424404 -2.6652705710378424 -2.665286122149534 -2.6652888602062523 -2.665282491953329 -2.6652877262960546 -2.6653014975999136 -2.6653118814156214 -2.6653163272154874 -2.6653093627186557 -2.6652932500982915 -2.6652803584299116 -2.665280798452267 -2.665284820420931 -2.665285964195623 -2.66529364158752 -2.6652739999462165 -2.665236458720787 -2.665294700583903 -2.665346523675156 -2.6653977088802794 -2.6654436890478674 -2.6654789402129015 -2.6655019114953475 -2.665516040590731 -2.665523897616124 -2.66558125960771 -2.6657600638579995 -2.6658262459752295 -2.6657371949556747 -2.665491755364367 -2.66526186796698 -2.664912220540529 -2.664451224133935 -2.6639875829646416 -2.6637575841644745 -2.663531504197027 -2.6630006871897125 -2.6626104851822454 -2.6622494300946977 -2.662173727412008 -2.661432204782673 -2.6609201569042105 -2.6594371105127896 -2.658280816873866 -2.657267515820127 -2.656198694234754 -2.654893438086873 -2.6539501513052164 -2.6528925299940855 -2.651779526434578 -2.6510460355970924 
# Stellar mass-weighted [Ca/H]:
0 -5.218485947384705 -6.5705972582337075 -5.272979698748539 -3.7106618207109197 -3.3523097630011467 -3.21064214447774 -3.161970163577271 -3.0371773120804058 -2.894543189407319 -2.7877557062480722 -2.712340215394784 -2.6570614074495715 -2.6144727538242787 -2.580214569463358 -2.5517289920241897 -2.527448864210525 -2.5063571488056375 -2.4877617191628634 -2.471174006341464 -2.4562269949135977 -2.442654044689153 -2.4302410335060802 -2.4188157868128304 -2.408243609823206 -2.3984224646817456 -2.3892294750115433 -2.380646520648689 -2.3725859781866436 -2.36498551262455 -2.357795983472238 -2.3509801690993406 -2.3445043371432384 -2.33834421089575 -2.332465501207042 -2.326857100858942 -2.3214845410869707 -2.316320326103839 -2.3113532738158398 -2.3066211283382128 -2.3020808598507703 -2.297696295557552 -2.293449326176267 -2.2893476607948884 -2.2853805969770287 -2.2815516190750946 -2.277839274939125 -2.2742479447611714 -2.2707684601021274 -2.2673802188435994 -2.26409508970972 -2.2609020050454527 -2.2577651817146043 -2.254771065864193 -2.251805191027625 -2.2489720191525464 -2.2461716785991266 -2.2434751488927454 -2.2408150217040754 -2.2382592024678676 -2.235715058754387 -2.2332692781737595 -2.230847302049356 -2.22851323732636 -2.226186980760911 -2.223956558090931 -2.2217421858285604 -2.219602410015767 -2.2174655145048385 -2.215414140863018 -2.213378455839379 -2.211402406765764 -2.2094219620906204 -2.2075365327525276 -2.2056478035400433 -2.203809023179973 -2.201966945871959 -2.200188682814888 -2.1984302122739523 -2.196731396442029 -2.19502714614811 -2.1933647816303363 -2.191704097742952 -2.190111731070564 -2.188511504128325 -2.186969616918338 -2.1854253900884215 -2.183914341153301 -2.1824116778393963 -2.1809665424664813 -2.1795184859093277 -2.178107807298506 -2.1766894471657343 -2.175297087501473 -2.1739107925856453 -2.172583385255005 -2.1712576225614137 -2.1699665585560517 -2.168664636323501 -2.167390903621155 -2.166108819965361 -2.1674856555570834 -2.168264030873308 -2.1688788220940873 -2.169403787739747 -2.169862644336293 -2.1702702926641315 -2.1706365638836678 -2.1709719095157043 -2.171621563775016 -2.173972612648102 -2.176609283269385 -2.17808055820269 -2.1789216725949956 -2.1794995355821998 -2.1800374496720316 -2.1802386345930307 -2.180297616788029 -2.1802225911680173 -2.180256933821699 -2.180070043510347 -2.1799660345978547 -2.1798070857740512 -2.179808108010854 -2.1793734641272886 -2.1791446741207423 -2.1781739078522557 -2.1773823322175367 -2.1766916804222687 -2.1758942541872184 -2.1747508986980497 -2.1741101353641223 -2.1731410108618734 -2.1723181012829 -2.171663074638932 
# Stellar mass-weighted [Ne/H]:
0 -5.218485947384705 -6.5705972582337075 -4.92178305609872 -3.3538325738974413 -3.012160133488523 -2.893639844541501 -2.862016397783467 -2.8595806129766554 -2.8637746906750126 -2.8680489811922856 -2.871243947333655 -2.8734989491922933 -2.8751360918443982 -2.87634230545369 -2.8772530490664696 -2.8779579216490303 -2.878512376557757 -2.8789534215870862 -2.8793098072039367 -2.8796015182360213 -2.879843048515112 -2.8800440563734853 -2.8802068233966427 -2.880339181791385 -2.8804502670576637 -2.8805455532494673 -2.8806221189472234 -2.880680452918509 -2.8807281721859157 -2.8807635308791752 -2.8807873740012564 -2.880802719206012 -2.8808094472615142 -2.8808079986422523 -2.8808063716791485 -2.880795320163008 -2.880763376589961 -2.880724714955181 -2.8806792384075957 -2.8806246887684575 -2.8805638128144757 -2.88049860050398 -2.8804336170814375 -2.8803571159448804 -2.880277145168902 -2.8801908584031626 -2.880106302758512 -2.8800191187676285 -2.8799205478522074 -2.8798264314857107 -2.8797308180794783 -2.879628559193936 -2.8795340018982154 -2.879427379806784 -2.8793336707186183 -2.879232745252886 -2.879130829057692 -2.8790294385482422 -2.8789056422430663 -2.8788126766807114 -2.8787290410491826 -2.8786391619431253 -2.878549968576528 -2.8784386829759585 -2.8783366124173613 -2.8782519987267463 -2.878159169442685 -2.8780493000809226 -2.877960352311871 -2.8778877738909268 -2.8778023962935064 -2.8776988966763106 -2.8776167324291952 -2.877556658435493 -2.8774873493427506 -2.8773956273856554 -2.8773098374906247 -2.8772507456656697 -2.877198115905319 -2.8771270194224785 -2.8770428770857386 -2.876964373916568 -2.876914373438244 -2.876874362218837 -2.876819529959022 -2.8767438046150415 -2.8766626713369616 -2.876604868559114 -2.8765729337834953 -2.8765347476058434 -2.8764818762161983 -2.8764144706556936 -2.87634702314545 -2.8762948252041296 -2.8762653587275206 -2.876236487329084 -2.8762001540126656 -2.876143397969032 -2.8760822039827554 -2.876020092230614 -2.8760994106140494 -2.8761682187740547 -2.8762281993332737 -2.8762683622239242 -2.876291366446302 -2.8763082146438954 -2.8763233388220657 -2.876339612470602 -2.8764217651133146 -2.8766421095438517 -2.8768990300359505 -2.8770285664946647 -2.8771339542987997 -2.8772500056364336 -2.8773345275681113 -2.877374141916887 -2.877411383298827 -2.8773762935668667 -2.877450550063025 -2.8774476053912013 -2.87741923954737 -2.8774581719559347 -2.877474062979677 -2.877418263400033 -2.877404244530716 -2.877334178038266 -2.8772922026960943 -2.877269838487507 -2.8772481234508867 -2.8771014288384524 -2.87711220629666 -2.8769877489755036 -2.8769956733107405 -2.8769101345418084 
# Stellar mass-weighted [Si/H]:
0 -5.218485947384705 -6.5705972582337075 -4.9692341284376536 -3.40140316528072 -3.0507562965032795 -2.9136507995074536 -2.868702465262941 -2.8073994267967572 -2.731892012428909 -2.668205589198206 -2.6193310501745897 -2.5814942537937497 -2.551222239048843 -2.526191758113468 -2.504937008770522 -2.486513713717188 -2.4702890117594993 -2.4558207736069857 -2.442785898373751 -2.4309433581987836 -2.420110511410299 -2.4101372727180808 -2.4009049384391608 -2.3923165759242817 -2.3842980844249277 -2.3767844925440755 -2.369715965129057 -2.3630464978922188 -2.356739074386547 -2.3507599941663564 -2.3450774330128485 -2.3396625012167265 -2.334494131875032 -2.3295560816514556 -2.3248334009511504 -2.320301867282941 -2.3159436509091895 -2.3117595139812206 -2.30772812228967 -2.303843826374666 -2.300096054299809 -2.296471451610101 -2.2929694646759238 -2.2895714003473406 -2.2862907292433663 -2.2831103034353015 -2.280020982206876 -2.2770224793717286 -2.2741022743429804 -2.2712685768285406 -2.2685105785747597 -2.2657988466411485 -2.2632079092130297 -2.260638098339232 -2.2581843503522254 -2.255754948670451 -2.2534112969210476 -2.251097854827033 -2.248876089786343 -2.2466611494669104 -2.244529103749758 -2.2424218285138764 -2.240389133786027 -2.2383579031810683 -2.236407448502489 -2.234475305069422 -2.2326035022314787 -2.230730869836499 -2.2289350279910796 -2.2271522340391705 -2.225417208278386 -2.223676254247394 -2.2220075523070006 -2.220354234357657 -2.2187471607245213 -2.2171295637968544 -2.2155645487237736 -2.214017881291439 -2.2125239814555027 -2.2110222014203655 -2.20955431936615 -2.2080909617880815 -2.2066870574760387 -2.205287734201365 -2.20392412042761 -2.2025490779059282 -2.201207404633135 -2.1998763021727124 -2.1986006340667625 -2.197322051646198 -2.1960733694777748 -2.1948177303774603 -2.1935854156177 -2.1923563696138872 -2.191179660685549 -2.190003945334065 -2.188858518885702 -2.1877016165277903 -2.1865685609479364 -2.1854249809850126 -2.18665167489974 -2.1873473962759347 -2.187897470002188 -2.188365937568104 -2.188773916406027 -2.189135827952475 -2.1894609582592084 -2.189758828613141 -2.190341611065424 -2.192441650620391 -2.1947960251986 -2.196107424117903 -2.196859772585799 -2.1973816311153103 -2.1978647343674025 -2.198045294964065 -2.1981004134257525 -2.198029255966145 -2.1980681422911283 -2.1979013252909576 -2.1978053794470283 -2.19766923398058 -2.1976722232229315 -2.1972801214360116 -2.1970758413078393 -2.1962084803297124 -2.1955030969227147 -2.194889387989198 -2.1941814693848434 -2.1931521639993354 -2.192586663782551 -2.191713962092434 -2.1909869244581035 -2.1903967138892435 
# Stellar mass-weighted [S/H]:
0 -5.218485947384704 -6.570597258233708 -5.045121834181217 -3.4777588891505813 -3.116009870168238 -2.973776161039787 -2.9270683716995487 -2.8593517873657115 -2.7764598193716834 -2.7075062850282006 -2.6551573607751537 -2.6149329218202784 -2.58292261071058 -2.5565579144464623 -2.5342371225646936 -2.5149389227254355 -2.497978699668253 -2.4828807624655873 -2.469299907873121 -2.456977741335706 -2.445718925200908 -2.4353639771445907 -2.4257856960122046 -2.41688378026054 -2.4085791415977438 -2.400807823887459 -2.393495672239159 -2.3865983151871912 -2.3800800072604913 -2.3738917499470906 -2.368029227477612 -2.3624501072980024 -2.357123456612305 -2.3520340236500976 -2.3471664961161327 -2.342499193608477 -2.338011907563234 -2.333704793338943 -2.329556148622016 -2.3255603794503097 -2.32170907904353 -2.3179816983208994 -2.314381115845558 -2.310892038215968 -2.3075196595125673 -2.3042521589416687 -2.301081902701279 -2.29800461954874 -2.2950073384621623 -2.2920987339039165 -2.2892695983740596 -2.286488133118871 -2.2838304715301856 -2.2811950683168503 -2.2786786580647718 -2.276189174658059 -2.2737863373498612 -2.2714200584694595 -2.269141007898938 -2.2668671371654625 -2.2646858207473217 -2.262524394533357 -2.260439330198606 -2.258356103495905 -2.2563581039742946 -2.254379195433752 -2.2524623412370035 -2.2505457086645304 -2.248706129015882 -2.2468792732783465 -2.2451050428147505 -2.2433228668215275 -2.241613399278865 -2.23992009068229 -2.238275010966894 -2.236619872160756 -2.23501884523582 -2.2334359197132594 -2.2319064986571657 -2.230369943005859 -2.2288689842656053 -2.2273725461316554 -2.2259360758885522 -2.224504325218388 -2.223110133817717 -2.221704082024999 -2.2203326737795006 -2.218971517278039 -2.2176680827931863 -2.2163628448494412 -2.2150878452033007 -2.213799780394588 -2.212539437832694 -2.211284013767912 -2.210080505551568 -2.2088783699499857 -2.2077071514004283 -2.2065250259203903 -2.20536804977856 -2.204200101983947 -2.2054527858123087 -2.2061627483303203 -2.206724027517361 -2.2072022896953145 -2.2076190447473385 -2.2079888247737944 -2.2083210320496933 -2.208625335108893 -2.209219567045092 -2.2113628254933495 -2.2137656251254274 -2.2151044594490807 -2.2158719332348342 -2.216403425808747 -2.216896021414615 -2.2170800877359493 -2.217135866155105 -2.2170639188954695 -2.2171021961404183 -2.2169318101344935 -2.216834435106385 -2.2166944468195364 -2.216697200219693 -2.216297545198988 -2.216089111301457 -2.21520392246393 -2.2144837308382197 -2.2138568587018552 -2.213133649786787 -2.212084502967919 -2.2115062805083223 -2.210616784642978 -2.2098735357946007 -2.209272032688814 
# Gas metallicity, [Z/X]:
-5.2406767730474275 -6.8351340961497655 -4.7702684012747545 -2.8199296597225336 -2.2341934909474572 -1.7356683188660529 -1.1641604469209497 -0.6088440674516307 -0.14727503141677212 0.2366827643266638 0.5383652470537015 0.7043460524084488 0.7556698129785347 0.7635639984012355 0.7549391757750717 0.7436343798712806 0.7327274857268322 0.7262877657665754 0.7211148767530522 0.716001936625276 0.7089661430982716 0.7022161410469543 0.6947003276806925 0.6877813737745575 0.6807548034567319 0.6762057146612841 0.6716010689343608 0.6687263444732292 0.6643520744033664 0.6625626485463236 0.6586391143675034 0.6570283804487471 0.6540124832704233 0.6532208766308001 0.6549162844332876 0.6616008805246822 0.6666193821468507 0.6764617381442788 0.6826097273039757 0.6931751190566899 0.6961518309156893 0.7118946060618869 0.7060078272674227 0.7355497108471095 0.7032148045579406 0.7764632992339013 0.6551445968441241 0.8722900513804014 0.3261393706586 1.101441083454366 -7.398171484036846 1.3672623327388318 -7.381534119691315 1.6048944742313416 -7.3667413126236525 1.8354335712404524 -7.346963952586519 2.068211939432741 -7.333322093254278 2.3156026866012462 -7.320051537465007 2.5725329320653594 -7.3020492492142655 2.845385535845114 -7.294050311886098 3.132971228379775 -7.275317672637234 3.432984466929722 -7.271490568778981 3.7492642862857277 -7.255090509950255 4.079005790586504 -7.254321899701749 4.423787665131665 -7.235660994803256 4.785319285555486 -7.2348187006269224 5.154471208422717 -7.220462623778923 5.5459718357130665 -7.212527779349124 5.94106647635192 -7.211147272359842 6.355782326046096 -7.192196086529414 6.784758023095951 -7.19223652819014 7.213401300456456 -7.1854461093620365 7.668810101687564 -7.167961656214288 8.133475048094363 -7.1701597465099685 8.596961029702193 -7.16581164774327 9.084879604875377 -7.145763835436217 9.585263496785451 -7.14597476025326 10.084867494058036 -7.1501920847389435 10.317568264661315 -7.580471976502885 10.276997232797765 9.103031702230219 10.08263687624128 9.657894253329617 9.879452719160804 9.736666041388519 9.720860648413128 9.46012361341368 9.260988216606401 9.140694271114292 9.050696482872208 8.9827133260137 8.904447235683895 8.84693013162384 8.801235570468004 8.788727387341131 8.764214267527414 8.732077654567792 8.706400806040492 8.691479629287432 8.68507536172777 8.658742218436956 8.633720577718986 8.594041030197285 8.565545569072892 8.541488504541544 8.520096448108344 8.500409181873945 8.484116745338492 8.46835538198163 8.45415402453318 8.441548591721185 
# Stellar mass-weighted metallicity, [Z/X]:
-4.152288344383056 -5.2406767730474275 -6.59278808389643 -5.038043713712055 -3.4722602013618946 -3.1448315786195193 -2.9751965961361693 -2.84635331359455 -2.7527189028284784 -2.699189874332868 -2.67198447472789 -2.6562350023665084 -2.6449109694996746 -2.635206284600377 -2.626146319865833 -2.6178040833259777 -2.610119506698082 -2.603031654231626 -2.5963764220965286 -2.5901152574705257 -2.584222696758898 -2.5787048316548518 -2.573519348311218 -2.5686400456818577 -2.564023078007658 -2.559655557543751 -2.5554963228573966 -2.5515331487134674 -2.5477216032081698 -2.544084107086938 -2.5405704995768277 -2.537210942675168 -2.5339538733602893 -2.5308147607367033 -2.5277564455877064 -2.5247802158190904 -2.5218394867260194 -2.5189448291793113 -2.5160370524045517 -2.513199391465239 -2.510346917621275 -2.507590322300479 -2.504750052547421 -2.502109658471018 -2.4992132556925997 -2.4968331265818406 -2.493631760533021 -2.491970729938661 -2.4876069730032118 -2.488316498070371 -2.4795607540576023 -2.482804708807941 -2.4662402562318313 -2.471127024306317 -2.4441906500663597 -2.45162081516259 -2.4096442516859646 -2.4207802476785334 -2.35707825793975 -2.3734412960785223 -2.2796822451877548 -2.302916346544512 -2.168342879240405 -2.200214640505931 -2.017806340198014 -2.0589529684140757 -1.825013672551268 -1.8750985735594272 -1.5924661528189172 -1.6500894667503807 -1.3262676763273833 -1.3896027893473673 -1.0311145549497274 -1.0987470245244404 -0.7134342762340113 -0.7841228646271998 -0.3762395421283713 -0.4492640159746346 -0.02035271642029368 -0.09540758239898839 0.3476468194499138 0.2712768208895513 0.7348670504694883 0.6567633635210643 1.131175598243554 1.0521199396697622 1.5438421536168772 1.463467672655534 1.9715412653971633 1.889900149519532 2.403742515144714 2.321619648528553 2.856146348982799 2.7726340471706648 3.320945672923567 3.2364464622842086 3.788574545577683 3.7037667754886643 4.274702468588774 4.188744005841032 4.774890782317786 4.687976458279108 4.659476741911225 4.643432974796728 4.63213997897557 4.623418511541421 4.616324061230509 4.610358122227582 4.605216996060938 4.596653062400705 4.571020425407761 4.548112876044379 4.536693855210511 4.529775022428858 4.525042750826491 4.520298925951626 4.517185138153723 4.515055761328926 4.514610439880603 4.513570375162532 4.512547142567054 4.511676719233443 4.511289429889326 4.511039407898452 4.510635637478955 4.510022365760383 4.509901258285728 4.509913907540066 4.510109840973067 4.5107403494098905 4.511718404043347 4.511912516509876 4.513240202379687 4.513651197719339 4.514612240721371 
# Number of SNIa (log_10):
0 0.0 0.0 0.0 0.0 0.0 4.610397105568212e+53 1.8820131659623917e+55 5.007494172552079e+55 8.321659638321386e+55 1.1375590098158404e+56 1.4088403396251368e+56 1.6494280325856476e+56 1.8646160902441867e+56 2.059034381654303e+56 2.2363095392476337e+56 2.3992318865977614e+56 2.549966722725042e+56 2.690223356344082e+56 2.821373243747647e+56 2.944533485401118e+56 3.060626494736918e+56 3.1704224869486725e+56 3.2745720092653e+56 3.373629967529138e+56 3.468071705990546e+56 3.5583103832887453e+56 3.6447057236792598e+56 3.727570776916709e+56 3.807182808570446e+56 3.8837907406619257e+56 3.957626743956198e+56 4.02885648688717e+56 4.097665568515922e+56 4.16422209092093e+56 4.228668468025533e+56 4.291133142147024e+56 4.351724190432098e+56 4.4105709178337125e+56 4.46776468638899e+56 4.523390818617244e+56 4.577535148099838e+56 4.630270713918539e+56 4.6816709793230575e+56 4.731803196195098e+56 4.780728608464525e+56 4.828504094369625e+56 4.875174259895764e+56 4.9208051958247345e+56 4.965439057263984e+56 5.009110871247719e+56 5.0518588419127835e+56 5.093730242372705e+56 5.134755654089265e+56 5.174969918201814e+56 5.214401915749816e+56 5.2530838730410554e+56 5.291011382360558e+56 5.328280911007128e+56 5.364893355374985e+56 5.400864886065224e+56 5.436204912749121e+56 5.470917291131529e+56 5.505044548357808e+56 5.538616291995288e+56 5.571639366884073e+56 5.604135770301796e+56 5.636124515921339e+56 5.667617044118634e+56 5.698626479379304e+56 5.729173167498339e+56 5.759270286804245e+56 5.788916158113928e+56 5.818143651550996e+56 5.846964205650408e+56 5.875379011844484e+56 5.903401503209757e+56 5.9310429601866944e+56 5.958313862899625e+56 5.985221721074378e+56 6.011781665071876e+56 6.0379865666216155e+56 6.063868570189406e+56 6.089429903299384e+56 6.114672065781245e+56 6.139602495308293e+56 6.164230857849352e+56 6.188570736443201e+56 6.212615686167109e+56 6.236372145244101e+56 6.25986101152931e+56 6.2830684719860896e+56 6.306023147054667e+56 6.3287420012055685e+56 6.351203189792219e+56 6.373412840338469e+56 6.395382236536941e+56 6.417120868080527e+56 6.4386233495410125e+56 6.4599000538794325e+56 6.480953031275062e+56 6.501784691935781e+56 6.522418894078608e+56 6.5428476754640525e+56 6.563069970214027e+56 6.5830960309988665e+56 6.602923079412002e+56 6.622553183583063e+56 6.641996125944754e+56 6.680336246078725e+56 6.861887361618416e+56 7.182514881620435e+56 7.459365526454618e+56 7.702973707706027e+56 7.920502593498749e+56 8.208532413389416e+56 8.460754238255223e+56 8.685096105831564e+56 8.754740972295504e+56 8.887113354476016e+56 9.070840110200231e+56 9.239357290301291e+56 9.344398611426345e+56 9.394945499587365e+56 9.585452711906106e+56 9.800915302189997e+56 1.0173493818663254e+57 1.0488209136960878e+57 1.0760646965591224e+57 1.1000906695830368e+57 1.121559997643669e+57 1.1409907170292943e+57 1.158720600052688e+57 1.1750267483395956e+57 1.1901211646474442e+57 
# Number of SNII (log_10):
0 0.0 6.896188216641731e+53 2.8183628986476605e+55 7.617716566521342e+55 1.2562899940836746e+56 1.6759107877102418e+56 1.9083164623302285e+56 1.997780725177714e+56 2.026559890322815e+56 2.034927423298148e+56 2.037269242619683e+56 2.037898626499994e+56 2.038136063883079e+56 2.0382132815570177e+56 2.0382498035361195e+56 2.0382761398629293e+56 2.038298803136298e+56 2.0383195333656135e+56 2.0383388855217757e+56 2.0383571079195497e+56 2.0383743509910604e+56 2.0383907282727016e+56 2.0384063258764014e+56 2.038421219831112e+56 2.0384354805100266e+56 2.0384491701130716e+56 2.038462336487427e+56 2.038475022099543e+56 2.0384872674166952e+56 2.0384991066852675e+56 2.038510570671222e+56 2.0385216794974306e+56 2.0385324644879103e+56 2.0385429521931286e+56 2.0385531652115465e+56 2.038563119286069e+56 2.038572817953766e+56 2.0385822775810303e+56 2.0385915195365532e+56 2.0386005490938614e+56 2.038609385134409e+56 2.038618035203192e+56 2.0386265043526404e+56 2.0386348071855233e+56 2.038642946787333e+56 2.038650934463195e+56 2.0386587755364056e+56 2.0386664753114775e+56 2.038674043123729e+56 2.0386814779440534e+56 2.0386887982475814e+56 2.038695878692525e+56 2.038703044902044e+56 2.0387100001438683e+56 2.038716943752884e+56 2.0387235867986648e+56 2.038730320962017e+56 2.0387367448932133e+56 2.038743274946402e+56 2.038749512399122e+56 2.038755830582284e+56 2.038761885691123e+56 2.0387680350507086e+56 2.0387739090768432e+56 2.038779878555642e+56 2.0387856085599637e+56 2.0387914284317427e+56 2.038796993220886e+56 2.0388026552949537e+56 2.038808089849966e+56 2.0388136130998e+56 2.038818898870618e+56 2.038824278473184e+56 2.0388294534601443e+56 2.0388347222484926e+56 2.038839762863479e+56 2.0388448846151047e+56 2.0388498078939173e+56 2.0388548399550006e+56 2.038859666207185e+56 2.0388645652370865e+56 2.038869260718964e+56 2.0388740618211256e+56 2.038878692435186e+56 2.038883408029072e+56 2.0388879178277805e+56 2.038892497365978e+56 2.0388969015767982e+56 2.038901431394118e+56 2.0389057976867355e+56 2.038910228749702e+56 2.038914462101676e+56 2.038918762536188e+56 2.0389229072083537e+56 2.0389271793284164e+56 2.038931309218086e+56 2.0389355064358334e+56 2.0389395139205454e+56 2.0389435778263476e+56 2.0389474853220086e+56 2.0389515055169973e+56 2.038954089440625e+56 2.038955588555652e+56 2.038956234617817e+56 2.0389562865924394e+56 2.0389562865924394e+56 2.0389562865924394e+56 2.0389562865924394e+56 2.0389562865924394e+56 2.0389562865924394e+56 2.0389562865924394e+56 2.0389562865924394e+56 2.0389562865924394e+56 2.0389562865924394e+56 2.0389562865924394e+56 2.0389562865924394e+56 2.0389562865924394e+56 2.0389562865924394e+56 2.0389562865924394e+56 2.0389562865924394e+56 2.0389562865924394e+56 2.0389562865924394e+56 2.0389562865924394e+56 2.0389562865924394e+56 2.0389562865924394e+56 2.0389562865924394e+56 2.0389562865924394e+56 2.0389562865924394e+56 2.0389562865924394e+56 2.0389562865924394e+56 2.0389562865924394e+56 2.0389562865924394e+56 2.0389562865924394e+56 2.0389562865924394e+56 
# [Mg/Fe] for total ejected gas till this time:
0 0 0.9717391859047313 0.9569218300309805 0.7597453511228058 0.6638556828911685 0.616564154942714 0.33706404557776226 0.09079062810927199 -0.07017670560026082 -0.17760183293982054 -0.25386035019011055 -0.3111799704422509 -0.35626583142092305 -0.3929794580076993 -0.4236665956949844 -0.4498318350928312 -0.4724945027761399 -0.49238184816435043 -0.5100361067302064 -0.5258691874310304 -0.5401897159812905 -0.5532323172846552 -0.5651837744124043 -0.5761915925989567 -0.5863744369247332 -0.5958301971706688 -0.6046432642245817 -0.6128839283756716 -0.6206178013169095 -0.6278920162396926 -0.6347495111770352 -0.6412309355668677 -0.6473638707582726 -0.653163941158814 -0.6586465895379906 -0.6638292632171905 -0.6687307889940118 -0.6733734127270372 -0.6777817340250817 -0.6819741443343333 -0.6859590336003866 -0.6897527412834638 -0.6933699971590752 -0.696820628472187 -0.7001172094961134 -0.7032687543108072 -0.7062829988967821 -0.7091710651202937 -0.7119361668488653 -0.7145964509636886 -0.7171663793858926 -0.7196667104409442 -0.7221080106003887 -0.7244907307414521 -0.726824573024291 -0.7291067542068067 -0.7313356500123996 -0.7335246879008827 -0.7356740297123896 -0.7377832425722468 -0.7398476585343202 -0.7418719267060635 -0.7438558497725045 -0.7458037381823915 -0.7477233797338025 -0.7496043955682298 -0.7514502171572548 -0.7532622091443731 -0.7550436979020188 -0.7567936248282209 -0.7585114952798088 -0.7601948126315611 -0.7618523709000656 -0.7634833516795767 -0.765087123447928 -0.7666622586945115 -0.7682135649202942 -0.7697436078942038 -0.7712511006438589 -0.772735263462682 -0.7741951179371375 -0.775635623515194 -0.7770573499206633 -0.7784598537087601 -0.7798452664100796 -0.7812092342544675 -0.7825533023724167 -0.783881455833254 -0.7851943831885809 -0.7864913035799908 -0.7877774070029402 -0.7890443528694991 -0.7902876100282661 -0.7915168007489566 -0.7927353701425822 -0.7939355368952381 -0.7951318376475809 -0.7963104044969832 -0.7974753710612963 -0.7986248705154275 -0.7997612507634626 -0.8008854972540134 -0.8019960338688931 -0.8030912721356275 -0.8041728281946174 -0.8052397858443884 -0.8062926929977139 -0.8073329673606615 -0.8093798487756495 -0.8189363622539454 -0.8352652004031941 -0.8488038423275631 -0.8603230782464474 -0.8703150200264521 -0.8830983492406956 -0.8938945059798609 -0.903205171508457 -0.9060423712002018 -0.9113729939396772 -0.9185986552906802 -0.9251129330038486 -0.9290954419736376 -0.9309925412407682 -0.9380523269476817 -0.9458376307128938 -0.9588670353373581 -0.9694264122341393 -0.9782917267019642 -0.9858874913572044 -0.9925155049212552 -0.9983827818905456 -1.0036339124862614 -1.0083806577185737 -1.0127071796041731 
# [Mg/Fe] for instant ejected gas at this time:
0 0 0.9717391859047313 0.9565519547082468 0.6466861933061231 0.47548037285946265 0.35408561379264547 -0.724909431417318 -1.2597707849180726 -1.4973951971943014 -1.58139038027203 -1.6146961463652665 -1.6301251685507936 -1.6374356927882878 -1.6404571717021017 -1.638885543241123 -1.6317041530806664 -1.6207196284494438 -1.6091748247481354 -1.601018557802003 -1.5978070019287576 -1.596953480235959 -1.5961995473452772 -1.59584853862803 -1.5947186900822121 -1.5922601744868385 -1.588392035228419 -1.5843567575077357 -1.5798804010039214 -1.5779145607534275 -1.5736560497434988 -1.5679519423619985 -1.564531253607101 -1.5575473699380293 -1.5429140244881712 -1.5224063965507997 -1.4991233244292155 -1.475516692904959 -1.4530352098347576 -1.4346557592159601 -1.418388302417039 -1.3994438869310017 -1.382677760901976 -1.3676359331330525 -1.3524548939814403 -1.3389321691675151 -1.3257649020253248 -1.3127746708450538 -1.3012066107628428 -1.288414946149703 -1.2812283243560378 -1.27813909262795 -1.2821405658341967 -1.2896938646926839 -1.2959831370049233 -1.3058896232406378 -1.3131450224860581 -1.3192359258057649 -1.3294094210309277 -1.339535133727439 -1.349192251850802 -1.3543327324207766 -1.3619618031416316 -1.3684527198090666 -1.376301319742242 -1.3892804526752784 -1.3932211763848128 -1.3986456776732514 -1.4043563058426818 -1.4119485557062215 -1.4173696363299575 -1.4213096899136095 -1.4226889978374198 -1.430192787234494 -1.4361228928454353 -1.441220597948924 -1.4435185894014717 -1.4499473074940823 -1.4584956709542498 -1.4650548565583885 -1.4695376368765056 -1.4730419393650962 -1.480140966405458 -1.487713594936617 -1.4945184086978733 -1.5035594438200752 -1.5058659831279921 -1.5089617262612207 -1.5180238564884332 -1.5278678192711002 -1.5344508323578987 -1.5503825571182352 -1.5505321075663925 -1.5415279586500363 -1.5499402867265073 -1.5638051209361632 -1.5626588946033784 -1.5872343927407895 -1.586848299945757 -1.5929628875775221 -1.594965310991399 -1.601374699061556 -1.6067143743518706 -1.6096561885933505 -1.609062284239847 -1.6106795519987855 -1.609705303978601 -1.6099785914050964 -1.6120341727437666 -1.6184523017984798 -1.628228638947223 -1.6463971372748893 -1.6612028876385494 -1.6745916543029598 -1.6857099030407223 -1.6889235377547454 -1.6911775346869442 -1.693430022374568 -1.6951268843719127 -1.6985044143862056 -1.690820006464865 -1.7015776294353284 -1.696239618860668 -1.6952311627359022 -1.6990623872729707 -1.697160437638767 -1.700434398959034 -1.6961689241280289 -1.6999417394484395 -1.6980211182937146 -1.6987917517248774 -1.6976241699285302 -1.6972105816835348 -1.697282055762874 -1.6979931599233964 
# total ejected metal mass till this time:
0 0.0 2.7783482533507656e-05 0.0005953564666949121 0.0010716798566515234 0.0015102102502704436 0.002001809284346671 0.0024803678576099516 0.0028351501788077063 0.0030686049270744844 0.0032298816303651203 0.0033530244338083205 0.003456624665609597 0.0035495328261362247 0.0036337358534103536 0.003710869151361827 0.0037820209162234583 0.003848637588854302 0.003911338967598096 0.0039705431039904334 0.004026406688963884 0.004079276857187177 0.004129371172642723 0.004177044227718772 0.004222463719062141 0.004265946287344445 0.004307588162550385 0.0043477317473250504 0.004386298216765845 0.00442364251659572 0.004459606552618003 0.0044945193172588735 0.004528314703753486 0.004561281484805532 0.00459347465122905 0.004625185844088971 0.004656353606370994 0.004687474257896919 0.004718031198712521 0.00474860430134352 0.004778492223581359 0.0048088093138607246 0.00483782196670427 0.004868424325604269 0.00489566491662408 0.004928191429910459 0.004950672251440765 0.004990791529476851 0.004997614301534495 0.005066810371037346 0.0050153005737858265 0.005139921740452361 0.004988944612592047 0.005195583050370833 0.004910646126264833 0.00524987910079227 0.00474042855212591 0.005302787729634542 0.004404493190096858 0.005354277563550197 0.003732732717500877 0.005404733052443631 0.00242966649434648 0.005453835552422673 -0.00018655556920043194 0.0055019667557885 -0.0055450465000914835 0.0055485321294646344 -0.016778604245556588 0.0055935774722455376 -0.04129541297005414 0.005636959734465873 -0.09589009154876256 0.005679081360924534 -0.22173312782146096 0.0057195331487917955 -0.5234140209213508 0.005759011427015763 -1.2472376718305733 0.005796925367233407 -3.1142210719566457 0.005833906313480414 -7.836202101245561 0.005869660075502858 -20.58266303464371 0.0059041463090730726 -55.84972781305518 0.005937978455767208 -151.52169228932695 0.005970519472695266 -436.2690550250165 0.0060021059455177325 -1283.884700993438 0.006033176108899575 -3770.7491688908767 0.0060631701554024545 -11692.640016820378 0.0060922101714766235 -37324.69625273294 0.00612071883966803 -119027.32644609602 0.006148686746464439 -204872.53308628843 0.006175590736415491 -187942.07742792598 -12634.875669296925 -120966.00509325684 -45647.88931625838 -76292.07103350287 -55259.80908796893 -54772.630037275216 -31568.429145424787 -20881.976893322208 -16468.52867033135 -13858.756140406565 -12355.887278477276 -10706.01274530065 -9675.5103329036 -8815.07723403927 -8705.576063582164 -8416.255297158748 -7985.069142678559 -7630.786752337735 -7423.836580080335 -7468.0742136415 -7205.261100228409 -7078.43091022959 -6689.937208596657 -6450.32192652161 -6256.810162661691 -6087.46727591796 -5932.1946660483745 -5812.9201864929355 -5695.040989517983 -5590.732457786009 
# Stellar [Z/H]. [Z/H] = [Fe/H] + A[Mg/Fe] where A=0.94:
0.0 -5.218485947384705 -6.5705972582337075 -5.05127703255515 -3.486495805869433 -3.1354016636883544 -3.0027915317322655 -2.961046491023236 -2.934537567811247 -2.918515547348115 -2.9093155027386723 -2.902996304005746 -2.898165009726258 -2.894234499182801 -2.890888762711338 -2.8879516921924564 -2.8853030215926583 -2.8828542554228966 -2.8805518794850435 -2.8783728148493637 -2.876317410001932 -2.874394318998621 -2.872594012009442 -2.8708954031825447 -2.8692891977569612 -2.867766231365481 -2.866314900663177 -2.8649164549561306 -2.86356782078277 -2.8622648647491857 -2.861015803263878 -2.8598058253134617 -2.858624214895425 -2.857476849476093 -2.8563551104492926 -2.8552391647349955 -2.8541038883527166 -2.852934724639002 -2.8517454730450043 -2.850536208133637 -2.849321704413248 -2.848104697716753 -2.8468693854971643 -2.8456323533002674 -2.8443890415043827 -2.843143624212342 -2.8418983773779924 -2.840651036768733 -2.839406695501934 -2.8381574404364858 -2.836912890266402 -2.8356859694720757 -2.83447501447983 -2.8333411493125515 -2.832236068024906 -2.831207153430978 -2.8302176160398025 -2.8292757369818693 -2.8283605732561634 -2.8275070974554675 -2.8266749247690415 -2.825889256139683 -2.8251207465248007 -2.82439583912381 -2.8236690402095257 -2.822988192593808 -2.8223465989271523 -2.821719363321081 -2.821084244734125 -2.820491696060163 -2.8199240434809454 -2.8193651382282043 -2.818794313651922 -2.8182569807398807 -2.817748931514128 -2.8172510514884817 -2.81673912815453 -2.8162449909696194 -2.815781414751782 -2.815346351467827 -2.814901856563033 -2.8144584929464305 -2.8140217594890102 -2.813626904701466 -2.813242347114192 -2.8128640512358105 -2.812477890824928 -2.8120951837773065 -2.811730800319345 -2.8114050109061783 -2.8110814744608823 -2.810758289139863 -2.810435432340634 -2.8101136158779063 -2.8097909910387577 -2.809502930075498 -2.809227954771893 -2.80894661862137 -2.808672686505746 -2.8083957721993 -2.8081172606403424 -2.808480672209927 -2.8087133639258197 -2.808905183011418 -2.8090629349882583 -2.8091928579341356 -2.80930630121423 -2.8094089207356485 -2.809505151904384 -2.8097301416093576 -2.8105000299784817 -2.8113897002289945 -2.8118866052817912 -2.812201337693786 -2.8124544628907224 -2.812679949112158 -2.812782080808141 -2.8128436230027414 -2.8128025615800976 -2.812880014070414 -2.81284389750516 -2.812808175054162 -2.8128084102694673 -2.812826083792021 -2.8126875359255883 -2.8126346513135085 -2.8123686822575635 -2.812161342635061 -2.811993228266914 -2.81180014449569 -2.811414956798576 -2.8112855442780087 -2.8109581800230505 -2.8107836032002997 -2.8105609613590126 
# Stellar luminosity-weighted metallicity, [Z/X]:
-4.152288344383056 -5.2406767730474275 -6.5295600318160485 -4.784057203870435 -2.8366190308659274 -2.2491252672651942 -1.7505328067716366 -1.1802655739073409 -0.6255528820416825 -0.16405104604136556 0.22067448334318795 0.5229842905214503 0.6909650500416311 0.7456255716821399 0.7561525390011615 0.749415541580969 0.7393229363381417 0.7292382982600715 0.7232347744036797 0.718417660290821 0.7136317211332773 0.7069793061080503 0.7005229482983604 0.6933056497313133 0.6866107632995906 0.6798004679543714 0.6753193670703506 0.6708266013685622 0.6679743222906604 0.6637397772414917 0.6619238085118386 0.6581415392656735 0.6565064961512916 0.653587357232897 0.652746738535126 0.6542988199442172 0.6606300243713301 0.6655236757990683 0.674981432607433 0.6810741930981479 0.6913000990529536 0.6944605115009996 0.7095405036764646 0.7044564310144626 0.732416750343179 0.7026829897113362 0.7714664069959662 0.6591175264023506 0.8625250575595449 0.36988105229207635 1.0827637075093524 -0.32934594925635774 1.342997811081077 -0.14070081058446982 1.579530492120799 0.06827473856239652 1.8095544296182076 0.2853437917139332 2.0420014049921775 0.5103206814856744 2.2890697068304022 0.7512856899213988 2.5457576063496634 1.004063435165036 2.818365692358862 1.2727497892149142 3.10574114263364 1.5562277832342069 3.4056593941033775 1.8526326936233979 3.721826795160408 2.1661880646979204 4.051468795250659 2.493401430392977 4.396125918041773 2.836215764257414 4.757535581911691 3.195268297190209 5.126603415897544 3.5633937041892754 5.517953464953812 3.952419430685011 5.913000751083271 4.346460654519891 6.327568160099408 4.759541120473463 6.756439578845053 5.186660191150474 7.185045298690477 5.6151670594268985 7.640283564263546 6.068560814465339 8.104866602143643 6.53182264964182 8.568319850726905 6.9953089250802165 9.05608536554471 7.481651603757444 9.556378968285864 7.980578670318039 10.055947652361693 9.666414413454833 9.386658358030889 9.239132111354662 9.141848852906977 9.070311931405953 9.014294996770795 8.968583665264816 8.930204846459505 8.868573393572621 8.69804894305183 8.562002455551909 8.499481537315603 8.462158717389832 8.436076751137726 8.40770054368791 8.38751965954074 8.37336601708979 8.369778817808783 8.36298947563478 8.354760152636052 8.348102063563589 8.344500188890507 8.34282603355711 8.33710195825246 8.331306088070876 8.323602034915302 8.317884147227216 8.314097222382996 8.312118503882413 8.309776831844506 8.307010915080445 8.307471908424981 8.305047442432542 8.305493155147538 
# Stellar luminosity-weighted [Mg/Fe]:
0 6.938893903907228e-17 -1.3877787807814457e-17 0.9579538571010191 0.9565327391681198 0.6679056529842363 0.5036387203944829 0.3867049877778624 -0.5881505635916673 -1.1532508964080879 -1.4407267537024977 -1.5591283194273913 -1.605679269110095 -1.6258101079865415 -1.635106169948469 -1.6391531936941697 -1.6385507731302846 -1.6325412482650021 -1.6225138817996922 -1.6113886841729341 -1.6029007791734673 -1.5989042817421693 -1.597532476623958 -1.5966464609989124 -1.5961808891085143 -1.5951423508307832 -1.5929226736640971 -1.589359946717377 -1.585456948273399 -1.5811317019263216 -1.5788208101875663 -1.5749018282984732 -1.5695512736479906 -1.5658805229534796 -1.5594945010264154 -1.546347129709317 -1.5272952692091093 -1.5050415288618364 -1.4820148885390554 -1.4597530749144556 -1.441014045944696 -1.4245088011397908 -1.4060766564289053 -1.3892024944031949 -1.3739753400726107 -1.358876108938604 -1.3451776480176403 -1.3319834239898654 -1.3190186354220983 -1.3072661162561958 -1.294701819495648 -1.2866584561721452 -1.2827063836304904 -1.2852408771404904 -1.2916548449582654 -1.2977101723436633 -1.3066551599447171 -1.3139346550474698 -1.3200107637444876 -1.3292982815263166 -1.338991759511735 -1.3484394389747112 -1.3541101397163127 -1.3613004487338913 -1.3677508639674443 -1.3752397921705648 -1.3870430302038128 -1.3921486684313213 -1.3974444946659628 -1.4030188394210055 -1.4101516804086038 -1.4157616810563856 -1.419904649394678 -1.4217470406855997 -1.428253816593675 -1.4341731321459994 -1.4392942009882996 -1.4420233016662614 -1.447771220055742 -1.455724791947349 -1.462352107149504 -1.4671021753675455 -1.4707551635851346 -1.4772058073244505 -1.4844621121827355 -1.4912241847753303 -1.4996859961915987 -1.5029336752151992 -1.5060420132714192 -1.5140424308324898 -1.5233848606537543 -1.5302736028746065 -1.5443197938366258 -1.5466753702769855 -1.539854197371182 -1.545863490338632 -1.5581510149297717 -1.5591913415460372 -1.5793430594394817 -1.5821824589445033 -1.5876994368301809 -1.5349240046157446 -1.511400282062884 -1.5009019265504844 -1.4944522644602822 -1.4899344695343921 -1.486536671078543 -1.4838638746351616 -1.4816964936778938 -1.4783836395417542 -1.4706346272310822 -1.4667565245345366 -1.466074846125361 -1.4661392114530607 -1.4663960123628648 -1.4668075582090745 -1.4672177508478124 -1.4675766509138766 -1.4676897341931225 -1.4678921697336185 -1.4681465690762439 -1.4683799453917208 -1.4685367682486952 -1.4686328768010617 -1.4688415086457334 -1.469045638017161 -1.4694890651993 -1.469705328048121 -1.469936491792272 -1.470178741087842 -1.4701575008174257 -1.4703815152257291 -1.4703790422823113 -1.4706183757963192 -1.4705928579911047 
# Stellar luminosity-weighted [C/Fe]:
0 -2.220446049250313e-16 -2.220446049250313e-16 -0.03099036002354072 -0.035163385220224885 -0.07844654510226678 -0.08516109833269148 -0.11002520486484224 -0.8969532502999973 -1.1939710954418548 -1.282710365430021 -1.3032930340098459 -1.298769206312297 -1.2865405947675996 -1.2712801920795838 -1.254166149202031 -1.2346588483894883 -1.2111340279548233 -1.1857340259948952 -1.1606831223064658 -1.1354352598309936 -1.109883575048376 -1.0855486483605707 -1.0627197638250447 -1.0412190603054967 -1.0092420194225868 -0.9554554803488039 -0.8906416040452837 -0.8277186891780572 -0.7716885881431128 -0.7228339523486756 -0.6800648699738467 -0.642249261174807 -0.6080296412016619 -0.5744854927442065 -0.5379975770341581 -0.500055456724309 -0.46202566629173797 -0.4257508741154593 -0.39479550855731327 -0.3649500287073959 -0.33825222050449233 -0.31364470159476443 -0.290204118651748 -0.26922528349296504 -0.24865018180531484 -0.23039117109340823 -0.21272564303385155 -0.19409949852553343 -0.18072812079471756 -0.16469765740320574 -0.15283159301584937 -0.14052588938714683 -0.132693415157764 -0.12732198939216322 -0.11844661520212685 -0.1142935850936041 -0.11021812094828387 -0.1008488873099529 -0.09814898113912274 -0.0953890627894507 -0.08705840735058512 -0.08270599219626384 -0.08082746412787223 -0.0746788035663426 -0.06664201863035357 -0.06708454696474098 -0.06872848635569917 -0.06561581781782788 -0.06407768580104245 -0.0697224577617035 -0.0735203377621807 -0.07213305037715623 -0.06971722574155947 -0.0764151717550855 -0.08119126418658629 -0.08075085410074667 -0.07729370103933109 -0.07882810443773236 -0.08624426508380423 -0.09087232990790506 -0.09046605620021697 -0.0869484309039723 -0.08858145271993234 -0.09678536652233805 -0.10265465048194045 -0.10324291961676935 -0.10038025278219431 -0.09641256447461288 -0.10355432693886024 -0.11291669026508555 -0.11700962308327922 -0.11599895167986474 -0.11297118353110414 -0.10938240784387432 -0.11467653896588048 -0.12467434635125918 -0.13039147835040354 -0.13135883862262132 -0.12875315211153437 -0.12462894758435761 -0.146131603921003 -0.15841647708075468 -0.16541336403571705 -0.17062893219822495 -0.17491843437841037 -0.17862520271490856 -0.18191817152940593 -0.1849013343474346 -0.1901673320760492 -0.20880739293992612 -0.2301166802285488 -0.2430186135149316 -0.2521529178036894 -0.2590724303953874 -0.2666856514351027 -0.2721655892539736 -0.2762681038943743 -0.27740638633605197 -0.27944592260040513 -0.2819697497855762 -0.28405398482310573 -0.2853022255983778 -0.28590463881627837 -0.28777996639496617 -0.2896171227391737 -0.2926412033591933 -0.29457822014775437 -0.2961075776546602 -0.2971305651185162 -0.2977066589445446 -0.2990773151574023 -0.2990851112253978 -0.3003272042100652 -0.300381026766844 
# Stellar luminosity-weighted [N/O]:
0 0.0 -1.1102230246251565e-16 -1.7863591893368578 -1.8367771192731666 -1.5125333003882275 -0.9033286916732368 -0.31605574292275906 0.20229372008673885 0.5908137634990975 0.8324541107854815 0.9470998591951082 0.9937394144871277 1.0110417731865706 1.0229930300518975 1.0380564232596126 1.061061181204206 1.0972763331738533 1.1358611652559862 1.1724453833021105 1.1950417923697803 1.2014265159737352 1.1976738544147931 1.1896477231134683 1.1802761536922406 1.1644383883526428 1.1323462165518259 1.0844998298957693 1.0242937540636303 0.9532218819680899 0.8693744117961187 0.7694097927519077 0.6441971415079979 0.47487769973613764 0.23715830795060522 -0.03681337787479688 -0.2714622098828148 -0.41970110631973356 -0.48406520082174875 -0.5312822137536783 -0.5613922357859131 -0.5796740241253777 -0.5964585038677575 -0.611303841141988 -0.6246583228727423 -0.6630464631046256 -0.6494738573888383 -0.6444486966366767 -0.6595630207122147 -0.6720137886125495 -0.6844675162675602 -0.6963824681363386 -0.7012054832760357 -0.6983379598340211 -0.6983948453015807 -0.693948236788855 -0.6974493161487973 -0.6951681207792084 -0.6840163423524717 -0.6823232427139492 -0.6840697717212083 -0.6782204745224392 -0.6733070582413563 -0.6694050756781786 -0.6625485434764065 -0.6588018333019678 -0.6751189571128315 -0.6582848658294287 -0.6506901340784708 -0.6540446695707769 -0.6566234584666042 -0.6570177626583782 -0.6570465782734016 -0.655169115326437 -0.6593818651693173 -0.6623494254423223 -0.6607951701464283 -0.6585270155215284 -0.6540272693215881 -0.6554277327011682 -0.673463201692849 -0.6624157488925946 -0.6500674091558429 -0.6566297592115087 -0.6678176124246809 -0.6596321045654181 -0.6533594201982347 -0.6525477306333751 -0.6652474035352984 -0.6577710197404525 -0.6585912072067572 -0.6589155351660252 -0.6506470506248665 -0.6709091667992702 -0.6510326983133965 -0.647609924121004 -0.6585524127716349 -0.6605686890931974 -0.727597212418994 -0.6712345839770508 -0.6322492431857609 -0.10063496997474486 0.04572885021379358 0.10883874923583337 0.14887017465788732 0.17818061703374266 0.20131410932899163 0.2204052188141835 0.2366613828259142 0.263293908381377 0.3419631619530491 0.4128253278112779 0.44947860400997347 0.47340726520199794 0.490474457256931 0.5083846535729101 0.5206610661215068 0.5296835380371091 0.5322073745055899 0.5364805117589122 0.5416881999739664 0.5460215990780685 0.5487646677299716 0.5499962812382633 0.5538222028160453 0.5573965744008581 0.563365115065155 0.5670903626780743 0.5700508633869338 0.5721044078359216 0.5730487944307687 0.5756352744061071 0.5756185176979507 0.5779383559956985 0.5780123114655709 
# Stellar luminosity-weighted [C/O]:
0 0.0 0.0 -1.2111621462431987 -1.2126324646228357 -0.9099225350959037 -0.6987491442981537 -0.5710296897827117 -0.36785335510145534 -0.11092559137078845 0.06393546735919312 0.14657349425908234 0.18836257973039439 0.21187376031771177 0.229303226274528 0.245798376329503 0.2639243851998388 0.286925657769016 0.3082731792395071 0.32983704448476014 0.3537069291337851 0.3788041454752036 0.40336240362147957 0.42644565330161144 0.4482470803859242 0.4803471750867899 0.5339983305911622 0.5985084854552295 0.660902627612771 0.7164626449325 0.7643921122996172 0.8067994915126521 0.8442989135502753 0.8779859944731477 0.9107789226489369 0.9460805448257846 0.9824331212229022 1.0185214033084138 1.0528353595464601 1.0819628627481328 1.1102861972058529 1.1346836702395442 1.1572165387003945 1.1789472145155113 1.1982616098742385 1.2171996499717044 1.2338342297281502 1.2499307920954754 1.266912470279194 1.2789206405153697 1.2931141542932356 1.3038956041270506 1.3150446412688843 1.322068580362081 1.326995933503121 1.3355699805021362 1.33890891478472 1.3422141600149582 1.3514206808347724 1.3536143157990101 1.3564499130626142 1.3635720816709875 1.3676159406561286 1.3707244242256729 1.3753071063513576 1.3816944046681707 1.3825128264880184 1.380420370697071 1.3827582728994274 1.3843721769972819 1.3789988869388716 1.3748910113526651 1.3758704843003304 1.37750205088108 1.3715503028984475 1.3661037632848505 1.3667274288415479 1.3704926129607748 1.369008257599838 1.3617149459120979 1.3572882617611588 1.3570915801863503 1.3597314322288898 1.3577349910337644 1.3503244522690288 1.34517829138665 1.3442790286643302 1.3461046613022456 1.348837089084412 1.3426076697689429 1.3346999918751534 1.3304914483866228 1.3306902644742502 1.3181570928361062 1.3349819001140424 1.3388110594710665 1.327452117712233 1.3195928167352644 1.3160132052600169 1.3175008647560646 1.3212965694131098 1.3039589249618637 1.2937924498739743 1.2878639642839351 1.2833811513004811 1.2796592136559517 1.2764207051167216 1.2735288021716429 1.2708978151987602 1.2662310317626717 1.249524210430234 1.2301538875876985 1.2183161425266102 1.209894376165587 1.2034968863208517 1.196441358913603 1.1913540245026946 1.1875390826002559 1.1864791971242465 1.1845812533793842 1.1822297557968842 1.1802866834566368 1.1791228040655026 1.1785617697085886 1.1768109328816 1.1750953165728335 1.1722749346817123 1.1704670793795484 1.169037319520553 1.168076685913772 1.1675447132982144 1.1662655613908348 1.1662583209259498 1.1650998709196627 1.165052045784285 
# Stellar luminosity-weighted [O/Fe]:
0 -2.220446049250313e-16 -2.220446049250313e-16 1.180171786219658 1.177469079402611 0.8314759899936366 0.6135880459654621 0.4610044849178694 -0.5290998951985421 -1.0830455040710663 -1.346645832789214 -1.4498665282689283 -1.4871317860426914 -1.4984143550853113 -1.5005834183541118 -1.4999645255315341 -1.498583233589327 -1.4980596857238395 -1.4940072052344022 -1.4905201667912258 -1.4891421889647787 -1.4886877205235796 -1.48891105198205 -1.4891654171266562 -1.489466140691421 -1.4895891945093767 -1.4894538109399662 -1.4891500895005132 -1.488621316790828 -1.4881512330756128 -1.4872260646482929 -1.486864361486499 -1.4865481747250824 -1.4860156356748098 -1.4852644153931434 -1.4840781218599426 -1.4824885779472112 -1.480547069600152 -1.4785862336619195 -1.476758371305446 -1.4752362259132488 -1.4729358907440369 -1.4708612402951589 -1.4691513331672594 -1.4674868933672038 -1.4658498317770188 -1.4642254008215585 -1.462656435129327 -1.4610119688047272 -1.4596487613100875 -1.4578118116964414 -1.4567271971428999 -1.4555705306560314 -1.4547619955198452 -1.454317922895284 -1.454016595704263 -1.4532024998783242 -1.4524322809632422 -1.4522695681447253 -1.4517632969381329 -1.451838975852065 -1.4506304890215724 -1.4503219328523924 -1.4515518883535452 -1.4499859099177 -1.4483364232985243 -1.4495973734527592 -1.4491488570527702 -1.4483740907172553 -1.4484498627983244 -1.4487213447005751 -1.4484113491148456 -1.4480035346774867 -1.4472192766226395 -1.4479654746535329 -1.4472950274714367 -1.4474782829422947 -1.4477863140001062 -1.4478363620375703 -1.447959210995902 -1.448160591669064 -1.4475576363865672 -1.4466798631328621 -1.4463164437536968 -1.447109818791367 -1.4478329418685905 -1.4475219482810995 -1.4464849140844398 -1.4452496535590247 -1.446161996707803 -1.447616682140239 -1.4475010714699021 -1.446689216154115 -1.4311282763672104 -1.4443643079579165 -1.453487598436947 -1.452126464063492 -1.449984295085668 -1.447372043882638 -1.4462540168675992 -1.4459255169974674 -1.4500905288828667 -1.4522089269547291 -1.453277328319652 -1.4540100834987062 -1.4545776480343622 -1.4550459078316302 -1.455446973701049 -1.4557991495461948 -1.4563983638387208 -1.4583316033701599 -1.4602705678162473 -1.4613347560415417 -1.4620472939692761 -1.4625693167162392 -1.4631270103487055 -1.4635196137566684 -1.46380718649463 -1.4638855834602984 -1.4640271759797892 -1.4641995055824601 -1.4643406682797424 -1.4644250296638806 -1.4644664085248669 -1.4645908992765666 -1.4647124393120072 -1.4649161380409055 -1.4650452995273027 -1.4651448971752132 -1.4652072510322882 -1.465251372242759 -1.4653428765482372 -1.4653434321513477 -1.465427075129728 -1.465433072551129 
# Stellar luminosity-weighted [Ca/Fe]:
0 0.0 0.0 0.6767302713174753 0.6749197116871262 0.4165711178887731 0.28429323306270915 0.20242802873466603 -0.11503601345434222 -0.15617513689844875 -0.16395036090142723 -0.1660074577402706 -0.16675314341247915 -0.16694148154523414 -0.16700320484203468 -0.16702572620197542 -0.16704458996813587 -0.1670567517841537 -0.16705331811299695 -0.16706368167548025 -0.16702125591541894 -0.16700814204099768 -0.16702874695824277 -0.167027916519499 -0.16701512835511378 -0.16707185098657673 -0.16636409061693325 -0.1669729632128676 -0.16730159353743757 -0.1673346761415404 -0.16715327579055894 -0.16703016792360015 -0.1670228048162563 -0.16715841948245425 -0.16693985045321003 -0.16699079156113084 -0.16683570581425378 -0.16638607458608945 -0.16550571336676345 -0.16728810237737535 -0.16824602158163038 -0.1679325664339273 -0.16724338130912764 -0.1669240198545583 -0.16669142496528777 -0.16702560064504746 -0.1668690110462263 -0.16716000437255873 -0.1673365598080907 -0.1671338571157044 -0.1670708341105982 -0.16709587074355792 -0.1670293615933074 -0.16705850155084678 -0.16702947408876612 -0.16707654180543252 -0.16701814728534603 -0.16703232405968227 -0.16707540667104315 -0.1669825907225182 -0.16710120434812947 -0.16702131507230944 -0.1668147966232998 -0.16682265064317003 -0.16685962963952505 -0.16692717952779423 -0.16680497481477685 -0.16708733156100486 -0.16710888227375142 -0.16709975860467408 -0.16726523782508673 -0.16714980630234044 -0.16707452063109973 -0.1686381204672971 -0.16707858655985186 -0.1661330594818291 -0.16636211189093175 -0.1666665759417616 -0.16692575192457682 -0.1669348666462651 -0.1669935068129602 -0.16702648464111913 -0.1666271446923655 -0.16694126524343011 -0.16543562874500806 -0.1669048579699739 -0.16817495386053039 -0.16778603535795988 -0.16757105556744145 -0.16716262235531953 -0.16690786414750125 -0.16695263273060235 -0.16713496078075907 -0.16641222831715186 -0.16664059194796077 -0.167116932741735 -0.16723870905986438 -0.1672019922485224 -0.16715680950577672 -0.16709556772321665 -0.16762003649920754 -0.16725653457138123 -0.16713642964256215 -0.167096541879046 -0.1670760762064234 -0.1670633646595896 -0.16705460109808867 -0.16704811685561616 -0.16704307730442625 -0.16703573249056358 -0.16701899659787678 -0.16700797466810946 -0.16700303108524817 -0.16699989953387107 -0.16699780356573224 -0.16699550454890288 -0.16699388887720157 -0.16699271273951033 -0.1669923842579264 -0.16699182985996153 -0.16699109706802573 -0.16699051986140212 -0.16699022957537335 -0.16699005047694104 -0.16698954586439663 -0.1669889966370499 -0.1669882988392417 -0.16698782906054932 -0.16698743421489937 -0.16698709579278215 -0.16698699447652743 -0.16698670096182022 -0.16698668398759864 -0.16698644924284478 -0.1669864471933642 
# Stellar luminosity-weighted [Ne/Fe]:
0 -1.6653345369377348e-16 -1.6653345369377348e-16 1.0328562364919447 1.0318795007078374 0.74765095281269 0.559570458290556 0.40939890954300595 -0.6175140910310022 -1.2955792586177326 -1.7628741848017997 -2.0846964407405144 -2.2644468451970217 -2.3561478213757656 -2.387981468910292 -2.3943133924740945 -2.394558211933199 -2.3923994808244027 -2.3886335883988288 -2.385573838446461 -2.3838094137562287 -2.3817821677603703 -2.3809784838092485 -2.3802382133786404 -2.3795336303000774 -2.3782620032467134 -2.376660452846238 -2.3779268194178336 -2.374575371485907 -2.375763170214104 -2.3678145069951597 -2.360782896569864 -2.361228283027689 -2.3622124063443293 -2.3536318266372196 -2.346061327142486 -2.3363262751608964 -2.320434084472541 -2.3024865058648025 -2.28618544640912 -2.2652640478051147 -2.2519559577750536 -2.247227253343392 -2.2366254469574818 -2.2221503180399127 -2.2074993527964204 -2.19177364877714 -2.19177230857869 -2.1783207934683926 -2.1675742896401737 -2.1567605291637157 -2.148283465663178 -2.140195046869616 -2.1348710487916946 -2.135617603640596 -2.1300237814288296 -2.11648121463994 -2.119062085759146 -2.1127590310581876 -2.0646253767684577 -2.10639106495179 -2.1335390878055107 -2.11822494929397 -2.105999209444554 -2.0946136512865534 -2.0892322061046054 -2.0896321432053773 -2.0885101795206946 -2.0888010065414484 -2.092877217535829 -2.095393722924779 -2.101640638396068 -2.1016066718933577 -2.1040757994780304 -2.1071644190364864 -2.115905659564893 -2.116791963886066 -2.121355671490517 -2.124988374820176 -2.1286788059586628 -2.128716344166576 -2.133978013957959 -2.134634084575044 -2.1411944127580247 -2.15834561332854 -2.1575403855063593 -2.15037203013763 -2.1487615224807692 -2.1545477850687016 -2.1660378852255295 -2.1715838691435074 -2.1762233294116187 -2.179021508633647 -2.182929788231432 -2.183015526644719 -2.1925407450310956 -2.195429974216099 -2.2127058952353957 -2.201769874864393 -2.2002771029180046 -2.2012558561781947 -2.1923427412066845 -2.1883828060739177 -2.1868812804785174 -2.1861871995068 -2.1858787448145156 -2.18578807682191 -2.1858311037754623 -2.1859618448328213 -2.186380395629801 -2.1892919203712093 -2.194257196412838 -2.1976992298087326 -2.2002360897837976 -2.2021925568441083 -2.204350200021705 -2.2059147796447145 -2.2070860218474606 -2.2074187366591316 -2.208000755917639 -2.2087200667104594 -2.209325463670247 -2.2096819404386823 -2.2098683444854346 -2.21039444385284 -2.210911594861191 -2.211831563042571 -2.2123876605383295 -2.2128366048645125 -2.2131406292620293 -2.2133115408935295 -2.213736295691703 -2.2137380622656453 -2.2141433718631953 -2.21415713549966 
# Stellar luminosity-weighted [Si/Fe]:
0 1.0408340855860843e-16 8.673617379884035e-18 0.9849503628303179 0.9843047888018674 0.7140101283768567 0.5730982044805512 0.477374841928283 -0.0891053494724715 -0.20322059750756963 -0.22765302227252898 -0.23427619641540068 -0.23640047244141132 -0.23699244140784873 -0.2371626882759933 -0.23721209098085785 -0.2372161405029129 -0.23721452032592502 -0.23721696686662103 -0.23718036895880315 -0.23716975149386413 -0.23716584446392017 -0.23715564604195333 -0.23719192170618353 -0.23718760907200015 -0.23717422108051223 -0.23717548479370873 -0.23716886001925047 -0.23715627914984946 -0.2371770293090247 -0.23716964789481057 -0.23716465205498782 -0.23716691415664418 -0.2371522844697921 -0.2371517031875648 -0.23715007793075701 -0.23710647836980242 -0.23708499500407734 -0.23711740069903994 -0.23711436439833034 -0.23712159630135274 -0.2370381079530003 -0.2370214129202624 -0.23702454141777377 -0.23655668346112968 -0.23706223144428215 -0.23724612263980932 -0.23706435979565516 -0.2369783079500171 -0.23699664682549298 -0.23694798752441915 -0.23692403059839082 -0.23692991799762447 -0.23690190522453913 -0.23696452538508772 -0.23715637063267517 -0.23699669221491398 -0.2368841230899891 -0.23688704527825974 -0.23699193618038097 -0.23706048715215758 -0.23693182614947372 -0.23718363900650835 -0.23719771311359525 -0.23709404307661788 -0.23689741795929511 -0.23708294368538235 -0.23717947989121546 -0.2371757111533811 -0.23728136099093733 -0.23729450195067053 -0.23700898139917298 -0.23699557250844142 -0.2370869505379001 -0.2371306120768519 -0.23712846089485795 -0.23713668660946688 -0.23710995188682288 -0.23712628762580668 -0.23715478806017606 -0.23716317291688932 -0.23713761164317299 -0.23712493011838637 -0.2371223001813385 -0.23720041066569225 -0.23715464130963965 -0.23714403027670933 -0.23715340693610945 -0.2371255433534065 -0.237145132705959 -0.23713794841868044 -0.23713119007571867 -0.23764045490517102 -0.23717585207425826 -0.23694057531537013 -0.23709754127689192 -0.23709105008051073 -0.23721498317004097 -0.23723651444850113 -0.23716666092338645 -0.23723661469260673 -0.2371620994443351 -0.2371303103950001 -0.23711616020790136 -0.23710714665403465 -0.23710051449719544 -0.2370952377817601 -0.23709085642867658 -0.23708709635222058 -0.23708088034907931 -0.23706193586300886 -0.237043784900091 -0.23703378969120176 -0.23702701752653052 -0.2370220472871323 -0.23701664725085728 -0.23701287991534511 -0.2370100922301172 -0.23700935197823497 -0.23700797226444445 -0.23700621543796585 -0.23700487070884746 -0.23700411189073634 -0.23700381908240545 -0.23700250641689719 -0.23700120168829453 -0.2369996252030423 -0.23699842745799607 -0.23699751729245602 -0.23699687700348732 -0.23699664330150122 -0.23699602329185213 -0.236996003304874 -0.23699556950977227 -0.23699559029182204 
# Stellar luminosity-weighted [S/Fe]:
0 5.551115123125783e-17 0.0 0.9082224228982542 0.9079365998101885 0.6546712787038531 0.5224095614525399 0.42974968792073215 -0.11194647779536715 -0.2162983831608437 -0.23830994298209196 -0.2442871317358677 -0.2462244157175295 -0.24677001921608244 -0.24690787780629242 -0.24692351002244306 -0.24692870801741051 -0.2469228526761953 -0.24691954840204566 -0.24689719068013494 -0.2468955587839834 -0.24689180413031453 -0.2468796878666485 -0.2468776164501666 -0.24688307029022727 -0.24688088784599183 -0.24703576716707054 -0.24688670332076457 -0.24677728441776137 -0.24680500280109174 -0.2463462496116574 -0.2468250190250445 -0.24711010591597238 -0.24702498779211202 -0.2469407492543474 -0.24685161502381037 -0.24685652956387671 -0.24682974445009087 -0.24684837528626347 -0.24684470466931208 -0.24687163000670065 -0.24696015894509582 -0.2467740021876763 -0.2467427249595806 -0.24648841683859635 -0.24675843765783623 -0.2469672806835247 -0.24697639676137295 -0.24688778561579883 -0.24683653553268048 -0.24674076020788493 -0.24680080426203477 -0.2467925531398606 -0.24673842887122432 -0.24677861790325295 -0.2469542509295789 -0.24692607025103985 -0.24668634705046777 -0.2471327632517023 -0.24674570583515731 -0.24649837560926657 -0.24693313566727693 -0.24678467744065602 -0.24668730925130822 -0.2465002754290454 -0.2465088834580862 -0.24678407729815 -0.24687779999143755 -0.24693086894835303 -0.24690797535496456 -0.24683798178058458 -0.2468657383334153 -0.2466526154492571 -0.24659700967151454 -0.24668129478653122 -0.24671440808626577 -0.24673933630806133 -0.24674700131453786 -0.2467471982311168 -0.2466995439038535 -0.24673548566628611 -0.24676888504065575 -0.24676293988750464 -0.2467113740350897 -0.24677606199071134 -0.2468054302523448 -0.2467230109844114 -0.24675930557321368 -0.2467106111893308 -0.24693383473346964 -0.24710933145504976 -0.24705043905586332 -0.24659854956987226 -0.24646741690834095 -0.24655069991512413 -0.2465866280280653 -0.24660291023372338 -0.24666109404549486 -0.24673984441238062 -0.24678004237214923 -0.2468293980044035 -0.24676473045755098 -0.2467435793663223 -0.2467375287634337 -0.24673499264069088 -0.24673369379265842 -0.2467329224989564 -0.24673240755606773 -0.24673202361952562 -0.24673144308596773 -0.24672924103161342 -0.24672538624638507 -0.24672225012010496 -0.2467197153409233 -0.24671771037607315 -0.24671539898014472 -0.24671372530580948 -0.24671243632772055 -0.24671207877056156 -0.24671142432456883 -0.24671054289175887 -0.24670987759985297 -0.2467095148634344 -0.24670938179435808 -0.24670869424829678 -0.24670800904471868 -0.24670727434931505 -0.24670669868984108 -0.24670621350240873 -0.24670577291344198 -0.24670578467229853 -0.24670550684759318 -0.24670548601784992 -0.24670531981739385 -0.2467053699627526 
# Stellar luminosity-weighted [C/H]:
0 -5.218485947384705 -6.507369206153326 -5.730689869826863 -3.7851879702207034 -2.934342487060607 -2.393930444624326 -2.040615259191787 -1.643902726999328 -1.136521837506944 -0.6283187530210537 -0.2105564237253117 0.038655812273992396 0.1369906281333102 0.16684937505485742 0.17683185409040458 0.1845917618320776 0.1964906635855992 0.2113861857998236 0.22680816957927608 0.2430199432413942 0.25953062613695455 0.2755697269580235 0.2902192754823427 0.303683691920523 0.32801608047462416 0.37568247639943797 0.43492045116795097 0.4923351139037333 0.5431330014875724 0.5871653742029319 0.6253889665320491 0.6588456731410579 0.688492074961947 0.7174146186212211 0.7514216093488324 0.7889182756936419 0.8257967934204542 0.8601642733361059 0.8915439292288019 0.9202536049831029 0.9464825723698707 0.9706794968304315 0.9930304307777327 1.0138942850997035 1.0333035271137083 1.0511685789652137 1.0681657156352742 1.0857623280344781 1.099415546592037 1.1128826825981175 1.1261980171677637 1.1375027429894433 1.1447285643151703 1.1507513813567312 1.1563218011728078 1.1618419346430446 1.1671585666966715 1.1719260705231758 1.1766980570617185 1.1813571968400987 1.1857433891349256 1.1901882027508006 1.1945025815926007 1.1985764173761786 1.2023570940665222 1.204869954549991 1.204482329869077 1.2027684191039647 1.1998486198632579 1.1966182761108346 1.1931938128767516 1.189535018371497 1.185424286735433 1.1818246964246288 1.1796713940806165 1.1767230236776967 1.1729029882452924 1.169438550760661 1.1659860348829203 1.1623736756103504 1.1584741949219253 1.1544328810477364 1.1507814622440766 1.14755914941632 1.1441896412416481 1.1402252173274894 1.136381993149242 1.1325379475216115 1.1293543172342941 1.1263958716716034 1.1227961750048516 1.1190947813801437 1.1154025248019046 1.1117546548174704 1.1084675165440458 1.1056344757601835 1.102575400197085 1.0987866583131551 1.095293634550718 1.0923787658260458 1.0857691786678587 1.0801153655399371 1.076028498641664 1.072608006808153 1.0695905472125538 1.0668544046146509 1.0643389558682572 1.0619955420451594 1.057730349991643 1.0416084431826445 1.0217842608791963 1.0092353615727685 1.0001943579888648 0.9932803469807228 0.9856120259187833 0.9800976599450952 0.9759552081202494 0.9748146097668391 0.9727488318899304 0.9702035277405932 0.968072298464139 0.9668581899761182 0.9662458682665696 0.9643865965704062 0.9624749449057282 0.9595519079590837 0.9576304463665211 0.956092902070329 0.9550686688826113 0.9546372847299041 0.953334963166554 0.953376017598333 0.9522774063125099 0.9522416418839805 
# Stellar luminosity-weighted [N/H]:
0 -5.218485947384705 -6.507369206153328 -6.305886912920522 -4.409332624871034 -3.536953252352931 -2.598509991999409 -1.785641312331835 -1.0737556518111333 -0.43478248263705765 0.14019989040523484 0.5899699412107142 0.8440326470307253 0.936158641002169 0.9605391788322271 0.9690899010205141 0.981728557836445 1.0068413389904358 1.0389741718163035 1.069416508396626 1.0843548064773896 1.0821529966354864 1.0698811777513373 1.0534213452941992 1.0357127652268394 1.0121072937404771 0.9740303623601019 0.9209117956084909 0.8557262403545929 0.7798922385231624 0.6921476736994334 0.5879992677713046 0.4587439010987806 0.28538378022493704 0.04379400392288879 -0.23147231335174911 -0.46497705541207424 -0.6124257162076931 -0.676736287032103 -0.7217011472730084 -0.7514248280086635 -0.7678751219950515 -0.7829955457377205 -0.7972206248797669 -0.8090256476472772 -0.846942585962621 -0.8321395081517746 -0.8262137730968782 -0.8407131629569298 -0.8515188825358821 -0.8646989879626785 -0.8740800550956251 -0.8787473815554767 -0.8756779758809321 -0.8746393974479707 -0.8731964161181835 -0.874516296290472 -0.870223714097496 -0.8635109526640683 -0.8592395014512411 -0.8591624879437241 -0.8560491670585009 -0.8507347961466838 -0.8456269183112513 -0.8392792324515845 -0.8381391439036161 -0.8527618290508583 -0.8342229066574225 -0.8306799878739337 -0.8385682267048011 -0.8390040692946412 -0.8387149611342917 -0.8433820442022348 -0.8472468794720838 -0.8491074716431353 -0.8487817946465563 -0.8507995753102788 -0.856116640237012 -0.8535969761607642 -0.8511566437303459 -0.8683777878436576 -0.8610331341570197 -0.8553659603369965 -0.8635832880011964 -0.8705829152773896 -0.8606207547104203 -0.8574132315350758 -0.8622703987863778 -0.8815465450980984 -0.8710243722751008 -0.8668953274103073 -0.8666108085477964 -0.8622425337189732 -0.8736637348334719 -0.8742599436099674 -0.8779534670480249 -0.8803700547236843 -0.8775861056313765 -0.9448237593658559 -0.8934418141823972 -0.8611670467728256 -0.3188247162687494 -0.16794823412024407 -0.10299671640643737 -0.061902969834440214 -0.031888049409655395 -0.008252191173079737 0.011215372510798183 0.027759109672313542 0.054793226610348356 0.13404739470546012 0.20445570110277478 0.2403978230561319 0.2637072470252759 0.2802579179168019 0.2975553205780903 0.30940470156390765 0.31809966355710273 0.32054278714818274 0.3246480902694584 0.3296619719176759 0.3338072140855708 0.3365000536405871 0.33768037979624443 0.3413978665048516 0.34477620273375287 0.3506420883425263 0.3542537296650474 0.3571064459367097 0.35909639080476063 0.3601413658624586 0.362704676181826 0.3627362143703339 0.36511589138854594 0.3652019075652664 
# Stellar luminosity-weighted [O/H]:
0 -5.218485947384705 -6.507369206153328 -4.519527723583664 -2.572555505597868 -2.0244199519647044 -1.6951813003261726 -1.469585569409075 -1.276049371897873 -1.0255962461361552 -0.6922542203802466 -0.3571299179843943 -0.1497067674564021 -0.0748831321844019 -0.0624538512196704 -0.06896652223909872 -0.07933262336776137 -0.09043499418341705 -0.09688699343968299 -0.10302887490548374 -0.11068698589239068 -0.11927351933824903 -0.12779267666345584 -0.13622637781926894 -0.1445633884654014 -0.15233109461216632 -0.158315854191724 -0.16358803428727864 -0.16856751370903744 -0.1733296434449274 -0.17722673809668565 -0.18141052498060262 -0.18545324040921685 -0.18949391951120065 -0.1933643040277162 -0.19465893547695234 -0.1935148455292599 -0.19272460988795936 -0.19267108621035467 -0.19041893351933004 -0.19003259222275037 -0.18820109786967354 -0.18653704186996345 -0.18591678373777842 -0.1843673247745352 -0.18389612285799561 -0.1826656507629365 -0.18176507646020168 -0.18115014224471526 -0.17950509392333247 -0.18023147169511855 -0.17769758695928717 -0.17754189827944122 -0.17734001604691052 -0.17624455214638957 -0.17924817932932813 -0.17706698014167532 -0.1750555933182869 -0.17949461031159641 -0.1769162587372919 -0.17509271622251577 -0.17782869253606215 -0.17742773790532773 -0.1762218426330726 -0.17673068897517874 -0.1793373106016487 -0.1776428719380272 -0.17593804082799425 -0.17998985379546273 -0.1845235571340238 -0.18238061082803725 -0.1816971984759137 -0.186335465928833 -0.1920777641456466 -0.18972560647381842 -0.18643236920423423 -0.19000440516385142 -0.19758962471548314 -0.19956970683917685 -0.19572891102917733 -0.1949145861508086 -0.19861738526442485 -0.2052985511811536 -0.20695352878968754 -0.20276530285270944 -0.200988650145002 -0.2040538113368413 -0.20972266815300333 -0.2162991415628004 -0.2132533525346485 -0.2083041202035507 -0.20769527338177074 -0.21159548309410647 -0.20275456803420155 -0.223227245296572 -0.23034354292702108 -0.22181764195204945 -0.21701741653817885 -0.21722654694686172 -0.22220723020534683 -0.22891780358706448 -0.218189746294005 -0.2136770843340372 -0.21183546564227118 -0.21077314449232842 -0.21006866644339794 -0.20956630050207092 -0.20918984630338544 -0.20890227315360077 -0.20850068177102843 -0.2079157672475893 -0.20836962670850268 -0.2090807809538413 -0.20970001817672168 -0.21021653934012852 -0.21082933299481965 -0.21125636455759933 -0.2115838744800067 -0.21166458735740745 -0.2118324214894538 -0.212026228056291 -0.21221438499249778 -0.21226461408938446 -0.21231590144201862 -0.21242433631119395 -0.21262037166710535 -0.21272302672262855 -0.21283663301302713 -0.21294441745022397 -0.21300801703116035 -0.2129074285683097 -0.2129305982242813 -0.21288230332761637 -0.21282246460715282 -0.21281040390030448 
# Stellar luminosity-weighted [Mg/H]:
0 -5.218485947384705 -6.507369206153328 -4.741745652702303 -2.793491845832359 -2.1879902889741043 -1.8051306258971511 -1.5438850665490822 -1.3351000402909978 -1.0958016384731772 -0.78633514129353 -0.466391709142858 -0.268254250523805 -0.20227888508563208 -0.1969766028140283 -0.20815519040173402 -0.21930016290871812 -0.22491655672457966 -0.22539367000497368 -0.22389739228719208 -0.22444557610107907 -0.22949008055683873 -0.236414101305364 -0.24370742169152493 -0.2512781368824948 -0.25788425093357237 -0.26178471691585514 -0.2637978915041428 -0.2654031451916081 -0.2663101122956366 -0.2688214836359588 -0.2694479917925774 -0.26845633933212554 -0.26935880678987 -0.2675943896609887 -0.2569279433263265 -0.2383215367911582 -0.21721906914964428 -0.1960997410874903 -0.17341363712834035 -0.15581041225419767 -0.13977400826542752 -0.12175245800370949 -0.10596794497371409 -0.09085577147994162 -0.07692240001958073 -0.06361789795901807 -0.05109206532073962 -0.039156808862086834 -0.027122448869441484 -0.017121479494324632 -0.007628845988532085 -0.00467775125390002 -0.007818897667555724 -0.013581474209370725 -0.02294175596872794 -0.030519640208067855 -0.036557967402513825 -0.04723580591135956 -0.05445124332547557 -0.06224549988218531 -0.0756376424892009 -0.08121594476924798 -0.08597040301341785 -0.09449564302492242 -0.10624067947368854 -0.11508852868908015 -0.11893785220654518 -0.12906025774416996 -0.13909253375670438 -0.14381094653606574 -0.14904753041745344 -0.1582365806460242 -0.1666055282086072 -0.17001394841396067 -0.1733104738787965 -0.1818203232098563 -0.19182661238163767 -0.19950456485734858 -0.2034944919806243 -0.20910610163124854 -0.21816192424540315 -0.22937385163342494 -0.2378428923604421 -0.24011759624407691 -0.24437989305174224 -0.2562178592473403 -0.26617142928376314 -0.2770915012751942 -0.2811337866593355 -0.2840722987170654 -0.29046780478647527 -0.3092260607766173 -0.3183016619439769 -0.3187171347098374 -0.3227194348287057 -0.3278421928183288 -0.3262244629985478 -0.34919756250370515 -0.3581356722822502 -0.3706917234197773 -0.3030232220268827 -0.27286843944219186 -0.25946006387310394 -0.251215325453904 -0.24542548794342878 -0.2410570637489844 -0.23760674723749808 -0.23479961728529908 -0.23048595747406253 -0.22021879110851117 -0.21485558342679223 -0.2138208710376608 -0.21379193566050603 -0.2140432349867547 -0.2145098808551884 -0.21495450164874264 -0.215353338899253 -0.21546873809023115 -0.2156974152432829 -0.21597329155007472 -0.21625366210447527 -0.21637635267419952 -0.21648236971821344 -0.21667494568036094 -0.21695357037225893 -0.21729595388102307 -0.21749666153384517 -0.21773601206728266 -0.21797950708671454 -0.21781355714297668 -0.21796923690177294 -0.2179179134585807 -0.21801376527374394 -0.21797018934028056 
# Stellar luminosity-weighted [Fe/H]:
0 -5.218485947384705 -6.507369206153328 -5.699699509803322 -3.750024585000478 -2.855895941958341 -2.3087693462916343 -1.9305900543269452 -0.7469494766993305 0.05744925793491085 0.6543916124089675 1.0927366102845335 1.3374250185862895 1.4235312229009094 1.4381295671344412 1.4309980032924354 1.419250610221566 1.4076246915404225 1.3971202117947192 1.3874912918857416 1.378455203072388 1.3694142011853305 1.3611183753185943 1.3529390393073872 1.3449027522260195 1.3372580998972108 1.331137956748242 1.3255620552132346 1.3200538030817905 1.3148215896306854 1.3099993265516074 1.3054538365058956 1.301094934315865 1.2965217161636091 1.2919001113654272 1.2894191863829905 1.2889737324179507 1.2878224597121921 1.2859151474515649 1.2863394377861153 1.2852036336904988 1.2847347928743633 1.284324198425196 1.2832345494294808 1.2831195685926686 1.2819537089190232 1.281559750058622 1.280891358669126 1.279861826560012 1.2801436673867546 1.277580340001323 1.279029610183613 1.2780286323765906 1.2774219794729342 1.2780733707488947 1.2747684163749344 1.2761355197366493 1.277376687644955 1.2727749578331289 1.2748470382008414 1.2767462596295491 1.2728017964855103 1.2728941949470642 1.275330045720473 1.273255220942521 1.2689991126968758 1.271954501514732 1.2732108162247764 1.268384236921793 1.2639263056643006 1.2663407338725383 1.2667141506389323 1.2616680687486532 1.255141512476993 1.258239868179714 1.260862658267203 1.2574738777784438 1.2501966892846235 1.2482666551983934 1.2522302999667247 1.2532460055182555 1.2489402511221424 1.2413813119517085 1.2393629149640093 1.244344515938658 1.2468442917235887 1.243468136944259 1.2367622459314367 1.2289505119962247 1.2329086441731545 1.2393125619366887 1.2398057980881307 1.2350937330600082 1.2283737083330086 1.2211370626613447 1.2231440555099264 1.2303088221114429 1.2329668785474888 1.2301454969357764 1.2240467866622526 1.2170077134104034 1.2319007825888617 1.238531842620692 1.241441862677381 1.243236939006378 1.2445089815909642 1.245479607329559 1.2462571273976635 1.246896876392594 1.2478976820676926 1.2504158361225706 1.2519009411077446 1.2522539750877004 1.252347275792554 1.2523527773761103 1.2522976773538859 1.252263249199069 1.2522233120146238 1.2522209961028912 1.2521947544903353 1.2521732775261691 1.2521262832872448 1.252160415574496 1.252150507082848 1.2521665629653724 1.2520920676449019 1.2521931113182774 1.2522086665142758 1.2522004797249893 1.2521992340011274 1.252343943674449 1.2524122783239564 1.252461128823731 1.252604610522575 1.2526226686508246 
# Stellar luminosity-weighted [Ca/H]:
0 -5.218485947384705 -6.507369206153328 -5.022969238485846 -3.075104873313352 -2.4393248240695673 -2.024476113228925 -1.7281620255922778 -0.861985490153673 -0.09872587896353746 0.4904412515075398 0.9267291525442625 1.1706718751738094 1.2565897413556755 1.2711263622924074 1.2639722770904607 1.2522060202534302 1.240567939756268 1.2300668936817223 1.2204276102102618 1.2114339471569693 1.2024060591443329 1.1940896283603513 1.1859111227878891 1.1778876238709062 1.1701862489106345 1.1647738661313092 1.1585890920003674 1.152752209544353 1.1474869134891454 1.1428460507610483 1.1384236685822957 1.134072129499609 1.1293632966811549 1.124960260912217 1.122428394821859 1.1221380266036967 1.1214363851261027 1.1204094340848014 1.1190513354087397 1.1169576121088687 1.116802226440436 1.1170808171160687 1.116310529574923 1.116428143627381 1.1149281082739764 1.1146907390123957 1.1137313542965668 1.1125252667519216 1.1130098102710502 1.1105095058907253 1.1119337394400546 1.1109992707832834 1.1103634779220881 1.1110438966601288 1.1076918745695021 1.109117372451303 1.1103443635852726 1.1056995511620862 1.107864447478323 1.1096450552814199 1.105780481413201 1.1060793983237645 1.1085073950773028 1.1063955913029968 1.1020719331690811 1.1051495266999556 1.1061234846637715 1.1012753546480418 1.096826547059627 1.0990754960474511 1.0995643443365921 1.0945935481175537 1.0865033920096954 1.091161281619863 1.0947295987853733 1.0911117658875122 1.0835301133428619 1.0813409032738166 1.0852954333204599 1.0862524987052957 1.0819137664810228 1.0747541672593428 1.072421649720579 1.0789088871936494 1.0799394337536148 1.075293183083729 1.068976210573477 1.0613794564287833 1.0657460218178354 1.072404697789188 1.072853165357528 1.0679587722792494 1.0619614800158566 1.0544964707133833 1.0560271227681914 1.0630701130515794 1.0657648862989673 1.0629886874299999 1.0569512189390355 1.0493876769111958 1.0646442480174798 1.0713954129781298 1.0743453207983347 1.0761608627999548 1.0774456169313744 1.0784250062314706 1.0792090105420478 1.079853799088168 1.0808619495771286 1.0833968395246938 1.0848929664396358 1.0852509440024525 1.0853473762586834 1.0853549738103778 1.0853021728049832 1.0852693603218677 1.0852305992751141 1.0852286118449648 1.0852029246303738 1.0851821804581432 1.0851357634258427 1.0851701859991225 1.085160456605907 1.0851770171009756 1.0851030710078513 1.085204812479036 1.0852208374537256 1.0852130455100903 1.0852121382083455 1.0853569491979211 1.0854255773621357 1.085474444836132 1.0856181612797302 1.0856362214574604 
# Stellar luminosity-weighted [Ne/H]:
0 -5.218485947384705 -6.507369206153328 -4.666843273311377 -2.718145084292641 -2.1082449891456507 -1.7491988880010787 -1.5211911447839386 -1.3644635677303327 -1.2381300006828218 -1.1084825723928322 -0.99195983045598 -0.9270218266107326 -0.9326165984748567 -0.9498519017758502 -0.963315389181659 -0.9753076017116333 -0.9847747892839802 -0.99151337660411 -0.9980825465607195 -1.0053542106838398 -1.0123679665750398 -1.0198601084906533 -1.0272991740712536 -1.0346308780740578 -1.0410039033495027 -1.0455224960979956 -1.052364764204599 -1.054521568404117 -1.0609415805834184 -1.0578151804435523 -1.0553290600639675 -1.0601333487118243 -1.0656906901807206 -1.0617317152717929 -1.0566421407594957 -1.0473525427429458 -1.0326116247603485 -1.0165713584132376 -0.9998460086230043 -0.9800604141146163 -0.9672211649006899 -0.962903054918196 -0.953390897528001 -0.9390307494472445 -0.9255456438773972 -0.910213898718518 -0.910880949909564 -0.8984589669083807 -0.8874306222534187 -0.8791801891623923 -0.869253855479565 -0.8621664144930259 -0.8574490693187595 -0.8575442328917005 -0.8552553650538952 -0.8403456949032906 -0.8416853981141914 -0.8399840732250592 -0.7897783385676158 -0.8296448053222409 -0.8607372913200004 -0.8453307543469055 -0.8306691637240817 -0.8213584303440324 -0.8202330934077295 -0.8176776416906453 -0.8152993632959182 -0.8204167696196549 -0.8289509118715284 -0.8290529890522409 -0.8349264877571354 -0.839938603144704 -0.8489342870010379 -0.848924550856772 -0.8550430012976902 -0.8593180861076233 -0.8711589822058929 -0.8767217196217825 -0.876448505991938 -0.87547033864832 -0.8850377628358181 -0.8932527726233355 -0.9018314977940163 -0.9140010973898827 -0.9106960937827706 -0.9069038931933715 -0.9119992765493334 -0.9255972730724764 -0.9331292410523746 -0.9322713072068192 -0.9364175313234879 -0.9439277755736386 -0.9545560798984232 -0.961878463983374 -0.9693966895211696 -0.9651211521046568 -0.9797390166879074 -0.9716243779286167 -0.9762303162557515 -0.9842481427677914 -0.9604419586178237 -0.9498509634532262 -0.9454394178011372 -0.942950260500421 -0.9413697632235518 -0.9403084694923507 -0.9395739763777993 -0.9390649684402268 -0.9384827135621086 -0.9388760842486388 -0.9423562553050928 -0.945445254721033 -0.9478888139912431 -0.9498397794679976 -0.9520525226678194 -0.9536515304456454 -0.9548627098328364 -0.9551977405562404 -0.9558060014273027 -0.9565467891842898 -0.957199180383002 -0.9575215248641857 -0.9577178374025861 -0.9582278808874669 -0.9588195272162885 -0.9596384517242944 -0.9601789940240542 -0.9606361251395228 -0.9609413952609023 -0.9609675972190805 -0.9613240173677466 -0.9612769334419147 -0.9615387613406199 -0.9615344668488355 
# Stellar luminosity-weighted [Si/H]:
0 -5.218485947384705 -6.507369206153328 -4.714749146973004 -2.765719796198611 -2.141885813581484 -1.7356711418110828 -1.4532152123986615 -0.8360548261718019 -0.14577133957265875 0.4267385901364378 0.8584604138691332 1.101024546144878 1.186538781493061 1.200966878858448 1.1937859123115775 1.1820344697186531 1.1704101712144972 1.1599032449280982 1.1503109229269386 1.1412854515785238 1.1322483567214103 1.123962729276641 1.1157471176012037 1.1077151431540195 1.1000838788166987 1.0939624719545331 1.088393195193984 1.0828975239319414 1.077644560321661 1.072829678656797 1.068289184450908 1.0639280201592207 1.059369431693817 1.0547484081778626 1.0522691084522333 1.0518672540481484 1.050737464708115 1.0487977467525251 1.049225073387785 1.0480820373891464 1.047696684921363 1.0473027855049337 1.0462100080117067 1.046562885131539 1.0448914774747413 1.0443136274188127 1.0438269988734707 1.0428835186099943 1.0431470205612619 1.040632352476904 1.0421055795852223 1.041098714378966 1.0405200742483953 1.0411088453638069 1.0376120457422595 1.039138827521735 1.0404925645549663 1.0358879125548688 1.0378551020204605 1.0396857724773918 1.0358699703360368 1.0357105559405562 1.0381323326068777 1.0361611778659032 1.0321016947375807 1.0348715578293501 1.036031336333561 1.0312085257684114 1.0266449446733632 1.0290462319218676 1.0297051692397594 1.0246724962402118 1.0180545619390924 1.0211092561028625 1.0237341973723448 1.0203371911689767 1.0130867373978 1.0111403675725867 1.0150755119065482 1.016082832601366 1.0118026394789692 1.0042563818333226 1.0022406147826701 1.0071441052729657 1.0096896504139492 1.0063241066675497 0.9996088389953268 0.9918249686428178 0.9957635114671959 1.0021746135180085 1.0026746080124118 0.997453278154838 0.9911978562587502 0.984196487345975 0.9860465142330348 0.9932177720309321 0.995751895377448 0.9929089824872754 0.9868801257388662 0.9797710987177961 0.9947386831445266 1.0014015322256915 1.0043257024694792 1.0061297923523438 1.0074084670937689 1.0083843695477994 1.0091662709689868 1.0098097800403734 1.010816801718613 1.0133539002595615 1.014857156207654 1.0152201853964984 1.0153202582660237 1.0153307300889782 1.0152810301030284 1.0152503692837245 1.0152132197845067 1.0152116441246561 1.0151867822258906 1.0151670620882034 1.0151214125783974 1.01515630368376 1.0151466880004425 1.0151640565484752 1.0150908659566076 1.0151934861152343 1.015210239056279 1.0152029624325336 1.0152023569976398 1.0153473003729472 1.015416255032104 1.015465125518857 1.0156090410128025 1.0156270783590022 
# Stellar luminosity-weighted [S/H]:
0 -5.218485947384704 -6.507369206153327 -4.791477086905068 -2.8420879851902887 -2.2012246632544885 -1.7863597848390942 -1.5008403664062122 -0.858895954494697 -0.15884912522593275 0.41608166942687497 0.848449478548666 1.09120060286876 1.1767612036848272 1.1912216893281484 1.1840744932699931 1.172321902204155 1.160701838864227 1.1502006633926736 1.1405941012056067 1.1315596442884046 1.122522397055016 1.1142386874519459 1.1060614228572208 1.0980196819357921 1.090377212051219 1.0841021895811713 1.0786753518924699 1.073276518664029 1.0680165868295934 1.0636530769399504 1.0586288174808516 1.0539848283998925 1.0494967283714973 1.0449593621110798 1.04256757135918 1.0421172028540737 1.0409927152621012 1.0390667721653015 1.0394947331168036 1.0383320036837982 1.0377746339292675 1.037550196237519 1.0364918244699002 1.0366311517540723 1.0351952712611872 1.0345924693750974 1.0339149619077528 1.0329740409442127 1.033307131854074 1.0308395797934389 1.0322288059215783 1.0312360792367294 1.0306835506017102 1.0312947528456422 1.0278141654453559 1.0292094494856094 1.0306903405944876 1.0256421945814265 1.0281013323656834 1.0302478840202824 1.0258686608182335 1.0261095175064079 1.0286427364691648 1.0267549455134763 1.0224902292387896 1.025170424216582 1.0263330162333384 1.021453367973439 1.0170183303093356 1.0195027520919533 1.0198484123055174 1.0150154532993967 1.0085445028054782 1.0115585733931831 1.0141482501809373 1.010734541470382 1.0034496879700852 1.0015194569672765 1.0055307560628708 1.00651051985197 1.0021713660814866 0.9946183720642043 0.9926515409289194 0.9975684539479461 1.0000388614712437 0.9967451259598472 0.9900029403582229 0.9822399008068938 0.9859748094396852 0.9922032304816395 0.9927553590322673 0.9884951834901363 0.9819062914246675 0.9745863627462206 0.9765574274818611 0.98370591187772 0.9863057845019938 0.9834056525233961 0.9772667442901035 0.9701783154059997 0.9851360521313106 0.9917882632543695 0.9947043339139472 0.996501946365687 0.9977752877983055 0.998746684830603 0.9995247198415953 1.0001648527730684 1.0011662389817246 1.003686595090957 1.0051755548613595 1.0055317249675948 1.0056275604516305 1.0056350670000374 1.005582278373741 1.0055495238932592 1.0055108756869031 1.0055089173323295 1.0054833301657666 1.0054627346344103 1.0054164056873924 1.005450900711061 1.00544112528849 1.0054578687170759 1.0053840586001828 1.0054858369689619 1.0055019678244346 1.0054942662225805 1.0054934610876858 1.00563815900215 1.0057067714763637 1.0057556428058807 1.0058992907051811 1.0059172986880718 
# X_list:
0.7502484878082851 0.7500063198614393 0.7500005172943441 0.7499712687975206 0.7498683213733769 0.749582314974521 0.7486851245219495 0.7459135770106493 0.7385192198456311 0.7205826952035271 0.6871529411421388 0.6548435002482649 0.6422810946147859 0.6425235146581032 0.6469609558614564 0.6517829283521256 0.6558027424173934 0.6587374390178022 0.6611257398000748 0.6640353117880149 0.6677793377112726 0.6718569762012707 0.6759315004536023 0.6798250316064779 0.6832288477114172 0.6856776381821879 0.6874263726878729 0.6887884091863677 0.6900300829376045 0.6911493761567137 0.6933952283825174 0.693112670346188 0.693314762238486 0.6939021371924899 0.6924798275727846 0.6893504680814595 0.6853045789851586 0.6811901395340949 0.6767513328824823 0.6727167980103828 0.6688883489331992 0.6650426002928781 0.6614140029913642 0.6577776987308924 0.6545274787500549 0.6512543117575844 0.6480754426480059 0.6450270532235173 0.6419751702403991 0.6391589784234541 0.6363363433384409 0.633921995160639 0.6318133013461478 0.6298384482804908 0.6281451414582913 0.626296511220395 0.6244784150556003 0.6229409827814761 0.6212386196524253 0.6195484978108255 0.6181270926297366 0.6165377569385746 0.6149453283846942 0.6135662901528225 0.6122670922264095 0.6111670266016868 0.6109033643068645 0.611460821546198 0.6123123234751073 0.6129098790140173 0.6135857301955303 0.6145424343491931 0.6155363576505714 0.616054041630548 0.6166678913774196 0.6175134061329921 0.618476815896436 0.6192277860365939 0.6197087268494352 0.6204047978624025 0.6210873843454406 0.6224523040490052 0.6233200074665199 0.6236841870038491 0.6242137288280469 0.6250669675085199 0.6260307356973591 0.6270675931166909 0.627655926572114 0.6278930573709423 0.6283815727373779 0.6292153980464544 0.6301414122365722 0.6311244305057169 0.6317347782256884 0.6319345865145923 0.6323389532968453 0.6330630299156467 0.6339262551284783 0.6348178612681876 0.6347277519526624 0.6353537576344038 0.6357078060308368 0.6359582048218072 0.6362357930869506 0.6365009423225826 0.6368099743215446 0.6371429873663272 0.6374613673221996 0.6379229359193911 0.6402678854774286 0.6450456488736246 0.6498469722428245 0.6543107472229907 0.6582701324760835 0.6626444127226783 0.6660061776328453 0.6687386450300907 0.6696048427094645 0.6710676711907911 0.6730827888528583 0.6747243718322445 0.6757153196517759 0.6761295124189683 0.6778758301373549 0.67960347817223 0.6826357178284124 0.6850255981837989 0.6869820337230992 0.6886952532786847 0.6902930993642986 0.6915257170247247 0.6927925146556497 0.6937979164484366 0.6947235472941433 
# stellar_X_list:
0.7529042722234999 0.7502484878082851 0.750011042217656 0.7500058285475245 0.7499987402854228 0.7499898359551788 0.749982034088956 0.7499754259186867 0.7499701594235499 0.7499665759120662 0.7499642199986001 0.7499624681438987 0.74996102940257 0.7499597858583478 0.7499586894499974 0.7499577212875042 0.7499568562593532 0.749956069444514 0.7499553394562305 0.7499546572268406 0.7499540301006555 0.7499534642246661 0.7499529574907189 0.7499525021509409 0.7499520913931202 0.7499517165311077 0.7499513667811728 0.7499510340548382 0.7499507150867094 0.7499504096889263 0.7499501172199146 0.7499498497731456 0.7499495762043015 0.7499493070679734 0.7499490466826698 0.7499487769266006 0.7499484869763996 0.7499481713574352 0.7499478341060628 0.7499474772201721 0.7499471041164644 0.7499467180863186 0.7499463182712016 0.7499459073066084 0.749945486097479 0.7499450566996488 0.7499446197517795 0.7499441756117113 0.7499437247795621 0.7499432687196075 0.7499428049866551 0.7499423413694538 0.7499418705274538 0.7499414078727945 0.7499409407447858 0.7499404784248438 0.7499400149154226 0.7499395604566735 0.7499390947031945 0.7499386422050629 0.7499381871474936 0.7499377328169331 0.7499372762322148 0.7499368326729966 0.7499363790857667 0.7499359281575962 0.7499354845024919 0.7499350568373278 0.7499346245359163 0.7499342074122259 0.7499338033761613 0.7499334137292095 0.7499330189897915 0.7499326342192769 0.7499322626557182 0.7499319072055365 0.7499315469393375 0.7499311910787627 0.7499308412645633 0.7499305113746809 0.7499301829291479 0.7499298572387534 0.7499295287116874 0.7499292150421225 0.7499289106247907 0.7499286178883517 0.7499283200178987 0.7499280245336177 0.7499277257934042 0.7499274484044667 0.7499271779913372 0.7499269139575422 0.7499266437662492 0.7499263752739311 0.749926103586242 0.7499258489094373 0.749925602875584 0.7499253652842995 0.7499251228255794 0.7499248812709101 0.7499246338154256 0.7499248955426753 0.7499250424866132 0.749925158054917 0.7499252561676675 0.7499253413927511 0.7499254168763931 0.7499254850549243 0.7499255477785873 0.7499256687856772 0.7499261024010399 0.7499265883912548 0.7499268621850209 0.7499270284076096 0.7499271474611314 0.7499272654859364 0.7499273260503022 0.7499273612287614 0.7499273554088276 0.7499273797438332 0.7499273712394056 0.7499273713111171 0.7499273635661842 0.7499273709953336 0.7499273244808573 0.749927310649147 0.7499272121157845 0.7499271302676149 0.7499270603153232 0.7499269729432646 0.749926827999411 0.749926767764458 0.7499266405043677 0.7499265564789303 0.7499264728495391 
# stellar_X_list_luminosity_weighted:
0.7529042722234999 0.7502484878082851 0.7500127727778133 0.7500025576472511 0.749973439845132 0.7498736251831072 0.749596951724246 0.7487314893032319 0.7460618218402606 0.7389439186967118 0.7216318155860145 0.6892589992611706 0.6575418181249165 0.6445298162393257 0.644087475712224 0.648006336801476 0.6524988378571814 0.6563212966493172 0.6591450617968662 0.6614522610036672 0.6642534810894183 0.667864465454249 0.6718206500622491 0.6757944982488936 0.6796079010857542 0.6829615387447766 0.685405468572094 0.6871665600259829 0.6885415487405279 0.689787785627126 0.6909102380815346 0.6930897921233367 0.6929059748963691 0.6931272665906725 0.693708835501869 0.6924002208747974 0.689435982768324 0.685554361554703 0.6815674777879821 0.6772557082209112 0.6733055002104468 0.6695481469948045 0.6657746101117937 0.6622022101285158 0.6586245922454488 0.6554088332582259 0.6521788370517769 0.649038111646751 0.6460220882877783 0.6430060043378472 0.6402120333267418 0.6374175564919015 0.635011054542932 0.6328958714223434 0.6309204701460419 0.6292128651058165 0.6273721299728339 0.6255574695855821 0.6240104462979068 0.6223149459845032 0.6206319597872072 0.6191999368028941 0.6176193740173842 0.616032808767115 0.6146480638710737 0.6133428192400232 0.6122285074653235 0.6119051393291083 0.6123704415061665 0.6131446117917805 0.6136918527929296 0.6143207489132119 0.6152121820721931 0.6161556478943209 0.616652985483789 0.617237774624666 0.6180361965488449 0.6189574715836313 0.6196800108545671 0.6201525419978378 0.6208160744887997 0.6214755662381017 0.6227692079378148 0.6236211209094121 0.6239910155121798 0.6245064933850042 0.6253219967900532 0.626252975382177 0.6272524534218517 0.6278410761105279 0.6280893050209607 0.6285644518440292 0.6293623825902587 0.6302588882621241 0.6312091668592124 0.6318186021286565 0.6320344420950766 0.6324316968222079 0.6331269541395566 0.6339627218166368 0.6348268024638284 0.6355214184773256 0.6362946398356377 0.6369003059000493 0.6374185822512952 0.6378791572998378 0.6382974896489534 0.6386815827567934 0.639038639613018 0.6396855042538514 0.6420820637378408 0.6449036331407199 0.6466121123877828 0.647801370681317 0.6486916975176863 0.6496623366704527 0.6503427493438103 0.6508457100074448 0.6509838887078706 0.6512303042033711 0.6515352987226063 0.6517930809438545 0.6519228096804749 0.6519960917522737 0.6522075125683343 0.6524356683275593 0.6527635408696311 0.6529830582249216 0.6531553591784234 0.653262255354329 0.653309272501892 0.6534486837985545 0.6534414938934632 0.6535509076234981 0.6535560606486056 
# Y_list:
0.02113317345039969 0.000537486039661398 7.171272133457637e-05 4.762237952416338e-05 0.0001716808838453743 0.0005766409579147901 0.0016653999361517537 0.004881901583282824 0.015662360902894638 0.050861189569193034 0.1326494701044785 0.22805598008191874 0.27845087225021414 0.2926917550739642 0.2938340619940052 0.2915936898892943 0.28905179613339144 0.28668450190430733 0.2844838202673128 0.281806716463778 0.27855801937116564 0.2750406520432891 0.2715471689379845 0.26823314659963005 0.26539297052525057 0.2633139887883721 0.26182596648911827 0.26066813912351766 0.25970602915470026 0.25877700427920497 0.2565865008598315 0.257128192074906 0.2571619432937548 0.25664546767627344 0.2575982041913097 0.2598013339183417 0.2628449203613602 0.2659825153066268 0.2691858840456039 0.27236622220941753 0.275331347361139 0.27813132564786025 0.2808817465292593 0.2836278207899941 0.28607877790502 0.2885302128480426 0.2909241142946401 0.29326627082389917 0.2955145688490895 0.2977621536533866 0.2997784792865386 0.30170934361322266 0.3034562763060791 0.3050473421705314 0.3066924011753469 0.30815259585744675 0.3095876182333867 0.3111486385756293 0.31247105751402465 0.3138161954440514 0.3152547431249758 0.31651918522232936 0.3177480517872284 0.3190678418174076 0.3204083963116093 0.3211802704269153 0.32139540511516423 0.32133094346174196 0.32105415312940305 0.3205285629071579 0.32006987437270285 0.31975556520688847 0.3194311566278949 0.3188818574811612 0.318372869888455 0.31805053548264944 0.317806750846079 0.3174087726091991 0.3168451310847959 0.316367572007726 0.3161054165745821 0.31562838263624404 0.3151975697204643 0.31467701978261964 0.314197079159634 0.31382809166588527 0.31358229762185913 0.31328633375656095 0.31261387507386373 0.3123039475988935 0.3119067111599893 0.3115153065664741 0.31129409685579706 0.31101781682751417 0.3105377606829548 0.3100224348451485 0.30962180089670394 0.3092671751198912 0.3090564116972394 0.3089430056345257 0.3094710968719737 0.30878863168305876 0.3082688935874556 0.3079439396374512 0.3077122572273319 0.3075544924100593 0.30740993841453257 0.3072740826244216 0.3071430457865525 0.30682464983220153 0.30537591548189835 0.302322230311774 0.2989968115175002 0.29589725405650125 0.29307254736623384 0.2900259226582213 0.2877635408497423 0.2859555952781218 0.28541310764667016 0.2844408458167722 0.28311394152866176 0.28194254363258736 0.28121374976009017 0.2808792427323991 0.2795525235342222 0.27809234733657706 0.2754544741545458 0.27326474226384695 0.2715203998066506 0.2700812249422011 0.26882799296468796 0.26782384343956034 0.26685634122649987 0.26613955348128066 0.26543381964608215 
# stellar_Y_list:
0.247 0.02113317345039969 0.0009391088545284019 0.0005104536101052105 0.0004473301833591305 0.00045040132451404694 0.000464987597427604 0.0004775153791238766 0.00048684765655183915 0.0004943485555860371 0.000500904506737674 0.0005067766718865356 0.0005119893454289956 0.0005166056458210342 0.0005207324045463914 0.0005244596498629509 0.0005278605968617982 0.0005309966210169453 0.0005339140884302329 0.0005366410980983569 0.0005391957126104664 0.0005415855666493801 0.0005438204252236287 0.0005459238454593399 0.0005479198461570826 0.0005498180049668947 0.000551624688901035 0.0005533591458454607 0.0005550327702442347 0.0005566492041455677 0.0005582092812826049 0.0005596983306022754 0.0005611596825411163 0.0005625919592795529 0.0005639913790038301 0.0005653546409535513 0.0005666909435413151 0.0005680357339198811 0.0005693687131255214 0.0005706873153752153 0.0005720018019723545 0.0005732981835377826 0.0005745882570870701 0.0005758655167642188 0.0005771322421976181 0.000578389101250698 0.0005796304571928392 0.0005808674727020893 0.0005820834369021732 0.0005833010478397862 0.0005845115334130538 0.0005856942984999503 0.0005868885704301258 0.0005880327026384073 0.0005891913248500095 0.0005903360358492286 0.0005914457223828573 0.0005925439700037718 0.0005936696518380555 0.0005947267387132077 0.0005957944506896621 0.0005968676328599765 0.0005979205362562523 0.0005989245687357475 0.0005999724539987358 0.0006010090243498787 0.0006020019969346784 0.0006029621066427781 0.0006039655811363458 0.0006049400576036433 0.000605869009201849 0.0006067646908757031 0.0006077100896316345 0.0006086430963739859 0.0006095258201178231 0.0006103611742831925 0.000611229809229974 0.000612115275940251 0.0006129829831037688 0.0006137855312462318 0.0006145803299963587 0.0006153865527217004 0.0006162327304955342 0.0006170407535626156 0.0006178067590010331 0.0006185372395241633 0.000619283476076721 0.0006200608982199421 0.0006208638771887947 0.0006215944286949751 0.0006222933305847142 0.0006229732127771525 0.0006236726376438278 0.0006243967821254132 0.00062515078912596 0.0006258491805522295 0.0006265087924275781 0.0006271413195900993 0.0006277890491622566 0.0006284393546428283 0.0006291381881608165 0.0006284803450204105 0.0006281127884115525 0.0006278167074630566 0.0006275613719114204 0.00062733753132963 0.0006271376002672146 0.0006269632619296247 0.0006268272198197877 0.0006265533883418591 0.0006254926898640028 0.0006243429582615984 0.000623670145757632 0.0006233340496147107 0.0006230792335721938 0.0006228116616434332 0.0006226915921369704 0.0006226397339549249 0.0006226441045408854 0.0006226339093485717 0.0006226872491285038 0.0006226787561355466 0.0006227420674155583 0.0006227282617510565 0.0006228691043337407 0.0006229004616594563 0.0006231879973848568 0.0006234319166906157 0.0006236474497669 0.0006239039130609797 0.0006242703353441143 0.0006244685684833957 0.0006247882590640068 0.0006250489936293029 0.0006252651782503026 
# stellar_Y_list_luminosity_weighted:
0.247 0.02113317345039969 0.0010862880188519245 0.0002442949729826337 0.00013830978640907776 0.00022636262163269868 0.0006014611944471128 0.001643579351012326 0.0047371881648864975 0.015087836331670483 0.04894433190859329 0.12787089066652335 0.22096489435618027 0.27184555783723774 0.2875710125585314 0.2898992938471641 0.2884535656356221 0.28643748639852734 0.2844458420541285 0.282532542065017 0.28011654950729786 0.27710995129144217 0.273804138916804 0.2704874065308266 0.2673190382234111 0.2645864209860218 0.26257247471095096 0.26112753585416254 0.2600063212015072 0.25907796586038456 0.2581858840897386 0.2561038202526591 0.2565707080480568 0.25661131272948595 0.2561338862944613 0.2570312763611958 0.25913850968077157 0.2620750347563104 0.26513216577826837 0.26826617456058377 0.271388271698088 0.27431315969768266 0.2770816122425082 0.2798012440659518 0.28251611481269634 0.2849537322312496 0.28738554838947744 0.2897618463938642 0.2920875838990876 0.2943232744666655 0.29655544148546575 0.29856930387305525 0.30049528240922 0.3022476639192154 0.30384597598051544 0.3054903733478361 0.3069589391389208 0.3083991358241306 0.30995375071152864 0.3112868780591861 0.3126347762974574 0.31406897789955396 0.3153406292964743 0.31657461589405445 0.317891260394648 0.31922841386064243 0.320033301451296 0.3203007015948655 0.3202919717477393 0.3200663223754035 0.3196021693977317 0.3191833598851655 0.3189015046165246 0.31860531504447975 0.3181019389083294 0.3176237421458941 0.3173232411716218 0.31709432033708795 0.3167270749429876 0.3161963516089135 0.31574544162110574 0.3154913029402315 0.3150445618028704 0.314632226466121 0.3141398336974918 0.3136781925893569 0.3133240919047027 0.31308358007921827 0.312802571160359 0.3121654877055041 0.3118619108167167 0.3114791037106086 0.31110392189759684 0.31088430344523743 0.31061988992498607 0.31016164974186505 0.3096688947937441 0.30927744521313255 0.30893378242598585 0.3087228796580577 0.30860886174613783 0.3037093302988502 0.3007344510196903 0.29902137578576327 0.2977550490027817 0.29672440131608746 0.29584269836532306 0.29506772679299753 0.294370882749618 0.29315370862974194 0.28895616291396015 0.284298436638842 0.28151183651765666 0.27957228229102676 0.278119968443921 0.27653024657882863 0.27541681675872504 0.2745918631887523 0.27437328934305627 0.273963832426651 0.2734683863675217 0.2730508742291788 0.2728357156344097 0.27272092322728725 0.2723771549160695 0.2719925755476698 0.27150027454173054 0.2711505576940855 0.270872060710396 0.2706981617549553 0.27066031382926087 0.2704553477882058 0.27047970203130145 0.27034281877631616 0.2703387284354526 
# Z_list:
8.555940668178012e-08 2.176056840734405e-09 2.5265771855235206e-07 2.2534834602260066e-05 8.68022383918381e-05 0.0002734578666127818 0.0010183056793634218 0.003644046022896326 0.010443021674740196 0.024666413137841296 0.04711487739614635 0.06579955889169889 0.07263306321293844 0.07399330623561091 0.07303930904523591 0.07169300259523084 0.070346115821647 0.06962088208027932 0.0690459725595389 0.06853817244845284 0.06781699291549556 0.06717882146285312 0.06642666097595079 0.06575335753167737 0.06502201248564524 0.06457510327305131 0.06405701057545346 0.06376048080339997 0.06323528902080858 0.0630774281356517 0.06271325921000143 0.0624556348149891 0.06204150712624818 0.06198099021637596 0.06209588478900792 0.06277408106751282 0.06313096449033767 0.06419031390485255 0.06468122786593786 0.06587896992120172 0.06595456658025144 0.06799601800273215 0.06671455923268975 0.07101797169699632 0.06559671593549896 0.07725975372670942 0.058144624553203954 0.09541296452944519 0.02700206698848696 0.16024680745334455 5.049572970745669e-10 0.29311467485428394 5.209476144112564e-10 0.5033418619035483 5.358683424142442e-10 0.8510458774407645 5.575616410593413e-10 1.4467658591157229 5.723685484980318e-10 2.543416026203675 5.871724228771391e-10 4.5733245092321475 6.08872929811691e-10 8.530734692192407 6.174901219575507e-10 16.476712062747783 6.43271414489008e-10 32.89216884733864 6.504618649513941e-10 68.29679382449334 6.768994318025542e-10 146.31777069489254 6.802541801615617e-10 324.4485852847003 7.114260277861408e-10 747.6616152147119 7.148980827153221e-10 1754.1270784092633 7.403965676926637e-10 4328.988100490516 7.557259532492668e-10 10787.280301260045 7.60857285324416e-10 28085.77857709196 7.959332327473822e-10 75582.97469530896 7.981757633993982e-10 203448.76881009416 8.128584657291329e-10 581346.6729480134 8.472297419389113e-10 1698297.6111605996 8.453132646860053e-10 4952396.751946402 8.559778903629685e-10 15250747.787655944 8.972748793438495e-10 48355943.04284736 8.990904558406919e-10 153199038.71399203 8.915276377644893e-10 262013263.20540428 3.315316357060194e-10 238871983.6843201 16009921.725921104 152818290.01389223 57496779.40382534 95814014.10129721 69001625.21192196 66583753.53676244 36662724.979952835 23351677.02012412 17833836.449784078 14595532.52980042 12556161.266919943 10555217.449462123 9292825.835199393 8399073.85149515 8171191.369552748 7739626.326373005 7209174.679119672 6811874.095711257 6591477.942559015 6498971.959989361 6132418.375215198 5803841.97606308 5320708.263870284 5000250.687712299 4744312.553423605 4527546.781004049 4336927.10258103 4184701.547103266 4042946.3400955973 3918559.3089872305 3811535.9434764185 
# stellar_Z_list:
9.572777650013187e-05 8.555940668178012e-08 3.802060139791101e-09 1.3638302951148453e-07 5.018104962991696e-06 1.0665057658490896e-05 1.576135940654095e-05 2.1204748618604175e-05 2.6306585950726452e-05 2.9757157433391088e-05 3.168075172216164e-05 3.285064763424859e-05 3.371841375909113e-05 3.448030512594388e-05 3.52071142972659e-05 3.5889888248918776e-05 3.6530547544582826e-05 3.713159275116462e-05 3.770495163035235e-05 3.825244131437586e-05 3.8774959698086454e-05 3.9270722593466455e-05 3.9742399291672304e-05 4.019139879341293e-05 4.062092896754366e-05 4.103147738602104e-05 4.1426303887944816e-05 4.1806053128318394e-05 4.217455694719596e-05 4.2529262158830904e-05 4.2874718963754745e-05 4.3207654182446625e-05 4.353290000464182e-05 4.384868322245106e-05 4.4158541460434106e-05 4.4462184238464276e-05 4.476425438959273e-05 4.506359445804813e-05 4.5366305325953864e-05 4.566367554315591e-05 4.59645617207056e-05 4.6257216432246265e-05 4.656070348034543e-05 4.6844616672101466e-05 4.715805105940797e-05 4.7417180740949114e-05 4.776797620069744e-05 4.7950994097388e-05 4.843520152434954e-05 4.835610610666661e-05 4.934086936867653e-05 4.897366138551346e-05 5.0877616101664383e-05 5.030830879947082e-05 5.3527359689144826e-05 5.26193390846273e-05 5.795910679575911e-05 5.64918015475652e-05 6.541647598966347e-05 6.299757679674218e-05 7.817765368644062e-05 7.410512898452302e-05 0.00010102328126657731 9.387489241411548e-05 0.0001428754100814513 0.00012996026868937027 0.00022271508793306134 0.0001984561175260173 0.0003804491877435825 0.0003331755365070658 0.0007022547124073432 0.0006069589552376548 0.0013856301649628035 0.0011858087124661204 0.002879566881549151 0.0024470248278074323 0.006259238349495267 0.005290501108421104 0.01420390983189517 0.011949585738344407 0.03314416339597508 0.02779949291638637 0.08084011328831371 0.06753408884893165 0.20134233611315694 0.16783374104616505 0.5207164726680387 0.4327396251586229 1.3941197646129333 1.1552043291953125 3.771386279907059 3.1216053564914814 10.688199247747457 8.81844648972575 31.167613693153385 25.656900753332284 91.48125945349982 75.25307093707701 280.194612189237 229.87999415807573 886.4368679879461 725.6607580325224 679.5697002093829 654.9230967335235 638.1126697912914 625.4260258684424 615.2923889666446 606.8979122056844 599.7559340682153 588.0451738848982 554.3426634707723 525.8610887488773 512.2148602688924 504.11943106695014 498.65621334731924 493.2390791447209 489.7153595514497 487.3201498664034 486.82070872526265 485.65626289279464 484.5133592401149 483.54325855816285 483.11223801830073 482.83419662215726 482.38547675470284 481.70476708695656 481.5703942214415 481.58436807669466 481.8016405789149 482.5015716593413 483.5893222782322 483.8054770414803 485.28670421199246 485.7461190801963 486.822154452843 
# stellar_Z_list_luminosity_weighted:
9.572777650013187e-05 8.555940668178012e-08 4.397927201829655e-09 2.4476253871535127e-07 2.1685341256612673e-05 8.386914584407669e-05 0.00026426181507298324 0.00098129578462919 0.003507206545324556 0.010053096280315789 0.02380836457454426 0.04561483877989419 0.06406603354123011 0.07122098783839216 0.07291834481039138 0.07223275891661707 0.07106276268485058 0.06983838752356078 0.06917595854992277 0.06865237628216886 0.06818753153098354 0.06751605395740283 0.06691380181062401 0.06620026228178058 0.06555541803944875 0.06485390386013602 0.0644178670615489 0.06391871374498147 0.06362735690601592 0.06312402536472149 0.06296291774142818 0.06261385604188607 0.06236202528045924 0.06196404340425271 0.061896112482048356 0.062000533463017427 0.06264167747456334 0.06299484077760065 0.06400732835912508 0.06450097445333207 0.0656525606920672 0.06576301752530091 0.06770287964768615 0.06655588543117866 0.07059827695121287 0.06560465992215085 0.07648433897163841 0.058766135800289145 0.0934354826745452 0.029911313811520374 0.15375418617748923 0.005926761901193206 0.27766331565913366 0.009085960838615504 0.4756029272542102 0.01461543483491621 0.803191419259384 0.023952476046061103 1.3643716089556257 0.04000095145614248 2.3968632215306718 0.0693195926311712 4.307426997980867 0.12342600899974181 8.030297202315804 0.22813529623690398 15.50222725637695 0.4371709472154966 30.932357597759744 0.8668321655262626 64.19727021625805 1.7878153315916123 137.47797621257567 3.809178046519774 304.7236523634332 8.402483525306964 701.9220762057564 19.260542503031825 1646.3050550823366 45.04344938362643 4061.2135535817165 110.55614784002545 10117.362036299355 274.8659090006373 26332.12483001642 712.5535160304178 70840.6754484633 1910.5103816450676 190645.7270854884 5137.551563431069 544558.2867103844 14609.994051123456 1590401.556152955 42567.783516513206 4636951.5345565425 124062.5610033164 14274651.673214683 380543.7911673483 45249020.237868935 1203321.8430130929 143331720.94797033 58517264.208123304 30764937.089293286 21925170.403032806 17539329.279032227 14886402.310651382 13093553.942369841 11792542.9507856 10801184.230639182 9381651.831692344 6358854.530714078 4669137.760081374 4053822.9914303212 3726833.48205772 3514426.7769127823 3297066.009458263 3150658.7774938173 3051992.571652349 3027530.079295334 2981696.8459090153 2927099.6716623404 2883707.5737919514 2860459.3079380244 2849774.0966648124 2813372.019293834 2777046.758988149 2729589.4633227424 2694793.3648793623 2672102.575103648 2660391.051654436 2646275.5405545505 2630036.714677352 2632800.949722362 2618582.5721425726 2621292.0483979187 
# formed stellar mass list:
1e-15 4664039.624280768 181916223.82263917 164326264.67016095 72546668.0623753 24830161.280408453 7475391.151929984 2089769.6718777362 560280.5613097624 149114.20693130812 42432.86643145806 15246.438627187357 8182.360656628558 6125.794330437397 5330.824162535687 4880.010721025163 4546.1224637396235 4269.077147395114 4030.343197638491 3821.5262784657866 3633.273502067035 3464.8672642355923 3309.1667703365774 3170.37841929417 3046.326398373629 2934.3945770789664 2826.9494546166447 2728.89143096775 2640.7529587945287 2558.9457803963383 2481.75086691092 2405.28958781643 2342.473669172297 2283.2186005426756 2227.3802942164043 2170.572966148612 2112.6784679505117 2065.0206214781747 2024.0213470670722 1975.8456006013823 1936.9442806747375 1896.2360562839128 1857.9777902339463 1824.1890866257793 1787.957301407165 1757.298176702035 1724.910287682822 1695.0752845292225 1667.7353402377655 1636.8984703629492 1618.1678122856235 1584.2923839990856 1560.493264315928 1535.6630453219595 1506.722864100523 1492.90401518359 1462.9133648189475 1434.8189349612305 1426.5361752679137 1397.7008382087072 1370.478510738106 1362.4618064997128 1341.7397483571472 1313.903050752182 1301.0207052529097 1295.5672836738852 1267.0533787342074 1243.643012857165 1237.7900301367908 1229.895314554344 1202.2032526914145 1181.8594645140035 1177.1924220482404 1176.03099448797 1148.9211247680985 1124.5020125134993 1116.5091497222688 1119.040628786476 1107.1720306846905 1080.5020375676263 1062.3245702948548 1058.584790637897 1061.5314477972156 1051.4455410108799 1024.7759675497514 1005.1094326575362 999.7437460074993 1002.2855073835274 1007.6289046895901 984.1811751107263 956.6368061501669 944.2539141380654 942.8416851019426 946.3947076438733 951.4952200662657 934.6035791424104 907.4714622730874 891.5885403868838 887.4838625910853 889.7881128678674 894.2099829514322 1e-15 1e-15 1e-15 1e-15 1e-15 1e-15 1e-15 1e-15 1e-15 1e-15 1e-15 1e-15 1e-15 1e-15 1e-15 1e-15 1e-15 1e-15 1e-15 1e-15 1e-15 1e-15 1e-15 1e-15 1e-15 1e-15 1e-15 1e-15 1e-15 1e-15 1e-15 1e-15 1e-15 1e-15 
