# time step list:
1000000 10000000 20000000 30000000 40000000 50000000 60000000 70000000 80000000 90000000 100000000 110000000 120000000 130000000 140000000 150000000 160000000 170000000 180000000 190000000 200000000 210000000 220000000 230000000 240000000 250000000 260000000 270000000 280000000 290000000 300000000 310000000 320000000 330000000 340000000 350000000 360000000 370000000 380000000 390000000 400000000 410000000 420000000 430000000 440000000 450000000 460000000 470000000 480000000 490000000 500000000 510000000 520000000 530000000 540000000 550000000 560000000 570000000 580000000 590000000 600000000 610000000 620000000 630000000 640000000 650000000 660000000 670000000 680000000 690000000 700000000 710000000 720000000 730000000 740000000 750000000 760000000 770000000 780000000 790000000 800000000 810000000 820000000 830000000 840000000 850000000 860000000 870000000 880000000 890000000 900000000 910000000 920000000 930000000 940000000 950000000 960000000 970000000 980000000 990000000 1000000000 1010000000 1020000000 1030000000 1040000000 1050000000 1060000000 1070000000 1080000000 1100000000 1200000000 1400000000 1600000000 1800000000 2000000000 2300000000 2600000000 2900000000 3000000000 3200000000 3500000000 3800000000 4000000000 4100000000 4500000000 5000000000 6000000000 7000000000 8000000000 9000000000 10000000000 11000000000 12000000000 13000000000 14000000000 
# Number of SNIa + SNII (log_10):
0 0 1.1728355639346248e+54 4.753505874153906e+55 1.1678010472466043e+56 1.7762349320902816e+56 2.2310133869761127e+56 2.6799857546484654e+56 3.142800011526885e+56 3.5754527132334815e+56 3.959813670802945e+56 4.2972410466236855e+56 4.595089909052033e+56 4.860772902303085e+56 5.100397362050421e+56 5.318567383445803e+56 5.518843186129086e+56 5.703963857517605e+56 5.8760809890224125e+56 6.036915300854463e+56 6.187864681071726e+56 6.330080804169737e+56 6.4645235660368615e+56 6.5920023178522e+56 6.713206386019434e+56 6.828725780886989e+56 6.939072411895124e+56 7.04469171749638e+56 7.145971303987325e+56 7.24325381710718e+56 7.336846305752934e+56 7.427033920844029e+56 7.514026184898618e+56 7.598048207152491e+56 7.679306339337864e+56 7.757977054227847e+56 7.834218804906718e+56 7.908165773138569e+56 7.979973410869583e+56 8.049756756509429e+56 8.117620963133281e+56 8.183670859233312e+56 8.247996590504141e+56 8.310687894487014e+56 8.371827164847657e+56 8.431489908479203e+56 8.48974577687468e+56 8.546650717405014e+56 8.602282831720246e+56 8.656695850921088e+56 8.709933434720179e+56 8.762042124813033e+56 8.813078220298357e+56 8.863080750174624e+56 8.91209178209511e+56 8.960147234645033e+56 9.007285916941123e+56 9.053506666782238e+56 9.098916176376049e+56 9.14352436259247e+56 9.18735066773073e+56 9.230407468175231e+56 9.272700093021032e+56 9.314276221576974e+56 9.355172373948092e+56 9.395399671017458e+56 9.43498356792557e+56 9.473947422004557e+56 9.512305894801004e+56 9.550075055324322e+56 9.587278717323055e+56 9.623933672148944e+56 9.660039551879911e+56 9.695632934495953e+56 9.730729341687102e+56 9.765331799821695e+56 9.79945546575023e+56 9.833114196003673e+56 9.866320723241807e+56 9.899084649035298e+56 9.931423489083578e+56 9.963331005292406e+56 9.994842248410704e+56 1.0025962624981737e+57 1.005669444036298e+57 1.0087046292361327e+57 1.0117029475192578e+57 1.0146660086237429e+57 1.0175932343520284e+57 1.0204853166088225e+57 1.0233446069086779e+57 1.0261697847787633e+57 1.0289639151658928e+57 1.031729122205814e+57 1.0344631848612956e+57 1.0371666331400903e+57 1.0398407300844296e+57 1.0424866353632712e+57 1.0451038508105555e+57 1.047693501434314e+57 1.0502558960718854e+57 1.0527913463333548e+57 1.0553024436683958e+57 1.0577885656301156e+57 1.0602495751680271e+57 1.0626865971977742e+57 1.0650994948757119e+57 1.0674884847159962e+57 1.0698546558076935e+57 1.0745205683253844e+57 1.096615087547468e+57 1.1356334442576294e+57 1.1693218722903175e+57 1.1989630077306181e+57 1.2254291979110507e+57 1.260471251788969e+57 1.291155098286296e+57 1.3184459947335065e+57 1.3269174284014018e+57 1.3430201758663317e+57 1.3653689918763997e+57 1.3858668669276448e+57 1.3986436398363295e+57 1.4047919438238546e+57 1.4279637633754095e+57 1.4541704532404503e+57 1.4994860800564358e+57 1.5377620968391506e+57 1.5708962884321627e+57 1.6001157165654992e+57 1.6262263481364645e+57 1.6498572065223854e+57 1.671419190538021e+57 1.691249623803592e+57 1.709606341219914e+57 
# Gas [Fe/H]:
-5.218485947384705 -6.811240154763617 -5.736322439087878 -3.8326997588913265 -3.0581435734812725 -2.562701050529613 -2.1991030629995505 -1.1161242871789812 -0.31232904994726507 0.3141633096214269 0.8465276964807038 1.277311142082905 1.5521630710840721 1.671727066416366 1.7072599936899406 1.7136178419790475 1.7123258379161688 1.7095800622771327 1.7067761386204827 1.704043103343405 1.700982279450567 1.6981555229960712 1.695182866184282 1.6920470650650734 1.6890054718555545 1.6870701813906366 1.6855580890729174 1.684044760290094 1.6826281667661966 1.6813791169846084 1.6803104381450633 1.6792790845783108 1.6779514632242813 1.6764504130724127 1.6766708060685116 1.6787982035031623 1.6805425545470731 1.6814800067856561 1.6842436649200478 1.6859242762457316 1.687898626212573 1.6898491498740515 1.691182573543443 1.6931456535902938 1.694378949678573 1.6961811610159039 1.6975978323038388 1.6986657661271427 1.700722061232836 1.7004673426959633 1.703315093009011 1.704441792357232 1.7055870776879534 1.7079049301900824 1.7067236934432577 1.7093583881971601 1.7121077591886702 1.709887961533863 1.7128158518478718 1.7161917883065634 1.7145733619263455 1.7156826468437254 1.7190030874055804 1.7190649878186046 1.7166092283747294 1.719984608472866 1.7227775859206806 1.7201343996660436 1.7168728883937279 1.7196208494832925 1.7215911198432994 1.7183901392519068 1.7131759572876724 1.7162766851364397 1.7201182010774438 1.7186526204486139 1.713001607887331 1.7115178600874188 1.7158430091748373 1.718195272002744 1.7156261291816648 1.7095947281547668 1.7077560280183999 1.713037032058883 1.7168573777648564 1.7152682197429674 1.7099898118528354 1.7032911404238695 1.706745301693486 1.713608691872499 1.715749883912156 1.7127297746219683 1.7072942266087074 1.700953492015448 1.702675078065555 1.7098865142107664 1.7139533778826923 1.7128732550308667 1.7081577879531404 1.7020277333017804 1.6956528657194103 1.697911544931391 1.7019012986505477 1.704695887185141 1.7059354231650583 1.7060020951991164 1.7052521225805912 1.7039394063098312 1.702664223884803 1.703368618648665 1.7032393407613675 1.7013809927118402 1.7009738853455714 1.6999561526172426 1.7000904271389472 1.7019140992317041 1.703853385614106 1.7060941307687782 1.7063854151270164 1.7083090180061058 1.71050488148714 1.7139040325502126 1.7160411952435592 1.7176085731633215 1.7217726813530922 1.7283904675743096 1.7399297176389896 1.7502329355469226 1.7575390172157843 1.7622547472311179 1.7648570430602728 1.7676746593672803 1.7688564394014317 1.7696540857505383 1.7705358602905008 
# Stellar mass-weighted [Fe/H]:
0 -5.218485947384705 -6.658594673528041 -5.869967685050186 -4.244316005623563 -3.7367193223183772 -3.538250819991136 -3.4835572709538187 -3.1114821266310306 -2.8340238498697206 -2.681661482510828 -2.597129151595772 -2.544583871020256 -2.5077625623451185 -2.4795658083862886 -2.456552739652639 -2.4369868118032825 -2.419910954811269 -2.4047418171420247 -2.391098028597308 -2.3787047004575896 -2.3673632206008177 -2.356914835286351 -2.347230576497622 -2.3382112173471787 -2.3297810964146874 -2.3218734062286535 -2.3144257191455067 -2.307390798568627 -2.300730027294394 -2.2944090535007406 -2.288397999126433 -2.282660895843841 -2.277182899483452 -2.2719459935455646 -2.2669339507475277 -2.262121121612009 -2.257488817704269 -2.2530423626972693 -2.2487523283194957 -2.244442621358873 -2.240606587815148 -2.236640476413087 -2.2330849472756027 -2.2293887479144825 -2.2260660835117374 -2.2226044907106877 -2.2194825163116008 -2.2162289544549614 -2.2132790391586257 -2.2102033102703604 -2.2074233495374864 -2.2045113420107354 -2.201880510698027 -2.1991077868411937 -2.1966056641557925 -2.193980880413587 -2.191590014472535 -2.1890911530307795 -2.1868204974494665 -2.1844142785196645 -2.182234139935775 -2.1799441532453336 -2.1778686028980934 -2.1756628482882094 -2.1736708289286497 -2.1715710608425525 -2.1696520772300367 -2.167615205437544 -2.1657774191762575 -2.1638340630494284 -2.1620581602586126 -2.160165636690552 -2.158459137452893 -2.1566531386605075 -2.1550072356094914 -2.1532471036707177 -2.1516426038374092 -2.1499522496488677 -2.148423489276974 -2.1467910542088857 -2.1452869853515413 -2.143688170314438 -2.1422538319301383 -2.140725712896934 -2.139326662879113 -2.137826872426313 -2.1364458824146517 -2.134991029812097 -2.1336853041020856 -2.1322955365276943 -2.131017577176059 -2.1296444100881766 -2.1283789411441694 -2.127034018340429 -2.125828137049803 -2.1245472555459806 -2.1233737844229674 -2.122110080166948 -2.1209509472258103 -2.1197009300477054 -2.126342391924185 -2.1284856036284863 -2.12998672777075 -2.1312057842878636 -2.1322487738501295 -2.1331634770359678 -2.1339788435860783 -2.134719490303344 -2.1360834729414906 -2.1409436935101365 -2.146378606182002 -2.149523540990854 -2.151505018217871 -2.1529474939577584 -2.1544798839503647 -2.1554319925489933 -2.15609744774539 -2.156179889482675 -2.1565570507448397 -2.156798058221912 -2.1570989682988833 -2.15715800178884 -2.1572806036214214 -2.1572505924658607 -2.15752472739707 -2.1573517682694767 -2.1572012804893026 -2.1569108748677426 -2.1563705928983303 -2.155321973849346 -2.154766819825098 -2.153796655547013 -2.153037688211257 -2.1523942697286067 
# Gas [Mg/Fe]:
-9.71445146547012e-17 -9.71445146547012e-17 1.0073715384886854 1.003961031212685 0.7911785153887827 0.6433618740344206 0.5259674488064067 -0.35729327184028364 -0.9536359903929382 -1.3173126657224516 -1.5180842554659506 -1.6077519707891221 -1.6456441512942583 -1.6617535453079642 -1.668080760651036 -1.6696720396517593 -1.6682512175169537 -1.6642507802723603 -1.6589013126951215 -1.6548245956003749 -1.6529924747901659 -1.6527405908361776 -1.6527012935507606 -1.653083795059749 -1.659504517301467 -1.6537699626449471 -1.648180708710754 -1.6470257678719065 -1.645924490276007 -1.646030571532783 -1.6457204116117656 -1.644372268638169 -1.6416562767156653 -1.6379590121152217 -1.6344789427839979 -1.6268527191416602 -1.6154984203974774 -1.6035841548798084 -1.5926566533658248 -1.582150700102456 -1.572642260635472 -1.5625145592061298 -1.553563752388574 -1.5455784869718707 -1.5372588683492527 -1.5290327140950501 -1.521899479731422 -1.5121547904150447 -1.507753657673811 -1.5034817403856664 -1.4985094612029026 -1.4951053768006262 -1.4966669788097764 -1.5016461827162721 -1.5074307529434854 -1.5117697537354864 -1.5129926466730552 -1.5203924045697648 -1.528590495616609 -1.5341699399085003 -1.542433049068915 -1.5436690109895983 -1.5445393835729186 -1.549846210481239 -1.5454824539547503 -1.5622704467411674 -1.573370682799022 -1.5751896331737076 -1.577625040585231 -1.580208430555608 -1.57934090932418 -1.5815137482137707 -1.584865935871798 -1.5887563280043746 -1.5921176840192706 -1.5944859121347739 -1.5953450922107622 -1.5986746074488496 -1.6028613097037503 -1.6067023124855961 -1.6061876192308233 -1.6144246050025286 -1.6158198760833415 -1.6289577262752795 -1.6220299630812665 -1.61222328276283 -1.6229401726195807 -1.6313407624373462 -1.635207949393836 -1.637925288808311 -1.6406910813741544 -1.642919674022978 -1.6455801651493613 -1.6295497261705114 -1.6472108098681377 -1.6620490196565256 -1.6670201464624306 -1.663264425357025 -1.6621038464055113 -1.6607210292717258 -1.6640000287086234 -1.6675951542801344 -1.6694013916399126 -1.670040911503842 -1.6705302978126337 -1.6711382651390267 -1.6713847090564746 -1.6714390806049153 -1.671668015066476 -1.6723084938684643 -1.6755351273321177 -1.6806048062533006 -1.6838211008955688 -1.6848933044507732 -1.6882921021944837 -1.690496021226159 -1.6919308298880809 -1.6930604718861413 -1.6933628316487752 -1.694115524461499 -1.6945358800669417 -1.6952033464463736 -1.6954984019501598 -1.6956280371744705 -1.6961893371471735 -1.6966871501656409 -1.6974976770905517 -1.6979430964987943 -1.698472945170954 -1.698767964359564 -1.6990579451963708 -1.6992475887842236 -1.6994141847065212 -1.6995798432757425 -1.6997062981775115 
# Stellar mass-weighted [Mg/Fe]:
0 -1.6653345369377348e-16 -1.6653345369377348e-16 0.9819673633841874 1.0034451230295316 0.8337279421937298 0.7340319056067102 0.6803928003502373 0.2810747338450556 -0.021239687256329715 -0.18976477945043715 -0.2839960515049239 -0.3421466415651962 -0.38242070052003124 -0.4128737902152218 -0.4374048884737205 -0.458000928748771 -0.4757564347005033 -0.49134371302563806 -0.5052156939497623 -0.5177143866475319 -0.5290897057259288 -0.5395192390927156 -0.5491328035213214 -0.5580401692191804 -0.5663825943503638 -0.5741030781160221 -0.5813198731896971 -0.588123961429994 -0.5945456382096962 -0.6006261111568914 -0.6063908478250746 -0.6118669246019247 -0.6170636135047991 -0.6220076081188375 -0.6267300044188477 -0.6312196090528989 -0.6354790435186903 -0.6395330958536125 -0.6434153665053287 -0.6472876561473925 -0.6507185239873283 -0.6542301291157278 -0.6573659127970937 -0.6606091928676526 -0.663503987402489 -0.6665052750600688 -0.6691953820230062 -0.6719741118760245 -0.6744934349154115 -0.677124504088987 -0.6794904990058946 -0.6819681122145221 -0.6842296804993325 -0.6866310224593893 -0.6888174341753943 -0.6911214850832967 -0.6932010945743647 -0.695401097277033 -0.6974368257855577 -0.699569384260433 -0.7015209492539289 -0.7035574584836289 -0.7053960746113006 -0.7073468503076814 -0.7090909393762712 -0.7110126684934992 -0.7127672759233188 -0.714585706464417 -0.7162435075783782 -0.7179960293475136 -0.719580147242822 -0.7212547575447181 -0.7227856598403465 -0.7244212577584234 -0.7259125784406225 -0.7274790414320892 -0.728902082008429 -0.7304237174198621 -0.7318215585222055 -0.7332970917479333 -0.734627889271561 -0.7360627361817513 -0.7373648557888303 -0.7387929606510806 -0.7400523817619603 -0.7413557210390702 -0.7425876838708119 -0.7439078594668365 -0.7451203884349196 -0.7464016813166938 -0.7475661583350102 -0.7487921496263084 -0.7499179847479197 -0.7510826293091061 -0.7522165878167786 -0.753431295690154 -0.7545240863223039 -0.7556568192228602 -0.7566877583707382 -0.7577904097462456 -0.7520039672288632 -0.7501792510505627 -0.748916825566328 -0.7478818985849716 -0.746984307736633 -0.7461919659468903 -0.7454824111620971 -0.7448425732830902 -0.7437299706309076 -0.7396868544963958 -0.7351966035287283 -0.732591491327859 -0.7309924935466203 -0.7298769517934764 -0.728646041759181 -0.7278955529891732 -0.7273859301999361 -0.7272957178010596 -0.7270455289737457 -0.7268830127327917 -0.7266172994113426 -0.7266219175114844 -0.7265238821175646 -0.7265542962367099 -0.7263399226182028 -0.726512404309614 -0.7266672350054891 -0.7269464959052208 -0.727450465142755 -0.7282894985793832 -0.7288240090645013 -0.7296060960485591 -0.7303070535051932 -0.7308402821034216 
# Gas [O/Fe]:
-2.220446049250313e-16 -2.220446049250313e-16 1.2198852068423487 1.2156107500151188 0.9702856758924914 0.7896743591576574 0.6472279537313435 -0.2513960347534182 -0.8496918630361017 -1.2017679141740494 -1.3859161884581634 -1.4647899468705554 -1.4948824796749114 -1.5047104972323693 -1.5072901329683526 -1.5075563457233758 -1.5069427621882898 -1.5058553497764795 -1.5047945081173362 -1.5040808197044016 -1.503845056801845 -1.5038925776732972 -1.5041404549127428 -1.5044389600424093 -1.504663517276832 -1.5047662935597503 -1.504746713569176 -1.5046040824855211 -1.5047247091372105 -1.5044551167845472 -1.5042184218095946 -1.5040655043055808 -1.5039562019207748 -1.5037465225827724 -1.503443040722234 -1.5028883801886725 -1.5021814277461254 -1.5014380406377437 -1.5006863395819126 -1.5002092005261565 -1.49925006171863 -1.49841277899963 -1.4977179653880208 -1.4971726095282247 -1.4965854968466634 -1.4960429065544847 -1.4954176056155302 -1.4949503120560625 -1.4945605708883734 -1.4937876695878414 -1.493219915846633 -1.4929519749221534 -1.4927489068114186 -1.4927395810297148 -1.4938530542321118 -1.4927660105230816 -1.4917755681948832 -1.4916805790665122 -1.4917685781245007 -1.4919963894323933 -1.4919526481850234 -1.4919493497067204 -1.4919560695524212 -1.491821666996782 -1.4915235516388687 -1.492590623175974 -1.4920284204825947 -1.4915224522094532 -1.4918740221108098 -1.4918670629262627 -1.4915174276770369 -1.4914413382612604 -1.4913205170450003 -1.4918071409560631 -1.4920048658087754 -1.4919184996650294 -1.4917960854325016 -1.4919107868313322 -1.4920844788614336 -1.491853949132749 -1.4921234436187656 -1.4922406978423464 -1.4919615499483454 -1.4916851250448047 -1.4928375525271431 -1.492727326449969 -1.4920933879826166 -1.4915536668415341 -1.4919317652485466 -1.492697370555609 -1.4927932168385474 -1.4925972913584717 -1.4923274433247575 -1.4920817399216522 -1.4922501614119996 -1.4928075592365326 -1.492690090350181 -1.491993695687333 -1.492125760057728 -1.492575377957843 -1.49265732922118 -1.49272537824026 -1.4941893993190178 -1.4940428058469541 -1.4937866167185696 -1.4939107954934598 -1.493626390967274 -1.493281371168803 -1.4930905828041685 -1.4930703146975937 -1.4932264603538346 -1.493388561986476 -1.493894979322668 -1.494360567126813 -1.494881355119883 -1.4957258674840643 -1.496565756487679 -1.4973238974276122 -1.4975837807912313 -1.498152764870401 -1.4987455808852999 -1.499318556157487 -1.4996683720999198 -1.499845185926233 -1.5004738719792035 -1.5011714796663829 -1.502321354256852 -1.5032285251505013 -1.5039205394258972 -1.5044299011903095 -1.5048453998700895 -1.5051905988786145 -1.5054930180397479 -1.5057225627610855 -1.5059306829976866 
# Stellar mass-weighted [O/Fe]:
0 -2.220446049250313e-16 -2.220446049250313e-16 1.19337576733381 1.2150808206307286 1.0209253660700535 0.9027241048803094 0.8406157159636813 0.439878905931951 0.13892246003058517 -0.02804552377621894 -0.12118626440630931 -0.1787195394766663 -0.2185899418301378 -0.24874261271618592 -0.2730543438005333 -0.2934973451322599 -0.31115637297323107 -0.32669949365731654 -0.3405698039107271 -0.35308141509442814 -0.36446611190493783 -0.3748982044265159 -0.3845150175587998 -0.3934242108747812 -0.4017173668605578 -0.4094694380969044 -0.41673855657201675 -0.42357462333064344 -0.43002862234514083 -0.43613135016523286 -0.44191819324915327 -0.4474231867875085 -0.45266040504121163 -0.45765601812722245 -0.4624346635829236 -0.4670092712352182 -0.47138969090676375 -0.47558934964477195 -0.4796310229035865 -0.4836782597184984 -0.4872835312679855 -0.49098886653095786 -0.4943163221946628 -0.49776065121946667 -0.5008569930745054 -0.5040738059293184 -0.5069711908968163 -0.5099857732545859 -0.5127114375226153 -0.5155511246490678 -0.5181200984819105 -0.5208011584141398 -0.5232260728829686 -0.5257676133488796 -0.5280679414361747 -0.5304806309604201 -0.5326641040171368 -0.5349426912954331 -0.537032084476882 -0.5392234840462911 -0.5412064259670634 -0.5433006513888936 -0.5451948057333073 -0.5471856226706185 -0.5489977187057801 -0.5509188010538921 -0.5526585345605576 -0.5544888479641209 -0.5561593760675596 -0.5579274523913096 -0.5595326151567732 -0.5612239257923153 -0.562763786039175 -0.5644086924751318 -0.5659027652461383 -0.5674739288995926 -0.5689045213268846 -0.5704305097120851 -0.5718242241494094 -0.5732926360552751 -0.5746268436613379 -0.5760444455795423 -0.5773390464620669 -0.5787275165769266 -0.5799916279372674 -0.5813199568898789 -0.582529688600094 -0.5838221922038391 -0.5850134668236737 -0.5862759308879077 -0.5874189562249428 -0.5886248541426401 -0.5897292342025265 -0.5909186962590737 -0.5920131471173647 -0.593176736470605 -0.5942283565837341 -0.5953382374566781 -0.5963496555607946 -0.5974369951813453 -0.5916518310413806 -0.5898190340806833 -0.5885461882336038 -0.5875001674344948 -0.5865921984970817 -0.5857904073182135 -0.5850721748041654 -0.5844241751925144 -0.5832962842618655 -0.5791829683016118 -0.5746025099576862 -0.5719383764275757 -0.5703023337507186 -0.5691577443016502 -0.5678935593349689 -0.5671213349856218 -0.5665960422405981 -0.5665048946898237 -0.5662446176854099 -0.5660759163167315 -0.5658026015835287 -0.5658039204188033 -0.5657019902241806 -0.5657328927807665 -0.5655093261032038 -0.5656799694912941 -0.5658336199251562 -0.5661127762353894 -0.5666185309606462 -0.5674763887352623 -0.5680102511062286 -0.5688092414600586 -0.5695131446066377 -0.5700556507900417 
# Stellar mass-weighted [N/O]:
0 0.0 1.1102230246251565e-16 -1.751845909892395 -1.8830725889736715 -1.7048008719110714 -1.379429097866697 -1.0747068396368797 -0.8454542937823062 -0.6900607010547428 -0.5860161388792828 -0.519488777854769 -0.4765808548451025 -0.44690515860109614 -0.4237014065692071 -0.4034525434945999 -0.3840750030216493 -0.36396781409416534 -0.34310364700079443 -0.3224956485760946 -0.30433175955161285 -0.2896247078699603 -0.27802686937414967 -0.2686585053632713 -0.2608379358970363 -0.25464998559707785 -0.25073496431910325 -0.24906613754316043 -0.2491962261890941 -0.2506749894438802 -0.2531845551276166 -0.2565094902727496 -0.2605007379990478 -0.2650558160139249 -0.26988984423577556 -0.27431478271879484 -0.27798810821707076 -0.280989563420484 -0.2834822817880407 -0.28564779806631146 -0.28756946351305146 -0.28926708436813287 -0.2908401084026746 -0.292282164544148 -0.2936005772325796 -0.2947977242353077 -0.29594392461221153 -0.29700126976952324 -0.29801889952351646 -0.29895077309985885 -0.299854924784863 -0.300687870173481 -0.3014982461273834 -0.3022460303865049 -0.3029712251374983 -0.3036431368504795 -0.30430063805882246 -0.30491444469335294 -0.3055158037207317 -0.30607000764881676 -0.3066247375999147 -0.30714135862966296 -0.307648519274792 -0.30811849406747727 -0.3085843170163656 -0.30902893453196234 -0.30946398369670525 -0.30987909514517487 -0.3102955614456471 -0.3106835146582305 -0.3110583800238751 -0.31147773922870203 -0.31174271688757327 -0.312104740296272 -0.3124600222018996 -0.31279770900757176 -0.3131299727124499 -0.31343358177174063 -0.31372926840030724 -0.314011705487623 -0.3143170747442259 -0.31459810807085975 -0.3149148458141824 -0.31515230195523714 -0.31539155110408523 -0.31562908602218287 -0.3158885000695042 -0.3161326970728662 -0.3163865966082968 -0.31660362579406076 -0.3168272123031828 -0.317048877088123 -0.317270005448159 -0.3174909965421846 -0.31771365665183615 -0.3179076845792044 -0.3181055219030544 -0.3183003640556272 -0.31851012216942043 -0.31871188018096763 -0.318909317593288 -0.3182421766825696 -0.318053248554905 -0.31793762946973136 -0.31786569526129793 -0.31782078087686316 -0.31778317224088104 -0.31774787005381944 -0.31770972162225686 -0.317623951954515 -0.3174787438928526 -0.31736010833790296 -0.3173248624288587 -0.3171767375582122 -0.3170407267430406 -0.3169353037033904 -0.31674625526071676 -0.3165467875399264 -0.31643717063432275 -0.3163381910276992 -0.31607318032634946 -0.31598422651066227 -0.3157575108477637 -0.31576629210582663 -0.3153982311968051 -0.31528833338628526 -0.3146320503978899 -0.31415030236537955 -0.3135926709918746 -0.3128766963362617 -0.3119318582085988 -0.31115669509055444 -0.3103363705229141 -0.3094192963121356 -0.30886034498756 
# Stellar mass-weighted [C/O]:
0 0.0 0.0 -1.2538417469986163 -1.2820967235271956 -1.1029756604765582 -0.9880474811121842 -0.9365444216007992 -0.894823529422897 -0.8516219989149536 -0.8162275777743866 -0.7906916438003537 -0.7715942399109998 -0.7562719283892467 -0.7433031164095452 -0.7318392377901681 -0.7213578680536817 -0.7114649652217169 -0.7020236111793822 -0.6930189404541949 -0.6843862413611318 -0.676045875787271 -0.6680202799736987 -0.6603113827174232 -0.6529064679404718 -0.6452851131393919 -0.6366284399644323 -0.6268025811026752 -0.6161160364275179 -0.6049937016164987 -0.5937324847289447 -0.582503234873741 -0.5713350250665064 -0.5604141123738621 -0.5495497202226567 -0.5383842883283125 -0.5269082164868368 -0.5151277705259297 -0.5031882692205013 -0.49124304644919004 -0.47932457646518256 -0.46819210744219786 -0.45674479980436855 -0.44593764928403423 -0.43494572833727563 -0.42460789799629683 -0.4141214716639112 -0.40434038224517577 -0.3942014515635147 -0.3849684511629221 -0.3753799202278171 -0.3666567741233676 -0.3577801296387625 -0.3497675305920721 -0.34181226274294074 -0.3344109097675769 -0.32708955009098084 -0.32049559676642425 -0.3134794734253382 -0.30727139950697235 -0.3009806989056629 -0.2949906444736582 -0.28889238865285194 -0.28349328755795666 -0.277784730361863 -0.27237174612700443 -0.26707437242666654 -0.26235758010216914 -0.25751334720482744 -0.2531510307430407 -0.24891336341480652 -0.24518282445655315 -0.24111881691266512 -0.23734795268364078 -0.23369931686631834 -0.23056091356050978 -0.22715389783214018 -0.22389551095963584 -0.220582637701413 -0.21783539893532622 -0.2149922853868938 -0.21231199693505193 -0.20933815941152634 -0.2067220668289249 -0.2042133334447958 -0.20200816362816082 -0.1995911585568933 -0.19728602043872062 -0.19473405230342894 -0.19265947166073732 -0.19064217345709356 -0.188811161547551 -0.18675039198373627 -0.18477624437430085 -0.18259906421636435 -0.18079144288991084 -0.17906212404097732 -0.17753824153869746 -0.17582350390664853 -0.17418573502109053 -0.17238590031175988 -0.18230594670343908 -0.18551552582051178 -0.18776229447452125 -0.1896038610725428 -0.19119544140177946 -0.19260471717369337 -0.19387221585834857 -0.19502504921767017 -0.1970583856408774 -0.20438714691426263 -0.21259187719160988 -0.21736552071459886 -0.22043174661581882 -0.22261923026604713 -0.2249963589415806 -0.22658594818952027 -0.2277363348260275 -0.2280051636321736 -0.22858634504539 -0.22917072195724503 -0.22975667173748449 -0.22998782567237802 -0.2301706075178745 -0.2304898598993314 -0.23102071488210507 -0.23141433507744524 -0.2316530896893405 -0.23174938999135197 -0.23160932368098253 -0.2310532945277743 -0.23094573455539885 -0.2303616993423125 -0.2300928939208718 -0.22971094207799453 
# Stellar mass-weighted [O/H]:
0 -5.218485947384705 -6.658594673528041 -4.676591917716378 -3.0292351849928343 -2.715793956248323 -2.635526715110827 -2.642941554990137 -2.6716032206990805 -2.6951013898391363 -2.7097070062870454 -2.7183154160020813 -2.7233034104969214 -2.7263525041752557 -2.7283084211024757 -2.729607083453173 -2.7304841569355425 -2.7310673277845003 -2.731441310799342 -2.7316678325080357 -2.7317861155520182 -2.7318293325057557 -2.7318130397128666 -2.731745594056421 -2.73163542822196 -2.731498463275245 -2.7313428443255576 -2.731164275717523 -2.7309654218992714 -2.730758649639535 -2.730540403665974 -2.730316192375585 -2.7300840826313495 -2.729843304524663 -2.729602011672787 -2.7293686143304514 -2.7291303928472272 -2.7288785086110323 -2.7286317123420405 -2.7283833512230817 -2.7281208810773716 -2.727890119083134 -2.727629342944045 -2.727401269470266 -2.727149399133949 -2.7269230765862424 -2.7266782966400065 -2.7264537072084165 -2.7262147277095474 -2.7259904766812406 -2.725754434919428 -2.7255434480193967 -2.7253125004248746 -2.7251065835809962 -2.724875400190074 -2.724673605591967 -2.724461511374007 -2.7242541184896725 -2.724033844326212 -2.7238525819263497 -2.7236377625659554 -2.7234405659028385 -2.723244804634227 -2.7230634086314005 -2.7228484709588283 -2.72266854763443 -2.7224898618964444 -2.7223106117905944 -2.7221040534016643 -2.721936795243817 -2.721761515440739 -2.721590775415386 -2.7213895624828677 -2.7212229234920677 -2.721061831135639 -2.72091000085563 -2.72072103257031 -2.720547125164294 -2.7203827593609535 -2.7202477134263834 -2.7200836902641603 -2.7199138290128797 -2.71973261589398 -2.7195928783922048 -2.719453229473861 -2.719318290816381 -2.719146829316191 -2.718975571014745 -2.7188132220159362 -2.7186987709257595 -2.718571467415602 -2.718436533401002 -2.718269264230816 -2.7181081753466954 -2.7179527145995026 -2.717841284167168 -2.7177239920165857 -2.717602141006701 -2.7174483176236253 -2.7173006027866053 -2.717137925229051 -2.717994222965565 -2.7183046377091706 -2.718532916004354 -2.7187059517223595 -2.71884097234721 -2.718953884354181 -2.7190510183902434 -2.7191436654958574 -2.719379757203356 -2.720126661811748 -2.720981116139688 -2.7214619174184307 -2.7218073519685886 -2.7221052382594095 -2.722373443285334 -2.722553327534616 -2.7226934899859883 -2.7226847841724986 -2.7228016684302494 -2.7228739745386443 -2.7229015698824117 -2.722961922207644 -2.722982593845602 -2.722983485246628 -2.7230340535002737 -2.7230317377607713 -2.7230349004144587 -2.723023651103132 -2.7229891238589774 -2.7227983625846086 -2.7227770709313264 -2.722605897007072 -2.7225508328178947 -2.722449920518649 
# Gas [Mg/H]:
-5.218485947384705 -6.811240154763617 -4.728950900599193 -2.8287387276786413 -2.266965058092489 -1.9193391764951926 -1.6731356141931437 -1.473417559019265 -1.2659650403402036 -1.0031493561010247 -0.6715565589852464 -0.3304408287062168 -0.09348108021018575 0.009973521108401329 0.03917923303890447 0.043945802327288064 0.04407462039921484 0.04532928200477304 0.047874825925361186 0.049218507743029605 0.047989804660400814 0.04541493215989334 0.04248157263352148 0.038963270005323736 0.029500954554086967 0.03330021874568967 0.037377380362163315 0.0370189924181874 0.03670367649018935 0.035348545451824975 0.034590026533297014 0.034906815940142444 0.03629518650861563 0.038491400957190613 0.042191863284513964 0.051945484361501926 0.06504413414959576 0.07789585190584791 0.091587011554223 0.10377357614327565 0.11525636557710062 0.12733459066792197 0.13761882115486834 0.14756716661842262 0.15712008132932098 0.16714844692085418 0.17569835257241628 0.18651097571209796 0.1929684035590249 0.1969856023102965 0.20480563180610822 0.20933641555660554 0.20892009887817675 0.20625874747381 0.1992929404997721 0.19758863446167396 0.19911511251561542 0.18949555696409792 0.1842253562312628 0.18202184839806357 0.17214031285743125 0.17201363585412732 0.17446370383266174 0.1692187773373659 0.17112677441997892 0.1577141617316986 0.14940690312165916 0.144944766492336 0.13924784780849642 0.13941241892768463 0.14225021051911924 0.1368763910381361 0.12831002141587433 0.1275203571320649 0.12800051705817328 0.12416670831383936 0.11765651567656832 0.11284325263856942 0.11298169947108683 0.11149295951714766 0.10943850995084148 0.09517012315223816 0.09193615193505877 0.08407930578360379 0.09482741468358924 0.10304493698013673 0.08704963923325515 0.07195037798652315 0.07153735229965008 0.07568340306418797 0.07505880253800168 0.06981010059899084 0.061714061459346325 0.07140376584493602 0.05546426819741779 0.047837494554241466 0.046933231420261734 0.049608829673841726 0.046053941547628874 0.04130670403005521 0.03165283701078714 0.03031639065125713 0.0324999070106351 0.03465497568129994 0.03540512535242435 0.03486383006008964 0.03386741352411704 0.032500325704915234 0.030996208818327098 0.031060124780200482 0.027704213429249336 0.020776186458539847 0.017152784450002123 0.015062848166468967 0.011798324944463978 0.011418078005545063 0.011922555726025408 0.013033658882636523 0.013022583478241145 0.014193493544606639 0.015969001420198303 0.01870068610383857 0.020542793293399697 0.021980535988850747 0.025583344205919012 0.031703317408669385 0.04243204054843819 0.05228983904812878 0.059066072044830165 0.06348678287155352 0.06579909786390203 0.06842707058305653 0.06944225469491094 0.07007424247479577 0.07082956211298885 
# Gas [C/H]:
-5.218485947384705 -6.811240154763615 -5.801173507820028 -3.8998431256680313 -3.143228829487608 -2.650991438855252 -2.3110851134826174 -1.9430911996838365 -1.472708995340537 -0.9653837389848743 -0.47296628050157885 -0.05218546173606864 0.22411407612871725 0.34966800469604387 0.3932946703949938 0.40938663967321665 0.420168433283727 0.4309554563363376 0.44188684438367076 0.4530394462677161 0.4642684996519719 0.4752324107117589 0.4853104046113912 0.49448158742990245 0.509593761007173 0.5396237819625305 0.5796599348356204 0.6218444478377623 0.6611107100255946 0.6962021175047526 0.7273150115791327 0.7555952245103601 0.7797323504087856 0.8031564010639016 0.8313071056246311 0.8628873819491418 0.8949427924641329 0.9252652722010346 0.9552511764801048 0.9797914404057884 1.002515553385415 1.024785584112733 1.0455929128703216 1.0649031497380088 1.083097372263135 1.0997474570093253 1.115407197246352 1.1313809035394091 1.1446475285949615 1.157134479718438 1.1696071466252618 1.1798201987535455 1.1875646828606126 1.1939240758738112 1.1989511383593396 1.2041692732887412 1.2091631905246882 1.2133772924992998 1.2179947727938383 1.222626773202491 1.226577581393221 1.2308856828071328 1.2349552979342522 1.2386234043067432 1.241892381813087 1.2449671909105282 1.2469754049989064 1.2437805442763596 1.2396917378761154 1.2370887483728858 1.234210710636141 1.2308767979393131 1.2267268669748264 1.2244397945974486 1.2218767595819169 1.2185146731603909 1.2146668325243009 1.211411166691113 1.208762086380513 1.2055368478275215 1.2017261619332285 1.1976269266745003 1.1941736724267882 1.1915053463787997 1.1890105651231457 1.1850944490576016 1.180745363606646 1.1766201700099264 1.1740389091389498 1.1720119172960297 1.1691146528997898 1.1653687052847097 1.1615659325981071 1.1575031195079188 1.1546121798822666 1.1527636783167878 1.1504358535195927 1.147230217392512 1.1433331284755428 1.138346524658758 1.129777630614484 1.1316321147127137 1.1334559822439494 1.1334185305400988 1.1325585962423217 1.1313091251068164 1.1298928818299063 1.128453799717417 1.127064855464706 1.124905343470917 1.1140316754679835 1.0927217064510817 1.0721993740924707 1.0522595969939057 1.0344814344008388 1.0124082373107455 0.993456886003691 0.9767738070967478 0.9712342327013874 0.9612865167011528 0.9482439725199954 0.937529621733626 0.9311533342232434 0.9286225522468357 0.9177600363992129 0.907450173371982 0.8902885031732151 0.8772033421650218 0.8660961971593553 0.8559084023212526 0.8461402735245054 0.8383629884089281 0.8303831403347028 0.8232642702271877 0.8171049898640055 
# Gas [O/H]:
-5.218485947384705 -6.811240154763617 -4.51643723224553 -2.6170890088762073 -2.08785789758878 -1.773026691371955 -1.5518751092682068 -1.3675203219323997 -1.162020912983368 -0.8876046045526227 -0.5393884919774594 -0.1874788047876499 0.05728059140916075 0.16701656918399665 0.19996986072158807 0.20606149625567127 0.2053830757278785 0.20372471250065338 0.20198163050314655 0.19996228363900315 0.1971372226487218 0.19426294532277444 0.19104241127153943 0.1876081050226639 0.1843419545787226 0.1823038878308858 0.18081137550374127 0.17944067780457296 0.1779034576289864 0.17692400020006094 0.17609201633546823 0.17521358027273015 0.17399526130350607 0.17270389048964008 0.17322776534627815 0.17590982331448934 0.17836112680094773 0.1800419661479129 0.18355732533813507 0.18571507571957557 0.18864856449394285 0.19143637087442178 0.19346460815542166 0.19597304406206906 0.19779345283191008 0.20013825446141942 0.20218022668830837 0.20371545407108016 0.20616149034446218 0.20667967310812196 0.21009517716237847 0.21148981743507855 0.21283817087653523 0.21516534916036711 0.21287063921114635 0.21659237767407857 0.22033219099378742 0.21820738246735072 0.22104727372337107 0.22419539887417006 0.22262071374132253 0.2237332971370054 0.22704701785315962 0.22724332082182297 0.22508567673586066 0.2273939852968918 0.2307491654380862 0.22861194745659041 0.2249988662829181 0.2277537865570296 0.2300736921662625 0.2269488009906464 0.2218554402426718 0.22446954418037635 0.2281133352686684 0.22673412078358446 0.22120552245482905 0.21960707325608686 0.22375853031340354 0.2263413228699953 0.2235026855628992 0.21735403031241995 0.21579447807005447 0.22135190701407836 0.22401982523771347 0.2225408932929982 0.217896423870219 0.2117374735823354 0.21481353644493906 0.22091132131689006 0.22295666707360828 0.22013248326349633 0.21496678328395014 0.20887175209379594 0.21042491665355545 0.2170789549742338 0.22126328753251112 0.2208795593435342 0.21603202789541198 0.20945235534393758 0.20299553649823077 0.205186166691131 0.20771189933152945 0.21065308133818705 0.2121488064464887 0.21209129970565677 0.21162573161331766 0.21065803514102743 0.2095736410806346 0.2102983039510713 0.21001288040753296 0.20799243072536422 0.20707890602290302 0.20559558549042967 0.20520907201906446 0.20618823174763978 0.20728762912642695 0.20877023334116585 0.20880163433578547 0.21015625313570485 0.21175930060183967 0.2145854763927253 0.2163728231436397 0.21776338723708832 0.22129880937388924 0.22721898790792672 0.23760836338213753 0.2470044103964213 0.25361847778988666 0.2578248460408079 0.26001164319018377 0.26248406048866624 0.2633634213616838 0.263931522989453 0.2646051772928142 
# Gas [N/O]:
0.0 0.0 -1.862460627064518 -1.8861679035017587 -1.6578895675228185 -1.1821696139247542 -0.6725165177937593 -0.198831353939674 0.19859939125457904 0.4908071109074849 0.6596400306583902 0.730306718039467 0.7523297270407612 0.7583363038632889 0.7638165293430702 0.7764161092012007 0.8010292385743425 0.8333600801489431 0.8654767535171148 0.8848887607326176 0.8888098504564569 0.881543747898814 0.8690958866457301 0.8548068549257151 0.8350178552755375 0.8010402604186885 0.7517417389102998 0.6895141977685539 0.6160233156238848 0.5295740535287256 0.42670469692952845 0.2991963984718131 0.12888671790542827 -0.11206185232412114 -0.4157844351973625 -0.7362431397355065 -1.0084482179325807 -1.1595331306933776 -1.2587270457543935 -1.2862478647346691 -1.287603200063661 -1.2973733910689402 -1.3578609388059717 -1.3148579146100134 -1.2828930495928978 -1.288732187544678 -1.3003639873956576 -1.316045180437364 -1.3169106157024726 -1.3185498403336307 -1.3248039750682121 -1.3237226820622232 -1.313538798083651 -1.299733897994451 -1.2898426523204414 -1.2804643538262854 -1.2707432524604765 -1.2483134473186643 -1.2411033504898978 -1.2381944164528438 -1.226599893049284 -1.2137181593392685 -1.2053541503444047 -1.18253469886242 -1.1838899364801048 -1.190524791768952 -1.2009954397083655 -1.1822737966576935 -1.1854731370959928 -1.170257522543034 -1.3332289207838528 -1.0196846672724564 -1.1295092048800603 -1.1911682746794066 -1.2200111799953586 -1.1856747929483613 -1.1660576646934553 -1.1520633467908494 -1.1585617945589433 -1.177244315549605 -1.1674368327119136 -1.2747095818023095 -1.1728361927821456 -1.1188455287956882 -1.1120144053236742 -1.1247526519544282 -1.1372650973061125 -1.1622150557543227 -1.1565853895923035 -1.1482173510596665 -1.150431455962727 -1.1170519022124088 -1.1418798911039039 -1.160001644934992 -1.1637203882566158 -1.1609839943432019 -1.1600254748886165 -1.1498537233090413 -1.1646739912911204 -1.1616345963210675 -1.134710138070638 -1.1373194459566571 -1.134378888955692 -1.1341933754936788 -1.1359405327838406 -1.1374107742081978 -1.1408923759879022 -1.133633061601771 -1.1456056235678207 -1.1431848256260446 -1.1527419669803511 -1.1606731287641083 -1.167221227388815 -1.1709724626363922 -1.1749592362332582 -1.1829244800147292 -1.1912649079415996 -1.2000601856352504 -1.202119987452602 -1.2068793777266662 -1.2152930173091647 -1.223216537898058 -1.2280245301212998 -1.2309900923423918 -1.2400133357405956 -1.2518185115689922 -1.2727374601141426 -1.2905392693338253 -1.30487695514566 -1.3159612601299897 -1.3249913434106495 -1.3319647009091997 -1.3378339359426707 -1.3435504871912647 -1.3472546979379132 
# Gas [N/H]:
-5.218485947384705 -6.811240154763617 -6.378897859310047 -4.5032569123779655 -3.7457474651115987 -2.9551963052967087 -2.2243916270619666 -1.566351675872073 -0.9634215217287885 -0.3967974936451384 0.12025153868093064 0.5428279132518168 0.8096103184499222 0.9253528730472853 0.9637863900646586 0.9824776054568725 1.0064123143022212 1.0370847926495963 1.0674583840202612 1.084851044371621 1.0859470731051788 1.0758066932215882 1.0601382979172693 1.0424149599483794 1.0193598098542602 0.9833441482495746 0.9325531144140413 0.8689548755731269 0.793926773252871 0.7064980537287866 0.6027967132649965 0.4744099787445437 0.30288197920893456 0.060642038165519274 -0.24255666985108437 -0.5603333164210174 -0.8300870911316327 -0.9794911645454647 -1.075169720416258 -1.1005327890150935 -1.0989546355697186 -1.105937020194518 -1.1643963306505505 -1.1188848705479444 -1.0850995967609878 -1.088593933083259 -1.0981837607073492 -1.1123297263662844 -1.1107491253580104 -1.1118701672255087 -1.1147087979058332 -1.1122328646271438 -1.1007006272071154 -1.084568548834084 -1.0769720131092955 -1.0638719761522069 -1.050411061466689 -1.0301060648513145 -1.0200560767665268 -1.0139990175786737 -1.0039791793079615 -0.9899848622022631 -0.9783071324912447 -0.9552913780405978 -0.9588042597442437 -0.9631308064720594 -0.9702462742702798 -0.9536618492011026 -0.9604742708130747 -0.9425037359860049 -1.1031552286175899 -0.7927358662818094 -0.9076537646373888 -0.9666987304990302 -0.9918978447266902 -0.9589406721647773 -0.9448521422386262 -0.932456273534763 -0.9348032642455397 -0.9509029926796106 -0.9439341471490135 -1.0573555514898896 -0.9570417147120907 -0.8974936217816101 -0.8879945800859614 -0.90221175866143 -0.9193686734358932 -0.9504775821719873 -0.9417718531473644 -0.927306029742776 -0.9274747888891186 -0.8969194189489125 -0.9269131078199537 -0.9511298928411964 -0.9532954716030604 -0.9439050393689685 -0.9387621873561054 -0.928974163965508 -0.9486419633957084 -0.9521822409771303 -0.9317146015724074 -0.9321332792655257 -0.926666989624163 -0.9235402941554911 -0.9237917263373516 -0.9253194745025413 -0.929266644374585 -0.922975026460743 -0.9360319824871866 -0.9328865216749733 -0.9427290865728182 -0.9526806980387441 -0.9601423213659119 -0.965376877145963 -0.9697501642141937 -0.9767362482670894 -0.9839772788151722 -0.9912899522940855 -0.993318353116817 -0.9967231245909618 -1.0035337167073246 -1.0086310615053327 -1.01165170697766 -1.0132267051053034 -1.018714526366706 -1.024599523661065 -1.035129096732005 -1.043534858937404 -1.0512584773557725 -1.058136414089181 -1.0649797002204657 -1.069480640420534 -1.0744705145809874 -1.0796189642018117 -1.0826495206450986 
# Gas [C/O]:
0.0 0.0 -1.2847362755744984 -1.2827541167918235 -1.0553709318988285 -0.8779647474832961 -0.7592100042144105 -0.5755708777514371 -0.3106880823571698 -0.07777913443225071 0.06642221147588076 0.13529334305158147 0.16683348471955656 0.18265143551204716 0.19332480967340543 0.203325143417545 0.2147853575558487 0.22723074383568417 0.23990521388052413 0.2530771626287127 0.26713127700325023 0.2809694653889846 0.29426799333985215 0.30687348240723816 0.32525180642845036 0.3573198941316445 0.3988485593318787 0.4424037700331891 0.48320725239660856 0.5192781173046912 0.5512229952436646 0.58038164423763 0.6057370891052796 0.6304525105742615 0.6580793402783534 0.6869775586346525 0.7165816656631847 0.745223306053122 0.7716938511419696 0.794076364686213 0.8138669888914725 0.8333492132383112 0.8521283047149001 0.8689301056759398 0.8853039194312254 0.8996092025479058 0.9132269705580437 0.9276654494683289 0.9384860382504993 0.9504548066103161 0.9595119694628838 0.9683303813184667 0.9747265119840773 0.9787587267134442 0.9860804991481937 0.9875768956146628 0.9888309995309009 0.9951699100319491 0.9969474990704673 0.9984313743283205 1.0039568676518988 1.0071523856701274 1.007908280081093 1.0113800834849207 1.0168067050772263 1.0175732056136362 1.0162262395608201 1.0151685968197692 1.014692871593197 1.0093349618158562 1.0041370184698784 1.0039279969486665 1.0048714267321541 0.999970250417072 0.9937634243132484 0.9917805523768061 0.9934613100694719 0.9918040934350261 0.9850035560671095 0.9791955249575266 0.9782234763703292 0.9802728963620804 0.9783791943567334 0.9701534393647213 0.9649907398854324 0.9625535557646031 0.962848939736427 0.9648826964275912 0.9592253726940104 0.9511005959791394 0.9461579858261815 0.945236222021213 0.946599149314157 0.9486313674141227 0.9441872632287109 0.9356847233425537 0.9291725659870812 0.926350658048978 0.9273011005801305 0.9288941693148202 0.9267820941162535 0.9264459480215828 0.9257440829124197 0.922765449201912 0.9204097897958331 0.9192178254011599 0.9182671502165888 0.9177957645763892 0.9174912143840716 0.9146070395198461 0.9040187950604508 0.8847292757257176 0.8651204680695678 0.8466640115034763 0.829272362381775 0.8062200055631052 0.7861692568772638 0.7680035737555818 0.7624325983656023 0.7511302635654481 0.7364846719181557 0.7229441453409009 0.7147805110796039 0.7108591650097472 0.6964612270253238 0.6802311854640551 0.6526801397910778 0.6301989317686005 0.6124777193694684 0.5980835562804443 0.5861286303343216 0.5758789279202619 0.5670197189730188 0.559332747237735 0.5524998125711916 
# Gas [Ca/H]:
-5.218485947384705 -6.811240154763615 -5.001808500712286 -3.1016175741863137 -2.523245908061888 -2.156226104975814 -1.8853210232302908 -1.187092676629267 -0.45720444984286246 0.15375888780205482 0.6816804886103691 1.1110205341192865 1.385337462456139 1.5034475285844477 1.5399275233877106 1.5472755122404616 1.5459382888766386 1.5428880961038471 1.5398968382354195 1.5370092954088577 1.5339337287049126 1.5311093140895942 1.5281261389077097 1.5249844714783318 1.5219084249841135 1.5204059063906623 1.518583523713895 1.516779430175581 1.515374306242241 1.514221697100135 1.5133678078158743 1.512234342146776 1.5107521821207293 1.5092942298891696 1.509550650054626 1.511899363229178 1.514174275972512 1.5176552648546657 1.5174209939320225 1.517027774814439 1.5193087431579269 1.521925930098086 1.5239476309782543 1.525991176448266 1.5272131044933364 1.5292037905894071 1.530500220897208 1.5314722851354299 1.5335818262311456 1.5333146600602356 1.5361329543836382 1.5373344927956438 1.5385042336427244 1.5407757208522694 1.539586513996702 1.5422705856656753 1.544987351484611 1.5427746680540375 1.5457845917015067 1.549060425165326 1.547413363165238 1.5487188317192064 1.5524414717826414 1.5526172292451887 1.5499138700862378 1.5526172122270587 1.555216728427797 1.552862034119995 1.5497459709913288 1.5523229119238673 1.553313707192717 1.5510828804352013 1.5467570746829482 1.5497776731237796 1.5533496586254767 1.5517136944627747 1.5459648892986344 1.544454587760268 1.5487793445344957 1.551154693551231 1.5485628847137995 1.5425299406013755 1.5410544869718352 1.5472207873083148 1.5498310980682994 1.5474013375006264 1.542342557214857 1.5356310435081246 1.5395204104473779 1.5465350294000526 1.548589740504597 1.5459120229305157 1.5403936460285683 1.5339375543093592 1.5356162194824687 1.5426543448649737 1.5469878298104334 1.545849383401194 1.541147564525252 1.5349763116072177 1.52858876575561 1.5307669145944196 1.5322333546174143 1.5354616495741018 1.537922930278616 1.538613020196319 1.5381629134991721 1.536887410657923 1.5356192159186781 1.536305481512528 1.5361671092784759 1.5343613658343873 1.5338928120110404 1.5328867388718308 1.533016689734242 1.5348501108937702 1.5368039905906574 1.5390133190401434 1.5392981969520791 1.5412355066640657 1.5434205970292476 1.5468302885837586 1.548968316554837 1.5505354111761367 1.55470331533445 1.561314213286745 1.572853412681937 1.5831525833549787 1.5904628054392633 1.5951803136386102 1.5977825148379399 1.6005993431119707 1.6017809165324586 1.6025761756642645 1.6034572051051539 
# Gas [Ne/H]:
-5.218485947384705 -6.811240154763617 -4.736250599777934 -2.835347916730796 -2.255097507705443 -1.9061488201509444 -1.6695579316939337 -1.4935125077453453 -1.346247695709681 -1.2011355186442705 -1.0344104662868938 -0.872698139426987 -0.7562678252133601 -0.7135850411266329 -0.7060855233813017 -0.7051456966614671 -0.7110249210235704 -0.7126019396918606 -0.7157615864266598 -0.7192387284972828 -0.7211472826101186 -0.723200159843886 -0.7259605598740935 -0.7287272875994217 -0.731404694149127 -0.7333293308430644 -0.7341958843983667 -0.7365336760640231 -0.7370558060918491 -0.7355340488367803 -0.7334482110556939 -0.7374292841685977 -0.7390939974554707 -0.7346044119737538 -0.7305456099877023 -0.7265775948687851 -0.7180958924956133 -0.7087334302994579 -0.6975747758643669 -0.6871814544322081 -0.6744989681345857 -0.6708366495966329 -0.6691793411532334 -0.6589273078637579 -0.6622420595546368 -0.6451451212385608 -0.6333126934286382 -0.6244134678956268 -0.6191605788247996 -0.6167784028821268 -0.6116482299785959 -0.6058772534010632 -0.6027167981513148 -0.6024140720511308 -0.6010460289849506 -0.5875014222153165 -0.5862617355664224 -0.5878674371570609 -0.5855145347253421 -0.5790932845785273 -0.5798862141200258 -0.5761193340509534 -0.568162005085008 -0.5792894329585598 -0.573971392269863 -0.5676640519955898 -0.5648247957653822 -0.5665973173350913 -0.573859860154105 -0.5720060496016997 -0.5739926494027019 -0.5835643560016406 -0.582317004490954 -0.5888434822768627 -0.587472577669109 -0.5859245162103637 -0.5935278789637293 -0.6026613003778136 -0.6004777124247767 -0.591064000939677 -0.6000647582830876 -0.6100652126842494 -0.617303309204587 -0.6080270997527455 -0.6147286941854597 -0.6107515076653467 -0.6216271251278709 -0.636448310867392 -0.6353075516759148 -0.6278582083919302 -0.6263227738507311 -0.6309191956777074 -0.6387081519631232 -0.6453225153869315 -0.6502274795653324 -0.6426312555171938 -0.6559290922891838 -0.6458529516497196 -0.6363438143885638 -0.6422318658535469 -0.668098989181793 -0.6727252898473077 -0.6686299032859351 -0.6661080976182818 -0.6664523227352133 -0.6658001409296164 -0.6664677003227819 -0.6683032046515773 -0.6707384420305393 -0.6714377969859182 -0.6773036826888204 -0.6865472089470321 -0.6927887126735168 -0.6987374593485463 -0.7025692452137688 -0.7052613113742696 -0.7066612939768273 -0.7062511071795088 -0.7072036600586475 -0.7056869824537824 -0.7059267397626945 -0.7040653342674306 -0.7027160159405987 -0.7014199556692562 -0.6986396192113995 -0.6933541862927521 -0.6839962629339906 -0.6748905945979233 -0.6687795571658919 -0.6652669059825875 -0.6635850063372635 -0.6610662277784902 -0.6603974960093302 -0.6599865755332281 -0.6593638461158955 
# Gas [Si/H]:
-5.218485947384705 -6.811240154763617 -4.676653682289379 -2.776131928001961 -2.2081114283969026 -1.8502681203062084 -1.591527036583006 -1.1111613844867136 -0.4853515012200891 0.09672227633703123 0.615694572047762 1.042137397923459 1.3154974454401476 1.4345957917845076 1.4699885099523615 1.4763060546117184 1.475010051847577 1.4722568864922208 1.4694738173455049 1.466740713674895 1.4636801930457413 1.46086101822149 1.457881322542073 1.4547334340325904 1.4516860091473198 1.4497501668779988 1.4482397502998468 1.4467531423781685 1.4453433745949082 1.4440656918340125 1.442972207639806 1.4419444390467588 1.4406410468678046 1.4391373034328772 1.4393687344716146 1.441500351065614 1.4432660500664252 1.4441785017530981 1.4469409212561128 1.4486008326291286 1.4506200548092205 1.4525944064164125 1.4539446219028997 1.4559580670252505 1.4570401059747575 1.4588791268617003 1.4604000764805698 1.461463878380473 1.4634823243093948 1.4632392023239795 1.4661096218945056 1.4672211920374258 1.4683659732747225 1.4706507526678037 1.4692423926648819 1.4720671048888718 1.4749484777883088 1.4726945105452338 1.4753536223790316 1.4788932471540277 1.4775086359371468 1.4784595343027962 1.4816978527212221 1.4817841729912993 1.4794609232214042 1.4826884262924862 1.4853979844630998 1.482762841434893 1.479347858458862 1.4822582769719221 1.4844028823291278 1.4811545799738908 1.4759332412644532 1.4789380610083733 1.4827694162636265 1.4812814728832153 1.4757085939927324 1.4742472568792406 1.4785298782284424 1.4808522956469332 1.4782933497399982 1.4722963257653854 1.4708464806750081 1.475750400954901 1.4793341498351853 1.477839523507909 1.4726053265106898 1.4659073875495587 1.4693772146054473 1.476029698900959 1.4782981223130132 1.475453867110752 1.4700960886976993 1.4637351228127984 1.46535816353658 1.4725458714099795 1.4766066109953702 1.4754893491889747 1.4708057331030218 1.4646777048152448 1.458307047007985 1.4605799662138854 1.4645436251129618 1.4673021846415102 1.4685573745042024 1.4686067370257536 1.4678582786727215 1.4665692894481501 1.4653030128090045 1.4660267542940244 1.4658860503576134 1.4640235372687629 1.4636146057390462 1.4625951483285031 1.4627287073434667 1.4645593154480148 1.4664945526757163 1.4687318772199176 1.4690187097871075 1.4709322233984783 1.4731396183356282 1.4765389338647719 1.4786750782873357 1.4802431432624363 1.4844071289165601 1.49102329256232 1.5025606672428236 1.512860739462087 1.5201665196730532 1.524881895364242 1.5274853949406753 1.5303027218208172 1.5314843845077775 1.5322801454417685 1.5331633821962818 
# Gas [S/H]:
-5.218485947384704 -6.811240154763616 -4.7593772306101 -2.8585544996990837 -2.278979425714006 -1.9128399938616125 -1.649264937826758 -1.1434305968924043 -0.5020383199870224 0.08480788683405471 0.6052823547360795 1.0321832176471233 1.3056435848002037 1.4248105962772692 1.46024822341712 1.4665655493003116 1.4652618459238442 1.4625307032349322 1.4597181776457453 1.4569615241244058 1.4538924483331646 1.4510799168881432 1.4481145438758896 1.4449794374823322 1.4419396524404444 1.4399086563008834 1.438466309687637 1.4370501101866395 1.43559579065698 1.434317198308472 1.4332373582947913 1.4322003581970257 1.4308876382563502 1.4294152046832327 1.4296013458582553 1.4317124100544043 1.4334496528085943 1.4343816183641973 1.4371580065844887 1.4388290284324454 1.440722015321927 1.4427839320365075 1.4441336207013475 1.4461698351194694 1.44740374821032 1.4491411272203134 1.4504992540091641 1.4516036237245138 1.453679503274825 1.453397502152224 1.4561897632136502 1.4573606664662586 1.4585880781441238 1.4608522955409131 1.4594856530974232 1.462263592079173 1.4651600472036046 1.462495325640821 1.4656885277900416 1.4693146266757466 1.467020322032964 1.4684657898172722 1.472271231112694 1.4724991176798512 1.4699592828207835 1.4729135859457845 1.4756119028434078 1.4729872576588696 1.4696145432293513 1.4723757610090211 1.474549609114431 1.4714092872924716 1.4662258491339886 1.4692631116488286 1.473099284998976 1.4715609353549044 1.4659388658449544 1.464472957392562 1.4688179255322598 1.4711327885521266 1.4685497759970678 1.4625413466842678 1.4610710140233807 1.4660224242441622 1.4696335772941702 1.4678946870942795 1.462847213056612 1.4562900552843074 1.4597268416223423 1.4665241127035569 1.4688946880578921 1.465819792201084 1.4601425612978294 1.453727761419461 1.4557040217773287 1.4629937405749116 1.4668355569496727 1.4655862655395917 1.4609595615175515 1.4548616427959145 1.4486101498639128 1.450929306207248 1.455258308818768 1.4579417974320958 1.4590166601451808 1.458963488795224 1.4581719536971605 1.4568627967158672 1.455581938863046 1.4563079360127067 1.4561748954926585 1.4543062281711965 1.453884503821362 1.4528790221078731 1.453008128884464 1.4548399299836938 1.4567748930014228 1.459008238288062 1.4592947748987801 1.4612122083698358 1.4634175277716404 1.4668159477109683 1.4689509650116057 1.470518895829418 1.4746807999482656 1.4812961461853642 1.4928266503975376 1.5031290083616553 1.5104360318583363 1.515150499737977 1.5177378363976017 1.5205696930957013 1.5217510628790878 1.5225484727797989 1.5234299623022842 
# Stellar mass-weighted [Mg/H]:
0 -5.218485947384705 -6.658594673528041 -4.888000321665999 -3.2408708825940318 -2.9029913801246474 -2.8042189143844256 -2.8031644706035808 -2.8304073927859754 -2.855263537126051 -2.8714262619612647 -2.881125203100696 -2.8867305125854514 -2.8901832628651496 -2.892439598601511 -2.8939576281263593 -2.894987740552054 -2.8956673895117726 -2.896085530167663 -2.8963137225470703 -2.896419087105122 -2.896452926326746 -2.8964340743790657 -2.8963633800189426 -2.8962513865663597 -2.896163690765051 -2.8959764843446747 -2.8957455923352047 -2.8955147599986217 -2.8952756655040908 -2.8950351646576324 -2.8947888469515064 -2.8945278204457656 -2.894246512988251 -2.8939536016644016 -2.8936639551663754 -2.8933407306649084 -2.8929678612229583 -2.8925754585508825 -2.892167694824824 -2.891730277506266 -2.8913251118024768 -2.890870605528815 -2.890450860072696 -2.889997940782135 -2.8895700709142265 -2.8891097657707565 -2.888677898334606 -2.888203066330986 -2.887772474074037 -2.887327814359346 -2.886913848543382 -2.886479454225257 -2.8861101911973597 -2.885738809300584 -2.885423098331186 -2.8851023654968833 -2.8847911090469003 -2.8844922503078116 -2.8842573232350244 -2.883983662780098 -2.8837550891897044 -2.8835016117289625 -2.883264677509394 -2.883009698595891 -2.8827617683049205 -2.8825837293360523 -2.882419353153356 -2.882200911901961 -2.8820209267546355 -2.8818300923969424 -2.8816383075014347 -2.8814203942352714 -2.881244797293239 -2.8810743964189314 -2.880919814050114 -2.8807261451028063 -2.8805446858458374 -2.880375967068731 -2.88024504779918 -2.880088145956818 -2.879914874623103 -2.8797509064961897 -2.879618687718968 -2.879518673548014 -2.879379044641074 -2.879182593465382 -2.8790335662854627 -2.8788988892789344 -2.8788056925370062 -2.8786972178443877 -2.8785837355110706 -2.878436559714485 -2.878296925892089 -2.8781166476495352 -2.878044724866581 -2.8779785512361347 -2.8778978707452705 -2.8777668993898073 -2.8776387055965484 -2.877491339793951 -2.8783463591530483 -2.878664854679049 -2.8789035533370786 -2.879087682872836 -2.8792330815867615 -2.879355442982858 -2.8794612547481746 -2.879562063586434 -2.879813443572398 -2.8806305480065317 -2.8815752097107303 -2.8821150323187137 -2.882497511764492 -2.882824445751236 -2.883125925709546 -2.883327545538167 -2.8834833779453266 -2.883475607283734 -2.883602579718585 -2.8836810709547045 -2.8837162677102253 -2.8837799193003253 -2.8838044857389855 -2.8838048887025707 -2.8838646500152727 -2.8838641725790914 -2.8838685154947923 -2.8838573707729624 -2.883821058041086 -2.88361147242873 -2.8835908288895986 -2.8834027515955727 -2.88334474171645 -2.883234551832029 
# Stellar mass-weighted [C/H]:
0 -5.218485947384705 -6.658594673528041 -5.930433664714993 -4.311331908520031 -3.8187696167248806 -3.623574196223011 -3.579485976590936 -3.566426750121976 -3.5467233887540903 -3.5259345840614325 -3.5090070598024345 -3.494897650407922 -3.482624432564503 -3.471611537512021 -3.46144632124334 -3.451842024989224 -3.4425322930062165 -3.4334649219787234 -3.424686772962229 -3.4161723569131492 -3.407875208293027 -3.3998333196865644 -3.392056976773844 -3.384541896162432 -3.3767835764146374 -3.3679712842899905 -3.357966856820199 -3.3470814583267883 -3.3357523512560334 -3.324272888394919 -3.3128194272493268 -3.301419107697856 -3.290257416898526 -3.2791517318954435 -3.2677529026587644 -3.2560386093340643 -3.244006279136962 -3.231819981562542 -3.219626397672272 -3.207445457542554 -3.1960822265253315 -3.184374142748413 -3.1733389187542995 -3.1620951274712246 -3.1515309745825393 -3.1407997683039177 -3.130794089453593 -3.120416179273062 -3.1109589278441634 -3.101134355147245 -3.0922002221427656 -3.0830926300636374 -3.0748741141730678 -3.066687662933014 -3.059084515359544 -3.0515510614649877 -3.0447497152560965 -3.037513317751551 -3.0311239814333213 -3.0246184614716185 -3.0184312103764963 -3.0121371932870797 -3.0065566961893575 -3.0006332013206913 -2.995040293761434 -2.9895642343231117 -2.984668191892764 -2.979617400606492 -2.975087825986858 -2.9706748788555455 -2.9667735998719387 -2.9625083793955325 -2.958570876175709 -2.9547611480019578 -2.9514709144161406 -2.94787493040245 -2.944442636123929 -2.9409653970623655 -2.93808311236171 -2.9350759756510545 -2.9322258259479312 -2.9290707753055063 -2.9263149452211294 -2.9236665629186565 -2.921326454444542 -2.9187379878730857 -2.916261591453466 -2.9135472743193658 -2.9113582425864966 -2.9092136408726956 -2.907247694948553 -2.9050196562145523 -2.902884419720996 -2.900551778815866 -2.8986327270570786 -2.896786116057563 -2.8951403825453985 -2.8932718215302744 -2.891486337807695 -2.8895238255408104 -2.9003001696690047 -2.903820163529682 -2.9062952104788753 -2.9083098127949016 -2.9100364137489896 -2.911558601527874 -2.9129232342485922 -2.9141687147135285 -2.9164381428442328 -2.9245138087260107 -2.933572993331298 -2.9388274381330293 -2.942239098584409 -2.9447244685254566 -2.9473698022269144 -2.9491392757241357 -2.9504298248120158 -2.9506899478046726 -2.951388013475639 -2.9520446964958884 -2.952658241619896 -2.952949747880022 -2.9531532013634765 -2.9534733451459596 -2.9540547683823783 -2.9544460728382163 -2.954687990103799 -2.9547730410944837 -2.9545984475399596 -2.9538516571123834 -2.9537228054867253 -2.952967596349384 -2.952643726738766 -2.952160862596643 
# Stellar mass-weighted [N/H]:
0 -5.218485947384705 -6.658594673528041 -6.4284378276087715 -4.912307773966505 -4.420594828159393 -4.014955812977524 -3.717648394627016 -3.5170575144813867 -3.3851620908938784 -3.2957231451663285 -3.2378041938568503 -3.199884265342024 -3.1732576627763525 -3.152009827671683 -3.133059626947772 -3.1145591599571913 -3.0950351418786646 -3.0745449578001356 -3.0541634810841307 -3.0361178751036304 -3.0214540403757164 -3.0098399090870167 -3.0004040994196925 -2.992473364118996 -2.9861484488723233 -2.9820778086446618 -2.980230413260684 -2.980161648088364 -2.9814336390834155 -2.9837249587935917 -2.986825682648335 -2.9905848206303975 -2.994899120538588 -2.9994918559085626 -3.0036833970492465 -3.007118501064298 -3.009868072031516 -3.0121139941300816 -3.0140311492893943 -3.015690344590423 -3.0171572034512657 -3.0184694513467196 -3.0196834340144134 -3.0207499763665293 -3.0217208008215506 -3.0226222212522176 -3.0234549769779404 -3.0242336272330643 -3.024941249781101 -3.0256093597042906 -3.0262313181928784 -3.0268107465522585 -3.0273526139675013 -3.027846625327572 -3.0283167424424464 -3.028762149432829 -3.029168563183026 -3.0295496480469444 -3.0299225895751647 -3.030262500165871 -3.030581924532501 -3.0308933239090186 -3.0311819026988776 -3.031432787975194 -3.0316974821663925 -3.03195384559315 -3.0321897069357693 -3.0323996148473116 -3.032620309902047 -3.0328198954646135 -3.0330685146440874 -3.0331322793704407 -3.033327663788339 -3.0335218533375388 -3.033707709863201 -3.0338510052827594 -3.033980706936034 -3.0341120277612603 -3.0342594189140053 -3.0344007650083853 -3.034511937083739 -3.034647461708162 -3.034745180347442 -3.034844780577947 -3.0349473768385646 -3.035035329385696 -3.0351082680876127 -3.035199818624233 -3.0353023967198203 -3.035398679718785 -3.035485410489126 -3.035539269678975 -3.0355991718888804 -3.035666371251339 -3.035748968746372 -3.03582951391964 -3.035902505062328 -3.0359584397930455 -3.036012482967572 -3.036047242822338 -3.0362363996481347 -3.0363578862640743 -3.036470545474085 -3.0365716469836563 -3.036661753224073 -3.0367370565950615 -3.0367988884440633 -3.036853387118115 -3.0370037091578714 -3.0376054057046007 -3.038341224477592 -3.03878677984729 -3.038984089526801 -3.03914596500245 -3.039308746988725 -3.0392995827953326 -3.0392402775259155 -3.039121954806822 -3.039139859457949 -3.038947154864993 -3.0388857963930738 -3.038719433055407 -3.038748885951428 -3.038381716443433 -3.0383223868865583 -3.0376637881586612 -3.0371852027798383 -3.036616322095006 -3.035865820195238 -3.0347302207932083 -3.03393376602188 -3.032942267529986 -3.0319701291300305 -3.0313102655062085 
# Stellar mass-weighted [Ca/H]:
0 -5.218485947384705 -6.658594673528041 -5.158370785237478 -3.513696274965424 -3.163203354269248 -3.05319871227878 -3.043444116659847 -2.935267953622091 -2.798417560290149 -2.702618948880245 -2.6436941918542853 -2.6050438102303897 -2.5770558446146907 -2.5554175615484382 -2.5370875505144515 -2.5211998858782785 -2.507295881376203 -2.494886560673349 -2.4836430608529128 -2.473365276136045 -2.463893914316852 -2.4551198042143767 -2.446949123535255 -2.439306136223294 -2.4321381904337063 -2.425352993344376 -2.418987676760329 -2.412967709906102 -2.4072383143944034 -2.4017792867467147 -2.3965647280657443 -2.3915915578935927 -2.386839489518989 -2.3822800832051154 -2.3779085756554554 -2.3736923551626106 -2.3696051273298533 -2.3655622974217163 -2.3618833146872955 -2.3582038798813034 -2.354856760028527 -2.3513566539027995 -2.348199484184473 -2.3449285295384 -2.341989825444635 -2.338917736348076 -2.3361533882123373 -2.333271314708089 -2.3306515159452834 -2.3279194018424496 -2.3254495158437187 -2.3228560262940467 -2.3205121650130858 -2.318040852627562 -2.3158092657841385 -2.3134657883586645 -2.311330369280534 -2.3090958490777096 -2.3070640004527965 -2.3049115601417203 -2.30295970608912 -2.3009034721934754 -2.2990299610276717 -2.2970402220172934 -2.2952531048217333 -2.29338356462761 -2.2916688558179183 -2.289834071897313 -2.288179114050136 -2.2864351762435264 -2.284861659973356 -2.283143371857224 -2.281584064650251 -2.279950924409274 -2.278468324054015 -2.2768802770565912 -2.2754320714944294 -2.273906719450716 -2.272527741919218 -2.271052173058343 -2.2696907605051395 -2.2682427661004203 -2.2669384803274433 -2.265536598396162 -2.2642847958842722 -2.2629429341947764 -2.2616923104383 -2.260377189002149 -2.259191257887511 -2.2579299593452014 -2.256771475236845 -2.255517355025778 -2.254365218537836 -2.2531438158843047 -2.252051032319083 -2.2508924432500024 -2.249823377383957 -2.24867324623337 -2.2476167431799716 -2.2464775251170535 -2.2525283736379533 -2.254482973487729 -2.2558527447418237 -2.2569636320516278 -2.257912522089925 -2.25874395757 -2.2594845959732135 -2.260157718642332 -2.261403964543444 -2.2658327650809627 -2.270782923392332 -2.273643912007924 -2.27545012092412 -2.2767697013760504 -2.278166080263169 -2.279034854351889 -2.2796435253279856 -2.2797159649155088 -2.2800650525923363 -2.2802876522445095 -2.2805589296287243 -2.280618059944036 -2.2807296802703574 -2.2807026900605827 -2.2809526480263935 -2.280797799806959 -2.280663699015765 -2.2804032463368937 -2.2799173696206845 -2.278960589821125 -2.2784628175267603 -2.2775780068076843 -2.276894413196879 -2.2763088903367006 
# Stellar mass-weighted [Ne/H]:
0 -5.218485947384705 -6.658594673528041 -4.8952516709979434 -3.247486683658531 -2.8955244717857767 -2.7949145988997524 -2.7967219084292365 -2.8279066093495766 -2.8570097291432655 -2.8767753399613234 -2.889164387941884 -2.8970123987004044 -2.902201350018254 -2.9058625589035207 -2.9085767520436123 -2.9106693060950537 -2.9123444238571556 -2.913705541376695 -2.914840931802617 -2.9157992630097738 -2.9166178155577764 -2.917323208766435 -2.917932196486304 -2.9184578644912538 -2.918921888769618 -2.9193378937304217 -2.9197042208695247 -2.920028042090615 -2.9203182585886713 -2.920575391840716 -2.9208067076704465 -2.9210194307528745 -2.9212055244614232 -2.9213693522588056 -2.9215278449749444 -2.921672303470535 -2.9217875154752564 -2.921892382628478 -2.9219830379306515 -2.922060914769287 -2.9221333310937654 -2.9221939360221025 -2.9222601249283215 -2.9223069885628643 -2.922362162875075 -2.9223946039682085 -2.922420129097384 -2.9224432524676835 -2.9224595611571775 -2.9224794589814387 -2.922500569320121 -2.9225119591559263 -2.922526168997601 -2.9225307502172244 -2.922535635860304 -2.9225392607892227 -2.922538814731574 -2.922532398546678 -2.9225471993190144 -2.922536945067831 -2.922527356094278 -2.9225276784477074 -2.9225222644357354 -2.9225072809745694 -2.922499352495553 -2.9224989790769342 -2.922489240574926 -2.922462575663517 -2.9224602946727067 -2.9224591749419817 -2.9224533733558875 -2.9224287588681257 -2.922414470868236 -2.922423753444825 -2.9224285272025456 -2.9224017833840614 -2.922376990058237 -2.9223746225338605 -2.9223879955042102 -2.9223772285390117 -2.9223516791072033 -2.9223228592921524 -2.922325052781934 -2.9223346860118538 -2.922341449148613 -2.9223131801078237 -2.922278123523303 -2.9222638457892103 -2.922283058231602 -2.92229661547747 -2.9222914301162186 -2.9222608825393754 -2.922226015099964 -2.922205600102348 -2.9222212392663804 -2.9222371157568547 -2.922246784484149 -2.9222211907753115 -2.9221837133014787 -2.9221426070384435 -2.9223501889657184 -2.9224571844113516 -2.922547014097506 -2.922607470543472 -2.9226443653753 -2.9226702798500437 -2.922689284997243 -2.9227114976211954 -2.9228255679280952 -2.9231387674021203 -2.9235157663150932 -2.9237238030948287 -2.9239009832999674 -2.924084479647954 -2.9242271142581036 -2.924330119891909 -2.924418223544075 -2.924397920575637 -2.9244913464358984 -2.9245460186247776 -2.924545606039329 -2.9246072494854056 -2.9246188487009075 -2.9246188708103302 -2.9246489855297106 -2.9246621302757267 -2.924680055236271 -2.924696846803484 -2.9247142826385657 -2.9246018414544332 -2.9246382565114386 -2.924541031008264 -2.9245599029501337 -2.9245116671430864 
# Stellar mass-weighted [Si/H]:
0 -5.218485947384705 -6.658594673528041 -4.83602685618064 -3.188274411055321 -2.8456455312621847 -2.7411542252262695 -2.7357662406029917 -2.702476545599083 -2.641526446645315 -2.589680350665624 -2.5543724426901857 -2.5296683586287 -2.510981207675682 -2.4958682228144573 -2.4830173843245023 -2.4717336992620593 -2.4616216297631306 -2.4524401862381993 -2.4440248266613347 -2.436257806569497 -2.4290506568367016 -2.4223274140236457 -2.416025529680539 -2.4100957516628974 -2.40450346288556 -2.399215610614058 -2.394196231835701 -2.3894186737920915 -2.3848670422183407 -2.3805233719330436 -2.376370499708348 -2.3723842868618465 -2.368556564173736 -2.364881946691047 -2.361352363649071 -2.3579488572221825 -2.354656287801629 -2.351487368290698 -2.3484183506394354 -2.3453240944395892 -2.3425629459335724 -2.3396950427702397 -2.3371204062280464 -2.334432394059969 -2.3320177483907756 -2.3294903099241706 -2.3272027948942418 -2.324815336736025 -2.3226461702259833 -2.3203796603735887 -2.3183279079099517 -2.31617339903136 -2.3142244930546623 -2.312164198776208 -2.3103087700088922 -2.3083521537117866 -2.306563099640176 -2.3046924145116936 -2.303001902658144 -2.3011935265786896 -2.299548693237239 -2.2978293455056127 -2.2962686012901248 -2.294600534130442 -2.2930936965665865 -2.291510317215409 -2.2900591505799213 -2.288511744101954 -2.2871217954300427 -2.2856453331281985 -2.284290693118937 -2.2828440705439164 -2.281542080877199 -2.280168152092016 -2.2789134249509324 -2.27756401533832 -2.276330617862647 -2.2750350622532345 -2.27386719209382 -2.2726147275049398 -2.27145428581865 -2.270218861068197 -2.269109303918503 -2.2679398030384066 -2.266867169248722 -2.2657056427656324 -2.2646320241622027 -2.2635051568737437 -2.2625004164676366 -2.2614323693021214 -2.260441888410705 -2.2593695188464054 -2.2583791832660784 -2.257331293320468 -2.2563994323202694 -2.2554087526967015 -2.25449735862665 -2.2535103808391934 -2.2526018493834066 -2.2516205596624257 -2.256826041653584 -2.2585113239300307 -2.2596938940983 -2.2606508250174304 -2.2614658402097705 -2.2621788292488443 -2.26281318992928 -2.2633903116827074 -2.2644692369398474 -2.268286697861879 -2.2725518120276558 -2.2750126630304512 -2.276572013628095 -2.277718891144194 -2.278924422158898 -2.2796763336700847 -2.280205401548722 -2.2802635372418507 -2.2805735239916336 -2.2807702100086154 -2.2809999347771868 -2.281059280207847 -2.2811556764615295 -2.281132485108868 -2.281348822351241 -2.2812192571974306 -2.2811081363668713 -2.2808897994249353 -2.2804805439366227 -2.2796518682699816 -2.2792353051230174 -2.278469737330308 -2.2778925786615316 -2.2773882906224223 
# Stellar mass-weighted [S/H]:
0 -5.218485947384704 -6.65859467352804 -4.918219681669776 -3.2706890015024515 -2.9192461256759357 -2.809626497653798 -2.8022904771591133 -2.760779551919337 -2.6904487331954767 -2.6324830183081778 -2.5936472873461485 -2.5667720419742013 -2.5466027245494063 -2.5303697849008175 -2.5166204841795023 -2.5045914333870236 -2.4938423005727293 -2.4841017364608495 -2.4751960934950805 -2.466991323321512 -2.459388430659449 -2.452304071872903 -2.4456708090762627 -2.439435838866337 -2.4335613712468067 -2.428018595008404 -2.42275328226589 -2.4177432155883114 -2.412978822281935 -2.4084339443038454 -2.4040904139336225 -2.399924624457105 -2.39592710088166 -2.392089408399782 -2.38840753255504 -2.384858665627468 -2.381428046824965 -2.378125614108292 -2.374928276136723 -2.3717059896413017 -2.3688363415933242 -2.365850815796163 -2.3631723183452147 -2.3603763855704383 -2.357860251233891 -2.3552345871784723 -2.3528628750337868 -2.350383247008266 -2.3481294759122386 -2.345777315393949 -2.3436501248860138 -2.341413806272862 -2.3393893513960604 -2.3372523389187165 -2.335326683148846 -2.333298112448581 -2.331443078728543 -2.3295150128862803 -2.327752760921359 -2.3258745991115743 -2.3241912145381916 -2.32240521788464 -2.3207753729301155 -2.3190404837750354 -2.3174804813794907 -2.3158451562338644 -2.314344065824473 -2.312743259269225 -2.3113038531073764 -2.3097786650992775 -2.3083776496371584 -2.30688019903935 -2.3055322797820423 -2.3041095037407757 -2.3028108334129938 -2.301416456483878 -2.3001425803627464 -2.2988033571828463 -2.2975944667062667 -2.2962996961077398 -2.295101299065995 -2.293825508009262 -2.292679137200535 -2.2914694922548655 -2.2903604447063017 -2.2891650274082407 -2.288055329841468 -2.286889237106183 -2.285850282384545 -2.284743814457748 -2.283717998731574 -2.2826132772477266 -2.281596688820195 -2.2805179683111074 -2.2795516363428048 -2.2785259927139974 -2.277587307905492 -2.276571666313078 -2.2756351044005427 -2.274623567816409 -2.2799900523422103 -2.2817266593132963 -2.282945016134117 -2.2839314220908076 -2.2847720391648476 -2.2855076513285306 -2.2861622908367494 -2.286757723889851 -2.287868567101218 -2.2918029509418822 -2.296198914394637 -2.2987362259141086 -2.3003426258584794 -2.3015225390368386 -2.302764599348138 -2.3035388530010534 -2.3040831392779717 -2.304143873102621 -2.3044614522417417 -2.3046630346513597 -2.304900657907212 -2.3049600113229856 -2.3050593749187795 -2.3050352444235287 -2.305258098615953 -2.305123614336077 -2.305008073037767 -2.3047817021965136 -2.3043578919814687 -2.303504353186857 -2.3030725021005374 -2.302283820663276 -2.3016864867163314 -2.3011665711980607 
# Gas metallicity, [Z/X]:
-5.2406767730474275 -6.833430980426337 -4.7870803921132214 -2.8873132748605066 -2.3347605747109474 -1.928317318729768 -1.4952852576109905 -1.0185609072489756 -0.5643947805499614 -0.14016971982571258 0.2672240341491392 0.6237649745076397 0.8512539252032018 0.9424369249419906 0.9765343899775482 0.9882320426308464 0.9924663253212597 0.9936973908492991 0.9946486470172172 0.9942494360227211 0.9928249800303295 0.9907210789646884 0.988198891955175 0.9854146420676985 0.9828169450536204 0.9813120772730167 0.9798309116956422 0.9794881823012616 0.9776816232548973 0.9787665535916309 0.9749514786808042 0.9812758548471282 0.9660820015060493 0.9974420203507187 0.92349300010464 1.090219783519083 0.44607998129615956 1.4438840563238304 -7.2523351922870205 1.839767950879931 -7.223979727982581 2.2353358885141423 -7.197271840642717 2.648423894637971 -7.171868220989584 3.0853721985571134 -7.14751018401731 3.547689524334793 -7.124256720012337 4.034594627567001 -7.102453743195666 4.5484963192881 -7.081737001923349 5.086396933677896 -7.062913953469703 5.647040277006342 -7.040535370840946 6.229294975045243 -7.02345008668096 6.837331690347677 -7.006155038674764 7.463393841544737 -6.986405624052761 8.111636432165207 -6.97404068770704 8.778167406204155 -6.953658548774998 9.462262958953128 -6.9458417719925 10.164114575352917 -6.927790354779656 10.883510489090444 -6.923148429804645 11.619118331060838 -6.903849716026755 12.374833416659719 -6.898733693349891 13.140162082863682 -6.883999592383901 13.929568973276231 -6.872671004336416 14.726140450622113 -6.868889509828183 15.54262449694891 -6.849410948392649 16.376177301026427 -6.845420642282228 17.212624071033208 -6.838191668960894 18.075302091712143 -6.818899618473173 18.950397747189115 -6.817343272343145 19.82735913500065 -6.812497144170052 20.72793254261107 -6.791579720329011 21.643881328742356 -6.787989135797659 22.561335308158682 -6.791273238392543 23.231841352164782 -7.195184808991597 23.640769624984106 -7.395031605777257 23.890341171490668 -7.53157834082613 24.024397475020756 -7.635710397521649 24.032539971093847 -7.972229806897882 23.54492671515555 23.212597474137674 23.226905445507512 23.15096684812941 23.08707315296279 23.039403720476127 23.001196712258967 22.9930616488351 22.970855185074996 22.943188046352816 22.921974435421475 22.910024854473214 22.905197615389277 22.881620535091646 22.86094644363517 22.82713218540934 22.80444267423095 22.78459726493709 22.766793550911693 22.750292359916674 22.736604671749262 22.7231839437704 22.711070281035678 22.700343357373253 
# Stellar mass-weighted metallicity, [Z/X]:
-4.152288344383056 -5.2406767730474275 -6.680785499190764 -4.945883781221649 -3.299435241559662 -2.9685334815022006 -2.839054418021189 -2.7661060363182717 -2.7148929859414297 -2.6900595097877726 -2.6831456835958623 -2.683084562746192 -2.6831203368966445 -2.6825120853203934 -2.6810464409951136 -2.6777937995730703 -2.673868238964282 -2.669803481837878 -2.6658290215333027 -2.6619494829846957 -2.6582483799564747 -2.654719558778841 -2.65137424611725 -2.648180108343281 -2.645119685695021 -2.6421817711198017 -2.639362964347103 -2.6366631505046625 -2.6340226807124285 -2.6315222853508624 -2.629025713925624 -2.626756622548748 -2.6242787199491238 -2.622437839580364 -2.619433374387823 -2.6191610037901594 -2.612783748138062 -2.621238671945413 -2.5932139049462526 -2.6141446591600745 -2.5452853420924457 -2.5877565741598314 -2.4462102793445544 -2.528129727482936 -2.2655126774998866 -2.40654755631501 -1.98458982571019 -2.1902975022776277 -1.613484157209536 -1.868402344850294 -1.1781097652053167 -1.4611743035916336 -0.6994662681500563 -0.9968572167605105 -0.1883114081578796 -0.49355441262305644 0.3509775521445908 0.040521260172347695 0.9145626517115787 0.6002144682766422 1.5001510308382242 1.1826625562368553 2.1107074836001476 1.7900554873389254 2.7404263735620624 2.4173645932919907 3.391652505543039 3.066185151446607 4.061977063011853 3.734434770698291 4.751167496780693 4.421714347590959 5.45919800139295 5.127940048101825 6.184674824446714 5.851804778891083 6.926477198786632 6.5921897458959355 7.6873877977516205 7.3515261615441565 8.45944475436906 8.122645201774752 9.253515281666209 8.91511844840364 10.056726792320902 9.717564061680623 10.87803806268103 10.537687618597703 11.71659222409638 11.375059098248874 12.559757796483664 12.217838914491539 13.425987818951354 13.082751999152263 14.306158244478656 13.962025438618642 15.189405342468516 14.845018371258009 16.093528074786665 15.748062307955388 17.01324313619737 16.666920401191923 16.583941623683952 16.542462075616424 16.5151705676092 16.49504469462648 16.479227434142775 16.466279349907264 16.4553688070135 16.437703789313435 16.3879053602563 16.346646413774238 16.326991188080175 16.315280562269365 16.307337259640903 16.299372620225363 16.294056801238046 16.290333369092583 16.28945167602124 16.287607415480487 16.285599248556547 16.283887196476563 16.283011267462214 16.282536628044827 16.281333227150405 16.279855387799294 16.27837068995077 16.277365337008007 16.276913265287845 16.277149699598063 16.277903006245456 16.278006636756157 16.27932273005744 16.27973141295648 16.280691393619644 
# Number of SNIa (log_10):
0 0.0 0.0 0.0 0.0 0.0 5.102672165591817e+53 2.083169191528734e+55 5.701800773934705e+55 9.675782230768562e+55 1.3408097526415253e+56 1.6749349336249726e+56 1.9718170438090304e+56 2.2372302768526083e+56 2.476748046690184e+56 2.69488203918655e+56 2.8951396666228672e+56 3.0802471616713853e+56 3.252353097359363e+56 3.413177320767471e+56 3.56411741261481e+56 3.7063249015632417e+56 3.84075958990273e+56 3.968230761314723e+56 4.0894276851539275e+56 4.20494032212487e+56 4.315280539193154e+56 4.420893742585569e+56 4.522167509595977e+56 4.619444459123494e+56 4.713031617476102e+56 4.803214116240566e+56 4.890201461047962e+56 4.974218746006592e+56 5.055472308545437e+56 5.134138606818625e+56 5.210376084823195e+56 5.284318918797041e+56 5.356122549724039e+56 5.425902003912278e+56 5.493762492081533e+56 5.5598086633078945e+56 5.6241308364795525e+56 5.68681860739642e+56 5.747954530087764e+56 5.807613914050364e+56 5.865866594806889e+56 5.922768331901553e+56 5.978397403992495e+56 6.032807360793317e+56 6.086042034483618e+56 6.138147790846457e+56 6.189181096134949e+56 6.239180812684623e+56 6.2881891651487744e+56 6.336241919013043e+56 6.383378026156299e+56 6.429596179853784e+56 6.475003220001865e+56 6.519608907519263e+56 6.563432831707794e+56 6.606487232257204e+56 6.648777562140105e+56 6.6903513696826465e+56 6.7312453104443206e+56 6.771470369965335e+56 6.811052121905596e+56 6.850013807766847e+56 6.888370212687642e+56 6.926137277229433e+56 6.963338929334399e+56 6.999991851495162e+56 7.036095791341498e+56 7.071687205866083e+56 7.106781721212753e+56 7.141382262458238e+56 7.17550409906778e+56 7.20916097605908e+56 7.242365720986533e+56 7.275127832657339e+56 7.30746493844475e+56 7.339370701379426e+56 7.370880264294972e+56 7.401998926811649e+56 7.4327290918489204e+56 7.463079271900531e+56 7.493060858631755e+56 7.522689852092768e+56 7.55196055281639e+56 7.580879779738786e+56 7.609471149410023e+56 7.637721379373419e+56 7.665661204563413e+56 7.693311774500327e+56 7.7206509543549815e+56 7.747683951484102e+56 7.774423488950326e+56 7.8008810932220254e+56 7.827051865175895e+56 7.852946970389656e+56 7.878569568784393e+56 7.903922689556426e+56 7.92903297902753e+56 7.953893841468756e+56 7.978503790629676e+56 8.002873999638013e+56 8.02700297641739e+56 8.050892874820233e+56 8.074554585737206e+56 8.121213710914115e+56 8.34215890313495e+56 8.732342470236566e+56 9.069226750563446e+56 9.365638104966452e+56 9.630300006770778e+56 9.980720545549962e+56 1.0287559010523231e+57 1.0560467974995336e+57 1.0645182311674289e+57 1.0806209786323588e+57 1.1029697946424268e+57 1.1234676696936719e+57 1.1362444426023566e+57 1.1423927465898817e+57 1.1655645661414366e+57 1.1917712560064774e+57 1.2370868828224629e+57 1.2753628996051777e+57 1.3084970911981898e+57 1.3377165193315265e+57 1.3638271509024916e+57 1.3874580092884127e+57 1.409019993304048e+57 1.428850426569619e+57 1.4472071439859412e+57 
# Number of SNII (log_10):
0 0.0 1.1728355639346248e+54 4.753505874153906e+55 1.1678010472466043e+56 1.7762349320902816e+56 2.225910714810521e+56 2.471668835495592e+56 2.5726199341334146e+56 2.607874490156625e+56 2.6190039181614203e+56 2.622306112998713e+56 2.623272865243002e+56 2.623542625450476e+56 2.6236493153602366e+56 2.6236853442592526e+56 2.623703519506219e+56 2.62371669584622e+56 2.62372789166305e+56 2.623737980086992e+56 2.6237472684569155e+56 2.6237559026064953e+56 2.6237639761341313e+56 2.623771556537477e+56 2.6237787008655057e+56 2.6237854587621196e+56 2.62379187270197e+56 2.6237979749108107e+56 2.6238037943913484e+56 2.6238093579836857e+56 2.6238146882768325e+56 2.6238198046034624e+56 2.623824723850656e+56 2.623829461145899e+56 2.6238340307924274e+56 2.623838447409223e+56 2.6238427200835236e+56 2.623846854341529e+56 2.6238508611455434e+56 2.6238547525971505e+56 2.6238584710517487e+56 2.6238621959254173e+56 2.6238657540245893e+56 2.623869287090594e+56 2.623872634759893e+56 2.6238759944288384e+56 2.6238791820677907e+56 2.62388238550346e+56 2.6238854277277497e+56 2.623888490127772e+56 2.6238914002365615e+56 2.6238943339665756e+56 2.6238971241634066e+56 2.6238999374899996e+56 2.623902616946336e+56 2.62390531563199e+56 2.623907890784824e+56 2.6239104869284544e+56 2.6239129563741834e+56 2.6239154550732076e+56 2.6239178360229365e+56 2.623920235918027e+56 2.6239225308809267e+56 2.6239248518943287e+56 2.623927063503771e+56 2.623929301052123e+56 2.623931446019973e+56 2.6239336142377103e+56 2.623935682113362e+56 2.6239377780948884e+56 2.623939787988655e+56 2.6239418206537826e+56 2.6239437605384143e+56 2.6239457286298696e+56 2.62394762047435e+56 2.623949537363458e+56 2.62395136668245e+56 2.623953219944593e+56 2.6239550022552736e+56 2.6239568163779587e+56 2.623958550638827e+56 2.62396030391298e+56 2.6239619841157313e+56 2.6239636981700884e+56 2.623965348514061e+56 2.6239670204607973e+56 2.6239686165608224e+56 2.62397023414466e+56 2.623971790703894e+56 2.6239733863494384e+56 2.6239749196767553e+56 2.623976468414214e+56 2.6239779470955155e+56 2.6239794475578126e+56 2.623980894257975e+56 2.6239823799168004e+56 2.62398381189397e+56 2.6239852604106864e+56 2.623986642929659e+56 2.6239880439534834e+56 2.6239893919344605e+56 2.6239907737771216e+56 2.623991457656428e+56 2.6239918148324007e+56 2.6239919610505948e+56 2.6239919723397285e+56 2.6239919723397285e+56 2.6239919723397285e+56 2.6239919723397285e+56 2.6239919723397285e+56 2.6239919723397285e+56 2.6239919723397285e+56 2.6239919723397285e+56 2.6239919723397285e+56 2.6239919723397285e+56 2.6239919723397285e+56 2.6239919723397285e+56 2.6239919723397285e+56 2.6239919723397285e+56 2.6239919723397285e+56 2.6239919723397285e+56 2.6239919723397285e+56 2.6239919723397285e+56 2.6239919723397285e+56 2.6239919723397285e+56 2.6239919723397285e+56 2.6239919723397285e+56 2.6239919723397285e+56 2.6239919723397285e+56 2.6239919723397285e+56 2.6239919723397285e+56 2.6239919723397285e+56 2.6239919723397285e+56 2.6239919723397285e+56 2.6239919723397285e+56 
# [Mg/Fe] for total ejected gas till this time:
0 0 1.0141387620595463 1.00419423218693 0.8585766075355513 0.7767590324687684 0.7319970759675359 0.47460785773183967 0.2313605559553063 0.06639687148772805 -0.04533442096671253 -0.12489816291784847 -0.18463629428997172 -0.2315227080156386 -0.2696254043564421 -0.3014346296310191 -0.32855224934279187 -0.35205580933004915 -0.37270367368684953 -0.3910520442123152 -0.40751724340102446 -0.4224152390110968 -0.4359893609824862 -0.44843337653218174 -0.4599157993745669 -0.4705330943288966 -0.4803966750966687 -0.48960311037422893 -0.49822401820229906 -0.5063232915387934 -0.5139532584816076 -0.5211592931606194 -0.5279767537330562 -0.534439989074514 -0.5405808871538511 -0.5464202975964403 -0.5519777891043793 -0.5572738033978475 -0.5623307486145316 -0.5671658040861512 -0.5717951863788489 -0.5762316048017577 -0.5804891797080958 -0.5845805444637195 -0.5885154084418928 -0.592303184188552 -0.5959540302201783 -0.5994715031665215 -0.6028720531451291 -0.6061606504945528 -0.6093418303493408 -0.612423347571714 -0.6154170924413445 -0.6183302160769402 -0.6211669421826542 -0.623929021608744 -0.626616825541236 -0.6292394665462737 -0.6318035053676062 -0.6343075356245509 -0.6367562571855292 -0.639145235572474 -0.6414761676065512 -0.6437565306240959 -0.645979765940128 -0.6481682270493838 -0.6503144117168865 -0.6524135036541624 -0.6544691124264641 -0.6564827850411203 -0.6584536992744205 -0.6603862987406732 -0.6622812329890899 -0.6641415833312634 -0.6659680485507973 -0.6677605151309165 -0.6695191891720907 -0.6712471554677534 -0.6729457082532159 -0.674615317160174 -0.6762545573058933 -0.6778693726589832 -0.679455049343728 -0.6810229657926987 -0.6825596787922064 -0.6840654650354401 -0.6855533964227785 -0.6870209691719461 -0.6884657358066821 -0.6898881328315709 -0.6912899011654485 -0.6926703045927703 -0.6940312942262847 -0.6953647334492951 -0.6966882301819004 -0.6979970751443965 -0.6992879520307699 -0.7005583837218796 -0.7018102144389613 -0.7030439578040424 -0.7042619875454978 -0.7054654508531871 -0.7066538166456017 -0.7078260022950987 -0.7089826853334089 -0.7101248362933277 -0.7112516672799868 -0.712363425876501 -0.7134617010358324 -0.7156180533964422 -0.7256635389393201 -0.7427606429731417 -0.7568932666769049 -0.7688541618291177 -0.7792519324074342 -0.7925222719682048 -0.8037335557719408 -0.8134038977835037 -0.8163499757927336 -0.8218868841246681 -0.8294034616736766 -0.8361640995067486 -0.8403060500238632 -0.8422804236604063 -0.8496221945712333 -0.857728944684942 -0.8712921902808612 -0.8823140126668005 -0.8915703488648584 -0.8995083029774409 -0.9064407219419507 -0.9125822087735254 -0.9180835915081734 -0.9230606296474063 -0.9275964320757507 
# [Mg/Fe] for instant ejected gas at this time:
0 0 1.0141387620595463 1.0039436825807622 0.7638414705516224 0.5993314076726859 0.4690777537909472 -0.5816450179360311 -1.1580691916116048 -1.4553671724592647 -1.5895219399110578 -1.636719216252679 -1.6572207152224152 -1.6665109153185624 -1.669904373693529 -1.6701223349162024 -1.6678551310848369 -1.663149888675136 -1.6574435385313087 -1.653719026315868 -1.652496871438611 -1.6526726422271516 -1.652690736788166 -1.6531862061384113 -1.6612327079241123 -1.6522583937281043 -1.6467113877295203 -1.6467209957690407 -1.6456345553927498 -1.6460584890528394 -1.6456390039046909 -1.64401967667524 -1.6409483493451031 -1.6369982431831824 -1.6335757769660073 -1.6248882405106975 -1.6125930628710283 -1.6005409721274846 -1.5898654880126863 -1.5794685294939625 -1.5702135226305047 -1.5599324293974048 -1.5512797367624278 -1.5435398618725136 -1.535137754521012 -1.526936689842731 -1.5200804249073483 -1.509680627151358 -1.5066286455689533 -1.5023902467538082 -1.4972408795351675 -1.4942353597370217 -1.4970686647134683 -1.5029327544516515 -1.5089263689839232 -1.512888716407886 -1.513306435406617 -1.522308852006782 -1.530712090671148 -1.535607928603358 -1.5445712227629376 -1.54398540785044 -1.5447621620922893 -1.5512125165700805 -1.5443755219799635 -1.566661115560736 -1.5762487364809077 -1.5756547309806053 -1.5782481815600387 -1.5808694237113734 -1.579120144150219 -1.582068935955446 -1.585724195981916 -1.5897521869401947 -1.592977131285388 -1.5950906142031993 -1.5955639642241222 -1.599525586231001 -1.603932403673336 -1.6076843215015673 -1.60605691074897 -1.6165438077899703 -1.616175329915464 -1.632355566410665 -1.6202892036053511 -1.6097676213615866 -1.6257040843218458 -1.6334986227693078 -1.6361951090684663 -1.6386177720738073 -1.6413953754463957 -1.6434869837069601 -1.6462572659282027 -1.6255810131432946 -1.6518051174102324 -1.6658934530652425 -1.6682890628519025 -1.6623179888680293 -1.661810197479905 -1.6603713843942391 -1.6648346549994952 -1.6721923361508733 -1.6735635630428871 -1.6721718128685878 -1.6726731377176705 -1.6744474117062613 -1.6729855543639407 -1.6718501695996746 -1.673650757192011 -1.6754533536760643 -1.6795813840617355 -1.687131970650198 -1.692394422658548 -1.6893446829495564 -1.7083335196649798 -1.7018932876351205 -1.7020428622852317 -1.7032978016936167 -1.7031620320711844 -1.7074109686022498 -1.7001416863899845 -1.705703043504245 -1.703396869174757 -1.703107147062409 -1.7049486412050348 -1.7039884443721314 -1.7048484694077686 -1.703243251468713 -1.7063969045815133 -1.7040915668143382 -1.705246252216125 -1.7039219403519466 -1.7040977778196147 -1.7048282895022648 -1.7041676311887441 
# total ejected metal mass till this time:
0 0.0 5.814693402468424e-05 0.0011932451403388244 0.00205527757798792 0.002686708453870145 0.003247709048472828 0.0037666770812223764 0.0041747664985364525 0.004466787474436413 0.004681444924436826 0.004849508413958865 0.004986170091436953 0.005102259047455332 0.005208652786722686 0.00530717842110165 0.005398795623689607 0.005484174550428984 0.005564233876025124 0.0056393803495809105 0.005710142669629557 0.005776883292561118 0.005840031036464135 0.0058999524944017894 0.005956985744530459 0.006011396963580653 0.006063362549715552 0.00611327055612939 0.006161040810680481 0.006207247634505996 0.0062512852223572495 0.0062947079134887274 0.006334754853294691 0.006377634116317708 0.006410269842135231 0.006462777904228714 0.006463928804278963 0.006590192552233387 0.006390245894338416 0.006689785393203909 0.006062044132858544 0.006760367468115813 0.005126164140066378 0.006828437100701225 0.0024957922180109016 0.006894157361148543 -0.0051331149414364195 0.006957712472496098 -0.028297238351476735 0.007018850896887627 -0.10232184095393178 0.0070786225012563295 -0.35213974659728126 0.007136364148823034 -1.2438853263592955 0.007191977741897676 -4.5855448680633 0.0072457182185211725 -17.701887898700587 0.007297728262683261 -72.3350091166417 0.007348220347978556 -308.3068602188896 0.00739713971524742 -1381.041811977796 0.007444637341258821 -6459.633155491091 0.007490541963429226 -31550.640396734132 0.0075349619736442795 -160904.81721373726 0.007577837194802299 -854008.3925736699 0.007619416365516735 -4704863.589592495 0.007659552511644326 -27097192.9831477 0.007698578230214173 -159922931.7478407 0.007736300488558158 -994413525.7996981 0.007772993293147273 -6303971879.035926 0.007808639223738859 -41711914859.38559 0.007843173858767902 -287142534389.84845 0.007876869456904252 -1994705847376.0798 0.007909594898298806 -14645359129698.633 0.00794137656702968 -110915417569996.06 0.007972518618967772 -844967815699465.8 0.008002791729336305 -6767610359779873.0 0.008032234497672198 -5.615180980479228e+16 0.008061066109553585 -4.7000863652812045e+17 0.008089299314928073 -2.2181747684327923e+18 0.008116725663067354 -5.719974628497352e+18 0.008143589504137027 -1.0228127661035217e+19 0.008169963566338881 -1.4025019683328874e+19 0.008208380746572319 -1.4781113748933994e+19 0.008536584585414047 -5.280536191232422e+18 -2.5535728018403313e+18 -2.7303938777033375e+18 -2.3880429423927327e+18 -2.1362156625539471e+18 -1.972774251816219e+18 -1.8267509654766743e+18 -1.8218540740504425e+18 -1.7695184996939773e+18 -1.6947494076173942e+18 -1.6346759933496883e+18 -1.6003189370050107e+18 -1.6150337222235835e+18 -1.5663536596855365e+18 -1.5517652255084324e+18 -1.4822727478338153e+18 -1.4447263758747133e+18 -1.4123654062726943e+18 -1.3836992693842017e+18 -1.357098260287157e+18 -1.3366682893144556e+18 -1.315985657740813e+18 -1.2975771238432049e+18 
# Stellar [Z/H]. [Z/H] = [Fe/H] + A[Mg/Fe] where A=0.94:
0.0 -5.218485947384705 -6.658594673528041 -4.946918363469051 -3.3010775899758036 -2.9530150566562714 -2.8482608287208286 -2.8439880386245955 -2.8472718768166785 -2.8539891558906705 -2.860040375194239 -2.8640854400104008 -2.866201714091541 -2.867238020833948 -2.867667171188597 -2.867713334817936 -2.8675076848271273 -2.867122003429742 -2.8666049073861246 -2.8660007809100847 -2.8653562239062698 -2.8647075439831906 -2.8640629200335037 -2.863415411807664 -2.862768976413208 -2.8621807351040296 -2.8615302996577143 -2.8608663999438217 -2.8602273223128214 -2.859602927211508 -2.8589975979882185 -2.858405396082003 -2.85781580496965 -2.857222696177963 -2.856633145177272 -2.8560601549012445 -2.855467554121734 -2.854839118611838 -2.8542034727996652 -2.8535627728345045 -2.852893018137422 -2.8522820003632368 -2.851616797781871 -2.851008905304871 -2.850361389210076 -2.849759831670077 -2.8491194492671523 -2.8485261754132267 -2.8478846196184247 -2.8473028679791126 -2.846700344114008 -2.8461444186030276 -2.8455613674923863 -2.8450564103673996 -2.8445409479530195 -2.844094052280663 -2.843635076391886 -2.8431990433724375 -2.8427681844711907 -2.8424111136878905 -2.8420094997244716 -2.8416638322344685 -2.841288164219945 -2.840940913032716 -2.84056888757743 -2.8402163119423447 -2.839922969226442 -2.8396533165979565 -2.8393257695140957 -2.839046316299933 -2.838750330636091 -2.838463498666865 -2.838145108782587 -2.837877657702819 -2.8376091209534255 -2.8373650593436763 -2.8370774026168815 -2.8368105609253327 -2.836550544023538 -2.836335754287847 -2.8360903204519428 -2.8358372012668087 -2.8355871423252843 -2.835376796371639 -2.8351910959089497 -2.8349759017353557 -2.834701250203039 -2.834478305253215 -2.8342644177109233 -2.83409846923091 -2.8339131169653866 -2.8337297660109684 -2.8335090307369066 -2.8333018468072138 -2.8330516898909885 -2.8329117295975745 -2.832772673494725 -2.832626425565933 -2.8324274902364364 -2.8322374400943042 -2.8320239152091764 -2.833226121119316 -2.833654099616015 -2.833968543803098 -2.834214768957737 -2.8344140231225645 -2.8345839250260445 -2.8347323100784494 -2.834871509189449 -2.8351896453345438 -2.8362493367367483 -2.837463413499006 -2.8381595428390414 -2.838637962151694 -2.839031828643626 -2.8394071632039948 -2.839653812358816 -2.83984022213333 -2.8398378642156707 -2.839979847980161 -2.8400680901907362 -2.8401192297455453 -2.8401826042496356 -2.840213052811932 -2.840211630928368 -2.840284254658181 -2.840273428320514 -2.840268481394462 -2.84024058101865 -2.84017403013252 -2.839914102513966 -2.8398613883457293 -2.8396263858326583 -2.839526318506139 -2.839384134905823 
# Stellar luminosity-weighted metallicity, [Z/X]:
-4.152288344383056 -5.2406767730474275 -6.672036172018634 -4.792918191387892 -2.894075231765072 -2.34046845441463 -1.9335570718702721 -1.5007608299391129 -1.0243844293520146 -0.5703230369057171 -0.14626157080730073 0.2613758293538222 0.6180779049549978 0.8462201272098352 0.9387398772522224 0.9738857618341462 0.9862738717945034 0.9909342090759119 0.9924475917080753 0.9935809845582008 0.9933353623198072 0.992038744827014 0.9900409100916957 0.987606908248241 0.9848968232495473 0.9823558762911109 0.9808808497772595 0.9794337352656982 0.9791020489710962 0.9773420547309402 0.9784054903291582 0.9746845698717138 0.9808690024556304 0.9660321359428368 0.9966836697685288 0.9245102465781508 1.087682679451024 0.4693008782338719 1.4370844677474506 -0.4421869439830306 1.831272924130547 -0.09333407373979896 2.226621527003611 0.2891328781739384 2.639607192454454 0.6968084619636112 3.076482877557181 1.130738472942417 3.5387390338452684 1.5908810430742657 4.025604992894673 2.076565222937864 4.539434639281483 2.5879565679747096 5.077304739884445 3.124034871902338 5.637914834582775 3.683944132707074 6.220140787351881 4.265194216984669 6.828132011138044 4.871823488085359 7.45416950494685 5.497452562591593 8.102378821640222 6.144357678930275 8.768888640257751 6.810241023067972 9.452991205938483 7.492247647790156 10.154837324870188 8.194071875296988 10.874230435376711 8.91196412122687 11.60981972132882 9.648490291152374 12.365523892811032 10.40262971496659 13.130852141327612 11.168534732282144 13.920231117360254 11.95679998240769 14.716810470498437 12.753334470315894 15.53326292899225 13.569781973260547 16.36680760029609 14.402109268235451 17.203260730427125 15.239419179031986 18.065896146128548 16.101456015067964 18.94099379596683 16.975631344731575 19.817958790284823 17.853144067841743 20.71849271197705 18.753976386302064 21.634430042943094 19.667948911967013 22.551903489321603 22.271022848647277 21.97766843983592 21.806955272465814 21.691071730721934 21.60488115374242 21.53705669155458 21.481595050800077 21.435003497252996 21.360188967735507 21.153857790928207 20.990446880933494 20.915689483657076 20.871186046876545 20.840073940874387 20.80630395239246 20.782128039078952 20.765109200020984 20.7606439539382 20.752409359382813 20.742393547474357 20.734168355590235 20.7295691419777 20.7274778225272 20.720267647938538 20.71289659880145 20.702562270148736 20.694828924328796 20.689583491402775 20.686717771371555 20.683809167248775 20.68084964091617 20.681288996315246 20.679055412071733 20.67949924507164 
# Stellar luminosity-weighted [Mg/Fe]:
0 -1.6653345369377348e-16 -9.71445146547012e-17 1.0035747990206143 1.0039401261003948 0.791727320049036 0.6441101091126314 0.5268185494989979 -0.35398879528023464 -0.9505996732443261 -1.3150621025349336 -1.516852483675302 -1.6071079497638736 -1.6452376884917033 -1.6614650699228402 -1.66788288658555 -1.6695483559346824 -1.6681943853700512 -1.6642621551976415 -1.6589676927137926 -1.6549020156021628 -1.6530482476662274 -1.6527686277281877 -1.6527172225199294 -1.6530868627361976 -1.659393234041697 -1.653826963392745 -1.648293459893181 -1.6470947656323085 -1.6459853408279166 -1.6460673998484545 -1.6457552485500337 -1.6444238023807327 -1.6417400537900981 -1.638077371696263 -1.6346134566499022 -1.627077829398944 -1.615838464883425 -1.6040002317039472 -1.5931082515000365 -1.5826443855775871 -1.57313597994637 -1.5630494693970518 -1.5540912578269015 -1.5461091212075833 -1.5377941829308226 -1.529586333388535 -1.5224356318007908 -1.512752184757223 -1.508267838258575 -1.5039761606945081 -1.4989987194900185 -1.4955671920278706 -1.4970177706171632 -1.5018727830578051 -1.5075811613540444 -1.5118842574602087 -1.5131374198857774 -1.520403462507318 -1.5285287988360778 -1.5340953501995884 -1.5422842014095424 -1.5436088820923597 -1.544510819806743 -1.5497349027264888 -1.5455354698418737 -1.5619402923111951 -1.573013445807298 -1.5749578514785236 -1.5774163969984591 -1.5800057754701355 -1.5792147946514368 -1.5813566714336602 -1.5846789139482729 -1.5885395714727952 -1.591899676087366 -1.5942754820208607 -1.5951665620504998 -1.5984542919611506 -1.6026125285382826 -1.606436318567471 -1.6060005058396194 -1.6140730828339083 -1.615551659469647 -1.6284506616815748 -1.6218467045333265 -1.612231614876042 -1.6226219774030457 -1.6309312622535144 -1.6348453785323196 -1.6375863776867567 -1.6403588025547393 -1.642593482489927 -1.6452464022132118 -1.6296215843598578 -1.6467474130131021 -1.661420643853999 -1.666500883522101 -1.6629416129267534 -1.6618058132615354 -1.6604591869102974 -1.6481403615944796 -1.6364093557466737 -1.6298204318242562 -1.6253845775755424 -1.6221052821381838 -1.6195422689164667 -1.6174650512019706 -1.6157368177473668 -1.6130085546995743 -1.6059999668857121 -1.6014924154366923 -1.5999743792980536 -1.5992949204729041 -1.5989369064852277 -1.5986467986004134 -1.5985188459717605 -1.5984653401566566 -1.5984569847700312 -1.5984462653568616 -1.5984362366644391 -1.5984394802531787 -1.5984438393316576 -1.5984575241334553 -1.5984578201140112 -1.5984567474480837 -1.598500584908735 -1.5984765752879664 -1.5984989993689793 -1.5985728091786582 -1.5985336493727782 -1.5985983895507458 -1.5986032397424794 -1.598693533280355 -1.5986761977537607 
# Stellar luminosity-weighted [C/Fe]:
0 -2.220446049250313e-16 -2.220446049250313e-16 -0.06417640973035199 -0.0671390501730258 -0.0850479504891063 -0.08827494793874513 -0.11184532404692715 -0.8249593447200377 -1.159227875152864 -1.279019265719672 -1.3192941261245479 -1.3294249469088042 -1.3280433224083295 -1.3221116203331138 -1.314075687524838 -1.3044005675763835 -1.2923988724249318 -1.27893201802245 -1.2652439561319568 -1.2513986210262922 -1.2371495764907814 -1.2233841221402093 -1.2103487063056257 -1.1980513231946988 -1.180011874973848 -1.1483264251852217 -1.1070563106175657 -1.0635371560824092 -1.0229261759047714 -0.9865945721369149 -0.9543909391357748 -0.9250550351308066 -0.8995419218312787 -0.8746067061163525 -0.8467286679900226 -0.8173266138156251 -0.7870649618845991 -0.7577046031227904 -0.7304714353925212 -0.7075821044942738 -0.6867629468791034 -0.6664431070506553 -0.6469281471203155 -0.6295558240335808 -0.612556281859352 -0.5976774878157738 -0.5833905957764716 -0.5684976081562703 -0.5572029938262688 -0.5444749934639521 -0.5347741599985334 -0.5256614473558543 -0.5189873418850833 -0.5148670066331318 -0.5086539957791161 -0.5059886367142028 -0.5036910826604171 -0.49731084211043675 -0.4955305230725333 -0.49422560152724354 -0.488707305194522 -0.4854766154809958 -0.48465964190992583 -0.4810782093235488 -0.47539227055999783 -0.4755883694026478 -0.47631964684552086 -0.47684216149659936 -0.47764218208642495 -0.48287215200272515 -0.4876735685575502 -0.48785579336906565 -0.4868229206314431 -0.4920835166832184 -0.4984159913303911 -0.5003466802042214 -0.4986195579502936 -0.5003451080289667 -0.5071987240750572 -0.5127333470288651 -0.5140326346571238 -0.5121775334377018 -0.5137507678916285 -0.5215483669522412 -0.5278336021360714 -0.5301998960195926 -0.5293441756786395 -0.5268378248978174 -0.5327292756920238 -0.5414916661747533 -0.5465470533569705 -0.5473416677285652 -0.5457805029725458 -0.5435544569287876 -0.5480537503773394 -0.556967310061168 -0.5633503171732777 -0.5655282578240102 -0.5647844654453935 -0.5636823686072537 -0.5637704190738726 -0.5646248776184646 -0.5658623786931711 -0.5672292258561636 -0.5686300449868085 -0.5700268419717525 -0.5713987315583666 -0.5727387545015247 -0.5753063110510204 -0.5859997353931881 -0.6002625575300664 -0.6095611567339113 -0.6163432643211043 -0.6215697830151632 -0.6273823030777081 -0.6315806485830056 -0.6347313877940857 -0.6356166880281584 -0.6371612949193288 -0.639077114171936 -0.6406556324914399 -0.6415750054754323 -0.6420285946303811 -0.6433940498915462 -0.6447020338668632 -0.6468010071729888 -0.6480264557062809 -0.6489835135750035 -0.6496452617669454 -0.650038704776954 -0.6510253261720365 -0.6510369383091038 -0.6519219916274681 -0.651957065900868 
# Stellar luminosity-weighted [N/O]:
0 0.0 0.0 -1.8445138543773787 -1.8860543699249708 -1.6585043629801524 -1.1839654857857558 -0.6750016227911155 -0.2015986276794144 0.19604880228945276 0.488875555059452 0.6585965917735892 0.7297892172292239 0.7520611942500716 0.7581867419584171 0.7636785393197673 0.7761732839551094 0.8005663413442663 0.8326866522999191 0.8646946582965339 0.8842122553056236 0.8883743164214095 0.8813691166290503 0.8691258861006547 0.8549842720655074 0.8353969141105508 0.8018206306498536 0.7530747640959793 0.691494701107668 0.618750680038578 0.533240007306139 0.4316494134744513 0.30611230091284414 0.13941577074643063 -0.09386571789888076 -0.3827405467783074 -0.6785286793354595 -0.9199874853128016 -1.0539131603880938 -1.1428771041317196 -1.1749977241049359 -1.1850301469980686 -1.2001519869371395 -1.2537569477524815 -1.2265137586485122 -1.2050079481049125 -1.2137645616287123 -1.2270458193630152 -1.2436140931215323 -1.2477098002040594 -1.2520558357020013 -1.2601403414828338 -1.2617931825186135 -1.2553344678085745 -1.2456354126093725 -1.238370638837245 -1.2320995670146422 -1.225184746737542 -1.2064025367253732 -1.2010910969567088 -1.1997550619903365 -1.1901242238229188 -1.1794288351629745 -1.1727192695110604 -1.1526459711619546 -1.154183190850207 -1.161076002930617 -1.1715781622684127 -1.155136034405741 -1.1583541276175895 -1.145140259497344 -1.2942538694166843 -1.0061513459649531 -1.1071083437786977 -1.1655829019254527 -1.19369468713432 -1.1628646197408612 -1.144575558450112 -1.1317243559306978 -1.138172171799326 -1.1561696924804008 -1.1474682079470764 -1.2469620090685445 -1.1538749385271303 -1.1030413670331347 -1.096315716026412 -1.1083791519570374 -1.1203616022354146 -1.144020146849932 -1.1394098597745086 -1.1320457019311416 -1.1343808900710972 -1.1030341262951433 -1.1262411249549988 -1.1435789604025195 -1.147605477448968 -1.145587578838386 -1.1450182380491314 -1.1356307678231607 -1.1496366275963932 -1.1469413018378907 -0.7392401610972483 -0.5280707012305164 -0.4337228314608259 -0.3743770863924871 -0.3313767852892122 -0.2977594385208515 -0.27023750853333484 -0.24696584232993324 -0.20915140641392438 -0.0996226473007451 -0.0034980806400033426 0.045234299701096714 0.07659267010740911 0.09883263971203105 0.12204294926115822 0.1378294022293981 0.14933628930755827 0.15251356192580456 0.15791134772872562 0.1644469025597034 0.16981062748978537 0.17307349121296955 0.17454124131821025 0.17912522992882662 0.1833412877672953 0.18999629614814662 0.1938782938242869 0.1969053173291666 0.19907977005590582 0.2002468172695221 0.20329628357862584 0.20334089076003314 0.20607164924514687 0.20616898074049217 
# Stellar luminosity-weighted [C/O]:
0 0.0 -1.1102230246251565e-16 -1.2801039476352498 -1.2827281162943258 -1.05599287347714 -0.878902111699861 -0.7601480945921135 -0.5770450503780991 -0.3126259262706059 -0.07942070767444015 0.06550246000091883 0.13480033026754612 0.16650757188152598 0.1823962435651532 0.19309402484185745 0.20308371455859023 0.21450226163036828 0.22690375607664917 0.2395430352402345 0.25267776744037046 0.2666876317165063 0.2804966581549741 0.29377590441273044 0.30636954249473153 0.3246337786360506 0.3564240691736874 0.3976776350509149 0.44105789621466296 0.48178673546280226 0.5178553738862095 0.5498246743671342 0.5790079829414958 0.6044118475736879 0.6291397743010004 0.6567175136368488 0.6855716236193587 0.7151330055499452 0.7437550151820389 0.7702404120478327 0.7926512725113606 0.8125206064919117 0.83200692838576 0.8508264701604407 0.8676525927133734 0.884065620858633 0.8984026035343768 0.9120659851869941 0.9264907312722189 0.9373935870903303 0.9493567787080669 0.95848839687338 0.9673283820500733 0.9737960899945787 0.977901560728331 0.9852030744330592 0.9868135770882759 0.98812862402049 0.9944028602439392 0.9962640403804894 0.9977900291873096 1.0032665133713732 1.0064926651995987 1.007315102052842 1.0107641434621146 1.0161557426520569 1.0169998286819442 1.0157282645832633 1.0147063900475657 1.0142441392032575 1.0090090181831641 1.0038645604699221 1.003603878868734 1.0045163562643051 0.9997295938799116 0.9935953893142544 0.9915827354495843 0.9931895422542103 0.9915748047997806 0.9848921651302186 0.9791336171586668 0.978096051590068 0.9800682127619237 0.9782232884576879 0.970152456189885 0.9649926098549427 0.9625293834956368 0.9627652051300574 0.9647377634252311 0.9592090457568072 0.951197806386233 0.9462450288361302 0.9452614796436551 0.9465571108515803 0.9485400755144457 0.9442021933216767 0.9358348165940057 0.9293430229240179 0.9264837852481911 0.9273492221590037 0.9288908890959109 0.9289372270359577 0.9283054469714328 0.9272297230549283 0.9259887362711011 0.9246918023414392 0.9233841294216614 0.9220906056825753 0.9208208001992276 0.918375416363682 0.9080967916727177 0.8942743426424291 0.8852233761011844 0.8786079033610545 0.8735041743132977 0.8678224367090402 0.8637158853952273 0.860631711168897 0.8597650018960991 0.8582514780330721 0.8563741627473164 0.8548278292510426 0.8539257703818739 0.8534822266957903 0.8521418337549078 0.8508576785188933 0.8488001932755262 0.8475967980370621 0.8466558211747952 0.8460040151716278 0.8456196174947354 0.8446538875263148 0.8446419214300941 0.8437762586947298 0.8437430108810299 
# Stellar luminosity-weighted [O/Fe]:
0 -2.220446049250313e-16 0.0 1.2159275379048977 1.2155890661213 0.9709449229880338 0.790627163761116 0.6483027705451865 -0.2479142943419388 -0.8466019488822579 -1.1995985580452317 -1.3847965861254665 -1.4642252771763504 -1.4945508942898555 -1.504507863898267 -1.5071697123666954 -1.5074842821349737 -1.5069011340553 -1.5058357740990989 -1.5047869913721914 -1.5040763884666628 -1.5038372082072877 -1.5038807802951832 -1.5041246107183561 -1.5044208656894302 -1.5046456536098987 -1.5047504943589092 -1.5047339456684807 -1.5045950522970721 -1.5047129113675737 -1.5044499460231244 -1.5042156135029088 -1.5040630180723022 -1.5039537694049665 -1.5037464804173528 -1.5034461816268714 -1.5028982374349837 -1.5021979674345443 -1.5014596183048292 -1.5007118474403538 -1.5002333770056344 -1.4992835533710154 -1.4984500354364152 -1.4977546172807563 -1.4972084167469544 -1.496621902717985 -1.4960800913501506 -1.495456580963466 -1.494988339428489 -1.494596580916599 -1.493831772172019 -1.4932625568719136 -1.4929898294059276 -1.492783431879662 -1.4927685673614628 -1.4938570702121754 -1.4928022138024786 -1.4918197066809071 -1.491713702354376 -1.4917945634530227 -1.4920156307145531 -1.491973818565895 -1.4919692806805944 -1.4919747439627677 -1.4918423527856635 -1.4915480132120547 -1.492588198084592 -1.4920479114287843 -1.4915485515441649 -1.4918863212896825 -1.4918811701858894 -1.491538129027472 -1.4914596722377997 -1.4913392768957483 -1.49181311056313 -1.4920113806446458 -1.4919294156538057 -1.491809100204504 -1.4919199128287473 -1.4920908892052758 -1.491866964187532 -1.4921286862471919 -1.4922457461996255 -1.4919740563493165 -1.4917008231421263 -1.492826211991014 -1.4927292795152294 -1.4921093808086967 -1.4915755883230486 -1.4919383214488309 -1.4926894725609863 -1.4927920821931004 -1.49260314737222 -1.4923376138241258 -1.4920945324432335 -1.4922559436990162 -1.4928021266551736 -1.4926933400972955 -1.4920120430722013 -1.4921336876043974 -1.4925732577031647 -1.49270764610983 -1.4929303245898973 -1.4930921017480996 -1.4932179621272648 -1.4933218473282477 -1.4934109713934136 -1.493489337240942 -1.4935595547007523 -1.4936817274147023 -1.494096527065906 -1.4945369001724955 -1.4947845328350957 -1.4949511676821587 -1.4950739573284608 -1.4952047397867483 -1.495296533978233 -1.4953630989629825 -1.4953816899242574 -1.4954127729524012 -1.4954512769192525 -1.4954834617424824 -1.4955007758573062 -1.4955108213261714 -1.4955358836464538 -1.4955597123857565 -1.495601200448515 -1.4956232537433432 -1.4956393347497987 -1.4956492769385732 -1.4956583222716893 -1.4956792136983512 -1.495678859739198 -1.4956982503221978 -1.495700076781898 
# Stellar luminosity-weighted [Ca/Fe]:
0 0.0 0.0 0.7310806144676238 0.7310633426327358 0.5353934932385128 0.4071108476832289 0.3144385483920402 -0.07025265735721664 -0.14468240278523625 -0.1603413459842562 -0.16482549613709008 -0.16628126622802908 -0.16682014122774524 -0.1682637178042392 -0.16733943580925015 -0.16635705613691654 -0.16639152804047042 -0.16668949962996016 -0.16687607290453776 -0.16703016491758405 -0.16704670431291202 -0.16704510674314133 -0.1670557191934663 -0.1670617581256446 -0.16709579508277494 -0.16667123450344912 -0.1669716076405705 -0.1672593286688877 -0.16725140448822517 -0.16715744757071538 -0.1669460056660521 -0.16704397642257018 -0.1671961888668616 -0.16715554825004575 -0.16712014535080022 -0.16690273034849423 -0.16637994577181892 -0.16387894052808916 -0.16679129090036882 -0.16884653709550745 -0.16857391689068657 -0.16792456693888114 -0.16724438995994118 -0.16715821242496554 -0.167166968335678 -0.16698176768440098 -0.16709715599279407 -0.16719163550378235 -0.1671405217090305 -0.16715234608692886 -0.1671813076942006 -0.16710834852581025 -0.16708358149174507 -0.16712856390883157 -0.16713678203482973 -0.16708857549448108 -0.16711999872995587 -0.16711326218462474 -0.16703280273932464 -0.16712993740150694 -0.16715894370350415 -0.16696735977853439 -0.16657099390445462 -0.16645491352304398 -0.16669503353917792 -0.16735455334100946 -0.167552042770863 -0.16727336373223456 -0.16712872410444168 -0.16729451026989528 -0.16825607770402495 -0.16731715874967956 -0.16643818754545414 -0.16650595306340543 -0.16676836779607318 -0.16693688847320454 -0.16703469662198023 -0.16706204687780057 -0.1670630873363419 -0.16704071137022214 -0.16706275832073225 -0.16706450607429124 -0.16670877636201387 -0.16583851262679605 -0.16701306720047304 -0.16784546987255888 -0.16764168395171675 -0.1676546931831906 -0.16722936377928277 -0.16707740432239726 -0.16715973609243573 -0.16682503064810228 -0.1669021516964191 -0.16701492679366625 -0.16705807624955793 -0.1672282553396507 -0.16696915122793232 -0.16702393974853313 -0.16701081712566945 -0.16705093524066505 -0.1670478898056882 -0.16705050295522939 -0.16705277994435663 -0.16705419103409147 -0.16705502169470487 -0.16705549907796247 -0.16705573760668657 -0.16705581814687465 -0.1670557493736602 -0.16705376910652037 -0.16704989186505692 -0.1670472094241493 -0.16704522603477456 -0.1670437629748227 -0.1670420249979483 -0.16704071796257347 -0.16703978115433626 -0.16703951396318195 -0.16703904087282373 -0.16703842655351542 -0.1670379330884484 -0.16703773517159837 -0.16703755123334485 -0.16703718411552892 -0.16703672845728113 -0.1670361658778987 -0.1670358444797726 -0.16703555497063705 -0.16703528110929433 -0.16703515686922588 -0.16703483120344553 -0.1670347869855937 -0.16703446267841238 -0.16703446372168007 
# Stellar luminosity-weighted [Ne/Fe]:
0 -5.551115123125783e-17 -5.551115123125783e-17 0.9962821477007959 0.9973308695706968 0.8035356564094644 0.6572870902120991 0.5304662995556786 -0.3738617576035569 -1.030264283309351 -1.5118006188822415 -1.8781623975510455 -2.147666399834316 -2.3064847318292934 -2.3837899714433837 -2.412319845879911 -2.418138150147926 -2.422862141001608 -2.4218549185274245 -2.4222618871775596 -2.423039346647174 -2.421946748414152 -2.4212007054788716 -2.421001370973552 -2.4206493306685855 -2.420298595628633 -2.4202930408921746 -2.419666184329169 -2.42047527103536 -2.419610172288826 -2.4168879977751514 -2.413766448877311 -2.416624867043468 -2.4169784603954048 -2.411108797294636 -2.4072843082009925 -2.4054265145212774 -2.3987827738389136 -2.390435685890603 -2.382088383298007 -2.373430971644352 -2.3627857634236262 -2.3609545292405 -2.360566787504295 -2.352406807868485 -2.3567503322165355 -2.341771879834819 -2.3313661697497565 -2.323534498097701 -2.3202557121963747 -2.3175882704515396 -2.315279479360634 -2.310672421727105 -2.3086139278448154 -2.310533741567265 -2.3080315201437704 -2.2973001994413536 -2.2986369118027072 -2.2980108703592546 -2.298546045132337 -2.2955500772095796 -2.294694845553844 -2.2920644578164744 -2.287470334158697 -2.2983600653500065 -2.290847187541436 -2.2879060385823777 -2.28780840372105 -2.2869376019784147 -2.290838080692973 -2.2917430196694983 -2.295632601713771 -2.301909186356825 -2.2956604803934195 -2.305032925768612 -2.307557743812824 -2.3046548037166303 -2.3065484438573938 -2.314053565747661 -2.3162479857845604 -2.3093816303765293 -2.3156187684213196 -2.319560405749102 -2.3249090277975935 -2.321075575567951 -2.3313605976566945 -2.3260274265860823 -2.331474421957876 -2.339476558275372 -2.341858327762443 -2.3413442034485286 -2.3419550419931516 -2.343516397066027 -2.3458496251210668 -2.346154068728932 -2.3526608289186326 -2.35236817469654 -2.369390505141925 -2.358676960549156 -2.3446693013384086 -2.344285920759811 -2.343955702066788 -2.3424868238311225 -2.3412060174177842 -2.340220100606537 -2.3394634996113233 -2.3388763165812456 -2.3384149954948414 -2.3380495723882246 -2.3375249491124697 -2.336758908809279 -2.3373476667457362 -2.3381575803323305 -2.338852554832217 -2.339427454613898 -2.3400796254474794 -2.340562867754283 -2.3409277978059326 -2.341037483330015 -2.3412101613609213 -2.3414296051435373 -2.341621326770303 -2.341720982148657 -2.341784887067431 -2.3419293471265643 -2.3420671732026515 -2.3423310305941754 -2.342454473958674 -2.3425565464798046 -2.3426321211266155 -2.3426735809992953 -2.3428142147591773 -2.3428120023683072 -2.3429501746692125 -2.3429545237631033 
# Stellar luminosity-weighted [Si/Fe]:
0 8.673617379884035e-18 1.0408340855860843e-16 1.055824841806103 1.0565466105828312 0.8505606016185698 0.7131220275328167 0.6083266634969509 0.006462455787323063 -0.17249851659329568 -0.2172554366024384 -0.2307673318269472 -0.23514550225982195 -0.23664990719201237 -0.23712187012675381 -0.23726569596728242 -0.23730801937377624 -0.23731322815426334 -0.23732110790214803 -0.23730102450911675 -0.237301142413357 -0.23730098535990093 -0.23729365309320757 -0.2373005915364071 -0.23731260310385716 -0.23731853291364413 -0.23731922641631784 -0.2373176666529614 -0.2372914751632319 -0.23728454232583454 -0.2373125501521642 -0.23733717860473355 -0.2373339914086567 -0.23731028272476723 -0.2373127255016774 -0.23730190359004566 -0.23729765964392516 -0.23727665912143941 -0.23730094725680997 -0.23730236885439385 -0.237322697149144 -0.2372789562791458 -0.23725521665157026 -0.23723839932107227 -0.23718880600682393 -0.2373364410771656 -0.2373018065537107 -0.2371994309106032 -0.2372024151146729 -0.23723933536488126 -0.23722828161555037 -0.23720596137824373 -0.2372205147476692 -0.2372211142405942 -0.2372535033563271 -0.23747649348834943 -0.23729293538397564 -0.23716194727322923 -0.23719383177505304 -0.23745729496830403 -0.23729977238312222 -0.2370693478528176 -0.23722179064062485 -0.23730350141504689 -0.23728057131387953 -0.23715066834891502 -0.23729405462027478 -0.23737721721476254 -0.23737044869345705 -0.23752102806862177 -0.23736378306973566 -0.23719153242635294 -0.237235867596477 -0.23724296007862034 -0.23733680574236923 -0.23734782731725385 -0.23737002701422244 -0.23729385328371347 -0.23727122155817773 -0.23731250257987574 -0.2373420511079614 -0.2373324568732193 -0.23729881385173163 -0.23691753335281163 -0.2372823548861034 -0.23751752565034276 -0.23742794922266572 -0.23738428717054233 -0.23738321669199033 -0.23736785782540687 -0.23757413600289096 -0.2374518873748971 -0.23727905057469068 -0.23720080129973295 -0.23721933565649694 -0.23731569453212675 -0.23733979871215094 -0.23734621565706204 -0.2373827229085862 -0.2373520163006052 -0.2373498280768433 -0.23733858165846924 -0.23732671633514293 -0.23731959503834738 -0.2373145765956863 -0.23731070424619652 -0.23730753599032037 -0.23730484854726724 -0.23730251257283522 -0.23729857156435924 -0.23728608739017445 -0.23727356821172899 -0.23726650786824635 -0.2372616735674852 -0.23725807440473334 -0.2372541070067275 -0.2372513101349867 -0.23724922773511556 -0.23724866496894476 -0.23724760551578478 -0.2372463084891224 -0.23724530595903343 -0.23724467670185492 -0.23724443973027426 -0.23724345469679525 -0.23724249087019686 -0.23724121385146166 -0.23724028517726348 -0.23723958139975357 -0.2372391221601258 -0.23723886781562895 -0.2372384060164662 -0.23723837897865205 -0.23723803633577487 -0.237238049020523 
# Stellar luminosity-weighted [S/Fe]:
0 0.0 0.0 0.9731786433139636 0.9741244298643575 0.7796558804313808 0.6505012638396889 0.5505471366575125 -0.025922909814767026 -0.18924088285771223 -0.2291908726006301 -0.241187096515719 -0.245102767756064 -0.24650508317497166 -0.24690818725681507 -0.24700699072874654 -0.24704898437911282 -0.24706163227923306 -0.2470478392541926 -0.24705648355257626 -0.24707998579838164 -0.2470885059542124 -0.24707479001110066 -0.2470676295447901 -0.2470669408413465 -0.24706520418593125 -0.24715922257987488 -0.24709176385551035 -0.24699594933111402 -0.24703195126030075 -0.24706111608315395 -0.24707237756479594 -0.24707810587082235 -0.24706360624718826 -0.24703542645102872 -0.24706873100253424 -0.2470850491778196 -0.24709225331180196 -0.24709777974772895 -0.24708541114521176 -0.247094723584798 -0.24717462471104723 -0.24706641407906094 -0.2470494005518613 -0.2469774344072896 -0.24697588064725673 -0.24703912614723467 -0.24709715888904216 -0.24706219083803538 -0.24704274539401372 -0.2470692441234531 -0.24712391668083578 -0.24708127264243507 -0.24700041964531882 -0.2470520416069939 -0.2472341797993871 -0.24709593829420484 -0.24695057773824047 -0.24738443236075502 -0.2471291840055867 -0.24688245477962623 -0.24754172684088316 -0.24721905793914545 -0.24674116375777344 -0.24657339931709144 -0.2466526387897019 -0.24706466317772147 -0.24716196739192942 -0.24714562543473517 -0.24725491992018178 -0.24724336776754696 -0.24704413852411455 -0.2469828604149632 -0.24695167332950485 -0.24701314983891354 -0.24701889076824446 -0.2470901989103219 -0.24706269143736903 -0.24704511502655158 -0.24702549665824802 -0.24706186059038282 -0.24707581730113204 -0.24705355282302488 -0.24669251436257877 -0.24701112233161804 -0.24721896426824286 -0.24736803883283665 -0.24714419245956487 -0.24700403703076612 -0.24701916978746763 -0.24708363992767268 -0.246859514077444 -0.24691083339756004 -0.2471476357322604 -0.2472224895737729 -0.2469744514061707 -0.24689558143989931 -0.24711474947359113 -0.24728222831832536 -0.24719760597773355 -0.24716582724217617 -0.24713861615086197 -0.24710953001072278 -0.2470937180258188 -0.2470837964814393 -0.2470769267942019 -0.24707183622860107 -0.2470678793086616 -0.24706468989918795 -0.2470598014520543 -0.24704730344861636 -0.24703720087914238 -0.24703187446547104 -0.24702825385611327 -0.2470255393944153 -0.2470225058500194 -0.24702035818726187 -0.24701874035162852 -0.24701831359505355 -0.24701747491772297 -0.247016464422119 -0.2470156783723969 -0.247015175232994 -0.24701499252484715 -0.24701420596319357 -0.24701344080900856 -0.24701243574201892 -0.2470116961155263 -0.24701112399186653 -0.2470107146413738 -0.24701053698958297 -0.247010174407583 -0.24701014775708763 -0.24700986532801916 -0.24700989547944563 
# Stellar luminosity-weighted [C/H]:
0 -5.218485947384705 -6.649845346355914 -5.802575779176719 -3.9065801335579637 -3.14947875120475 -2.6566553048752315 -2.316110669364617 -1.9483329401505314 -1.4786591481653604 -0.9718701024786389 -0.4792314944241296 -0.05824972243707727 0.21866339323218886 0.3455146684171506 0.39037731460108516 0.4072447744415033 0.418439988966945 0.4294559434056948 0.4405364969611347 0.45179328893636717 0.46310114005053693 0.4741307967098769 0.484272966707437 0.49350363389808827 0.5085575580436257 0.5383367578968365 0.5781213643628433 0.6201558257953659 0.6593753511015521 0.6944788468238858 0.7256313499790328 0.7539533090895354 0.7781612268749241 0.8016169226213075 0.8297002719272077 0.8611939174511618 0.8931937050309879 0.9235023455221647 0.9534680782966212 0.9780440326210567 1.0008341910531406 1.023100630491426 1.0439612808697074 1.0632867649934497 1.0815329603897843 1.0982059461124125 1.1139169098815405 1.1298862842806976 1.1432235450430301 1.155738041048902 1.1682422196732736 1.1784984108196181 1.1863239445297884 1.192740028341468 1.197835285966601 1.2030838741953 1.2081147253321163 1.212365532999927 1.2170062841949325 1.221652744687868 1.2256374857916144 1.2299556691096019 1.2340472880568996 1.2377345027671973 1.2410308715871055 1.244124077473837 1.2461713187853558 1.2431049272888157 1.23909453267086 1.2365240944015388 1.2336821517360912 1.2303964806378387 1.2262943853796209 1.224012626038887 1.2214689789955475 1.2181488337641748 1.2143350479862134 1.2111019105587562 1.2084579796972843 1.2052634374840747 1.2014820695175898 1.1974194238288738 1.1939742069148354 1.191310541570322 1.1888188662534227 1.1849461910658268 1.1806261105043356 1.176527048776165 1.173930278567791 1.171898660870332 1.1690186523723503 1.1653077214714629 1.161522481619531 1.1574884078424303 1.1545885771686604 1.1527270348676786 1.1504047418499792 1.1472269832345643 1.1433558311298424 1.1384180051813138 1.1379365343348775 1.134919607760227 1.1317193582259963 1.1286935764529593 1.1258616178351053 1.1232006999812896 1.1206937596462976 1.1183191918308566 1.113914869010343 1.0966722261028892 1.074783581392666 1.0607244004197156 1.0505488444005522 1.0427369696398432 1.0340276991789867 1.027777764268416 1.023079118696343 1.0217857792877019 1.0194373196193447 1.0165714568851185 1.014185529625382 1.0128231255774756 1.0121493298943052 1.010080197508926 1.007966086933492 1.0048281377586212 1.0028241930077137 1.0012723114914257 1.0002479327338905 0.9997704186672531 0.9984683539338048 0.9984963796845259 0.997436524200118 0.9974068588132927 
# Stellar luminosity-weighted [N/H]:
0 -5.218485947384705 -6.649845346355914 -6.366985685918847 -4.509906387188609 -3.751990240707763 -2.9617186789611267 -2.23096419756362 -1.5728865174518472 -0.9699844196053009 -0.40357383974474637 0.11386263734854118 0.5367391645246005 0.8042170156007344 0.9213051668104142 0.9609618290789954 0.9803343438380225 1.004504068680843 1.0352388396289651 1.0656881200174344 1.0833277768016205 1.0847878247554399 1.0750032551839532 1.0596229483953614 1.0421183634688642 1.019320693518126 0.9837333193730031 0.9335184934079077 0.8705926306883707 0.7963392956773276 0.7098634802438157 0.6074560890863503 0.48105762706088395 0.3131651500476669 0.07861143042142693 -0.20975778848794846 -0.5029063855036568 -0.7419267858317591 -0.8741658300479678 -0.9596494378829306 -0.98960496399524 -0.9967165624368395 -1.0090582848314735 -1.0606221370432145 -1.0308795863684361 -1.0075406085737617 -1.0139612190506764 -1.025194894668469 -1.0402185401130533 -1.041879842251359 -1.0456745733611665 -1.0503865186829406 -1.0506231537490685 -1.0428066132733642 -1.0307969449962355 -1.0257384273037022 -1.0158292699076181 -1.0051986454259154 -0.9884398639693854 -0.9803488531422655 -0.9758923464897782 -0.9677532514026774 -0.9559658312529713 -0.9459870835070028 -0.9256756118568719 -0.9293080619151581 -0.9339517541387243 -0.9411351080663195 -0.926737497164491 -0.933503734149987 -0.9176251832789699 -1.0644362781505148 -0.7793587441958492 -0.8853303146633822 -0.9412998697664774 -0.965821097453027 -0.9362985214262709 -0.9234300527181096 -0.9121972501717224 -0.9146063572322598 -0.9300398721549916 -0.924082190019555 -1.0296107980015945 -0.9381240200699823 -0.8818832816526969 -0.8724894596279329 -0.8859623443868472 -0.9025006968611358 -0.932230861498998 -0.9246886269635244 -0.9113448474470429 -0.9116072665348769 -0.8829878844673358 -0.9112757541870478 -0.9346306280745349 -0.9372190936019837 -0.9286953605647135 -0.9239565191231707 -0.9148875698367878 -0.9336300186255544 -0.9374141857524885 -0.530240853798329 -0.321456540441722 -0.22923319628975847 -0.1716722462106297 -0.13020696979554636 -0.09794286796122265 -0.0716343545696132 -0.04946745069830438 -0.01361195376726343 0.08895278712942645 0.1770111581102336 0.22073532401962837 0.24853361114690697 0.26806543503857716 0.28824821173110493 0.30189128110258734 0.3117836968350045 0.31453433931740715 0.31909718931499853 0.324644196697506 0.3291683278641253 0.33197084640857133 0.3332083445167249 0.3370635936828448 0.34044969618189436 0.34602424063124104 0.3491056887949382 0.3515218076457969 0.3533236876181687 0.3543976184420403 0.3571107499861159 0.35719534901446526 0.3597319147505349 0.35983282867275523 
# Stellar luminosity-weighted [O/H]:
0 -5.218485947384705 -6.649845346355914 -4.522471831541468 -2.623852017263638 -2.09348587772761 -1.7777531931753705 -1.5559625747725034 -1.3712878897724323 -1.1660332218947538 -0.8924493948041983 -0.5447339544250487 -0.19305005270462328 0.05215582135066299 0.16311842485199746 0.19728328975922782 0.20416105988291333 0.20393772733657656 0.20255218732904545 0.20099346172090016 0.19911552149599698 0.1964135083340306 0.19363413855490297 0.19049706229470642 0.1871340914033568 0.18392377940757498 0.18191268872314925 0.1804437293119281 0.1790979295807027 0.17758861563874984 0.17662347293767677 0.175806675611899 0.17494532614803981 0.17374937930123568 0.17247714832030692 0.1729827582903587 0.17562229383180306 0.17806069948104275 0.17974733034012536 0.1832276662487886 0.18539276010969585 0.1883135845612287 0.191093702105666 0.19313481070926652 0.1956341722800765 0.19746733953115125 0.19980334257803545 0.20185092469454613 0.20339555300847856 0.20582995795269987 0.20638126234083476 0.20975382279989363 0.2111700287695446 0.21252785453521028 0.21483846761313696 0.21263221153354195 0.21627029710702406 0.21998610131162666 0.21796267275598735 0.2207422438144433 0.22386271550055836 0.22237097242024095 0.22346300391000318 0.22673218600405765 0.2269703593050827 0.2248751289350488 0.2271242487918923 0.23044305420209277 0.22839853724125048 0.2248503934676025 0.22751507621837463 0.22981759126616952 0.22679260176910487 0.22177802911531597 0.22428303215897527 0.22787358968129334 0.2265660983145903 0.22114550573200287 0.2195271057589756 0.2235658145670656 0.2261298203254083 0.22338601792752177 0.21735121106695043 0.21575091845714756 0.2211580853804369 0.22382625639848008 0.22241680757018978 0.2178609053742786 0.21178928535093355 0.2147212328109842 0.22070085448409893 0.2227736235362201 0.22004624182780752 0.21496537076795086 0.2089483323279846 0.21038638384698416 0.216892218273673 0.2210617189259616 0.2207431979863732 0.2160066089708388 0.20952711608540264 0.20899930729891958 0.20661416078879435 0.20448963517106833 0.20270484018185808 0.20116981549366564 0.1998165705596282 0.19860315396372208 0.1974983916316293 0.19553945264666117 0.18857543443017155 0.18050923875023672 0.17550102431853132 0.17194094103949764 0.16923279532654556 0.16620526246994638 0.16406187887318868 0.1624474075274458 0.1620207773916027 0.1611858415862728 0.16019729413780226 0.15935770037433983 0.15889735519560144 0.15866710319851496 0.15793836375401815 0.15710840841459905 0.15602794448309476 0.1552273949706513 0.15461649031663027 0.1542439175622632 0.15415080117251811 0.15381446640748964 0.15385445825443167 0.1536602655053878 0.15366384793226295 
# Stellar luminosity-weighted [Mg/H]:
0 -5.218485947384705 -6.649845346355914 -4.734824570425751 -2.835500957284543 -2.2727034806666078 -1.9242702478238556 -1.6774467958186925 -1.477362390710728 -1.2700309462568224 -1.0079129392939006 -0.6767898519748838 -0.335932725292146 -0.09853097285118562 0.006161218827424264 0.036570115540373926 0.042096986083204335 0.04264447602182564 0.044125806230502995 0.046812760379299156 0.04828989436049724 0.047202468875090275 0.044746291121898096 0.04190445049313318 0.038468094356589155 0.029176198975776835 0.032836219689313495 0.03688421508722861 0.036598216245465665 0.03631618617840626 0.035006019112346465 0.03426704056477359 0.03458454183960935 0.035963094916104055 0.0381462570413964 0.04181548326732809 0.05144270186784272 0.06442020203216181 0.07720671694100734 0.09083126218910564 0.1029817515377438 0.11446115798587364 0.12649426814502895 0.13679817016312157 0.1467334678194474 0.1562950593183139 0.1662971005396514 0.1748718738572217 0.1856317076797449 0.19215870061072327 0.19623687381834554 0.20401766018178868 0.2085926661476023 0.20829351579770883 0.20573425191679462 0.19890812039167294 0.19718825344929414 0.19866838810675524 0.18927291260304546 0.18400800843138843 0.1817829960155226 0.17206058957659387 0.17182340249823724 0.17419611016008307 0.1690778093642571 0.17088767230522883 0.15777215456528904 0.14947751982357893 0.14498923730689128 0.13932031775882603 0.1393904709341287 0.14214092564220504 0.13689560257324374 0.12843839206279117 0.1275565712493103 0.12798529423857286 0.1242200319475355 0.11778804388600683 0.11299272662657245 0.11304417523405874 0.11156046594546964 0.1095141983350949 0.09552387443266763 0.09217331533681694 0.08440824684098835 0.09480576385616768 0.10291447220937755 0.08734830877992916 0.07243361142046822 0.0718141757274946 0.07580394935832846 0.07520690317458101 0.07005590671010076 0.062056582378865244 0.07142128041136075 0.055894914532897744 0.04827370107484796 0.047254175501156404 0.04981362813182155 0.046334483313700936 0.04164118687827045 0.05356659181427048 0.06313512963201884 0.06776130509491196 0.07053822473358018 0.07238638068372971 0.0736852730365749 0.07462744000269428 0.07532112858501439 0.07621262536178897 0.07667199461036489 0.07355372348604039 0.07031117785557317 0.06759718824875272 0.06536984616977914 0.06276320365628152 0.06083956687966108 0.05934516633377207 0.058945482545828654 0.058152349181813 0.05721233439261564 0.056401681863643915 0.05595429172125055 0.05572040039123127 0.05501642728646061 0.05421137335227222 0.05312856002287436 0.05237407342602829 0.051756825697450104 0.0513203853221782 0.05127547407142874 0.05089529055509523 0.05093007825115059 0.050664982547231396 0.05068772696040025 
# Stellar luminosity-weighted [Fe/H]:
0 -5.218485947384705 -6.649845346355914 -5.738399369446366 -3.839441083384937 -3.0644308007156438 -2.568380356936486 -2.2042653453176904 -1.1233735954304933 -0.31943127301249596 0.3071491632410339 0.8400626317004187 1.2711752244717274 1.5467067156405183 1.6676262887502644 1.7044530021259234 1.7116453420178868 1.7108388613918768 1.7083879614281443 1.7057804530930918 1.7031919099626598 1.7002507165413179 1.6975149188500862 1.6946216730130628 1.6915549570927868 1.6885694330174736 1.6866631830820582 1.6851776749804088 1.6836929818777748 1.6823015270063237 1.6810734189608012 1.6800222891148073 1.6790083442203425 1.6777031487062026 1.6762236287376595 1.6764289399172303 1.6785205312667868 1.680258666915587 1.681206948644955 1.6839395136891424 1.6856261371153307 1.687597137932244 1.6895437375420816 1.6908894279900228 1.6928425890270309 1.6940892422491358 1.695883433928186 1.6973075056580118 1.698383892436968 1.7004265388692987 1.7002130345128537 1.7030163796718072 1.7041598581754722 1.7053112864148718 1.7076070349745995 1.7064892817457173 1.709072510909503 1.7118058079925333 1.7096763751103636 1.7125368072674663 1.7158783462151117 1.7143447909861362 1.7154322845905976 1.7187069299668254 1.7188127120907462 1.7164231421471037 1.7197124468764846 1.7224909656308767 1.7199470887854154 1.716736714757285 1.7193962464042643 1.7213557202936416 1.7182522740069044 1.713117306011064 1.716096142722105 1.7198849703259387 1.7184955139683962 1.7129546059365066 1.7114470185877226 1.7156567037723414 1.7179967845129398 1.7155147041747139 1.7095969572665757 1.7077249748064638 1.7128589085225632 1.7166524683894946 1.7151460870854192 1.7099702861829753 1.7033648736739821 1.7066595542598146 1.7133903270450852 1.7155657057293205 1.712649389200028 1.707302984592077 1.7010428647712184 1.702642327546 1.7096943449288466 1.7137550590232569 1.7127552410585745 1.7081402965752361 1.7021003737885674 1.70170695340875 1.6995444853786918 1.697581736919168 1.6959228023091226 1.6944916628219135 1.6932275419530418 1.6920924912046642 1.6910579463323816 1.6892211800613635 1.6826719614960775 1.6750461389227325 1.670285557153627 1.6668921087216564 1.6643067526550066 1.6614100022566949 1.659358412851422 1.6578105064904287 1.65740246731586 1.656598614538674 1.6556485710570548 1.654841162116822 1.6543981310529077 1.6541779245246864 1.6534742474004722 1.6526681208003553 1.6516291449316096 1.6508506487139947 1.650255825066429 1.649893194500836 1.6498091234442072 1.649493680105841 1.6495333179936296 1.6493585158275859 1.649363924714161 
# Stellar luminosity-weighted [Ca/H]:
0 -5.218485947384705 -6.649845346355914 -5.007318754978742 -3.1083777407522017 -2.5290373074771306 -2.161269509253258 -1.8898267969256493 -1.19362625278771 -0.46411367579773266 0.14680781725677683 0.6752371355633278 1.1048939582436983 1.3798865744127733 1.4993625709460252 1.5371135663166733 1.5452882858809707 1.544447333351406 1.541698461798184 1.538904380188554 1.5361617450450762 1.5332040122284054 1.5304698121069453 1.5275659538195967 1.524493198967142 1.5214736379346983 1.5199919485786095 1.5182060673398388 1.5164336532088871 1.5150501225180983 1.5139159713900856 1.513076283448755 1.5119643677977717 1.5105069598393408 1.509068080487614 1.5093087945664303 1.5116178009182928 1.5138787211437679 1.5173280081168654 1.5171482227887738 1.5167796000198228 1.5190232210415573 1.5216191706032003 1.5236450380300814 1.5256843766020651 1.526922273913458 1.5289016662437849 1.530210349665218 1.5311922569331866 1.5332860171602682 1.533060688425925 1.5358350719776066 1.537051509649662 1.538227704923127 1.540478471065768 1.5393524997108878 1.541983935415021 1.5446858092625773 1.5425631129257393 1.5455040045281416 1.548748408813604 1.5471858472826314 1.5484649248120634 1.5521359360623714 1.5523577985677015 1.5497281086079253 1.5523578935354756 1.5549389228600141 1.5526737250531806 1.5496079906528433 1.552101736134369 1.5530996425896166 1.550935115257225 1.54667911846561 1.5495901896586997 1.5531166025298653 1.5515586254951907 1.5459199093145264 1.5443849717099223 1.5485936164359995 1.5509560731427179 1.5484519458539818 1.542532451192284 1.5410161984444501 1.5470203958957667 1.5496394011890215 1.5473006172128603 1.5423286022312581 1.535710180490792 1.539430190480532 1.546312922722688 1.5484059696368844 1.5458243585519256 1.5404008328956573 1.5340279379775525 1.5355842512964424 1.5424660895891957 1.546785907795324 1.5457313013100418 1.541129479449566 1.5350494385479028 1.534659063603062 1.5324939824234622 1.5305289569748108 1.5288686112750307 1.527436641127209 1.5261720428750793 1.5250367535979779 1.524002128185507 1.5221654306877026 1.5156181923895566 1.507996247057676 1.5032383477294768 1.4998468826868825 1.4972629896801832 1.4943679772587464 1.4923176948888486 1.490770725336092 1.4903629533526779 1.4895595736658507 1.4886101445035393 1.4878032290283745 1.4873603958813097 1.487140373291341 1.486437063284943 1.4856313923430742 1.4845929790537111 1.483814804234222 1.4832202700957922 1.482857913391542 1.4827739665749817 1.4824588489023949 1.4824985310080354 1.4823240531491733 1.4823294609924815 
# Stellar luminosity-weighted [Ne/H]:
0 -5.218485947384705 -6.649845346355914 -4.742117221745572 -2.842110213814241 -2.260895144306179 -1.9110932667243867 -1.6737990457620118 -1.4972353530340508 -1.349695556321847 -1.2046514556412076 -1.0380997658506272 -0.8764911753625881 -0.7597780161887746 -0.7161636826931188 -0.7078668437539877 -0.7064928081300401 -0.7120232796097312 -0.7134669570992802 -0.7164814340844678 -0.719847436684514 -0.7216960318728338 -0.7236857866287858 -0.7263796979604891 -0.7290943735757986 -0.7317291626111588 -0.7336298578101168 -0.7344885093487603 -0.7367822891575848 -0.7373086452825017 -0.7358145788143506 -0.7337441597625043 -0.7376165228231253 -0.7392753116892017 -0.7348851685569766 -0.7308553682837626 -0.7269059832544906 -0.7185241069233266 -0.709228737245648 -0.6981488696088647 -0.6878048345290217 -0.6751886254913826 -0.6714107916984187 -0.6696773595142727 -0.6595642188414539 -0.6626610899673988 -0.6458884459066327 -0.6340586640917447 -0.6251506056607328 -0.6198291733270764 -0.6173752359386855 -0.6122630996888274 -0.6065125635516324 -0.6033026414299432 -0.6029267065926653 -0.6015422383980527 -0.5882276885318509 -0.5868311038101739 -0.5883344952488905 -0.5860092378648707 -0.5796717309944688 -0.5803500545677087 -0.5766321732258772 -0.5687634041918717 -0.5795473532592608 -0.5744240453943323 -0.5681935917058931 -0.5653174380901733 -0.5669905131929989 -0.5741013659356877 -0.5723467732652336 -0.5742768814201291 -0.5836569123499205 -0.5825431743823559 -0.5889367830465071 -0.5876727734868847 -0.5861592897482346 -0.5935938379208867 -0.6026065471599384 -0.6005912820122186 -0.5913848458635886 -0.6001040642466062 -0.6099634484825271 -0.6171840529911288 -0.6082166670453875 -0.6147081292672008 -0.6108813395006631 -0.6215041357749014 -0.6361116846013894 -0.6351987735026281 -0.6279538764034429 -0.6263893362638306 -0.6308670078659988 -0.6385466405289897 -0.6451112039577147 -0.6500185013726325 -0.642673829767693 -0.6556354461186684 -0.6459217194905813 -0.6365290047631724 -0.642185546971243 -0.6422487486580382 -0.6429423384524302 -0.6436242804986163 -0.6442972982974142 -0.6449718367894093 -0.6456487746282038 -0.6463225042901763 -0.6469916260558426 -0.6483037690511066 -0.6540869473132016 -0.6623015278230033 -0.6678720231787034 -0.6719604461105604 -0.6751207019588907 -0.6786696231907845 -0.6812044549028613 -0.6831172913155044 -0.6836350160141551 -0.6846115468222482 -0.6857810340864825 -0.6867801646534808 -0.6873228510957494 -0.6876069625427448 -0.6884550997260925 -0.6893990524022957 -0.6907018856625653 -0.6916038252446794 -0.6923007214133756 -0.6927389266257791 -0.6928644575550882 -0.6933205346533367 -0.6932786843746772 -0.6935916588416262 -0.6935905990489424 
# Stellar luminosity-weighted [Si/H]:
0 -5.218485947384705 -6.649845346355914 -4.682574527640263 -2.7828944728021066 -2.213870199097074 -1.8552583294036697 -1.5959386818207388 -1.1169111396431708 -0.49192978960579214 0.08989372663859463 0.6092952998734713 1.0360297222119055 1.3100568084485062 1.4305044186235105 1.4671873061586407 1.4743373226441108 1.4735256332376134 1.4710668535259965 1.4684794285839753 1.4658907675493027 1.4629497311814172 1.4602212657568785 1.4573210814766555 1.4542423539889295 1.4512509001038292 1.4493439566657402 1.4478600083274475 1.446401506714543 1.4450169846804886 1.4437608688086372 1.4426851105100735 1.4416743528116855 1.4403928659814351 1.4389109032359824 1.4391270363271844 1.4412228716228612 1.4429820077941473 1.4439060013881453 1.4466371448347486 1.4483034399661867 1.4503181816530986 1.452288520890511 1.4536510286689506 1.4556537830202068 1.4567528011719704 1.4585816273744752 1.4601080747474091 1.4611814773222953 1.4631872035044178 1.4629847528973032 1.4658104182935636 1.4669393434278035 1.4680901721742776 1.4703535316182728 1.469012788257368 1.471779575525527 1.4746438607193042 1.4724825433353104 1.4750795122991618 1.4785785738319892 1.4772754431333186 1.4782104939499727 1.4814034285517788 1.4815321407768662 1.4792724737981886 1.4824183922562097 1.485113748416114 1.482576640091958 1.4792156866886628 1.4820324633345283 1.4841641878672887 1.4810164064104274 1.4758743459324437 1.4787593369797363 1.4825371430086847 1.4811254869541735 1.4756607526527934 1.4741757970295453 1.4783442011924657 1.4806547334049789 1.4781822473014943 1.4722981434148439 1.4708074414536525 1.4755765536364596 1.4791349427391514 1.477718137862754 1.4725859990124328 1.4659816569819921 1.4692916964344076 1.4758161910421945 1.4781138183544233 1.4753703386253374 1.4701021832923438 1.463823529114721 1.4653266330138734 1.4723545462166956 1.4764088433661948 1.4753725181499884 1.4707882802746308 1.4647505457117238 1.4643683717502807 1.4622177690435492 1.4602621418808206 1.4586082257134367 1.4571809585757172 1.4559200059627218 1.4547876426573971 1.4537554337595466 1.451922608497004 1.4453858741059027 1.4377725707110036 1.4330190492853805 1.4296304351541709 1.4270486782502734 1.4241558952499673 1.422107102716435 1.4205612787553128 1.4201538023469156 1.4193510090228894 1.4184022625679322 1.417595856157789 1.417153454351053 1.416933484794412 1.416230792703677 1.4154256299301586 1.4143879310801482 1.4136103635367308 1.4130162436666756 1.4126540723407106 1.4125702556285784 1.4122552740893748 1.4122949390149775 1.412120479491811 1.4121258756936381 
# Stellar luminosity-weighted [S/H]:
0 -5.218485947384704 -6.649845346355913 -4.765220726132402 -2.8653166535205807 -2.2847749202842635 -1.917879093096798 -1.6537182086601776 -1.1492965052452604 -0.508672155870209 0.07795829064040305 0.5988755351846997 1.0260724567156632 1.300201632465547 1.4207181014934491 1.457446011397177 1.4645963576387744 1.4637772291126434 1.4613401221739517 1.4587239695405154 1.456111924164278 1.4531622105871058 1.4504401288389857 1.4475540434682728 1.4444880162514404 1.4415042288315423 1.4395039605021833 1.4380859111248991 1.4366970325466606 1.4352695757460228 1.4340123028776475 1.4329499115500117 1.43193023834952 1.4306395424590144 1.429188202286631 1.4293602089146962 1.431435482088967 1.433166413603785 1.4341091688972263 1.436854102543931 1.4385314135305323 1.4404225132211965 1.4424773234630206 1.4438400274381618 1.445865154619741 1.4471133616018794 1.4488443077809512 1.4502103467689698 1.4513217015989328 1.4533837934752851 1.453143790389401 1.4558924629909713 1.4570785855330373 1.458310866769553 1.4605549933676056 1.4592551019463302 1.4619765726152978 1.464855230254293 1.4622919427496086 1.4654076232618793 1.4689958914354855 1.4668030641452532 1.4682132266514518 1.4719657662090522 1.4722393127736546 1.4697705033574016 1.472647783698763 1.4753289982389477 1.47280146335068 1.4694817948371028 1.472152878636717 1.474311581769527 1.471269413591941 1.4661656326815593 1.4690829928831919 1.4728660795576944 1.4714053150580737 1.4658919144991378 1.4644019035611713 1.4686312071140932 1.4709349239225573 1.4684388868735816 1.4625434044435508 1.4610324604438851 1.465847786190945 1.4694335041212514 1.4677780482525828 1.4628260937234105 1.4563608366432161 1.4596403844723467 1.4663066871174126 1.4687061916518767 1.4657385558024676 1.4601553488598165 1.4538203751974454 1.4556678761398292 1.4627987634889474 1.4666403095496658 1.465473012740249 1.4609426905975025 1.454934546546391 1.454568337257888 1.452434955367969 1.450488018893349 1.4488390058276832 1.4474147360277119 1.4461557057244412 1.4450246118960028 1.4439932564331937 1.4421613786093093 1.4356246580474612 1.42800893804359 1.423253682688156 1.4198638548655431 1.4172812132605914 1.4143874964066754 1.4123380546641595 1.4107917661388 1.4103841537208068 1.409581139620951 1.4086321066349354 1.4078254837444253 1.407382955819914 1.407162931999839 1.4064600414372785 1.405654679991347 1.404616709189591 1.403838952598468 1.4032447010745628 1.4028824798594624 1.4027985864546246 1.402483505698258 1.4025231702365422 1.4023486504995666 1.402354029234715 
# X_list:
0.7502484878082851 0.7500063446940805 0.7500009765616713 0.7499754496768793 0.7499012558725865 0.7497392017889668 0.7493527077456497 0.7483307174561027 0.745686233049408 0.7388540909465862 0.7216449782685774 0.6871475149272275 0.6472164895195881 0.6255366251433911 0.6208651963484402 0.6226573456758834 0.6255257064298079 0.6280943876255789 0.6302020145450925 0.632561527752101 0.6356162469581613 0.6390610932059367 0.6426109804825592 0.6460920698166195 0.6491968076374197 0.6514698650754371 0.6530902342539503 0.654300236938022 0.6553367384862997 0.656283427574052 0.6570755711036653 0.657831678806999 0.6585944803689925 0.6589553448561873 0.6576716084564654 0.6547159377928529 0.6509788463694723 0.6470448378941923 0.6428726965971956 0.6389165705653168 0.6351345353337191 0.6313830754982033 0.6278686766964392 0.6244122133906256 0.6211656303714345 0.6179664524214309 0.6148597722496416 0.6118925499078162 0.6089540890498192 0.6071839498390671 0.6036319546505723 0.6006395863572757 0.5985768711406443 0.5966265800677468 0.5952721250261853 0.5933824134580616 0.5914977642100491 0.5902217267657457 0.5883974162452302 0.586519892598023 0.5852309596234824 0.5837295208871406 0.5820136568899954 0.5805394855077802 0.5795854023468928 0.5783382338705847 0.5773739824592989 0.5780756535645138 0.5791329346751255 0.5794199620982634 0.5797457746207588 0.5807337194043987 0.5824294116057829 0.5822553482128996 0.5820782364822774 0.5829037210945627 0.584197817334776 0.5850960356189925 0.5852109443770821 0.585586187710807 0.5865432192987524 0.5879149879774528 0.5886290931374356 0.5886375220084382 0.5888385657248953 0.5896877520010364 0.5910780158606153 0.5923204620146734 0.5923753556297155 0.5921143969946838 0.5924133507678718 0.5934815164880802 0.5946935609996538 0.5959231340432906 0.5962812248036279 0.5959340666439904 0.595392577542337 0.5960027641255606 0.5978461795390598 0.5993598704765078 0.6001589113488077 0.6002037306476707 0.5999683443410476 0.5998843440013963 0.5999755168661158 0.6001586231012018 0.6004580812682883 0.6008304514382218 0.6011903805540751 0.601524382430586 0.6034302809710345 0.6074989812192195 0.611473870538394 0.615239974203984 0.6184119799474812 0.6217619036014262 0.624244913907205 0.6261725649897363 0.6268202969031013 0.6277703633049304 0.6291024423718135 0.630013684906411 0.6305663033790632 0.6306844878635659 0.6315982098397884 0.6321845466967642 0.6331792372907806 0.633774369409435 0.6343810808090622 0.635116410748112 0.6360094836149046 0.6365995448083694 0.6374482740030571 0.6381116999309766 0.6387049766849462 
# stellar_X_list:
0.7529042722234999 0.7502484878082851 0.7500090169095938 0.7500041649278408 0.7499942356268787 0.7499817174995594 0.749973409035876 0.7499690703796036 0.7499668558718351 0.7499660889951592 0.749965998786365 0.7499660934106015 0.7499661026791493 0.7499660141188031 0.7499658723028308 0.7499657102493883 0.7499655414344965 0.7499653640316589 0.749965180625929 0.7499649944179771 0.7499648182134877 0.7499646611788306 0.7499645233102893 0.7499643996246926 0.7499642865773571 0.7499641798519616 0.749964074244514 0.7499639669572383 0.7499638579984637 0.7499637499463222 0.7499636435188392 0.7499635386844987 0.7499634355346054 0.7499633341512199 0.7499632313240435 0.7499631173300587 0.7499629871851405 0.749962841710017 0.7499626855071257 0.7499625224425184 0.749962347908735 0.7499621814454241 0.7499620015912897 0.7499618299418415 0.7499616471077049 0.7499614729493755 0.749961288578409 0.7499611130206307 0.7499609268310684 0.7499607511849071 0.749960570302735 0.7499603938801731 0.7499602061079541 0.7499600342713708 0.7499598563209445 0.7499596889225946 0.7499595163945877 0.749959355996381 0.7499591823755369 0.7499590254704809 0.749958859601027 0.7499587007034275 0.7499585364095178 0.749958386060852 0.7499582222565973 0.7499580688348001 0.7499579146561328 0.7499577735077338 0.7499576254629937 0.7499574926790294 0.7499573593681473 0.7499572388505065 0.7499571070556862 0.7499569880348895 0.7499568663045587 0.7499567578697139 0.7499566395672476 0.7499565272810015 0.7499564129509639 0.7499563159002429 0.7499562121974158 0.7499561127908002 0.7499560034435702 0.749955907535442 0.7499558130140573 0.7499557280751812 0.7499556322024767 0.7499555408585769 0.7499554419243968 0.7499553607317309 0.749955278740159 0.749955201984397 0.7499551149493423 0.7499550317665029 0.7499549420673842 0.7499548678073955 0.7499547937252812 0.7499547235828692 0.7499546450348051 0.74995457338777 0.7499544930747046 0.7499549270468947 0.7499550685750139 0.7499551682686674 0.7499552483091466 0.7499553158378046 0.7499553745040417 0.7499554264981698 0.7499554742045791 0.7499555655231372 0.7499558820869298 0.7499562319895632 0.7499564310542356 0.7499565589537679 0.749956654561696 0.7499567531421742 0.74995681606889 0.7499568611726118 0.7499568645553675 0.7499568930742829 0.7499569111251043 0.7499569295726332 0.7499569378162778 0.7499569466118186 0.7499569455856702 0.7499569645157708 0.7499569599699708 0.7499569557176108 0.7499569439957615 0.7499569193726066 0.7499568561559928 0.7499568345750964 0.7499567758841675 0.7499567417207139 0.7499567055167105 
# stellar_X_list_luminosity_weighted:
0.7529042722234999 0.7502484878082851 0.7500092004093097 0.7500016868312724 0.7499761696057022 0.7499027829147532 0.7497425202560063 0.7493606480973194 0.7483517692441256 0.7457422241500206 0.7390054422037574 0.7220121100917668 0.6879053080551023 0.6482607257495036 0.6264407654952195 0.6214770993285552 0.6230570427805586 0.6258055863478638 0.6283060789680599 0.6303713117422812 0.6326903481981192 0.6357007561405538 0.6391065633234755 0.6426249854949632 0.646081603315057 0.6491716553165854 0.6514441612742525 0.6530686999475694 0.6542829774310996 0.655321240415528 0.6562681331594954 0.657061500969662 0.6578172647254814 0.6585785331737904 0.6589453036202314 0.6576950580836508 0.6547873152439864 0.6510915123673332 0.647188162441141 0.6430440014538907 0.6391102642211628 0.6353373763189512 0.6316029181671886 0.6280923006697241 0.6246478544055584 0.6214023795457928 0.618212398168925 0.6151071765652666 0.6121461148215135 0.6092087646960892 0.6074218868317572 0.6038976700755538 0.6009111640124047 0.5988323501419867 0.5968784515713078 0.5955081386366204 0.5936246022627834 0.5917389482791836 0.590452623936497 0.5886332304979895 0.5867607115690037 0.5854601849913638 0.5839606168446179 0.5822473105979397 0.5807716022869499 0.5798048876931927 0.5785595123504709 0.5775875695704002 0.5782509370121265 0.5792831829646257 0.579567740825987 0.5798865089419706 0.5808525984291322 0.5825221009510229 0.5823682915105161 0.5821947513930463 0.5829993592395676 0.5842746264624535 0.5851668734335145 0.5852920231922021 0.5856626176554925 0.5866052245283903 0.5879580172192753 0.5886757080309664 0.588695481721015 0.588895972850882 0.5897302955160831 0.591103117346415 0.5923357597314315 0.592408599068061 0.5921592537763618 0.5924519591175003 0.5935009834717331 0.5947019811041496 0.5959210512018411 0.596290917597657 0.595960833015049 0.5954305709455419 0.5960233029494041 0.5978356332655508 0.599337433818886 0.5994007060333698 0.6001223623256428 0.6008718323988952 0.6015578968007743 0.6021829315370336 0.6027574708979482 0.6032889407694925 0.6037845656319426 0.6046863602319648 0.6080478131648461 0.6120311450271877 0.6144598119647254 0.616159244110022 0.6174354729889535 0.6188369541740032 0.619820091505995 0.6205497041854956 0.6207491425347597 0.6211121902191149 0.6215533780141378 0.6219231678507792 0.622120950719166 0.6222248158536978 0.6225366098804407 0.6228698833010727 0.6233425873036829 0.6236588359237499 0.623897863947912 0.6240438162056715 0.6241100185257974 0.6242831829320508 0.6242744694557043 0.6244012010343193 0.6244054702033367 
# Y_list:
0.02113317345039969 0.0005395979843788255 0.00011006492034696292 6.878851534840267e-05 0.00013704035377140098 0.00034536732343580685 0.0008232340291856214 0.0019892638421138828 0.005307677815065232 0.01574834427180978 0.046743247610532945 0.11607423557368679 0.20356434178102276 0.2572438086422944 0.27508076400643333 0.27785853426796286 0.2764469588089364 0.27427128766129744 0.2720203211818311 0.26940367436165813 0.2662953730483414 0.2628777883836503 0.25943369716150066 0.25613735788179604 0.253236598544985 0.25099486300314056 0.24932242658206433 0.24805003301911108 0.2470099210353952 0.24607577864675134 0.24517717172016093 0.24433534667363055 0.24356885425764116 0.2431953059355493 0.2439808090646855 0.24593676579413098 0.24863559621221612 0.2516369321811907 0.2545474662865528 0.2574826752676485 0.26029076880667973 0.26294460949184945 0.26557888150710457 0.2681080071125769 0.2705445527986468 0.272847844941608 0.2751407582458114 0.2773763699505466 0.279491220196965 0.28205283567975237 0.2835952850062026 0.2851472358908631 0.28682939355517084 0.2883733539316304 0.2900928874174271 0.2914374443628961 0.2927288664971197 0.2942585367310604 0.2954548082204504 0.2966123792228306 0.298027789095326 0.29924405776120333 0.3002994966203078 0.30146952557626655 0.3028618979672656 0.3036419277736669 0.3042496872813365 0.3039765678951079 0.30358098373547304 0.30300588973298015 0.30252834625955394 0.30229449810681325 0.3015016451811408 0.30142801261988733 0.3011871136320947 0.3008486805258523 0.30068313260425517 0.30020705285649074 0.29946158052294286 0.298854409959903 0.29850392985536756 0.29835348615985724 0.29807191963832613 0.2973129082772722 0.29665302782498076 0.29632649974797326 0.29619109307240726 0.2961413134015852 0.29552827012129507 0.2947875423704914 0.2943466364443551 0.29397203214863116 0.2938155964826673 0.2937924241028177 0.2933434431213186 0.2926094532615861 0.2926883807183349 0.2924005499214887 0.2913766031762286 0.2910871117251081 0.291525372940816 0.29112968464597305 0.29072838829900527 0.29039634496899813 0.2901459599522421 0.2899884032073049 0.2898785225599744 0.2897975726666006 0.2897156341823383 0.2893779626198502 0.2879306113999156 0.2849595678395518 0.2817208495125872 0.2787167609267561 0.27603096427234797 0.27302740146021026 0.2707652620816864 0.2689378168357613 0.26840701659052074 0.267394870409097 0.2660436946086606 0.2648014885714133 0.2640206463318881 0.2636829493660686 0.2622573272120331 0.2606406752967232 0.25779860857601816 0.2554157359225905 0.25353002752596066 0.251998647999331 0.25071741271182707 0.24966561964716866 0.24867155612415104 0.24796069091162248 0.24726751547956805 
# stellar_Y_list:
0.247 0.02113317345039969 0.0007668622285594752 0.00037282030336861457 0.00034457077464775115 0.00038073719777770445 0.000418488039416349 0.0004421312992650952 0.0004549836355802032 0.00046261078019168563 0.00046804642529621633 0.00047219949448093094 0.0004754958181221786 0.00047816921310754856 0.00048038729151851466 0.0004822721711137486 0.00048390943126478607 0.00048535996546553286 0.00048666806187006164 0.0004878529048089406 0.0004889331374848603 0.000489911466984534 0.0004907954195200295 0.0004916058308957088 0.0004923662722166812 0.000493078034132368 0.0004937408906245458 0.0004943699055172059 0.000494972949952289 0.0004955497592256301 0.0004960996182251923 0.0004966220246736327 0.0004971179407779444 0.000497602870370329 0.0004980834186377734 0.0004985437900068393 0.0004989886276109827 0.0004994518537186897 0.000499905610120296 0.0005003496117218781 0.0005008063597456053 0.0005012221929316113 0.0005016586242759046 0.0005020613067133148 0.0005024805722489765 0.000502871557935825 0.0005032717283087173 0.0005036529217335921 0.0005040343168163472 0.0005044062639193737 0.0005047914148668909 0.0005051356448080805 0.0005055076346328946 0.0005058307938655076 0.0005061851539251788 0.0005065283941734493 0.0005068434913875552 0.0005071582676971699 0.0005075075124131242 0.0005077890205698035 0.000508097034926844 0.0005084115506751829 0.0005087136350070842 0.0005089713654053299 0.0005092843819973899 0.0005095838154642474 0.0005098519572272643 0.000510096189447236 0.0005103906701962477 0.0005106590228173475 0.0005108986092504567 0.00051110963132761 0.0005113822669191493 0.0005116409424638631 0.000511870883625427 0.0005120595750602629 0.0005122892064886453 0.0005125373979825205 0.0005127782595572903 0.0005129618289216497 0.0005131472728514492 0.0005133454494826873 0.0005135922339510195 0.0005138057186464173 0.0005139902131152759 0.0005141456377338488 0.0005143208172049963 0.0005145289671114741 0.0005147659962985229 0.0005149415915066741 0.0005150985994709636 0.000515241043941445 0.000515404639374678 0.0005155914270840952 0.0005158114693162527 0.0005159841028821617 0.0005161334634741083 0.0005162651314910335 0.0005164137317317302 0.0005165546567464726 0.0005167468261539378 0.0005159542453489995 0.0005157074252292353 0.0005155257079149936 0.0005153739970196891 0.0005152436556277415 0.0005151288951898035 0.0005150339052684603 0.0005149762461854741 0.0005148547953276715 0.0005143393542716049 0.0005138234267401163 0.0005135028156311467 0.0005133806263625961 0.0005132695976894383 0.0005131310804116682 0.0005130600592127493 0.0005130222417624289 0.0005130092131141582 0.0005130071683186976 0.0005130141728182958 0.0005129725507009257 0.0005130003563842097 0.0005129843994834508 0.0005130163484116494 0.0005129778687902827 0.0005130164099310377 0.0005130504635326965 0.0005130990638455884 0.0005131722618029776 0.000513281828487695 0.0005133551444951454 0.0005134585655220255 0.0005135537402977702 0.0005136220901477387 
# stellar_Y_list_luminosity_weighted:
0.247 0.02113317345039969 0.0007824683516611483 0.00017008296240722515 9.668400980502287e-05 0.0001527142739916686 0.00035316139408033754 0.0008223915738446454 0.0019720572909298815 0.0052439964613638194 0.01552849116683844 0.04610712864312949 0.11460207336144763 0.20137532980345 0.2552254768816779 0.273616811346759 0.27682359811383184 0.27567492967089435 0.2736608568797726 0.27151933855960775 0.26899050817934717 0.26595783482133495 0.26260377612249025 0.2592103557551135 0.25595369032366483 0.25308083069139103 0.2508545256308911 0.24919111801047672 0.24792531474756754 0.24689163258843302 0.2459646425788552 0.2450738700691137 0.24423917641543708 0.24347877136904034 0.24310430495266977 0.24387034388869325 0.24579678398988006 0.24846677432129488 0.2514453277743729 0.25434199148846764 0.2572614711363393 0.260064741104263 0.26271099316488755 0.26534251718601737 0.2678655961293264 0.27030219942096967 0.2726022844660928 0.27489527462283 0.2771270884957325 0.27924425707406336 0.28179297418216137 0.2833523121199002 0.28490721024255444 0.2865905745202521 0.2881359530378148 0.2898546345667528 0.2912043995241693 0.2925007432763011 0.29402629135452046 0.2952299086772892 0.2963898146448923 0.2978031968665878 0.29902142397840464 0.30008249734091197 0.3012515319996327 0.30264110753275997 0.30343125022476736 0.30404786734039546 0.3037981902309005 0.3034170745856929 0.30285729581578313 0.3023877044525227 0.30215752785872313 0.3013805980524183 0.30130303361582117 0.30106705271633627 0.3007354131241808 0.3005708373993373 0.3001046244466026 0.299370079854541 0.2987688534436879 0.2984177864428211 0.29826607547703504 0.29798784978053267 0.2972424113157389 0.2965870276854478 0.2962592946549095 0.2961209674700396 0.29606962634451056 0.2954678647584597 0.29473673148095153 0.29429490051015833 0.29392163710772445 0.2937620574896227 0.29373603625931977 0.29329481273116587 0.2925716209021798 0.29263901919268637 0.2923559172567946 0.29134883522450955 0.2910537872888698 0.28915964911222564 0.28695727994517717 0.2854355289036928 0.2842313328927526 0.2832149309742393 0.2823245977314997 0.2815277644807023 0.28080261684877034 0.2795166835621167 0.27494743107960984 0.26971478681552435 0.26652901486600833 0.26429212069444924 0.2626057091136869 0.26073853838925565 0.2594250400793819 0.25844332453941976 0.2581805329772476 0.2576813276621783 0.25708406809834067 0.2565807477165408 0.256307353039944 0.25616861589145035 0.25573602254452055 0.25525656205178693 0.25461281139416664 0.2541535797285408 0.25380514156224415 0.25359318390765784 0.25352204540170264 0.2533084161019864 0.25332676583517866 0.25318930623957875 0.25318814618958296 
# Z_list:
8.555940668178012e-08 2.184607224205771e-09 2.4306411457192327e-07 1.9296261712505664e-05 6.886252051772131e-05 0.00017552230330755337 0.00047548895349007345 0.0014232201170352446 0.004035531607530552 0.010620094251365985 0.02650251180018991 0.05735276540004992 0.09121009483834833 0.10874995256886968 0.11675382404981602 0.12028751893541641 0.12202558431379835 0.12287448544640452 0.12355713876833513 0.12390579521108694 0.12409645581489019 0.12416605001907223 0.12413276886288219 0.124007645329637 0.12386047157851787 0.12386420434925147 0.12374951628009645 0.12388099030167968 0.12356217581448896 0.12405018028571861 0.12311365035258255 0.12506334695628163 0.12090367354083388 0.1300281590655322 0.10945648628569689 0.1599602614117403 0.03608994882325117 0.35690928120395715 7.137221869316737e-10 0.8769029101020379 7.527060532857188e-10 2.154607827873366 7.912912899588147e-10 5.516132535872919 8.300009804919422e-10 14.930574067468148 8.68971042732395e-10 42.86512538140449 9.079610942990606e-10 130.51316425214188 9.463632944980417e-10 421.5505688780999 9.84288335501644e-10 1444.9038217708585 1.0222120620438043e-09 5225.337618259056 1.069441776034063e-09 19863.216487782935 1.106522065846439e-09 80048.61926285256 1.1452799633353982e-09 336778.92590791447 1.1919744872445515e-09 1490073.2025451753 1.2212825715577643e-09 6887929.909933507 1.2750818669978933e-09 33264963.127244387 1.302194630034917e-09 167821437.6997487 1.358897331570975e-09 881509386.3832968 1.3798576214682873e-09 4808074916.922535 1.4416872383571797e-09 27426453507.85162 1.464082822506187e-09 160372037525.07028 1.517232914839537e-09 988323691791.165 1.5608760711171872e-09 6211469988065.2295 1.5801256469440365e-09 40757904535552.27 1.6531973724971657e-09 278316412063176.97 1.6748023943247345e-09 1918316292947416.5 1.7066510097972471e-09 1.3978067107946828e+16 1.784286655372142e-09 1.0508587711896168e+17 1.7975847393080842e-09 7.948566076126776e+17 1.8226085332709123e-09 6.32222814502965e+18 1.9096910136280253e-09 5.210375358027471e+19 1.9334802091814177e-09 4.332737505801208e+20 1.926337722111205e-09 2.03179296024849e+21 7.59771390912915e-10 5.206867919752854e+21 4.79558210941058e-10 9.254365129030579e+21 3.5046428119222176e-10 1.261504543882672e+22 2.7608386998617834e-10 1.2868638930206198e+22 1.2768406528313811e-10 4.228746756443259e+21 1.9802261268220934e+21 2.059156709746271e+21 1.7377374107487316e+21 1.5081226763150484e+21 1.3567447247015576e+21 1.2463216992454128e+21 1.2244586066717518e+21 1.1651863886448584e+21 1.09559193389916e+21 1.0448737702909417e+21 1.0174077042157351e+21 1.0063502835539512e+21 9.545547301570481e+20 9.110238104676246e+20 8.441084724318914e+20 8.01893613452441e+20 7.668084605720006e+20 7.368622266195777e+20 7.103875801874865e+20 6.889860108062447e+20 6.689109446261676e+20 6.511880125302689e+20 6.358915677692928e+20 
# stellar_Z_list:
9.572777650013187e-05 8.555940668178012e-08 3.1047053787832994e-09 1.6862396711580306e-07 7.47071368633159e-06 1.600503409625462e-05 2.156407610646688e-05 2.5508018611414758e-05 2.8700435924137804e-05 3.0389357992703173e-05 3.087701431946989e-05 3.088136402778174e-05 3.087882072278042e-05 3.0922094734153586e-05 3.1026620134060284e-05 3.12598590983672e-05 3.1543688764475995e-05 3.1840298707011186e-05 3.2133015792759474e-05 3.242133683270198e-05 3.2698807847724484e-05 3.296557455421061e-05 3.322047839403427e-05 3.3465702685833774e-05 3.370235940069692e-05 3.393111712969824e-05 3.415205993607182e-05 3.4365024327380504e-05 3.457459188017329e-05 3.4774219824037536e-05 3.4974692510836016e-05 3.5157900736585303e-05 3.535906549351783e-05 3.550925822604547e-05 3.575575936327501e-05 3.5778185414410776e-05 3.630742849163486e-05 3.560741798367186e-05 3.7980891915384884e-05 3.619381069210708e-05 4.241246619799621e-05 3.846114401608274e-05 5.3280511900003565e-05 4.412135497010369e-05 8.077292038446811e-05 5.837552583463441e-05 0.00015423695031723919 9.604630267094463e-05 0.0003624882123846192 0.0002015466570471474 0.000987797844231679 0.0005147583895239227 0.0029737972819682363 0.0014994096861725822 0.009648638108222383 0.004777744444869014 0.03340063942494747 0.01634174375126261 0.12227556752203654 0.059291360107334545 0.4708991206144091 0.22669362791243006 1.9208088366582587 0.9179775530441341 8.188471712262228 3.891714602590296 36.679956074086704 17.33649789017683 171.69324027369166 80.76269965973462 839.3507379359362 393.08842677652206 4285.227024375677 1998.5536579956104 22774.58745149121 10582.308311235583 125676.11927625767 58205.6634494619 724708.2903589978 334427.1571590241 4287657.336343148 1974333.2504796546 26686429.797697444 12243161.757591842 169629693.21656427 77685344.64928564 1124120951.4368417 513407897.9639773 7751166992.804818 3530481341.9510093 54017262535.33294 24581797967.04257 396974398219.6532 180105357216.4996 3012540016169.1226 1363954790805.7854 23023950162752.797 10418203221553.129 184630090572808.66 83336772020665.9 1534678666852963.8 691345232738878.6 571105413567112.4 519082976848374.3 487467117037209.6 465392618811468.75 448747729817027.5 435566239439242.56 424760081182374.0 407829587722717.8 363647398133747.75 330690516706727.06 316057885541805.75 307649404340934.0 302073641685433.8 296584362487102.94 292976284098692.06 290475200665523.9 289886085176739.1 288657685629938.0 287326027724536.25 286195583395009.06 285618940065125.56 285306961656798.0 284517489095980.06 283550971074048.44 282583264841580.8 281929864791123.75 281636542807506.6 281789901082748.94 282279080861998.56 282346437663298.4 283203340657258.44 283469955209099.4 284097227050637.9 
# stellar_Z_list_luminosity_weighted:
9.572777650013187e-05 8.555940668178014e-08 3.167888063405458e-09 2.3981892800741065e-07 1.8998164367557908e-05 6.79635286802144e-05 0.00017341812186040848 0.00046953661149614007 0.001404302823256559 0.00398111850518109 0.010474311234385436 0.026161324024192526 0.0566690554708053 0.09030446974799435 0.10798397180707424 0.11615831418636816 0.11982324860046802 0.12165026330369468 0.12256268368408932 0.12328687181644915 0.12367046113464482 0.12388846768453743 0.12398056073528811 0.12396638129496587 0.123857869917376 0.12372425115086831 0.12373639369075443 0.12363231840099953 0.12376763116261502 0.12346268226996858 0.12394420190853284 0.12303537573533534 0.12494350318228285 0.12088686499063671 0.12979932841017572 0.10971707821133307 0.15904585148192532 0.03807871819285509 0.35144263091844846 0.0046109791233812005 0.8601775926814874 0.010172079366857241 2.1125405963391364 0.02426027706779437 5.407317287219362 0.061365006210394334 14.633897091461112 0.1649790033064865 42.00814843626017 0.4713967614601902 127.88948484440229 1.4297759432354193 413.0325898172435 4.602578774528421 1415.5657583671164 15.727582852248684 5118.776114566859 56.730119288637766 19456.52394376658 215.16835594334833 78402.9576668728 865.0879492238854 329831.7599757806 3633.284970676751 1459229.5070421281 16046.449718414466 6744908.884125062 74062.48329309981 32572190.0179924 357172.47001150553 164316409.96414632 1799510.10140523 863049649.3665724 9440955.204328578 4707137130.99704 51439647.70693976 26849201783.453465 293079977.79917437 156989744423.42053 1712563746.3668995 967426612879.8447 10541085055.10313 6079896633245.587 66214025800.780815 39892664094845.15 434070194787.55786 272395825524180.2 2961501292603.1 1877448752124832.5 20407036509880.09 1.3679621312936778e+16 148541759390819.72 1.0283824285963422e+17 1116015274177355.8 7.778340062470286e+17 8439984923800021.0 6.186568686788242e+18 6.707287519997343e+16 5.098385746973939e+19 5.5242092101467885e+17 4.239496703341623e+20 2.2206468975426624e+20 1.131482023767935e+20 7.646743572644472e+19 5.862577157932943e+19 4.812259116093756e+19 4.120393582478682e+19 3.629608835554095e+19 3.263058898478938e+19 2.750797042512318e+19 1.7200256776298551e+19 1.1883922545243146e+19 1.004436245102271e+19 9.091141636167422e+18 8.480177183925928e+18 7.863567170683454e+18 7.449602455754648e+18 7.17175065113911e+18 7.100672637615399e+18 6.971381039854771e+18 6.817284008972311e+18 6.693364863804155e+18 6.624961786514217e+18 6.59423710794035e+18 6.488913021513431e+18 6.383124863427612e+18 6.237757369968851e+18 6.130775492412787e+18 6.059494543074175e+18 6.021050419720309e+18 5.98149480619125e+18 5.94252045712798e+18 5.948452241759792e+18 5.919139159538805e+18 5.925231906124831e+18 
# formed stellar mass list:
1e-15 3696002.324945748 144173676.3766666 141755464.14380586 70214306.6121232 26819804.80944092 8924557.06493324 2727494.504407331 788110.329286438 219965.5962533217 60983.205060196284 17867.70097982678 6338.655478474526 3192.23477322278 2241.507153013448 1873.8350015895119 1672.6902159734527 1529.5879991598517 1414.2018889456408 1316.7426134551426 1231.8007933658755 1157.2329739565332 1090.3008198406758 1031.0821087031852 978.6346067359531 931.8256658973963 888.3770342789599 848.9279781127202 813.4394959872485 780.956672747729 750.8550443241145 722.9646882177248 697.2192844592205 673.5992594176043 652.2765551067494 631.505693654939 610.9905489187539 593.0034179381698 577.2649089372168 560.4421542780103 545.7838062819317 531.415946841289 517.8447372645834 505.5028471510401 493.0642399395612 481.92714153532654 470.67753937939693 460.31453331544725 450.6725702785323 440.5475108036398 432.3428554235324 422.670661811924 414.6487549747717 406.38498453417054 397.28409067169804 391.30823715799494 382.54491184118575 374.02690727434197 369.43713515464793 361.493017036238 353.4752683467853 349.2595808932868 343.2122766907799 335.57765227397357 330.59921789256754 327.5245297980417 320.3590458901249 313.70534736077536 310.26912355897423 307.17374405796346 300.3853653926154 294.3563069165598 291.6491475574096 289.8849807231311 283.79852851573 277.4526883208073 274.0925494912131 273.20858755469055 269.9703712271446 263.63783443381476 258.542874668653 256.26634132055244 255.79628697949215 253.14442606105416 247.12949439336165 241.95538092091044 239.46608579085643 238.83414625835692 239.16660702238437 234.37715016353616 228.0108364957044 224.17922523585398 222.67933889580755 222.52080319393767 222.96046759366314 219.46566840776669 213.54786046628925 209.45796840719336 207.5353239541341 206.88083493202606 207.07493089845713 1e-15 1e-15 1e-15 1e-15 1e-15 1e-15 1e-15 1e-15 1e-15 1e-15 1e-15 1e-15 1e-15 1e-15 1e-15 1e-15 1e-15 1e-15 1e-15 1e-15 1e-15 1e-15 1e-15 1e-15 1e-15 1e-15 1e-15 1e-15 1e-15 1e-15 1e-15 1e-15 1e-15 1e-15 
