# time step list:
1000000 10000000 20000000 30000000 40000000 50000000 60000000 70000000 80000000 90000000 100000000 110000000 120000000 130000000 140000000 150000000 160000000 170000000 180000000 190000000 200000000 210000000 220000000 230000000 240000000 250000000 260000000 270000000 280000000 290000000 300000000 310000000 320000000 330000000 340000000 350000000 360000000 370000000 380000000 390000000 400000000 410000000 420000000 430000000 440000000 450000000 460000000 470000000 480000000 490000000 500000000 510000000 520000000 530000000 540000000 550000000 560000000 570000000 580000000 590000000 600000000 610000000 620000000 630000000 640000000 650000000 660000000 670000000 680000000 690000000 700000000 710000000 720000000 730000000 740000000 750000000 760000000 770000000 780000000 790000000 800000000 810000000 820000000 830000000 840000000 850000000 860000000 870000000 880000000 890000000 900000000 910000000 920000000 930000000 940000000 950000000 960000000 970000000 980000000 990000000 1000000000 1010000000 1020000000 1030000000 1040000000 1050000000 1060000000 1070000000 1080000000 1100000000 1200000000 1400000000 1600000000 1800000000 2000000000 2300000000 2600000000 2900000000 3000000000 3200000000 3500000000 3800000000 4000000000 4100000000 4500000000 5000000000 6000000000 7000000000 8000000000 9000000000 10000000000 11000000000 12000000000 13000000000 14000000000 
# Number of SNIa + SNII (log_10):
0 0 1.4800184258642383e+54 5.997926879283938e+55 1.4273825624720552e+56 2.120107822180357e+56 2.6238598364050633e+56 3.1366272067328706e+56 3.669292332442791e+56 4.162722006014709e+56 4.598122937224327e+56 4.979521362765437e+56 5.316232064524282e+56 5.617053787730245e+56 5.888687297417099e+56 6.136335824967475e+56 6.3639242970056525e+56 6.574484100312873e+56 6.770404790361224e+56 6.953602769709917e+56 7.125638815420627e+56 7.287801638163234e+56 7.441167300871793e+56 7.5866446665059325e+56 7.725008985318602e+56 7.856924358223196e+56 7.982968004889509e+56 8.103642483111653e+56 8.219385146253391e+56 8.330583355638059e+56 8.437584869085784e+56 8.54071403786527e+56 8.640202322523876e+56 8.736309009954833e+56 8.829268792702856e+56 8.919281058884372e+56 9.00652480714322e+56 9.091151349122526e+56 9.17334091268478e+56 9.253221620896157e+56 9.330912200033874e+56 9.406533023211829e+56 9.480185685723215e+56 9.551973235054796e+56 9.621989215823316e+56 9.690319582370253e+56 9.757043404347624e+56 9.822223380706491e+56 9.885951457368472e+56 9.948286897585242e+56 1.0009278268375605e+57 1.0068979304072515e+57 1.0127455683859452e+57 1.0184750474017198e+57 1.0240912016610433e+57 1.0295980961598821e+57 1.0350002040359374e+57 1.0402969396854553e+57 1.0455017460469534e+57 1.05061478187989e+57 1.0556382744022955e+57 1.0605735672450115e+57 1.0654211745676847e+57 1.070187061865348e+57 1.0748753367905324e+57 1.0794869848728517e+57 1.0840250532696367e+57 1.0884922213106828e+57 1.0928900623789884e+57 1.0972204365249233e+57 1.1014861606831064e+57 1.1056890986720113e+57 1.1098289930274752e+57 1.1139104594359668e+57 1.117935073180608e+57 1.1219030223854234e+57 1.1258161604591404e+57 1.1296760858600761e+57 1.1334842417551027e+57 1.1372416994609824e+57 1.140950549488695e+57 1.1446098166611054e+57 1.1482239705596916e+57 1.1517933448932585e+57 1.1553181297516514e+57 1.1587993817060393e+57 1.162238430040213e+57 1.1656371914735402e+57 1.1689947491085138e+57 1.1723120244776539e+57 1.1755919148895841e+57 1.178832506660976e+57 1.1820377789104246e+57 1.1852101193752513e+57 1.1883464630266854e+57 1.1914476864430173e+57 1.194515345439368e+57 1.1975507789825644e+57 1.200553217273391e+57 1.203524126182275e+57 1.2064637782017618e+57 1.2093725296531334e+57 1.2122535601299909e+57 1.2151058344752028e+57 1.2179292271059213e+57 1.2207251849492722e+57 1.2234934092819766e+57 1.2262341794883664e+57 1.2289488536077034e+57 1.234302086485077e+57 1.2596521501740312e+57 1.3044237310649685e+57 1.3430836403361044e+57 1.377102087363676e+57 1.4074790416807454e+57 1.4477015009782662e+57 1.4829237474217418e+57 1.5142527794398707e+57 1.5239786164956501e+57 1.542464317599936e+57 1.5681216808944166e+57 1.591655089478851e+57 1.6063241227861024e+57 1.613383009233354e+57 1.639987424748362e+57 1.6700769267488647e+57 1.7221078986771463e+57 1.7660583142772755e+57 1.8041046814071027e+57 1.837657369868935e+57 1.8676396835269817e+57 1.894775064483172e+57 1.919535207705588e+57 1.9423070878981236e+57 1.9633867675222637e+57 
# Gas [Fe/H]:
-5.218485947384705 -6.812943270487043 -5.403674187107173 -3.4457874583089483 -2.6539069599850134 -2.1587650624798984 -1.802984107273061 -0.5868113725265767 0.22201952109086687 0.8250802659169203 1.2848071542725306 1.5660206215191574 1.6820615080332253 1.714101561533543 1.718341116654841 1.7156923701545232 1.7120814867151903 1.7089422113055313 1.7061272208132814 1.7034208991857622 1.7002733273018618 1.6974918657179119 1.6944762124845898 1.6913163123700934 1.6882959139051827 1.6865989306840747 1.6851975730806563 1.6837140238316826 1.6822965562165102 1.681131782281215 1.680073398960225 1.6790641590168534 1.6776819367739106 1.6761421222494755 1.6767362668296508 1.6793304299034162 1.6810168227703497 1.6817824030471389 1.6849349432435843 1.6863516538360082 1.6883782082490106 1.6903756393013962 1.6915197150563714 1.6935825159485565 1.6947367726353177 1.6965652505210325 1.6979631958640775 1.698889274460595 1.701194060814149 1.7004013108731932 1.7039354594099994 1.7046634693895517 1.7058744870196936 1.708306948863327 1.7065509184192704 1.7097909809773295 1.7126898544030587 1.7094331772780649 1.7132685518494712 1.7169556028234356 1.7141823637811986 1.7157593158582456 1.719723425932533 1.7189767058127519 1.7159298526394147 1.7206452441766809 1.7233169340249446 1.7193906339782319 1.7160510229778816 1.720140317580293 1.7218114059753726 1.7175410206782074 1.7119714855361132 1.716793337061452 1.7207723288670334 1.718151825314214 1.7117658692540463 1.7110259078291494 1.7164904863699664 1.718564952764981 1.71503381932287 1.708202208008934 1.7070970870829947 1.7138849307542983 1.7175449232408369 1.7149154106085582 1.7088033734644648 1.7016624468908046 1.707108787423544 1.7149257721268962 1.716247848484099 1.712101362776909 1.7059455016941394 1.699342968626076 1.702710901551272 1.7112542606717653 1.7149080867084976 1.7126855300928265 1.7070049940509047 1.7005144092411872 1.6939768147242336 1.6973197115828098 1.701966890901585 1.7049289357010826 1.7061033550535543 1.7060396183458177 1.7051664301096179 1.7037364182942025 1.7024060669531051 1.7033365951985227 1.703185372816555 1.701302702471438 1.7008479373679366 1.6998535857381332 1.7000149484177038 1.701833503474906 1.7037784399384792 1.7060270746535964 1.7063171290026928 1.7082500795452167 1.7104603673737642 1.7138516040335934 1.7160022153712622 1.7175609079491752 1.7217303476483083 1.7283408346203437 1.7398716529179827 1.7501653421466048 1.7574622077688558 1.7621707884720634 1.764766320356979 1.7675754768704457 1.7687383961337813 1.7695418147182385 1.7704187325871956 
# Stellar mass-weighted [Fe/H]:
0 -5.218485947384705 -6.659766034097503 -5.562879268114482 -3.9003694630820895 -3.4117146370453773 -3.243559785431369 -3.2139710454932082 -2.8005199956778446 -2.530263819557364 -2.395886663937194 -2.321633996292393 -2.274652772285334 -2.2409313529107706 -2.21443393623297 -2.192415267833624 -2.173489425463586 -2.1568617038145206 -2.1420306915803344 -2.128653175224967 -2.116475154430984 -2.105314568400251 -2.0950171201628676 -2.0854626721810403 -2.0765541530405054 -2.0682227209949557 -2.0604013149562768 -2.0530299742495215 -2.0460635910383127 -2.0394635672697508 -2.033199843651796 -2.0272381500433303 -2.0215457432855217 -2.016110541358845 -2.010697472091202 -2.005912399044739 -2.001002268504685 -1.9966135681065493 -1.9921001777531204 -1.988051730063944 -1.983862639497394 -1.9801049869912415 -1.9761991164537767 -1.9726930996392458 -1.9690408334442608 -1.9657518542010948 -1.9623225039453258 -1.9592284754001934 -1.9560006153818232 -1.953073282524727 -1.9500190064005256 -1.947259526545495 -1.9443652452624 -1.9417512562518198 -1.9389932234168317 -1.93650548469377 -1.9338959972071086 -1.9315147969291138 -1.9290321982155971 -1.9267715178057845 -1.9243729872249489 -1.9222046237380672 -1.919924223552159 -1.9178589637308274 -1.915662864343438 -1.9136769536391354 -1.9115865796945464 -1.9096758387007524 -1.9076440158086259 -1.9058126381867266 -1.9038792254358947 -1.9021096041538401 -1.9002176111102607 -1.8985203167441593 -1.8967234573253036 -1.895080655312701 -1.893321642119309 -1.8917234736731583 -1.890042807873181 -1.8885179200151123 -1.8868864045121203 -1.885384906976661 -1.8837943249641054 -1.8823667025212831 -1.8808384457768055 -1.879441059937725 -1.877946908924657 -1.8765697665792072 -1.8751193777200639 -1.8738162154404758 -1.8724296041815185 -1.871155346290828 -1.8697869877024935 -1.8685216802523295 -1.8671773969900451 -1.8659750327986364 -1.8646988487008 -1.8635296175159537 -1.8622689351825779 -1.8611105529831597 -1.8598599317759223 -1.8664816297819504 -1.8686217994080812 -1.870121774647207 -1.8713382086753887 -1.8723755319010849 -1.8732851071766259 -1.8740950524336881 -1.8748316037858226 -1.876198067607361 -1.88104159420101 -1.8864538078845348 -1.8895839292721082 -1.8915518488897494 -1.8929923791198995 -1.8945110818934792 -1.895448778087239 -1.896106842998492 -1.8962035623251925 -1.896561784361328 -1.8968049440238879 -1.8971104408475972 -1.8971513736016332 -1.8972780360493466 -1.8972390083342354 -1.897511207396768 -1.8973262563070588 -1.8971724078707934 -1.8968771539636986 -1.896336456448636 -1.8953097234770553 -1.8947231861051614 -1.8937788164049953 -1.8929936335562187 -1.8923429291875316 
# Gas [Mg/Fe]:
6.938893903907228e-17 -1.3877787807814457e-17 1.0121032821806188 1.003967325441415 0.7695952984432844 0.6058900370615437 0.4725621305063379 -0.5638706833044699 -1.1575487059699108 -1.4658279570049029 -1.5906678307757023 -1.6388891032072892 -1.6577052416613904 -1.6661266094947595 -1.6692429834505018 -1.6692720945961608 -1.6668815208163643 -1.6622483227879272 -1.6566212578970798 -1.6528161651901008 -1.6515860956094544 -1.6518697497412647 -1.6519873860338363 -1.6524097815469942 -1.6602831432820844 -1.6519341589421985 -1.6462141195610502 -1.6458875540456939 -1.6447322377067382 -1.6456523939107452 -1.645138410283458 -1.6434522324424174 -1.6403954141689108 -1.6365213914613788 -1.6328025805223694 -1.624427229651275 -1.6121242436736576 -1.600150781012828 -1.5894608921509707 -1.5791844375349107 -1.5699349606934414 -1.5598922330541027 -1.5506366790682748 -1.5438424579749797 -1.5348956175646262 -1.526903019392339 -1.5200426902605073 -1.5091488170588645 -1.5072675627243712 -1.5021594706355352 -1.4973242686578887 -1.4942308176402277 -1.4968958718420848 -1.502593328688926 -1.5089412284625685 -1.5125977752260074 -1.5132331587006815 -1.5220002795197536 -1.530344332271543 -1.535420924243562 -1.5441512091839313 -1.5440336012573144 -1.5444767788041518 -1.5507891621187493 -1.5441847166927332 -1.5660473416911305 -1.5759850069395225 -1.5754927382753046 -1.5779364916555647 -1.580309350958926 -1.5789924268367834 -1.5816077259454127 -1.5856434786961455 -1.5891236210546997 -1.592543136325325 -1.5947432387453147 -1.5875645172664226 -1.6060947703383277 -1.6042968282834038 -1.6072799816801353 -1.6098492395559643 -1.611794361889793 -1.6156587780788574 -1.6313540563319928 -1.6203838552700394 -1.6095266580847787 -1.6244065607257385 -1.6330652778269967 -1.6358291059247045 -1.6384268784619853 -1.6406457241451344 -1.6432227939119959 -1.6452934998737812 -1.62569302909492 -1.6502096880615977 -1.6649997447203646 -1.6677584168988304 -1.6628697925106153 -1.6600919206174825 -1.6599430041022385 -1.6639474507532017 -1.6678094400685168 -1.6697400681570216 -1.6701552145375262 -1.6705864040365392 -1.6711775511820508 -1.6713731518031263 -1.6713870008387774 -1.6716125901781258 -1.672230472393895 -1.6752600948796408 -1.6804601162475263 -1.683644349944877 -1.6846176026655804 -1.6880875582844859 -1.6902840325339097 -1.6917036075297929 -1.6928288248573207 -1.6931276125500125 -1.6938807050658973 -1.6942938611463276 -1.694961546912354 -1.6952539783150125 -1.6953821539179468 -1.6959449450808723 -1.6964323570316422 -1.697219185023957 -1.697686784754994 -1.698221219518838 -1.6985146787988141 -1.6988045816621324 -1.6989923435547707 -1.6991577967284055 -1.699322622576649 -1.6994487994584275 
# Stellar mass-weighted [Mg/Fe]:
0 -1.3877787807814457e-17 6.938893903907228e-17 0.9990323230904363 1.0037788914387424 0.8202747359259914 0.717301393500874 0.6672390265451682 0.21946313758799574 -0.07455199145205972 -0.2226988968655348 -0.3041975887377809 -0.35542273299612365 -0.39182693650306955 -0.4201097038390135 -0.4433306292355676 -0.46305700647838643 -0.480189846212564 -0.4953007636460163 -0.5087957133867687 -0.5209929823859003 -0.5321199154511339 -0.5423445826257884 -0.5517765984371157 -0.5605278387512402 -0.5687460246317833 -0.576331900609919 -0.5834340218160232 -0.5901472029187631 -0.5964783844810302 -0.6024864968480885 -0.6081820369138546 -0.6135928382165587 -0.6187263194090276 -0.6238077080447751 -0.6283045344125223 -0.6328575939730723 -0.6368698824134309 -0.6409605125581264 -0.6446125146273645 -0.6483629027727308 -0.6517067496343496 -0.6551513728651995 -0.658231320737107 -0.661425381253316 -0.6642807605228841 -0.6672408913807178 -0.669899644522567 -0.6726383485498195 -0.6751429366282801 -0.6777439538087161 -0.6800896783299196 -0.6825417126744238 -0.6847957978625752 -0.6871770250030986 -0.6893577237748354 -0.6916442533348991 -0.6937046452048575 -0.695898696869208 -0.6979212217440262 -0.7000437964589056 -0.7019870608171633 -0.7040026932348327 -0.705829784849712 -0.707773791057737 -0.7094950945337017 -0.7114261793911196 -0.7131764636997762 -0.714975574940103 -0.7166190314505899 -0.7183675367282678 -0.7199427535336143 -0.7216051525504581 -0.7231276029801377 -0.7247611975619881 -0.7262483265458443 -0.72780184120366 -0.7291864335711958 -0.7307442386387469 -0.7321352332783497 -0.7335978342101873 -0.7349276745587833 -0.7363391279079486 -0.7376448545371489 -0.7390818338697426 -0.7403213059496467 -0.7416071589503236 -0.7428403633334669 -0.7441657242382166 -0.7453793913387731 -0.7466518515498438 -0.7478026040822261 -0.7490206002300565 -0.7501450816151541 -0.751304008129006 -0.7524517559247798 -0.7536601005494705 -0.7547389857954805 -0.7558621463584978 -0.7568863714860743 -0.757992547760031 -0.752227815596873 -0.7504069369483146 -0.7491395922751107 -0.7481007969549189 -0.7472039336649021 -0.7464155496897805 -0.7457123118691221 -0.7450781983746776 -0.7439625248042291 -0.7399158556190585 -0.7354269824459443 -0.7328223962381426 -0.7312205764323022 -0.7300923863760568 -0.7288661581276266 -0.7281131650544734 -0.7276014341085462 -0.7274927819619708 -0.7272614389755536 -0.7270730635979612 -0.7268061124082655 -0.7268161554433652 -0.7267280411225514 -0.7267436492669026 -0.7265279129229265 -0.7266908351929828 -0.7268351941180216 -0.7271057531443031 -0.7275995531757294 -0.7283873899513953 -0.7289428851924097 -0.7296760832529802 -0.7304013755529626 -0.7309128245197489 
# Gas [O/Fe]:
0.0 -2.220446049250313e-16 1.2248154698602676 1.2156157700756687 0.9442340883476597 0.7413696315419669 0.5793838564620764 -0.47028619804037364 -1.0544379513613242 -1.3390490330631388 -1.451523104739433 -1.4921939009606744 -1.5043510527167254 -1.5072535934107298 -1.5074951019595395 -1.507054497829585 -1.5061630906098291 -1.5048831935401976 -1.503767196714946 -1.5032122295207866 -1.503041267735038 -1.5031572247873581 -1.5034554445713448 -1.5037611235762083 -1.50396829980379 -1.5040454731191224 -1.5039834334468707 -1.5038237375276866 -1.5039837956584123 -1.5036464918444428 -1.5034025115136314 -1.503269202737029 -1.5031094214590794 -1.503031699468305 -1.5024421186143062 -1.5019470707440723 -1.501084434496836 -1.5004588584861733 -1.4995830689288019 -1.499286493778478 -1.4981605951194905 -1.4975438408822328 -1.4967098309411053 -1.4962849010972628 -1.4956546098091803 -1.4952010949480392 -1.4944511854005755 -1.4940873216288877 -1.4936804881986445 -1.492857928441539 -1.4923486670041926 -1.4920941526424731 -1.491933358000304 -1.4919989962206772 -1.493313994544705 -1.491748292433543 -1.4908198910183392 -1.4909150192990168 -1.4909199015810937 -1.4914060500293045 -1.4911485960963613 -1.4912178219123742 -1.49116956131266 -1.491011158523457 -1.4907288592879984 -1.4920792415682942 -1.4911124451870614 -1.4906655069291515 -1.4911670754050954 -1.4911068352768901 -1.4906801862183627 -1.4906720744360586 -1.490492305220643 -1.4912087107887566 -1.4912586899732074 -1.4911417121825545 -1.4909998649896106 -1.4911858396455804 -1.491323980297616 -1.4911005809528985 -1.4913703638466296 -1.4915448228715684 -1.4911676267545282 -1.4908075618764853 -1.4922751366793379 -1.4919713439082372 -1.4912346736505226 -1.4905848652144984 -1.4913197831311795 -1.49212354749051 -1.4919957736155105 -1.4918284235941612 -1.491460640916802 -1.4912571480966414 -1.4915601957432876 -1.4921608823238008 -1.4918786377949784 -1.4911257787126428 -1.4913492145206635 -1.4919579572533366 -1.4918858214999118 -1.492025079032497 -1.4937226511943398 -1.4935272497980585 -1.4932729554868356 -1.49343503085364 -1.4931219334380534 -1.4928019657130578 -1.4926185018024396 -1.492640179210243 -1.4928354955193244 -1.4930182999939907 -1.4935380115096155 -1.4940124891817756 -1.494538438775421 -1.4953879018768754 -1.4962310083457564 -1.4969956543578582 -1.4972518039436258 -1.4978283792191611 -1.4984194520223408 -1.4989911679751442 -1.4993421591645317 -1.499518595319522 -1.5001496934725262 -1.5008481730785506 -1.5020014440409777 -1.5029095353355264 -1.5036029186040683 -1.5041129136632279 -1.5045282505153195 -1.5048737642323147 -1.5051706029189877 -1.505404847882121 -1.5056121518314298 
# Stellar mass-weighted [O/Fe]:
0 0.0 0.0 1.211190586283879 1.2154272550133105 1.0050105794497264 0.8823327066068023 0.8252479605129062 0.3779469970931215 0.08618404392102841 -0.06021915335826433 -0.14089161948532714 -0.19164044214137632 -0.22770269985888703 -0.2557200346298786 -0.27874887220752387 -0.29834593231541384 -0.31540237125623394 -0.33048523910885175 -0.34399100455085396 -0.35620870902850676 -0.3673462912146209 -0.37757267898889535 -0.38700897951793845 -0.3957634990839426 -0.40392200665039857 -0.411556696599498 -0.4187176356708383 -0.4254604904475612 -0.43182654852282176 -0.43785212595500167 -0.4435702129942384 -0.4490124373141936 -0.45418948196478803 -0.4593274037535765 -0.4638815387196825 -0.468527543153917 -0.4726681234809398 -0.47691271671896485 -0.48072455860043783 -0.4846519018234068 -0.48817097681087784 -0.4918118611900788 -0.49508660562766016 -0.4984782906256383 -0.5015382914040263 -0.504715219770254 -0.5075801235042753 -0.5105629432195716 -0.5132619940418391 -0.5160734649647237 -0.5186212864027434 -0.5212750132687723 -0.5236846737107888 -0.5262000519478169 -0.5284878459945337 -0.5308809672628937 -0.5330459740163532 -0.5353102970960101 -0.5373829989502602 -0.5395637385786415 -0.541533255840494 -0.5436110540047899 -0.5454947268627551 -0.5474738474749447 -0.5492719852084794 -0.5511850739827768 -0.5529165504094584 -0.5547334053418138 -0.556391552811883 -0.5581555508884896 -0.559752592872683 -0.5614318027278941 -0.5629607990489534 -0.5646039244172244 -0.5660924503834435 -0.5676513310333599 -0.5690703801629408 -0.570593912866604 -0.5719868692542974 -0.5734445148685408 -0.574768614904463 -0.5761775484616214 -0.5774721350512658 -0.5788617497180784 -0.5801154833243971 -0.5814318346476804 -0.582634018296393 -0.5839278033275852 -0.5851217927175191 -0.586375807534234 -0.587506106280031 -0.588703549340403 -0.5898073600934799 -0.5910001720903947 -0.5920957210384488 -0.5932499587704751 -0.5942900577462057 -0.5953926838639494 -0.5964018533416854 -0.5974920003269799 -0.5917282581783564 -0.5898997346825932 -0.5886224473268545 -0.5875728106878706 -0.5866660292460497 -0.5858683296135462 -0.5851564374306191 -0.5845141781591505 -0.5833841204450322 -0.5792689618295905 -0.5746924067664992 -0.572030015970197 -0.5703934350346684 -0.5692375141187029 -0.5679785723711585 -0.5672057347734272 -0.5666793760768406 -0.5665705999177257 -0.5663287798864749 -0.5661371838187521 -0.5658624040418972 -0.5658704606812487 -0.5657766930576904 -0.5657962929005211 -0.5655714279254224 -0.5657354214483773 -0.5658804599719045 -0.5661529160673818 -0.5666501958642827 -0.5674613675867153 -0.5680177551259427 -0.5687714434877623 -0.5695002038912559 -0.5700249608495992 
# Stellar mass-weighted [N/O]:
0 0.0 -1.1102230246251565e-16 -1.8237630651859509 -1.8848649972504719 -1.6902918160033855 -1.3369955390798318 -1.0227581825728569 -0.7998267118549984 -0.6560118827802843 -0.5641294390867826 -0.5048411683048983 -0.4666505604400759 -0.43985191851102123 -0.4180177034319488 -0.3983072168568822 -0.37896447333790495 -0.3585635279100414 -0.33748595713581864 -0.3169019473707375 -0.2992468739762226 -0.28533398474317884 -0.2744849565484788 -0.265681630697282 -0.2582699097502461 -0.2524890663591557 -0.2491141198678366 -0.2479903357497022 -0.2485674162704341 -0.250378498414517 -0.25313571699271953 -0.25664154261167216 -0.2607774371033793 -0.26544906450085093 -0.27030463775794966 -0.2746447157236025 -0.2781414363273389 -0.28095961979398165 -0.2833262049155816 -0.28538245628231884 -0.28722353406691603 -0.28886342639734597 -0.2903814446358324 -0.2917866682124821 -0.29306153294368853 -0.2942221174790003 -0.2953360289838476 -0.29637470557926004 -0.297364862947878 -0.2982735805310386 -0.2991565018117961 -0.2999687982847432 -0.3007613006342349 -0.30148901980213116 -0.3021992511108216 -0.30285045854439363 -0.30349728246348784 -0.3040960437940825 -0.3046830537088998 -0.3052265977684787 -0.30576703712477893 -0.30627478865176316 -0.30676822725426955 -0.30722704898577136 -0.30768339544253087 -0.30811922377119205 -0.308543778650479 -0.30895291924918533 -0.3093591164891001 -0.309739886509242 -0.3101010400838038 -0.31045611681715557 -0.31079153078355204 -0.3111398098143967 -0.3114862451331908 -0.3118114507338905 -0.31213839174498514 -0.31243104584848713 -0.31272213284213546 -0.31299474856192133 -0.3132959339115524 -0.31357141147484646 -0.3138941015640977 -0.3141132825775572 -0.31433614349556493 -0.3145747299272137 -0.31483656967019313 -0.31507939078663516 -0.3153246713110669 -0.31552843407059683 -0.31574657725907995 -0.31597035832942555 -0.316190107053151 -0.3164076000017524 -0.31662185478841276 -0.3168029760747302 -0.3169997945516607 -0.31719640293893914 -0.3174061155431094 -0.3176025221494603 -0.31778107001146827 -0.31711421114277005 -0.3169238686112137 -0.3168121009204208 -0.31674425140910367 -0.31669682030519897 -0.3166547003555147 -0.31661156206450847 -0.3165671514373525 -0.3164804723700616 -0.31631584621533637 -0.31615151592061563 -0.31608157982536733 -0.3158966602193949 -0.31574386900827367 -0.3155971998044864 -0.31537146810750327 -0.31514560679723913 -0.31504765720511196 -0.3149131123492379 -0.3146393156142071 -0.31453483370578916 -0.3142874026740534 -0.31428756570327865 -0.31390005463708426 -0.3137681623683801 -0.3130642497684364 -0.3125500024872667 -0.3119520884114779 -0.3111907827908309 -0.31024027820846567 -0.3093719744148953 -0.30855416886663933 -0.30754127593825253 -0.3069525622714069 
# Stellar mass-weighted [C/O]:
0 -1.1102230246251565e-16 -1.1102230246251565e-16 -1.2745688897012397 -1.2825110952809324 -1.0880625985906727 -0.9681817451803203 -0.9229453680336888 -0.8831133542888976 -0.8399122681059561 -0.8073780928887495 -0.784235825330942 -0.7665415768237889 -0.7521255700586738 -0.7397045731361217 -0.7285821470624577 -0.7183225064288654 -0.7085624739846336 -0.6992258842073606 -0.6903229220726335 -0.6817714169023813 -0.6734974210885618 -0.6655387498061127 -0.6578959326429894 -0.6505482032371515 -0.6428761520508286 -0.6339888862280436 -0.6238975415334453 -0.613008917522758 -0.6017825453384112 -0.5904925385448188 -0.5792722943911356 -0.5681274225890303 -0.5572682508431287 -0.5461597887709289 -0.5352045192415623 -0.5234709220004522 -0.5119222947459863 -0.4997969713703526 -0.4881758119974875 -0.47646215728073893 -0.4654797304423448 -0.45413215012127905 -0.4434167047127734 -0.43251540904615227 -0.42226159017178977 -0.4118744748384988 -0.40217855027888305 -0.39208568491928275 -0.38297857270629765 -0.3734360849417353 -0.3648230517464587 -0.3560353214807013 -0.34812749686395805 -0.3402977138174639 -0.332952450724768 -0.32574541205874163 -0.31924272826660927 -0.3122391413764338 -0.30613059782870133 -0.29992349828640297 -0.29393240931553355 -0.2878980562008534 -0.2825893401964684 -0.27689986232498354 -0.27148527890609275 -0.26630226872394247 -0.26164937683534684 -0.25685618651495745 -0.2525494398695002 -0.2484351610412291 -0.24472240576059545 -0.24067749413887174 -0.23691517910357668 -0.2333591511392717 -0.23027934491974683 -0.22688512764151875 -0.22361940736928904 -0.22034730665528246 -0.21767369110848445 -0.21487196019730892 -0.21219430565258773 -0.20921216775436907 -0.20662406598832822 -0.20418498005518976 -0.20201623520211814 -0.19960746462656637 -0.19729192059069628 -0.19472707085345325 -0.1927134002297723 -0.19075550494078997 -0.18894263253597454 -0.18687586671072282 -0.18488480458538914 -0.18269811196247482 -0.1809342068324914 -0.17926523623070156 -0.17776504254021513 -0.1760474557900626 -0.17439845881789556 -0.17258931446677922 -0.1824705785813096 -0.185667425970299 -0.18791066929236666 -0.18974973825500352 -0.19133718871272593 -0.19274083681401943 -0.19400189407944102 -0.1951483685618408 -0.1971773837110134 -0.20450051340755843 -0.2127054273414279 -0.2174850205688692 -0.22056375451289706 -0.22276723166966955 -0.22515616392234883 -0.22676137396892826 -0.2279238245485229 -0.22820184860193188 -0.2287835146066693 -0.22939194910002864 -0.22998501371643626 -0.23022017668143901 -0.23039965146834857 -0.23073592722105346 -0.2312781388298346 -0.23169844765760939 -0.23195924474563034 -0.23207833880897738 -0.23196494788590666 -0.2314514773811911 -0.23136468621657058 -0.23081935059251063 -0.2305711938600103 -0.23021776631369356 
# Stellar mass-weighted [O/H]:
0 -5.218485947384705 -6.659766034097503 -4.351688681830605 -2.6849422080687786 -2.4067040575956513 -2.361227078824566 -2.3887230849803007 -2.422572998584724 -2.444079775636336 -2.456105817295459 -2.46252561577772 -2.4662932144267105 -2.4686340527696586 -2.4701539708628486 -2.4711641400411484 -2.4718353577789998 -2.472264075070754 -2.4725159306891866 -2.4726441797758207 -2.4726838634594905 -2.472660859614872 -2.4725897991517627 -2.472471651698979 -2.472317652124448 -2.472144727645354 -2.471958011555775 -2.47174760992036 -2.4715240814858737 -2.4712901157925726 -2.4710519696067976 -2.470808363037569 -2.470558180599716 -2.4703000233236336 -2.4700248758447794 -2.469793937764421 -2.469529811658602 -2.469281691587489 -2.469012894472085 -2.4687762886643814 -2.4685145413208005 -2.46827596380212 -2.4680109776438552 -2.4677797052669055 -2.4675191240698995 -2.467290145605121 -2.4670377237155803 -2.4668085989044695 -2.466563558601395 -2.466335276566566 -2.466092471365249 -2.465880812948239 -2.465640258531172 -2.4654359299626085 -2.4651932753646486 -2.464993330688304 -2.464776964470002 -2.464560770945466 -2.464342495311607 -2.464154516756045 -2.463936725803591 -2.463737879578561 -2.4635352775569492 -2.463353690593582 -2.4631367118183825 -2.4629489388476147 -2.462771653677323 -2.4625923891102106 -2.462377421150439 -2.4622041909986097 -2.4620347763243844 -2.461862197026523 -2.4616494138381544 -2.461481115793112 -2.461327381742528 -2.461173105696145 -2.4609729731526686 -2.4607938538360994 -2.4606367207397852 -2.460504789269409 -2.4603309193806613 -2.460153521881124 -2.4599718734257268 -2.4598388375725486 -2.459700195494883 -2.4595565432621216 -2.459378743572338 -2.4592037848756005 -2.4590471810476497 -2.458938008157995 -2.458805411715753 -2.4586614525708583 -2.4584905370428958 -2.4583290403458093 -2.4581775690804397 -2.4580707538370863 -2.4579488074712748 -2.4578196752621597 -2.457661619046527 -2.457512406324846 -2.4573519321029025 -2.4582098879603063 -2.458521534090674 -2.4587442219740616 -2.45891101936326 -2.459041561147134 -2.4591534367901726 -2.4592514898643074 -2.4593457819449727 -2.4595821880523925 -2.4603105560306 -2.461146214651034 -2.4616139452423056 -2.461945283924419 -2.462229893238602 -2.462489654264637 -2.4626545128606656 -2.4627862190753325 -2.4627741622429182 -2.462890564247803 -2.4629421278426404 -2.462972844889494 -2.4630218342828822 -2.4630547291070366 -2.463035301234757 -2.4630826353221904 -2.4630616777554355 -2.4630528678426984 -2.463030070031081 -2.4629866523129182 -2.462771091063771 -2.462740941231104 -2.462550259892758 -2.4624938374474734 -2.4623678900371297 
# Gas [Mg/H]:
-5.218485947384705 -6.812943270487043 -4.391570904926555 -2.441820132867533 -1.8843116615417301 -1.5528750254183548 -1.330421976766723 -1.150682055831047 -0.9355291848790444 -0.6407476910879826 -0.3058606765031717 -0.07286848168813176 0.024356266371834856 0.04797495203878377 0.04909813320433987 0.046420275558362256 0.04519996589882602 0.04669388851760381 0.049505962916201796 0.050604733995661455 0.04868723169240763 0.04562211597664767 0.04248882645075369 0.03890653082309914 0.02801277062309815 0.03466477174187599 0.03898345351960586 0.037826469785987804 0.03756431850977204 0.03547938837047049 0.03493498867676692 0.035611926574436126 0.037286522605000094 0.039620730788096914 0.04393368630728123 0.05490320025214146 0.06889257909669233 0.08163162203431096 0.09547405109261398 0.1071672163010966 0.1184432475555699 0.1304834062472935 0.1408830359880966 0.1497400579735766 0.15984115507069152 0.16966223112869372 0.17792050560356998 0.1897404574017303 0.1939264980897777 0.19824184023765756 0.20661119075211065 0.2104326517493238 0.20897861517760852 0.20571362017440098 0.19760968995670147 0.19719320575132215 0.19945669570237712 0.18743289775831062 0.18292421957792815 0.18153467857987327 0.17003115459726637 0.17172571460093078 0.17524664712838156 0.16818754369400235 0.17174513594668195 0.15459790248555016 0.1473319270854221 0.14389789570292688 0.13811453132231666 0.13983096662136685 0.14281897913858987 0.13593329473279514 0.1263280068399677 0.1276697160067517 0.12822919254170806 0.12340858656889964 0.12420135198762416 0.10493113749082195 0.11219365808656256 0.11128497108484581 0.10518457976690598 0.0964078461191411 0.09143830900413707 0.08253087442230544 0.09716106797079771 0.10538875252377977 0.08439681273872601 0.06859716906380786 0.07127968149884012 0.0764988936649118 0.07560212433896485 0.06887856886491317 0.06065200182035824 0.07364993953115562 0.05250121348967518 0.046254515951400954 0.047149669809667394 0.04981573758221103 0.04691307343342288 0.04057140513894808 0.030029363971030953 0.029510271514292974 0.03222682274456368 0.034773721163555926 0.0355169510170148 0.0348620671637665 0.033793278306491814 0.032349417455424856 0.030793476774979567 0.031106122804627212 0.027925277936914128 0.02084258622391122 0.01720358742305983 0.015235983072552806 0.011927390133218196 0.01154947094099601 0.01207483240868612 0.013198249796275263 0.013189516452680294 0.014369374479318964 0.016166506227436983 0.018890057121239145 0.020748237056249508 0.022178754031227932 0.025785402567435334 0.03190847758870152 0.042652467894025214 0.05247855739161089 0.05924098825001778 0.06365610967324908 0.06596173869484723 0.06858313331567523 0.0695805994053762 0.07021919214158867 0.07096993312876787 
# Gas [C/H]:
-5.218485947384705 -6.812943270487043 -5.469375849891836 -3.512938218422515 -2.7403995474269456 -2.2477803639782294 -1.9219259683936496 -1.5248744414380937 -1.002689269251662 -0.4827339366635286 -0.04621015509752757 0.23314608017400484 0.35415716958471366 0.3936595735244648 0.40665091248271024 0.4141616769713887 0.4231750911197354 0.4338854362039477 0.4448240304127351 0.45606348994844614 0.4673031618392973 0.47823326913465847 0.48815224459481543 0.4972350970112016 0.5136916083906709 0.5470176742506601 0.5893115361720378 0.6320808993657381 0.6707405595429852 0.7049054003205657 0.7350864650012476 0.7626584663655147 0.7858688741934685 0.8091436261428226 0.8379044242795888 0.8705655168351742 0.9026031364155993 0.932531625051813 0.9623361084308284 0.9856445887554424 1.0078536951119998 1.0299499853937464 1.0502782250145422 1.069374792806455 1.0871808360424335 1.1034206255760934 1.1188248361882374 1.1348319868060521 1.1474228688219998 1.1596954238525008 1.1721369555461338 1.1817778918935335 1.1890533225185789 1.1949589468379833 1.199678964982831 1.204863482685591 1.2098197275418636 1.2138436358065503 1.2184852891557019 1.2231411771965384 1.2268965278713897 1.2312481528541022 1.2352932854255454 1.2387838849596222 1.2420499911374372 1.2449447216889995 1.246730388275307 1.2423485331963486 1.2380273491556477 1.2353011625175707 1.2330852501998573 1.229208680552007 1.2251474856758233 1.2230312280795608 1.2204319302735058 1.2168028554500707 1.2130019731713917 1.2098076808690572 1.2071722727159315 1.2038828346878447 1.199936947699202 1.1957625511193193 1.1924693400941146 1.1899069336244703 1.1874445653719894 1.1832836628900827 1.1788627836140777 1.1747608017697568 1.1724148757058548 1.1705922501024277 1.1675078711499336 1.1635970005032608 1.1597713250575565 1.155630161206198 1.1529916277457408 1.1513206677742156 1.1489830775308087 1.1455806277517193 1.1414490611589327 1.1363948237680384 1.1269510254421546 1.1300384714666034 1.1322781988603219 1.1324422244523253 1.1312795199105774 1.1299937320833302 1.1285545565781692 1.1271069713415507 1.1257132425869876 1.1235989881887343 1.1127299168349678 1.0914161824323854 1.0708988538619488 1.0509249352626169 1.0331558581466571 1.0110819023685478 0.9921352269391366 0.9754553395926511 0.9699173834745829 0.9602413802702703 0.9469478961801974 0.9362241272824239 0.929866297121436 0.9273281599563181 0.9164751776676976 0.9061624342905761 0.8890012520901847 0.875917104013503 0.8648121669786888 0.8546277409211318 0.8448633876018938 0.8370860979756016 0.8290989135517108 0.8219961902230271 0.8158376781680965 
# Gas [O/H]:
-5.218485947384705 -6.812943270487043 -4.178858717246906 -2.2301716882332796 -1.7096728716373546 -1.4173954309379315 -1.2236002508109847 -1.0570975705669508 -0.8324184302704571 -0.5139687671462183 -0.16671595046690157 0.0738267205584826 0.17771045531649943 0.20684796812281325 0.21084601469530195 0.20863787232493802 0.205918396105361 0.2040590177653332 0.20236002409833542 0.20020866966497586 0.19723205956682355 0.19433464093055397 0.19102076791324496 0.1875551887938851 0.18432761410139253 0.18255345756495212 0.18121413963378563 0.1798902863039955 0.17831276055809786 0.1774852904367723 0.17667088744659365 0.17579495627982444 0.1745725153148312 0.17311042278116995 0.1742941482153446 0.17738335915934433 0.1799323882735142 0.18132354456096555 0.18535187431478217 0.18706516005752993 0.19021761312952012 0.1928317984191632 0.19480988411526612 0.1972976148512937 0.19908216282613722 0.20136415557299348 0.20351201046350154 0.20480195283170755 0.20751357261550485 0.20754338243165416 0.21158679240580724 0.21256931674707857 0.21394112901938955 0.21630795264264968 0.2132369238745655 0.2180426885437865 0.22186996338471943 0.21851815797904806 0.22234865026837802 0.22554955279413091 0.22303376768483751 0.2245414939458712 0.22855386461987282 0.22796554728929497 0.2252009933514163 0.22856600260838666 0.23220448883788336 0.22872512704908043 0.22488394757278618 0.22903348230340326 0.2311312197570099 0.2268689462421487 0.2214791803154701 0.2255846262726955 0.2295136388938257 0.22701011313165953 0.22076600426443616 0.21984006818356905 0.22516650607235045 0.2274643718120828 0.22366345547624045 0.21665738513736565 0.2159294603284665 0.2230773688778127 0.22526978656149899 0.22294406670032085 0.2175686998139419 0.21107758167630575 0.2157890042923647 0.22280222463638655 0.22425207486858856 0.22027293918274804 0.21448486077733708 0.20808582052943425 0.2111507058079849 0.2190933783479645 0.22302944891351917 0.22155975138018347 0.21565577953024073 0.20855645198785044 0.20209099322432156 0.20529463255031333 0.20824423970724526 0.2114016859030241 0.21283039956671823 0.2126045874921778 0.212044496671564 0.21093445258114496 0.20978756515066532 0.21069641598827937 0.21034987729723076 0.20828440247744728 0.20730992585832064 0.20584109655635752 0.20547650964228303 0.2064456015980305 0.20754743159272282 0.20903142029573774 0.20906532505906705 0.21042170032605556 0.21204091535142355 0.21486043605844873 0.21666005620673 0.2180423126296529 0.22158065417578232 0.2274926615417936 0.23787020887700505 0.2472558068110784 0.25385928916478795 0.2580578748088356 0.26023806984165976 0.262701712638131 0.2635677932147935 0.26413696683611754 0.2648065807557658 
# Gas [N/O]:
0.0 0.0 -1.8856627406322075 -1.886289705421698 -1.6331988230358445 -1.0948792736700006 -0.5285899340975884 -0.016566515739786847 0.3737669344934608 0.61478331037221 0.7206093659840489 0.755030735943234 0.7595296282536719 0.7601190630729241 0.7654971800697452 0.7803315006307326 0.8080482802192572 0.8418633568079108 0.8737178771784329 0.8901828808265565 0.8899614430005879 0.8794596166449906 0.8652921371930752 0.8501927113582601 0.8288782638421079 0.7911054510423589 0.7373359571170792 0.6710076778727585 0.5938990495101137 0.5033216910267488 0.3952246216906605 0.2591832283447093 0.07236077374682093 -0.20118099523998256 -0.5451639048153978 -0.8800376327823425 -1.114234174854678 -1.1961230691316564 -1.2680671788331455 -1.2737031711905282 -1.2736597306768802 -1.2771354460954782 -1.3496389019459931 -1.2827405544431998 -1.2579016169309987 -1.2584016120631376 -1.2919508808353521 -1.296929263424928 -1.2943921526291686 -1.2958015654839912 -1.3029833873802623 -1.2996202815384148 -1.2889629985821172 -1.2742821603989074 -1.2614255082844341 -1.261685642605722 -1.247238155660395 -1.2254257935509965 -1.2195853289550391 -1.2185809352793044 -1.2082437211636532 -1.1916620229252737 -1.1862747415017125 -1.1612456165722214 -1.167749549301536 -1.1762380619311 -1.187184207279822 -1.162668021665977 -1.1710596586279474 -1.1464486201783726 -1.14961747918024 -1.0895369556928423 -1.1422119139250424 -1.1952378745111614 -1.2044403168635616 -1.1792570661502695 -1.1369034494416208 -1.1378588093331865 -1.1428180468100861 -1.1685794458390912 -1.149699006066892 -1.2829284274724753 -1.1455825066905723 -1.0875852231535126 -1.0996691918225814 -1.1163648821372028 -1.125582334140376 -1.1517427020564588 -1.1432304599130902 -1.1328925573425765 -1.1330893398858937 -1.101371606377061 -1.1337218730797582 -1.1523857779959301 -1.1488981723467848 -1.1484459098856403 -1.1428316302402295 -1.135195782986993 -1.1523546913176674 -1.1209511878504392 -1.1392435075351592 -1.1330386535063028 -1.1268731278144306 -1.1246213702054566 -1.1265789950436054 -1.0973677473643422 -1.1312485592662291 -1.1322252700491162 -1.1354026963732127 -1.1323176805355355 -1.1420070817572046 -1.149881642315595 -1.1563765599704898 -1.1602325842997443 -1.1646179837365955 -1.1722459357346091 -1.1805667186177522 -1.1893190775378715 -1.1913390574580864 -1.1962871147336225 -1.2044106894146553 -1.2122257605515148 -1.2169951805018235 -1.2197877665631953 -1.2288776437251059 -1.2405174148660945 -1.2610830252193757 -1.2787267095549266 -1.2928702100511744 -1.3037598420780596 -1.3126922373399106 -1.3195977110434653 -1.3255959535709776 -1.3309675039108244 -1.3346845625591328 
# Gas [N/H]:
-5.218485947384705 -6.812943270487043 -6.064521457879113 -4.116461393654978 -3.3428716946731987 -2.5122747046079326 -1.7521901849085735 -1.0736640863067377 -0.45865149577699693 0.10081454322599104 0.5538934155171469 0.8288574565017166 0.9372400835701713 0.9669670311957379 0.9763431947650467 0.9889693729556708 1.0139666763246185 1.0459223745732444 1.0760779012767685 1.0903915504915322 1.0871935025674113 1.0737942575755444 1.0563129051063198 1.0377479001521452 1.0132058779435007 0.9736589086073111 0.9185500967508644 0.8508979641767542 0.7722118100682116 0.6808069814635211 0.5718955091372546 0.4349781846245335 0.24693328906165224 -0.028070572458812393 -0.3708697566000536 -0.7026542736229988 -0.9343017865811643 -1.014799524570691 -1.0827153045183637 -1.0866380111329983 -1.083442117547361 -1.0843036476763155 -1.1548290178307266 -1.085442939591906 -1.058819454104861 -1.0570374564901446 -1.0884388703718502 -1.09212731059322 -1.0868785800136642 -1.0882581830523375 -1.091396594974456 -1.0870509647913362 -1.075021869562728 -1.0579742077562573 -1.0481885844098686 -1.0436429540619354 -1.0253681922756757 -1.0069076355719488 -0.9972366786866615 -0.9930313824851735 -0.9852099534788161 -0.9671205289794029 -0.9577208768818402 -0.933280069282926 -0.9425485559501192 -0.9476720593227137 -0.9549797184419386 -0.9339428946168962 -0.9461757110551616 -0.9174151378749693 -0.9184862594232301 -0.8626680094506938 -0.9207327336095723 -0.9696532482384663 -0.9749266779697354 -0.9522469530186104 -0.9161374451771849 -0.9180187411496172 -0.9176515407377357 -0.9411150740270093 -0.9260355505906519 -1.0662710423351092 -0.9296530463621053 -0.8645078542756996 -0.8743994052610828 -0.8934208154368823 -0.9080136343264336 -0.940665120380153 -0.927441455620726 -0.91009033270619 -0.9088372650173042 -0.8810986671943128 -0.9192370123024212 -0.9442999574664963 -0.9377474665388004 -0.9293525315376758 -0.9198021813267108 -0.9136360316068091 -0.9366989117874267 -0.9123947358625895 -0.9371525143108377 -0.9277440209559895 -0.9186288881071851 -0.9132196843024323 -0.9137485954768874 -0.8847631598721639 -0.9192040625946643 -0.9212908174679706 -0.925615131222548 -0.9216212645472561 -0.9316572044599738 -0.9415972398381482 -0.9490666341121692 -0.9543914877433863 -0.9591414740943129 -0.9658003341365777 -0.9730192870250303 -0.9802876572421342 -0.9822737323990198 -0.9858654144075665 -0.9923697740632322 -0.9973653244930665 -1.000335124295093 -1.001745453933542 -1.0072969895493245 -1.0130247533243004 -1.0232128163423715 -1.0314709027438482 -1.039010920886386 -1.045701967269224 -1.0524541674982508 -1.0568959984053343 -1.062028160356184 -1.0668305370747069 -1.0698779818033666 
# Gas [C/O]:
0.0 0.0 -1.290517132644931 -1.2827665301892364 -1.0307266757895912 -0.8303849330402981 -0.6983257175826648 -0.46777687087114306 -0.17027083898120426 0.031234830482690268 0.12050579536937447 0.15931935961552215 0.1764467142682143 0.18681160540165137 0.19580489778740845 0.20552380464645076 0.21725669501437403 0.22982641843861468 0.24246400631439963 0.25585482028347034 0.2700711022724738 0.2838986282041046 0.2971314766815707 0.30967990821731617 0.329363994289278 0.3644642166857079 0.40809739653825217 0.45219061306174213 0.4924277989848872 0.5274201098837936 0.558415577554654 0.5868635100856905 0.6112963588786369 0.6360332033616523 0.6636102760642443 0.6931821576758304 0.7226707481420855 0.7512080804908476 0.7769842341160462 0.798579428697913 0.8176360819824798 0.8371181869745831 0.8554683408992763 0.872077177955161 0.8880986732162962 0.9020564700031003 0.9153128257247356 0.9300300339743448 0.939909296206495 0.9521520414208468 0.960550163140327 0.9692085751464548 0.9751121934991892 0.9786509941953337 0.9864420411082658 0.9868207941418039 0.9879497641571444 0.9953254778275024 0.9961366388873243 0.9975916244024073 1.0038627601865524 1.006706658908231 1.0067394208056726 1.0108183376703268 1.0168489977860207 1.016378719080613 1.0145258994374233 1.0136234061472686 1.013143401582862 1.0062676802141675 1.001954030442847 1.0023397343098583 1.0036683053603535 0.9974466018068652 0.9909182913796797 0.9897927423184116 0.9922359689069561 0.989967612685488 0.9820057666435812 0.9764184628757625 0.9762734922229617 0.9791051659819537 0.9765398797656485 0.9668295647466577 0.9621747788104905 0.9603395961897615 0.9612940838001354 0.9636832200934508 0.9566258714134899 0.9477900254660414 0.9432557962813448 0.9433240613205128 0.9452864642802196 0.947544340676764 0.9418409219377563 0.9322272894262511 0.9259536286172896 0.9240208763715358 0.9257932816286922 0.9278383717801881 0.9248600322178328 0.9247438389162903 0.9240339591530765 0.9210405385493015 0.9184491203438588 0.9173891445911523 0.9165100599066053 0.9161725187604057 0.9159256774363217 0.9129025722004551 0.9023800395377375 0.8831317799549383 0.8635889280036282 0.8450838387062592 0.8276793485043743 0.8046363007705173 0.784587795346414 0.7664239192969132 0.7608520584155157 0.7498196799442145 0.7349069808287736 0.7213636912239751 0.7132062409147057 0.709285847326665 0.6948945234919155 0.6786697727487825 0.6511310432131794 0.6286612972024244 0.6109528778139008 0.5965698661122962 0.5846253177602343 0.5743843853374708 0.5655311203369173 0.5578592233869097 0.5510310974123307 
# Gas [Ca/H]:
-5.218485947384705 -6.812943270487043 -4.66487741228128 -2.714700329003575 -2.138455736307585 -1.7839147261596535 -1.5293343445979009 -0.6943762283502055 0.06696511875659006 0.6613217590339238 1.118808903943008 1.3992358716150717 1.515073881364783 1.5454648906241797 1.5512139410611203 1.5496102596656547 1.5457044005032357 1.5422916233709385 1.5390939376740311 1.5363575049850207 1.5332247593985855 1.5304529035281202 1.5274263825209697 1.524258976628353 1.5211961939299368 1.5200393478471161 1.5181670890984078 1.51638635952723 1.5150458847038974 1.5139740672952238 1.5132191572229745 1.5120033671579538 1.510468046633525 1.508984512090482 1.5096309058044914 1.5124978863610172 1.5147795110779514 1.5185325360273376 1.517505489602275 1.5169666400275421 1.5192210947760838 1.523256466938479 1.5244452337215684 1.5264232475275028 1.5275570632472952 1.5296900856167142 1.530814987778597 1.5317005318298031 1.534080849864857 1.5332343432877886 1.5367618585411682 1.5375849951990652 1.538803763155058 1.5411759635511686 1.5394175172849058 1.5427235071349683 1.545569061067133 1.542328946613119 1.5462649251319611 1.549798178894422 1.5470395947837128 1.5488207576196737 1.5532658890343312 1.5525789475005665 1.5491884831159464 1.5531384583459378 1.555711213303658 1.5521979789686604 1.5489422540831521 1.5528383857498858 1.553329935813383 1.5504368035027634 1.5457557789966136 1.5503340801172785 1.5539727000048256 1.5511256221855874 1.544713735045078 1.5439642483814904 1.5494432990476152 1.5515290571465608 1.5479753438708501 1.5411426250309228 1.5404828795726413 1.5482707415823134 1.5502823777614845 1.5471524305530338 1.5405715309399595 1.5343467996247488 1.5400005828258063 1.547872574812751 1.5490862488548416 1.5453546032889616 1.5390389602426904 1.5323101874685428 1.5351293623438567 1.5446394427838603 1.547892103679712 1.5456717160942475 1.5400023018300022 1.533483914143833 1.526904108159247 1.5301582303430727 1.5319096761076345 1.5355919445211068 1.538151616370559 1.538905776357673 1.5380832808612732 1.5366735437871597 1.535364268733069 1.536274873694917 1.536114770600669 1.5342787721448312 1.5337685381182329 1.5327863526087961 1.5329434021229762 1.5347714806681836 1.5367317656491872 1.5389484690784707 1.5392320803771185 1.541180440321936 1.5433788594454105 1.546779992024529 1.5489308018149215 1.5504899737234767 1.5546632171939079 1.5612670391638765 1.5727975224291741 1.5830872114389365 1.5903881725611377 1.5950988041653167 1.5976939468342755 1.6005023533936482 1.6016649614739702 1.6024660918919178 1.603342306747697 
# Gas [Ne/H]:
-5.218485947384705 -6.812943270487043 -4.398879301957292 -2.4484278692548314 -1.8700702732252656 -1.5390219592956251 -1.3291389067126724 -1.1823006536796052 -1.0569344543718442 -0.9134324434438632 -0.7912576805482257 -0.7095569990201014 -0.693087175573714 -0.6936084482562634 -0.697924667898211 -0.6984392671307038 -0.7053861894361217 -0.706097808926101 -0.7091407319592911 -0.7129649828570983 -0.7144664023971359 -0.716971662442015 -0.7195078655178229 -0.7220016748486495 -0.7256303375125208 -0.7272935734783417 -0.7274173190774968 -0.7300940930534923 -0.7303981052274908 -0.7241464197771377 -0.7323920911517758 -0.7303047987213089 -0.7324365562198256 -0.7265755760641524 -0.7261748294888939 -0.7175297755275984 -0.7139788926034045 -0.6999300587530213 -0.6918145411971706 -0.6785054954243925 -0.6666701874029943 -0.6634653741634038 -0.6640954779547563 -0.6512489156923973 -0.6535021647603765 -0.6399051647529452 -0.6268061536355338 -0.6153270410482152 -0.6156441367290642 -0.6108665264036306 -0.6065636972708921 -0.5990717380652413 -0.5983449008290513 -0.59732079942337 -0.5968862024450399 -0.5797398214837877 -0.5819946386025068 -0.5830971859304688 -0.5814693975253933 -0.5734845547560887 -0.5759434403862409 -0.5576927114313017 -0.5771062286365121 -0.5754732366815505 -0.5699157922922264 -0.561379942536103 -0.5597725421840352 -0.5634311493959112 -0.5720168888138097 -0.5668341328282533 -0.5710242868989752 -0.5748437592659297 -0.5838183287193148 -0.5863382316776411 -0.5836743034687117 -0.5802444454559081 -0.591704885103864 -0.599365234529988 -0.597284912917468 -0.5845509231639445 -0.5976624991692647 -0.6074426939293405 -0.6170314917828943 -0.5993636264983104 -0.6113880682367157 -0.6036483044347776 -0.6216964664443925 -0.6350867472088817 -0.6309139738395455 -0.6212095819371015 -0.6226144827156377 -0.6249994748892638 -0.63657441531217 -0.6418464361264711 -0.6470715888990215 -0.6358796268002465 -0.6539837531567736 -0.6383553741799606 -0.630334500615521 -0.6377328941796483 -0.6687814224665782 -0.6719502716867432 -0.6660564054021245 -0.6634675213575001 -0.6640651027405413 -0.6633971852862937 -0.664203301506288 -0.6664601401359533 -0.66882760800139 -0.6692784388791448 -0.6750915942668945 -0.6845195657557159 -0.6907632237195731 -0.696653966472458 -0.7004253953093187 -0.703091416238963 -0.7044685242890996 -0.7041105609838834 -0.7050233202041865 -0.7033999949020568 -0.7037234726644188 -0.7018686110955112 -0.7004912264046821 -0.6992094587976112 -0.6964428128724895 -0.6911643599774919 -0.681828529539402 -0.6727210179108392 -0.6666422989608183 -0.6631520035545844 -0.6612713677945461 -0.6589705254616085 -0.658324590277827 -0.6578984363269278 -0.6572778980548311 
# Gas [Si/H]:
-5.218485947384705 -6.812943270487043 -4.339215474823199 -2.3892125012202134 -1.8246430962756746 -1.4807142355800895 -1.2419354801223053 -0.663124663529433 0.020315220034925474 0.5973404915487577 1.050337490725398 1.329461426481839 1.4449545543893692 1.4768451698763303 1.4810436598643868 1.4783862821544385 1.4747831198413794 1.4716376292930535 1.4688459255367188 1.4661404538948246 1.4629908789334127 1.460217866009521 1.4571895486199087 1.454019323399998 1.4509925239565944 1.449295897130353 1.4478933934394123 1.4464547529426208 1.4450287693497228 1.4438306861284786 1.4427468236761607 1.4417447572940523 1.4403976462843588 1.438846976920865 1.439467945304246 1.4420549147073785 1.443777422599613 1.444497852884746 1.4476640626441313 1.4490451484223992 1.451131648253401 1.4531465129643042 1.4543100365611248 1.4564270313310117 1.4573927299189546 1.459280665713988 1.4608138161590092 1.4617035944357495 1.4639755160825039 1.463191160683032 1.4667605644524717 1.4674595377352513 1.468675948254956 1.471046247534693 1.4690682947409068 1.4725520551048437 1.4755838745302112 1.4722549394391504 1.4757729839975475 1.4797027883625717 1.4771954409640036 1.478509386925074 1.4824415085414704 1.4817157102809437 1.4788354118406128 1.4833361529568947 1.485945423144933 1.4820394368672263 1.478516169500646 1.4828229916201225 1.4846920377749036 1.4803185717726541 1.4747384021749705 1.4794555801817664 1.4834508182248936 1.4807937382609988 1.4745099965655522 1.4737856613292362 1.4791990902127456 1.481226253678646 1.4777257416943348 1.4709300119401183 1.47029766717437 1.4765415498491294 1.4799905220802305 1.4775331561389051 1.47141400108503 1.4643240006899787 1.4697698606770229 1.4773126749455159 1.4788492521895211 1.4749189375505232 1.468795740796669 1.462096279553077 1.4653698676947555 1.4739649508644184 1.477578405643146 1.4753102814193273 1.4696810936309133 1.463187051898843 1.456654981377786 1.460014141423132 1.4646249900273287 1.4675450808239203 1.468740251737926 1.4686416239042104 1.4677954915985048 1.4663790469322109 1.4650560403750705 1.4660055795112972 1.4658401555753384 1.4639537169487826 1.4634959175595883 1.462499643882417 1.4626601565975128 1.464485620433011 1.46642607796967 1.4686711823815082 1.4689570480071477 1.4708791951471465 1.473101518104452 1.476492868553998 1.4786424451190538 1.4802018785936788 1.4843710743646978 1.4909798941770736 1.5025086899874491 1.512799057248881 1.5200956324589594 1.5248038758180988 1.527400628225351 1.5302094117283165 1.5313721699079568 1.5321737152491943 1.533052091839291 
# Gas [S/H]:
-5.218485947384704 -6.812943270487044 -4.42203447564392 -2.4716347060665838 -1.8940377387349807 -1.5407597617993734 -1.2967833197381715 -0.6883165925737247 0.00689678456274212 0.5867126657064539 1.0403553535295114 1.319637790733375 1.4351386837547344 1.4670828559454643 1.471320306140382 1.4686634189593435 1.465034416323678 1.4619267831360094 1.4590965494909338 1.4563628150198111 1.4532056627534073 1.4504558967455234 1.4474372422425121 1.4442787885884982 1.4412593106452256 1.4394459235622499 1.4381486490562394 1.436771361680632 1.435285978057312 1.434092041767272 1.4330251772785827 1.4320127992600566 1.4306611473008215 1.429130598222676 1.4297015930669081 1.4322727151894536 1.433961327448218 1.4347157748665813 1.4378911652904316 1.4393406711279075 1.4411682175854041 1.4433781474946121 1.4444815966734468 1.4466580232664619 1.447808490711184 1.4495205549202503 1.4508884778188458 1.4519212127041667 1.4541196687850486 1.4533694378915998 1.456835755765812 1.4576231341645296 1.4589244468293256 1.4612732366122412 1.459311120833315 1.4627522431966131 1.4658117620080264 1.4619747607779083 1.466226281964727 1.4701431811550405 1.4665402031603874 1.468662427788456 1.4731113681834032 1.4726060545951918 1.4691486805208185 1.4735494487416942 1.4761470881386018 1.4722680367897376 1.4688143750097602 1.4729173675025327 1.4748532911030803 1.4705965034954187 1.465063102470468 1.4698078960518282 1.4737869648845536 1.4710709678232181 1.4647379483623122 1.4640140566089292 1.469512641787305 1.4715194877810855 1.467983556080057 1.4611871549096596 1.4605261060958585 1.4668332151479055 1.4703097773596574 1.4675547451315558 1.4617001275968673 1.454741853684364 1.4601328901129755 1.4678283500190465 1.4695024572531827 1.4651426095224171 1.4588513008159167 1.4520972536729175 1.4558345018567431 1.4643983137968637 1.4678040018033185 1.465387822497482 1.459818400446352 1.4534154426265418 1.4469787362456765 1.45039856954523 1.4554191085479666 1.4575689616175058 1.4592090135172082 1.4590198265399321 1.4581080295614988 1.4566845796600987 1.4553492734836095 1.4563002218490868 1.4561422990402906 1.4542489327050676 1.4537789104413346 1.4527966099289236 1.4529511442926188 1.4547778240796867 1.4567179626066746 1.4589588103649689 1.4592443441640879 1.4611706989409021 1.4633903978562133 1.4667807578505725 1.4689291221226641 1.4704884042187514 1.4746554467402104 1.4812632883693455 1.492784913015183 1.5030775382982533 1.5103753643091262 1.5150825765232505 1.5176637053639315 1.5204863459330191 1.5216488586723602 1.5224520584939603 1.5233287413655847 
# Stellar mass-weighted [Mg/H]:
0 -5.218485947384705 -6.659766034097503 -4.563846945024046 -2.8965905716433475 -2.5914399011193856 -2.5262583919304937 -2.546732018948039 -2.5810568580898483 -2.6048158110094235 -2.618585560802729 -2.6258315850301743 -2.630075505281458 -2.6327582894138404 -2.6345436400719837 -2.6357458970691914 -2.636546431941972 -2.637051550027085 -2.6373314552263505 -2.6374488886117344 -2.6374681368168833 -2.6374344838513855 -2.637361702788655 -2.6372392706181556 -2.6370819917917467 -2.6369687456267386 -2.6367332155661956 -2.6364639960655447 -2.6362107939570754 -2.6359419517507794 -2.635686340499884 -2.6354201869571856 -2.63513858150208 -2.634836860767873 -2.634505180135977 -2.6342169334572603 -2.633859862477758 -2.6334834505199813 -2.6330606903112477 -2.632664244691308 -2.632225542270124 -2.6318117366255915 -2.6313504893189767 -2.6309244203763535 -2.6304662146975764 -2.630032614723979 -2.629563395326043 -2.6291281199227603 -2.6286389639316434 -2.628216219153008 -2.6277629602092407 -2.627349204875415 -2.626906957936823 -2.626547054114395 -2.62617024841993 -2.625863208468605 -2.6255402505420067 -2.6252194421339716 -2.6249308950848045 -2.6246927395498103 -2.624416783683854 -2.62419168455523 -2.623926916786992 -2.6236887485805385 -2.623436655401176 -2.6231720481728367 -2.6230127590856664 -2.6228523024005295 -2.6226195907487275 -2.622431669637317 -2.6222467621641625 -2.622052357687455 -2.6218227636607176 -2.621647919724297 -2.6214846548872925 -2.6213289818585457 -2.62112348332297 -2.6209099072443545 -2.6207870465119285 -2.6206531532934614 -2.620484238722307 -2.620312581535444 -2.6201334528720537 -2.6200115570584313 -2.619920279646548 -2.6197623658873717 -2.6195540678749802 -2.6194101299126737 -2.6192851019582797 -2.6191956067792486 -2.6190814557313633 -2.618957950373055 -2.618807587932549 -2.618666761867483 -2.6184814051190504 -2.6184267887234167 -2.61835894925027 -2.618268603311434 -2.618131081541075 -2.6179969244692334 -2.6178524795359532 -2.6187094453788236 -2.6190287363563964 -2.6192613669223173 -2.6194390056303085 -2.6195794655659874 -2.6197006568664074 -2.61980736430281 -2.6199098021605005 -2.6201605924115903 -2.620957449820068 -2.6218807903304793 -2.6224063255102505 -2.6227724253220526 -2.623084765495956 -2.6233772400211066 -2.623561943141712 -2.6237082771070384 -2.623696344287163 -2.6238232233368812 -2.62387800762185 -2.623916553255863 -2.6239675290449993 -2.624006077171897 -2.6239826576011387 -2.6240391203196944 -2.6240170915000416 -2.624007601988815 -2.623982907108002 -2.623936009624365 -2.6236971134284506 -2.6236660712975715 -2.6234548996579763 -2.6233950091091813 -2.62325575370728 
# Stellar mass-weighted [C/H]:
0 -5.218485947384705 -6.659766034097505 -5.626257571531845 -3.9674533033497115 -3.494766656186325 -3.3294088240048865 -3.31166845301399 -3.3056863528736216 -3.283992043742292 -3.263483910184208 -3.246761441108662 -3.2328347912504993 -3.220759622828332 -3.20985854399897 -3.199746287103606 -3.1901578642078645 -3.1808265490553875 -3.1717418148965475 -3.162967101848454 -3.154455280361871 -3.1461582807034336 -3.1381285489578756 -3.1303675843419674 -3.1228658553615993 -3.115020879696183 -3.1059468977838183 -3.0956451514538053 -3.0845329990086316 -3.0730726611309827 -3.0615445081516155 -3.0500806574287047 -3.0386856031887453 -3.0275682741667618 -3.0161846646157073 -3.004998457005984 -2.993000733659054 -2.981203986333476 -2.968809865842437 -2.9569521006618693 -2.9449766986015398 -2.933755694244465 -2.9221431277651346 -2.91119640997968 -2.9000345331160515 -2.8895517357769105 -2.8789121985540786 -2.8689871491833525 -2.858649243520678 -2.849313849272864 -2.839528556306984 -2.830703864694697 -2.821675580011873 -2.8135634268265672 -2.805490989182112 -2.7979457814130715 -2.7905223765287426 -2.783803499212076 -2.776581636688041 -2.7702851145847465 -2.763860224089993 -2.7576702888940954 -2.751433333757803 -2.745943030790051 -2.7400365741433657 -2.7344342177537078 -2.729073922401266 -2.724241765945558 -2.719233607665397 -2.7147536308681106 -2.7104699373656134 -2.7065846027871183 -2.7023269079770253 -2.698396294896689 -2.6946865328818 -2.691452450615892 -2.6878581007941875 -2.684413261205388 -2.680984027395068 -2.678178480377893 -2.67520287957797 -2.672347827533712 -2.6691840411800962 -2.666462903560877 -2.6638851755500728 -2.6615727784642402 -2.658986208198904 -2.6564957054662965 -2.653774251901102 -2.6516514083877665 -2.6495609166565437 -2.647604085106833 -2.645366403753619 -2.643213844931198 -2.640875681042915 -2.6390049606695767 -2.6372140437019764 -2.6355847178023755 -2.633709074836589 -2.631910865142741 -2.6299412465696808 -2.6406804665416166 -2.6441889600609736 -2.6466548912664285 -2.648660757618263 -2.6503787498598603 -2.651894273604192 -2.653253383943749 -2.654494150506814 -2.6567595717634056 -2.6648110694381577 -2.673851641992462 -2.679098965811175 -2.682509038437316 -2.6849971249082722 -2.6876458181869864 -2.689415886829594 -2.690710043623856 -2.6909760108448495 -2.691674078854472 -2.692334076942669 -2.69295785860593 -2.6932420109643216 -2.6934543805753854 -2.6937712284558097 -2.694360774152024 -2.694760125413045 -2.695012112588329 -2.695108408840059 -2.6949516001988245 -2.694222568444961 -2.6941056274476747 -2.6933696104852682 -2.6930650313074844 -2.6925856563508237 
# Stellar mass-weighted [N/H]:
0 -5.218485947384705 -6.659766034097503 -6.175451747016554 -4.569807205319252 -4.096995873599038 -3.6982226179043973 -3.4114812675531585 -3.2223997104397206 -3.1000916584166207 -3.0202352563822403 -2.9673667840826177 -2.9329437748667857 -2.9084859712806796 -2.8881716742947976 -2.8694713568980292 -2.8507998311169045 -2.8308276029807953 -2.8100018878250053 -2.789546127146558 -2.7719307374357127 -2.757994844358051 -2.7470747557002415 -2.7381532823962607 -2.730587561874694 -2.724633794004509 -2.721072131423611 -2.7197379456700617 -2.7200914977563073 -2.721668614207089 -2.7241876865995165 -2.727449905649241 -2.7313356177030945 -2.735749087824485 -2.7403295136027284 -2.7444386534880234 -2.7476712479859415 -2.7502413113814708 -2.752339099387666 -2.7541587449467 -2.7557380753877165 -2.757139390199466 -2.7583924222796883 -2.7595663734793883 -2.7605806570135876 -2.7615122630841213 -2.7623737526994274 -2.7631833044837286 -2.7639284215492737 -2.7646088570976053 -2.7652489731770453 -2.765849611232982 -2.7664015591654065 -2.76692494976474 -2.7673925264754704 -2.767843789232697 -2.7682742469334896 -2.7686568147395496 -2.7690255490205065 -2.7693811145245233 -2.76970376292837 -2.770012668230324 -2.770303504811219 -2.770580739579354 -2.7708201072609135 -2.771068162618807 -2.7713154323278015 -2.7715453083593973 -2.771736537639539 -2.771944077507852 -2.7721358164081877 -2.7723183138436784 -2.7724409446217066 -2.7726209256075096 -2.7728136268757186 -2.7729845564300346 -2.7731113648976544 -2.7732248996845863 -2.7733588535819207 -2.77349953783133 -2.773626853292213 -2.773724933355971 -2.773865974989824 -2.7739521201501054 -2.774036338990448 -2.7741312731893357 -2.7742153132425313 -2.7742831756622355 -2.7743718523587164 -2.774466442228592 -2.7745519889748325 -2.774631810900285 -2.7746806440960476 -2.7747366403475615 -2.7747994238688527 -2.774873729911816 -2.774948602022935 -2.775016078201099 -2.775067734589636 -2.7751149284743057 -2.7751330021143703 -2.7753240991030763 -2.775445402701888 -2.7755563228944817 -2.775655270772363 -2.7757383814523333 -2.7758081371456873 -2.775863051928816 -2.775912933382325 -2.776062660422454 -2.7766264022459364 -2.77729773057165 -2.7776955250676734 -2.7778419441438134 -2.7779737622468756 -2.778086854069124 -2.7780259809681693 -2.777931825872571 -2.7778218194480297 -2.777803676597041 -2.7775814434568478 -2.777507678595283 -2.7773092369569357 -2.7773422948103157 -2.7769353558718404 -2.776850797690569 -2.7761259275238723 -2.7756028703299656 -2.7749821584425582 -2.7741774351037494 -2.7730113692722362 -2.772112915645999 -2.771104428759397 -2.7700351133857266 -2.769320452308537 
# Stellar mass-weighted [Ca/H]:
0 -5.218485947384705 -6.659766034097503 -4.835902543789722 -3.1694488179555123 -2.85044864716407 -2.773135595028622 -2.7846619226131946 -2.6572412924922713 -2.513985427929855 -2.42607717817012 -2.3730636341747626 -2.338018275495622 -2.3121254681052807 -2.291715821932283 -2.27399573974356 -2.258530987983403 -2.244967199872417 -2.232794140663297 -2.2217647249310684 -2.2116336317817185 -2.2022896980404987 -2.193624004155919 -2.185547351721392 -2.177985319043165 -2.170891133846327 -2.164161961420099 -2.1578626975449176 -2.151897074176566 -2.1462097531947455 -2.14079435215241 -2.1356113973546043 -2.1306764429655365 -2.125957738536166 -2.1212391217416267 -2.1170621245965515 -2.112753514489021 -2.108872705137818 -2.104743363994655 -2.101322342311297 -2.0977554851944964 -2.094486556814057 -2.0909848164349194 -2.0878808240091047 -2.084652362556569 -2.081743916466742 -2.0786947254220767 -2.0759585890628296 -2.0730971407113374 -2.070495629505114 -2.06778253649973 -2.0653299537135723 -2.0627499661848567 -2.0604212492336966 -2.057961736234475 -2.0557428288673716 -2.053411897434504 -2.051284355401698 -2.0490641644183523 -2.047039672558258 -2.0448948390892507 -2.0429524343848495 -2.0409033862508554 -2.0390366308801697 -2.037055650560739 -2.035275296688761 -2.03341727156523 -2.031709093302095 -2.029874942552933 -2.028225462057568 -2.02649148360197 -2.024928224685395 -2.02320158866857 -2.0216479956497455 -2.020025785302086 -2.018547446226197 -2.016961000752598 -2.015517205042144 -2.014001007021525 -2.012625517376838 -2.0111498201726077 -2.009789902262722 -2.008349214155971 -2.007050076904193 -2.005645316780962 -2.0044010763844806 -2.003059376362202 -2.001823925168667 -2.000500841216126 -1.9993183727961235 -1.9980603594654385 -1.9969047555309754 -1.9956534378974817 -1.994502360800448 -1.993282365361634 -1.9922021365143614 -1.9910316597345687 -1.989971846953237 -1.988823941589092 -1.9877680685139794 -1.9866283562514822 -1.9926616374282187 -1.9946136131426666 -1.9959817508214561 -1.9970896218224068 -1.9980329377271318 -1.9988596570589063 -1.999595525150509 -2.000265143171939 -2.001513594915675 -2.005925363889994 -2.010853022827522 -2.0136992634837423 -2.015491687382066 -2.0168079925392544 -2.0181911631178613 -2.0190453171075466 -2.019646391682273 -2.0197311564775546 -2.0200632889218086 -2.020285382945805 -2.0205610772309104 -2.0206027488686376 -2.020719397997584 -2.0206819585032303 -2.0209298069167554 -2.0207620410926195 -2.0206235111845805 -2.0203573387793066 -2.0198699970855882 -2.018929801096217 -2.018402936547125 -2.017538837608556 -2.016831614936846 -2.016236672967178 
# Stellar mass-weighted [Ne/H]:
0 -5.218485947384705 -6.659766034097503 -4.571131082974748 -2.9032055054190167 -2.582618727272253 -2.5165198534533095 -2.5403150169525563 -2.578568803119607 -2.6064258500266275 -2.6233235584016557 -2.6335210258543507 -2.6399172588713213 -2.6442638717124503 -2.647380613546513 -2.6497374890843 -2.651578211832587 -2.653071015890702 -2.6542882797080516 -2.6553084975349117 -2.6561733555932285 -2.6569118962392375 -2.6575519710775364 -2.6580996198406774 -2.658572061777978 -2.6589939421309925 -2.6593728633233455 -2.659700682362919 -2.6599953474510825 -2.6602521210869243 -2.660479172567987 -2.660697822817597 -2.6608845111177404 -2.6610496726745216 -2.6611893418182353 -2.661338313763147 -2.661460153578064 -2.6615656079319887 -2.661648350296031 -2.661735630646133 -2.6618015755776563 -2.661859248663414 -2.6619097250605375 -2.6619713747114773 -2.662002153843063 -2.6620504973912187 -2.662073606407107 -2.6620917652610707 -2.6621024100690436 -2.6621171659228873 -2.6621262097519294 -2.662145954579791 -2.662143150727144 -2.6621598298429756 -2.6621491414518603 -2.662154933737334 -2.6621508388905273 -2.662142343992463 -2.6621360222299764 -2.662142815955092 -2.6621274990123363 -2.662116311251453 -2.6620940212148945 -2.6621076868493345 -2.662084939578075 -2.6620653700457426 -2.6620633858238936 -2.662055529101802 -2.662019086543804 -2.662009129200677 -2.6620133359192257 -2.662007251998145 -2.6619638443113987 -2.661952059309308 -2.6619685358131377 -2.6619709091129673 -2.661928909500875 -2.6618985382415126 -2.6619033710198687 -2.6619215146755613 -2.6618971490202386 -2.6618638458872645 -2.6618330265956978 -2.6618445993107276 -2.6618525442294487 -2.66185027089851 -2.6618118117536707 -2.6617752056399935 -2.6617675703381956 -2.6617913373832165 -2.6617974238959965 -2.661782678566209 -2.6617456441663165 -2.6617117962364647 -2.6616954673372994 -2.6617165058284193 -2.6617252437019134 -2.6617283852382583 -2.6616950727912476 -2.6616549389726707 -2.6616162728727586 -2.661828652460253 -2.661937134764905 -2.6620206640892325 -2.662074352456706 -2.6621065329536115 -2.6621318500859346 -2.662152618617739 -2.662177258129576 -2.662290687550975 -2.6625840364311477 -2.6629405852922856 -2.6631347249431645 -2.6632951377243446 -2.663462707660041 -2.6635967463743917 -2.6636823966811445 -2.6637605765862995 -2.663733979906782 -2.6638291908373812 -2.663856992353387 -2.6638596798375644 -2.6639090106276333 -2.663935690475782 -2.663909775415651 -2.6639362744740795 -2.663925985176971 -2.6639282975459784 -2.6639299871311586 -2.663935009405969 -2.663786282594569 -2.663813828980505 -2.6636869077351157 -2.6637054871804287 -2.663625055631454 
# Stellar mass-weighted [Si/H]:
0 -5.218485947384705 -6.659766034097503 -4.511653895152479 -2.8439891722684667 -2.5336306456438624 -2.4621195854084084 -2.478154505690668 -2.4389235711906956 -2.3711300772039783 -2.321558408554001 -2.2886964287800673 -2.2657695921952 -2.2481948454157266 -2.2337149198800317 -2.22123453487207 -2.21018694425414 -2.200240170081024 -2.1911854463319216 -2.1828714554845936 -2.1751879995189247 -2.1680531862330756 -2.1613913384659593 -2.15514242963566 -2.149258080683075 -2.1437083530904504 -2.1384582766628872 -2.1334715103874338 -2.1287238639883226 -2.1241982940315003 -2.119881802669111 -2.1157513890354336 -2.111785221087258 -2.107976706169941 -2.1041660226841357 -2.1007899111425887 -2.097307748247344 -2.0941822830323744 -2.090957638131915 -2.088058439906119 -2.0850471977772953 -2.082336741649107 -2.0795082744576403 -2.0769664393000724 -2.074305218417593 -2.0719138569870426 -2.069405497151454 -2.0671348141433654 -2.064763540228407 -2.062608581937199 -2.0603548414043162 -2.058316598924815 -2.056171602978136 -2.0542346998584566 -2.052181651688275 -2.05033666839447 -2.048388487847318 -2.0466030989474797 -2.044745029284969 -2.04306063266184 -2.0412551308621083 -2.039617218515996 -2.0379042040299353 -2.0363501653767573 -2.0346885003049513 -2.0331827124431703 -2.0316072034374324 -2.0301622388422738 -2.0286157578685255 -2.0272289498495706 -2.0257604485659444 -2.0244092357894203 -2.0229601986832577 -2.0216645460930733 -2.0202993856320157 -2.0190459782403396 -2.0176943421727245 -2.0164636372124622 -2.015177058220507 -2.0140130048496783 -2.0127587340443567 -2.0115978024827603 -2.0103681416126014 -2.009263904457937 -2.008096771878259 -2.007022995337744 -2.005862999053618 -2.0047918398346622 -2.003669260888876 -2.002667605113638 -2.0016013086798266 -2.000610290218204 -1.9995395983120625 -1.9985495647311016 -1.997504240052228 -1.9965763823403782 -1.9955870277131593 -1.994677229119172 -1.993691594558162 -1.9927829813957896 -1.9918017412142985 -1.9969929947842484 -1.9986763014096542 -1.9998565662153638 -2.0008099702509137 -2.001619570777561 -2.002328490041582 -2.002959080099533 -2.003533608056367 -2.00461434570263 -2.008414526925291 -2.0126576447307265 -2.015104004376699 -2.0166491808728475 -2.017790888555135 -2.0189839916929797 -2.0197208758005143 -2.020242018348716 -2.020309642000906 -2.020605576235347 -2.020797686540492 -2.0210316678448246 -2.021074325943742 -2.021177346385354 -2.021141295566011 -2.0213553212810993 -2.0212112402565534 -2.021093995599145 -2.0208685030786118 -2.0204561221224493 -2.0196359912969504 -2.01919343317973 -2.018440952002625 -2.0178438001074808 -2.017326593699271 
# Stellar mass-weighted [S/H]:
0 -5.218485947384704 -6.659766034097504 -4.594206654216598 -2.926410081345826 -2.6063907829160886 -2.5296160626434663 -2.54408720311904 -2.495384651133371 -2.418075101646478 -2.3630637688287557 -2.327164165879698 -2.3023405380136506 -2.283432463081289 -2.2679137862232084 -2.2545846508533565 -2.2428244992461703 -2.232266614523242 -2.222669896733154 -2.2138808832531103 -2.2057721569015634 -2.1982517557803583 -2.1912358421458666 -2.1846628811055897 -2.1784795667666517 -2.1726530701010347 -2.167154204342607 -2.1619239140343023 -2.156947559984487 -2.1522134954769134 -2.147698814533296 -2.143380361283321 -2.1392371529301393 -2.135260943720798 -2.131283515922574 -2.1277630100829343 -2.124133549480616 -2.1208782604830985 -2.1175185602044797 -2.1144986393652436 -2.1113611207825533 -2.108549358065356 -2.1056028106939273 -2.1029605169380456 -2.100192332961183 -2.0976994929076564 -2.0950962637617137 -2.0927431261529286 -2.090277909553514 -2.0880425244995404 -2.0857028069863928 -2.083590401240217 -2.0813638703419652 -2.079351737243317 -2.0772227444632128 -2.0753086719857734 -2.073289203061437 -2.071438203496948 -2.0695257894829986 -2.067766122903409 -2.065892445715426 -2.0642210724748082 -2.062436262994847 -2.0608130572119885 -2.0590824373366488 -2.0575309381423796 -2.055902185599942 -2.0544076181952065 -2.0528079485957678 -2.0513715068469356 -2.0498553813861413 -2.048457599509044 -2.0469578945229534 -2.045616376645418 -2.0442024528964016 -2.042905639690799 -2.0415096834637536 -2.0402389725877645 -2.0389088680907523 -2.0377035042032343 -2.036407393085417 -2.035209032174353 -2.033939189150365 -2.0327982680091514 -2.0315908587158003 -2.0304809515384115 -2.029288248258368 -2.0281802951990135 -2.0270183455758284 -2.0259826851918623 -2.0248781943143994 -2.0238515804345907 -2.022751644703459 -2.021734119987533 -2.020657811469704 -2.019693784584435 -2.018671029336274 -2.017734400258072 -2.0167206703794367 -2.015784254963128 -2.0147719952299976 -2.0201236710412758 -2.021858124347455 -2.023074251708624 -2.0240571894107102 -2.0248923160859453 -2.0256237113631075 -2.0262743765085744 -2.0268670317272264 -2.0279796904855214 -2.031896664094087 -2.0362703009811742 -2.038792946881528 -2.04038507329813 -2.041560069451225 -2.0427894887923754 -2.0435486597683994 -2.0440850048652734 -2.0441557059124973 -2.044458700359656 -2.044656285115013 -2.044898198332212 -2.0449406401289068 -2.045046428411906 -2.045009676771806 -2.0452302435856726 -2.045081362454681 -2.0449598967214104 -2.0447265196564572 -2.044299797507308 -2.043456041054072 -2.0429975302204015 -2.042223151806062 -2.041605113597054 -2.041072707261117 
# Gas metallicity, [Z/X]:
-5.2406767730474275 -6.8351340961497655 -4.449744668025297 -2.500395762652989 -1.9533379567127882 -1.545880245614003 -1.0808190821529984 -0.5660128984045818 -0.09714167066220192 0.3170609397374966 0.6656247317046391 0.8822708003501474 0.9649198931686774 0.9934421790070608 0.9996467406205906 0.9998516791276413 0.9972666984868686 0.9973002291434568 0.9959896277108503 0.9960124056763812 0.9924583191102061 0.9919612801082657 0.9863647977698383 0.9877163796102039 0.9782007146723011 0.9885618401287661 0.9658413166204793 1.0050132208753881 0.9208655704559893 1.078628171445519 0.6021583469832346 1.3450942866854771 -7.357999450071334 1.6907102807205303 -7.329298699795915 2.0361902816222557 -7.297361388915435 2.400032753771601 -7.267374248438351 2.790975120844311 -7.239403542804215 3.2112963440013544 -7.212986641301281 3.6609024049606105 -7.187709096424925 4.139044918076763 -7.163460784140231 4.644188639744721 -7.14023422245457 5.174212537273563 -7.118373908708897 5.731837708796803 -7.098094969124116 6.313406227989764 -7.07981433071104 6.917979771454544 -7.056761913011103 7.543144390585927 -7.039928804051572 8.195218466769 -7.023508221721599 8.864486711669276 -7.002664099045457 9.555846735758019 -6.99180849395778 10.266146514508577 -6.970255378769112 10.992559751172543 -6.963855629457969 11.738282192710987 -6.9448133902929765 12.500065335411497 -6.941603649975777 13.279471582463074 -6.920552435455761 14.077756927471482 -6.917337212513175 14.885734033455211 -6.9007556182504 15.718664058523048 -6.890716278107217 16.556898227241877 -6.886976269744164 17.417282865086925 -6.866294957353142 18.293414674604563 -6.8641718997340835 19.171223865596446 -6.855387142533807 20.078271712957644 -6.836020044248972 20.99549183588287 -6.836344905497144 21.913672767489672 -6.830120198525002 22.858551851155088 -6.808312107892755 23.816933214204532 -6.806834355287599 24.77558480721635 -6.810670596609372 25.46936252881202 -7.238948314269257 25.891421616669213 -7.444695445826369 26.15002405434898 -7.584164371338659 26.29091892666408 -7.689972609481684 26.304458141226775 -8.029371476338213 25.81889584231278 25.48498429459811 25.50012056302207 25.423875802182664 25.359943215282318 25.31221783648712 25.27397539645482 25.26583593471605 25.243608801671936 25.215923060064064 25.19467626704989 25.18272926164425 25.177886824873415 25.154285588674373 25.13357918249285 25.099714875420695 25.076991326222085 25.057116790450145 25.039289472711694 25.02276862217364 25.009061386610096 24.995612181999487 24.983496843612595 24.9727568134043 
# Stellar mass-weighted metallicity, [Z/X]:
-4.152288344383056 -5.2406767730474275 -6.681956859760225 -4.621897239795948 -2.9551591405281687 -2.6576743446381315 -2.555747132103634 -2.4937687664140746 -2.44643880293033 -2.426168582166631 -2.4242957287357436 -2.425349825733801 -2.425584952742633 -2.4242537796741415 -2.420797407589162 -2.4167441053343595 -2.412569733766605 -2.4085541944369178 -2.404536509009464 -2.4007171007002786 -2.396978272554641 -2.3935261048899727 -2.390118126854343 -2.3870377504674654 -2.3838270521947367 -2.381133447464113 -2.377928065596664 -2.375912059263806 -2.372030903817337 -2.3719240451309576 -2.364609325645863 -2.372614813999175 -2.347719584349411 -2.368542218082668 -2.3088604564596453 -2.346745681161133 -2.233956909071863 -2.3012952179911093 -2.1005727536437933 -2.2134468417960536 -1.8873144656283618 -2.0571358542587443 -1.586816470165089 -1.8105237216357912 -1.2113579727269281 -1.4733141798029223 -0.7802692608086461 -1.0645240959336124 -0.3081468820093638 -0.6047859715026946 0.1962765500291881 -0.10781489941664968 0.7285515655913437 0.4192790926271517 1.2872209881508816 0.9737681915121302 1.872134053105156 1.5549805624062831 2.4804125757470725 2.16014133952191 3.1096291486025773 2.7867713444407824 3.764516643675729 3.4388296927915096 4.437928873185902 4.110174225279633 5.132606271391373 4.802751870078681 5.846944233553858 5.515208561292764 6.5791009973767975 6.245748335987082 7.331106456028214 6.996081079419362 8.09934083665812 7.762961293837241 8.884872523423947 8.547173991867602 9.68868223503165 9.349622983228915 10.503567928229506 10.163688045053684 11.341199151157566 10.999838807886889 12.186383693239728 11.844432301540651 13.05144332317591 12.70833691637514 13.932857853124057 13.588726287084029 14.817559866737923 14.47316143322715 15.727908271738226 15.382200536605945 16.650568951859707 16.304123199068602 17.575156034411293 17.228545751220846 18.523319962536416 18.17561806425165 19.485703755874354 19.137284800973134 19.05372161217688 19.011991968553954 18.98455947325285 18.964343076741606 18.948462745967294 18.935468344596536 18.924521670533625 18.906799721973453 18.85688605249813 18.815560924988805 18.795882842190625 18.784155506011228 18.77619907381721 18.768225985805284 18.762903091847324 18.7591740661876 18.75829129248086 18.756442620744796 18.7544290946327 18.75271712031511 18.75183650440031 18.751362860328676 18.75015524768506 18.748676867912902 18.74718774875535 18.7461794251905 18.745724569722146 18.745958421453377 18.746709753365717 18.74681179667986 18.74812616085034 18.748533497490804 18.749491978625976 
# Number of SNIa (log_10):
0 0.0 0.0 0.0 0.0 0.0 6.4391369587096085e+53 2.6285242369014876e+55 6.993747223128975e+55 1.1622592234807902e+56 1.5888080142566643e+56 1.9677187156277814e+56 2.3037605016010455e+56 2.6043252620782267e+56 2.87587884809039e+56 3.1234864730984454e+56 3.3510454876310683e+56 3.5615803505167397e+56 3.7574786577005984e+56 3.94065611641092e+56 4.112673156335329e+56 4.274818266806378e+56 4.428167341788678e+56 4.573629116305541e+56 4.711978726858313e+56 4.843880174501069e+56 4.969910593683712e+56 5.090572479283416e+56 5.206303126124759e+56 5.317489840758226e+56 5.424480335367575e+56 5.527598923065698e+56 5.627077029772111e+56 5.72317391172682e+56 5.816124382204032e+56 5.90612737527349e+56 5.993362315145882e+56 6.077980166458702e+56 6.16016154241272e+56 6.2400340636500215e+56 6.3177169178266035e+56 6.393330005756974e+56 6.466975351371783e+56 6.5387555680653486e+56 6.608764598637606e+56 6.6770879894531175e+56 6.743805191623283e+56 6.808978514472823e+56 6.872700271770472e+56 6.935029349141563e+56 6.996014673905115e+56 7.055709611964639e+56 7.114180193752393e+56 7.171469136151342e+56 7.227625108534256e+56 7.282688445467383e+56 7.336704169622232e+56 7.389666129576426e+56 7.4417090614037205e+56 7.492834222262981e+56 7.543064197103301e+56 7.592412137661819e+56 7.64088343615187e+56 7.688537480850861e+56 7.735415632258548e+56 7.781527458436021e+56 7.826903676978246e+56 7.871570847821283e+56 7.915544958500967e+56 7.958844337592564e+56 8.001497394711651e+56 8.043522546718532e+56 8.084917455528119e+56 8.125728022541931e+56 8.165970219288951e+56 8.205645722320693e+56 8.24477329814923e+56 8.283368694899366e+56 8.321446541267014e+56 8.359017339546526e+56 8.396102230941464e+56 8.432691255493794e+56 8.468829297111766e+56 8.504519468321121e+56 8.539763877505678e+56 8.574572917167114e+56 8.608960080303321e+56 8.642944328242805e+56 8.676516661573623e+56 8.70968608644247e+56 8.742481795748695e+56 8.774884491908749e+56 8.806934138980757e+56 8.838654420367696e+56 8.870014841339535e+56 8.901023974630524e+56 8.931697578856746e+56 8.962048900035026e+56 8.992070407701802e+56 9.021776581277782e+56 9.051170293055493e+56 9.080254924524861e+56 9.109063801976241e+56 9.137585799684462e+56 9.165819420545251e+56 9.193778975396022e+56 9.221461218723067e+56 9.248868920786964e+56 9.276015661980336e+56 9.329547990754072e+56 9.583048627643613e+56 1.0030764436552986e+57 1.0417363529264344e+57 1.075754799954006e+57 1.1061317542710754e+57 1.1463542135685962e+57 1.1815764600120718e+57 1.2129054920302007e+57 1.2226313290859801e+57 1.2411170301902661e+57 1.2667743934847468e+57 1.290307802069181e+57 1.3049768353764326e+57 1.312035721823684e+57 1.338640137338692e+57 1.3687296393391949e+57 1.4207606112674763e+57 1.4647110268676056e+57 1.5027573939974328e+57 1.536310082459265e+57 1.5662923961173117e+57 1.593427777073502e+57 1.6181879202959182e+57 1.6409598004884538e+57 1.662039480112594e+57 
# Number of SNII (log_10):
0 0.0 1.4800184258642383e+54 5.997926879283938e+55 1.4273825624720552e+56 2.120107822180357e+56 2.6174206994463536e+56 2.873774783042722e+56 2.9699176101298935e+56 3.0004627825339184e+56 3.009314922967662e+56 3.011802647137656e+56 3.012471562923236e+56 3.0127285256520177e+56 3.01280844932671e+56 3.01284935186903e+56 3.012878809374584e+56 3.0129037497961334e+56 3.0129261326606265e+56 3.012946653298997e+56 3.0129656590852973e+56 3.0129833713568565e+56 3.0129999590831145e+56 3.0130155502003916e+56 3.0130302584602892e+56 3.0130441837221266e+56 3.013057411205798e+56 3.0130700038282367e+56 3.0130820201286326e+56 3.0130935148798332e+56 3.0131045337182085e+56 3.0131151147995726e+56 3.013125292751765e+56 3.013135098228012e+56 3.013144410498825e+56 3.013153683610883e+56 3.0131624919973385e+56 3.013171182663825e+56 3.0131793702720597e+56 3.0131875572461355e+56 3.0131952822072706e+56 3.0132030174548556e+56 3.0132103343514317e+56 3.013217666989448e+56 3.013224617185711e+56 3.013231592917136e+56 3.0132382127243414e+56 3.013244866233668e+56 3.013251185598e+56 3.0132575484436792e+56 3.013263594470489e+56 3.0132696921078755e+56 3.0132754901070596e+56 3.013281337865857e+56 3.0132869080761773e+56 3.0132925161314386e+56 3.013297870737142e+56 3.0133032672781266e+56 3.013308399065814e+56 3.013313596535919e+56 3.0133185469196537e+56 3.013323534788296e+56 3.0133283095249772e+56 3.0133331378026197e+56 3.0133377356467765e+56 3.013342390292496e+56 3.013346855718121e+56 3.0133513652855454e+56 3.013355665288918e+56 3.013360027656669e+56 3.0133642121194125e+56 3.0133684400015805e+56 3.0133724747466334e+56 3.0133765718177358e+56 3.0133805125171287e+56 3.0133845015335414e+56 3.013388306442174e+56 3.0133921637013945e+56 3.013395876284014e+56 3.013399655063298e+56 3.0134032639454854e+56 3.0134069111172594e+56 3.0134104084851496e+56 3.0134139806114637e+56 3.0134174200108365e+56 3.01342089989328e+56 3.013424220098808e+56 3.0134275864925976e+56 3.0134308295115145e+56 3.0134341583340686e+56 3.0134373531471463e+56 3.0134405747010114e+56 3.0134436501234902e+56 3.013446773384817e+56 3.0134497889273195e+56 3.0134528897996492e+56 3.0134558755369337e+56 3.0134588897906184e+56 3.013461765032107e+56 3.0134646805449678e+56 3.0134674889621253e+56 3.013470372006474e+56 3.013471799323668e+56 3.013472545067567e+56 3.0134728505139618e+56 3.0134728740966993e+56 3.0134728740966993e+56 3.0134728740966993e+56 3.0134728740966993e+56 3.0134728740966993e+56 3.0134728740966993e+56 3.0134728740966993e+56 3.0134728740966993e+56 3.0134728740966993e+56 3.0134728740966993e+56 3.0134728740966993e+56 3.0134728740966993e+56 3.0134728740966993e+56 3.0134728740966993e+56 3.0134728740966993e+56 3.0134728740966993e+56 3.0134728740966993e+56 3.0134728740966993e+56 3.0134728740966993e+56 3.0134728740966993e+56 3.0134728740966993e+56 3.0134728740966993e+56 3.0134728740966993e+56 3.0134728740966993e+56 3.0134728740966993e+56 3.0134728740966993e+56 3.0134728740966993e+56 3.0134728740966993e+56 3.0134728740966993e+56 3.0134728740966993e+56 
# [Mg/Fe] for total ejected gas till this time:
0 0 1.0141387620595463 1.0041932545230405 0.8537579477847531 0.7713719910411103 0.7277512522963214 0.45611041546785336 0.21198634718280035 0.05110554566531869 -0.056731771987764225 -0.13351728541601723 -0.19136363846484344 -0.23695337124688723 -0.2741405121902716 -0.30527971020974315 -0.33189055084254837 -0.35499981293988286 -0.37533371882255184 -0.39342759201831956 -0.40968334705974985 -0.4244066082821037 -0.4378327420207243 -0.45014988614900553 -0.46152408928898947 -0.47204423865116685 -0.4818226805072 -0.49095438234411015 -0.49950846061152776 -0.5075489559500094 -0.5151256935436553 -0.522283436668487 -0.5290566011847181 -0.5354794340707438 -0.5415830936902173 -0.5473879199656244 -0.5529128563093184 -0.5581787237588429 -0.5632079986329285 -0.5680174941250395 -0.5726231917571982 -0.5770376189351072 -0.5812739824281805 -0.5853469283745394 -0.5892635689224135 -0.5930346229355496 -0.5966697378983843 -0.6001712178289311 -0.6035593748714655 -0.6068348643204802 -0.6100039100703382 -0.6130740931122103 -0.6160577939431426 -0.6189616044596391 -0.621789918162117 -0.6245433649132435 -0.627222765290657 -0.6298379926486197 -0.6323952416159858 -0.6348924978861527 -0.6373348426420749 -0.6397171818592707 -0.6420413825597866 -0.6443158515582339 -0.6465324180401436 -0.6487169092879048 -0.6508583894111586 -0.6529520989686557 -0.6550026936786713 -0.6570113490711416 -0.6589774150027263 -0.6609054741239706 -0.6627962585123971 -0.6646523919778364 -0.66647489924898 -0.6682634295323229 -0.6700134021069085 -0.6717425303620816 -0.6734375907863692 -0.6751038207216361 -0.6767418327194598 -0.6783512032176271 -0.6799336846618399 -0.6814993210853807 -0.6830325639033195 -0.6845346111755312 -0.6860202663582409 -0.687485453146743 -0.6889276065920233 -0.690347507604378 -0.691746682434189 -0.6931246915356457 -0.6944831483806136 -0.6958134330034426 -0.6971354379201358 -0.6984425417452348 -0.699731299488088 -0.7009996876235588 -0.7022487789904475 -0.7034804298101575 -0.7046964618076421 -0.7058980964170853 -0.7070848931436209 -0.7082551459781183 -0.7094100454038589 -0.7105505087664356 -0.7116756407239998 -0.7127856234858809 -0.7138823053123353 -0.7160354807795046 -0.7260658576639988 -0.7431421648504306 -0.7572585999069364 -0.7692056695648457 -0.7795953314415883 -0.7928544778371929 -0.8040569352458743 -0.8137204795501581 -0.8166647014267459 -0.8221979448056744 -0.8297096647370389 -0.8364665047290635 -0.8406060573422789 -0.8425792898372718 -0.8499173302760297 -0.8580196005873635 -0.871575255524222 -0.8825937119816482 -0.8918465362088276 -0.8997814915851359 -0.90671125044158 -0.9128503701260536 -0.918349768574557 -0.9233250417184014 -0.9278592872746977 
# [Mg/Fe] for instant ejected gas at this time:
0 0 1.0141387620595463 1.0039426550275126 0.7505368302018779 0.5758224763426971 0.4344806890801173 -0.704910656320293 -1.2672303387347508 -1.524833677313592 -1.6124016495810283 -1.6468666135033712 -1.6607216105123255 -1.6674479122220012 -1.6697231051448964 -1.6692765137945536 -1.6665231331984574 -1.6615612243225704 -1.6557934554673512 -1.652258281190424 -1.6514060395842693 -1.651911170741613 -1.6520044933617324 -1.6524710210407518 -1.6614323480051885 -1.650744613713585 -1.645398413382347 -1.6458407616767494 -1.6445672283198587 -1.6457839290535827 -1.6450652106960233 -1.6432129053481845 -1.6399628252282055 -1.6359745633421539 -1.6322783141396449 -1.6232552111213265 -1.6104133865079355 -1.5984864088169315 -1.5879744701329364 -1.5777560745898742 -1.5686486580832248 -1.5584982720521112 -1.5493516063075783 -1.542896876179772 -1.5336549134003457 -1.5257939978587798 -1.5190899565284743 -1.5076447509253426 -1.507004984280303 -1.5014498807562624 -1.496652585591477 -1.4938003161730153 -1.4972692954089013 -1.503394558643924 -1.5098342468235355 -1.5131101351371319 -1.5133217972034105 -1.523237027246716 -1.5315182008278532 -1.5361320548840098 -1.545380273200981 -1.5440172459731356 -1.5445384879833006 -1.5516743110993092 -1.543274958249951 -1.569173956462198 -1.5773834413743721 -1.5754244365152166 -1.5782768082164786 -1.580639700582121 -1.5788100508816258 -1.5819716769184948 -1.5862063845437293 -1.5896081281811358 -1.593019046683118 -1.5950490024409187 -1.5865791931142788 -1.6087249943165518 -1.6040484363066376 -1.6076946386815938 -1.6102060440563304 -1.612064377148998 -1.6161965911497642 -1.6335678812632284 -1.6188888859322226 -1.6080457108775272 -1.6265049405733174 -1.6342758623851128 -1.6362126372927206 -1.6387872842756874 -1.6409531278170884 -1.6435802175055785 -1.645580216260814 -1.6230565403921426 -1.653707833593662 -1.6670829106307092 -1.6681406262652232 -1.6621993527259464 -1.6597097585132141 -1.6599224548799454 -1.6645030183076548 -1.672294306940776 -1.6739605505476192 -1.6714873689669263 -1.6724216955129827 -1.674322375858521 -1.6726190648133952 -1.671489958691402 -1.6735379141642033 -1.6752243654993664 -1.679016048041481 -1.6871163132277434 -1.6921009163047156 -1.6886451000350062 -1.7085142495153174 -1.701619969794642 -1.7016898562316871 -1.703009854883194 -1.7027954066295046 -1.7071652639773582 -1.6997957154036256 -1.705451299563827 -1.7030721006289862 -1.7027676954886302 -1.704717451392593 -1.7035717164373634 -1.7043454005899528 -1.7032470422222004 -1.7062069063300351 -1.7038050592713831 -1.7049859013529964 -1.7036161789038529 -1.7038052465027582 -1.7045403345783787 -1.7038967921364587 
# total ejected metal mass till this time:
0 0.0 5.815274813598007e-05 0.0012426849657791493 0.002123831977557978 0.0027512183194703605 0.0033094625980716044 0.003825325659872671 0.004222341313596156 0.00450128458063217 0.0047055366764559335 0.0048648955626086916 0.004997437264942147 0.005116371343520387 0.0052245257163405535 0.005323821585554806 0.005415234584674624 0.005500490649168068 0.005580049306398709 0.005654941037595956 0.005725128180228367 0.005791695578390652 0.005854176609035889 0.005914204622435642 0.0059702428113833006 0.00602551030086825 0.00607522681648935 0.006128554123199133 0.00616903910382121 0.006229396221455417 0.006242724864534407 0.006353876324638774 0.006236099818586303 0.006472468824693648 0.006065214369309642 0.006551961078577985 0.005576612089209662 0.006628087951330401 0.004285913419762305 0.006701265045529457 0.0008097306725041352 0.006771699938397268 -0.008976886419988735 0.0068396320770280575 -0.038047850153363226 0.006905223703527265 -0.12949448461468588 0.006968655030877393 -0.4335975658263567 0.007029643997435656 -1.5017112224452975 0.007089357517911427 -5.470910932099157 0.007146957309405609 -21.101723676229664 0.007202454445874206 -85.71162266789678 0.007256085089662772 -364.90806932071985 0.007307985932049973 -1649.359988475641 0.007358383766854588 -7766.3126742867735 0.00740720847152376 -38418.16079105693 0.007454605718495881 -198756.07045113272 0.007500416607401942 -1070944.636645579 0.007544732812710504 -6041517.746378385 0.007587514850198578 -35360857.84633408 0.007629003836460471 -215389511.88954216 0.0076690516187591425 -1368586841.1090446 0.007708001783769435 -8911851772.883604 0.007745640459722951 -61242153216.17647 0.007782265577256392 -427462179296.17664 0.007817838365405807 -3127894712225.93 0.0078523019027674 -23756503112159.594 0.007885941043236273 -181547039615404.5 0.007918601778511287 -1475406662050332.8 0.007950320970091398 -1.2317695512841594e+16 0.007981421024451643 -1.0318988819671731e+17 0.00801163181611471 -9.147025611630966e+17 0.00804102283303343 -8.370135399838645e+18 0.008069812500435267 -7.705981534146114e+19 0.008098004365894838 -3.835811868450304e+20 0.008125383382740131 -1.0193303741988624e+21 0.008152219997491914 -1.8610490718652507e+21 0.008178558631492031 -2.5925229088690573e+21 0.008216873644694938 -2.7663547361384664e+21 0.008544699207640128 -9.92826478435865e+20 -4.7835437884661826e+20 -5.124340022332308e+20 -4.478460004326469e+20 -4.0056905506789143e+20 -3.6986255321989054e+20 -3.4245137937349326e+20 -3.415261016078838e+20 -3.316938470456806e+20 -3.176584085249893e+20 -3.063722219477709e+20 -2.999311865828147e+20 -3.026774020629239e+20 -2.9353298225918168e+20 -2.907754656597951e+20 -2.7771533989852643e+20 -2.7065603868548782e+20 -2.6457350940603905e+20 -2.5918705497290827e+20 -2.5419097699795252e+20 -2.503520626558687e+20 -2.4646283742457433e+20 -2.4301134615712855e+20 
# Stellar [Z/H]. [Z/H] = [Fe/H] + A[Mg/Fe] where A=0.94:
0.0 -5.218485947384705 -6.659766034097503 -4.623788884409472 -2.956817305129672 -2.640656385274945 -2.569296475540548 -2.58676636054075 -2.5942246463451286 -2.6003426915223002 -2.6052236269907967 -2.6075797297059067 -2.60875014130169 -2.609248673223656 -2.6093370578416426 -2.6091460593150577 -2.608763011553269 -2.608240159254331 -2.60761340940759 -2.6069211458085295 -2.60620855787373 -2.605507288924317 -2.604821027831109 -2.604132674711929 -2.603450321466671 -2.602843984148832 -2.602153301529601 -2.601457954756583 -2.60080196178195 -2.600153248681919 -2.5995371506889993 -2.5989292647423534 -2.5983230112090867 -2.597713281603331 -2.597076717653291 -2.5965186613925098 -2.595888406839373 -2.5952712575751744 -2.594603059557759 -2.5939874938136667 -2.593323768103761 -2.59270933164753 -2.592041406947064 -2.5914305411321266 -2.5907806918223777 -2.590175769092606 -2.5895289418432004 -2.588934141251406 -2.5882806630186534 -2.5877076429553103 -2.5870983229807187 -2.5865438241756196 -2.5859544551763585 -2.5854593062426403 -2.5849396269197444 -2.584501745042115 -2.5840415953419136 -2.58359716342168 -2.5831769732726526 -2.582817466245169 -2.58241415589632 -2.5820724609062005 -2.5816867551929015 -2.5813389614895565 -2.5809702279377107 -2.580602342500815 -2.5803271883221988 -2.580061714578542 -2.5797210562523225 -2.5794345277502813 -2.5791447099604663 -2.5788557924754376 -2.578526454507691 -2.5782602635454888 -2.5779989830335723 -2.5777540822657947 -2.5774553728507494 -2.5771587212300826 -2.576942392193603 -2.576725039296761 -2.5764683686696963 -2.576216921061917 -2.575953105197577 -2.575752865786203 -2.5755753696143637 -2.575343087530393 -2.5750576383379613 -2.574839708112666 -2.5746351585039875 -2.5744728432989223 -2.574282344638372 -2.5740897941281204 -2.5738663519187464 -2.573658056970574 -2.5734031646313107 -2.5732796833679292 -2.5731393432173024 -2.572984264163705 -2.5727793527595657 -2.5725837421800697 -2.5723729266703517 -2.573575776443011 -2.5740043201394966 -2.574312991385811 -2.5745529578130126 -2.5747472295460927 -2.5749157238850193 -2.575064625590663 -2.5752051102580196 -2.5755228409233366 -2.5765624984829247 -2.577755171383722 -2.5784369817359623 -2.5788991907361134 -2.5792792223133927 -2.5796452705334483 -2.579875153238444 -2.5800521910605254 -2.580046777369445 -2.5801875369983485 -2.5802536238059712 -2.580308186511367 -2.5803585597183964 -2.580402394704545 -2.580378038645124 -2.5804474455443187 -2.5804156413884627 -2.580397490341734 -2.5803565619193436 -2.5802800364338214 -2.579993870031367 -2.5799294981860266 -2.579674334662797 -2.5795709265760034 -2.5794009842360954 
# Stellar luminosity-weighted metallicity, [Z/X]:
-4.152288344383056 -5.2406767730474275 -6.673196076674591 -4.455826553902898 -2.507166592910881 -1.9590289454766665 -1.5511255126675974 -1.0864505459391516 -0.5720746586314711 -0.10338278075144758 0.31133761150362593 0.6600460382788071 0.8773782255059497 0.9613929869325517 0.9909578667957023 0.9978634426905751 0.9984843051575465 0.9961810960175594 0.996352510207419 0.9951799686567965 0.9952817784566814 0.9918616750821848 0.9913983057496035 0.9859385223436844 0.9872475296491693 0.977938117569888 0.9880426035258548 0.965848458018149 1.0041216168012495 0.9219887923497603 1.0762790222401177 0.6153093006854502 1.3391473160503629 -0.5257198842344815 1.6826359898358625 -0.2346205971131119 2.02779812516196 0.09672284951457688 2.391477596476727 0.4541372500169314 2.7823044066732994 0.8407862884263464 3.2025333840671992 1.2580320405755865 3.652062645066195 1.7051791425153933 4.130138085064552 2.1813444734358507 4.6352225180419895 2.6847890344411796 5.165211442118301 3.214119487305826 5.722761332526543 3.7691420641025495 6.304305656706401 4.349117213080365 6.9088408612188354 4.953061582141748 7.533980412777731 5.5774336088068095 8.186006594455275 6.228036670758666 8.855252502275581 6.897137935681975 9.54658036948533 7.5870989809359335 10.256857701893528 8.296832511942156 10.98328595335025 9.021249213412379 11.728996735929584 9.767019740250587 12.49078056911798 10.52731153853874 13.27016166542935 11.307776898274488 14.068442618352181 12.104372888485967 14.876417262195723 12.913245440990574 15.709319715995292 13.744867338750467 16.54756430748398 14.583277358519826 17.40791269216436 15.443551902820008 18.28404118186475 16.31847409497611 19.161856490972607 17.197426821177555 20.068857373874916 18.103540906554876 20.986085076783777 19.01996438469847 21.904268759169224 19.938899656250644 22.849103648171475 20.883926257404102 23.80747875235886 21.840106685092017 24.76614925648519 24.485107030076147 24.191199709342417 24.020049187084744 23.90386688169821 23.817472342059553 23.749509462073654 23.693953609792437 23.647296246917787 23.572408867125336 23.366130852563824 23.20310095103672 23.128610607379212 23.084284566658333 23.053306307413266 23.01968915633311 22.995608675732413 22.978655082304282 22.974235192287523 22.9660033428939 22.95603352093328 22.947880054275938 22.943221569982683 22.94117936664774 22.933946406071975 22.926610366022672 22.916282917990326 22.9085445479596 22.903293763207902 22.90044857578936 22.897589764546467 22.894650131493712 22.89513282655677 22.892947822656126 22.893377312925235 
# Stellar luminosity-weighted [Mg/Fe]:
0 6.938893903907228e-17 -1.3877787807814457e-17 1.0103317905291667 1.0039596199274579 0.7701933858318378 0.6067347580199741 0.473567512829555 -0.5601757485401844 -1.1543823421419688 -1.4640703043314656 -1.5897835906722948 -1.6383576032291118 -1.6573443953241436 -1.6658660982556466 -1.6690643704551262 -1.669162288501747 -1.6668371434620903 -1.662271422173146 -1.6566962783926786 -1.6528930740119612 -1.651632079608565 -1.6518842970909013 -1.651993537621828 -1.6524055349524587 -1.6601384858174493 -1.652021847899084 -1.6463379132413989 -1.6459470835049144 -1.644791219483054 -1.6456726598944376 -1.64516910686504 -1.6435060221843718 -1.640485056897227 -1.6366499390354177 -1.632944754317318 -1.624680044163652 -1.6124913932483276 -1.6005954850326092 -1.5899181347993017 -1.5796776832513066 -1.5704246002693676 -1.5604236894930994 -1.5511677904446075 -1.5443506235683893 -1.5354330200709587 -1.5274504009318097 -1.520570043299125 -1.5097632730505406 -1.5077400444129723 -1.5026529462634701 -1.4978051922683444 -1.4946802974401114 -1.497217717180299 -1.502789076540553 -1.5090616908449552 -1.512706200300345 -1.513378850640212 -1.521977619452303 -1.5302615275372458 -1.5353409460034415 -1.5439832978654484 -1.5439886122122515 -1.5444577417721161 -1.5506587840664705 -1.5442734979671096 -1.5656211765865502 -1.5756107156070271 -1.5752924790690184 -1.5777342643689158 -1.5801137599083213 -1.578878066889159 -1.5814463862605272 -1.585441177259786 -1.588908694326182 -1.592322630132881 -1.5945337132384712 -1.5875507320794482 -1.6056173519374184 -1.6040757367931473 -1.6070276733684958 -1.6095990158770157 -1.6115496992759037 -1.6153785908006872 -1.6307921043548979 -1.6202591633696715 -1.6095802809145643 -1.6240260794205292 -1.6326255466999366 -1.635472231592129 -1.63808916371503 -1.6403233787629217 -1.6428919251308127 -1.644969806160104 -1.6258469251485916 -1.6496404360547645 -1.6643317511412468 -1.6672582383021248 -1.662572572070638 -1.6598377697129643 -1.6596764030182318 -1.6475598247043144 -1.6360620587125654 -1.6295738540084272 -1.6251847761079405 -1.6219280363074426 -1.619375476767584 -1.6173019871868275 -1.6155737218730888 -1.6128394697890933 -1.6057739777592948 -1.6011749749485245 -1.5996002816816384 -1.598881839676209 -1.5984949658406125 -1.5981718320499247 -1.5980215051440245 -1.597952038647794 -1.5979380794252376 -1.5979209165699548 -1.5979002979300696 -1.5978936763339395 -1.5978979432658198 -1.597908246131952 -1.597903944714703 -1.5978965809198962 -1.5979311041326343 -1.597903463692257 -1.5979229777871033 -1.597994541300633 -1.5979519927519534 -1.5980092126371523 -1.598013422508517 -1.5980954849233169 -1.5980772071457519 
# Stellar luminosity-weighted [C/Fe]:
0 -2.220446049250313e-16 -2.220446049250313e-16 -0.06538193232626788 -0.06714893865706872 -0.08645422545907433 -0.08900255155670689 -0.11876539638057781 -0.9360526523185576 -1.223732214061949 -1.3074682944945728 -1.3308755737322264 -1.3328343699914136 -1.32793685084282 -1.3205368214922752 -1.3118391838009447 -1.3017355365216137 -1.2891851810140988 -1.2753990018390342 -1.2616873664483288 -1.2477804145013502 -1.2334335941549797 -1.2197435947557633 -1.206821837836597 -1.1945879481922796 -1.1752480504206306 -1.140541285393638 -1.0971251113772864 -1.0530310854675948 -1.0130030615453411 -0.9776667081679767 -0.9463981217800082 -0.9177903807409001 -0.8931441106962522 -0.8683567816837766 -0.8402223986158744 -0.810243801892459 -0.7799028893838243 -0.75078723995047 -0.7240812816419729 -0.702143677024876 -0.6818919740096903 -0.6617961996428332 -0.6425711698868253 -0.6255108163935001 -0.6088204996611638 -0.5943751516505752 -0.5803277022523157 -0.5652672944478253 -0.5548802971235378 -0.5418455488641011 -0.5328478595236605 -0.5239142146801385 -0.5177695226136569 -0.5142133296942464 -0.5077474396807862 -0.505707869485354 -0.503602219659073 -0.4963977008221554 -0.49547523505318736 -0.49445984258833026 -0.488006837148598 -0.48518302891996884 -0.485024743364498 -0.48083340229510846 -0.4745657103264838 -0.4762434100258815 -0.47709020383147643 -0.4775239422321716 -0.4784759012708027 -0.48514200556904286 -0.48901879727518294 -0.48868024100896656 -0.4872059295637866 -0.4939781697632986 -0.5004975059649499 -0.5015644765696421 -0.49906303861619034 -0.5014470003435653 -0.5094095225814841 -0.514747655236869 -0.5152375719495568 -0.5126655532263305 -0.5147907007449677 -0.523963057019026 -0.5300759353628266 -0.531665400833095 -0.5300555501900104 -0.5270847415379233 -0.5346893502597794 -0.5442012596307274 -0.5486491626226784 -0.5484998120057669 -0.5462446459479607 -0.5438297557638192 -0.5496894673305271 -0.5597456617595241 -0.5657492593547706 -0.5670017503352126 -0.5655324598915286 -0.5641345769524672 -0.564591728539213 -0.5656490325294153 -0.5669405202141355 -0.5683229751135964 -0.5697262365722527 -0.5711200366595948 -0.572486572069609 -0.57382168875406 -0.5763796472619869 -0.5870419763558425 -0.6013130928397796 -0.6106679586458597 -0.6175163470850535 -0.6228013194753752 -0.6286845034194517 -0.6329423038878881 -0.6361444065821031 -0.6370318803551638 -0.6386162946527539 -0.6405615803836906 -0.6421527816793476 -0.643117895483347 -0.6435666286342714 -0.644976104705649 -0.6463129242365995 -0.6484581904264622 -0.649723717864363 -0.6507132102620352 -0.6513928756145578 -0.6517767556380447 -0.6527708426012089 -0.6527719435046844 -0.6536524242533674 -0.6536863798063873 
# Stellar luminosity-weighted [N/O]:
0 0.0 0.0 -1.876862708231767 -1.8862445338505052 -1.6338846951230188 -1.0968996272921518 -0.5313951772760914 -0.019646358093676097 0.37118922339087274 0.613355286365861 0.719869851287455 0.7546290384788525 0.7593513142305789 0.7600195947485954 0.7653549698780091 0.780035463551454 0.807497267985586 0.8411083598728593 0.8728782779153599 0.8895003100675123 0.8895662148925868 0.8793406813728781 0.8653700380956671 0.8504073228313072 0.8293096232675421 0.7919975739333922 0.7388387285174008 0.6732053570500207 0.5968913204046777 0.5073334525017317 0.40065577640357153 0.26689590571131017 0.08451437036374232 -0.1783380975925395 -0.5016599968728952 -0.8033566650947621 -1.0076350992420187 -1.0854849009705092 -1.1523265677833265 -1.1668375683386571 -1.174926600445536 -1.1845190211475054 -1.2473870809204173 -1.2005396915791864 -1.1839889472959237 -1.188046119414364 -1.2193500413055962 -1.2270632801152668 -1.2280925409191052 -1.2320018056833333 -1.2407829941578368 -1.2403051303381534 -1.2332405597840128 -1.2226120168634798 -1.2125121519630033 -1.2146198657683054 -1.2035138956622053 -1.1850101504350947 -1.1809162998267442 -1.1812352603165759 -1.1726300174659983 -1.1585625199097582 -1.1545094087779466 -1.132314840909213 -1.1384938025913665 -1.1471745811020626 -1.1581529564539643 -1.1362948207574948 -1.1442186694532435 -1.1223936174557423 -1.1257218104878304 -1.0701074118668645 -1.118813932792012 -1.1689769305836846 -1.1788527308702905 -1.1562133774520524 -1.1167298151607392 -1.1176177962736245 -1.122777954865417 -1.1473644401890364 -1.130209196466131 -1.253464248511993 -1.1277740182998337 -1.0728390011995228 -1.0838771553210302 -1.0997957584934552 -1.1087159632964474 -1.1334816346467471 -1.1262269922106047 -1.117002214567171 -1.1173843641517742 -1.0875266653960638 -1.1178355436613299 -1.1357442700893303 -1.1330426557801747 -1.1331517308623773 -1.1281735101749328 -1.1211013545434216 -1.1373122045892285 -1.1077576320031237 -0.7217829412847072 -0.5148463833192995 -0.42143717805240577 -0.36246482986661177 -0.31965169504219726 -0.2861381846120945 -0.2586750233583981 -0.23543580140840592 -0.19764597443427867 -0.08800988636590346 0.008481528382358938 0.05751296780341075 0.08911203692849312 0.11152011065786527 0.13492514871422245 0.1508735501036902 0.16248560665287481 0.16566365829919605 0.17114725976338985 0.17775762604216327 0.18315818943048412 0.18644425307277668 0.18792305985242075 0.19255057133424858 0.19682379895764412 0.20350828991060088 0.20740599826999495 0.21045499413724467 0.21267069711632514 0.21385586592309735 0.2169704234052029 0.21702763332680064 0.21984095862286035 0.2199377503704949 
# Stellar luminosity-weighted [C/O]:
0 -1.1102230246251565e-16 0.0 -1.2883518517658845 -1.282756773163025 -1.0314139784150786 -0.8314721144326178 -0.6994307149388802 -0.4696406131630576 -0.17241077631272117 0.029982891190365513 0.11986059246559522 0.1589066192917228 0.17614671610997873 0.1865606672557935 0.1955613016630352 0.20525756474367732 0.21694052658868995 0.22946705896642722 0.24207250358456045 0.255423403365868 0.2695957692162551 0.28339731701480014 0.2966132089536992 0.3091511616071002 0.3286991395291081 0.3634856633118354 0.4068434942945283 0.45078153571510005 0.4909659255627118 0.5259733125681954 0.5569998853302879 0.5854741503048991 0.6099618472243085 0.6346710113200309 0.6622256817546182 0.6917127373227583 0.7212001959235851 0.7496920115453942 0.7755285156607953 0.7971632055254784 0.8163032627168196 0.8357800900953968 0.8541754739080313 0.8708065704506192 0.8868692905899335 0.9008598905225802 0.9141627072528515 0.9288551425986388 0.9388346467928387 0.9510560276765206 0.959541303127053 0.9682159466083379 0.9741959715055578 0.9778112515420222 0.9855642335191138 0.9860826853759227 0.9872617857423983 0.9945462755986659 0.9954701188782888 0.9969590445442937 1.003163760272441 1.006052432747 1.006162911830096 1.0101979674145587 1.0161865022784977 1.015826425023746 1.0140460610762765 1.013167328473068 1.0127001300211593 1.0059781702853923 1.00168256469046 1.0020084339201063 1.0033052205431972 0.9972311827370958 0.9907678791424956 0.989588017652132 0.9919496494278163 0.9897459240593913 0.9819202855779392 0.9763649890999707 0.9761371482565967 0.9788822162204115 0.9763900137791297 0.9668616547955281 0.9621818944909801 0.9603090807797899 0.9611968427390082 0.9635249201523391 0.9566309344255133 0.9479108721591615 0.9433475651338441 0.9433340158329774 0.9452277369651632 0.947439749577628 0.9418735053287571 0.9324072890858727 0.9261342515696278 0.9241437864421267 0.9258232797818604 0.9278170397965201 0.9273901848315236 0.9264881536862781 0.9253283432745305 0.9240526392483311 0.9227389151852537 0.9214225555501483 0.9201243928976955 0.9188508007772185 0.9164002341902813 0.9061017046091323 0.8922129005262375 0.8830703057325988 0.8763629959376164 0.8711817658291042 0.8654070327446202 0.8612249629402486 0.8580776993749049 0.8572059160090072 0.8556462248391404 0.8537316062363917 0.8521663348449682 0.8512157513604173 0.850775623545014 0.8493856585962981 0.848067149831601 0.8459555277287751 0.8447074549714455 0.8437301838067744 0.84305794811927 0.8426823091641795 0.8417040900831152 0.8417033653037237 0.840837872690476 0.8408049870221391 
# Stellar luminosity-weighted [O/Fe]:
0 0.0 -2.220446049250313e-16 1.2229699194396169 1.2156078345059562 0.9449597529560041 0.7424695628759108 0.5806653185583024 -0.4664120391555 -1.0513214377492281 -1.3374511856849385 -1.4507361661978215 -1.4917409892831364 -1.5040835669527988 -1.5070974887480688 -1.5074004854639798 -1.506993101265291 -1.5061257076027887 -1.5048660608054614 -1.5037598700328891 -1.5032038178672185 -1.5030293633712346 -1.5031409117705636 -1.5034350467902962 -1.5037391097993797 -1.5039471899497387 -1.5040269487054736 -1.5039686056718147 -1.503812621182695 -1.5039689871080528 -1.5036400207361722 -1.5033980071102961 -1.5032645310457993 -1.5031059579205608 -1.5030277930038074 -1.5024480803704927 -1.5019565392152172 -1.5011030853074094 -1.5004792514958645 -1.4996097973027682 -1.4993068825503544 -1.49819523672651 -1.4975762897382299 -1.4967466437948564 -1.4963173868441193 -1.4956897902510973 -1.4952350421731553 -1.494490409505167 -1.494122437046464 -1.4937149439163768 -1.4929015765406217 -1.4923891626507135 -1.4921301612884763 -1.4919654941192146 -1.4920245812362685 -1.4933116731998999 -1.4917905548612767 -1.4908640054014715 -1.4909439764208214 -1.490945353931476 -1.491418887132624 -1.4911705974210392 -1.4912354616669687 -1.4911876551945942 -1.4910313697096673 -1.4907522126049815 -1.4920698350496278 -1.4911362649077529 -1.4906912707052398 -1.491176031291962 -1.491120175854435 -1.4907013619656428 -1.490688674929073 -1.4905111501069837 -1.4912093525003947 -1.4912653851074456 -1.4911524942217742 -1.4910126880440067 -1.4911929244029567 -1.4913298081594233 -1.4911126443368399 -1.4913747202061536 -1.491547769446742 -1.4911807145240974 -1.4908247118145543 -1.4922578298538065 -1.491974481612885 -1.4912523929290187 -1.4906096616902627 -1.4913202846852927 -1.4921121317898889 -1.4919967277565227 -1.4918338278387442 -1.4914723829131238 -1.491269505341447 -1.4915629726592843 -1.4921529508453966 -1.4918835109243984 -1.4911455367773392 -1.491355739673389 -1.4919516167489872 -1.4919819133707366 -1.4921371862156936 -1.4922688634886658 -1.4923756143619276 -1.4924651517575065 -1.4925425922097428 -1.4926109649673047 -1.4926724895312786 -1.4927798814522681 -1.493143680964975 -1.493525993366017 -1.4937382643784585 -1.4938793430226698 -1.4939830853044795 -1.4940915361640719 -1.4941672668281367 -1.494222105957008 -1.4942377963641709 -1.4942625194918944 -1.4942931866200821 -1.494319116524316 -1.4943336468437642 -1.4943422521792853 -1.494361763301947 -1.4943800740682005 -1.4944137181552373 -1.4944311728358084 -1.4944433940688095 -1.4944508237338279 -1.4944590648022242 -1.494474932684324 -1.494475308808408 -1.4944902969438434 -1.4944913668285267 
# Stellar luminosity-weighted [Ca/Fe]:
0 0.0 0.0 0.7371928288542338 0.7310802117178665 0.5159888453377399 0.3755568900367924 0.274390162981756 -0.10703304467650732 -0.15492786695815575 -0.1637237566814873 -0.1659846648393586 -0.1667768901272142 -0.1669832498883428 -0.16861421588223768 -0.16714098045266024 -0.16610045852303768 -0.16637887235996507 -0.1666481685164316 -0.16702673482154506 -0.16706051143781964 -0.16704718385169914 -0.16703807182049357 -0.16704887294736004 -0.16705647979938876 -0.16709829774564144 -0.16656844957834505 -0.1670253725123778 -0.1673207607928784 -0.16724886536961914 -0.16715779323165014 -0.16685928989461374 -0.16705879144377445 -0.16721043072629138 -0.16715706692001087 -0.16710560407634922 -0.1668378245226403 -0.16625074067130963 -0.1633170247684561 -0.16737983298168846 -0.16933051481494732 -0.16913607958095978 -0.16714507391983346 -0.16708076777137126 -0.16716005530404732 -0.1671798511396958 -0.1668814709712576 -0.16714550551566143 -0.167187186544975 -0.1671138670751826 -0.16716589139593685 -0.16717291178936233 -0.16707993641159202 -0.16707129158947964 -0.16713000148869983 -0.1671329515991804 -0.1670685234890701 -0.16712006840469695 -0.16710426122326894 -0.16700552188238293 -0.16715502852024877 -0.16714217553014632 -0.16694239132023259 -0.1664685999869333 -0.16640460995299522 -0.166739215273648 -0.1674912284552934 -0.1675973818190588 -0.16719614052845921 -0.16711031072291616 -0.16729810035509574 -0.16845599635121422 -0.1671208133344595 -0.1662375113917678 -0.16646436734830283 -0.16679775301297384 -0.16702221409225504 -0.1670505156898272 -0.16706070909513926 -0.16704694048199298 -0.1670359066817566 -0.16705795215158603 -0.16705927915212837 -0.16662309157649213 -0.16563959482852098 -0.16724219037248167 -0.16774587051727208 -0.16821337284227744 -0.16732445465414747 -0.1671128442058507 -0.16705575403586437 -0.1671605559284961 -0.16675534989945473 -0.16690708535713017 -0.16703116263814421 -0.16757003185464914 -0.16662997078921093 -0.16701339830611794 -0.16701366482102964 -0.16700299029614918 -0.1670301123247555 -0.1670268340120098 -0.1670286630097393 -0.1670307865651035 -0.16703228080054777 -0.16703325755975484 -0.16703389487216236 -0.1670342703439256 -0.1670344717340546 -0.16703459632976614 -0.1670328849689222 -0.16702865391311605 -0.16702548778399828 -0.16702302860238638 -0.16702121735704978 -0.16701922807825986 -0.16701775337084324 -0.1670166810191882 -0.16701639351803355 -0.16701583857846192 -0.167015134992623 -0.16701458576973405 -0.16701433981645963 -0.1670141829029197 -0.1670137559391811 -0.1670132647833693 -0.16701263944009703 -0.16701237922953482 -0.16701209491250735 -0.16701179779226538 -0.16701166276427637 -0.16701120997250962 -0.1670111268423633 -0.16701068375757067 -0.1670106028221745 
# Stellar luminosity-weighted [Ne/Fe]:
0 -1.6653345369377348e-16 -1.6653345369377348e-16 1.0030266387671576 0.9973518045601921 0.7843675006567945 0.6205831232135168 0.47495012549487703 -0.5914596762431752 -1.274793579575709 -1.7352943406076533 -2.073098477211916 -2.273011307663771 -2.3730707767746964 -2.406355762686485 -2.4153921591333702 -2.413588166825795 -2.416979518575112 -2.4147044561110924 -2.4149654119741157 -2.4161041062239716 -2.41452959778487 -2.4142689213422828 -2.41381265512239 -2.4131684439987273 -2.413770454223962 -2.4137528743194463 -2.412508784838845 -2.4136751240691057 -2.412599167732451 -2.4053172308582944 -2.412296282655695 -2.409319194518919 -2.410035480518065 -2.402791060430899 -2.402898759548783 -2.3969556000415015 -2.3950511779162973 -2.3819965318322125 -2.37696146281189 -2.365213783822189 -2.3554200212666108 -2.3540872711129563 -2.355763963305363 -2.3451823962060017 -2.3483851833936 -2.336847573144964 -2.325216869476697 -2.3147113097400056 -2.3171105235707943 -2.31162315615148 -2.3107769795933386 -2.3041069876943707 -2.304479303528046 -2.305827223511793 -2.303675046218801 -2.2900115714263265 -2.2948906515836374 -2.292788370396564 -2.294912618333756 -2.290705803551882 -2.290341931391373 -2.2739828669057953 -2.2966970515484157 -2.294562160004074 -2.2861305909686678 -2.282298886520409 -2.2832757942846706 -2.2830035556794415 -2.2881319669208846 -2.287105962384892 -2.292843374062923 -2.292460806313099 -2.295804096070671 -2.3030280362670537 -2.3044115429284022 -2.298526115828726 -2.3034422869282736 -2.3102591417984986 -2.3136671323255724 -2.3032913591156188 -2.312575526014487 -2.3155446153355594 -2.3239059820549057 -2.313366825227792 -2.328638505422642 -2.3186464267769544 -2.3302516251193905 -2.33647974104101 -2.3378341896018293 -2.336036346786365 -2.3387080365805293 -2.337022455744873 -2.3423215402711812 -2.3410828922471505 -2.349501180149293 -2.3470129560776583 -2.368312890300161 -2.351093925021404 -2.337531742160215 -2.3382657992224045 -2.338010703473448 -2.336657100782223 -2.3354009054354985 -2.3343987592670152 -2.3336076566317328 -2.33297811201792 -2.332470828224216 -2.3320590890244244 -2.3314439363914814 -2.3302879334133753 -2.3303603518791753 -2.3308389605365227 -2.3312920115083084 -2.3316866165748893 -2.332131583181326 -2.3324661884985867 -2.3327217360077146 -2.332803424534174 -2.33291832374221 -2.333066405421964 -2.3332008287994923 -2.3332738877919805 -2.333323320794743 -2.333418699531296 -2.3335082089561636 -2.3337037461385597 -2.3337892411357894 -2.3338588702077128 -2.333909806458529 -2.3339399527011855 -2.334033790017967 -2.334033370569027 -2.3341274141126434 -2.3341258602525556 
# Stellar luminosity-weighted [Si/Fe]:
0 8.673617379884035e-18 -8.326672684688674e-17 1.0626655021909353 1.056567107555576 0.8298387871097683 0.6788208367713412 0.561916218301337 -0.07505924759363482 -0.20134013874693824 -0.227634443599489 -0.23442852556217572 -0.23653725078430188 -0.23709473336399392 -0.23724906415323674 -0.2372926573016115 -0.23730267973117272 -0.23729588333203186 -0.23730238973471174 -0.23727986018872418 -0.2372790329941657 -0.2372811255338754 -0.2372729665453577 -0.23728543053624307 -0.23729577338125024 -0.23730226414715486 -0.23730208184099794 -0.23730329412210974 -0.23725928730758844 -0.23726723921761594 -0.23729995763115228 -0.23732531772019283 -0.2373186404068568 -0.23728423517317945 -0.23729456058136242 -0.2372683292028159 -0.23727511943220592 -0.23723972858124845 -0.23728358263580215 -0.2372706158410324 -0.2373054487942047 -0.23724707543116916 -0.23722946992755145 -0.23721009797073445 -0.23715673158920783 -0.2373408995530607 -0.2372844643441443 -0.23715158841095266 -0.23718573336862048 -0.23721806298562625 -0.23721013878929245 -0.23717552236391484 -0.237203574118777 -0.23719853039478028 -0.23725936775713946 -0.23747758955564463 -0.2372414944112833 -0.2371089811994051 -0.23717802127268997 -0.23748947313069227 -0.2372551093156977 -0.23699249399744723 -0.23724687314582338 -0.23728053032411453 -0.2372607020634138 -0.2370974433310136 -0.2373058340600531 -0.23736909838714934 -0.23735022807903514 -0.23753024199559583 -0.23731938548563278 -0.2371234178039484 -0.237221969407525 -0.23723301144217948 -0.23733557036684663 -0.23732085524412636 -0.23735673228952042 -0.23725709364751804 -0.23724086427165766 -0.23729062241586177 -0.2373373400161438 -0.23730795030803686 -0.2372726731502475 -0.23680913676742582 -0.23733639206749538 -0.2375481981571752 -0.23738272185535894 -0.2373885091003197 -0.23733872979982304 -0.23733866375483534 -0.23760694278645575 -0.23739989713074783 -0.23718686865430805 -0.237152184672811 -0.2372460340786023 -0.23733921576588923 -0.23728964351874093 -0.23732883002562144 -0.23737379234810793 -0.2373241142330479 -0.23732711375517931 -0.23731526442189171 -0.2373027039257814 -0.23729495294365235 -0.23728937319466678 -0.2372850001965635 -0.2372813825260448 -0.2372782888378821 -0.23727558515076402 -0.23727099608830537 -0.2372561660411376 -0.23724086190990745 -0.23723202507352859 -0.23722586596777176 -0.23722126133826277 -0.2372161164534473 -0.2372124627774499 -0.23720974268373599 -0.2372090409063684 -0.2372076142175798 -0.23720590152935772 -0.23720458706688083 -0.23720374341048517 -0.23720345008041638 -0.23720212638641042 -0.23720085623439796 -0.2371991297570356 -0.23719790891313147 -0.23719696677412686 -0.23719636461566812 -0.237196091680386 -0.23719539199341008 -0.2371954215411693 -0.23719489369253371 -0.23719487583585191 
# Stellar luminosity-weighted [S/Fe]:
0 0.0 -5.551115123125783e-17 0.9798821150344167 0.9741450285121864 0.7604024422200033 0.6187184268688808 0.5070207366718347 -0.10036083576174598 -0.21479789915520175 -0.238274008766321 -0.2444148634830986 -0.24636280467799365 -0.24691132838618424 -0.24701245752871848 -0.24701705934478824 -0.247026077215852 -0.24704455546158655 -0.2470139992079461 -0.24702897966632897 -0.24705623286638223 -0.2470661002060318 -0.24703525055481856 -0.24703803067546393 -0.24703667926444195 -0.24703582196938023 -0.2471501672696197 -0.24704922900130488 -0.24694416420886633 -0.24700964588722096 -0.2470387047377035 -0.2470473854285844 -0.247050647692572 -0.24702075749798058 -0.24701141508450364 -0.24703397886185963 -0.24705676821360556 -0.24705490651413042 -0.24706587530009538 -0.24704363680593544 -0.24701133326746838 -0.2472061005224383 -0.24699996492082577 -0.24703780401068343 -0.24692662106202912 -0.24692900205269075 -0.24704274426125905 -0.24707339626690572 -0.2469694900043672 -0.2470726619530672 -0.2470319509535135 -0.24709814532650798 -0.24704070455984328 -0.2469516722342211 -0.24703258495511682 -0.24723530074847222 -0.24704073148017125 -0.24688148304538338 -0.24744761590652287 -0.24704603609254805 -0.2468179240257451 -0.2476279658768058 -0.247102212014092 -0.24662239882609382 -0.24638045773376227 -0.24677854449222447 -0.24708955713547476 -0.24716609593811312 -0.24712146291105364 -0.24723320492106315 -0.2472211940023914 -0.24696190726853973 -0.24694604623199323 -0.24690996930479225 -0.24698473956667077 -0.24698532355214964 -0.24707884432813876 -0.2470280968132399 -0.24701205884516164 -0.2469785260997006 -0.24704431503587942 -0.24704969195693627 -0.24701541880284883 -0.24658007768475576 -0.24704578846697767 -0.24722991879139578 -0.24735530878459588 -0.24710530504349115 -0.24692461292266366 -0.24697633632964155 -0.24709529535077335 -0.24675165671279797 -0.2469569968503027 -0.24709134683490852 -0.24724112907550444 -0.24688157296209046 -0.24685823479327273 -0.2471004774261828 -0.2472921616355359 -0.24718600339800623 -0.24709981385553803 -0.24709329603237307 -0.24707277312664977 -0.2470585988531322 -0.24704893282223417 -0.24704192423880267 -0.2470365643958865 -0.24703229649947356 -0.24702879194890703 -0.24702329720316019 -0.24700841573714594 -0.24699545285018 -0.24698834556709692 -0.24698343655631483 -0.24697975299086705 -0.2469755711501629 -0.24697259039182595 -0.24697035663068956 -0.2469697974514744 -0.24696860512807628 -0.2469671938333302 -0.2469661045663184 -0.24696540494619168 -0.24696516272578162 -0.24696405487507067 -0.24696299752726336 -0.2469615904588065 -0.24696057276887706 -0.2469597800693103 -0.24695923010976362 -0.24695902257606672 -0.24695842811927482 -0.24695844940392153 -0.24695797359157046 -0.24695798329610796 
# Stellar luminosity-weighted [C/H]:
0 -5.218485947384705 -6.6510052510118705 -5.473383032321697 -3.5196996600188326 -2.746685229542205 -2.2534506293956884 -1.9268749258532027 -1.53032768121178 -1.0091159363311197 -0.48890808583906686 -0.052282812412784985 0.2277134915685992 0.3500944286647467 0.3908554087104297 0.4046234977220484 0.41255609386986514 0.42178159239626867 0.4326126710293061 0.4436431781869694 0.45494970046143823 0.46624421705413743 0.47722280204507905 0.48719460660863323 0.49632608322047966 0.512691598135059 0.5457184201541465 0.5877537662610446 0.6303886300046546 0.6690205331322288 0.7032078620161624 0.7334330067734562 0.7610458889208878 0.7843311653489708 0.8076003650521608 0.8363019072851676 0.8688287209353285 0.9008577340090538 0.9307523103161852 0.9605704852531245 0.9839394768315408 1.0062104867472756 1.028298277768982 1.0486831899440894 1.0677917807586934 1.0856513208251894 1.1019151277605066 1.1173677898180272 1.1333648018016058 1.1460358045032057 1.158331851830992 1.170799357489512 1.1804915912742433 1.1878482240329076 1.1938121995433324 1.1985976911892045 1.203806905194468 1.2087976954098592 1.2128598503356032 1.2175204640103114 1.2221887924105048 1.2259809634845542 1.2303388007780662 1.2344054620404679 1.2379176734782198 1.2412085070601404 1.2441238592186492 1.2459499561718048 1.2417173756126583 1.237463976972974 1.234766233343299 1.2325694591977636 1.228757103370976 1.2247359299675962 1.2226203363510493 1.2200421941014707 1.21645992672074 1.2126886051409076 1.2095147326161793 1.2068841400089783 1.2036264124482576 1.1997114096215409 1.195573175136178 1.1922830795707675 1.1897238897826945 1.1872650263298459 1.1831531257894516 1.178759779115035 1.1746818231987062 1.1723151365573834 1.170485475830258 1.167424790590398 1.163551012195919 1.159741073680098 1.1556294131726608 1.1529754176432268 1.1512896290373114 1.1489600998850902 1.145590161569403 1.1414871755205693 1.1364802245092949 1.1365769344689225 1.134100869675366 1.131214848331004 1.1284127904675936 1.1257554402066772 1.1232402778281765 1.1208588378176545 1.1185941722245203 1.1143773957863217 1.0977324357743377 1.076426687454858 1.0626594669987917 1.0526494455093651 1.0449574285927818 1.0363667177418163 1.0301828632881187 1.0255315492403452 1.0242726813568974 1.0219262011817096 1.0190845290552555 1.0167425004934527 1.0153553914020148 1.014709198753525 1.0126320729178833 1.0105459302244388 1.007419988394822 1.0054326340249462 1.0038877372259378 1.0028728479653704 1.0024227414482838 1.001098990904167 1.0011534143594298 1.000079578332409 1.0000354385185264 
# Stellar luminosity-weighted [N/H]:
0 -5.218485947384705 -6.6510052510118705 -6.06189388878758 -4.123187420706312 -3.3491559462501455 -2.5188781422552227 -1.7588393881904132 -1.0803334261423991 -0.4655159366275248 0.09446430933642791 0.547726446409075 0.823435910755729 0.9332990267853467 0.9643143362032318 0.9744171659370222 0.9873339926776419 1.0123383337931644 1.044253971935738 1.074448952517769 1.0890266071630825 1.0862146627304692 1.073166166403157 1.0559514357506012 1.0375822444446867 1.0133020818734932 0.9742303307757028 0.9197490004839168 0.8528124513395747 0.7749459279741946 0.6845680019496991 0.5770888978467394 0.44246764432729835 0.25888368848840493 -0.005408743860409793 -0.3275837713423462 -0.6262406814821917 -0.8279775611565503 -0.9044246021997182 -0.9672845981909974 -0.9800612970325941 -0.9850193764150799 -0.992000833473921 -1.052879364884359 -1.0035544812711121 -0.9852069170606681 -0.9869908821764373 -1.016144958740421 -1.0225536209122996 -1.0208913832087383 -1.0247259815288627 -1.0295249397953787 -1.0280294856722474 -1.0195883072566634 -1.0066110688621688 -0.9994786942929128 -0.9968956459497598 -0.9819779859947442 -0.9666965756981574 -0.9588659546947218 -0.9560055124503641 -0.9498128142538844 -0.9342761518786915 -0.9262668585675753 -0.9045951348455521 -0.9134717978097244 -0.9188771469071595 -0.926249061358436 -0.907744773617905 -0.9194548225014287 -0.8936055543978361 -0.8948349159805273 -0.8433587424159947 -0.8973832233676129 -0.9435877769697303 -0.949578415911315 -0.929341468383444 -0.8959908594476484 -0.8978489877168361 -0.8978141004343785 -0.9201030168407502 -0.9066349351011871 -1.0367732895962263 -0.911880952508195 -0.8499767662123565 -0.8587940234821643 -0.876951713483793 -0.8911530269204206 -0.92232473160038 -0.9105427900787353 -0.8944276108960745 -0.8933071386952198 -0.8673096690331219 -0.9033222069463953 -0.9275546064942981 -0.9219407434657052 -0.9142693909109392 -0.9053476618594711 -0.8996549794161455 -0.9216483088505196 -0.8990944472903486 -0.5125961916473081 -0.3072336673302116 -0.21555067299593222 -0.15810467864734967 -0.11663517002077306 -0.08432046233406698 -0.057940578438438806 -0.03569242996110411 0.0003311871617617257 0.10362084479930189 0.1926953153109796 0.23710212906960315 0.2653984865002421 0.2852957734215429 0.30588483371141884 0.31983145045156025 0.32993945651831513 0.3327304236470865 0.33742723610595915 0.3431105488610271 0.347734355078968 0.3505838931143739 0.3518566350609311 0.3557969856558332 0.35930257935048227 0.36497275057664824 0.3681311773234959 0.37061254755640816 0.372485596962425 0.3735962982072021 0.376365324226255 0.37647768238250734 0.37908266426479287 0.3791682018668818 
# Stellar luminosity-weighted [O/H]:
0 -5.218485947384705 -6.6510052510118705 -4.185031180555814 -2.2369428868558074 -1.7152712511271266 -1.4219785149630706 -1.2274442109143218 -1.0606870680487228 -0.8367051600183979 -0.5188909770294323 -0.17214340487837987 0.06880687227687643 0.1739477125547677 0.20429474145463633 0.20906219605901288 0.20729852912618796 0.20484106580757855 0.20314561206287873 0.20157067460240885 0.19952629709557002 0.19664844783788205 0.1938254850302794 0.1905813976549342 0.18717492161337912 0.18399245860595093 0.18223275684231055 0.18091027196651632 0.17960709428955424 0.17805460756951685 0.17723454944796702 0.17643312144316825 0.17557173861598852 0.17436931812466216 0.1729293537321297 0.17407622553054924 0.1771159836125702 0.1796575380854688 0.18106029877079122 0.1850419695923291 0.18677627130606256 0.18990722403045623 0.1925181876735853 0.19450771603605777 0.1969852103080738 0.1987820302352561 0.2010552372379264 0.20320508256517567 0.20450965920296715 0.20720115771036696 0.20727582415447143 0.21125805436245892 0.21227564466590554 0.21365225252734987 0.2160009480013101 0.21303345767009052 0.21772421981854562 0.22153590966746073 0.2183135747369369 0.22205034513202282 0.2252297478662113 0.22281720321211296 0.22428636803106627 0.22824255021037176 0.22771970606366088 0.22502200478164225 0.22829743419490311 0.2319038950955279 0.22855004713959026 0.22476384695181473 0.22878806305790622 0.23088689450730326 0.22674866945087002 0.22143070942439946 0.2253891536139534 0.2292743149589751 0.226871909068608 0.2207389557130912 0.21976880855678838 0.2249638544310386 0.22726142334828703 0.22357426136494407 0.21669095891576617 0.2158930657916378 0.22286223498716584 0.22508313183886575 0.22284404500966204 0.21756293637602742 0.21115690304636647 0.2156842021318699 0.2225746036710965 0.22407722545655417 0.22021699636294212 0.21451333671493478 0.2081896635950331 0.21110191231446995 0.2188823399514388 0.22282584831546215 0.22144637512727616 0.21566389573870914 0.2086631847127749 0.20918674963739914 0.2076127159890877 0.205886505056474 0.20436015121926232 0.20301652502142353 0.2018177222780282 0.20073444491995884 0.1997433714473016 0.1979771615960404 0.19163073116520568 0.18421378692862067 0.17958916126619284 0.17628644957174888 0.17377566276367773 0.17095968499719616 0.16895790034787028 0.16745384986544032 0.1670667653478901 0.16627997634256886 0.16535292281886393 0.16457616564848454 0.16413964004159753 0.1639335752085107 0.16324641432158504 0.16247878039283759 0.16146446066604714 0.1607251790535007 0.1601575534191637 0.1598148998461002 0.15974043228410428 0.1593949008210518 0.15945004905570626 0.15924170564193263 0.15923045149638737 
# Stellar luminosity-weighted [Mg/H]:
0 -5.218485947384705 -6.6510052510118705 -4.397669309466265 -2.448591101434306 -1.8900376182512932 -1.5577133198190074 -1.334542016643069 -1.154450777433408 -0.9397660644111383 -0.6455100956759594 -0.3111908293528529 -0.07780974166909882 0.020686884183422904 0.045526131947058346 0.04739831106786685 0.04512934188973183 0.044129629948277405 0.04574025069519383 0.048634266242618907 0.04983704095082775 0.04804573160055092 0.04508209970994059 0.04202290682340237 0.038508496460300634 0.027801162738240848 0.034237857648700576 0.03854096439693233 0.037472631967334635 0.03723237519451583 0.0352019102897021 0.03466202168842436 0.03533024747741642 0.03699021914799605 0.039307207700519875 0.04357955158372384 0.05439247866413588 0.06826923014455044 0.08094406523404629 0.09473363209579588 0.10640547060511008 0.1176778604875981 0.1296707879187151 0.14008656938630715 0.14895197358380408 0.1590388004153942 0.16883987847927262 0.17712544877121772 0.18886882319889153 0.19317605721377173 0.1975244544316226 0.20584202474482804 0.2097255085142704 0.20840002946626512 0.20523645269702584 0.19728344002503562 0.19680857437947719 0.19902106442872025 0.1872799317054552 0.1827341715262536 0.1813076889953935 0.1700045027677035 0.17153321748578332 0.1749724636328498 0.16809229170685747 0.17150071941951417 0.15474609265798023 0.14742944439625383 0.14394883877581144 0.1382056138748604 0.13979447900401976 0.142710189583787 0.13599095811941542 0.1265006822715975 0.12768981178816574 0.1282170699335401 0.12349069005191105 0.1242009116776499 0.10534438102232624 0.1122179257973146 0.11134639431663018 0.1053499656940815 0.0966890290866047 0.09169518951504774 0.08289484244682299 0.09708179832300079 0.1052382457079819 0.08478924988451642 0.06914101803669315 0.07153225522503348 0.07659757174595505 0.0757505744501552 0.06915889907087358 0.061015913467953986 0.07361224378788833 0.05302444891898883 0.0467035396555886 0.04745112093773596 0.05001933983397766 0.04718186569913385 0.04093839844353031 0.05360883830382157 0.06368784349221546 0.06858151453671191 0.07155098947324934 0.07355364047148694 0.07498483772018627 0.07604342270043585 0.07684213910549165 0.07791757325921544 0.07900043437088566 0.07656480534611365 0.07372714396301294 0.07128395291821032 0.06926378222754437 0.06687938911134328 0.0651036620319827 0.06372391717465398 0.06336648228682318 0.0626215792645084 0.06174581150887626 0.06100160583886005 0.060575343619541755 0.06036758125584374 0.05970423290882909 0.05896227354114281 0.057947074688650346 0.05725288819705199 0.056677969700870356 0.056271182279295395 0.05624750433437509 0.05586062086822352 0.055911935355597464 0.05563651766245936 0.05564461117916153 
# Stellar luminosity-weighted [Fe/H]:
0 -5.218485947384705 -6.6510052510118705 -5.408001099995431 -3.4525507213617637 -2.6602310040831307 -2.1644480778389816 -1.808109529472624 -0.5942750288932226 0.2146162777308298 0.8185602086555059 1.2785927613194419 1.5605478615600128 1.6780312795075671 1.711392230202705 1.7164626815229926 1.7142916303914792 1.7109667734103677 1.70801167286834 1.7053305446352982 1.7027301149627885 1.6996778112091167 1.6969663968008426 1.69401644444523 1.6909140314127593 1.6879396485556901 1.6862597055477844 1.6848788776383312 1.6834197154722492 1.68202359467757 1.6808745701841392 1.679831128553464 1.678836269661788 1.6774752760452234 1.6759571467359375 1.676524305901042 1.6790725228277879 1.680760623392878 1.6815395502666552 1.6846517668950973 1.686083153856417 1.6881024607569661 1.6900944774118152 1.6912543598309147 1.6933025971521936 1.6944718204863536 1.6962902794110817 1.6976954920703426 1.698632096249431 1.7009161016267438 1.7001774006950932 1.703647217013172 1.7044058059543818 1.7056177466465643 1.7080255292375788 1.7063451308699902 1.709514774679822 1.7123999150689322 1.7092575511577586 1.7129956990634985 1.716648634998835 1.7139878006331521 1.715521829698035 1.7194302054049655 1.7187510757733282 1.7157742173866235 1.7203672692445307 1.723040160003281 1.7192413178448298 1.7159398782437765 1.7199082389123417 1.7215882564729466 1.717437344379943 1.711941859531383 1.716598506114348 1.7205397000664209 1.7180244032903822 1.7117516437570979 1.7109617329597446 1.716293662590462 1.7183740676851262 1.7149489815710974 1.7082387283625082 1.7070737803157354 1.7136869468017202 1.7173409616926727 1.7148185266225466 1.7088153293050454 1.7017665647366296 1.7070044868171625 1.7146867354609854 1.7160739532130767 1.712050824201686 1.7059857196280586 1.69945916893648 1.7026648849737538 1.7110352907968358 1.7147093592398606 1.7125919119046156 1.707019635412098 1.7006148014617621 1.7011686630081355 1.6997499022047813 1.6981553685451396 1.6967357655811899 1.6954816767789298 1.694360314487771 1.6933454098872636 1.69241586097858 1.6907570430483085 1.6847744121301806 1.6777397802946377 1.673327425644651 1.6701657925944189 1.6677587480681573 1.665051221161268 1.6631251671760068 1.661675955822448 1.6613045617120608 1.6605424958344637 1.6596461094389463 1.6588952821728 1.658473286885362 1.6582758273877967 1.657608177623532 1.656858854461038 1.6558781788212844 1.6551563518893095 1.6546009474879733 1.654265723579928 1.6541994970863287 1.6538698335053756 1.6539253578641144 1.6537320025857762 1.653721818324914 
# Stellar luminosity-weighted [Ca/H]:
0 -5.218485947384705 -6.651005251011869 -4.670808271141196 -2.721470509643897 -2.1442421587453913 -1.7888911878021885 -1.5337193664908693 -0.7013080735697299 0.05968841077267406 0.6548364519740186 1.1126080964800833 1.3937709714327982 1.5110480296192241 1.5427780143204668 1.5493217010703324 1.5481911718684414 1.5445879010504022 1.5413635043519083 1.538303809813753 1.535669603524969 1.5326306273574168 1.5299283249803493 1.5269675714978703 1.5238575516133706 1.5208413508100485 1.5196912559694393 1.5178535051259532 1.5160989546793715 1.514774729307951 1.5137167769524886 1.5129718386588502 1.5117774782180131 1.5102648453189316 1.5088000798159262 1.5094187018246927 1.5122346983051473 1.514509882721569 1.5182225254981994 1.5172719339134089 1.5167526390414698 1.5189663811760061 1.5229494034919808 1.524173592059543 1.526142541848146 1.5272919693466571 1.5294088084398245 1.5305499865546812 1.5314449097044562 1.533802234551561 1.5330115092991567 1.53647430522381 1.5373258695427898 1.5385464550570846 1.5408955277488783 1.5392121792708098 1.5424462511907526 1.5452798466642355 1.5421532899344896 1.5459901771811158 1.5494936064785865 1.546845625103006 1.5485794383778027 1.552961605418032 1.5523464658203325 1.5490350021129755 1.5528760407892372 1.5554427781842222 1.5520451773163702 1.54882956752086 1.5526101385572462 1.5531322601217328 1.5503165310454836 1.5457043481396155 1.5501341387660448 1.5537419470534468 1.551002189198127 1.5447011280672704 1.5439010238646054 1.5492467221084691 1.55133816100337 1.5478910294195112 1.5411794492103805 1.5404506887392433 1.5480473519731994 1.5500987713201901 1.547072656105275 1.5406019564627682 1.534442110082482 1.5398916426113116 1.5476309814251206 1.54891339728458 1.5452954743022316 1.5390786342709282 1.5324280062983355 1.535094853119105 1.544405320007625 1.5476959609337433 1.5455782470835864 1.5400166451159496 1.5335846891370064 1.534141828996126 1.532721239195042 1.5311245819800368 1.5297034847806419 1.528448419219175 1.5273264196156093 1.5263111395433375 1.5253813892445258 1.5237224467185424 1.5177415271612578 1.5107111263815218 1.5063019378606528 1.5031427639920327 1.500737530711107 1.498031993083008 1.4961074138051629 1.4946592748032597 1.4942881681940277 1.4935266572560009 1.4926309744463238 1.491880696403066 1.4914589470689021 1.4912616444848767 1.4905944216843503 1.4898455896776692 1.4888655393811874 1.488143972659775 1.487588852575466 1.4872539257876625 1.4871878343220528 1.486858623532867 1.4869142310217507 1.486721318828205 1.4867112155027389 
# Stellar luminosity-weighted [Ne/H]:
0 -5.218485947384705 -6.6510052510118705 -4.404974461228273 -2.4551989168015718 -1.875863503426337 -1.543864954625465 -1.3331594039777475 -1.1857347051363982 -1.0601773018448792 -0.9167341319521469 -0.7945057158924742 -0.712463446103758 -0.6950394972671292 -0.6949635324837811 -0.6989294776103767 -0.699296536434316 -0.7060127451647444 -0.7066927832427519 -0.709634867338818 -0.7133739912611832 -0.7148517865757533 -0.7173025245414406 -0.7197962106771598 -0.7222544125859676 -0.7258308056682727 -0.7274931687716624 -0.7276299072005141 -0.7302554085968564 -0.7305755730548817 -0.7244426606741552 -0.7324651541022309 -0.7304829248571316 -0.7325602044728425 -0.7268339136949615 -0.7263744536477406 -0.7178830772137141 -0.7142905545234193 -0.7004569815655568 -0.6923096959167925 -0.6791306299657718 -0.6673175605096446 -0.6639927937011416 -0.6645096034744489 -0.6518797990538081 -0.6539133629072467 -0.6405572937338819 -0.6275213774063548 -0.6160792134905746 -0.6161944219440505 -0.611445755456387 -0.6071297625801666 -0.5997011817399889 -0.5988615568814826 -0.5978016942742146 -0.5973299153488112 -0.5804967967465045 -0.5824907365147052 -0.5835308192388053 -0.5819169192702569 -0.5740571685530469 -0.5763541307582214 -0.5584610372077599 -0.5772668461434494 -0.5758110842307467 -0.5703563735820438 -0.5619316172758779 -0.5602356342813897 -0.5637622378346121 -0.5721920886771077 -0.5671977234725505 -0.5712551175899758 -0.5750234619331565 -0.5838622365392885 -0.5864295301527056 -0.5838718428619813 -0.5805017125383438 -0.5916906431711757 -0.5992974088387539 -0.5973734697351096 -0.5849172914304921 -0.5976265444433899 -0.6073058869730517 -0.6168322017391699 -0.5996798784260724 -0.6112975437299699 -0.6038279001544078 -0.6214362958143447 -0.6347131763043805 -0.6308297027846663 -0.62134961132538 -0.6226340833674522 -0.624971631543187 -0.6363358206431231 -0.6416237233106701 -0.6468362951755395 -0.6359776652808229 -0.6536035310603001 -0.6385020131167884 -0.6305121067481174 -0.6376509977606419 -0.6368420404653117 -0.6369071985774415 -0.6372455368903589 -0.6376629936858258 -0.638125979852803 -0.6386177975301495 -0.6391254183369526 -0.639643228045844 -0.6406868933431724 -0.6455135212831955 -0.6526205715845377 -0.6575115348918708 -0.66112621891389 -0.6639278685067325 -0.6670803620200587 -0.6693410213225794 -0.6710457801852661 -0.671498862822113 -0.6723758279077465 -0.6734202959830178 -0.6743055466266927 -0.674800600906619 -0.6750474934069466 -0.6758105219077644 -0.6766493544951251 -0.6778255673172753 -0.6786328892464804 -0.6792579227197395 -0.6796440828786015 -0.6797404556148567 -0.6801639565125903 -0.6801080127049124 -0.6803954115268676 -0.6804040419276411 
# Stellar luminosity-weighted [Si/H]:
0 -5.218485947384705 -6.651005251011869 -4.345335597804494 -2.3959836138061874 -1.8303922169733626 -1.4856272410676405 -1.2461933111712877 -0.6693342764868584 0.01327613898389135 0.5909257650560167 1.044164235757266 1.3240106107757108 1.4409365461435728 1.4741431660494682 1.4791700242213817 1.4769889506603064 1.4736708900783357 1.4707092831336284 1.4680506844465735 1.4654510819686228 1.462396685675241 1.4596934302554847 1.4567310139089873 1.4536182580315087 1.4506373844085352 1.4489576237067867 1.4475755835162212 1.446160428164661 1.4447563554599538 1.4435746125529865 1.442505810833271 1.441517629254931 1.4401910408720435 1.438662586154575 1.439255976698226 1.4417974033955816 1.44352089481163 1.4442559676308533 1.4473811510540653 1.4487777050622124 1.4508553853257968 1.4528650074842635 1.4540442618601803 1.456145865562986 1.4571309209332926 1.4590058150669374 1.46054390365939 1.4614463628808108 1.4636980386411178 1.4629672619058005 1.4664716946492575 1.4672022318356048 1.468419216251784 1.470766161480439 1.4688675413143457 1.472273280268539 1.4752909338695273 1.4720795298850682 1.4755062259328064 1.4793935256831374 1.4769953066357053 1.4782749565522115 1.482149675080851 1.4814903737099145 1.47867677405561 1.4830614351844775 1.4856710616161313 1.4818910897657949 1.478409636248181 1.4825888534267087 1.4844648386689978 1.4802153749724178 1.4747088480892034 1.4792629357475011 1.4832188448222943 1.480667671000862 1.4744945501095796 1.473720868688087 1.4790030401746006 1.4810367276689829 1.4776410312630603 1.4709660552122612 1.4702646435483095 1.4763505547342248 1.4797927635354973 1.4774358047671878 1.471426820204726 1.464427834936806 1.4696658230623272 1.4770797926745298 1.4786740560823288 1.4748639555473781 1.4688335349552473 1.4622131348578775 1.4653256692078647 1.4737456472780948 1.4773805292142392 1.4752181195565073 1.4696955211790503 1.4632876877065826 1.4638533985862439 1.4624471982789995 1.4608604156014873 1.459446392386523 1.4581966765823662 1.4570789319617266 1.4560671210493816 1.4551402758278162 1.4534860469600033 1.4475182460890426 1.4404989183847299 1.4360954005711224 1.4329399266266467 1.430537486729894 1.4278351047078206 1.425912704398557 1.4244662131387122 1.4240955208056927 1.4233348816168836 1.4224402079095886 1.421690695105919 1.4212695434748768 1.4210723773073801 1.4204060512371215 1.41965799822664 1.4186790490642491 1.417958442976178 1.4174039807138468 1.4170693589642598 1.4170034054059428 1.4166744415119656 1.416729936322945 1.4165371088932424 1.416526942489062 
# Stellar luminosity-weighted [S/H]:
0 -5.218485947384704 -6.65100525101187 -4.428118984961013 -2.4784056928495772 -1.8998285618631279 -1.5457296509701006 -1.3010887928007904 -0.6946358646549688 -0.00018162142437194717 0.5802861998891853 1.0341778978363436 1.3141850568820197 1.4311199511213828 1.4643797726739867 1.4694456221782048 1.467265553175627 1.463922217948781 1.460997673660394 1.458301564968969 1.4556738820964061 1.452611711003085 1.4499311462460236 1.4469784137697665 1.4438773521483173 1.4409038265863097 1.439109538278165 1.4378296486370261 1.436475551263383 1.435013948790349 1.4338358654464356 1.4327837431248795 1.4317856219692158 1.4304545185472426 1.4289457316514338 1.4294903270391823 1.432015754614182 1.4337057168787477 1.43447367496656 1.437608130089162 1.4390718205889486 1.440896360234528 1.443094512490989 1.4442165558202311 1.4463759760901644 1.4475428184336625 1.4492475351498229 1.4506220958034368 1.4516626062450642 1.4538434396736766 1.4531454497415792 1.4565490716866645 1.4573651013945388 1.458666074412343 1.4609929442824616 1.4591098301215184 1.4624740431996508 1.4655184320235493 1.4618099352512353 1.4659496629709508 1.4698307109730897 1.4663598347563465 1.468419617683943 1.4728078065788721 1.4723706180395655 1.4689956728943994 1.4732777121090561 1.475874064065168 1.4721198549337764 1.4687066733227132 1.47268704490995 1.474626349204407 1.4704912981479499 1.4650318902265904 1.4696137665476772 1.473554376514271 1.4709455589622435 1.464723546943858 1.4639496741145828 1.4693151364907617 1.4713297526492468 1.4678992896141612 1.4612233095596596 1.4604937026309792 1.4666411583347427 1.470111042901277 1.4674632178379508 1.4617100242615546 1.4548419518139655 1.460028150487521 1.4675914401102124 1.4693222965002786 1.4650938273513834 1.45889437279315 1.4522180398609756 1.4557833120116634 1.464177056003563 1.4676088818136779 1.4652997502690792 1.4598336320140914 1.453514987606224 1.4540753669757627 1.4526771290781317 1.4510967696920076 1.4496868327589558 1.4484397525401271 1.4473237500918845 1.4463131133877898 1.4453870690296733 1.4437337458451487 1.4377659963930345 1.4307443274444576 1.4263390800775544 1.4231823560381036 1.4207789950772898 1.418075650011105 1.4161525767841807 1.4147055991917585 1.4143347642605866 1.4135738907063868 1.4126789156056159 1.4119291776064817 1.41150788193917 1.4113106646620146 1.4106441227484616 1.4098958569337747 1.408916588362478 1.4081957791204323 1.4076411674186629 1.4073064934701645 1.407240474510262 1.4069114053861012 1.406966908460193 1.4067740289942052 1.4067638350288059 
# X_list:
0.7502484878082851 0.7500063198614393 0.7500001558783271 0.7499391223663502 0.7497587252917924 0.7493648658868723 0.7483612508731463 0.7454928057589301 0.7378892129113835 0.7191548535866055 0.6820031891843126 0.6404807366117293 0.6195531210382879 0.6159792209069344 0.6188536806790867 0.6228167308789002 0.6262474260743703 0.6286947801855057 0.6306431911660721 0.6330521859062445 0.6362909007117067 0.6398490781671371 0.6434411401908994 0.6468986216893639 0.6499220527977664 0.651981743258813 0.6534522875098109 0.6545467596903961 0.6555312005933902 0.6564400703204768 0.6571957562364507 0.6579185058035917 0.6586713020557263 0.6589428647785376 0.6572725612552484 0.6539070654595045 0.649969516801227 0.6459804462818336 0.6417642004770083 0.6378747452661022 0.634143397845705 0.6304079970361295 0.6269592317912693 0.62353072506694 0.6203368622010086 0.6171668093961832 0.614081001484723 0.6111737419091778 0.6082286081369732 0.6067374584682623 0.6028248313515727 0.5999350079911293 0.597924471624587 0.5963589244345793 0.5949571749852942 0.5929814191907192 0.5911036339617208 0.5899592814352853 0.5880506960910464 0.5861374941233736 0.5849782861958975 0.5834917914733909 0.5816861871118616 0.5803063574152177 0.5794757566867352 0.5781443090193791 0.5772704556922501 0.5783357268726399 0.5794924077443476 0.5796253372175614 0.5799963034162173 0.581082488793067 0.5829245755919585 0.5823743379295953 0.5821826285003502 0.5831695671115029 0.5847068383450318 0.585456057009449 0.5854193650453595 0.5858263646106836 0.5869156024108083 0.5883521404336419 0.588981548225571 0.5888241748128039 0.5890496167134966 0.5900384695293829 0.5915092766312509 0.5927670135339491 0.5925594136574611 0.5922026238436924 0.5926459335195108 0.5938527848503318 0.5951161307360237 0.5963576934527646 0.5965171282572951 0.5960211689981668 0.5954269071935319 0.5962220626506167 0.5983983179155087 0.5998017260248178 0.6005633659868572 0.6004686196348344 0.600158332347645 0.6000553919330947 0.6001605826193934 0.6003483434366325 0.6006649167253615 0.6010512341427223 0.6014240879809831 0.6017489307033096 0.6036299876253812 0.6076996405948384 0.6116760231595699 0.6154316211694897 0.618590657521679 0.6219301927201377 0.624402818447065 0.6263214618679387 0.6269667675993338 0.6279117762223492 0.6292355670083933 0.6301437121790904 0.6306900726027704 0.6308100743559998 0.6317175419914841 0.6323054999939616 0.6332895664596361 0.6338796535615319 0.6344829808630291 0.635214327424493 0.6361044224389071 0.6366930699760447 0.637544656935273 0.6382012672144756 0.638792620539743 
# stellar_X_list:
0.7529042722234999 0.7502484878082851 0.7500089926220462 0.7500037960299208 0.749982576159975 0.7499580801231147 0.749944760196493 0.7499386141224794 0.7499354097302892 0.7499344651204285 0.7499346692405037 0.7499347500803439 0.7499346124749853 0.7499343370031563 0.7499340091066747 0.7499336778823401 0.7499333445394457 0.7499330035326955 0.7499326487522332 0.7499322913840625 0.749931959863328 0.7499316692823599 0.7499314152958741 0.749931185955665 0.7499309750176072 0.74993077524904 0.7499305754425885 0.7499303721447248 0.7499301668928117 0.7499299630627112 0.7499297645926097 0.7499295687021086 0.7499293761905367 0.7499291872526828 0.7499289840201883 0.7499287765198882 0.7499285219662934 0.7499282574354385 0.7499279585150405 0.749927668061082 0.7499273504504061 0.74992704585419 0.7499267165848416 0.7499264029537734 0.7499260681150348 0.7499257500297909 0.7499254126308258 0.7499250918128234 0.7499247513424583 0.7499244311746777 0.7499241020747768 0.7499237789399059 0.7499234342708587 0.7499231222243526 0.74992280101491 0.7499224956023454 0.7499221824971377 0.7499218898898425 0.7499215734666906 0.749921288158847 0.7499209869451908 0.7499206963042594 0.7499203968515843 0.7499201254906117 0.7499198267564684 0.7499195446364224 0.7499192677657459 0.7499190137764671 0.749918743481017 0.7499185019644765 0.749918264923189 0.7499180475984865 0.7499178039992642 0.7499175881976062 0.7499173705030698 0.7499171746103653 0.7499169562839423 0.7499167518031763 0.7499165466793447 0.7499163734040067 0.7499161836299223 0.7499160011087044 0.7499158013402604 0.7499156292547118 0.7499154599873613 0.7499153048517252 0.74991512970403 0.7499149621118957 0.7499147821008807 0.7499146370504011 0.7499144892016928 0.7499143490158929 0.7499141898789001 0.7499140373128081 0.7499138736668158 0.7499137406969703 0.74991360761309 0.7499134791705947 0.7499133354135753 0.7499132054511245 0.7499130581801936 0.7499138444123129 0.7499141007616206 0.7499142804698412 0.7499144246855727 0.7499145460034276 0.7499146519384877 0.7499147457712376 0.7499148318445574 0.7499149967934058 0.7499155652449183 0.7499161916909831 0.7499165473241226 0.7499167724464516 0.7499169412828003 0.7499171149295841 0.7499172222998377 0.7499172997131152 0.7499173060260718 0.749917354502859 0.749917381008639 0.7499174142266727 0.7499174240509312 0.7499174426466746 0.7499174331894447 0.7499174652959608 0.7499174478702175 0.7499174340281999 0.7499174055548292 0.7499173535398681 0.7499172316002108 0.7499171807383872 0.7499170691598259 0.749916997266958 0.7499169220003161 
# stellar_X_list_luminosity_weighted:
0.7529042722234999 0.7502484878082851 0.7500091758695323 0.750000877654958 0.7499403993763464 0.7497621547338869 0.749372735057603 0.748381517094805 0.7455514714328654 0.7380537632108642 0.7195416883584351 0.6828065021701417 0.6415622838497589 0.6204559087411874 0.6165715643098574 0.6192251433093087 0.6230621976847482 0.6264241430993052 0.6288364235163371 0.6307600467449668 0.6331359546678027 0.6363340973928319 0.6398581737246588 0.6434235593307069 0.6468610760990997 0.649874014620189 0.6519386148777474 0.6534156601537979 0.6545160330448492 0.655502728244657 0.6564125099232805 0.6571702550200719 0.6578934211286628 0.6586449727153088 0.6589241486883693 0.6572947136824285 0.6539852005821841 0.6500838739135305 0.646127192143815 0.6419333084285689 0.6380627628924167 0.6343394864657803 0.6306210051469066 0.6271748650989281 0.6237584989749819 0.6205652154197319 0.6174045089361351 0.6143203502795949 0.611418492162235 0.6084755309062948 0.6069621313986714 0.6030878411306994 0.6001988471535356 0.598171979734302 0.5965954822630208 0.5951835881297906 0.5932165511474718 0.5913371551962795 0.5901799941427253 0.5882797576231772 0.5863719879171325 0.5851983100347264 0.5837148256152265 0.5819141910685726 0.5805302093916398 0.5796856199447833 0.5783594134462239 0.5774756046118524 0.578495939601608 0.5796302321788297 0.5797662821625291 0.5801284372263379 0.5811913859135378 0.5830058620604877 0.5824860504934554 0.5822945880980929 0.5832565672246223 0.584771824937031 0.5855212727042212 0.5854970432331358 0.5858972497901662 0.5869695373380652 0.5883871817222767 0.5890230765569392 0.5888801772832832 0.5891027064001885 0.5900736271706133 0.5915269481589306 0.5927757997015329 0.5925921197117433 0.5922465691094707 0.5926791012574665 0.5938649268038542 0.5951179808229814 0.5963497956037432 0.5965256064977283 0.5960481414401696 0.5954641412390241 0.5962367824066321 0.5983769039902183 0.5997746512711154 0.5996029016807193 0.6000990552985553 0.6007196064110176 0.6013153627830901 0.6018704637450357 0.6023870359786597 0.6028687432020916 0.6033207133838563 0.6041480942253248 0.6072689054931403 0.6110050700768187 0.6132969457507428 0.6149071826031661 0.6161174211911736 0.6174483534934639 0.6183842938304985 0.6190790570938729 0.6192655421717138 0.6196141739367256 0.6200348517906952 0.6203839160530531 0.620578493220011 0.6206735062040452 0.6209751554264956 0.6212910500864637 0.6217458523527012 0.6220485230682078 0.6222777767666224 0.6224149161218382 0.6224727416053346 0.6226425479721259 0.6226278613848956 0.6227499879072631 0.6227575964322015 
# Y_list:
0.02113317345039969 0.000537486039661398 7.206488952710766e-05 7.904577645103971e-05 0.00028931393152170865 0.0008289001907567832 0.0020609493073645373 0.005254138559937818 0.01501665641022416 0.04541729246898734 0.11706032731025988 0.20789966646746277 0.2616202856082872 0.27852309086839855 0.28064170627151447 0.27867380961730537 0.27622986012487355 0.2737778621142129 0.2714849841862006 0.26878187500804934 0.26554360047270514 0.26204183823770955 0.2585851635981531 0.2553223358327869 0.2525278624829144 0.25043804031972766 0.24891517645839717 0.24774683693989386 0.2467761977713855 0.2458770278433332 0.2450015141976458 0.24417754508815773 0.2434399021777561 0.24316845284614114 0.24422583036276582 0.24646564501919876 0.24935797393291284 0.25243637430325877 0.2553294716457672 0.2582598335514821 0.26102929302572264 0.2636402998889076 0.2662616616548728 0.2687597621563258 0.27116337464666984 0.2734290236624561 0.27571071610316306 0.2779301851461389 0.28000473468655984 0.28265865957241393 0.28398098203689603 0.2855101008437505 0.2871413192533393 0.28881018383304824 0.29046999010915103 0.29174870122752067 0.2929946832135709 0.2945716023936619 0.2957043034327489 0.29683553317447975 0.29829172971965745 0.2994783516781189 0.30048478347173546 0.30166462705568914 0.3031200289896157 0.30374132639634455 0.3043120676510092 0.30383094692791374 0.3033995383504356 0.3027582913953462 0.30229551723481946 0.30215575332642486 0.3012249632945023 0.3012961486013433 0.3010382195000461 0.3007594952325284 0.30042567995875363 0.2999682105664651 0.29918291449988565 0.2986003105202451 0.29829179353092894 0.2982038706303001 0.29787263602140146 0.29702853230199516 0.29637964597684385 0.29610072284423233 0.2960594206915718 0.29601021488905027 0.2952844117796151 0.29450844945180366 0.29411083404550603 0.2937560356668705 0.2936722483976696 0.293655545868541 0.29316003121772627 0.292335922977338 0.29256364857221334 0.2922397401406915 0.29103664380850175 0.29095441233807035 0.2914237582151281 0.29100032082063837 0.2905546651395092 0.29022021237452333 0.2899639430914103 0.2898178492856544 0.28972161650019124 0.2896482393017252 0.2895632055903959 0.28922852598640003 0.2877789098178223 0.28480964225123306 0.28157700760763976 0.27857801909382657 0.2758994384910413 0.2729061165961141 0.2706518517752013 0.26883088505692515 0.2683025006828173 0.26729269004689504 0.2659462777223017 0.26470788187985256 0.26393012998959575 0.2635920992790758 0.2621709589917456 0.2605600458106656 0.2577224290231991 0.2553458089096558 0.2534648303986406 0.251938547611501 0.2506610838005812 0.24961229297812237 0.24861880765995095 0.24791353399086205 0.24722309757828323 
# stellar_Y_list:
0.247 0.02113317345039969 0.0007647966424935806 0.0003622626203516609 0.0003627650847959612 0.00042466181457974334 0.00047346844681023595 0.0004986486336062408 0.0005110291333199026 0.0005189541639411116 0.0005252201198862049 0.0005305522559539966 0.0005348947062127947 0.0005384440661828821 0.000541432477521145 0.0005440160879488374 0.0005462978248165555 0.0005483565655100915 0.0005502351542562772 0.0005519582031648777 0.0005535372532388974 0.000554975513550431 0.0005562824986745814 0.0005574923939068079 0.0005586339723589386 0.0005597111762567672 0.0005607234458007521 0.0005616937220401075 0.0005626299914504552 0.0005635317591195744 0.000564393834521284 0.000565218890844099 0.0005660084539744753 0.0005667816146397794 0.0005675771448880688 0.0005682977684891437 0.0005690462614592507 0.0005697786435751195 0.0005705466259938719 0.0005712500615546397 0.0005719990802897187 0.0005726853562595788 0.0005734101304009964 0.000574081971273719 0.0005747845100048646 0.0005754397311578795 0.0005761166861610621 0.0005767565927479395 0.0005774111168293429 0.0005780340583658063 0.0005786941078662885 0.0005792755242506002 0.0005799095536901847 0.0005804670198028764 0.0005810704178224344 0.0005816539892008585 0.0005822023525389543 0.000582736661902117 0.0005833349213691416 0.0005838241845459196 0.0005843539456828852 0.0005848928775851979 0.0005854174920152873 0.0005858678546129482 0.0005864057500544777 0.0005869223409520063 0.0005873869984962251 0.0005878149568517961 0.0005883223226888903 0.0005887818028351383 0.0005891957137226717 0.0005895716613673821 0.000590045511446062 0.0005904842994716279 0.0005908790516406068 0.0005912164222847216 0.000591626558061945 0.0005920501879054447 0.0005924592519531949 0.0005927761285742621 0.0005931134246935067 0.0005934671822294131 0.0005938908783551868 0.0005942503939527708 0.000594568158041711 0.0005948487208547227 0.0005951729464952893 0.0005955342265189534 0.0005959364681713164 0.0005962303118245664 0.0005965046353510384 0.0005967651379123571 0.0005970689173087475 0.0005973973843154795 0.000597771514455991 0.0005980595086112075 0.0005983163889400596 0.0005985551077026769 0.0005988301462142186 0.0005990919242220874 0.000599426367986755 0.0005979583177486937 0.0005974925950616275 0.0005971573842312914 0.0005968827374117614 0.0005966494472299193 0.0005964445439636732 0.000596270439034809 0.0005961431236497762 0.0005958837770417897 0.0005948904100229882 0.0005938510948002603 0.0005932309080888845 0.0005929258506873423 0.0005926741451277557 0.0005923911002562565 0.0005922330224565786 0.0005921329630873306 0.000592111754104514 0.0005920741198259661 0.0005920605026148068 0.0005919895530149457 0.0005920140539377636 0.0005919826124131183 0.0005920242641300428 0.0005919585245448264 0.0005920160145159975 0.0005920644967160588 0.0005921406396265403 0.0005922617407046523 0.0005924716410202606 0.000592597682021794 0.0005927923579488304 0.0005929570711574733 0.0005930916676023932 
# stellar_Y_list_luminosity_weighted:
0.247 0.02113317345039969 0.0007803813141673376 0.00013260442349336124 0.00010632929360855266 0.0003025161233743884 0.0008302968257445612 0.002044768386850909 0.0051948929437467695 0.014814395080291056 0.04481835458035402 0.115581849019523 0.20567684699624741 0.2596087517917879 0.27709054338613265 0.27964185873143305 0.27793762920805554 0.27565106317533355 0.27330583606489023 0.271089725634541 0.2684554522917557 0.26528037489262973 0.26183197069819325 0.25841715473332005 0.25518671870967946 0.25241332056705146 0.2503330323604301 0.24881473162178194 0.2476501333880213 0.24668378217871895 0.2457902588102088 0.24492112684988238 0.24410293077603618 0.24336985785752874 0.24309519296792506 0.2441274918890099 0.2463319431314582 0.2491971694558267 0.252250656788978 0.2551351037948229 0.25805057618478155 0.2608161232052814 0.2634199626484611 0.26603811702665303 0.2685303120886724 0.2709339443281463 0.2731964140323319 0.2754775683421744 0.2776929966000639 0.27977010378479195 0.28240839912481136 0.2837526178853107 0.28528270624450347 0.2869151466473486 0.2885816836392376 0.29024275818253903 0.29152733400112685 0.29277803518030493 0.2943488995495129 0.2954903131742973 0.29662352649507767 0.29807619938284696 0.2992654416466286 0.3002779672884903 0.3014558071942627 0.30290690092042266 0.3035420899214014 0.3041205384354816 0.30366632305262137 0.30324722755378386 0.30262144393334867 0.3021649354564651 0.3020263275602574 0.3011149393253327 0.3011775438949859 0.3009260400978848 0.300652636993365 0.300323763292584 0.29987398187645276 0.2991001255929107 0.2985222173399073 0.29821221764115474 0.29812193209101606 0.29779571559401685 0.29696652676175084 0.29632074526285235 0.29603933234788904 0.2959935409651292 0.29594369686417227 0.29523163577606365 0.2944648445989508 0.2940646947866771 0.293710971723231 0.29362270104973337 0.2936037170417929 0.29311710151131626 0.29230527480191876 0.2925172333336626 0.2922000651784138 0.29101728656873865 0.2909230315082334 0.28921187690530276 0.28722288613399005 0.2858389948473303 0.2847375071811514 0.28380322530630625 0.28298251331032176 0.28224623183748637 0.2815750142727524 0.2803822712202406 0.2761177606732799 0.2712033351186799 0.26819933912635285 0.26608083361196705 0.2644840688100886 0.2627112542171282 0.2614596791885138 0.2605256040306961 0.2602814994702493 0.2598012799082187 0.25923021857238077 0.25875523515184473 0.25848861301895654 0.25836207933373134 0.25794445406362887 0.25749144335411694 0.2568735904088495 0.25643865877102306 0.2561069848028397 0.2559078629265048 0.25584725830504856 0.2556285079888051 0.2556560247610803 0.2555130822319692 0.25550454886331103 
# Z_list:
8.555940668178012e-08 2.176056840734405e-09 5.285135110530166e-07 4.702942361301847e-05 0.00016570018008096825 0.0004232066567283178 0.0012331946122412548 0.004019480877769205 0.011710862973580217 0.029622572029301145 0.0626831114561127 0.09694296113298415 0.11343259063396417 0.12043359480650292 0.12273661102524273 0.12358090130686078 0.12352420314964814 0.1240165062232927 0.12402600288014866 0.12450629992924236 0.12412333626980143 0.12467467284521883 0.12376932761476384 0.12482225208281514 0.1226878050300125 0.12604821024507384 0.11989321544653522 0.13142963648000183 0.10844220662089388 0.15615743376678995 0.05219062598706585 0.28907184714944717 5.733353243776099e-10 0.6416488924577018 6.112040329521562e-10 1.4107359059890554 6.505355111334178e-10 3.221006005218529 6.882411686317429e-10 7.82438005437667 7.253094586698998e-10 20.354360697064678 7.620650930250258e-10 56.689114356818045 7.992044641920025e-10 168.72789512958266 8.365738513044202e-10 534.6785178791378 8.741219572775108e-10 1798.6752298287563 9.110802518593743e-10 6422.162974585625 9.468708960751375e-10 24358.658082791106 9.826769839026796e-10 97445.15823742087 1.029535022291354e-09 408983.5470142031 1.0646953882444746e-09 1823716.7151483058 1.0999449056952789e-09 8477364.776805127 1.1475300327599092e-09 41423183.50163864 1.1721041020845692e-09 211798157.67897758 1.227053111306768e-09 1128441842.968566 1.2500619310135041e-09 6297511407.302447 1.3072277058861812e-09 36478967027.26275 1.3235736842378997e-09 219995207882.33057 1.3875422488060573e-09 1384494351212.3062 1.4039135611703277e-09 8932391415487.646 1.4603295544893124e-09 60837642980038.37 1.4983000199491323e-09 420993095819548.44 1.5165782669972207e-09 3054976724696928.5 1.5907294774217573e-09 2.3016241777665104e+16 1.6051996962741636e-09 1.7452084297833277e+17 1.6409077566236812e-09 1.4076071001093473e+18 1.7159896857821488e-09 1.1665679535318067e+19 1.7218536086468847e-09 9.70328980270951e+19 1.7508225375873171e-09 8.541869746503845e+20 1.8376202038295838e-09 7.763913094090815e+21 1.8530853273605905e-09 7.101202985095143e+22 1.8434342361631459e-09 3.51230525580039e+23 6.871585179553892e-10 9.275821182275348e+23 4.278696000566584e-10 1.683320372469293e+24 3.106041856481135e-10 2.331147901048874e+24 2.437516798468358e-10 2.4077582355837235e+24 1.119795554657608e-10 7.949214762177952e+23 3.7089003100249476e+23 3.864023671848817e+23 3.258506317929615e+23 2.8276409648531827e+23 2.5434435299654297e+23 2.336211184418174e+23 2.295196457492111e+23 2.1839708547900552e+23 2.053410277659974e+23 1.958192048276284e+23 1.906710091956063e+23 1.8859268953283953e+23 1.788742946009598e+23 1.7070472824008663e+23 1.5814541928742862e+23 1.5022338601279372e+23 1.4364025791338285e+23 1.3802227020048038e+23 1.3305660735327096e+23 1.290419502438585e+23 1.2527436238764434e+23 1.2195340046203156e+23 1.1908473989454139e+23 
# stellar_Z_list:
9.572777650013187e-05 8.555940668178012e-08 3.096342682160245e-09 3.555540503076381e-07 1.6505604779496518e-05 3.2741762396584975e-05 4.140202197716666e-05 4.7752526913890876e-05 5.3250595129984654e-05 5.579485323772083e-05 5.603599801024233e-05 5.590016129553457e-05 5.586989489077848e-05 5.604138603308591e-05 5.648915132068365e-05 5.701881148099539e-05 5.7569484286251316e-05 5.810422071422025e-05 5.864421277943963e-05 5.916220639287043e-05 5.967370435985863e-05 6.0149912198403845e-05 6.062375442329769e-05 6.105525820829455e-05 6.150828929966007e-05 6.18909483511589e-05 6.234941795004429e-05 6.263950140240592e-05 6.320178275471104e-05 6.321731836127612e-05 6.429107298072111e-05 6.311681452879669e-05 6.68405770055662e-05 6.371144382691882e-05 7.309692220650152e-05 6.699058128381265e-05 8.685650919988675e-05 7.43813247154987e-05 0.00011808267964654157 9.10567077030552e-05 0.0001929497125443322 0.00013050362368643455 0.0003854266712968285 0.00023026839356485472 0.0009149553189263587 0.0005005454234208142 0.0024688131302375974 0.0012830193242789857 0.007321671074375236 0.0036980343375814097 0.02339016418817023 0.011612925335675825 0.0796723998939936 0.03908726160846119 0.2883878471749911 0.14012769605772768 1.1088930506190628 0.5342395078435486 4.499537044761225 2.152268404590116 19.159495309453188 9.110161845136247 86.55082626215702 40.88689304656565 408.0215652956982 191.83520314224725 2020.0410364660797 945.1606747781153 10464.002882700705 4874.8587729675855 56474.752629605595 26212.083940611712 319050.57306645333 147514.2676240427 1871085.6093935792 862410.4341733999 11418921.975951323 5247185.95595702 72683290.42113465 33294709.327803638 474591617.09606725 216990176.9392134 3265510348.3004823 1487957824.2732787 22863115417.77518 10403606736.870241 167569451238.51495 76048095715.93845 1275290651369.256 577400992451.8367 9779373201841.908 4424992157816.797 79553492724183.58 35888179482534.68 665763142983170.1 299829195114626.94 5596373316084550.0 2519395327651867.0 4.966728810878949e+16 2.2303266517785856e+16 4.554640257337907e+17 2.041905227008714e+17 1.6845059158852173e+17 1.5301816901834675e+17 1.4365164023900328e+17 1.37117934624552e+17 1.3219468475848237e+17 1.2829792914702602e+17 1.2510452614630027e+17 1.2010225710157715e+17 1.0706261060568594e+17 9.734486883096634e+16 9.303260620725862e+16 9.055407144453454e+16 8.891021228692288e+16 8.729284735868901e+16 8.622949207894448e+16 8.549226969872918e+16 8.531867006031778e+16 8.495626940193317e+16 8.456330002260848e+16 8.423061421050686e+16 8.405999452009278e+16 8.396837025966925e+16 8.373520847831182e+16 8.345065403383848e+16 8.316500452896178e+16 8.297213855910317e+16 8.288528057997842e+16 8.292991754517466e+16 8.307349743680277e+16 8.309301332706646e+16 8.334485748042994e+16 8.342305756902186e+16 8.360736587932323e+16 
# stellar_Z_list_luminosity_weighted:
9.572777650013187e-05 8.555940668178014e-08 3.1594385188961035e-09 5.211642611071957e-07 4.630198024970497e-05 0.00016354375993341114 0.00041813043833055405 0.001217340065081519 0.003964079736367334 0.011546347576077545 0.029250478903184832 0.06195596060873833 0.09601884084856897 0.11267908723766208 0.11986179217141886 0.12230703375389525 0.12324097240100326 0.12325058581224829 0.12377405173643174 0.12381793420595946 0.12431346279904941 0.12396134472513994 0.12451493219993005 0.12364452477970063 0.12468033403059174 0.12260458117061092 0.1258892706784948 0.119888466574014 0.13115393187688795 0.10871831293836735 0.15530851961248768 0.05379310430028947 0.28512957591541094 0.003896466131333856 0.6298118425556432 0.007601143839192053 1.3839023737663276 0.01612247273170464 3.1588937871145943 0.036254888130389185 7.67197564253172 0.08726647693484073 19.954517226622823 0.22550703467974828 55.56720208216523 0.6247495895588205 165.36640703836412 1.851308453459425 523.9628506790891 5.844825657254036 1762.4323133999849 19.59925072142392 6292.104082459527 69.77623598367798 23862.999140855874 263.9414321861885 95453.86751131453 1053.5039259650423 400593.87533331825 4413.233662867446 1786155.3061937853 19637.180976578034 8302189.361691128 91145.72266359358 40564357.57373173 444662.9210739597 207393394.07793498 2270416.6486452417 1104906877.7609248 12082022.806151194 6165795248.161318 67341580.25276577 35714053634.15447 389694134.17333466 215370691885.48477 2347788984.267587 1355319429771.1228 14760420725.820961 8743782556997.461 95172078859.71368 59549837949567.25 647473964964.9347 412066129993514.6 4478670135901.133 2990054031009347.0 32470003042896.363 2.252614083847729e+16 244448872292844.78 1.7079940940415706e+17 1853199189891169.8 1.3775245134032433e+18 1.4931379328682398e+16 1.1415952742322538e+19 1.2368210425024157e+17 9.495312065200675e+19 1.0286512443398239e+18 8.358423940887798e+20 9.047347665776206e+18 7.596909022241888e+21 8.219036631193136e+19 6.948271372319056e+22 3.63672250865334e+22 1.8499588194007328e+22 1.2487065863520592e+22 9.565520127718783e+21 7.847201090237616e+21 6.716213408562656e+21 5.914469356995986e+21 5.315986769400513e+21 4.480141032160277e+21 2.800601423854175e+21 1.9359100464290459e+21 1.63689498383736e+21 1.4819499662888382e+21 1.3826402802271513e+21 1.2824168088838668e+21 1.215084650874255e+21 1.1698780790713545e+21 1.158381241498014e+21 1.137271341474546e+21 1.1122157252304431e+21 1.0921442225767021e+21 1.0808307677431733e+21 1.0759249605499613e+21 1.0586686179208656e+21 1.0414654620566967e+21 1.017736202517485e+21 1.0002492163563717e+21 9.885928456771169e+20 9.823539059618952e+20 9.759993115554991e+20 9.696797689126937e+20 9.70735217440422e+20 9.660530122089221e+20 9.670206657425742e+20 
# formed stellar mass list:
1e-15 4664039.624280768 181916223.82263917 164326439.96393707 72553568.05019693 24838803.099922255 7480923.405857383 2092178.3163355584 560916.7604291596 148900.8738502881 41779.87939739802 14348.661361599572 7150.337358991502 5023.038519717032 4192.909583286704 3728.4033302243815 3393.826636177451 3124.0442055206036 2896.988157191506 2702.403047637538 2531.163077203112 2380.4991882657023 2244.4705482307672 2124.5374269110393 2018.252451263725 1923.220755627779 1834.28906598993 1753.7889620404337 1681.5212409775067 1615.263288791053 1553.4393746508144 1496.3814334413617 1443.6618317313787 1395.3439915261602 1351.8956984141998 1308.8918869464042 1266.1656215153748 1229.756079888971 1197.9372868005194 1162.383240732953 1132.8039358405656 1102.9774814560817 1074.872359026549 1049.7790901619587 1023.8519349570679 1000.9954096149875 977.6876247409162 956.2813835892758 936.5953785041711 915.2041009147434 898.9793279733892 878.0785209286706 862.1510755466043 844.88815034454 825.2922315434813 814.1027144268893 794.9539187306254 777.0498163525353 769.1450462286065 751.3886214150714 734.3005485378054 727.3091550838334 713.9979988323614 697.1495099574264 688.0399420363894 682.5332311159157 665.6679158953225 651.9685192338811 646.3766541793905 639.9682928920085 624.0849580033456 611.9821331798296 607.7855569686205 604.4242262648429 589.8717233511733 576.559020590817 570.92952262855 569.8356523695843 562.2828503629656 547.8215499649774 537.5846624527911 533.9384564829414 533.8605146016483 527.5032732626295 513.5031633372962 502.9139217918022 498.73751145687584 498.3803584419332 499.5632466795761 487.5350224719967 473.32989495529563 466.20326836950636 464.15049726396444 464.61557241714553 465.87399031551075 456.92809112591317 443.3462922076854 435.34567063031164 432.3733975384564 431.71244636611846 432.57469845975845 1e-15 1e-15 1e-15 1e-15 1e-15 1e-15 1e-15 1e-15 1e-15 1e-15 1e-15 1e-15 1e-15 1e-15 1e-15 1e-15 1e-15 1e-15 1e-15 1e-15 1e-15 1e-15 1e-15 1e-15 1e-15 1e-15 1e-15 1e-15 1e-15 1e-15 1e-15 1e-15 1e-15 1e-15 
