# time step list:
1000000 10000000 20000000 30000000 40000000 50000000 60000000 70000000 80000000 90000000 100000000 110000000 120000000 130000000 140000000 150000000 160000000 170000000 180000000 190000000 200000000 210000000 220000000 230000000 240000000 250000000 260000000 270000000 280000000 290000000 300000000 310000000 320000000 330000000 340000000 350000000 360000000 370000000 380000000 390000000 400000000 410000000 420000000 430000000 440000000 450000000 460000000 470000000 480000000 490000000 500000000 510000000 520000000 530000000 540000000 550000000 560000000 570000000 580000000 590000000 600000000 610000000 620000000 630000000 640000000 650000000 660000000 670000000 680000000 690000000 700000000 710000000 720000000 730000000 740000000 750000000 760000000 770000000 780000000 790000000 800000000 810000000 820000000 830000000 840000000 850000000 860000000 870000000 880000000 890000000 900000000 910000000 920000000 930000000 940000000 950000000 960000000 970000000 980000000 990000000 1000000000 1010000000 1020000000 1030000000 1040000000 1050000000 1060000000 1070000000 1080000000 1100000000 1200000000 1400000000 1600000000 1800000000 2000000000 2300000000 2600000000 2900000000 3000000000 3200000000 3500000000 3800000000 4000000000 4100000000 4500000000 5000000000 6000000000 7000000000 8000000000 9000000000 10000000000 11000000000 12000000000 13000000000 14000000000 
# Number of SNIa + SNII (log_10):
0 0 2.474275056995685e+53 3.4249407173298745e+55 1.2731594009246715e+56 2.02131642793014e+56 2.5907745667715854e+56 3.0573035050555575e+56 3.506457758184769e+56 3.9103585139601128e+56 4.263238598868994e+56 4.570051254021814e+56 4.83882247075352e+56 5.077012021163137e+56 5.29059487134748e+56 5.484169640196132e+56 5.66118707101427e+56 5.824275670683079e+56 5.975493741552249e+56 6.1164734739685e+56 6.248525956189896e+56 6.372723366629086e+56 6.489953953657745e+56 6.600962145835825e+56 6.7063789471325975e+56 6.806743132100285e+56 6.902518632524738e+56 6.994109367480053e+56 7.081866192158116e+56 7.166096751105463e+56 7.247075529213347e+56 7.325053112907369e+56 7.400239073052585e+56 7.472809070100047e+56 7.542956521840477e+56 7.610837896526804e+56 7.676594535432448e+56 7.7403500901171555e+56 7.802226022561631e+56 7.862342538685916e+56 7.920784609271662e+56 7.977645161452738e+56 8.033006520130214e+56 8.08694357502634e+56 8.139530828395162e+56 8.190834115040971e+56 8.240915022372116e+56 8.289826497014318e+56 8.337624253006227e+56 8.384368917652298e+56 8.430095516416285e+56 8.474844326607102e+56 8.518659601023149e+56 8.561583166534033e+56 8.603645966990692e+56 8.644883715916748e+56 8.685326490279126e+56 8.724991016584109e+56 8.76391689611414e+56 8.802173311077255e+56 8.839746143902622e+56 8.87666389486687e+56 8.912927516849392e+56 8.948561728843865e+56 8.983608384723823e+56 9.01808173760853e+56 9.051995898969417e+56 9.085375658542872e+56 9.118234861788521e+56 9.150586177113551e+56 9.182447379529868e+56 9.213836725209685e+56 9.244759099907166e+56 9.27522873840403e+56 9.305274567959193e+56 9.33489712974332e+56 9.36410570778438e+56 9.39291469507695e+56 9.421333982524619e+56 9.4493733895453e+56 9.47704403567454e+56 9.504351952241528e+56 9.531305357513602e+56 9.557930122476604e+56 9.58421999712006e+56 9.610183808150775e+56 9.635829755431878e+56 9.661169948422072e+56 9.686208911928529e+56 9.710943542525132e+56 9.735391265874061e+56 9.75955655252102e+56 9.783440654783716e+56 9.807076296199416e+56 9.830455479714779e+56 9.853567499964304e+56 9.87642756071994e+56 9.899043525982647e+56 9.921418217322983e+56 9.94355190170357e+56 9.965454709729412e+56 9.987125870047806e+56 1.0008579802531687e+57 1.0029827771979316e+57 1.0050859153443502e+57 1.0071682972289464e+57 1.0092303474421904e+57 1.0112718553998383e+57 1.0132935708539273e+57 1.0172800350780423e+57 1.0361537342396999e+57 1.0694713785819746e+57 1.0982252276825789e+57 1.123515415729993e+57 1.146090257186933e+57 1.1759725793145735e+57 1.2021321174544922e+57 1.2253944113829003e+57 1.2326121801646816e+57 1.246337626766845e+57 1.2653822937784485e+57 1.2828474464965995e+57 1.293733358703062e+57 1.2989714651753133e+57 1.3187116207860119e+57 1.3410351938146918e+57 1.3796326094224279e+57 1.4122285948976047e+57 1.4404443403198833e+57 1.4653225388147952e+57 1.4875543563931679e+57 1.5076760715294983e+57 1.5260334343289672e+57 1.5429160838432622e+57 1.5585438421356327e+57 
# Gas [Fe/H]:
-4.979138583587979 -6.639801141843757 -6.250686929034318 -3.94726985173525 -3.0877617851882713 -2.6577118561199864 -2.419117778267804 -1.8334356668928136 -1.0739014872847346 -0.5564155782093199 -0.12754925583420285 0.2604530613269205 0.6188993314631865 0.9345358450571988 1.1795193714027015 1.3325709370767007 1.4070557301085143 1.4351927227770025 1.441783222589609 1.439780349517406 1.4345861084168594 1.428321726678762 1.4208059410690765 1.4142134683118575 1.4072349312561903 1.4017128604435887 1.3969180172252824 1.392088282105929 1.386980655825775 1.3825943777930978 1.3790311369815695 1.3751081645112229 1.370544847336379 1.36831978215733 1.3636853549268713 1.3615041538359045 1.3624810168037498 1.3613810797418027 1.3600372531605576 1.3612325924213566 1.3604810145728785 1.3599610541175378 1.3594987973908932 1.3597617232099672 1.3593105366257885 1.357747909215031 1.3575421409413844 1.3587092782406462 1.357176363867302 1.3585487155021898 1.3565308150584783 1.356980797504117 1.356680277078227 1.35677117946146 1.3558459881072635 1.3503618161572435 1.3598501470119597 1.3547754124902438 1.3514614983832973 1.3543118774192275 1.356204313261903 1.3539156478908394 1.350836142603053 1.3464650996099898 1.3510286215207663 1.3523680071354955 1.3536763954941913 1.3595360629977091 1.350699087197213 1.3488728687165636 1.347867107998491 1.349531863436631 1.3386653647634308 1.339720856842169 1.3361964150346544 1.3420291913305213 1.3329588742383685 1.3312670354200655 1.329509978361819 1.3273202106253197 1.331077982036447 1.3251100949216394 1.320893153482296 1.3170495236299526 1.327237254890128 1.3205582197423706 1.3119235384798142 1.3125699319760211 1.3006444181353713 1.3359687860720193 1.3285323327149894 1.314716385910267 1.3166483213435454 1.3228557242038148 1.3047163571649052 1.2916527093254113 1.3014735039378884 1.3139450173302931 1.3055344456279734 1.3010742657904881 1.2986493064028166 1.3010419954665293 1.294813712722441 1.3013272872168171 1.3005384367823036 1.2995966843757545 1.2994136536629246 1.29736379654249 1.2956908076479978 1.2945755127282381 1.2905029636989904 1.2816010534733455 1.276449779979059 1.2698204069556143 1.265381429027122 1.261328139252984 1.2593494525415072 1.256323566001773 1.255379750276357 1.2546801387446518 1.2539780941665701 1.2542094173429832 1.2547632323367943 1.2555910969761905 1.2567094904594698 1.260202612546022 1.266293229808686 1.2726944214386449 1.2766461224177181 1.2785702298190236 1.278967670460334 1.2790603822600017 1.2793203125290726 1.2781177999283577 1.2777218116134645 
# Stellar mass-weighted [Fe/H]:
0 -4.979138583587979 -6.3762496582506625 -6.24558973018979 -4.305024362427222 -3.6798823241048897 -3.4224577837396675 -3.3084898185240794 -3.1371777909797114 -2.876138165662061 -2.6754706900467164 -2.532379567165072 -2.4282878664383984 -2.3497480696926596 -2.2884771550495655 -2.238709880926165 -2.197229669909966 -2.1621273897369937 -2.131725480026729 -2.1049336614209944 -2.081101743928051 -2.0596622617532043 -2.0402562468959253 -2.022552008006822 -2.006240402230266 -1.991271416687871 -1.97724792376464 -1.964246655070614 -1.95215816570074 -1.940750836813585 -1.9299165316106146 -1.9197541017048367 -1.9101621653559047 -1.901039956110477 -1.8923880199984655 -1.88409934903071 -1.8762282371049084 -1.8686335063052049 -1.8614312482006659 -1.8545117349628537 -1.8478729415419766 -1.8415026532498642 -1.8353661921360365 -1.8294495238464075 -1.8237141221794344 -1.8181990060097144 -1.8128685555967738 -1.8077231375353318 -1.8027390068333142 -1.797891054522581 -1.793216419297444 -1.788638284037356 -1.784198455123848 -1.779896189340902 -1.7757026529704607 -1.771623093181807 -1.7676294310924234 -1.7637751369182233 -1.759972044584905 -1.7563537413281054 -1.7527412353235245 -1.7492382985054418 -1.7457841910329126 -1.742452683639324 -1.73916753719414 -1.7359638025372268 -1.7328419574565528 -1.729775925162472 -1.7267626762038368 -1.7238191025451384 -1.7209381464265014 -1.7181194752236806 -1.7153507464026116 -1.7126306268616265 -1.7099708019371391 -1.7073577539818752 -1.704790136445692 -1.7022617110801859 -1.699780810056498 -1.6973558077936417 -1.694971610493229 -1.6926223052037583 -1.6903093133041338 -1.6880408779580396 -1.6858146347860874 -1.6836265450183472 -1.681466505126151 -1.6793614909254408 -1.6772825793799981 -1.6752155548580347 -1.6731742097250768 -1.6711673227109891 -1.6691797428627266 -1.6672374740114613 -1.6653006081424468 -1.6634298242477845 -1.6616026403778275 -1.6597053205071033 -1.6579082042945172 -1.6561468320212853 -1.6544053167106991 -1.6542485237291764 -1.6540947075214696 -1.6539754981252024 -1.6538225148620525 -1.6537074910632628 -1.6535684132368713 -1.6533947159660611 -1.6532483320227307 -1.6529832431446465 -1.6517901931965202 -1.649617051771826 -1.6478430440261187 -1.6462729924554234 -1.6449990592785726 -1.6435169029524053 -1.6424133809433785 -1.6415518206715287 -1.6412614754609924 -1.640911163329462 -1.6403298894668623 -1.6399629885797244 -1.6396429924425835 -1.6395825022892776 -1.638920972252822 -1.6385210644661994 -1.6372943843304775 -1.6364249442904883 -1.6357250378185677 -1.634977076865506 -1.6338595245044747 -1.633305738280483 -1.632421709370492 -1.6316927841150388 -1.6310860180490172 
# Gas [Mg/Fe]:
6.938893903907228e-17 -1.3877787807814457e-17 0.8925317737794308 1.0202592027906145 0.9061323423211598 0.6797932805350113 0.554438372926318 0.03408253243284576 -0.6629437375871174 -1.0878227352624803 -1.3555694268750151 -1.5100301620816488 -1.5860306844106513 -1.628409702484712 -1.6505195082881883 -1.633782613006072 -1.6311400750854854 -1.6362676609345026 -1.6305162688851709 -1.6201142436950828 -1.611964813887426 -1.6105598798898486 -1.6128997765702353 -1.6093350688053083 -1.6129794282510554 -1.6012030325538047 -1.591543938122292 -1.609810748964771 -1.6181631561051744 -1.5998099020068737 -1.5980083478979663 -1.58978021767265 -1.583810369589387 -1.5696189651145505 -1.5724409277345004 -1.5673968625417496 -1.5533558420494282 -1.5275294656812373 -1.503942066552866 -1.4857737615782407 -1.4743406257687284 -1.4478147960541352 -1.4437842110795676 -1.4252898934409055 -1.408050204407876 -1.3922108266430804 -1.3814998900114983 -1.3746784672274805 -1.3568661250385248 -1.347753250813794 -1.34157573206949 -1.3319123821141285 -1.3322062045407104 -1.3348501994907127 -1.3282913654749215 -1.3336146537508078 -1.354160840927297 -1.3659921931174674 -1.3650016197404629 -1.3788511645168227 -1.3791988257501508 -1.3948406202531578 -1.394029230764598 -1.3999201870306435 -1.411585481279652 -1.4145782649867291 -1.4252178925723449 -1.4278616240686501 -1.4431816259246575 -1.4548939579953775 -1.4358849385810977 -1.4623400175585906 -1.4597338179666326 -1.4645165491866157 -1.4643011965852089 -1.456028629874079 -1.4732064839185723 -1.4878460910709532 -1.4917053579851993 -1.5474869439567431 -1.4945772226753362 -1.47773848231654 -1.5049189727716528 -1.5064658359936458 -1.5012969832816536 -1.5157436658575687 -1.5129125126757235 -1.511612074403725 -1.5385160462433374 -1.5442162900072993 -1.5611716691105029 -1.5762685409447512 -1.563309904351063 -1.611066943450903 -1.5893920548745792 -1.59489233145821 -1.621992366677477 -1.57639074574211 -1.63451339839789 -1.6704888754695915 -1.5356847848346948 -1.5544513500189245 -1.5843823096685172 -1.645108087499314 -1.5766170637517039 -1.5913625224316525 -1.5941288548893322 -1.5939112447322106 -1.5948192234276573 -1.6032068371502697 -1.617109797952583 -1.639184401805621 -1.6464852907729697 -1.6478637801692544 -1.649374170596031 -1.658538806066621 -1.6648870299793221 -1.6671951989975906 -1.668330995215954 -1.6744740179435358 -1.6715633738917988 -1.6725710781952956 -1.6735161882099507 -1.6741041514001245 -1.6756453203204715 -1.6771290197676654 -1.678153193390311 -1.6789878862967844 -1.6816717954222284 -1.6828388625999855 -1.6832833930555602 -1.6838127459841232 -1.6846936089674034 -1.6845443796020787 -1.6848797209704791 
# Stellar mass-weighted [Mg/Fe]:
0 6.938893903907228e-17 -1.3877787807814457e-17 0.8084434870672561 1.0188603175848043 0.9243147806611807 0.7989795661571669 0.7379771416812239 0.5894425919341677 0.33908871653097167 0.14411629341944054 0.004738439707054634 -0.09638531345429148 -0.17242953945931372 -0.23146130892926225 -0.2789750125258794 -0.31817249790795077 -0.3513006060517034 -0.37991359346192966 -0.40494840490705764 -0.42707666898132035 -0.44683987898938327 -0.4646717901295588 -0.4808955480964917 -0.4957588307513897 -0.5093698161173233 -0.5220462551780132 -0.5337457217991131 -0.5446227575008745 -0.5548846506514781 -0.5645465213097136 -0.573589954396649 -0.5820938730387936 -0.5901518276849614 -0.5977580753918638 -0.605027048627276 -0.611905049225307 -0.6184965305833582 -0.6246896032776731 -0.6305713704464317 -0.6361844351366431 -0.6415406040935094 -0.6466282243945318 -0.651510913769036 -0.6561805805741087 -0.6606399493607606 -0.6649160444927699 -0.6690273407508256 -0.672959231120752 -0.6767458454549706 -0.6803575486966174 -0.6838781237099189 -0.687273111013866 -0.6905640610650923 -0.693765263588168 -0.6968531108990133 -0.6998758874856665 -0.7028334790500644 -0.705775625384553 -0.7085751443517161 -0.7113720860122459 -0.714070933997654 -0.7167488021505353 -0.7193452768093156 -0.7218889087155645 -0.7244114624671574 -0.7268594033783337 -0.7292758384319561 -0.7316295787012166 -0.7339529316742983 -0.7362490636869634 -0.7384742063400781 -0.7406779554271068 -0.7428317522369873 -0.744950278626271 -0.7470299499505373 -0.7490585917501275 -0.7510594584217798 -0.7530503053513059 -0.7549994859576492 -0.7569659088678024 -0.7588441147679302 -0.7606703429728044 -0.7624928101943623 -0.7642970120828719 -0.7660529723348847 -0.76779460247841 -0.7694979069682287 -0.7711764575792592 -0.7728379203751858 -0.7744636311786552 -0.7761089085659725 -0.7777469907253858 -0.7793428048078228 -0.7809462355497141 -0.7824998424778562 -0.784060290463815 -0.785583256045567 -0.7870821050628011 -0.7885941240161504 -0.7900050513304145 -0.7901067336872063 -0.7902279832397735 -0.790318834492191 -0.7904182106649669 -0.790491344945474 -0.790568730152329 -0.7906783315044278 -0.7907577600593912 -0.7909286035756771 -0.7916883576677655 -0.793061911763402 -0.7942088191198293 -0.7952543879817007 -0.7961481002617193 -0.7971603485349207 -0.7978721610548609 -0.798498374202114 -0.7986890387416739 -0.798956588588446 -0.7993546316759299 -0.7995738825798088 -0.7998447980756873 -0.7998714447675057 -0.8003522102789442 -0.8006596182544846 -0.801630762487288 -0.8023803260344928 -0.8029971917771049 -0.8036465662852862 -0.8045256280332398 -0.8050302378309012 -0.8057231587020616 -0.8063738141202142 -0.8068527292113904 
# Gas [O/Fe]:
0.0 -2.220446049250313e-16 1.110541934216179 1.2294246443379682 1.0995230207391784 0.8330743293037641 0.6779672335864104 0.13544421352109293 -0.5765349760527275 -1.005211424324681 -1.265925463257 -1.4067772676822599 -1.4612718625496641 -1.488332896464935 -1.5055101545070475 -1.4967140573278097 -1.503851207590979 -1.5004136488314155 -1.4977459601661414 -1.4957656787195965 -1.498211580853246 -1.4880275195449526 -1.4934791315994773 -1.4913849379826245 -1.4967438387057617 -1.4887707398007048 -1.4824242432772994 -1.486938934890133 -1.5037220022358295 -1.5059418171697103 -1.4899556234547726 -1.4935262941766239 -1.4859563662994024 -1.4841506998139267 -1.4905351535820528 -1.509218963174594 -1.4935752560562725 -1.487809364800518 -1.4734592159555602 -1.477861754306774 -1.4875096531845944 -1.470473338042808 -1.4875265879278923 -1.4809633910795985 -1.4749550913887597 -1.5147606356558916 -1.4406537661044518 -1.4586579581815415 -1.4782657950419376 -1.4553160519757649 -1.4712524472047597 -1.4683463381557171 -1.4449514299212032 -1.4776166047478942 -1.4701099593043403 -1.4627940712071692 -1.4587251448967562 -1.4728978925345282 -1.47396413156882 -1.4519539207565844 -1.4567517115060826 -1.4594820723035893 -1.4584349858168655 -1.4565961905251448 -1.455831454956479 -1.4498936667573241 -1.4694771298482903 -1.487042421231596 -1.4434752384514669 -1.4635236310134365 -1.4669360544547112 -1.4607518227325795 -1.4546981154764889 -1.4563592403017604 -1.4748257043610087 -1.4363258673461596 -1.4571873852075226 -1.4641904427202013 -1.4611065810120925 -1.4596185028769462 -1.461645758606117 -1.4573071811058305 -1.4495993927924626 -1.457810915265959 -1.4530221885615402 -1.459158630938942 -1.4635704781638477 -1.4764991884045922 -1.4594269784637828 -1.4508070673308553 -1.4569153441644724 -1.4602227893183197 -1.4613993179729612 -1.4474326813785432 -1.466314049250136 -1.4743977603365694 -1.4462538157879254 -1.4476448800808857 -1.4472763186700617 -1.454064606225847 -1.453178530887964 -1.454930486594922 -1.459894275082189 -1.4555583100979854 -1.454344927419321 -1.454899656795958 -1.4577997033451418 -1.4569354625724928 -1.4564024389726256 -1.4562842039523676 -1.4559287050539074 -1.4552365585878033 -1.4558595098567446 -1.456918392806648 -1.4571279933144317 -1.4588611466723318 -1.4605828529099192 -1.4619383038619662 -1.4624776362510759 -1.4635378346302355 -1.4652202684119642 -1.4663590009798968 -1.467020288201713 -1.4676069091344184 -1.4691454603004512 -1.470622522226783 -1.4736751583138066 -1.4757197988621487 -1.4775664647326323 -1.4788280593188659 -1.47980882628528 -1.4806448794338942 -1.4814040880361472 -1.4819179102994946 -1.4824449954684564 
# Stellar mass-weighted [O/Fe]:
0 0.0 0.0 1.021041263560038 1.2280178403820465 1.1205916468630708 0.9768275103616073 0.9056970197166643 0.7519629963069001 0.49895315919893446 0.3026694343841987 0.1626180852892658 0.061113037250267066 -0.015121143970080686 -0.07424496930594504 -0.12181801742087695 -0.16110872784712482 -0.19438511283195037 -0.22310131338791006 -0.24823141396623005 -0.270474280392493 -0.2903852200841398 -0.3083337557355196 -0.32467612463160955 -0.3396555204852303 -0.3533774335525415 -0.36617420398752 -0.3779962704520943 -0.38895817517326703 -0.3993145462918998 -0.40911496239012723 -0.4182648848789712 -0.42689220586581433 -0.43506931121434156 -0.4428129090502333 -0.450221349243056 -0.45726928678595335 -0.46403054976516345 -0.47042538554110835 -0.4765283778017436 -0.48239734029559467 -0.4880368475762299 -0.49342821591339314 -0.49863644586667344 -0.5036541464868953 -0.5084789907461824 -0.5131925964391136 -0.5176617674331561 -0.5219772366886469 -0.5262009616253606 -0.5302329304233812 -0.5341929490462715 -0.5380362259335184 -0.5417398928955508 -0.5453725256850889 -0.5488882957634191 -0.5523148547702651 -0.5556226856345399 -0.5589061294797272 -0.562037481547816 -0.5651204608088608 -0.5681008498173459 -0.5710387361739667 -0.5738874780696245 -0.5766704231361861 -0.5794086251829783 -0.5820617623490361 -0.5846816006857849 -0.5872457600014518 -0.5897220686454929 -0.5921739068097698 -0.5945756424448273 -0.59691638869321 -0.5992053054742429 -0.6014531856191176 -0.6036739300501925 -0.6058208338308091 -0.6079368222089775 -0.6100324680115583 -0.612079699453749 -0.614093562346607 -0.6160631838759333 -0.6179922857122049 -0.6198881485875186 -0.621768885504371 -0.6236012097040714 -0.6254099368905922 -0.6271842647756841 -0.628943441884399 -0.6306514707755623 -0.6323122462491102 -0.6339905671987703 -0.6356517060618364 -0.6372757213637299 -0.6388708203277471 -0.6404403858300269 -0.6420194359710303 -0.6435250837923481 -0.645037748221317 -0.6465309296243192 -0.6478996270886135 -0.6480070621021182 -0.6481325942753856 -0.6482274654660122 -0.6483306346578211 -0.648406417244496 -0.6484869926761502 -0.648600037466847 -0.6486833247907728 -0.6488633647475938 -0.649659559765685 -0.6510962595928518 -0.6522908914743101 -0.6533804288914299 -0.654308333715321 -0.6553537419991728 -0.6560873117618852 -0.6567294456744925 -0.6569270643556393 -0.6571991882875148 -0.6576088010451359 -0.6578314557332404 -0.6581069706474625 -0.6581322351000486 -0.6586291047991378 -0.6589381171068 -0.6599344522302844 -0.6607002879368683 -0.6613273283080674 -0.6619880085626815 -0.6629041369065489 -0.6634133184727341 -0.6641357095164047 -0.6647958045044032 -0.6652942616460152 
# Stellar mass-weighted [N/O]:
0 0.0 0.0 -1.3252170824855525 -1.8947552841992317 -1.8025402456530393 -1.551062302782305 -1.271134943194888 -1.0377485550738241 -0.8544842894475191 -0.7124360661144673 -0.6023790766252661 -0.5176207838546065 -0.45159350726461334 -0.398965544434283 -0.35527144416126877 -0.31770001900762157 -0.2838699651091978 -0.2523091067338892 -0.22245765116327965 -0.19440826419588175 -0.16867030511907832 -0.1455506311563015 -0.1249401084508559 -0.10660466330637675 -0.090382543513297 -0.07590438244824294 -0.0641044190522998 -0.05392944219966889 -0.04587182433843073 -0.03944634119372348 -0.03458198394036849 -0.030949786804613466 -0.028488304984756407 -0.02692484310774057 -0.02608020815374701 -0.025775350448718592 -0.025712138709460652 -0.025794944692422384 -0.025934589602742975 -0.026063798016460638 -0.02615317484061397 -0.026274620736937204 -0.02642307932564225 -0.026511912663391146 -0.026686435826345 -0.02680119428684269 -0.026905210595788098 -0.026996747742295213 -0.027002392541748965 -0.027104639133854747 -0.02722736524256031 -0.02737585828508793 -0.027490810021852163 -0.027567397067667865 -0.027698363258127023 -0.027771388152480703 -0.027870875731405897 -0.027917603905870392 -0.028010136473239466 -0.028126383695278423 -0.028280844519822268 -0.027623179524453922 -0.027321249747404575 -0.027002697321845015 -0.027049674865477824 -0.027197831262337657 -0.027250058883452888 -0.02729249797901334 -0.027380838714914146 -0.02741983714911911 -0.027474470898549264 -0.027580434286071376 -0.027662881998606226 -0.027758601125719373 -0.027855501424450035 -0.027942117204622696 -0.028008473791441224 -0.02812165663453836 -0.028240121726617495 -0.027943022235902615 -0.027986709042956415 -0.02804611764789089 -0.028124151797612518 -0.028188751659485423 -0.02826111315151436 -0.02833109992471705 -0.02839842947779847 -0.028444302023594714 -0.028518993385760916 -0.02866401543173236 -0.028749249081652772 -0.02883213862295486 -0.02883673994113789 -0.028884286293129002 -0.028980483353628128 -0.02903903198083324 -0.029115636818108137 -0.029043189818791282 -0.029095442945427763 -0.02911498266225576 -0.028950975761410147 -0.028792233804183387 -0.028642845750001977 -0.02850029020974232 -0.028368512109431587 -0.028248774566714152 -0.028057739384336644 -0.027936154103150312 -0.027669294610859096 -0.02648449416652998 -0.024492246612591306 -0.022878968329968496 -0.021440896562618827 -0.02021807252507002 -0.018777394660396407 -0.017687361965436965 -0.016703339468525757 -0.01640585993882193 -0.01594760335770018 -0.01529379314585011 -0.01483041858760481 -0.014384398014041233 -0.01428204484203699 -0.01353773657006152 -0.012970432990242808 -0.01154148213314865 -0.010475222935718786 -0.009580964902637157 -0.008708835728753805 -0.007711775559848033 -0.006951141523729776 -0.006211082414310787 -0.005317817722631624 -0.004798283464823472 
# Stellar mass-weighted [C/O]:
0 -1.1102230246251565e-16 -1.1102230246251565e-16 -1.042368411812537 -1.304191295369699 -1.206397784608042 -1.0650402660550127 -0.9942114766889685 -0.952848201507589 -0.9156729772253775 -0.8825260116598126 -0.8535772145772438 -0.828240030870822 -0.8059790218121958 -0.7862634654490772 -0.7684970446550823 -0.7523102552684109 -0.7371761099501337 -0.722893031784674 -0.7093430951291143 -0.6964036343566142 -0.6838271610024182 -0.6716857522512201 -0.6599001956180773 -0.6484538497157156 -0.6372311248618034 -0.6257654143103853 -0.6136756643226828 -0.6008185002462187 -0.5872861547801038 -0.5730410495879678 -0.5579863643421251 -0.5426041021296785 -0.5270581340502832 -0.5114999083037847 -0.4955620389796419 -0.4794640138524724 -0.46317385829132063 -0.44668210928798513 -0.4299583499598527 -0.41312071491274716 -0.3963506203240885 -0.37970680669877843 -0.3631881507190319 -0.34687489817377526 -0.3307524632063157 -0.31483866577447217 -0.29928759399008675 -0.28398166990374096 -0.2689624451509113 -0.2543032532317122 -0.24012618901239924 -0.22636631387946138 -0.2128994276523815 -0.19961256983097797 -0.18673695940345497 -0.1743217734806738 -0.1625096383392246 -0.15098857302430357 -0.13991637849221372 -0.12910612143016864 -0.11870811655612606 -0.1085232832166182 -0.09873039131819883 -0.0891917776750068 -0.07984473522746477 -0.07078725230293947 -0.06209235580661038 -0.05369704202364195 -0.04560777748114947 -0.03778017211463652 -0.030226130963368514 -0.02290826228072418 -0.01581792860723763 -0.008991705169088593 -0.002429962042576006 0.0039130771834199884 0.010109154692112515 0.016112123422378943 0.021825515222383518 0.027365862769888477 0.03275291396059818 0.03799547420233354 0.04306171410283666 0.04798440053157668 0.05275627584975115 0.05740753000418761 0.061995653927727046 0.06650706013689217 0.07080455429316806 0.07496059203596375 0.0789245729266432 0.08283105652545125 0.08661916647930251 0.0903997617903553 0.09409846315463055 0.09774497018166275 0.10121274149655957 0.10464289808995472 0.10793801485732119 0.11111910095937505 0.11114267278977191 0.11120762155688607 0.11121773889353784 0.11125452073870404 0.11124450090144661 0.11126195621516732 0.1112510674782802 0.11127555957407975 0.1113208327656103 0.11151419831002074 0.11202312677864651 0.11250689641932538 0.11300152997098875 0.11341883129041547 0.11379913854030768 0.1139523771796351 0.11405276213469684 0.11409663421759092 0.11406912377652273 0.11408763792900048 0.11396276653660442 0.11397898439110399 0.11389983748657995 0.11399736053305093 0.11390622534883771 0.11418258845526721 0.1144291441769675 0.11460331948256613 0.11489185161232887 0.11557370738904876 0.11566368412222389 0.11627157116297318 0.11651978265806828 0.11692750759037565 
# Stellar mass-weighted [O/H]:
0 -4.979138583587979 -6.3762496582506625 -5.22454846662975 -3.077006522045176 -2.559290677241817 -2.44563027337806 -2.4027927988074156 -2.3852147946728115 -2.377185006463126 -2.3728012556625178 -2.3697614818758064 -2.367174829188131 -2.3648692136627396 -2.3627221243555105 -2.3605278983470424 -2.35833839775709 -2.356512502568944 -2.354826793414639 -2.353165075387224 -2.3515760243205435 -2.3500474818373442 -2.348590002631445 -2.347228132638432 -2.3458959227154956 -2.3446488502404135 -2.3434221277521594 -2.342242925522709 -2.3411163408740068 -2.340065383105485 -2.339031494000742 -2.3380189865838075 -2.3370543712217184 -2.336109267324818 -2.335200929048698 -2.334320698273766 -2.3334975238908617 -2.332664056070368 -2.331856633741774 -2.3310401127645974 -2.3302702818375707 -2.329539500826093 -2.32879440804943 -2.328085969713081 -2.32736826866633 -2.3266779967558975 -2.326061152035888 -2.3253849049684874 -2.3247162435219613 -2.324092016147942 -2.323449349720825 -2.322831233083628 -2.322234681057366 -2.321636082236453 -2.3210751786555495 -2.320511388945227 -2.3199442858626886 -2.319397822552763 -2.318878174064632 -2.3183912228759214 -2.317861696132386 -2.3173391483227883 -2.3168229272068794 -2.3163401617089496 -2.3158379603303256 -2.315372427720205 -2.3149037198055895 -2.3144575258482565 -2.314008436205289 -2.313541171190632 -2.3131120532362717 -2.3126951176685075 -2.312267135095822 -2.31183593233587 -2.3114239875562568 -2.3110316840320673 -2.3106109702765005 -2.3101985332891637 -2.309813278068056 -2.3094355072473904 -2.309065172839836 -2.308685489079691 -2.308301599016339 -2.3079290265455583 -2.307583520290459 -2.307227754722418 -2.306876442016744 -2.3065457557011246 -2.306226021264397 -2.3058670256335967 -2.3054864559741874 -2.3051578899097596 -2.3048314489245625 -2.3045131953751916 -2.3041714284701946 -2.303870210077812 -2.3036220763488577 -2.303230404299451 -2.3029459525158344 -2.3026777616456053 -2.302304943799313 -2.3022555858312943 -2.3022273017968553 -2.3022029635912142 -2.3021531495198735 -2.302113908307759 -2.3020554059130216 -2.3019947534329086 -2.3019316568135038 -2.301846607892239 -2.3014497529622053 -2.300713311364677 -2.300133935500429 -2.2996534213468536 -2.299307392993894 -2.2988706449515783 -2.2985006927052636 -2.298281266346021 -2.298188539816631 -2.2981103516169776 -2.297938690511999 -2.2977944443129648 -2.2977499630900464 -2.2977147373893265 -2.2975500770519606 -2.297459181573 -2.2972288365607616 -2.2971252322273568 -2.2970523661266347 -2.2969650854281873 -2.296763661411023 -2.2967190567532176 -2.2965574188868967 -2.296488588619442 -2.2963802796950326 
# Gas [Mg/H]:
-4.979138583587979 -6.639801141843757 -5.358155155254886 -2.927010648944636 -2.181629442867112 -1.977918575584976 -1.8646794053414855 -1.7993531344599676 -1.7368452248718516 -1.6442383134718002 -1.4831186827092182 -1.2495771007547285 -0.9671313529474643 -0.693873857427513 -0.47100013688548614 -0.3012116759293715 -0.22408434497697183 -0.20107493815749944 -0.1887330462955621 -0.18033389417767687 -0.17737870547056644 -0.18223815321108727 -0.19209383550115877 -0.19512160049345084 -0.20574449699486497 -0.1994901721102158 -0.19462592089700959 -0.21772246685884244 -0.23118250027939968 -0.21721552421377588 -0.218977210916397 -0.21467205316142746 -0.21326552225300777 -0.2012991829572206 -0.2087555728076289 -0.20589270870584553 -0.1908748252456789 -0.16614838593943393 -0.1439048133923082 -0.12454116915688473 -0.11385961119585009 -0.08785374193659745 -0.08428541368867482 -0.06552817023093827 -0.048739667782086826 -0.03446291742804952 -0.02395774907011372 -0.015969188986835192 0.0003102388287770097 0.010795464688395207 0.014955082988987733 0.025068415389988274 0.0244740725375161 0.021920979970747823 0.02755462263234243 0.01674716240643548 0.00568930608466367 -0.01121678062722431 -0.013540121357165091 -0.024539287097594453 -0.022994512488247132 -0.04092497236231907 -0.04319308816154521 -0.05345508742065341 -0.06055685975888547 -0.06221025785123402 -0.0715414970781536 -0.06832556107094145 -0.09248253872744439 -0.10602108927881382 -0.08801783058260604 -0.11280815412195988 -0.12106845320320136 -0.12479569234444643 -0.1281047815505545 -0.11399943854355765 -0.14024760968020367 -0.15657905565088726 -0.16219537962338038 -0.220166733331423 -0.1634992406388891 -0.15262838739490103 -0.18402581928935646 -0.1894163123636936 -0.1740597283915255 -0.1951854461151985 -0.20098897419590944 -0.1990421424277038 -0.2378716281079658 -0.20824750393528024 -0.23263933639551393 -0.2615521550344839 -0.24666158300751828 -0.2882112192470876 -0.28467569770967405 -0.3032396221327982 -0.3205188627395881 -0.2624457284118167 -0.3289789527699165 -0.36941460967910356 -0.23703547843187867 -0.2534093545523959 -0.2895685969460766 -0.3437808002824969 -0.2760786269694 -0.2917658380558983 -0.29471520122640715 -0.29654744818972123 -0.2991284157796592 -0.30863132442203156 -0.3266068342535924 -0.3575833483322759 -0.37003551079391084 -0.37804337321364034 -0.3839927415689095 -0.3972106668136375 -0.4055375774378147 -0.41087163299581686 -0.4129512449395971 -0.41979387919888467 -0.41758527972522863 -0.4183616608523124 -0.4187529558731562 -0.4185130544239337 -0.41893582986100153 -0.4169264072216432 -0.4118599635816249 -0.4062934648581402 -0.405025673004511 -0.4042686327809628 -0.40431572259522586 -0.40475236372412216 -0.40537329643833164 -0.4064265796737212 -0.40715790935701524 
# Gas [C/H]:
-4.9791385835879804 -6.639801141843757 -6.277579028336442 -4.0238674843263835 -3.175268280593741 -2.7478850164598834 -2.508665282851535 -2.329625888693995 -2.0607015096792267 -1.7403855900744727 -1.392384706581094 -1.0315905625663655 -0.6763848725072767 -0.35366429131168653 -0.09648361797566052 0.07178358744034163 0.1645037990744389 0.21413806040735794 0.24280206294571371 0.2622017759803823 0.2819259803103873 0.29778755108921695 0.31145330488394585 0.32546014331414064 0.3426995104151538 0.37464307099453364 0.4235053520648302 0.47547427956135735 0.5194499333257596 0.5657912518048049 0.6174949843809783 0.6531493747316834 0.6831624061272046 0.7113020511866575 0.744082092232726 0.7766699179399472 0.8101929314934804 0.8455727288081367 0.8794844984620567 0.9115683068933169 0.9374387241149877 0.9620888477384488 0.9854715946189394 1.007025784752988 1.0289556692402466 1.046259131449185 1.0640651029688843 1.0836496138416605 1.097724510235436 1.1136772522996017 1.120269521955823 1.1304687118538412 1.1442564750007524 1.159074230596815 1.1670914684694407 1.1652253615569412 1.1767251727954409 1.1768118723946346 1.1793633650910729 1.185696162103854 1.1927003104294216 1.1956276151122784 1.1961595310578836 1.196206335774717 1.2079565627288589 1.2125983191228658 1.2112265361440944 1.2170115831928112 1.2091199485999784 1.2063393988885633 1.2039246774159573 1.206714242752589 1.196071563493005 1.1937567016493928 1.1851911199323268 1.1909075092061818 1.1834347695378238 1.1789614203978105 1.1686343456662072 1.1641510230401497 1.1679763704319246 1.161370936634254 1.1537663819349189 1.146097894377013 1.155216764159606 1.1465312418799596 1.1425845364057845 1.14415597708728 1.1236210329010001 1.1534899728044046 1.136307677634365 1.1195509416887988 1.122426161536981 1.1327172412127235 1.1170464839781364 1.0991095354782008 1.1050806802669655 1.1148441106762697 1.1010304026796445 1.0982222170204845 1.0981965273047782 1.1049151632305958 1.0947885634746801 1.0999168262759396 1.0924032655052054 1.0892338673149236 1.0884060713115637 1.0862100709564206 1.0856544584517884 1.0840877390645978 1.0702606110228094 1.0443707706912 1.0208229567248845 0.9967702704248418 0.9754751174363245 0.9481124824288072 0.9199072566523152 0.9022676296664556 0.8958439099879127 0.8860164007814326 0.8646354764267818 0.8493559526135148 0.8404090601265493 0.8366174982441361 0.8207700748899982 0.8048365720403732 0.7766673610008397 0.7547999503360021 0.736255811916755 0.719548578512569 0.7040410848891252 0.6909027816165443 0.679531285928705 0.6674999063721025 0.6589854928695709 
# Gas [O/H]:
-4.979138583587979 -6.639801141843757 -5.140144994818138 -2.717845207397282 -1.9882387644490924 -1.8246375268162227 -1.7411505446813935 -1.6979914533717206 -1.6504364633374617 -1.5616270025340002 -1.393474719091203 -1.1463242063553398 -0.8423725310864771 -0.5537970514077357 -0.3259907831043458 -0.16414312025110922 -0.09679547748246486 -0.06522092605441276 -0.05596273757653192 -0.05598532920219057 -0.06362547243638694 -0.05970579286619104 -0.07267319053040078 -0.07717146967076749 -0.0895089074495714 -0.08705787935711617 -0.08550622605201719 -0.09485065278420413 -0.11674134641005507 -0.12334743937661274 -0.1109244864732033 -0.11841812966540122 -0.11541151896302315 -0.11583091765659637 -0.12684979865518153 -0.14771480933868997 -0.13109423925252273 -0.12642828505871506 -0.1134219627950026 -0.11662916188541717 -0.12702863861171565 -0.11051228392527035 -0.12802779053699886 -0.12120166786963127 -0.1156445547629712 -0.15701272644086028 -0.08311162516306769 -0.09994867994089551 -0.12108943117463555 -0.09676733647357505 -0.1147216321462814 -0.11136554065160009 -0.08827115284297671 -0.12084542528643372 -0.11426397119707632 -0.11243225504992571 -0.09887499788479603 -0.11812248004428438 -0.12250263318552257 -0.09764204333735638 -0.10054739824417958 -0.10556642441274988 -0.10759884321381241 -0.11013109091515494 -0.10480283343571273 -0.0975256596218288 -0.11580073435409899 -0.1275063582338869 -0.0927761512542542 -0.11465076229687243 -0.11906894645622002 -0.11121995929594863 -0.11603275071305807 -0.11663838345959165 -0.13862928932635432 -0.09429667601563807 -0.1242285109691541 -0.13292340730013574 -0.13159660265027373 -0.13229829225162648 -0.13056777656967 -0.13219708618419146 -0.12870623931016612 -0.14076139163600665 -0.12578493367141208 -0.1386004111965713 -0.15164693968403364 -0.1639292564285708 -0.1587825603284112 -0.114838281258836 -0.12838301144948305 -0.14550640340805288 -0.14475099662941604 -0.12457695717472816 -0.1615976920852309 -0.18274505101115768 -0.1447803118500368 -0.13369986275059276 -0.14174187304208852 -0.15299034043535897 -0.1545292244851475 -0.15388849112839242 -0.16508056235974777 -0.15423102288116786 -0.15380649063701757 -0.15530297242020374 -0.1583860496822167 -0.15957166603000283 -0.1607116313246273 -0.16170869122412945 -0.16542574135491694 -0.17363550511445824 -0.1794097298776851 -0.18709798585103465 -0.19174656428730952 -0.1975330074193482 -0.20123340036841242 -0.2056147378601927 -0.207097885974719 -0.2088576958855839 -0.2112421742453936 -0.21214958363691405 -0.2122570558649186 -0.21201581215822785 -0.212435969840981 -0.21041990968076085 -0.2073819285051206 -0.2030253774235038 -0.20092034231491462 -0.20025782949984272 -0.20084115582494588 -0.20158449717389226 -0.20208377550707501 -0.20380011037113688 -0.2047231838549921 
# Gas [N/O]:
0.0 0.0 -1.5435139117119188 -1.901257594017085 -1.7846427430174634 -1.3464012177223235 -0.8020485056130191 -0.2997698853749782 0.13709084035776342 0.49254950938107334 0.7416306760443098 0.8832947013489792 0.9394410454092469 0.9695959874793285 0.9948115428753785 1.0003343207069586 1.032698245887032 1.0637866694507085 1.0983421356488043 1.127311792521036 1.1459463366398976 1.1395618449291587 1.1407125425901783 1.130047223768336 1.1228388100878102 1.0992011326710553 1.0400602117581166 1.0136564678124518 0.9532435155278438 0.8807049687672744 0.7749021632784019 0.6786636195536981 0.5304601823148413 0.36997685106497713 0.1589870720088593 -0.14241049746238654 -0.4636197763709251 -0.7523544027452227 -0.9833010787766467 -1.0331929265844293 -0.8713958913397211 -0.8983685607001317 -1.3722746379785562 -0.8405695057303484 -6.00080276979866 -5.950607580298721 -0.7762934086056283 -0.6955653205898682 -0.558648190111434 -0.7067588685105024 -1.2789098450943772 -5.937260302971305 -0.9849239582379365 -0.8926685234445908 -1.5974798796272123 -0.7527420161216094 -1.0096342920227963 -0.8553762443800594 -0.912240523170539 -0.9712044402715025 -5.872606647474427 0.27649896603590607 0.01969488707177125 0.04672775953876451 -0.6904782425563543 -5.841795746032716 -0.7313199422362981 -0.6677774146336928 -0.7844397053543111 -0.6581732534954958 -0.7291591458836084 -1.1301797816547856 -0.8340341259290072 -1.0159079313595123 -1.3358870625375103 -0.8019159897442505 -0.7237871471841417 -5.74924086235256 -5.746451173534682 0.09861362480937153 -0.6213103791595609 -0.6608939629526014 -0.8658354056543951 -0.827341206211645 -0.8198886665406278 -0.8066499613542737 -0.7740713277222084 -0.6894679987706245 -0.7711809252804094 -1.3319986399941506 -5.685083852637266 -1.2112028486189668 -0.5159993649114758 -0.6148778907083152 -5.6560205031551085 -0.9737839093258542 -0.8511886459196292 -0.1964756859343102 -1.0252591112745577 -0.1622281711537663 0.060882903014018885 -0.13874881500021485 -0.2742719470506383 -0.35361986772989495 -0.37883781031820263 -0.8193423148991903 -0.5619385698038102 -0.525070848070476 -0.8868003594285487 -0.9664295730575934 -0.9103334594859038 -0.8572770611335001 -0.8508083941106048 -0.8284428070642382 -0.8255913526689644 -0.8284761274073316 -0.8107975005418078 -0.8346355252396029 -0.8310146376737562 -0.8751505174595648 -0.8342813811091068 -0.792784869696131 -0.8480640224924831 -0.8478848875448464 -0.8493117908662873 -0.8692671562748937 -0.8832578521156915 -0.8979740087220272 -0.9067939578404232 -0.9186273166680317 -0.9297034157820363 -0.9299905384716696 -0.9365533613674835 -0.9463215228119342 -0.9464632979576664 
# Gas [N/H]:
-4.979138583587979 -6.639801141843757 -6.683658906530056 -4.619102801414368 -3.7728815074665567 -3.1710387445385457 -2.5431990502944126 -1.9977613387466988 -1.5133456229796982 -1.0690774931529274 -0.6518440430468937 -0.2630295050063607 0.09706851432276942 0.41579893607159235 0.6688207597710325 0.8361912004558492 0.9359027684045671 0.9985657433962953 1.0423793980722724 1.0713264633188455 1.0823208642035107 1.0798560520629676 1.068039352059778 1.0528757540975686 1.033329902638239 1.0121432533139396 0.9545539857060996 0.9188058150282483 0.836502169117789 0.7573575293906618 0.6639776768051986 0.5602454898882967 0.415048663351818 0.25414593340838065 0.032137273353678 -0.29012530680107584 -0.5947140156234481 -0.8787826878039384 -1.09672304157165 -1.149822088469847 -0.9984245299514365 -1.008880844625402 -1.500302428515555 -0.9617711735999794 -6.116447324561632 -6.10762030673958 -0.859405033768696 -0.7955140005307637 -0.6797376212860691 -0.8035262049840775 -1.3936314772406595 -6.048625843622904 -1.0731951110809135 -1.013513948731025 -1.7117438508242895 -0.8651742711715347 -1.108509289907592 -0.9734987244243438 -1.0347431563560612 -1.0688464836088585 -5.973154045718607 0.17093254162315574 -0.08790395614204183 -0.06340333137639043 -0.795281075992067 -5.939321405654544 -0.8471206765903965 -0.7952837728675792 -0.877215856608565 -0.7728240157923683 -0.848228092339828 -1.241399740950735 -0.9500668766420652 -1.1325463148191037 -1.4745163518638646 -0.8962126657598883 -0.8480156581532956 -5.882164269652696 -5.878047776184957 -0.0336846674422544 -0.7518781557292309 -0.7930910491367928 -0.9945416449645608 -0.9681025978476523 -0.9456736002120403 -0.9452503725508459 -0.9257182674062419 -0.8533972551991953 -0.9299634856088206 -1.446836921252987 -5.813466864086749 -1.3567092520270192 -0.6607503615408916 -0.7394548478830432 -5.817618195240339 -1.1565289603370124 -0.9959689577696667 -0.3301755486849034 -1.1670009843166458 -0.3152185115891255 -0.0936463214711285 -0.29263730612860694 -0.4393525094103854 -0.5078508906110635 -0.5326443009552202 -0.9746452873193938 -0.7203246194860267 -0.6846425141004788 -1.0475119907531756 -1.1281382642817235 -1.075759200840821 -1.0309125662479577 -1.0302181239882904 -1.0155407929152727 -1.0173379169562748 -1.0260091348266789 -1.0120309009102204 -1.0402502630997956 -1.0381125236484747 -1.0840082133451485 -1.0455235553545013 -1.0049344533330453 -1.0603210783574015 -1.059900699703074 -1.0617477607072692 -1.079687065955655 -1.0906397806208128 -1.1009993861455314 -1.1077143001553376 -1.118885146167874 -1.1305445716069826 -1.1315750356455627 -1.138637136874558 -1.1501216331830717 -1.1511864818126583 
# Gas [C/O]:
0.0 0.0 -1.1374340335183053 -1.3060222769291012 -1.1870295161446482 -0.92324748964366 -0.7675147381701415 -0.6316344353222748 -0.4102650463417651 -0.1787585875404719 0.0010900125101089841 0.11473364378897485 0.16598765857920111 0.20013276009605008 0.2295071651286857 0.23592670769145077 0.2612992765569038 0.27935898646177115 0.29876480052224563 0.31818710518257276 0.34555145274677446 0.3574933439554077 0.38412649541434696 0.4026316129849081 0.4322084178647253 0.4617009503516496 0.5090115781168473 0.5703249323455613 0.6361912797358146 0.6891386911814174 0.7284194708541811 0.771567504397085 0.7985739250902276 0.8271329688432536 0.8709318908879075 0.9243847272786372 0.9412871707460032 0.972001013866852 0.9929064612570593 1.0281974687787345 1.0644673627267034 1.0726011316637192 1.1134993851559383 1.1282274526226193 1.1446002240032178 1.2032718578900454 1.147176728131952 1.1835982937825562 1.2188139414100716 1.2104445887731767 1.2349911541021048 1.241834252505441 1.2325276278437287 1.2799196558832489 1.2813554396665172 1.2776576166068674 1.2756001706802371 1.2949343524389192 1.3018659982765957 1.2833382054412106 1.2932477086736012 1.3011940395250283 1.3037583742716963 1.306337426689872 1.3127593961645718 1.3101239787446946 1.3270272704981931 1.3445179414266983 1.3018960998542324 1.320990161185436 1.3229936238721771 1.3179342020485376 1.312104314206063 1.3103950851089847 1.3238204092586812 1.2852041852218203 1.3076632805069774 1.3118848276979465 1.3002309483164813 1.2964493152917758 1.2985441470015948 1.2935680228184447 1.2824726212450854 1.28685928601302 1.2810016978310184 1.2851316530765309 1.2942314760898181 1.3080852335158508 1.2824035932294113 1.2683282540632406 1.2646906890838479 1.2650573450968519 1.267177158166397 1.2572941983874522 1.278644176063367 1.2818545864893587 1.2498609921170023 1.2485439734268622 1.242772275721733 1.251212557455844 1.2527257517899253 1.2588036543589882 1.2598691258344277 1.2541478491571079 1.246209756142223 1.2445368397351273 1.2467921209937805 1.2457817369864237 1.2463660897764157 1.2457964302887274 1.2356863523777264 1.2180062758056582 1.20023268660257 1.183868256275876 1.1672216817236347 1.145645489848155 1.1211406570207276 1.1078823675266487 1.1029417959626313 1.0948740966670165 1.0758776506721754 1.0615055362504286 1.0526661159914676 1.0486333104023635 1.0332060447309792 1.015256481721134 0.9840492895059604 0.9578253277595059 0.9371761542316694 0.9198064080124116 0.9048822407140718 0.8924872787904368 0.88161506143578 0.8713000167432396 0.8637086767245628 
# Gas [Ca/H]:
-4.979138583587979 -6.639801141843757 -5.630845075699424 -3.1978583354752566 -2.444085603727581 -2.219976853038683 -2.0864687428425164 -1.7914572690247832 -1.1954156473231103 -0.7097311005760494 -0.28967299267566027 0.09517925110193293 0.4525039358049927 0.7679221556220934 1.0133687669494549 1.1648527717580643 1.2396990991652013 1.2679877555423706 1.2747609228150631 1.2721256313217522 1.2679909371645879 1.2613516746215572 1.2537102292789273 1.2470708469185139 1.2401151936511372 1.2347968120999289 1.2297633986889105 1.2250738086242192 1.22008439221944 1.215465902343606 1.2120504995841967 1.208060966842445 1.203526075958786 1.2011284599331695 1.19663667336477 1.194697582054129 1.1966445917075665 1.1955465153629916 1.1913982032987578 1.1954350400783333 1.1920580607034337 1.1920111823392912 1.1928752380078054 1.191782247196806 1.1924942154088614 1.1908807470092553 1.1902997510060729 1.1920091205009982 1.1899084477665385 1.1915229519604509 1.1894377519319317 1.1897914637236937 1.1900393480730127 1.1893480339211653 1.1887302130852229 1.1833552796313187 1.1929984770249336 1.187429429684257 1.1847383445606097 1.1871609006149537 1.1891136176620405 1.1868211325709215 1.1839240881677018 1.179339057522684 1.1840369102158537 1.185406495424668 1.1868691653918022 1.19134384446345 1.1847584578106707 1.1819812167823152 1.1808460334139719 1.1823791619214674 1.1715122990956575 1.1726763368248543 1.1692214885522647 1.1749857314527548 1.1658646040615936 1.1643954480904668 1.1624802932069471 1.1603309750257678 1.1640579776878832 1.1580936551057803 1.1537943103957478 1.1499891909750497 1.161002622252548 1.1528784264054694 1.144712212488412 1.1452952877180325 1.1337285348028097 1.1688657841900083 1.161446005984259 1.147641155373135 1.149655955997953 1.1558560694869167 1.1378049294151982 1.124187258701003 1.1339899616909888 1.1474803468207933 1.1386171649484504 1.1340322631560085 1.1311777479227674 1.1333029344700973 1.1279747170749843 1.1345097672767404 1.1337122192027707 1.1326730763861335 1.1324704021857315 1.1303473925013856 1.1287091467602934 1.1276104956050528 1.123500613631788 1.1145992295029972 1.10945512211023 1.102807060566298 1.098362757508637 1.0943154443766616 1.0923310974639797 1.0893120942387258 1.0883694292517765 1.0876702375401814 1.0869535631275786 1.0871932600451943 1.0877466397922841 1.0885782101713586 1.0896941159017164 1.0931901443442502 1.0992660314426894 1.1056784979822512 1.1096255200820107 1.1115535077180327 1.1119501664068085 1.1120448134581125 1.1123003565442806 1.1110981635395696 1.1107032144483844 
# Gas [Ne/H]:
-4.979138583587979 -6.639801141843757 -5.288512944325552 -2.958923481467811 -2.210333305001922 -1.966400068987646 -1.8514437138393154 -1.7920448192318146 -1.762774968220148 -1.7486909788447011 -1.7280174791999876 -1.6745962389177311 -1.5619432462169902 -1.380540236286464 -1.2080537916245788 -1.0665534603600904 -1.0411633311087334 -0.9378031424734505 -0.9617569958896794 -0.9598119481453367 -0.9422186188928867 -0.9643736712937301 -1.011156214364349 -0.9595896375355641 -0.9974339200506241 -0.9900581034761089 -0.6766017331913643 -1.9823905732788054 -1.0908831653210527 -1.0105494186416406 -1.0065037307491806 -1.0259521357946992 -1.0256637818656582 -0.9771457430789274 -0.995281295622271 -0.9671358016654876 -1.0650236862355618 -0.9679887288674287 -0.9614126180829974 -0.9239881867581623 -0.9944765384438057 -0.8735962558449204 -0.9516443445963159 -0.894865936913801 -0.857469953023358 -0.9131680272755451 -0.8866328038868927 -0.8517068189619552 -0.856290852731977 -0.8439156228995977 -0.8398870397430276 -0.8249124695098784 -0.8466192036879301 -0.83758529476225 -0.8530862709516578 -0.7450891791954319 -0.8479621061624343 -0.7952269576432025 -0.8145951616543021 -0.8165749952529104 -0.7916855433389465 -0.7884295871901008 -0.7552987085820551 -0.8112253287391491 -0.7753563130355898 -0.7984472610815034 -0.7744708745144822 -0.7700352924328806 -0.7775957671078242 -0.7576141373677103 -0.7890101614152174 -0.8373518351541049 -0.8227038591534015 -0.8006366056892036 -0.7956940944242028 -0.7839649597646128 -0.8181703620384928 -0.8140929431539092 -0.87149663071167 -0.9148519842332794 -0.8896046949851568 -0.8486009914410859 -0.8141387471785642 -0.8426651604007436 -0.7349949561086087 -0.9805012917709144 -0.9634340950028202 -0.8695360857621113 -0.9617289870537107 -0.8783127719066988 -0.8752139959097986 -0.903320455869359 -0.8810300178316659 -0.8868615759976866 -0.93058778798222 -0.9596137894832966 -0.9248268381579674 -0.9351016256579818 -0.8800778218661787 -0.9176853843266493 -0.9379386995601191 -0.9456485924628222 -0.9626407132989891 -0.9665330659703351 -0.9375602405231049 -0.9609198810450863 -0.9596850740277922 -0.9630368781378804 -0.9698669430465019 -0.9654307108116456 -0.9810198681321562 -1.005829366118835 -1.0416170966953127 -1.0355532841253563 -1.046175563556174 -1.0602637380136617 -1.0684287007022686 -1.074220129608082 -1.0763232044204845 -1.0824262730101317 -1.086788990816249 -1.0901450840551936 -1.0897493027938285 -1.0894087543149347 -1.0899180268143702 -1.0890471032300946 -1.0904303354262908 -1.083965949656574 -1.0817767222177332 -1.0821926721110238 -1.0837094540461782 -1.0817129990484347 -1.08488793044528 -1.0867307569129645 -1.0869789338367433 
# Gas [Si/H]:
-4.979138583587979 -6.639801141843757 -5.330462994362662 -2.8682246977265065 -2.118426118906233 -1.9109980390303294 -1.7885740397757814 -1.6130981298075504 -1.1840865471816802 -0.7515536476619387 -0.3496398067173434 0.02873140249129502 0.3841552909490833 0.6979336459025309 0.9467596461593608 1.0915722481174859 1.1686537085457553 1.1974071067634995 1.204337928667996 1.2025129823026561 1.1976054594251813 1.19113271307602 1.1835156302036474 1.1766146475823973 1.1700866126658611 1.1648691265687758 1.1601120821957145 1.154697156711435 1.149126316196904 1.1453794058116928 1.14215823874359 1.1374530057712606 1.1330785190568955 1.130845984123877 1.126663673643189 1.124293095752908 1.1264827389018857 1.124578843892694 1.1216668704278043 1.124564805454043 1.1228581389880166 1.1223739937535298 1.1224535305141972 1.1219958687415788 1.1217599972908054 1.1218935563750403 1.120755657285526 1.1218323829791368 1.1197726829918082 1.121422191574061 1.1192222705008095 1.1197067963189 1.1195808447466158 1.1199111989828938 1.1186481712909728 1.1132976989749541 1.123194350293474 1.1173159226455551 1.1146410061307934 1.117315601095271 1.1186625918976252 1.1167750658632123 1.1137468910640225 1.1096235360007594 1.1136689567590161 1.1161245935582422 1.1162765116802396 1.1227890086365564 1.1136629259349138 1.1115924598833393 1.1103204386268284 1.1119702437035799 1.1014649917388355 1.10268487036834 1.098858756961751 1.103858725235216 1.09654993315903 1.0941685075176157 1.092346191132536 1.08990206644093 1.0950688148401673 1.0877587890419638 1.083946324193263 1.0792816422115026 1.089078073468622 1.0832050816415477 1.0748524859930417 1.0751421696691175 1.0635184892575427 1.0988339938562528 1.0906089566081283 1.0777682862625153 1.0797212327326218 1.0855872308404777 1.0675567747425863 1.0550926502804838 1.0627529727851224 1.0771470558896188 1.0683407925226232 1.0637870718088398 1.0604615790922058 1.0637392464631148 1.0580556300299646 1.0652003774831549 1.0636360370915612 1.0625792329062471 1.0622523848408862 1.0601769198986593 1.058567935451777 1.0574797338889108 1.0532688729945137 1.0445405828718903 1.0393227479552771 1.0325844854736705 1.028132061423773 1.0240880932551715 1.022093971458844 1.0190786083529857 1.018140334651299 1.0174342036303017 1.016710598683877 1.0169601093592489 1.017519223896108 1.0183493946395847 1.019473943398042 1.0229615961879936 1.0290572171163195 1.03544598341383 1.0393926715796837 1.0413182261205027 1.0417056018985988 1.0418070626731306 1.0420658263157239 1.0408638431412807 1.0404688437739487 
# Gas [S/H]:
-4.97913858358798 -6.6398011418437575 -5.40586840996393 -2.952333530161825 -2.19739327289742 -1.975232132389836 -1.8463619105084925 -1.6563968987748172 -1.205596640610361 -0.7647186721785602 -0.3618518401158983 0.01817404232381481 0.3739075090404649 0.6883070477539679 0.9322889597475652 1.0863400028970096 1.159809734799504 1.1876757473491666 1.1947010366049797 1.1931249688698515 1.1877488743975322 1.1813206214696983 1.1737489829413001 1.167233125728718 1.1602139955350146 1.154817782017456 1.1498008874661494 1.1450424186467432 1.1403855800516745 1.1359902936024402 1.1316954148877625 1.128323168865006 1.1233534763197475 1.1214164318030502 1.1175099093748293 1.1145108635617165 1.1164705480258053 1.1139675751845783 1.1176636318720754 1.1107669759441556 1.111869605667584 1.112609901889562 1.1124636709564526 1.1119122711929434 1.113027555980668 1.1113679224862154 1.1106866693955442 1.1120033375831562 1.1100391953802298 1.1115301562312232 1.1096253987849303 1.1097914364025794 1.1087387697406164 1.110695281220949 1.1090396483559646 1.1036500324245049 1.1135365307269995 1.1078858549541923 1.1048073413974646 1.1072348618374077 1.1083684379056167 1.1073094419284204 1.1040718038311614 1.1000752422786695 1.1041958046839242 1.1062314425534572 1.1070402218032118 1.1127674840671595 1.103925924216011 1.1019825118301565 1.1006981500827888 1.1026473236865977 1.0916049855357763 1.09277950980358 1.0892941134578265 1.0952089646055154 1.086149055763093 1.0843879510681749 1.0827389414827637 1.0809649597377469 1.0845129107493094 1.0783099206485982 1.0739439656532324 1.0699780429691201 1.0807215355859938 1.074635322295034 1.0642320852223022 1.0647266713206496 1.053943176562611 1.0888941306746096 1.0815483709402178 1.0680705644391888 1.0699785483064557 1.0758145108814263 1.0581803719020804 1.0447750708684054 1.0536845538730888 1.0676278027606352 1.0590423714934745 1.0541092216770074 1.0517966625391568 1.0543046493462795 1.0484443242726464 1.0551357078042032 1.0541116490148377 1.0526102767550438 1.0527162820438507 1.050444853943835 1.0490094035615987 1.0479238516915292 1.0437687155283184 1.0348878727235111 1.029747509172577 1.0230607910747902 1.018612984549525 1.0145725952712068 1.0125831943919055 1.0095685898653146 1.0086298538290364 1.0079218263695044 1.0072242753459717 1.0074411907217704 1.0080039280755972 1.00883412400331 1.0099614535408903 1.0134504556137327 1.0195505042830173 1.0259253139470172 1.029874436746423 1.0318071731597476 1.0322049267930424 1.0322949171350873 1.0325420491016835 1.0313417252816746 1.0309510370869814 
# Stellar mass-weighted [Mg/H]:
0 -4.979138583587979 -6.3762496582506625 -5.437146243122534 -3.286164044842419 -2.755567543443708 -2.623478217582501 -2.5705126768428554 -2.547735199045545 -2.5370494491310893 -2.5313543966272753 -2.5276411274580175 -2.524673179892689 -2.5221776091519734 -2.5199384639788276 -2.517684893452045 -2.515402167817916 -2.513427995788697 -2.5116390734886584 -2.5098820663280517 -2.5081784129093707 -2.5065021407425876 -2.5049280370254836 -2.503447556103313 -2.501999232981656 -2.5006412328051946 -2.4992941789426526 -2.4979923768697283 -2.496780923201614 -2.495635487465063 -2.494463052920328 -2.4933440561014857 -2.4922560383946983 -2.491191783795438 -2.4901460953903296 -2.4891263976579854 -2.488133286330215 -2.487130036888563 -2.486120851478339 -2.4850831054092852 -2.484057376678619 -2.4830432573433736 -2.4819944165305685 -2.480960437615443 -2.479894702753543 -2.4788389553704757 -2.477784600089544 -2.4767504782861574 -2.4756982379540666 -2.4746368999775523 -2.473573967994061 -2.4725164077472748 -2.471471566137713 -2.4704602504059947 -2.469467916558629 -2.4684762040808206 -2.46750531857809 -2.466608615968287 -2.465747669969458 -2.4649288856798215 -2.4641133213357707 -2.4633092325030956 -2.462532993183448 -2.4617979604486395 -2.461056445909705 -2.4603752650043837 -2.4597013608348863 -2.4590517635944282 -2.4583922549050534 -2.4577720342194365 -2.4571872101134646 -2.456593681563759 -2.4560287018297187 -2.4554623790986145 -2.4549210805634107 -2.4543877039324125 -2.45384872819582 -2.453321169501966 -2.452831115407804 -2.4523552937512916 -2.4519375193610315 -2.4514664199716885 -2.450979656276939 -2.450533688152402 -2.45011164686896 -2.449679517353232 -2.4492611076045607 -2.4488593978936697 -2.4484590369592576 -2.4480534752332206 -2.447637840903732 -2.4472762312769616 -2.4469267335881124 -2.446580278819284 -2.446246843692161 -2.4459296667256405 -2.4456629308416424 -2.44528857655267 -2.444990309357319 -2.4447409560374354 -2.4444103680411136 -2.4443552574163823 -2.4443226907612434 -2.4442943326173934 -2.4442407255270187 -2.444198836008737 -2.4441371433891996 -2.4440730474704893 -2.4440060920821223 -2.443911846720323 -2.4434785508642856 -2.4426789635352284 -2.442051863145948 -2.4415273804371243 -2.441147159540292 -2.440677251487326 -2.4402855419982394 -2.440050194873642 -2.439950514202666 -2.439867751917909 -2.4396845211427927 -2.4395368711595333 -2.439487790518271 -2.4394539470567835 -2.4392731825317666 -2.439180682720685 -2.4389251468177653 -2.4388052703249814 -2.4387222295956725 -2.438623643150792 -2.4383851525377143 -2.438335976111384 -2.4381448680725537 -2.4380665982352534 -2.437938747260408 
# Stellar mass-weighted [C/H]:
0 -4.9791385835879804 -6.3762496582506625 -6.266916878442288 -4.381197817414875 -3.7656884618498596 -3.5106705394330717 -3.397004275496383 -3.338062996180401 -3.2928579836885037 -3.255327267322331 -3.22333869645305 -3.1954148600589525 -3.170848235474936 -3.148985589804588 -3.1290249430021237 -3.1106486530255015 -3.0936886125190775 -3.0777198251993125 -3.062508170516339 -3.047979658677158 -3.0338746428397627 -3.0202757548826646 -3.007128328256508 -2.994349772431211 -2.981879975102216 -2.969187542062545 -2.9559185898453917 -2.9419348411202257 -2.9273515378855883 -2.9120725435887094 -2.8960053509259325 -2.8796584733513972 -2.863167401375102 -2.8467008373524827 -2.829882737253408 -2.812961537743334 -2.7958379143616883 -2.778538743029759 -2.7609984627244497 -2.7433909967503185 -2.725890121150182 -2.7085012147482086 -2.691274120432113 -2.674243166840105 -2.657430459962213 -2.640899817810361 -2.6246724989585744 -2.6086979134257025 -2.593054461298853 -2.577752602952537 -2.5629574220960265 -2.5486009949368267 -2.5345355098888342 -2.5206877484865275 -2.507248348348681 -2.494266059343362 -2.4819074608919873 -2.4698667470889353 -2.4583076013681344 -2.4469678175625544 -2.4360472648789147 -2.4253462104234975 -2.4150705530271477 -2.405029738005333 -2.39521716294767 -2.385690972108529 -2.376549881654867 -2.367705478228931 -2.3591489486717814 -2.3508922253509077 -2.3429212486318765 -2.3351753973765454 -2.3276538609431077 -2.320415692725346 -2.313461646074643 -2.306697893093081 -2.3000893785970513 -2.293701154645677 -2.287609992025007 -2.281699310069948 -2.275932575119093 -2.270306124814005 -2.264867312442721 -2.2595991197588825 -2.2544714788726674 -2.2494689120125564 -2.244550101773397 -2.2397189611275046 -2.235062471340429 -2.2305258639382233 -2.226233316983116 -2.222000392399112 -2.2178940288958886 -2.213771666679839 -2.209771746923181 -2.205877106167195 -2.2020176628028914 -2.19830305442588 -2.194739746788284 -2.1911858428399382 -2.191112913041523 -2.191019680239969 -2.190985224697676 -2.190898628781169 -2.1908694074063124 -2.1907934496978543 -2.1907436859546285 -2.1906560972394242 -2.1905257751266296 -2.189935554652184 -2.188690184586031 -2.1876270390811037 -2.186651891375865 -2.185888561703478 -2.18507150641127 -2.184548315525629 -2.1842285042113243 -2.1840919055990407 -2.1840412278404546 -2.183851052582998 -2.18383167777636 -2.1837709786989423 -2.183814899902746 -2.183552716518909 -2.183552956224162 -2.1830462481054944 -2.18269608805039 -2.1824490466440682 -2.182073233815859 -2.181189954021974 -2.1810553726309934 -2.1802858477239235 -2.1799688059613738 -2.179452772104657 
# Stellar mass-weighted [N/H]:
0 -4.979138583587979 -6.3762496582506625 -6.549765549115303 -4.971761806244409 -4.361830922894857 -3.996692576160365 -3.673927742002303 -3.4229633497466354 -3.2316692959106454 -3.0852373217769857 -2.9721405585010716 -2.884795613042738 -2.816462720927353 -2.7616876687897935 -2.715799342508311 -2.6760384167647118 -2.6403824676781413 -2.6071359001485277 -2.5756227265505043 -2.5459842885164248 -2.5187177869564223 -2.4941406337877465 -2.472168241089288 -2.4525005860218725 -2.43503139375371 -2.419326510200402 -2.4063473445750088 -2.3950457830736758 -2.3859372074439156 -2.3784778351944658 -2.372600970524176 -2.3680041580263325 -2.3645975723095756 -2.362125772156439 -2.360400906427513 -2.35927287433958 -2.3583761947798294 -2.3576515784341963 -2.3569747023673404 -2.3563340798540313 -2.355692675666708 -2.3550690287863674 -2.3545090490387235 -2.353880181329721 -2.353364432582243 -2.3528623463227314 -2.3522901155642755 -2.3517129912642565 -2.3510944086896908 -2.3505539888546805 -2.3500585983261875 -2.3496105393424536 -2.3491268922583046 -2.3486425757232174 -2.3482097522033536 -2.347715674015169 -2.347268698284169 -2.3467957779705024 -2.3464013593491613 -2.3459880798276638 -2.34561999284261 -2.3444461067313336 -2.3436614114563534 -2.3428406576521708 -2.342422102585682 -2.342101551067927 -2.3417075847317097 -2.3413009341843027 -2.3409220099055457 -2.34053189038539 -2.340169588567057 -2.3398475693818934 -2.339498814334476 -2.339182588681976 -2.3388871854565174 -2.338553087481124 -2.338207007080605 -2.337934934702594 -2.337675628974008 -2.3370081950757386 -2.336672198122648 -2.33634771666423 -2.33605317834317 -2.3357722719499447 -2.3354888678739334 -2.33520754194146 -2.334944185178923 -2.334670323287992 -2.334386019019358 -2.33415047140592 -2.333907138991412 -2.333663587547518 -2.3333499353163285 -2.333055714763324 -2.33285069343144 -2.332661108329691 -2.3323460411175594 -2.331989142334627 -2.331773204591032 -2.3314199264615683 -2.331206561592704 -2.3310195356010386 -2.3308458093412163 -2.330653439729616 -2.330482420417191 -2.330304180479735 -2.330052492817245 -2.329867810916654 -2.3295159025030987 -2.327934247128736 -2.3252055579772684 -2.3230129038303975 -2.3210943179094716 -2.3195254655189634 -2.3176480396119743 -2.3161880546707003 -2.314984605814547 -2.3145943997554532 -2.314057954974678 -2.313232483657849 -2.31262486290057 -2.3121343611040865 -2.311996782231363 -2.311087813622021 -2.310429614563243 -2.3087703186939104 -2.307600455163076 -2.306633331029272 -2.3056739211569415 -2.304475436970871 -2.303670198276947 -2.302768501301207 -2.301806406342074 -2.301178563159856 
# Stellar mass-weighted [Ca/H]:
0 -4.979138583587979 -6.3762496582506625 -5.698089847445971 -3.556933897088486 -3.0195032786714187 -2.877621981766195 -2.817899093531638 -2.761014670269301 -2.665013680890267 -2.5685103760021644 -2.486331150720364 -2.4196490420304233 -2.3657044123563225 -2.321532204913563 -2.284295464940625 -2.2525356046633735 -2.22512996610706 -2.201007110498238 -2.1794425529988457 -2.160068218365093 -2.1424245801086776 -2.126339109330517 -2.111563562196287 -2.097860157582618 -2.085213453761977 -2.073298633351081 -2.062207711105165 -2.051847433273318 -2.0420320984371134 -2.0326786800043637 -2.0238749320423475 -2.015542228964537 -2.007595273215622 -2.0000421523162686 -1.9927854948842016 -1.9858749323372695 -1.97917862373958 -1.9728159794238422 -1.9667261364209683 -1.9608399570229507 -1.9552140641208675 -1.9497789572164423 -1.944515350389314 -1.9394180262298368 -1.9344993944923292 -1.9297409032582182 -1.9251470220959614 -1.9206830449878298 -1.9163421680103694 -1.9121485269203395 -1.9080374792229788 -1.9040485144799488 -1.9001759060461403 -1.8964029106866116 -1.8927259006097632 -1.889121818912682 -1.8856403727226274 -1.8822068162811059 -1.8789343192458121 -1.875665365752056 -1.8724915894931904 -1.869359687538381 -1.8663377120631228 -1.8633547119097322 -1.8604459119194754 -1.8576085669413258 -1.8548193061423426 -1.8520818987725551 -1.849394578560437 -1.8467695003456077 -1.8442006931648365 -1.8416755434608136 -1.839192906271018 -1.8367645382987536 -1.8343773538454062 -1.8320303769841724 -1.8297171031563533 -1.8274467744810288 -1.8252275220407848 -1.8230448270516826 -1.8208917971146894 -1.818770560704988 -1.8166906614229497 -1.8146500127926632 -1.8126388956604442 -1.8106585024032213 -1.8087269078172081 -1.8068187043835673 -1.8049165230024737 -1.8030361884954758 -1.801190775036127 -1.7993623054836627 -1.7975747577729502 -1.7957901555362916 -1.794067281622934 -1.7923899909574814 -1.7906368096935568 -1.7889803182733175 -1.7873588638343039 -1.7857455489867151 -1.7855985115117132 -1.7854562129945233 -1.7853456576425364 -1.7852021067607007 -1.7850939947482471 -1.7849622716061688 -1.7847988752844808 -1.7846600399027253 -1.7844114332970182 -1.7832908094672622 -1.7812483378220518 -1.7795828602338295 -1.778111587286979 -1.776921681869247 -1.775534021055388 -1.7744965664916776 -1.7736927901779804 -1.7734201832676506 -1.7730943047637195 -1.772549715554522 -1.7722026497180758 -1.7719073901437685 -1.771849114937834 -1.7712320313903325 -1.7708597790548373 -1.7697223279687195 -1.7689215105327163 -1.7682777348300975 -1.767588910416201 -1.7665531139686683 -1.7660447406176196 -1.765225044387595 -1.764554881314358 -1.7639924257045925 
# Stellar mass-weighted [Ne/H]:
0 -4.979138583587979 -6.3762496582506625 -5.369527943126771 -3.317697175178118 -2.7847503211023 -2.633943868010334 -2.576899736353589 -2.5533637130258446 -2.5438514808896118 -2.5401913228893944 -2.5387813317934196 -2.538039839487819 -2.5376044644378375 -2.5371705094053407 -2.5365288475789596 -2.5358036698200532 -2.5352879246516116 -2.5347998920119617 -2.534301314547748 -2.533807803302108 -2.5332783898021782 -2.532800289690602 -2.5323708957816233 -2.5319079128038275 -2.53148788734267 -2.5310667346555995 -2.5304785172605113 -2.5302441441639196 -2.529905391068902 -2.529523915860377 -2.529163808652842 -2.528829151598834 -2.528503687374571 -2.528183188396521 -2.5278676362096064 -2.5275538532494277 -2.5272689928785903 -2.5269712317177255 -2.5266663541905707 -2.526377711170758 -2.5261238517809685 -2.52582957539149 -2.525563608736703 -2.525266004802276 -2.524980433650379 -2.524728463686997 -2.524492977932801 -2.5242236919222085 -2.523964088223127 -2.5236975393031376 -2.523435171385155 -2.523182658129782 -2.5229526242703297 -2.5227201379444413 -2.5224874965396555 -2.522215444612269 -2.521998705802006 -2.521773510757151 -2.521575816743523 -2.521360203741424 -2.521129746051362 -2.5208970962129458 -2.520680408713776 -2.5204584769144844 -2.5202659821073325 -2.520072239637477 -2.5198769323680033 -2.519660063159674 -2.5194563172717634 -2.5192617562991675 -2.5190846458767417 -2.518912673345258 -2.518728419098677 -2.5185539982969205 -2.518381251733131 -2.518204880782098 -2.5180226598464364 -2.517859507262103 -2.517713705252656 -2.5175829613846217 -2.517435366262771 -2.517272334392459 -2.5171135499631925 -2.5169818311270102 -2.5168151300389825 -2.516697100428776 -2.516589060383886 -2.5164635360082848 -2.5163223865326394 -2.5161556381588683 -2.516024780091268 -2.5159029114188263 -2.515784404729505 -2.5156488180521173 -2.515541115376706 -2.5154863817961237 -2.5152975183563786 -2.5152163913174617 -2.515136297445933 -2.5149480888141547 -2.5149072683497984 -2.514893637882075 -2.514878077422365 -2.514839592632251 -2.5148084914454865 -2.514758222741409 -2.514709076765442 -2.514653544534254 -2.514584167346542 -2.5142640861456798 -2.5136692451503935 -2.513216246528491 -2.512850662442961 -2.5126076971806706 -2.512291038263715 -2.5120000981887065 -2.511857498039199 -2.511785454473692 -2.511740097500999 -2.511613083354616 -2.5114916151051823 -2.5114823023505295 -2.5114492575476053 -2.5113384435271326 -2.5112881634745765 -2.5111803109159956 -2.511178721644602 -2.5111913691087873 -2.5111949467079775 -2.5111055047882607 -2.511134336791094 -2.5110610944854885 -2.5110866249699875 -2.511041776275965 
# Stellar mass-weighted [Si/H]:
0 -4.979138583587979 -6.3762496582506625 -5.410296774064081 -3.2274880581085332 -2.6931869638635906 -2.559154643182363 -2.503671358737824 -2.4670367220050347 -2.4184837893934024 -2.3678389131097033 -2.321517348737669 -2.2813764611600647 -2.2471775585120195 -2.21807245564142 -2.1924773714586703 -2.1703936137958975 -2.150894885080228 -2.1334313566627268 -2.1175734996505016 -2.103119870751942 -2.0898274511839876 -2.0775932593433577 -2.0662616974335704 -2.055672292013295 -2.045825813322585 -2.0364869679120066 -2.02774110600459 -2.0195392981788123 -2.011742998335249 -2.004261456095249 -1.997189428046073 -1.99048119746523 -1.9840585828956172 -1.9779332863263681 -1.9720245382049244 -1.9663858173522097 -1.960902424785159 -1.9556877737025644 -1.9506687129215496 -1.9458211791251596 -1.941161866420333 -1.9366533856056591 -1.9322845772898996 -1.9280364429086214 -1.9239404592751042 -1.9199577741941134 -1.9161137338023595 -1.9123717613052458 -1.9087280435481553 -1.9052004475193272 -1.9017380001369526 -1.8983744723798255 -1.8951085572792046 -1.891914638801751 -1.8888009109212653 -1.8857441287729282 -1.8827879097417375 -1.8798720947870091 -1.8770918704467112 -1.874306941992974 -1.8716017394917852 -1.8689268715552263 -1.866347242415813 -1.8637922425603604 -1.8613069268502418 -1.8588732000416117 -1.8564853029743897 -1.8541261013685704 -1.8518217732866686 -1.849567567565341 -1.8473611316328569 -1.8451883015061545 -1.8430478303777722 -1.8409539937795838 -1.838895844920697 -1.8368734481326499 -1.834869149429073 -1.8329069994723683 -1.8309875736040775 -1.8291003493776552 -1.8272297940906395 -1.825389946978504 -1.8235844615518033 -1.821817812340817 -1.8200781923747398 -1.8183557592625927 -1.8166770029381087 -1.8150185022616059 -1.8133601998023998 -1.8117166646913203 -1.8101112204001177 -1.808516499548678 -1.8069574405732904 -1.8053987918799983 -1.803895953760657 -1.8024349725197313 -1.8008965872753322 -1.7994526170025855 -1.7980399217020633 -1.7966179100286173 -1.796484994957959 -1.7963597095060564 -1.7962618477195322 -1.7961321809089146 -1.796034247254779 -1.7959133053304628 -1.7957650436934358 -1.7956373848438432 -1.7954129309645523 -1.794398378955731 -1.7925479164403395 -1.7910424450387925 -1.7897168958920169 -1.7886512512814514 -1.7874036112235574 -1.7864638501009908 -1.7857457124204963 -1.7854992831705703 -1.7852096663991004 -1.7847192756100272 -1.7844014229065346 -1.784143014754057 -1.7840880018707939 -1.783536622899005 -1.7832056635532458 -1.7822010798482673 -1.7815029094191095 -1.7809432692141547 -1.7803431435290955 -1.7794292147407926 -1.7789892169946064 -1.7782654739316754 -1.77768378515347 -1.7771876360264187 
# Stellar mass-weighted [S/H]:
0 -4.97913858358798 -6.376249658250662 -5.483279752349106 -3.311552165816953 -2.773057552551478 -2.631994254700089 -2.573538234309723 -2.533644678424679 -2.4792747122926997 -2.422766861441419 -2.3717975592331157 -2.327951711389148 -2.2908707925200815 -2.2594693953788267 -2.232300556115539 -2.2084700232259094 -2.187656369514869 -2.1691025474899064 -2.152295840908571 -2.137001857996858 -2.1229781461184203 -2.1100892169066894 -2.0981668030147 -2.0870320833705005 -2.076700991443281 -2.0669178533942576 -2.0577692417028253 -2.049186036289732 -2.0410182812369024 -2.0331979319086813 -2.0258275143933213 -2.018821247394074 -2.0121258690363897 -2.0057401280521026 -1.9995803622532717 -1.9937131684442893 -1.9880133686225019 -1.98260228449905 -1.9773246846915251 -1.9723325561240417 -1.9675071546431226 -1.9628285061981483 -1.9582987496569313 -1.9538971424409377 -1.9496420963740855 -1.9455210952565123 -1.9415404846704911 -1.9376662144552155 -1.9338934567076498 -1.930243548916735 -1.9266600431850227 -1.923181529245805 -1.9198110829732054 -1.9165048535249678 -1.9132852753993888 -1.9101256682533867 -1.9070705142607771 -1.9040559972614162 -1.9011842468494349 -1.898310511223226 -1.8955212492378868 -1.8927589302485375 -1.8900959889255624 -1.8874589799407095 -1.884893088876841 -1.8823832720284264 -1.8799178253389695 -1.8774871513787357 -1.87511171291115 -1.8727871225436887 -1.8705121563517766 -1.8682712832576032 -1.8660666074304153 -1.8639101248876182 -1.8617892220075243 -1.8597016518079812 -1.8576409123697761 -1.8556206423517407 -1.853643849209349 -1.8516975718356008 -1.8497757974103362 -1.8478815927688936 -1.8460247420104299 -1.8442048662152128 -1.8424098997781728 -1.8406337880246042 -1.8389099417920205 -1.8372063890155825 -1.835501195845989 -1.8338133042926659 -1.8321600824684312 -1.8305204674818265 -1.8289178100378853 -1.8273162592785148 -1.8257703058194226 -1.8242691295746942 -1.8226884453319459 -1.82120329020856 -1.8197492893669027 -1.8182907933732508 -1.8181549926824445 -1.818026418285168 -1.8179259974696587 -1.81779363163467 -1.8176937017873103 -1.8175706316285645 -1.8174193948314326 -1.817289474001595 -1.8170598617405895 -1.816024518402477 -1.8141359212877113 -1.812598937293516 -1.8112446671176965 -1.8101546623466955 -1.8088797339232299 -1.8079207137774365 -1.8071859366098515 -1.8069343240394922 -1.8066376811593656 -1.8061366256344344 -1.8058129722741256 -1.8055474947535526 -1.8054918104635185 -1.8049274928244214 -1.8045886550498453 -1.8035583435435685 -1.802840564537937 -1.8022649142021923 -1.8016478935351623 -1.8007102981534766 -1.800257421023752 -1.7995150054530367 -1.7989165757037417 -1.7984076478474478 
# Gas metallicity, [Z/X]:
-5.001329409250701 -6.661991967506479 -5.400886296321868 -2.9899317916814523 -2.250182686441012 -2.020559593680531 -1.7521210338301503 -1.4236217461428764 -1.107190196248239 -0.834139469593252 -0.5689899960894895 -0.29035708847936426 0.0028888695852502533 0.2808340308316033 0.5002917867956005 0.6299673911321524 0.7141266150721352 0.7359613673568806 0.7532774840233978 0.7558740941684039 0.7571644250089189 0.7539386320630923 0.7480658918514638 0.7439169125241442 0.7361985083365206 0.7353990683033084 0.7281337747844123 0.7284893245308195 0.7218184186113108 0.7223126964429026 0.715899871578695 0.7185438422001351 0.7110129387817717 0.6953431488038408 0.6966445586509928 0.7232659000765018 0.7136886699955233 0.7562122740169783 0.699853539803196 0.7930416544235092 0.6634682855891736 0.862739006988719 0.4902883663098603 1.0180975020587355 -7.44126835144257 1.2648086470486855 -7.422033694580639 1.4823468469355117 -7.402018666268242 1.6926126150732022 -7.383315648371646 1.9029598629473758 -7.36447288869493 2.125117312901924 -7.347515813957333 2.353919766367815 -7.326405834459138 2.6050105051593455 -7.3179188612202815 2.870820533720986 -7.297975072599545 3.1551460880036206 -7.287792994822656 3.4482898704946514 -7.272759832175819 3.768453300327538 -7.255743952159007 4.107835320674375 -7.244908513021331 4.452609491848284 -7.234255834096178 4.815479899116177 -7.230455659344127 5.184303769249297 -7.220414111437952 5.584309383660366 -7.211329671266862 5.987512590149671 -7.202868803065895 6.4023504392678054 -7.189686348751929 6.839628535992161 -7.1884597869845415 7.280978967948334 -7.171091810813698 7.7419513346574504 -7.175730490225435 8.207598612869484 -7.17650289983748 8.71063867253824 -7.138287890967689 9.201246383175068 -7.140014018593339 9.720135699318305 -7.142439222121279 10.216719068175106 -7.136556370219575 10.756727287587033 -7.122578450508669 11.289124220314974 -7.120251606413014 11.581839014833434 -7.534187000596376 11.605855165558303 -7.732317571655775 11.468981378676506 10.827763960237444 11.27027467451286 11.026446961146862 11.08309619673906 10.794643152213828 10.616984514098883 10.49831034984185 10.409518715971313 10.342317650733936 10.264435516535775 10.208545290780773 10.162179590100784 10.150199702492017 10.125491255244 10.093976589359992 10.068249566957986 10.05366961900408 10.047506015048063 10.021274116683452 9.99659396881213 9.957229478008191 9.929409824175345 9.905623706389845 9.884497965129741 9.865324179546914 9.848453544361549 9.833788816092309 9.819307759690206 9.80700206956809 
# Stellar mass-weighted metallicity, [Z/X]:
-4.152288344383056 -5.001329409250701 -6.398440483913385 -5.479217829071041 -3.3490083899713623 -2.8230783447135464 -2.679503493082861 -2.5830381539090164 -2.5024435889013743 -2.4406135788827292 -2.398103017906382 -2.3688812603875036 -2.347583849040208 -2.3309629239261396 -2.317254233521946 -2.305385482172376 -2.295088534589687 -2.285633236490396 -2.277075009975624 -2.26895884108143 -2.2613933666393455 -2.254184712645059 -2.2474258949215002 -2.241055043227827 -2.2349789760779615 -2.229326783066588 -2.223842104451668 -2.218693101302395 -2.213758936290497 -2.2090922776253086 -2.2044585785060287 -2.200109936716017 -2.1959093446299844 -2.1918835280313003 -2.188140390371368 -2.184459799321391 -2.1807238006037215 -2.177153784124905 -2.173426773197394 -2.1701874513857202 -2.166417387953608 -2.163626865296644 -2.1595296040669654 -2.1576554654988653 -2.15224115533122 -2.151930391256088 -2.1431690475634557 -2.1429124761604372 -2.1296376262709504 -2.1293734985159753 -2.1096131971910177 -2.1093632145049312 -2.080236528069281 -2.0800361177765696 -2.037097968927445 -2.036927512421287 -1.974046587932204 -1.9739316539785612 -1.8842076617033128 -1.884186884731596 -1.7592106429854495 -1.7587912951064248 -1.5926078024012453 -1.5921491305240985 -1.3839823138893428 -1.3834855068669867 -1.1376724371579783 -1.13714604765458 -0.858003721523368 -0.8574505282566303 -0.5468938877461371 -0.5463237788644093 -0.2151441223053483 -0.2145661450941314 0.13591640534756033 0.1364952362842733 0.5072335172013067 0.5078326083277493 0.8971755692660339 0.8977623595457637 1.2982008707606558 1.2987898378364398 1.7165287587869351 1.7171168072233949 2.148204010277619 2.148782645787992 2.590218560101653 2.590776076303055 3.0465226356634973 3.0471107381343594 3.51216103663009 3.5127342189960276 4.002650903474506 4.00323394094769 4.501207888305797 4.501772542112333 5.014223378576282 5.014860772145116 5.524249917024424 5.524785703876875 6.0534384914186825 6.054002081852623 6.0544788895769 6.054840845550977 6.055112705164296 6.055042659085446 6.055116786477882 6.05486594132929 6.055142045174136 6.0556479566011525 6.05361123079178 6.053084666674848 6.053326760806799 6.053881093950226 6.054443942250297 6.055215902669196 6.055833405130374 6.056397135951136 6.056626664828443 6.056787639648474 6.057063307373674 6.057053186461027 6.0570731475538535 6.056959410508197 6.057064361133656 6.0568805484235995 6.057389721238045 6.0577800826050305 6.058240842134168 6.059007658563046 6.060049310078974 6.060343641059186 6.061621981603446 6.0620654876520925 6.06304393932205 
# Number of SNIa (log_10):
0 0.0 0.0 0.0 0.0 0.0 1.3830105062937357e+53 9.175049716137982e+54 3.6221870346633167e+55 6.890140684076146e+55 1.0112942775355452e+56 1.3068058736715703e+56 1.571611186723717e+56 1.8084467549971053e+56 2.0215862148772085e+56 2.215004379303766e+56 2.391958146772248e+56 2.555023910404078e+56 2.706234448454917e+56 2.847210530670917e+56 2.979260760509732e+56 3.1034564856464863e+56 3.2206856707022963e+56 3.3316926302446523e+56 3.4371083232620564e+56 3.53747149875651e+56 3.633246076217857e+56 3.7248359623389493e+56 3.812592002495728e+56 3.896821833414542e+56 3.977799935563858e+56 4.055776888471394e+56 4.130962258953636e+56 4.203531704789617e+56 4.2736786407522705e+56 4.341559531112585e+56 4.407315713956479e+56 4.471070838734318e+56 4.532946364722855e+56 4.593062494245806e+56 4.6515041976447706e+56 4.708364403308892e+56 4.763725433213167e+56 4.81766217527501e+56 4.870249131455732e+56 4.921552135809489e+56 4.971632774061847e+56 5.020543978791752e+56 5.068341470294691e+56 5.115085879425484e+56 5.160812248403994e+56 5.205560825617098e+56 5.249375890249903e+56 5.292299243703664e+56 5.334361853727553e+56 5.375599410072436e+56 5.416042010970493e+56 5.4557063628236675e+56 5.494632083171712e+56 5.532888336103564e+56 5.570461023158034e+56 5.607378627520101e+56 5.643642114565194e+56 5.679276191535681e+56 5.714322726560805e+56 5.7487959580964045e+56 5.782710008129493e+56 5.8160896542030405e+56 5.848948754059078e+56 5.88129996411162e+56 5.9131610705276195e+56 5.944550321121223e+56 5.975472613257427e+56 6.005942163327618e+56 6.035987912872924e+56 6.065610391650136e+56 6.094818899984832e+56 6.123627816525741e+56 6.1520470400982765e+56 6.180086379228837e+56 6.207756966642729e+56 6.235064817821949e+56 6.262018166753163e+56 6.288642872655471e+56 6.314932698328784e+56 6.340896455376021e+56 6.366542356342281e+56 6.391882497277358e+56 6.4169214174344405e+56 6.44165600275809e+56 6.4661036854735085e+56 6.4902689264040396e+56 6.514152990018087e+56 6.537788590106822e+56 6.561167745597731e+56 6.584279732600288e+56 6.60713976404115e+56 6.6297556968125325e+56 6.652130361821061e+56 6.674264013193481e+56 6.696166792346722e+56 6.7178379232177e+56 6.739291832923487e+56 6.760539777630983e+56 6.781571138664241e+56 6.80239495472179e+56 6.823015456854229e+56 6.843430536430709e+56 6.8636476909716e+56 6.903512333212749e+56 7.092249324829325e+56 7.425425768252073e+56 7.712964259258114e+56 7.965866139732255e+56 8.191614554301655e+56 8.49043777557806e+56 8.752033156977247e+56 8.984656096261328e+56 9.056833784079141e+56 9.194088250100776e+56 9.38453492021681e+56 9.55918644739832e+56 9.668045569462945e+56 9.720426634185458e+56 9.917828190292445e+56 1.0141063920579243e+57 1.0527038076656605e+57 1.0852997931408373e+57 1.1135155385631159e+57 1.1383937370580277e+57 1.1606255546364004e+57 1.1807472697727309e+57 1.1991046325721997e+57 1.2159872820864947e+57 1.2316150403788653e+57 
# Number of SNII (log_10):
0 0.0 2.474275056995685e+53 3.4249407173298745e+55 1.2731594009246715e+56 2.02131642793014e+56 2.5893915562652917e+56 2.9655530078941777e+56 3.1442390547184377e+56 3.2213444455524984e+56 3.2519443213334493e+56 3.263245380350243e+56 3.2672112840298027e+56 3.2685652661660316e+56 3.269008656470272e+56 3.269165260892366e+56 3.269228924242021e+56 3.2692517602790014e+56 3.269259293097332e+56 3.269262943297583e+56 3.2692651956801635e+56 3.269266880982599e+56 3.2692682829554488e+56 3.2692695155911726e+56 3.2692706238705406e+56 3.2692716333437748e+56 3.2692725563068806e+56 3.2692734051411033e+56 3.269274189662388e+56 3.2692749176909205e+56 3.2692755936494894e+56 3.269276224435975e+56 3.2692768140989492e+56 3.2692773653104297e+56 3.2692778810882057e+56 3.269278365414219e+56 3.2692788214759683e+56 3.269279251382837e+56 3.2692796578387754e+56 3.26928004444011e+56 3.2692804116268915e+56 3.2692807581438464e+56 3.2692810869170474e+56 3.2692813997513305e+56 3.2692816969394303e+56 3.269281979231483e+56 3.2692822483102697e+56 3.2692825182225667e+56 3.2692827827115364e+56 3.2692830382268143e+56 3.269283268012292e+56 3.269283500990004e+56 3.2692837107732464e+56 3.2692839228303687e+56 3.269284113263139e+56 3.269284305844311e+56 3.269284479308633e+56 3.269284653760442e+56 3.269284812942427e+56 3.269284974973691e+56 3.269285120744588e+56 3.269285267346769e+56 3.2692854022841974e+56 3.269285537308185e+56 3.269285658163018e+56 3.2692857795121257e+56 3.269285890839925e+56 3.2692860043398324e+56 3.2692861077294436e+56 3.26928621300193e+56 3.2692863090022483e+56 3.2692864040884605e+56 3.2692864866497397e+56 3.2692865750764116e+56 3.269286655086268e+56 3.2692867380931842e+56 3.269286807799547e+56 3.269286878551208e+56 3.269286942426343e+56 3.269287010316463e+56 3.26928706903181e+56 3.2692871344195787e+56 3.2692871907604397e+56 3.2692872498211326e+56 3.2692872987912763e+56 3.2692873527747534e+56 3.269287399089597e+56 3.269287451144715e+56 3.269287494494089e+56 3.2692875397670415e+56 3.2692875804005533e+56 3.2692876261169795e+56 3.2692876647656296e+56 3.2692877060925945e+56 3.269287734117048e+56 3.2692877673640165e+56 3.26928779667879e+56 3.2692878291701154e+56 3.2692878555019215e+56 3.2692878885100886e+56 3.2692879173826896e+56 3.269287946830106e+56 3.269287969608199e+56 3.269287994348333e+56 3.26928801477926e+56 3.269288017567674e+56 3.269288017567674e+56 3.269288017567674e+56 3.269288017567674e+56 3.269288017567674e+56 3.269288017567674e+56 3.269288017567674e+56 3.269288017567674e+56 3.269288017567674e+56 3.269288017567674e+56 3.269288017567674e+56 3.269288017567674e+56 3.269288017567674e+56 3.269288017567674e+56 3.269288017567674e+56 3.269288017567674e+56 3.269288017567674e+56 3.269288017567674e+56 3.269288017567674e+56 3.269288017567674e+56 3.269288017567674e+56 3.269288017567674e+56 3.269288017567674e+56 3.269288017567674e+56 3.269288017567674e+56 3.269288017567674e+56 3.269288017567674e+56 3.269288017567674e+56 3.269288017567674e+56 3.269288017567674e+56 
# [Mg/Fe] for total ejected gas till this time:
0 0 0.9737451105270938 1.0201250543555518 0.9300294159268805 0.8158156070874842 0.7620637472528646 0.631932500269127 0.41105910204290763 0.24460944340000057 0.12740457029111596 0.042789125373285414 -0.0207615976777671 -0.07041434428861912 -0.11052663505796699 -0.14375358193159524 -0.17194516150482045 -0.19630886893531835 -0.21764355314233733 -0.23654217603355016 -0.25345370928627997 -0.2687304165098746 -0.2826377327041465 -0.29535988460260454 -0.30708127788137174 -0.3179044736703145 -0.3279498508217599 -0.33734863638668156 -0.3461548922123949 -0.3543963214066358 -0.3621602663591847 -0.3694812233501035 -0.3764048789287934 -0.3829544359721228 -0.38918709445771205 -0.39511846596339495 -0.4007574859691413 -0.406119323876807 -0.41122600127409925 -0.416106482702262 -0.42077369619787564 -0.4252299697162448 -0.4295144409801697 -0.43362456303511265 -0.4375575292917089 -0.4413418787957982 -0.4449846443825368 -0.4484989503614933 -0.45187682604327023 -0.4551398302320549 -0.45829591197944963 -0.4613444823513718 -0.4643049211521415 -0.4671836256257234 -0.46997105133242667 -0.4726894630251007 -0.4753573775035393 -0.47796168484383544 -0.4804928906254963 -0.48297924712210055 -0.48540031088348107 -0.4877774870343537 -0.49009189418200516 -0.49235744970867357 -0.4945798642687842 -0.4967518993132546 -0.4988839416992647 -0.5009698990805627 -0.5030223253585706 -0.5050379911762131 -0.5069952188635531 -0.5089349995591033 -0.5108294365363402 -0.512689990503618 -0.5145142022582043 -0.5162981120100385 -0.5180598149051185 -0.5197954436838803 -0.5215000280385842 -0.5232036623850043 -0.5248426868975161 -0.5264485199118678 -0.528043624867053 -0.5296097926417385 -0.531146111100216 -0.5326656813381361 -0.5341569207202223 -0.5356237602887215 -0.5370800531589732 -0.5385132700695638 -0.5399309694356142 -0.5413314438156387 -0.5427038863626794 -0.5440766618335529 -0.5454170579719064 -0.5467428316511478 -0.5480589592592121 -0.5493340520629753 -0.5506173437806938 -0.5518895712428977 -0.5530948357057327 -0.5543059822599579 -0.5555226673980248 -0.5567739760563573 -0.5578571386316675 -0.5590316018570481 -0.5601739331651933 -0.5612968003124035 -0.5624078005555709 -0.5646094311513827 -0.5748322045063232 -0.5923343740145885 -0.6067881087598613 -0.6190081099987487 -0.629591138646483 -0.6432893802625216 -0.6548836593859423 -0.6648388056645329 -0.6678851906633604 -0.6737189056648554 -0.6813681995612173 -0.6883386626782835 -0.6926274664717971 -0.694677731618055 -0.7022837796841571 -0.710690032515957 -0.7247239475190844 -0.7361566417699696 -0.7458508667115544 -0.7541373824857682 -0.7613543897784069 -0.7677660518220067 -0.7735355941312176 -0.7787086038408403 -0.7834532120938211 
# [Mg/Fe] for instant ejected gas at this time:
0 0 0.9737451105270938 1.0204798157171537 0.8980735675022835 0.6163593760629458 0.4963018095280649 -0.14575410216056486 -0.8743676535363485 -1.2493102418455784 -1.4563423498243184 -1.5636613175510614 -1.6103036716275472 -1.6413912725975415 -1.6570589576478547 -1.6291538957514968 -1.6304014850325577 -1.637703626686669 -1.6289444060273566 -1.6173107148931387 -1.6097745649886226 -1.6101806726190941 -1.6135316762095795 -1.6083842203461174 -1.6139578633357006 -1.5981216512994585 -1.5890166686125642 -1.6147775210952924 -1.620394735442285 -1.5951024848139899 -1.5975361046307692 -1.587647614411437 -1.5822607165162756 -1.5659837029986865 -1.5731805255245543 -1.5660923902337425 -1.5497724924467766 -1.5210614612451918 -1.4980208112048483 -1.4811871060857449 -1.4714239016301232 -1.4412097516755296 -1.4427473806071038 -1.4206453514984616 -1.4036989487896847 -1.388222294677757 -1.3787811311134242 -1.3729385861216703 -1.3523980555557262 -1.3454403058154543 -1.340002254878241 -1.3294642990741528 -1.332281684910201 -1.3355310454269473 -1.3266250030129598 -1.334989673103878 -1.3595844973027624 -1.3690757641305904 -1.364748257753221 -1.3824599976741059 -1.379287768964369 -1.3989309182722547 -1.3938219775011385 -1.4014380173641543 -1.4146151578484805 -1.4153456493795848 -1.4279750133471638 -1.4285384907838308 -1.4471764058270535 -1.4579304203599914 -1.431169080098146 -1.4693433130426021 -1.4590723090187383 -1.4657428772950218 -1.4642464146410805 -1.4539485813114512 -1.4776891065341367 -1.4916503406438872 -1.4926921454457516 -1.5628908445782435 -1.4820963512723229 -1.4735601435991423 -1.5121051401018857 -1.5068595424126037 -1.4999935398364048 -1.5194881506787967 -1.5121964924920397 -1.5112826069882337 -1.54561803268968 -1.5456748321539773 -1.5655810798157894 -1.5801837040229767 -1.560083332158591 -1.6240491754868616 -1.5840643758646495 -1.596296390824074 -1.6291359046411196 -1.5655262847092202 -1.650543747843685 -1.6800971205786448 -1.5072767215598426 -1.5794514535014161 -1.6618391533151011 -1.944319948517291 -1.3623044898297645 -1.6813151133259168 -1.6125083643720808 -1.5922706245980076 -1.6027453323298604 -1.6467307016006927 -1.635051178503123 -1.668968391872207 -1.6663063828862188 -1.6536026215639694 -1.6581542219911354 -1.708513898121879 -1.7118702081174706 -1.688431644235198 -1.7064485776905065 -1.7981762691174172 -1.6347061413030588 -1.6885504104233142 -1.6993926335280536 -1.7091729538581628 -1.7001924520356393 -1.6993202999407675 -1.6874775824958839 -1.6889920444952107 -1.7235543390667947 -1.7043444320798478 -1.6928198948263389 -1.697008548433045 -1.7101059472981974 -1.6798664241014418 -1.6968297880469645 
# total ejected metal mass till this time:
0 0.0 1.4957371771701522e-05 0.0006462086180255989 0.0016520508884489574 0.0021063771130504067 0.0024892162698787064 0.002861737919897869 0.0031737659395144 0.0033948561658948247 0.0035507962085803003 0.0036670377391161183 0.0037602856069833433 0.0038385844039980277 0.003905710501638844 0.003963573365624882 0.004018918749849331 0.004068676763178434 0.004116487839664396 0.004161366372418006 0.0042040800042575845 0.004244450854800984 0.004282676652300008 0.004319084897046705 0.004353535541374531 0.004386804515435976 0.0044182366751841 0.004448789437837521 0.004477844462391464 0.004506156842206461 0.0045330719484671395 0.0045595331838898315 0.004584727869193703 0.004608152330893011 0.004631378222789065 0.004655721565627569 0.004678196899296351 0.004703060432845728 0.004723070762186714 0.004749226097985201 0.0047655977669086415 0.004795995451929664 0.00480343002316542 0.00484798222585932 0.004828354554754065 0.0049082714445223665 0.00482520835385868 0.004950601461382395 0.0047985764759123336 0.004993065488088575 0.0047292827160637175 0.005032562728908039 0.004586869556363321 0.005072176116108133 0.004309754557624719 0.005110908532568654 0.0037888058535721484 0.005148587509287155 0.0027643898407809426 0.0051851597392473985 0.0007213136019589215 0.00522075305288428 -0.0034221478903443316 0.005255474585292926 -0.012010078434885135 0.005289547404943174 -0.030671149342926377 0.005322431358459409 -0.0737274246561257 0.005354422221049265 -0.17124687599227 0.00538529522716331 -0.40456541305057864 0.005414961839941279 -0.9904296094878804 0.0054435409948468995 -2.5060069910452505 0.005471797403464824 -6.406360487034184 0.0054988908992077345 -17.17085018840243 0.005525050037856486 -47.12149277633706 0.005550289554679147 -131.78984542478779 0.005574948471611924 -382.67574906316725 0.005600010332524091 -1127.3103059658597 0.005622173391427711 -3578.177225441692 0.005644635341147306 -11343.033597894328 0.0056666527468007275 -37425.04032825938 0.005688878301847148 -120374.22383622061 0.005710502200715019 -413955.5948306472 0.005729649130451954 -1438210.6811078554 0.005748837680038135 -2840268.2379322085 0.005768116464193624 -3028511.992289665 0.005786666047166101 -2229635.5182039347 -510701.90277284675 -1419996.083165467 -815435.488348141 -954504.9420397839 -516038.19265129615 -358852.91667452466 -283922.3701359164 -239757.6997568129 -214115.00646582732 -185690.28065694682 -168396.51761813808 -153262.60611017884 -151537.84273957944 -146478.05319726368 -139117.91025762435 -132971.17894248036 -129451.9910641614 -130300.8569368508 -125743.59384097089 -123613.59858438036 -116911.28531204129 -112876.50827295416 -109586.97186288453 -106640.07264459589 -104054.34748022242 -101905.60530332354 -99985.62449088243 -98110.38398321267 
# Stellar [Z/H]. [Z/H] = [Fe/H] + A[Mg/Fe] where A=0.94:
0.0 -4.979138583587979 -6.3762496582506625 -5.485652852346569 -3.3472956638975058 -2.81102643028338 -2.6714169915519306 -2.6147913053437293 -2.5831017545615937 -2.5573947721229477 -2.5400013742324425 -2.5279254338404407 -2.5188900610854326 -2.5118318367844146 -2.506050785443072 -2.5009463927004916 -2.4963118179434396 -2.492349959425595 -2.4888442578809427 -2.4855851620336287 -2.482553812770492 -2.4796917480032246 -2.4770477296177105 -2.474593823217524 -2.4722537031365723 -2.470079043838155 -2.4679714036319726 -2.46596763356178 -2.464103557751562 -2.4623424084259744 -2.4605902616417454 -2.458928658837687 -2.4573304060123706 -2.4557826741343405 -2.4542806108668174 -2.4528247747403493 -2.451418983376697 -2.4500202450535618 -2.4486394752816785 -2.4472488231824996 -2.445886310570421 -2.444550821097763 -2.4431967230668965 -2.4418697827893014 -2.4405238679190964 -2.4392005584088294 -2.4378896374199774 -2.4366088378411077 -2.435320684086821 -2.4340321492502532 -2.432752515072264 -2.43148372032468 -2.430235179476882 -2.429026406742089 -2.427842000743339 -2.4266650174268793 -2.42551276532895 -2.4244386072252837 -2.4234011324463847 -2.4224143770187183 -2.4214309961750358 -2.4204649764632364 -2.4195280650544158 -2.4186372438400805 -2.4177431113867707 -2.416910577256355 -2.4160897966321864 -2.415295213288511 -2.4144944801829804 -2.413734858318979 -2.413012266292247 -2.412285229183354 -2.411588024504092 -2.4108924739643944 -2.410224063845834 -2.4095659069353803 -2.408905212690812 -2.4082576019966586 -2.4076480970867253 -2.407055324593832 -2.4065195648289635 -2.405935773085613 -2.40533943569857 -2.4047841195407402 -2.4042538261439867 -2.4037163390131386 -2.4031934314558563 -2.402689523475576 -2.402188449504502 -2.4016832000107096 -2.4011700230330124 -2.4007096967630033 -2.4002619141445893 -2.3998197105308146 -2.3993900695591783 -2.3989796761769693 -2.3986193134138136 -2.3981535811899364 -2.3977653830535504 -2.3974253085964667 -2.3970100649612887 -2.39694885339515 -2.396909011766857 -2.3968752025478617 -2.3968156328871215 -2.396769355312008 -2.3967030195800607 -2.396632347580223 -2.3965606264785584 -2.3964561305057828 -2.3959772494042197 -2.395095248829424 -2.3943993339987584 -2.393812117158222 -2.393378273524589 -2.392847630575231 -2.3924132123349477 -2.392140292421516 -2.392029171878166 -2.391930356602601 -2.3917232432422364 -2.391562438204745 -2.3914971026337293 -2.391461660370733 -2.3912520499150296 -2.391141105625415 -2.390827301068528 -2.3906624507629117 -2.390542398089046 -2.390404849173675 -2.39011361485572 -2.39003416184153 -2.38980147855043 -2.3896841693880404 -2.389527583507724 
# Stellar luminosity-weighted metallicity, [Z/X]:
-4.152288344383056 -5.001329409250701 -6.659049755096467 -5.402649928996544 -3.0021963836935273 -2.2714244415744096 -2.052103205065185 -1.8216039458653983 -1.591829030464652 -1.4859573315355592 -1.560458353251476 -1.7327437418517817 -1.9055178022003962 -2.03219455187614 -2.1179073135988444 -2.1603676413492297 -2.1821965715207083 -2.1927057592853165 -2.1973925209107072 -2.1981960420108244 -2.1967208319772844 -2.1937729833468147 -2.1900459402767076 -2.185996016886037 -2.181711086035432 -2.1772478284887224 -2.172527586131876 -2.1678706565719086 -2.1631133240406664 -2.1583389317838764 -2.153533121466335 -2.148972024761349 -2.1442588397209326 -2.139624998869336 -2.1354333997029604 -2.1311739071264366 -2.126280902346256 -2.121660967787955 -2.1162195458259463 -2.112139408174043 -2.106131884958545 -2.1029474366362404 -2.0956418429784227 -2.0950186995354922 -2.083325112146893 -2.087387839905551 -2.064628548459611 -2.068501421859011 -2.0316644507798225 -2.035789162452632 -1.9815894136795886 -1.9867648492286236 -1.9105139226601933 -1.9169502050664524 -1.8142379649159623 -1.8220455524806802 -1.686057135747234 -1.6948150711830843 -1.5267868039041954 -1.536748391658999 -1.3347024297955559 -1.3446956682568703 -1.108063944749378 -1.1173619381842153 -0.8493193423003362 -0.8578281586118053 -0.5672956669862812 -0.5751536302894833 -0.26761251794392815 -0.27450098843555915 0.06268847352374651 0.057829570849138534 0.40795787892882607 0.40356646130012597 0.7656424054475961 0.7615823423202254 1.1411621888579773 1.1400941149766561 1.5414528824445686 1.5414179810571207 1.9482340033377232 1.946667079127197 2.3726658128405678 2.37190551266815 2.814160695986818 2.8138358782340007 3.261365235268496 3.2612896052978524 3.7229785379600013 3.724012715393049 4.18465791303305 4.185153877769463 4.682817796052407 4.68443488752713 5.186891309070812 5.187606348217757 5.711893778150802 5.71375224697753 6.221068860593499 6.2227378089713925 6.752988915319718 6.755062977792457 6.753092722408362 6.749296692418754 6.7309256406590485 6.707569223235773 6.684933700842953 6.664576582429197 6.645834819218719 6.6135910840327945 6.513240185537467 6.426620769868803 6.386767654928256 6.363971905406511 6.348240992615122 6.3311307790035105 6.319429831818534 6.311051089089964 6.30937677072501 6.304276295098548 6.298458837755105 6.291854152158115 6.2881634220838905 6.285699786884179 6.279273093696007 6.271030553577016 6.262209875082127 6.255042003001333 6.249602291409159 6.246952707142507 6.24615011213681 6.24182509110975 6.24340769481182 6.24064964911794 6.241137038517492 
# Stellar luminosity-weighted [Mg/Fe]:
0 -1.3877787807814457e-17 -1.3877787807814457e-17 0.8917171123344512 1.0202415186730456 0.9067983472584091 0.6860761643762234 0.5664790684428145 0.09094785174028724 -0.5177939740977286 -0.7996449156183287 -0.8650073793797954 -0.805539322239379 -0.7060207441199303 -0.6068313604339794 -0.5592127084025189 -0.5425918873255082 -0.5411702379753727 -0.5476412047359449 -0.5583144371149571 -0.570626520222896 -0.5835886708737927 -0.596510746171067 -0.6088725708385256 -0.6206053435384217 -0.6320019779676642 -0.642985130446564 -0.6533850676700007 -0.6633815802896049 -0.6731463224877858 -0.682370208956026 -0.6909852895962315 -0.6992964289285711 -0.7073378729118516 -0.7149088035511579 -0.7223268350277032 -0.7295695066984693 -0.7364345830007961 -0.7428178628738912 -0.7488218978331826 -0.7546254473403634 -0.7601651960631106 -0.7653537354488301 -0.7704496397850805 -0.7752380491646956 -0.7806637400647957 -0.7850534481863919 -0.7894378113593953 -0.7932200186784983 -0.7972328336516288 -0.8006394420640984 -0.804280814841499 -0.8074836535566375 -0.8108766093770469 -0.8140006742861843 -0.8172720303906087 -0.8204150101499581 -0.823787469030287 -0.8269840922150636 -0.830328479493722 -0.8334955220287578 -0.8367241082249032 -0.8398106613532585 -0.8429933005808335 -0.8460696499415851 -0.8491903310694157 -0.852204280016733 -0.8553495530173799 -0.8581711252738063 -0.8611463506585131 -0.8640891377490317 -0.866995104192856 -0.8698579807378753 -0.8725723154061238 -0.8752697791467461 -0.8780072792390244 -0.8805266197126908 -0.8832100737825328 -0.8858402210103764 -0.888572011383659 -0.8913288560051571 -0.8938333841724835 -0.8961775768051164 -0.8986849945819633 -0.9011993934852349 -0.9035354697802169 -0.905941284830652 -0.908274081423972 -0.9105895245602136 -0.9130761243571421 -0.915296397869107 -0.9175346245319197 -0.9197883797608962 -0.9219850272173469 -0.9243534306464781 -0.9267043594780305 -0.929116844009265 -0.9314885525414829 -0.9335454839599037 -0.9356630708532813 -0.9378510280475322 -0.9357726274519279 -0.9336996706938775 -0.9315876695154233 -0.9293612138169824 -0.927249061177021 -0.9253234862222949 -0.9236407802360219 -0.9221556788889568 -0.9197581659091847 -0.912456027390924 -0.9073552467962885 -0.9056858127831924 -0.9058388318837074 -0.9064919060523225 -0.907144049137943 -0.9077399272742921 -0.9078314588871892 -0.9079677752469439 -0.907627119029345 -0.9074706821024392 -0.9063614071627834 -0.9065077313867415 -0.9060196489418115 -0.906171599578405 -0.9050472413693373 -0.9055853774444335 -0.9054544418566737 -0.9050539062820087 -0.9051519658697346 -0.9064127722046408 -0.9062105542363849 -0.9069233174925305 -0.9076649945978247 -0.9076183941766179 
# Stellar luminosity-weighted [C/Fe]:
0 0.0 -2.220446049250313e-16 -0.026832475818526547 -0.07659011357275369 -0.08744911365844599 -0.09010276315627352 -0.08953394970415995 -0.4678720000135866 -0.9281809222184559 -1.1029884152862246 -1.1535731555915594 -1.1426339406312476 -1.1064405422584493 -1.0633587262486632 -1.040251916499486 -1.0308301231315866 -1.02785450587968 -1.0276456114415267 -1.0285025986517955 -1.02945250364566 -1.029832244035375 -1.0295813873762563 -1.0287030203758154 -1.0272734937887602 -1.0251154366999302 -1.02138343434667 -1.015002474643169 -1.0058828235703976 -0.9947787996971731 -0.9819389562235066 -0.9671703640330236 -0.9516829954595597 -0.9360071836070165 -0.9206844437601368 -0.904774661297472 -0.8883933729954153 -0.8717981406294374 -0.8547203010501595 -0.8371966345399716 -0.8194009479523069 -0.8019358085235122 -0.7848934776181697 -0.7680864325806853 -0.7519199381241283 -0.7343444525421037 -0.7189559052361851 -0.7036140410392306 -0.6896946709013073 -0.675287690474458 -0.6624822712483771 -0.649755547393981 -0.6384255643666018 -0.6268485319383701 -0.6159975910362658 -0.6050552503235127 -0.5951004983301437 -0.5858659805835588 -0.5774802953615725 -0.5690647609099106 -0.5615834195195115 -0.5540928588995888 -0.5471979268612672 -0.5402719686634663 -0.5337716699583628 -0.5272280087862418 -0.5210758783419275 -0.5152311415213303 -0.5101685689114974 -0.505137975964006 -0.5005354446018875 -0.4960730299001911 -0.49188325783390136 -0.48801561132581445 -0.4844743438303143 -0.4811553678992317 -0.4780824674757542 -0.47481687879004475 -0.471913804103284 -0.4692646000673381 -0.4669414515249612 -0.4646418278647088 -0.46246590192206244 -0.46035866642424045 -0.4583585187099075 -0.4565583274900536 -0.4547460001163609 -0.45283093217834036 -0.4509348960195863 -0.4492369181121413 -0.4479118188963605 -0.44683988853861994 -0.44582519519320973 -0.4447700838314964 -0.4435869421638337 -0.4422808790126427 -0.4410172374696635 -0.4398656288481658 -0.43888387699126813 -0.43803380860340646 -0.43715749275722654 -0.4400241495706283 -0.4429455008164198 -0.44592396132356515 -0.44896033731085877 -0.4518346679689907 -0.4545042855593909 -0.4569565117116304 -0.45923735865381704 -0.4633638212198163 -0.47829739102666574 -0.4954359031304528 -0.5059252873872401 -0.5135967126502448 -0.5195396885493462 -0.5263287607574996 -0.5314998779856706 -0.5356949725362856 -0.5368811569608941 -0.5390679598281484 -0.5417508733424921 -0.5440674757542989 -0.5457272439127536 -0.5464153749827376 -0.5488832731922817 -0.5511719460101198 -0.5550085614855063 -0.5574667137214249 -0.5594120759018324 -0.5607875856308745 -0.5614243651730257 -0.563052202808475 -0.5630632061189508 -0.5645998904377286 -0.5645715058305389 
# Stellar luminosity-weighted [N/O]:
0 0.0 -1.1102230246251565e-16 -1.541058684889522 -1.9011856170315928 -1.785339714969762 -1.3570472073778541 -0.8316495878827843 -0.36853867491315295 -0.01569430175084241 0.18355658943074404 0.22165501408786337 0.1533733913577321 0.05202952820275886 -0.044798621671494065 -0.08977849591639808 -0.10331760070599516 -0.099718551490525 -0.08563886437299695 -0.0648462238939006 -0.04125684539990471 -0.017843503969722785 0.0032304395544959785 0.02124717629558115 0.03655564393245625 0.04982292742393313 0.061272044572306616 0.06873798539817588 0.07422020314732525 0.07656070798140613 0.07655143558584365 0.07433342986200409 0.07076401864791815 0.06572388997539647 0.05979347027685866 0.053288216884722184 0.0466248161280024 0.04033117409807152 0.0347808606372868 0.030037224749999814 0.02612149715596135 0.02300721061908495 0.020372732718029307 0.018046434316335902 0.0162467085357223 0.014283012990183419 0.012856427307091578 0.011634990076176743 0.010826943731379712 0.010312104703861125 0.009783024735557144 0.009065339705298214 0.008382010126583905 0.007807068704103637 0.007559471370752413 0.0071414291492366555 0.007035847819232943 0.00688326131774486 0.006876598712413973 0.006838050936928797 0.006820617241381832 0.006609116274317817 0.009452245619940736 0.010994189081165673 0.012724659208168232 0.01282198826325942 0.012454827030103477 0.012352467650511012 0.012355829684803532 0.01223370357224629 0.012373529879053491 0.012512213510775583 0.012456211482210211 0.012539253275572593 0.012625110598174727 0.012729129913765291 0.01283197337841191 0.012986447153122471 0.013014882561262486 0.013088112803889329 0.014788674230309717 0.01513651981355002 0.01546727525610736 0.015703391384320975 0.015918795181749545 0.016117717576615287 0.016277969326110586 0.016472254186861712 0.016798807297567664 0.017125199448606243 0.01726944265611341 0.01734947961277733 0.017464405640094438 0.01786490861558243 0.018217110035215978 0.018370676989091894 0.01867514228563738 0.01889046546924633 0.01965610473729662 0.019776715321925487 0.020609313723383704 0.021867420960158257 0.023149919743393754 0.02444574866947047 0.025651218589304303 0.026733276469888212 0.027733879007352358 0.028703044037593384 0.02965594611924416 0.031585574959060114 0.03910542230243885 0.04972118597523323 0.05705251157913471 0.06362936730754709 0.0690494146581051 0.07500105189085282 0.07950195278147298 0.08276298909070157 0.08383915934885622 0.08505464128240792 0.08683941080730573 0.08750083485941196 0.0889026123072969 0.08892032295769103 0.09089605422231672 0.09136422803757671 0.09458175204325125 0.0961283880021323 0.09705267335866119 0.09809218896750949 0.09974996516799839 0.10061628136619305 0.10134656078976945 0.10306175489561153 0.10301145216723184 
# Stellar luminosity-weighted [C/O]:
0 0.0 -1.1102230246251565e-16 -1.136512473148438 -1.305997794875764 -1.1877450225227173 -0.9309540617690109 -0.7831016336930705 -0.6686135790022647 -0.51582637189759 -0.4196382320568186 -0.42058201166672304 -0.4802074708206282 -0.5498853683287909 -0.6090840279479945 -0.6350519255644355 -0.6429674582705555 -0.641752393869649 -0.635366539751124 -0.6257486513516675 -0.6144321050986259 -0.6017607511996428 -0.5885490615745779 -0.5752616948311052 -0.5620302702924928 -0.5483873397367753 -0.5335444525091281 -0.5166074438431959 -0.49744207924176265 -0.47648354050263675 -0.45419239282698953 -0.43065431089596995 -0.4066488625067699 -0.38273921295055535 -0.3595833207375575 -0.3359848333354507 -0.311979421591995 -0.28815104337532493 -0.2642158596372972 -0.24016021660740394 -0.21591468248451612 -0.19218677444925658 -0.16917655844492657 -0.14643409423757536 -0.12460396861025114 -0.1005871619396973 -0.07965940241541264 -0.05906492498023941 -0.040491278420609456 -0.02098088227086209 -0.003830511572497808 0.01359795506923045 0.029129771647055075 0.044979886953013554 0.059851525850322496 0.07497537315399258 0.08886430334914197 0.1020665987515777 0.11414801430389995 0.12643620730108235 0.13740121294383556 0.14847047734589694 0.15869086060869028 0.16907956484397402 0.17888812985082708 0.18873759610401658 0.19805704491805512 0.20724116168878892 0.21533836284484603 0.22336937298599152 0.23096620045672767 0.23850321622228912 0.24557927396147589 0.2521950687600597 0.2584679653515246 0.2646353408490732 0.2702443229417579 0.2762353850508672 0.2817876380507764 0.2871799402836096 0.2920556246689451 0.2968577514218011 0.3014430788889862 0.30602254932757916 0.3105478848845157 0.31469218928425136 0.31888822277776385 0.3231504359065674 0.3274313761042876 0.33156240547599225 0.3350051498695453 0.33817198075260596 0.3412643080001398 0.3443995220751807 0.3476790011030435 0.3511955571662454 0.354749690838439 0.3580023609894392 0.3609113980933693 0.363611646833247 0.3663555317441237 0.3613124054410368 0.35623115658292476 0.3510666551534681 0.3457361432605754 0.3406862330847103 0.33603352587838264 0.3318460882541135 0.3280347577879206 0.32143277730083886 0.29884276065143994 0.2762146173334652 0.26381712847567473 0.25619106857891977 0.2508202386163205 0.24455719156931294 0.23988674120667144 0.23567747696089342 0.23461568277183703 0.23200289178769906 0.22909877519615157 0.22555447275119694 0.22399715891355163 0.22276954339158722 0.22042077569965823 0.216872361744982 0.2134922430207946 0.21081444282387565 0.20836536108800796 0.20701793945526292 0.2077219632446843 0.20579876772177574 0.20655541077865805 0.20571524459168192 0.2057038629208378 
# Stellar luminosity-weighted [O/Fe]:
0 0.0 0.0 1.1096799973299114 1.2294076813030106 1.1002959088642714 0.8408512986127374 0.6935676839889104 0.20074157898867817 -0.4123545503208661 -0.683350183229406 -0.7329911439248362 -0.6624264698106194 -0.5565551739296587 -0.45427469830066847 -0.4051999909350502 -0.38786266486103105 -0.3861021120100311 -0.39227907169040266 -0.4027539473001279 -0.4150203985470341 -0.4280714928357323 -0.4410323258016784 -0.4534413255447103 -0.46524322349626746 -0.476728096963155 -0.48783898183754193 -0.49839503079997305 -0.5084407443286351 -0.5182952591945365 -0.5277465633965172 -0.5365160531370535 -0.5450341329527899 -0.5532679706564612 -0.5611011230225793 -0.5687898279620214 -0.5764139514034202 -0.5836470972541125 -0.5905044414128623 -0.5970364179325676 -0.6034862654677907 -0.6097490340742556 -0.6157169191732431 -0.6216523383431101 -0.627315969513877 -0.6337572906024064 -0.6392965028207727 -0.6445491160589912 -0.649203392480698 -0.6543068082035959 -0.6586517596758794 -0.6633535024632116 -0.6675553360136569 -0.6718284188913836 -0.6758491168865884 -0.6800306234775053 -0.6839648016792856 -0.6879325793351365 -0.6916283096654725 -0.6955009682109929 -0.6989846324633471 -0.7025633362454858 -0.7058887874699575 -0.7093515335074403 -0.7126597998091899 -0.7159656048902583 -0.7191329232599826 -0.7224723032101191 -0.7255069317563434 -0.7285073489499975 -0.7315016450586151 -0.7345762461224801 -0.7374625317953772 -0.7402106800858742 -0.7429423091818389 -0.7457907087483049 -0.7483267904175122 -0.7510522638409121 -0.7537014421540602 -0.7564445403509479 -0.7589970761939063 -0.76149957928651 -0.7639089808110486 -0.7663812157518197 -0.7689064035944231 -0.7712505167743051 -0.7736342228941249 -0.7759813680849077 -0.7783662721238739 -0.7807993235881334 -0.7829169687659059 -0.785011869291226 -0.7870895031933496 -0.7891696059066771 -0.7912659432668772 -0.7934764361788882 -0.7957669283081026 -0.7978679898376051 -0.7997952750846373 -0.8016454554366536 -0.8035130245013504 -0.8013365550116651 -0.7991766573993446 -0.7969906164770333 -0.7946964805714342 -0.792520901053701 -0.7905378114377735 -0.7888025999657438 -0.7872721164417376 -0.7847965985206552 -0.7771401516781057 -0.7716505204639179 -0.7697424158629147 -0.7697877812291645 -0.7703599271656667 -0.7708859523268126 -0.771386619192342 -0.7713724494971791 -0.7714968397327311 -0.7710708516158473 -0.7708496485386437 -0.7696219485054958 -0.7697244028263053 -0.7691849183743247 -0.7693040488919399 -0.7680443077551019 -0.7685008045063006 -0.7682811565453006 -0.7677774369898405 -0.7678055250861375 -0.7691463284177102 -0.7688509705302508 -0.7696186168976089 -0.7703151350294104 -0.7702753687513767 
# Stellar luminosity-weighted [Ca/Fe]:
0 0.0 0.0 0.6191318234020153 0.7493939672586878 0.6442869785625748 0.44330898974840405 0.3426528729011551 0.06757381317590805 -0.10070673254363838 -0.13331787196012468 -0.13772648416498146 -0.13209363118491346 -0.12165888818502779 -0.10898387849907998 -0.10181507453297045 -0.09933561980523664 -0.0991681346153046 -0.10015576522239611 -0.10176635898004327 -0.1036631730938733 -0.10554349734183521 -0.10738570469818343 -0.10912243733707583 -0.1107390192924429 -0.11226759226584271 -0.11370545346048067 -0.11505979392778443 -0.11631278488027297 -0.11749681567833403 -0.118618640389891 -0.11964621509750595 -0.1206291770001715 -0.12156651197448531 -0.12245142495965777 -0.12329655404063278 -0.12410082923599575 -0.12482287280579718 -0.12549990466097682 -0.12624238259018794 -0.12687548857414765 -0.12756000801526302 -0.12819241159179495 -0.12876686368609636 -0.1293443563935539 -0.12995535415312776 -0.13046061685550403 -0.1309731828897822 -0.13140309239176662 -0.1318785915243723 -0.1322804891004823 -0.13270686191908765 -0.13308744448999388 -0.1334661954873293 -0.1338255651464193 -0.13419136354763506 -0.1345325867749676 -0.13487150017100746 -0.13519038921527504 -0.13550807693423672 -0.1358066862404721 -0.13610821886517543 -0.13638655867271599 -0.1366704636942231 -0.13694381216254836 -0.13721253276632295 -0.1374693394526647 -0.13772956362555244 -0.13798352450189144 -0.1382057508221386 -0.13843712873575154 -0.13867431571384503 -0.13889961477639146 -0.13911503885276288 -0.13932581162603364 -0.13953856636893724 -0.1397367655425148 -0.13994351090657697 -0.14013810596708698 -0.14034162265958128 -0.14052947143301497 -0.14071270580677786 -0.14088916373455262 -0.14107209346141225 -0.14125554013826536 -0.1414149634949462 -0.14159458764881716 -0.14176318279087208 -0.1419318139347674 -0.14210202503658476 -0.14225301018608372 -0.14240033712479705 -0.1425450689964829 -0.14268804105737742 -0.14283411509695765 -0.14298253196209898 -0.14314100253725992 -0.14329157745750232 -0.14341735364699315 -0.14354283939430856 -0.14366899460026827 -0.14352109486369247 -0.14337370849218956 -0.14322401783902827 -0.14306636596937827 -0.14291619496822583 -0.14277861402297543 -0.14265765066553016 -0.1425504415717047 -0.14237581307452696 -0.14182910177575447 -0.1414262464897047 -0.1412816396609078 -0.14127816852810526 -0.1413142189189649 -0.14134675712676814 -0.14137853544682488 -0.14137455566771906 -0.14138234658813964 -0.1413507071353508 -0.14133272681666398 -0.14124352139477847 -0.1412497376468873 -0.14121087485242434 -0.14121706601449535 -0.14112569111592133 -0.14115570984724335 -0.14113871746526296 -0.14110189311110521 -0.14110350089071821 -0.141198577185913 -0.1411771459251112 -0.14123158882417375 -0.14128094959262638 -0.1412780702091534 
# Stellar luminosity-weighted [Ne/Fe]:
0 -5.551115123125783e-17 -5.551115123125783e-17 0.9613415766521343 0.9883397089776806 0.8780744436770689 0.6962656537324317 0.5786139321570236 0.09745728832284428 -0.5353722567053582 -0.8494124428463032 -0.929626598219916 -0.8630686309116462 -0.7520725094594538 -0.643385686074133 -0.5920699955852873 -0.5745989933982424 -0.5734818915266764 -0.5805183133639504 -0.5920942781188423 -0.6055590778570435 -0.6197634955524001 -0.6339495319134825 -0.6475573071524828 -0.6604345020877028 -0.6729561879680526 -0.6851208288716805 -0.6961490749742727 -0.7076495225861725 -0.7185663340536048 -0.7288799745079574 -0.7384993898372378 -0.7478777397868512 -0.7570080891623676 -0.7656572102591623 -0.7741327122078057 -0.7824097733909416 -0.790462102385189 -0.7980548839033113 -0.8053712532154091 -0.812533326645906 -0.8195298388083898 -0.8261452867006862 -0.8327424320628386 -0.83901398274647 -0.8461520552456703 -0.8521699528390247 -0.8582251824616098 -0.863482942804936 -0.8691675182866633 -0.8740796637620765 -0.8793191024329701 -0.8839990116115545 -0.8889194022576746 -0.8933864104942919 -0.8981032938505564 -0.9024040409232745 -0.9069337517404492 -0.9110365656761806 -0.9153618732876037 -0.919343202229721 -0.923409737162776 -0.927172051004559 -0.9310426996231638 -0.9348240417934466 -0.9385737969156949 -0.9422193411127324 -0.9459596996537942 -0.9493058734419934 -0.9527737296434492 -0.956121761003651 -0.9596093418448011 -0.9629771038037918 -0.9661737473469418 -0.9693196465939995 -0.9725286198648005 -0.9755326242482819 -0.978697311220672 -0.9817261312094904 -0.9849402858121166 -0.9879921156954844 -0.9909675044344323 -0.993794611771307 -0.996675382321509 -0.9996084110371563 -1.0022513954948753 -1.0051574069511402 -1.0079787095956556 -1.0107202480760726 -1.013650011475018 -1.0161936111124121 -1.018701154948952 -1.021185755347241 -1.023638737329704 -1.02616410279028 -1.028781570685712 -1.0314870553040008 -1.034059199356196 -1.0364354426828224 -1.0386627155650388 -1.0409146422965667 -1.0382957184042663 -1.03569554072802 -1.0330703122370362 -1.0303336025142447 -1.0277390668157003 -1.0253687317532991 -1.0232927308465025 -1.0214569391564572 -1.0184819884987615 -1.0093338619666614 -1.0027038555609256 -1.0003642390810727 -1.0003107918826406 -1.00092670658666 -1.0015106818506774 -1.0020581060484053 -1.0020126913135479 -1.0021340984761635 -1.0016373452014695 -1.0013427567087718 -0.9998798857350318 -0.9999994975211429 -0.9993708117090943 -0.9994581442000745 -0.9979930212823309 -0.9985145134324859 -0.9982758164264599 -0.9977159562660659 -0.9977782360665265 -0.9993195193970531 -0.9990187718346403 -0.9998915607548506 -1.000753849668928 -1.0007010774798488 
# Stellar luminosity-weighted [Si/Fe]:
0 1.0408340855860843e-16 8.673617379884035e-18 0.9194018741428845 1.0790245404765901 0.9699721114051558 0.7528559881286528 0.6417751072831662 0.26049898705377916 -0.06214050415387977 -0.14325368419903514 -0.15673546371038888 -0.14326702910261688 -0.11779606113857496 -0.08828184488333188 -0.0716519106535225 -0.0663665081254862 -0.06614935419647278 -0.06839902408967083 -0.07208071851739602 -0.07629666756143119 -0.08066449657584629 -0.0849486064479455 -0.08896676483142517 -0.09272991763042174 -0.09628699246263377 -0.099659008257706 -0.1028181960608399 -0.10579450836468188 -0.10865629090259521 -0.11132437661380608 -0.11377019255705564 -0.11613843516200877 -0.11840315862076753 -0.12052991255080771 -0.12256258095713032 -0.12453083291617932 -0.12635489982159903 -0.12809596072070867 -0.12980343297976854 -0.1314205635026671 -0.1329852953455733 -0.13447265326213925 -0.1359032590789896 -0.13727792732186184 -0.13882271311390454 -0.14005752742851352 -0.14131046656060825 -0.14239599432348907 -0.14357422324954927 -0.14458138463149206 -0.14564826778367165 -0.1465953144548672 -0.14756859080009843 -0.14844238019271946 -0.14935775706443638 -0.15021306856668765 -0.1510676225335758 -0.15186201564018947 -0.1526749821913032 -0.15342070062811503 -0.1541885155722124 -0.15488985602758817 -0.15561413039887295 -0.1562978072385952 -0.15698562035643635 -0.1576260484686536 -0.1583021098978738 -0.15889121609816087 -0.15950410871478504 -0.1601013911083375 -0.16071483858898153 -0.1612932410344515 -0.1618385381199238 -0.16237316779652144 -0.16292034934485863 -0.16344062107206297 -0.16395742588583131 -0.1644606623734269 -0.1649814297601178 -0.1654677053228982 -0.16592391861858438 -0.16637979152422946 -0.16684419206497952 -0.16732194695538802 -0.16777295700108127 -0.16821669277811632 -0.16864464855993497 -0.16907381504400454 -0.1695134864514719 -0.16989909584233195 -0.17028656344553453 -0.17065712584924544 -0.17102522263707604 -0.17140506647184792 -0.17179234165435306 -0.17218198182454925 -0.17257542687199862 -0.17291500084933178 -0.17324421858057262 -0.17357345244650857 -0.1731888648821385 -0.1728050770975931 -0.17241520084262504 -0.17200525003141048 -0.1716150966243932 -0.17125754356065992 -0.1709431688036881 -0.1706643402841808 -0.17020998529791403 -0.16879004405379458 -0.16774046707682974 -0.16736140723970355 -0.16734610188593635 -0.16743521914703938 -0.1675161825825955 -0.16759518120944938 -0.16758256755167125 -0.16760119603783213 -0.16751930742270113 -0.1674707154710061 -0.16723967205731052 -0.16725525195017976 -0.16715542522699642 -0.16716844910021886 -0.1669335444263889 -0.16700956944073095 -0.16696626845203785 -0.1668726909358291 -0.16687791950622757 -0.16712085422511017 -0.16706777195799474 -0.1672064170129886 -0.16733548826441474 -0.167327834221856 
# Stellar luminosity-weighted [S/Fe]:
0 5.551115123125783e-17 0.0 0.8440177666609885 0.9949165617704735 0.8909714130809115 0.6881140222726242 0.5831390867071176 0.2144848541136351 -0.08869958321322746 -0.16272087118549172 -0.1766684024322921 -0.1646883977305812 -0.14212653327546465 -0.1156593795179352 -0.1013915818781933 -0.09609914354547422 -0.09569824648949182 -0.0978239962037909 -0.10119463850977983 -0.10499517355327598 -0.10894814810682446 -0.11282150803263502 -0.11644273142993816 -0.1198086858310009 -0.12300720621395622 -0.1260465677714553 -0.12890250180599783 -0.13156259553879346 -0.13407598804250986 -0.13643938221596785 -0.13865141739017062 -0.14074926665565313 -0.14277068713734198 -0.1446565231618333 -0.1464471839519469 -0.14820190320509186 -0.14983163547168488 -0.1514098022109177 -0.15276051038480254 -0.15431205696470074 -0.15574520182705653 -0.1570844474727503 -0.15835892991328748 -0.15958388111265265 -0.16092286676397327 -0.16202785158396893 -0.16314274425066722 -0.16410567173055945 -0.16514760828295938 -0.1660398771483974 -0.16697897220500857 -0.16781881623476802 -0.16870216064040688 -0.16946185376211131 -0.1702664430653722 -0.17101579478265871 -0.17176530946688995 -0.1724605243416949 -0.17317822315503806 -0.17384177376031118 -0.17453083584603712 -0.17514488546857265 -0.17578190596664822 -0.17637915648199853 -0.17698039723248737 -0.17754436127383 -0.1781318970436071 -0.1786548600537612 -0.17919474502698696 -0.17971951075760428 -0.1802594171256634 -0.18076386074016737 -0.1812460565398435 -0.18171895571491192 -0.18219884141001796 -0.1826444664445518 -0.18310747975670383 -0.18355050216626667 -0.184007243790818 -0.18442587589343384 -0.18483650421525344 -0.1852341711933162 -0.1856459660628509 -0.18606212283041368 -0.1864435318924469 -0.18681963326411777 -0.18720657605593205 -0.187592886242112 -0.1879787564538894 -0.18832190295751416 -0.18865731544378583 -0.1889826765897139 -0.18930605435683634 -0.18964040703995189 -0.18997686830031213 -0.19032527605311622 -0.19066658573480588 -0.19096263004188874 -0.19124772901726128 -0.19153659898324327 -0.19119863744035193 -0.1908615406687918 -0.1905194286145171 -0.19016005661211155 -0.18981786169016324 -0.18950406161456312 -0.18922802389258198 -0.18898301716687915 -0.18858374757782437 -0.18733566013785496 -0.18641084425931775 -0.18607605055894127 -0.18606065596522603 -0.18613802608223573 -0.18620882803151184 -0.18627747518949 -0.18626580223295686 -0.1862816008125867 -0.1862097829163919 -0.1861663996207561 -0.18596271452546298 -0.18597653876576026 -0.18588874173301162 -0.18589922344450927 -0.18569302733172877 -0.18575961353879522 -0.18572205482207493 -0.18564052996267255 -0.18564571574782818 -0.1858587134506433 -0.1858131707632602 -0.18593436476288583 -0.18604898479952547 -0.1860422433415645 
# Stellar luminosity-weighted [C/H]:
0 -4.9791385835879804 -6.636858929433746 -6.278474177107743 -4.036108894784596 -3.197156591060951 -2.7847930501463827 -2.5795624512567565 -2.4864127150281794 -2.4241436693319223 -2.460445303887129 -2.575245027749056 -2.708518961768352 -2.8209678332595507 -2.907188871254794 -2.9479178002659383 -2.9644524995468062 -2.9687985849430465 -2.9660736187684 -2.95881542171493 -2.9490046142425905 -2.9372556347874026 -2.924482749941694 -2.9113723709274764 -2.8980628600878147 -2.8841692648247985 -2.8688919655521694 -2.8513667765312354 -2.831524863099199 -2.809900514501317 -2.786929612887751 -2.762598224235351 -2.7377302224740303 -2.712842905493167 -2.6886996432275554 -2.664159658521158 -2.6393076216157567 -2.6145098498820802 -2.5895501485755563 -2.56441478304739 -2.5390888677498893 -2.5143342282769874 -2.4902634764976392 -2.4665029149685926 -2.4436497869081686 -2.4184334074265266 -2.396606997517126 -2.3747878435649366 -2.3551552460795246 -2.334579973736755 -2.3163878904742194 -2.2979622788909504 -2.2814901531127 -2.2645692314613175 -2.2488099518805527 -2.2327107087526405 -2.2178737086709344 -2.2037422499743693 -2.1907411669460517 -2.177546315271252 -2.165676784332927 -2.1536268144347828 -2.1425293587937553 -2.1312449193021505 -2.120508449463494 -2.109708309102805 -2.0994890197665006 -2.0895152723591606 -2.080629946000709 -2.0716631685176043 -2.063300653004794 -2.054968660889288 -2.0469979123404176 -2.03950208154692 -2.0324859768874726 -2.0256329474474546 -2.0191480678453706 -2.0122064939583604 -2.0058590651893295 -1.9997478975558103 -1.9941668118694995 -1.988541064953563 -1.9831062080998327 -1.9777180510050902 -1.9724917827545525 -1.9676555127242468 -1.962679958956179 -1.9575538942562414 -1.9525099697602855 -1.9477090933480072 -1.9436576734403097 -1.939834146292145 -1.9359797480070364 -1.9320388580509036 -1.9279442772356692 -1.9237950228725813 -1.9196943619505662 -1.9157892956789269 -1.9121754678224878 -1.908710860841908 -1.9052011408258442 -1.9106875513354202 -1.916352082872157 -1.9221849575210754 -1.9281362093524361 -1.9336742570974694 -1.938687391607365 -1.9431521144223751 -1.9471842835077178 -1.9543869887524439 -1.978309909369572 -2.0007983553736297 -2.01228080471685 -2.0188311794936373 -2.023500803091056 -2.028769737420819 -2.0325833682063497 -2.0362821257653527 -2.036986375660004 -2.0396764859835317 -2.0423229018707065 -2.045670962096426 -2.0472859478094447 -2.0485505938744 -2.050527288444826 -2.0542465106402874 -2.0574162386062342 -2.0603623114672507 -2.0632318961374496 -2.0648188901527442 -2.063654821647236 -2.0659489642538063 -2.0648772065760834 -2.0658328030880995 -2.0657932237943646 
# Stellar luminosity-weighted [N/H]:
0 -4.979138583587979 -6.636858929433746 -6.683020388848826 -4.631296716940426 -3.7947512835079946 -3.2108861957552257 -2.6281104054464697 -2.186337810939068 -1.9240115991851745 -1.8572504823995653 -1.9330080019944695 -2.0749380995899918 -2.2190529367280014 -2.342903464978294 -2.4026443706179004 -2.424802641982245 -2.426764742563922 -2.4163459433902723 -2.3979129942571635 -2.3758293545438685 -2.353338387557482 -2.33270324881262 -2.31486349980079 -2.2994769458628657 -2.28595899766409 -2.274075468470735 -2.2660213472898647 -2.259862580710112 -2.256856266017274 -2.2561857844749174 -2.257610483477377 -2.260317341319343 -2.2643798025672153 -2.26932285221314 -2.274886608300985 -2.2807033838957587 -2.2860276324086835 -2.2905534283009716 -2.2942173416899863 -2.297052688109411 -2.2991402432086456 -2.3007141853346837 -2.3020223864146816 -2.302799109762195 -2.3035632324966455 -2.3040911677946223 -2.3040879285085216 -2.303837023927536 -2.303286986762033 -2.3027743541661643 -2.302494894254883 -2.302237914633171 -2.301742049710227 -2.3011020063601224 -2.300544652757397 -2.299702164200843 -2.2989255874082026 -2.2980125825375373 -2.2971444716354057 -2.2962573800353807 -2.295488175506362 -2.2917679737825045 -2.289330295064958 -2.286671920106153 -2.285623916943562 -2.285091237654452 -2.2844039663974387 -2.283612479160751 -2.2827988379313497 -2.2818933235824685 -2.280959663600801 -2.280120974819683 -2.279157897031407 -2.278328831640823 -2.277539158382763 -2.2765604174087164 -2.2754554318561055 -2.2746318206788434 -2.273839725035531 -2.271433762308134 -2.270262296561815 -2.2690820117327117 -2.268037208948348 -2.267120872457318 -2.2662299844318827 -2.265290212407832 -2.264232075975947 -2.2631425385670054 -2.2621462993753934 -2.2613933806537414 -2.260656647431973 -2.259779650367081 -2.258573471510502 -2.257406168303497 -2.2566199030497343 -2.2557689105033676 -2.254901191199119 -2.25343076117856 -2.2525457923532306 -2.2509473588465845 -2.250132535816298 -2.249433319711687 -2.2488058640050737 -2.2482211340237077 -2.247627213712291 -2.2469870384783954 -2.246295158638895 -2.2455630951763945 -2.2442341910942227 -2.2380472477185727 -2.227291786731861 -2.219045421613391 -2.2113928807650103 -2.205271627049272 -2.19832587709928 -2.192968156631548 -2.189196613635545 -2.187762899082985 -2.186624736488823 -2.184582266259553 -2.183724599988211 -2.1823804944156997 -2.1823998143082965 -2.180052009922168 -2.1797546443476925 -2.176326729583778 -2.175048366288994 -2.174544583866796 -2.173744640640498 -2.1716268197239232 -2.171131450609388 -2.1700860565649718 -2.16848629278417 -2.168485634547971 
# Stellar luminosity-weighted [O/H]:
0 -4.979138583587979 -6.636858929433744 -5.1419617039593035 -2.7301110999088323 -2.0094115685382343 -1.8538389883773716 -1.7964608175636858 -1.817799136025915 -1.9083172974343325 -2.040807071830309 -2.154663016082333 -2.228311490947723 -2.2710824649307595 -2.2981048433068 -2.3128658747015027 -2.32148504127625 -2.3270461910733973 -2.3307070790172757 -2.3330667703632626 -2.334572509143964 -2.33549488358776 -2.335933688367116 -2.3361106760963715 -2.3360325897953214 -2.335781925088024 -2.3353475130430414 -2.33475933268804 -2.334082783857437 -2.3334169739986805 -2.3327372200607606 -2.331943913339381 -2.3310813599672606 -2.330103692542611 -2.3291163224899982 -2.328174825185708 -2.3273282000237616 -2.3263588065067555 -2.325334288938259 -2.3242545664399863 -2.3231741852653727 -2.322147453827731 -2.3210869180527123 -2.3200688207310165 -2.3190458182979174 -2.3178462454868285 -2.3169475951017136 -2.3157229185846973 -2.314663967658915 -2.3135990914658935 -2.3125573789017224 -2.311560233960181 -2.310619924759756 -2.3095491184143313 -2.308661477730875 -2.307686081906633 -2.306738012020076 -2.305808848725947 -2.3048891812499512 -2.3039825225723343 -2.3030779972767617 -2.3020972917806803 -2.3012202194024463 -2.300324484146124 -2.2993965793143207 -2.2984459052068216 -2.297546064684556 -2.29675643404795 -2.2959683088455547 -2.2950325415035957 -2.2942668534615223 -2.2934718771115774 -2.2925771863018944 -2.2916971503069803 -2.290953942238997 -2.290268288296528 -2.2893923907871283 -2.288441879009228 -2.2876467032401058 -2.2869278378394196 -2.286222436538444 -2.2853988163753645 -2.2845492869888187 -2.2837406003326697 -2.283039667639067 -2.282347702008498 -2.2815681817339426 -2.2807043301628083 -2.2799413458645725 -2.2792714988239995 -2.2786628233098556 -2.2780061270447503 -2.2772440560071754 -2.276438380126085 -2.2756232783387125 -2.2749905800388266 -2.274444052789005 -2.273791656668366 -2.2730868659158574 -2.272322507675156 -2.271556672569968 -2.2719999567764564 -2.2725832394550807 -2.273251612674544 -2.2738723526130125 -2.27436049018218 -2.274720917485748 -2.274998202676489 -2.275219041295639 -2.2758197660532824 -2.277152670021011 -2.2770129727070945 -2.276097933192525 -2.275022248072557 -2.2743210417073767 -2.273326928990133 -2.272470109413021 -2.2719596027262465 -2.2716020584318413 -2.27167937777123 -2.2714216770668587 -2.271225434847624 -2.271283106722997 -2.2713201372659872 -2.270948064144485 -2.2711188723852693 -2.2709084816270293 -2.271176754291126 -2.2715972572254577 -2.2718368296080076 -2.2713767848919213 -2.271747731975581 -2.2714326173547414 -2.271548047679781 -2.2714970867152022 
# Stellar luminosity-weighted [Mg/H]:
0 -4.979138583587979 -6.636858929433744 -5.3599245889547635 -2.9392772625387975 -2.2029091301440955 -2.008614122613886 -1.9235494331097822 -1.927592863274306 -2.0137567212111946 -2.1571018042192325 -2.2866792515372927 -2.371424343376483 -2.4205480351210316 -2.4506615054401104 -2.466878592168971 -2.4762142637407276 -2.4821143170387394 -2.4860692120628176 -2.4886272601780925 -2.490178630819826 -2.4910120616258205 -2.4914121087365046 -2.491541921390187 -2.4913947098374765 -2.4910558060925325 -2.4904936616520637 -2.4897493695580675 -2.489023619818407 -2.48826803729193 -2.4873608656202704 -2.486413149798558 -2.4853436559430424 -2.4841735947980013 -2.482924003018577 -2.4817118322513894 -2.4804837553188106 -2.4791462922534393 -2.477647710399287 -2.476040046340601 -2.4743133671379454 -2.4725636158165853 -2.4707237343283 -2.4688661221729875 -2.466967897948736 -2.464752694949218 -2.4627045404673336 -2.460611613885101 -2.458680593856716 -2.4565251169139266 -2.4545450612899407 -2.4524875463384683 -2.4505482423027365 -2.448597308899994 -2.4468130351304707 -2.4449274888197365 -2.4431882204907485 -2.4416637384210977 -2.4402449637995423 -2.438810033855064 -2.437588886842173 -2.4362580637600972 -2.435142093285747 -2.433966251219518 -2.4328064294467167 -2.4316706313859786 -2.4306174214413065 -2.4296336838552106 -2.428632502363018 -2.427671543212111 -2.4268543461519387 -2.4258907351819525 -2.4249726352443917 -2.4240587856272295 -2.423281412203904 -2.4224848587872474 -2.4215922200823075 -2.4205996889508485 -2.4197854820964215 -2.4190553088721307 -2.418554216349695 -2.4177326212613375 -2.416817882982887 -2.4160443791628126 -2.415332657529879 -2.41463265501441 -2.4138752436704696 -2.412997043501873 -2.4121645983009126 -2.411548299593008 -2.411042252413057 -2.410528882285444 -2.4099429325747224 -2.409253801436755 -2.4087107657183138 -2.4082185033379693 -2.407793968490168 -2.407412219372243 -2.406837074791123 -2.406340123091784 -2.4058946761161497 -2.406436029216719 -2.407106252749614 -2.407848665712934 -2.40853708585856 -2.4090886503055 -2.4095065922702688 -2.409836382946767 -2.4101026037428577 -2.410781333441812 -2.41246854573383 -2.412717699039465 -2.412041330112803 -2.4110732987271 -2.4104530205940327 -2.409585025801263 -2.408823417494971 -2.4084186121162565 -2.408072993946054 -2.4082356451847273 -2.408042710630654 -2.4079648935049107 -2.408066435283433 -2.408154867833474 -2.40781561483095 -2.408121805999505 -2.4079930545651616 -2.4083500396024995 -2.4088737265176263 -2.4091832703916047 -2.4086432286788515 -2.409107315681715 -2.4087373179496625 -2.4088979072481953 -2.408840112140444 
# Stellar luminosity-weighted [Fe/H]:
0 -4.979138583587979 -6.636858929433744 -6.251641701289216 -3.959518781211843 -3.1097074774025053 -2.6946902869901086 -2.4900285015525965 -2.018540715014593 -1.4959627471134658 -1.357456888600904 -1.4216718721574972 -1.5658850211371043 -1.7145272910011018 -1.8438301450061312 -1.9076658837664526 -1.9336223764152196 -1.9409440790633665 -1.9384280073268734 -1.9303128230631357 -1.9195521105969302 -1.9074233907520277 -1.894901362565438 -1.8826693505516614 -1.8707893662990545 -1.8590538281248685 -1.8475085312054995 -1.836364301888067 -1.8256420395288027 -1.8151217148041443 -1.804990656664244 -1.7954278602023273 -1.7860472270144712 -1.7768357218861501 -1.7680151994674187 -1.7593849972236857 -1.750914248620342 -1.7427117092526432 -1.734829847525397 -1.7272181485074185 -1.7196879197975825 -1.712398419753474 -1.70536999887947 -1.6984164823879064 -1.69172984878404 -1.6840889548844222 -1.6776510922809411 -1.671173802525706 -1.6654605751782174 -1.659292283262297 -1.6539056192258421 -1.6482067314969688 -1.643064588746098 -1.637720699522947 -1.6328123608442873 -1.6276554584291283 -1.6227732103407906 -1.61787626939081 -1.6132608715844787 -1.608481554361341 -1.6040933648134148 -1.5995339555351942 -1.5953314319324878 -1.590972950638684 -1.5867367795051308 -1.582480300316563 -1.5784131414245728 -1.5742841308378308 -1.5704613770892113 -1.5665251925535983 -1.5627652084029071 -1.5588956309890971 -1.5551146545065162 -1.5514864702211053 -1.5480116330571585 -1.5444775795482233 -1.541065600369616 -1.5373896151683164 -1.5339452610860453 -1.5304832974884715 -1.5272253603445378 -1.5238992370888536 -1.5206403061777705 -1.5173593845808497 -1.514133264044645 -1.5110971852341928 -1.5079339588398177 -1.5047229620779001 -1.5015750737406997 -1.4984721752358663 -1.4957458545439497 -1.4929942577535247 -1.4901545528138271 -1.487268774219408 -1.4843573350718353 -1.481514143859938 -1.4786771244809023 -1.4759236668307603 -1.47329159083122 -1.4706770522385018 -1.468043648068618 -1.4706634017647913 -1.4734065820557367 -1.476260996197511 -1.4791758720415782 -1.4818395891284784 -1.4841831060479747 -1.4861956027107448 -1.487946924853901 -1.491023167532628 -1.5000125183429054 -1.505362452243176 -1.5063555173296104 -1.505234466843393 -1.5039611145417098 -1.50244097666332 -1.5010834902206787 -1.500587153229067 -1.50010521869911 -1.500608526155383 -1.5005720285282145 -1.5016034863421268 -1.5015587038966913 -1.502135218891663 -1.5016440152525448 -1.5030745646301673 -1.5024076771207282 -1.5028955977458258 -1.5038198202356172 -1.5040313045218703 -1.5022304564742104 -1.5028967614453306 -1.5018140004571325 -1.5012329126503703 -1.5012217179638263 
# Stellar luminosity-weighted [Ca/H]:
0 -4.979138583587979 -6.636858929433746 -5.6325098778872 -3.210124813953156 -2.4654204988399293 -2.2513812972417053 -2.1473756286514405 -1.9509669018386848 -1.5966694796571037 -1.4907747605610284 -1.559398356322478 -1.6979786523220177 -1.8361861791861296 -1.9528140235052112 -2.009480958299423 -2.032957996220455 -2.040112213678671 -2.038583772549268 -2.032079182043179 -2.023215283690802 -2.012966888093864 -2.0022870672636204 -1.9917917878887375 -1.9815283855914965 -1.9713214203907112 -1.9612139846659806 -1.9514240958158515 -1.9419548244090743 -1.9326185304824781 -1.923609297054134 -1.9150740752998336 -1.9066764040146431 -1.8984022338606357 -1.8904666244270762 -1.8826815512643185 -1.8750150778563368 -1.8675345820584397 -1.8603297521863729 -1.8534605310976051 -1.84656340837173 -1.839958427768738 -1.8335624104712647 -1.827183346074004 -1.8210742051775943 -1.8140443090375502 -1.8081117091364458 -1.8021469854154883 -1.7968636675699843 -1.79117087478667 -1.7861861083263246 -1.7809135934160567 -1.7761520332360927 -1.7711868950102758 -1.7666379259907057 -1.7618468219767633 -1.757305797115758 -1.752747769561819 -1.7484512607997535 -1.7439896312955785 -1.7399000510538878 -1.7356421744003683 -1.7317179906052056 -1.7276434143329062 -1.7236805916676783 -1.7196928330828865 -1.7158824808772373 -1.7120136944633817 -1.7084449015911032 -1.7047309433757372 -1.7012023371386586 -1.6975699467029415 -1.694014269282908 -1.6906015090738693 -1.6873374446831928 -1.6840161459171608 -1.6808023659121316 -1.6773331260748936 -1.6740833670531323 -1.6708249201480534 -1.667754831777553 -1.6646119428956307 -1.661529469912323 -1.658431478042261 -1.655388804182909 -1.6525121487291399 -1.649528546488634 -1.6464861448687733 -1.6435068876754668 -1.640574200272451 -1.6379988647300339 -1.6353945948783215 -1.6326996218103087 -1.6299568152767847 -1.6271914501687936 -1.624496675822038 -1.6218181270181633 -1.6192152442882621 -1.616708944478213 -1.6142198916328114 -1.6117126426688868 -1.614184496628484 -1.6167802905479265 -1.619485014036539 -1.6222422380109567 -1.6247557840967044 -1.62696172007095 -1.628853253376275 -1.6304973664256055 -1.6333989806071543 -1.6418416201186599 -1.6467886987328804 -1.647637156990518 -1.646512635371498 -1.645275333460675 -1.643787733790087 -1.6424620256675038 -1.6419617088967868 -1.6414875652872487 -1.6419592332907342 -1.6419047553448793 -1.642847007736906 -1.642808441543579 -1.6433460937440865 -1.642861081267041 -1.644200255746088 -1.6435633869679709 -1.644034315211088 -1.6449217133467222 -1.6451348054125887 -1.6434290336601238 -1.6440739073704425 -1.6430455892813063 -1.642513862242998 -1.6424997881729801 
# Stellar luminosity-weighted [Ne/H]:
0 -4.979138583587979 -6.636858929433744 -5.290300124637081 -2.971179072234163 -2.231633033725436 -1.9984246332576774 -1.911414569395573 -1.921083426691749 -2.031335003818824 -2.2068693314472068 -2.3512984703774134 -2.42895365204875 -2.466599800460555 -2.487215831080264 -2.49973587935174 -2.5082213698134614 -2.514425970590043 -2.518946320690823 -2.5224071011819778 -2.525111188453974 -2.5271868863044276 -2.5288508944789196 -2.5302266577041443 -2.531223868386757 -2.5320100160929213 -2.5326293600771805 -2.5325133768623393 -2.5332915621149743 -2.5336880488577487 -2.533870631172202 -2.5339272500395653 -2.5339249668013224 -2.533843811048518 -2.533672409726581 -2.533517709431492 -2.533324022011283 -2.533173811637832 -2.532884731428708 -2.532589401722827 -2.5322212464434886 -2.531928258561864 -2.5315152855801557 -2.531158914450746 -2.5307438315305095 -2.5302410101300925 -2.5298210451199656 -2.529398984987316 -2.528943517983153 -2.5284598015489603 -2.5279852829879186 -2.527525833929939 -2.5270636003576525 -2.5266401017806217 -2.5261987713385787 -2.5257587522796845 -2.525177251264065 -2.52481002113126 -2.5242974372606595 -2.523843427648946 -2.5234365670431353 -2.52294369269797 -2.522503482937047 -2.5220156502618476 -2.5215608212985776 -2.521054097232258 -2.520632482537305 -2.5202438304916255 -2.5197672505312054 -2.5192989221970477 -2.518886969406558 -2.518504972833897 -2.518091758310308 -2.5176602175680483 -2.5173312796511578 -2.517006199413024 -2.5165982246178986 -2.5160869263889882 -2.515671392295536 -2.5154235833005885 -2.5152174760400223 -2.514866741523286 -2.5144349179490773 -2.514034766902358 -2.5137416750818007 -2.513348580729068 -2.5130913657909577 -2.5127016716735566 -2.5122953218167723 -2.512122186710884 -2.5119394656563623 -2.511695412702476 -2.511340308161068 -2.510907511549112 -2.510521437862116 -2.5102957145456504 -2.510164179784904 -2.5099828661869568 -2.509727033514042 -2.5093397678035405 -2.508958290365185 -2.5089591201690578 -2.509102122783756 -2.5093313084345468 -2.5095094745558226 -2.5095786559441784 -2.5095518378012738 -2.5094883335572478 -2.5094038640103573 -2.5095051560313886 -2.509346380309567 -2.5080663078041017 -2.506719756410683 -2.505545258726033 -2.5048878211283707 -2.503951658513997 -2.5031415962690833 -2.5025998445426154 -2.502239317175274 -2.5022458713568527 -2.5019147852369867 -2.5014833720771597 -2.5015582014178346 -2.5015060306007566 -2.5011021594526195 -2.501067585912498 -2.500922190553214 -2.501171414172286 -2.501535776501683 -2.501809540588397 -2.5015499758712636 -2.5019155332799707 -2.501705561211983 -2.501986762319299 -2.501922795443675 
# Stellar luminosity-weighted [Si/H]:
0 -4.979138583587979 -6.636858929433744 -5.332239827146331 -2.8804942407352527 -2.139735365997349 -1.9418342988614565 -1.8482533942694301 -1.7580417279608138 -1.5581032512673456 -1.5007105727999388 -1.5784073358678858 -1.7091520502397204 -1.8323233521396762 -1.9321119898894628 -1.9793177944199751 -1.9999888845407057 -2.007093433259839 -2.0068270314165435 -2.002393541580532 -1.9958487781583605 -1.9880878873278744 -1.9798499690133822 -1.9716361153830873 -1.9635192839294762 -1.9553408205875025 -1.947167539463206 -1.9391824979489067 -1.931436547893484 -1.9237780057067395 -1.9163150332780496 -1.9091980527593835 -1.90218566217648 -1.895238880506918 -1.8885451120182264 -1.8819475781808164 -1.8754450815365207 -1.8690666090742418 -1.8629258082461053 -1.857021581487186 -1.8511084833002496 -1.8453837150990484 -1.8398426521416082 -1.8343197414668966 -1.829007776105902 -1.8229116679983264 -1.817708619709455 -1.8124842690863145 -1.8078565695017064 -1.8028665065118474 -1.7984870038573346 -1.793854999280641 -1.789659903200966 -1.7852892903230453 -1.7812547410370065 -1.7770132154935645 -1.772986278907478 -1.768943891924387 -1.7651228872246687 -1.7611565365526447 -1.75751406544153 -1.7537224711074062 -1.750221287960076 -1.746587081037556 -1.7430345867437262 -1.7394659206729992 -1.7360391898932264 -1.7325862407357047 -1.7293525931873726 -1.7260293012683832 -1.722866599511244 -1.719610469578079 -1.7164078955409678 -1.7133250083410294 -1.7103848008536806 -1.7073979288930818 -1.7045062214416795 -1.7013470410541478 -1.6984059234594717 -1.6954647272485897 -1.6926930656674362 -1.6898231557074386 -1.6870200977020007 -1.684203576645829 -1.6814552110000331 -1.678870142235275 -1.6761506516179336 -1.6733676106378352 -1.6706488887847035 -1.6679856616873376 -1.6656449503862811 -1.6632808211990593 -1.6608116786630713 -1.6582939968564832 -1.6557624015436838 -1.6533064855142916 -1.650859106305452 -1.6484990937027586 -1.646206591680552 -1.6439212708190745 -1.641617100515126 -1.6438522666469302 -1.6462116591533302 -1.6486761970401353 -1.6511811220729884 -1.6534546857528714 -1.655440649608634 -1.6571387715144335 -1.6586112651380818 -1.6612331528305413 -1.6688025623967002 -1.673102919320006 -1.6737169245693142 -1.6725805687293294 -1.6713963336887492 -1.6699571592459153 -1.6686786714301283 -1.6681697207807389 -1.6677064147369425 -1.668127833578084 -1.6680427439992211 -1.6688431583994374 -1.668813955846871 -1.669290644118659 -1.6688124643527642 -1.670008109056556 -1.6694172465614594 -1.6698618661978637 -1.6706925111714463 -1.6709092240280974 -1.6693513106993212 -1.6699645334033253 -1.6690204174701204 -1.6685684009147854 -1.6685495521856817 
# Stellar luminosity-weighted [S/H]:
0 -4.97913858358798 -6.636858929433745 -5.407623934628227 -2.96460221944137 -2.218736064321593 -2.006576264717485 -1.9068894148454794 -1.8040558609009576 -1.5846623303266938 -1.520177759786395 -1.5983402745897886 -1.7305734188676851 -1.8566538242765658 -1.9594895245240664 -2.009057465644646 -2.0297215199606935 -2.036642325552859 -2.036252003530663 -2.0315074615729145 -2.0245472841502057 -2.016371538858852 -2.007722870598073 -1.9991120819815995 -1.9905980521300553 -1.982061034338825 -1.9735550989769548 -1.9652668036940648 -1.9572046350675958 -1.9491977028466536 -1.9414300388802124 -1.934079277592498 -1.9267964936701238 -1.9196064090234923 -1.9126717226292511 -1.905832181175633 -1.8991161518254325 -1.892543344724328 -1.8862396497363143 -1.8799786588922203 -1.873999976762284 -1.8681436215805318 -1.8624544463522206 -1.856775412301194 -1.8513137298966926 -1.845011821648396 -1.8396789438649108 -1.8343165467763738 -1.8295662469087777 -1.824439891545257 -1.81994549637424 -1.815185703701978 -1.8108834049808662 -1.8064228601633543 -1.8022742146063981 -1.7979219014945 -1.7937890051234486 -1.7896415788577 -1.7857213959261733 -1.7816597775163796 -1.777935138573726 -1.7740647913812317 -1.7704763174010605 -1.7667548566053322 -1.7631159359871287 -1.7594606975490503 -1.7559575026984025 -1.752416027881437 -1.7491162371429727 -1.745719937580585 -1.7424847191605108 -1.7391550481147595 -1.735878515246684 -1.73273252676095 -1.7297305887720702 -1.726676420958241 -1.723710066814168 -1.7204970949250198 -1.7174957632523116 -1.7144905412792895 -1.711651236237972 -1.7087357413041069 -1.7058744773710872 -1.7030053506437 -1.7001953868750581 -1.6975407171266408 -1.694753592103936 -1.6919295381338326 -1.6891679599828118 -1.6864509316897554 -1.684067757501464 -1.6816515731973105 -1.6791372294035405 -1.6765748285762436 -1.673997742111787 -1.6714910121602502 -1.6690024005340192 -1.666590252565567 -1.6642542208731088 -1.661924781255764 -1.6595802470518608 -1.6618620392051433 -1.664268122724529 -1.6667804248120284 -1.6693359286536893 -1.6716574508186417 -1.6736871676625382 -1.6754236266033269 -1.67692994202078 -1.6796069151104511 -1.687348178480761 -1.691773296502494 -1.6924315678885522 -1.6912951228086186 -1.6900991406239463 -1.6886498046948315 -1.6873609654101687 -1.6868529554620242 -1.6863868195116964 -1.686818309071775 -1.6867384281489715 -1.6875662008675905 -1.6875352426624515 -1.6880239606246743 -1.687543238697054 -1.6887675919618959 -1.688167290659523 -1.6886176525679009 -1.6894603501982894 -1.6896770202696985 -1.6880891699248535 -1.6887099322085906 -1.6877483652200178 -1.6872818974498962 -1.6872639613053906 
# X_list:
0.7504312789368939 0.7500094156753974 0.7500043280732027 0.7499819225425199 0.7498861625166517 0.7497872639459594 0.749626715711179 0.7493007606442434 0.7486734471422132 0.7475166483991423 0.7451974852381189 0.7403815135621165 0.7305392650420391 0.7135731978130156 0.6905992433223711 0.671147726613678 0.6591961602985632 0.656288590007066 0.6564641106218981 0.6581438405687233 0.6607059451397719 0.6639669495785158 0.6687605998879494 0.6720011618134432 0.676164247085705 0.6786529147949272 0.6809305885994078 0.682685823104691 0.6842261560814148 0.6854047811540248 0.686738009176413 0.6874488741868199 0.6881323175362827 0.6915706898967701 0.6919476190652548 0.686526203187416 0.681613261462104 0.6776846406353133 0.6754879910356947 0.6716482296746786 0.666697765600607 0.6655231277594308 0.6592482644302607 0.658238819471414 0.6531364978758991 0.6508075761642134 0.6468777004094672 0.6426809537660748 0.6408088334026807 0.6347468958278141 0.6374056159810275 0.6325177712301205 0.6302186539362025 0.6271620456256324 0.6258432216880842 0.6257729019810312 0.6185676284692616 0.6197001616091198 0.6203890925555857 0.6182847649496843 0.6178484894430537 0.6127438392126985 0.621656460335202 0.6149138347810214 0.6098186111273102 0.6052099601741182 0.6024640387766687 0.6019168491576015 0.6049400212497872 0.6012632562573628 0.6024921344146671 0.5989061245423035 0.6278854567200617 0.6160422377835326 0.6155609904918199 0.6125240924081997 0.6132919124664586 0.6122356335436606 0.6133108268108487 0.6253386069740756 0.6136531123167663 0.6214380231662682 0.619433389502969 0.6237701435142703 0.6205471855375619 0.6215207843262475 0.6242048947633978 0.6217202169755296 0.6324949287000854 0.6149745881825938 0.6196011350006256 0.6253200120004024 0.6255395289269791 0.6201888611236611 0.6270042020933709 0.6313652426947237 0.6314494585427799 0.6219373479095152 0.6369522384895613 0.6300196832793009 0.6314028040686068 0.6300690831781649 0.6341635514668956 0.631721853232715 0.6328259657961035 0.6335169382495827 0.6333032940010119 0.633781532254714 0.6343875260487094 0.6344246989874958 0.6365014937634553 0.6414942153978104 0.6458599535534947 0.6506784741321487 0.6544575389516072 0.6587593718812125 0.6618635491787143 0.6649091771399575 0.6657249577945962 0.6673453813110738 0.6690639567814172 0.6708900883160476 0.6717936610863153 0.6722128173552065 0.6739231043680549 0.6755355391973897 0.6785148442828127 0.6807373478798276 0.6828492572191294 0.6842463013425417 0.6859006613044765 0.6876533605519438 0.6881796680409284 0.6893096453905676 0.6901137264999095 
# stellar_X_list:
0.7529042722234999 0.7504312789368939 0.7500172745806011 0.7500082066986828 0.749998523077573 0.7499765417812179 0.749962554289834 0.7499517884216967 0.749942401756567 0.7499345492331911 0.7499283476142428 0.7499234076429938 0.7499193559739695 0.7499158898560743 0.749912910921742 0.7499102168176585 0.7499077932343611 0.7499055887761434 0.7499035820493885 0.7499017158779128 0.7498999859552486 0.749898361445024 0.7498968613466752 0.7498954911900035 0.7498942060835574 0.7498930409448766 0.7498919276830937 0.749890889304336 0.7498899096950475 0.7498889788664918 0.7498880574168053 0.749887191720347 0.749886362733781 0.7498855553545092 0.7498848154540975 0.7498840872404986 0.7498833205223617 0.7498825101760012 0.7498816871507674 0.7498808527343083 0.7498800048546203 0.7498791268421473 0.7498782555175433 0.7498773376968837 0.7498764230440866 0.7498754828385361 0.7498745347690315 0.7498735776050521 0.7498725953853743 0.7498716080656904 0.7498705883963808 0.7498696024084849 0.7498685929153243 0.7498675837067956 0.7498665623760458 0.749865544165418 0.749864526721311 0.749863491947978 0.7498624632513005 0.7498614728957482 0.7498604650843471 0.749859477520848 0.74985844749643 0.7498575153633845 0.7498565207574136 0.7498555207367464 0.749854496581022 0.7498534677449866 0.7498524546492549 0.7498514653525228 0.7498504567601345 0.7498494717137122 0.7498484739840818 0.7498476804430425 0.7498468177380871 0.7498459557139484 0.7498450920998901 0.7498442244226002 0.7498433601506598 0.7498425126446117 0.749841754948769 0.7498409299245518 0.7498401564682338 0.7498393728381212 0.7498386259717807 0.7498378797523135 0.7498371377723573 0.7498364123515753 0.7498356777737233 0.749834993288055 0.7498342548812278 0.749833548856471 0.7498328585670471 0.7498321891385641 0.7498314918750923 0.7498308320429121 0.749830194007432 0.74982953525487 0.7498288770441001 0.7498283050701344 0.7498276765420719 0.7498276359681233 0.7498276007509442 0.7498275756057373 0.7498275361800494 0.7498275099846364 0.7498274724858726 0.7498274294464506 0.7498273892706114 0.7498273244623247 0.7498270251792118 0.7498264601733818 0.749825999932512 0.7498255943062416 0.7498252771372825 0.7498249104277279 0.7498246353342608 0.7498244382305302 0.7498243655451573 0.7498242950840803 0.7498241557041926 0.7498240724304884 0.7498240084785447 0.7498239996511599 0.7498238399007361 0.7498237665188691 0.7498234958646552 0.7498233227660485 0.7498231917774215 0.7498230373506958 0.749822752581297 0.7498226614662902 0.7498224278403143 0.7498222886979526 0.7498221363380704 
# stellar_X_list_luminosity_weighted:
0.7529042722234999 0.7504312789368939 0.7500094796810921 0.7500043587536256 0.7499825759836756 0.7498918167402704 0.749803039071258 0.7496819987241401 0.7495210386213006 0.7494351282810088 0.7495237396253344 0.7496671162351993 0.7497692730589668 0.7498255896659145 0.7498571171418306 0.7498705248584012 0.7498768294917649 0.7498799087856879 0.7498813815013415 0.7498818975573948 0.7498818517819981 0.7498814683892403 0.7498809292380688 0.7498803995073225 0.7498798379706636 0.7498792607500975 0.7498786305500937 0.7498779692355971 0.7498772687689452 0.7498765093956758 0.7498757241497792 0.7498749489346141 0.7498741271348638 0.7498732608671139 0.7498725021010604 0.749871716218731 0.7498706812307541 0.749869432047945 0.7498680272447114 0.7498665711454845 0.7498650003503895 0.7498633008575865 0.7498616268691762 0.7498597490562455 0.7498579239096784 0.7498557152351895 0.7498537133697786 0.749851579059264 0.7498495304435381 0.7498473141671577 0.7498451446858709 0.7498430149884594 0.7498409180869763 0.7498387214400268 0.749836585294936 0.749834346902932 0.7498321772880325 0.7498298843720512 0.7498277085623981 0.7498254936800922 0.7498234262450478 0.7498213150274172 0.749819173756351 0.7498172681855975 0.749815155202051 0.7498129206285308 0.7498106175148908 0.7498082092057379 0.7498060047674534 0.7498038013987376 0.7498015686081446 0.7497993410236138 0.7497970675261338 0.7497957419037645 0.7497941529624164 0.7497925102986367 0.7497908606577641 0.7497889751555096 0.7497871385206736 0.7497853040160817 0.7497839343357746 0.7497821870291119 0.7497806668394689 0.7497790388536505 0.749777523919695 0.7497760767643705 0.7497745239459144 0.7497729429971565 0.7497713140753319 0.7497699489302033 0.7497684972474438 0.7497671005504227 0.7497657042147255 0.7497642825058973 0.749762734282946 0.7497612925859655 0.7497598850725492 0.7497585734475495 0.7497571198544565 0.7497560311450253 0.7497547012069382 0.7497562934630896 0.7497579568829394 0.7497596615239024 0.7497613715561068 0.7497629213910194 0.7497642805072405 0.7497654573538803 0.7497664922142682 0.7497683436035266 0.7497739529980136 0.7497781037928791 0.7497796248542917 0.7497799961822501 0.7497801933426175 0.7497803708877294 0.7497804055589844 0.7497806546885157 0.7497805604090984 0.7497810018978439 0.749781221873932 0.7497817794146241 0.7497819363767665 0.7497822271562846 0.7497822145378233 0.7497829794884278 0.7497831452467354 0.7497836478794939 0.7497842725434287 0.7497845517828047 0.7497839484740398 0.749784467489693 0.7497840357555728 0.7497840936059395 0.7497840899274121 
# Y_list:
0.03667903323623153 0.0008007761133190552 0.0003744108270595579 0.00016916045988912864 0.00018411754520801198 0.00029433124402615047 0.0004942013192174656 0.0008669356994381939 0.0016729164841149597 0.003617649509080056 0.008405334876084067 0.019699646910384266 0.04449778099842297 0.0907128620170288 0.15622751618668945 0.21824263337107086 0.25587676002854476 0.27352905620312945 0.2796207659012527 0.2804260027598624 0.27904945483542215 0.27640213150259535 0.27238336652471734 0.2695998769561999 0.2661636925023467 0.2637037612403405 0.26181703295590225 0.26027335923906747 0.2589069214348823 0.2580807739915014 0.2569224742524839 0.25630401842977985 0.25569276036755473 0.2555865256984712 0.2560011105109801 0.25563976737406036 0.25882968701603887 0.26070141170784755 0.26438404751641825 0.2679998302595423 0.2704820146644376 0.27333237432673074 0.2765540022459911 0.27909848538824744 0.28201927152493117 0.28385040001199496 0.2867834670622081 0.28990635819767635 0.28988080816213774 0.29459857171985 0.29721577208439887 0.2974507697822528 0.3006266218691161 0.3011232311266887 0.30285103324782925 0.30305728857503195 0.3078788211586005 0.30935700480197126 0.3080604755045424 0.30937562984006034 0.30925455097033033 0.31486132866609295 0.30549033215386506 0.31237566966573105 0.3167360430276526 0.32151098516089693 0.3231233102295283 0.32541448553016933 0.32232666471072036 0.3264762378159048 0.32543338332235133 0.32947062704387914 0.29866307989893975 0.31332668511499345 0.31440909759168906 0.31708508214257664 0.31639485325198363 0.3178006403338627 0.31729260081586264 0.305262637552612 0.3182465527321361 0.31005747129753575 0.31402252551879817 0.3095413938520804 0.31160005347804126 0.3115936793725895 0.3099615463313735 0.30735896233212345 0.3074335303561259 0.3184745076324312 0.31448728615917454 0.3097310518121347 0.3091076082148088 0.3142224067893348 0.30901838192163933 0.30294557617898477 0.3044028907657052 0.30996201202392726 0.307864213925052 0.3068898357649891 0.3073271350862511 0.3098770051345668 0.30564813818004816 0.30739414951775507 0.30628813636315955 0.305845677121503 0.30605708164682727 0.3060874024124964 0.30601121681772814 0.30533842518306376 0.30373785013252813 0.3005126287334512 0.2975342220669554 0.2941858819255719 0.29156575610821533 0.2886271177133072 0.2865539342640574 0.28449271848867735 0.28400994675731184 0.2828901207189352 0.2818170870581043 0.2804559501146079 0.2797956655610938 0.2794253915640771 0.2781096302346754 0.2766654095680305 0.27399003318502996 0.27180596075602415 0.26981482600450807 0.26864756047821475 0.2672933035772637 0.26576870026732263 0.26548841078606794 0.26467567663226255 0.26407669126894795 
# stellar_Y_list:
0.247 0.03667903323623153 0.0014691533988900104 0.0007030602998258584 0.0006206506591624383 0.0006186175791917848 0.0006322946113483274 0.000648006700402296 0.0006630336994689518 0.0006770977050714857 0.0006902934566096121 0.0007023863902029478 0.0007150441724674419 0.0007248241495321843 0.0007343552019198608 0.0007431930966613811 0.0007515758569681624 0.0007592013305439349 0.0007662974554919132 0.0007728904290823113 0.0007791531333470053 0.000785059231889013 0.0007906273555518372 0.0007958839743304813 0.0008008997987386572 0.0008056388914383468 0.000810194456314242 0.0008145414121841622 0.0008187150166768684 0.0008227367545955855 0.0008266693604969001 0.0008304368047756475 0.0008341170103084128 0.0008376763851579238 0.0008411149315245588 0.0008444951813843843 0.0008477904232721733 0.0008510497738613713 0.0008542577673679234 0.0008574371529959685 0.0008605707570845983 0.0008636377746591833 0.0008666721516551002 0.0008696450962896178 0.0008727097280273106 0.0008756615262010994 0.000878568792846738 0.0008814680362508397 0.0008843352888814281 0.0008871207411172187 0.0008899545383006931 0.0008927560972259359 0.0008955085648974381 0.0008982482569263644 0.0009009192384674863 0.0009035831698386638 0.0009062945547234682 0.000908917372572364 0.0009115659577010581 0.0009140501523302805 0.0009166140233556636 0.0009190750600847776 0.0009216041810483305 0.0009239702614522088 0.0009264432392150087 0.0009288878187868168 0.0009312534296236419 0.0009336823644431724 0.000936069262393069 0.000938430447422739 0.0009407826120958257 0.0009430960161686614 0.0009454045558403456 0.0009474808947814051 0.000949615518387901 0.0009517457955228989 0.0009538381220648256 0.0009559911114326598 0.000958115769459207 0.0009601956182740805 0.0009621374834584956 0.0009641659011254003 0.0009661553300843358 0.0009681438805859748 0.0009700827357311369 0.0009719533114761233 0.0009739543486096022 0.0009757340645615943 0.0009775629651755467 0.0009794137724409198 0.0009812471785068462 0.0009830376952404281 0.0009848107674540532 0.0009865777066972341 0.0009883685149448577 0.0009901896550153385 0.0009918702393327415 0.0009936026578336369 0.0009952720423128648 0.0009968588125944201 0.0009984948201521206 0.0009986790956036252 0.0009988887478227918 0.0009990145379053666 0.0009991921766003935 0.0009993049570719656 0.0009994467054200628 0.0009996039450148196 0.0009997542921907658 0.0010001073345523909 0.001001424022565497 0.0010037491414067485 0.0010054923918947456 0.0010070638254375032 0.001008282429203377 0.0010096372564298202 0.0010106150845708198 0.0010114243521674884 0.0010116561960139244 0.0010120346452565214 0.0010125739196996323 0.0010128532121653636 0.0010131665230273125 0.0010132214581678315 0.0010137570324784194 0.0010140306038727612 0.0010148814963946572 0.0010154494188187979 0.0010159129678442792 0.0010164149252267574 0.0010171479097877485 0.001017526295301475 0.0010181143154821346 0.0010186056829920456 0.001019028451059394 
# stellar_Y_list_luminosity_weighted:
0.247 0.036679033236231534 0.0008062196135737389 0.00037699267326625697 0.00017720543295377875 0.00019096003951081509 0.0002961322768923364 0.0004696848099511029 0.0007050160166298578 0.0009241598149793175 0.0009887485687998456 0.0009114552056733954 0.0008083146865443533 0.0007371000918021213 0.0006942450904809256 0.0006823315165731525 0.0006828095034328064 0.0006880869068341571 0.0006955177848899687 0.000704027508071089 0.0007129148231211153 0.0007219029015948896 0.0007306358767807885 0.0007389477297491707 0.000747004740654084 0.0007548071298172125 0.0007623902221268934 0.0007697330871842988 0.0007768872226253799 0.0007839341479407602 0.0007908473796751334 0.0007974389595151059 0.0008039551519301839 0.0008104674885097452 0.0008168182465834216 0.0008230872096553716 0.0008293033214867723 0.0008356053197479546 0.0008417851059661639 0.0008480087696088577 0.0008543113996905117 0.0008605750779774875 0.0008667738768700008 0.0008730284112195346 0.0008792041425396309 0.0008861185264345314 0.0008923041514375636 0.000898668672963896 0.0009044620609540118 0.0009107614585476412 0.0009165235112620737 0.0009225954049787721 0.0009282875757921619 0.0009340974966277136 0.0009397281709021335 0.000945590038801539 0.0009511275052827121 0.0009568697356511855 0.0009624669993275667 0.0009680236626466876 0.0009733284003141583 0.0009787636804250524 0.0009840334447845625 0.0009889892569088048 0.000994383876669125 0.0009998919704182108 0.0010052244539465007 0.0010106983088932775 0.001015914851869523 0.0010212570357852444 0.0010264412169665262 0.0010316324954887906 0.0010370780972096321 0.0010413712240502665 0.001045818919747693 0.0010502660230856638 0.001054677216466519 0.0010597851219901375 0.0010646776733087852 0.0010695344303072185 0.001073571316094904 0.0010782117731419753 0.001082692955173565 0.0010874352838466806 0.001091907408363025 0.001095946177305113 0.001100190076417998 0.0011048782455465344 0.0011095002428195121 0.0011141072369695703 0.0011179411003562037 0.0011217342437927968 0.0011256461131172821 0.0011298098763016283 0.0011342155339263327 0.0011386288713442258 0.001142969994196869 0.0011469536984411006 0.0011507995074393172 0.0011544953183259515 0.0011586283839075927 0.0011553471139084672 0.0011518645412489628 0.0011481204032519681 0.001144261053589483 0.0011406893715522769 0.001137574223884375 0.0011349530479016494 0.0011329536215206836 0.0011295092354888744 0.0011192095845057113 0.0011147846743405014 0.0011147329377130628 0.001117374143586433 0.001119623831172509 0.0011217125291758414 0.0011236884478923804 0.00112477854869603 0.0011252807722681385 0.0011252557221429693 0.0011259437633518708 0.001124932188035585 0.0011253950012145588 0.0011248229183564832 0.0011255564882769742 0.0011240697427071535 0.0011245355434283634 0.0011238574950663707 0.0011228715509493021 0.0011226156634060725 0.0011241444455736694 0.0011234115563033935 0.0011244135689078253 0.0011248420934043127 0.00112486241562064 
# Z_list:
1.4849811026814383e-07 3.2420085559475924e-09 5.914484280227932e-08 1.5235559663362333e-05 8.366658866321242e-05 0.00014194427273868002 0.00026330762182615817 0.0005607558795747135 0.0011610251909551373 0.0021738061270697166 0.003990440073109624 0.007530744035423723 0.014597276737451061 0.027040328836729875 0.043376778377275986 0.056823100006343046 0.06774553746710195 0.07092439335128795 0.07382915205327176 0.07446193605021256 0.0749742358854949 0.07478672279688932 0.0743149139224906 0.07396501420520564 0.07311224508535888 0.07324638503225694 0.0722729908306517 0.07251863440699141 0.07157436426372372 0.07177930262496018 0.07086476728782552 0.07137130797203306 0.07021409490423489 0.06806426139955293 0.06830573777095404 0.072054718626113 0.06997873862952989 0.07673249597619172 0.06717544944682408 0.08277952639881969 0.06097287785931892 0.09630338840421118 0.04046474146813177 0.13621357825355776 4.693264281204848e-10 0.23768438747040777 4.858787372222564e-10 0.38733048979733153 5.040216967920788e-10 0.6208012880259144 5.234071436898496e-10 1.004088524105275 5.404528030563621e-10 1.6604908601888677 5.580706047118056e-10 2.805924155280379 5.790562618911121e-10 4.953720774469808 5.922222240922138e-10 9.114828204960455 6.175133132604969e-10 17.384589889717756 6.360582133699088e-10 34.26443250192241 6.459222589605445e-10 70.48533621366116 6.636308783549669e-10 153.14796477659638 6.831926930456226e-10 338.3869180228915 6.973245512305927e-10 777.2810181135832 7.331016097526584e-10 1869.1909411561728 7.35523218727063e-10 4668.442001477439 7.483021188518509e-10 11807.84386022563 7.630469080551453e-10 31347.65725535737 7.87002298998691e-10 85264.01257306732 7.966622401313307e-10 236451.9827561663 8.306582982000516e-10 680998.8832467276 8.266774444585976e-10 1990366.3070966022 8.361680255909853e-10 6269533.84884567 8.9446576358439e-10 19728229.85578121 8.994564670464982e-10 64624778.82170094 8.965419963829431e-10 206413998.42530695 9.152118476457802e-10 705039312.3585882 9.533839277887384e-10 2433423775.2513385 9.50154672578819e-10 4774925425.327294 3.679202446216281e-10 5059649990.878457 2.3265164494340953e-10 3702363180.464875 845502927.6629683 2343978712.6511507 1338261563.2250028 1524809845.9083114 787375664.7069764 527128705.8020941 403820270.55947244 331607667.6995186 285718613.6420134 240381882.47223145 212350439.01478636 191726138.7115571 186738536.07779393 176840332.53043115 164885943.0539933 155826153.78072888 150884604.62230256 148851156.31167674 140483031.69794765 133039798.70526993 122047317.9444977 114849421.26041178 109065641.03856432 104099784.92343697 99844652.47660533 96285861.9715754 93160124.89546676 90252974.45641875 87833895.37149675 
# stellar_Z_list:
9.572777650013187e-05 1.4849811026814383e-07 5.947989469190326e-09 4.938415135746092e-08 6.664866070651521e-06 2.237220258674955e-05 3.113690883054532e-05 3.888074695831232e-05 4.680839273663683e-05 5.396959904070555e-05 5.951907335202542e-05 6.366123475127835e-05 6.686057739207863e-05 6.946867900496618e-05 7.16961781613908e-05 7.368230389298569e-05 7.544991257771667e-05 7.711036561791912e-05 7.86447663831229e-05 8.012811290706117e-05 8.153599726152604e-05 8.290049057921719e-05 8.420057349914394e-05 8.544469575575895e-05 8.664837664097553e-05 8.77833092533534e-05 8.889881720106582e-05 8.995895140582432e-05 9.098671430977127e-05 9.196955852083683e-05 9.295596574279707e-05 9.389131197559338e-05 9.48037507117957e-05 9.568654390950431e-05 9.651472504639505e-05 9.733605648967512e-05 9.817689704243923e-05 9.89871565047288e-05 9.984018641000491e-05 0.0001005875480424173 0.00010146442396791388 0.00010211835454238213 0.00010308620809271071 0.0001035318970730179 0.00010483057123971022 0.00010490547919179093 0.00010704317113484182 0.00010710629180016639 0.0001104305574802636 0.00011049759370496346 0.00011564118446241331 0.00011570761528846774 0.0001237337128017316 0.0001237906577505355 0.00013665496896295796 0.00013670842965166684 0.0001580067462171478 0.00015804834938042034 0.00019431814726663142 0.00019432718716259122 0.0002591249447289207 0.000259374930915439 0.0003802864878315665 0.0003806878591278082 0.0006148019936418129 0.0006155048720772972 0.0010840366651911702 0.0010853498864485459 0.0020640086095658158 0.0020666366398213666 0.004224936453360648 0.004230480714223885 0.00906919621793646 0.009081264307089464 0.020352996908628077 0.020380118191577437 0.04785689073286516 0.04792289741870292 0.11745879144423142 0.1176174684016546 0.29573988508397797 0.2961408980274022 0.7748843005283519 0.7759334180871881 2.093684447791117 2.096473756767025 5.7932852780104795 5.800721447146952 16.56640006040057 16.588833603142447 48.4022690854826 48.466146996297475 149.745844653087 149.94687859515443 471.96628203484596 472.57989856490957 1537.8915534340604 1540.148948525213 4976.814885975398 4982.954744608369 16832.141229145152 16853.997817499036 16872.51102806025 16886.578454950588 16897.15153427878 16894.425871990734 16897.308891876306 16887.550985079975 16898.28979760786 16917.98469256777 16838.822868601288 16818.40619062672 16827.773767060105 16849.25732349128 16871.101083927417 16901.10794536692 16925.149701681814 16947.129002228077 16956.08644911188 16962.370932914666 16973.138033448486 16972.7406066389 16973.519279959604 16969.074480386997 16973.172068051495 16965.98812757275 16985.884818748913 17001.155354814386 17019.199125385374 17049.272279300832 17090.207398588365 17101.791657888924 17152.199388918543 17169.721154269173 17208.444102217618 
# stellar_Z_list_luminosity_weighted:
9.572777650013187e-05 1.4849811026814383e-07 3.2640470185171614e-09 5.8905150093705215e-08 1.4811334787554283e-05 7.967344230597863e-05 0.00013200287794541668 0.00022439467436501906 0.00038079760289491926 0.000485865568112209 0.000409323282391903 0.0002753367158040649 0.0001849904226469636 0.00013819906806417337 0.00011345159679799958 0.0001028864186800311 9.784367841467313e-05 9.550483688382751e-05 9.447990729566255e-05 9.430532937548568e-05 9.462620429910792e-05 9.527063203004039e-05 9.609167797018691e-05 9.699188366334648e-05 9.795350922976015e-05 9.896529479383637e-05 0.00010004670733774842 0.00010112518906653491 0.00010223892477216957 0.00010336897881943717 0.00010451908075288767 0.00010562244807644254 0.000106774842200886 0.00010792008467527165 0.00010896660927888058 0.00011004047960374348 0.00011128711397126565 0.00011247709497812037 0.00011389501060167589 0.00011496985766446561 0.00011657102284135208 0.00011742865083493479 0.00011942044779595291 0.00011959162063183127 0.00012285512596248648 0.00012171084415318188 0.00012825886919508306 0.0001271198281447344 0.00013837227510911387 0.00013706390042111436 0.00015528216539311313 0.00015344223284189916 0.00018289196316782842 0.00018020094618199266 0.00022828010830812305 0.00022421217205132143 0.0003066523844768038 0.00030052948183837395 0.00044250082999362924 0.0004324652528061802 0.0006886459274114286 0.0006729790150382157 0.001160464890286368 0.0011358811914812766 0.0021055922835896933 0.002064734287223108 0.004030837844954409 0.0039585484904815305 0.008036663873949463 0.007910174387296772 0.0171938932772317 0.01700254894887357 0.038075097581709856 0.03769197024479591 0.08676086303318181 0.0859533581138099 0.20598791411475087 0.20548142735508956 0.5177621243545815 0.5177192501872054 1.3210204551596076 1.3162597650464996 3.510261407056831 3.5041139149545315 9.70135779346512 9.69408595094643 27.166602209795037 27.161814436304624 78.64059070445133 78.82793570822766 227.6798048403497 227.9395393146814 716.9399408185053 719.6130716410375 2288.5192421176735 2292.2858439991437 7665.762980364973 7698.623767629297 24758.758732647188 24854.051020021623 84265.05750538413 84668.62486374668 84285.56733245822 83552.25427687475 80091.8104036517 75898.39479356782 72044.00634208896 68745.04792225902 65841.58169473676 61130.44995836932 48518.787944264375 39745.95456569518 36261.076900675405 34406.86975131056 33182.90203036512 31900.99683905065 31052.983100519275 30459.637362259924 30342.429780601415 29988.1818420289 29589.171546805006 29142.609910291987 28896.005008848737 28732.560983290892 28310.506323859863 27778.292050427495 27219.801708719915 26774.25381973585 26441.0091473597 26280.196240830643 26231.653042498485 25971.733569855096 26066.534280427022 25901.521764609108 25930.606081392918 
# formed stellar mass list:
1e-15 2687256.1696118833 122103330.83902702 259109772.97127143 129484607.06247656 62091942.94847855 27836773.860319246 11800299.838502217 4796304.544346888 1890701.7531884264 729977.0594874396 279119.8669985605 107540.79287474201 43145.938966649715 19137.237830939368 10112.065004256665 6624.517398227811 5186.099346769897 4489.688397441849 4092.213404703984 3817.2260255376295 3599.427035033451 3413.8144485048742 3252.3941188821304 3108.463362489285 2978.988440850455 2859.9987118200515 2748.7941967750403 2649.163094861225 2561.4798769227896 2478.114035042638 2396.3831211874112 2325.0705258024977 2262.417299966986 2183.3888077499614 2131.1583412146697 2089.12060454047 2032.2082624445086 1986.772043237224 1939.786645026144 1890.6356765480807 1852.9213074895238 1808.7066592913168 1778.4447327370503 1736.4974369874508 1704.5705335703476 1676.2520116457938 1646.5013566421092 1613.868232840153 1587.2332581944768 1561.722692051828 1528.4468499231043 1505.652386882001 1480.2402642300117 1456.8935576981482 1433.510371708486 1423.2652731010742 1381.558326279589 1368.3043477432266 1350.8442734081416 1323.8853071206386 1295.5186274057244 1290.1499700458266 1257.7465131084607 1262.422507221788 1238.5391413626253 1223.452025235269 1205.4894160185404 1171.559660015129 1170.9727111302363 1164.9717981857368 1147.2419816399874 1132.7798532838474 1091.2539126328102 1093.363939843664 1087.6611093046447 1063.3810540526347 1069.0869100136604 1060.271949789664 1048.428335866062 1019.6209296172317 1016.5154549330365 1004.21576614481 1004.1896800181205 993.5504459639774 963.0915645260093 964.7571451071298 967.7293185662407 958.4505531383888 956.7455051089494 896.349048279517 894.3886200788306 904.1541382001875 889.4260359558273 874.9831316530369 892.3173741191855 903.8445444748149 874.1145583482752 851.1223271536065 839.1163063295033 848.0257011080056 1e-15 1e-15 1e-15 1e-15 1e-15 1e-15 1e-15 1e-15 1e-15 1e-15 1e-15 1e-15 1e-15 1e-15 1e-15 1e-15 1e-15 1e-15 1e-15 1e-15 1e-15 1e-15 1e-15 1e-15 1e-15 1e-15 1e-15 1e-15 1e-15 1e-15 1e-15 1e-15 1e-15 1e-15 
