# time step list:
1000000 10000000 20000000 30000000 40000000 50000000 60000000 70000000 80000000 90000000 100000000 110000000 120000000 130000000 140000000 150000000 160000000 170000000 180000000 190000000 200000000 210000000 220000000 230000000 240000000 250000000 260000000 270000000 280000000 290000000 300000000 310000000 320000000 330000000 340000000 350000000 360000000 370000000 380000000 390000000 400000000 410000000 420000000 430000000 440000000 450000000 460000000 470000000 480000000 490000000 500000000 510000000 520000000 530000000 540000000 550000000 560000000 570000000 580000000 590000000 600000000 610000000 620000000 630000000 640000000 650000000 660000000 670000000 680000000 690000000 700000000 710000000 720000000 730000000 740000000 750000000 760000000 770000000 780000000 790000000 800000000 810000000 820000000 830000000 840000000 850000000 860000000 870000000 880000000 890000000 900000000 910000000 920000000 930000000 940000000 950000000 960000000 970000000 980000000 990000000 1000000000 1010000000 1020000000 1030000000 1040000000 1050000000 1060000000 1070000000 1080000000 1100000000 1200000000 1400000000 1600000000 1800000000 2000000000 2300000000 2600000000 2900000000 3000000000 3200000000 3500000000 3800000000 4000000000 4100000000 4500000000 5000000000 6000000000 7000000000 8000000000 9000000000 10000000000 11000000000 12000000000 13000000000 14000000000 
# Number of SNIa + SNII (log_10):
0 0 4.296027608475357e+53 1.7632199477843656e+55 6.514889880211937e+55 1.1878502262377193e+56 1.664192048049299e+56 2.0987883356736664e+56 2.524326349943327e+56 2.8950135706734065e+56 3.2136469700916955e+56 3.49025740469573e+56 3.733800763684001e+56 3.95124582031344e+56 4.147547969312316e+56 4.326505669142902e+56 4.490958381641696e+56 4.6430969206571365e+56 4.784647331187252e+56 4.916995549075313e+56 5.041270161545036e+56 5.158403436235366e+56 5.269174112489625e+56 5.374239597084037e+56 5.474160945818744e+56 5.5694193462164535e+56 5.6604313826460565e+56 5.74756179636046e+56 5.831127268401679e+56 5.911407009113336e+56 5.988652504507626e+56 6.0630961005438405e+56 6.134921700615638e+56 6.204287827887487e+56 6.271386145499069e+56 6.336354562300994e+56 6.399322667957214e+56 6.460402535607586e+56 6.51971204269057e+56 6.5773648927925045e+56 6.6334307913882675e+56 6.68800148901475e+56 6.741152692330237e+56 6.792954204891677e+56 6.8434775659857706e+56 6.892783257838142e+56 6.940928940695527e+56 6.987962151871293e+56 7.033939050561681e+56 7.078918727967407e+56 7.122925920137475e+56 7.166000904108656e+56 7.208188855551629e+56 7.249528595223978e+56 7.290046562368082e+56 7.329778304919817e+56 7.368751259404948e+56 7.406974895787555e+56 7.444501638185735e+56 7.481403547218757e+56 7.517639639645975e+56 7.553248915983682e+56 7.588224047136198e+56 7.62259913120102e+56 7.65642074732884e+56 7.689692056283471e+56 7.722427002076538e+56 7.754652886222245e+56 7.786379374800752e+56 7.8176178519943195e+56 7.84838821240107e+56 7.878707581111912e+56 7.908575560328504e+56 7.938010671210969e+56 7.967045431277308e+56 7.995669897793685e+56 8.023896261176933e+56 8.051740123841389e+56 8.07921004698521e+56 8.106314879173652e+56 8.13306657420456e+56 8.159467619993554e+56 8.185529467436065e+56 8.21128119668795e+56 8.236706385869396e+56 8.261817777981779e+56 8.28662416121008e+56 8.311138531981426e+56 8.335361797468284e+56 8.35928863923084e+56 8.382944026550025e+56 8.406326042822692e+56 8.42943745991905e+56 8.452319714615232e+56 8.47494967534172e+56 8.497316109997013e+56 8.519443456514942e+56 8.541337242866412e+56 8.562997525937382e+56 8.58442418867721e+56 8.605630199773313e+56 8.62661124608275e+56 8.647386513285118e+56 8.667964117214702e+56 8.688326804936992e+56 8.708490237597719e+56 8.728456763907833e+56 8.748222418681907e+56 8.76779823989936e+56 8.806402255868593e+56 8.989196368262627e+56 9.31200445538734e+56 9.590719896465762e+56 9.835953098005959e+56 1.0054927483409661e+57 1.034485491999965e+57 1.059873370604802e+57 1.0824541700660786e+57 1.0894624535779212e+57 1.1027874381600848e+57 1.1212790296758577e+57 1.1382404653619165e+57 1.1488127089320413e+57 1.1538997547651906e+57 1.1730736171959568e+57 1.1947584982197115e+57 1.232255964784114e+57 1.2639301712100908e+57 1.2913473434030547e+57 1.3155256498367991e+57 1.3371298941723953e+57 1.3566876954212452e+57 1.374530531480712e+57 1.3909402927639618e+57 1.4061306860154535e+57 
# Gas [Fe/H]:
-5.218485947384705 -6.812943270487043 -6.132370692004214 -4.023894717705243 -2.918230478799411 -2.238441740815812 -1.8688954746312225 -0.8577049483062877 0.09661073399479303 0.6776880028599268 1.079689010848191 1.2816550914257445 1.3388317417747078 1.3385525947043742 1.3230498218925066 1.305504624683671 1.2893485289727056 1.2752241075978508 1.2622515528991993 1.2496970238293708 1.2380734380744114 1.2269328854736803 1.21664613228659 1.2061922521754211 1.196411832663368 1.1879993854818887 1.1809666495884752 1.173638104104592 1.166656321889095 1.1602404865997271 1.154212067443423 1.1484112124869417 1.1425344877249755 1.136458837472273 1.132168602189083 1.1308483728111867 1.1292191131027005 1.1259010982167568 1.1245398266692925 1.123843517645628 1.1212060649774802 1.1205833693232945 1.118207519773625 1.1167954581327963 1.1156156678350166 1.1134712950673231 1.112670797532597 1.1105346561110694 1.1096602395475936 1.1076245964098894 1.1057849258534689 1.1070286016965585 1.1035819279942687 1.104209574612102 1.1013734222435119 1.0990469806688035 1.1026771304438547 1.1043836675264607 1.1017236202645884 1.091551915396563 1.0918361056254047 1.0905437015490764 1.095705273626339 1.0943618236493058 1.0882009088220106 1.0885586319559888 1.0928629998257993 1.0870632884135718 1.0801929655504905 1.0811238022810614 1.0840895271854838 1.0779833610859937 1.0697225823768974 1.0698497051280076 1.076198086446324 1.0720824604269512 1.0659828942436582 1.063126310595178 1.063281129873889 1.0633274041813712 1.057749440243572 1.0510507522192776 1.047149478011621 1.0528262201669851 1.0575008488607684 1.0533654136926032 1.045441364703751 1.036721283548677 1.0369637369062503 1.0474736758147594 1.0480668094104129 1.042304233468137 1.0344569520971758 1.0264870765499787 1.0255615357101115 1.0350217423931714 1.039108421662477 1.0352678830584052 1.028324247174163 1.020215123570968 1.0123328933998827 1.013069027665218 1.017903192594487 1.02091645697026 1.021741715718362 1.0212181212996763 1.019867889082282 1.017938036542255 1.0159450940427246 1.0156719559599052 1.010593847429734 0.9997822269713446 0.9917019287620792 0.9838690319639438 0.9780831487605743 0.9721987911608321 0.9674335701264525 0.963798284816825 0.9621892857515544 0.9607646577857389 0.9582328668142246 0.957522838548325 0.9571591562920636 0.9574990498722857 0.9571793377611759 0.9591195553047891 0.9626324811735518 0.9667134293124957 0.9690574416912248 0.9695959041829454 0.968513544413073 0.968401875033917 0.9667137449347964 0.9652581806711029 0.9640892964921997 
# Stellar mass-weighted [Fe/H]:
0 -5.218485947384705 -6.549412401695191 -6.229880700698278 -4.76963685478248 -4.107772578230426 -3.798741688568061 -3.6883250390384 -3.449506581068201 -3.1421900055328926 -2.962587264638559 -2.8494849395031716 -2.771282638049782 -2.7131389643941226 -2.6675473883985825 -2.630398159039153 -2.599248860556865 -2.572560768120688 -2.549292660283565 -2.5287440853917404 -2.5104191768255752 -2.4938915657470737 -2.478875072615182 -2.4651359846634 -2.4524921168611664 -2.4407980745894253 -2.4299362289677076 -2.4198015840959632 -2.4103109994648113 -2.4013952244270653 -2.39299540037638 -2.385060112470528 -2.3775420615855225 -2.3704025933705557 -2.363612992714768 -2.3571456681177585 -2.3509712332793526 -2.3450597216641293 -2.3393994883062827 -2.333972656727025 -2.328754609911363 -2.3237376466259585 -2.318904393529447 -2.314248771099167 -2.3097551778971894 -2.305411398880488 -2.30121346339536 -2.2971476948187792 -2.2932118187813186 -2.2893931849500664 -2.2856861819080887 -2.282094320181673 -2.2785985521819683 -2.2752042337825777 -2.271897055913743 -2.268675457295493 -2.2655484970070088 -2.2624888262033265 -2.2594353172696415 -2.2564824232837184 -2.253741379148762 -2.250995152962636 -2.2483013369268168 -2.245655703966391 -2.243061254443604 -2.2405139199437754 -2.238057686478805 -2.2356277600704813 -2.2332605498758937 -2.230930622457289 -2.228678866688009 -2.2264447066277446 -2.2242615412844815 -2.2221100091590946 -2.220032691467517 -2.217969680151981 -2.2159503526548665 -2.2139489380394055 -2.2120119054921012 -2.2100995060423942 -2.2082290616569606 -2.206364978870437 -2.2045454728588343 -2.2027529046195067 -2.201011867803901 -2.199279656046314 -2.197581703305527 -2.195885941020917 -2.1942344270894436 -2.192612914038797 -2.1910320432023314 -2.1894553996874846 -2.1879062345576017 -2.1863576480209277 -2.1848440259894106 -2.1833551192891054 -2.1819080904490047 -2.180464774273246 -2.1790453627208173 -2.177624916192622 -2.1762285267120838 -2.1770746911337406 -2.17764705143799 -2.178115555783176 -2.1785190539252897 -2.178874007546625 -2.1791903463443214 -2.17947490421857 -2.1797345051087946 -2.1802432312430833 -2.182088983368394 -2.1841147449392313 -2.185192283838429 -2.1857262350596987 -2.1860611625097297 -2.186291483678742 -2.186235079553346 -2.1860702765555553 -2.1859335107585567 -2.1858205545456713 -2.1854480815398682 -2.1851840032576337 -2.1848907574033447 -2.1848467903234994 -2.184192583519711 -2.183733432054362 -2.1823069565098594 -2.181133676740078 -2.1801663738282038 -2.179161781707732 -2.177842896418804 -2.1770713050397266 -2.176000374612265 -2.175039919082412 -2.174295605772743 
# Gas [Mg/Fe]:
6.938893903907228e-17 -1.3877787807814457e-17 0.9078718793816032 0.9377468256611641 0.7236421117311421 0.45168591902570177 0.338807100172016 -0.5172413961451354 -1.2218933586641325 -1.4709393399301258 -1.5582285881026727 -1.59385403384097 -1.6102374303685125 -1.6195064509549333 -1.6233652859447931 -1.6218298644969755 -1.6123942318613924 -1.5988663635616724 -1.5835944284080807 -1.570771329722663 -1.5655006264053972 -1.563763016450666 -1.562209567588443 -1.561192910212483 -1.5596601794147735 -1.555671460504898 -1.5509180928171724 -1.5448583627888863 -1.5325294714575197 -1.5272999417228135 -1.5376702878212898 -1.527207659670338 -1.5189247423611738 -1.5105281393956025 -1.49312461694721 -1.4673132354643366 -1.437605051710009 -1.4074928305182726 -1.3819373754171895 -1.3572819278181973 -1.3335545813942746 -1.3130711752249815 -1.2892004165595492 -1.271584144346966 -1.2577617446284244 -1.23919364421012 -1.222954668904416 -1.2036419312932036 -1.1899557159306176 -1.1822122680755662 -1.168140967308445 -1.1633359961416592 -1.1644152575965296 -1.1722595644555391 -1.1797240233738906 -1.1889896022228499 -1.198146962956573 -1.2104896737497057 -1.2242603091543411 -1.2203669004924445 -1.2316640350215424 -1.2404139870276443 -1.2546795929253887 -1.2644705208907705 -1.268352498182134 -1.2787165653568804 -1.2969637645914034 -1.2982256269544727 -1.30173923261597 -1.308554954115265 -1.321635396942862 -1.326740941447684 -1.3185641682298597 -1.3279419927126548 -1.3407595075723073 -1.34347891076953 -1.3452936993401696 -1.3565897813911738 -1.3658633831931768 -1.3744903997210618 -1.3799130776688584 -1.383684908319502 -1.390370745442343 -1.4013955519038424 -1.4104676597011014 -1.4204130245043727 -1.42680624099134 -1.4260968076096345 -1.4380498570102627 -1.4537060639283514 -1.4633937024442585 -1.4654152544289418 -1.4706861397468431 -1.4776386949850837 -1.489859992835466 -1.5028938435113754 -1.5167154158258191 -1.519961789094605 -1.5228329170833785 -1.5375186280515332 -1.543222320780727 -1.5460538526434875 -1.5516084684846165 -1.5557563910651442 -1.5562846440493054 -1.5566187083917329 -1.5573905405068362 -1.558046755053667 -1.5588487427994306 -1.561459963153052 -1.5732105811559316 -1.590852305551813 -1.60254915399699 -1.6126858180949246 -1.6211584871230855 -1.6300536533679457 -1.6362214419647705 -1.6408889175619625 -1.6422568386494751 -1.6447935230938013 -1.647240219672571 -1.6502235042847018 -1.6516108147087138 -1.6522355392494699 -1.6546555078613239 -1.6569013324859436 -1.6605358052246635 -1.6631160490448742 -1.6648180644848842 -1.6662592676577075 -1.6672808826252228 -1.6683414539110961 -1.6691082336863048 -1.669827240795452 -1.6703604339315117 
# Stellar mass-weighted [Mg/Fe]:
0 -1.3877787807814457e-17 6.938893903907228e-17 0.8395642020875034 0.9351194776450318 0.7729047729447575 0.6258470989655366 0.5683463078256166 0.3415201800938306 0.03792254210513907 -0.13965118103766938 -0.25084044169367686 -0.3272161820495393 -0.3836272565512864 -0.4275861274033139 -0.46318323344531287 -0.49283298776301887 -0.5180298981458998 -0.5398021294618766 -0.5588510560978377 -0.575696883492604 -0.5908031380099157 -0.6044682441396674 -0.6169118784775379 -0.6283136010377757 -0.6388146913464997 -0.6485226842843944 -0.6575299580683487 -0.6659140509612843 -0.6737180143198687 -0.6810375569040096 -0.6879767023665974 -0.6944889021850823 -0.7006280693421666 -0.7064259732167445 -0.7118836797480739 -0.7169982938808249 -0.7217787719352297 -0.7262452367503854 -0.7304400794520638 -0.7343810990955296 -0.7380779393250155 -0.7415611011697091 -0.7448242408268629 -0.747903278729269 -0.7508296227241302 -0.7535815128624593 -0.7561791640039625 -0.7586155138585804 -0.7609230678372869 -0.7631388353846278 -0.7652274472059769 -0.767245210334569 -0.7692163922910105 -0.7711700009236934 -0.7731036422706383 -0.7750156850948118 -0.7769140030544225 -0.7788442960103822 -0.7807575678427154 -0.7825087316815496 -0.7842893664035614 -0.7860604093525956 -0.7878438847072385 -0.789600469006475 -0.7913236832616056 -0.793023727113211 -0.7947435272290839 -0.7963946858553946 -0.7980270517465138 -0.7996327275494542 -0.8012416591867666 -0.8028013733519862 -0.804318633365898 -0.8058236392217413 -0.8073344862861791 -0.8087934400376963 -0.8102346581124616 -0.8116671322453626 -0.8131020033642004 -0.8145024273728608 -0.8158880936599785 -0.8172432955027177 -0.8186033680567911 -0.8199471567720674 -0.8212819290998127 -0.8225878671620862 -0.8238898248882461 -0.8251635401477608 -0.8264481878698708 -0.8277157583386917 -0.8289734532284091 -0.830194953002724 -0.8314176791264749 -0.8326271039641825 -0.8338427004047383 -0.8350397930832476 -0.8362341286086892 -0.8373949992394694 -0.8385521339626754 -0.8397023754885036 -0.8390617875061492 -0.838654102778936 -0.8383306592281955 -0.8380451786326829 -0.837785354724462 -0.8375535911589729 -0.837346026121961 -0.8371576141667355 -0.836821689984417 -0.8355787573270397 -0.8342457854829791 -0.8335460030195182 -0.8332339574178059 -0.8330873561131091 -0.8329979732588454 -0.8330899767630155 -0.8332625037740372 -0.8333473510951895 -0.8334979278299944 -0.833793309282683 -0.8339884269364354 -0.8342467616419598 -0.8343003000099782 -0.8347664663254623 -0.8351236169977829 -0.8361854747083768 -0.8370727794730303 -0.8378257360831209 -0.8386184020941448 -0.8395138493507657 -0.8401558681928623 -0.8408793186340765 -0.8416750256943125 -0.8421699181799108 
# Gas [O/Fe]:
0.0 -2.220446049250313e-16 1.1319055781080642 1.1619509836289765 0.9077353780825774 0.5366931334831986 0.38285546275730264 -0.48599314726756293 -1.1625336723021387 -1.3855957095067761 -1.4624893726822397 -1.4897499033617847 -1.497399216675848 -1.4975989432518382 -1.4959439017854963 -1.4937671363164973 -1.4909128358428092 -1.4874270477704328 -1.4836835609951993 -1.4806663241677078 -1.4797977135498956 -1.479649654732944 -1.4798812201674278 -1.4801506281121615 -1.4802637069133935 -1.4799304750319295 -1.4793143512272697 -1.4785325307862744 -1.4776387973402882 -1.4767037865882755 -1.4780191446507231 -1.4770945782203166 -1.4709085592153521 -1.4716105146045977 -1.4708394132497395 -1.468670067701201 -1.4660296699310094 -1.462981958699048 -1.460132483153845 -1.4574286720566516 -1.4545458196731036 -1.451868215699568 -1.4490644361624794 -1.4465651134972508 -1.4441325712592123 -1.4414954345247624 -1.4393011032915393 -1.4368888194453362 -1.4344404081990496 -1.4321722873540002 -1.4297090639254157 -1.4286175213338892 -1.427201078119751 -1.426640998308163 -1.4259684956137528 -1.4253309962557297 -1.4245527955884445 -1.4294784848439845 -1.4284245398023092 -1.4083658560519516 -1.4125398712543988 -1.4253796509288008 -1.4233271453266032 -1.4207734264793994 -1.4192722279216938 -1.4192907652178244 -1.4172029904661136 -1.4159771034041575 -1.4159166035664166 -1.416777424874286 -1.4173013248407855 -1.415608353891798 -1.4146248429312613 -1.4149821850345614 -1.4165074790309018 -1.4155415869050798 -1.41432196990018 -1.4135050724055354 -1.4144884041122672 -1.415215233827967 -1.4144286891330844 -1.41283627424759 -1.4122038328155297 -1.4129272624514826 -1.41356467773976 -1.4136619740165894 -1.4136207669958853 -1.411019883755571 -1.4111546876994143 -1.4137589756797315 -1.4140138676334493 -1.412313120372232 -1.3994859487134632 -1.3987525532938136 -1.4247334680169057 -1.4182201492915565 -1.4153915925838172 -1.4131880943383317 -1.4110511000701362 -1.4091548054373773 -1.4079549659079253 -1.4089543901808357 -1.410314583900675 -1.4105020918813287 -1.4108844622603383 -1.4109967460266748 -1.4105393338411107 -1.4102307673751335 -1.4097276655140594 -1.4098175386036624 -1.4092554582726662 -1.4082889413793338 -1.4088010000567932 -1.4094504875849005 -1.4101978592841153 -1.4127568419852907 -1.4153237382354915 -1.4179742014373649 -1.4188373751894012 -1.4206714437655565 -1.42311091315234 -1.4253626169024132 -1.4267467746179172 -1.4271696050015457 -1.4299183729809222 -1.4328272867187177 -1.437878825921365 -1.441942018963224 -1.4450079781608172 -1.4475222470565157 -1.4492289029594778 -1.4508001286806456 -1.452062245955221 -1.453160995820813 -1.4541095550765522 
# Stellar mass-weighted [O/Fe]:
0 0.0 0.0 1.059371794498114 1.15921668952243 0.9685090626342023 0.783978232279309 0.7114897720769127 0.48040400735753686 0.1758967460928762 -0.0018559597316143428 -0.11316709834925298 -0.1896170919718272 -0.24605059235626192 -0.2899839868709513 -0.32554142791986485 -0.35516863439804947 -0.3803983253550246 -0.4022650343944294 -0.42146717174588144 -0.43850484471291484 -0.45380624694988125 -0.467657041012407 -0.48028135195489474 -0.49185707686505487 -0.5025291354148779 -0.5124138800056142 -0.5216045413606141 -0.5301819182852985 -0.5382139985185249 -0.5457616108714151 -0.5528788738491118 -0.5596001593830658 -0.5659473960599362 -0.5719743498590937 -0.577707194950264 -0.5831647839745556 -0.5883650364923914 -0.5933273162879753 -0.5980760067581778 -0.6026263713871619 -0.6069860403571762 -0.6111730010814009 -0.615196058796131 -0.6190654656247983 -0.6227964679544357 -0.6263929887993444 -0.6298645064934336 -0.6332184530396932 -0.6364602545737587 -0.6395997616267398 -0.6426385573021729 -0.6455867913015693 -0.6484447828244152 -0.6512214827724566 -0.653922099214489 -0.6565457200782052 -0.659104484014895 -0.661657908673751 -0.6641319763175302 -0.6663906362782553 -0.6686515362533325 -0.670897548248611 -0.6731015659869866 -0.6752417708802058 -0.6773379336516806 -0.6793758833246774 -0.681380818520281 -0.6833128046661314 -0.6852208790835201 -0.6870827146945037 -0.6889175059451472 -0.6906884021293325 -0.6924394937214811 -0.6941520252314919 -0.6958456261304844 -0.6974794495753389 -0.699093802818826 -0.7006742851664374 -0.7022441818675642 -0.7037640685320836 -0.7052617177566531 -0.7067219492894277 -0.70817810011374 -0.7096014909601985 -0.7110045454178586 -0.7123645514677668 -0.7137160970147851 -0.7150402792634247 -0.7163611946392896 -0.7176481334154795 -0.7189147418700841 -0.7201449977718262 -0.72135838628251 -0.7225538506324091 -0.7237753558046554 -0.7249551548738593 -0.7261154896474117 -0.7272413019956423 -0.7283622172179565 -0.7294621792342744 -0.7287959002544089 -0.7283636453772737 -0.7280153558643785 -0.7277038147732515 -0.7274195377868284 -0.727164861082923 -0.7269357111275903 -0.7267273457509569 -0.7263559299034641 -0.7249557242343745 -0.7234241452499147 -0.7225999023471644 -0.7222160775960076 -0.7220191707829058 -0.7218755965602026 -0.7219433178146195 -0.7221043134526955 -0.722193482006786 -0.7223374757102252 -0.722645727582788 -0.7228430794233724 -0.7231130626395501 -0.7231611346759126 -0.723662874595971 -0.7240337888364232 -0.725162695339699 -0.7261102983909489 -0.726908292034957 -0.727747757218218 -0.7287330892648376 -0.7294030156299836 -0.7302006591382645 -0.731033763845523 -0.7315811784085631 
# Stellar mass-weighted [N/O]:
0 0.0 0.0 -1.428445464474521 -1.802061728495461 -1.6344062321586685 -1.269504640964422 -0.9198150936272671 -0.6603466052980831 -0.47634364650933936 -0.34438901409196276 -0.24677842612752832 -0.174975659149468 -0.12024327604605178 -0.0759731762829775 -0.03811056939812607 -0.004254132739767491 0.02763229209559026 0.05859925241029029 0.08848102115967937 0.11625711543200368 0.14074885228160594 0.16199422045756928 0.18048378604152282 0.19676044430223794 0.21098972687856288 0.22284921693916848 0.232149313754082 0.23919369258750256 0.24429542812556826 0.24773920907519842 0.24976465163566108 0.25051857536424504 0.25013602167352267 0.2488447423839737 0.2470852636239088 0.24532542177167604 0.2436884581303954 0.24218670817037924 0.24080336511114153 0.23950605201777542 0.23829049089361642 0.23714630317970675 0.23606279638287975 0.23503212327493983 0.23405017415948448 0.23310965935591899 0.23220940571852633 0.23134391777053775 0.23051012107142166 0.22970712714883323 0.2289212015948503 0.22818170849836528 0.22745811029671215 0.22676179407052133 0.22609513024452033 0.22544733506678893 0.22482357532325092 0.2242143139870556 0.22362623634066037 0.22305295678985126 0.22248991722109956 0.22196482047011012 0.22145436651349337 0.2209455386087148 0.2204462524172318 0.2199779898305334 0.2195132167281918 0.21905841100493317 0.21860972950143243 0.2181843853405746 0.2177638554426754 0.21734600721094977 0.21693751819129958 0.21655087102240445 0.2161681402255088 0.21578571935436408 0.21540737431642332 0.21504952455234227 0.2147017529139783 0.21435336786373682 0.21400075769058757 0.213645433635391 0.21330736439749798 0.2130177898262432 0.2127082264551795 0.21239608992398917 0.2120861027844616 0.2117869702793077 0.2114987080765992 0.21122011482551195 0.2109302780145238 0.21064303433749554 0.21034979749135063 0.21007094543217553 0.20983066306914644 0.20958171234720724 0.20932134646164968 0.2090604471726757 0.20880279199997342 0.20855507250474403 0.20870980329689903 0.20881635419595335 0.20890197920607811 0.20896691040131232 0.2090198830424297 0.20907239773409547 0.20912668270036283 0.20918286883507342 0.20929357856254027 0.2096933413654276 0.21032806825749872 0.2108331454887884 0.21137279523047225 0.21186102931826511 0.21247515618290314 0.2130997451394182 0.21369617034179034 0.21390854137167203 0.21427149548947633 0.21485383040869943 0.215285267891269 0.2157140602744747 0.21582999646044543 0.21656230560558132 0.21714925310399236 0.21867698138896963 0.2198841499851445 0.22091264584907844 0.2219163093369707 0.2229688054282104 0.22385307097680207 0.2246586215990638 0.22567747694127915 0.22625568506230043 
# Stellar mass-weighted [C/O]:
0 -1.1102230246251565e-16 0.0 -1.0743803273990902 -1.1834471814153253 -1.024829652278971 -0.8583510918287913 -0.7919180394829344 -0.7588695542202177 -0.7217229819344947 -0.6897429736279662 -0.6632130896297666 -0.6405234588804121 -0.620700645132289 -0.6030479662338989 -0.586927726791901 -0.5718964813344755 -0.5575155258416771 -0.5435262728421951 -0.5298957506915909 -0.5165387188788302 -0.5033810985518656 -0.4904242957004473 -0.47772022191902164 -0.46526478785494163 -0.45267123403969267 -0.43885606584117953 -0.42310750086530713 -0.4056462048144539 -0.3869670602559918 -0.36750305309638576 -0.34758836541900295 -0.32748765473875496 -0.30739367020548614 -0.28729727350313006 -0.2669689239627704 -0.24624056675246808 -0.22516417954017848 -0.2038353819232534 -0.18257272539444103 -0.16152759487847457 -0.14069227864570644 -0.12027406158522658 -0.10021448746580325 -0.08060774453300784 -0.06147175876007871 -0.04278354843542903 -0.02463024469902192 -0.006910907844942138 0.010297593133864386 0.02708219287114061 0.04339584670230903 0.059020585021266336 0.07411029394430321 0.08846591134441115 0.10230626211231031 0.11563532087974099 0.12826438608744284 0.1405931435149544 0.1525097487231764 0.16379217208501176 0.17484584142085657 0.18563639909111412 0.19590856793966854 0.20588467160824847 0.21577584954756207 0.22520188790048457 0.23413038849105186 0.2427217884751298 0.2511542350274751 0.2590556901273208 0.26655385116779534 0.27380430420886537 0.28096686728490017 0.2877416516301752 0.2941460955209474 0.30031419302553436 0.3063949011316919 0.312288796143565 0.3180240165561446 0.3233660152745733 0.3286264948863629 0.3337835412291174 0.3388645287868963 0.3436107783737426 0.34814177597176144 0.3525444758931879 0.35695583866506986 0.3613129563195012 0.3655350341292319 0.36941550438750914 0.3731996792057141 0.37689540510456404 0.3806061805926382 0.3842818470665648 0.38789936399186015 0.3912255420761745 0.3944315471027041 0.3975641663086053 0.40071269840186013 0.4038351724114734 0.40192489641777207 0.4006706450827481 0.3996570910200433 0.398765441820189 0.39795941688108105 0.3972275528257499 0.39655675077646346 0.395936709247489 0.39481700738122594 0.3905940922710629 0.385627456294775 0.3826687723074446 0.3807758380613865 0.3794468069455101 0.37803162174830995 0.3771371246263918 0.37654321434798776 0.37643212967521433 0.3761615539593566 0.3759603184425911 0.3757360368622405 0.3757183673809422 0.37563807775725694 0.37569868752942603 0.37562664892263586 0.3759458848883327 0.3763207864777417 0.3766109299967859 0.3770558628243767 0.37781446962665277 0.37800497706530256 0.37870907675885346 0.3790883310789505 0.37952660070919 
# Stellar mass-weighted [O/H]:
0 -5.218485947384705 -6.549412401695191 -5.170508906200162 -3.6104201652600505 -3.139263515596224 -3.014763456288753 -2.976835266961487 -2.969102573710664 -2.9662932594400155 -2.9644432243701733 -2.9626520378524255 -2.9608997300216098 -2.9591895567503848 -2.957531375269533 -2.955939586959018 -2.954417494954914 -2.9529590934757124 -2.9515576946779944 -2.950211257137622 -2.94892402153849 -2.9476978126969557 -2.9465321136275886 -2.945417336618295 -2.9443491937262216 -2.9433272100043038 -2.9423501089733213 -2.9414061254565764 -2.9404929177501096 -2.939609222945591 -2.9387570112477954 -2.937938986319641 -2.937142220968589 -2.936349989430492 -2.9355873425738617 -2.9348528630680226 -2.934136017253908 -2.933424758156521 -2.9327268045942576 -2.9320486634852028 -2.931380981298526 -2.930723686983134 -2.930077394610848 -2.9294448298952966 -2.9288206435219877 -2.9282078668349234 -2.9276064521947047 -2.9270122013122135 -2.926430271821012 -2.9258534395238254 -2.9252859435348286 -2.9247328774838453 -2.924185343483537 -2.9236490166069924 -2.9231185386861993 -2.9225975565099827 -2.922094217085214 -2.9215933102182214 -2.921093225943392 -2.9206143996012486 -2.9201320154270167 -2.919646689215969 -2.919198885175428 -2.918757269953378 -2.9183030253238096 -2.9178518535954554 -2.9174335698034826 -2.917008578590762 -2.9165733545420256 -2.916151501540809 -2.9157615813825135 -2.9153622125728917 -2.9149499434138137 -2.9145495028805755 -2.9141847166990082 -2.9138153062824648 -2.9134298022302056 -2.9130427408582307 -2.9126861906585386 -2.912343687909959 -2.9119931301890443 -2.9116266966270894 -2.9112674221482617 -2.9109310047332473 -2.9106133587641 -2.9102842014641723 -2.9099462547732937 -2.9096020380357013 -2.9092747063528677 -2.9089741086780867 -2.9086801766178105 -2.908370141557569 -2.908051232329428 -2.907716034303438 -2.907397876621819 -2.907130475093761 -2.9068632453228638 -2.906580263920657 -2.9062866647164602 -2.905987133410579 -2.905690705946358 -2.9058705913881493 -2.9060106968152644 -2.906130911647555 -2.906222868698541 -2.9062935453334537 -2.9063552074272447 -2.906410615346161 -2.906461850859751 -2.9065991611465467 -2.9070447076027683 -2.907538890189146 -2.9077921861855938 -2.907942312655707 -2.908080333292636 -2.908167080238945 -2.9081783973679656 -2.908174590008251 -2.908126992765343 -2.908158030255896 -2.908093809122656 -2.9080270826810057 -2.908003820042895 -2.9080079249994117 -2.907855458115682 -2.9077672208907863 -2.907469651849559 -2.9072439751310277 -2.9070746658631608 -2.90690953892595 -2.9065759856836415 -2.9064743206697106 -2.906201033750529 -2.9060736829279357 -2.905876784181306 
# Gas [Mg/H]:
-5.218485947384705 -6.812943270487043 -5.22449881262261 -3.086147892044079 -2.1945883670682695 -1.786755821790111 -1.530088374459206 -1.3749463444514234 -1.1252826246693397 -0.793251337070199 -0.47853957725448204 -0.3121989424152254 -0.27140568859380476 -0.2809538562505596 -0.3003154640522867 -0.3163252398133043 -0.3230457028886873 -0.3236422559638221 -0.32134287550888097 -0.32107430589329233 -0.3274271883309865 -0.33683013097698566 -0.34556343530185263 -0.3550006580370626 -0.36324834675140494 -0.3676720750230089 -0.3699514432286968 -0.37122025868429454 -0.36587314956842487 -0.36705945512308613 -0.38345822037786625 -0.37879644718339645 -0.37639025463619813 -0.37406930192332943 -0.360956014758127 -0.3364648626531501 -0.3083859386073087 -0.281591732301516 -0.257397548747897 -0.23343841017256928 -0.21234851641679509 -0.19248780590168746 -0.17099289678592378 -0.15478868621416986 -0.1421460767934084 -0.12572234914279612 -0.11028387137181905 -0.09310727518213469 -0.08029547638302414 -0.07458767166567704 -0.06235604145497575 -0.05630739444510091 -0.06083332960226073 -0.06804998984343769 -0.07835060113037873 -0.0899426215540462 -0.09546983251271879 -0.10610600622324462 -0.12253668888975255 -0.12881498509588152 -0.1398279293961382 -0.14987028547856784 -0.15897431929905004 -0.17010869724146538 -0.18015158936012288 -0.19015793340089093 -0.20410076476560413 -0.21116233854090094 -0.22154626706547909 -0.22743115183420315 -0.23754586975737801 -0.2487575803616906 -0.24884158585296223 -0.2580922875846472 -0.2645614211259826 -0.27139645034257853 -0.27931080509651096 -0.293463470795996 -0.30258225331928745 -0.3111629955396902 -0.32216363742528653 -0.33263415610022484 -0.3432212674307218 -0.348569331736857 -0.352966810840333 -0.3670476108117695 -0.38136487628758964 -0.38937552406095755 -0.40108612010401234 -0.4062323881135921 -0.4153268930338454 -0.4231110209608051 -0.43622918764966734 -0.4511516184351052 -0.4642984571253539 -0.4678721011182043 -0.4776069941633425 -0.4846939060361999 -0.49450866990921494 -0.5173035044805658 -0.5308894273808438 -0.5329848249782687 -0.5337052758901297 -0.534839934094884 -0.5345429283309429 -0.5354005870920568 -0.5375226514245544 -0.5401087185114122 -0.542903648756706 -0.5457880071931465 -0.5626167337261965 -0.5910700785804686 -0.6108472252349113 -0.6288167861309804 -0.643075338362511 -0.6578548622071141 -0.668787871838318 -0.6770906327451369 -0.6800675528979214 -0.6840288653080631 -0.6890073528583462 -0.6927006657363766 -0.6944516584166509 -0.694736489377183 -0.6974761701001482 -0.697781777181155 -0.6979033240511114 -0.6964026197323783 -0.6957606227936592 -0.6966633634747623 -0.69876733821215 -0.6999395788771796 -0.7023944887515086 -0.7045690601243484 -0.7062711374393125 
# Gas [C/H]:
-5.218485947384705 -6.812943270487043 -6.150430994268643 -4.048403720849901 -2.982534600525657 -2.3282779346346834 -1.9672970559357967 -1.6621333319775662 -1.1103116469268963 -0.6046207937060419 -0.21427276305145204 -0.00011194090243549226 0.07559454388975428 0.0951879671204594 0.10210961660419482 0.10920562099465014 0.12237439908382397 0.14054076879522226 0.15908862791629197 0.17840864891754382 0.19810102725977874 0.21699295960078802 0.23417937296712932 0.24981518032461292 0.274192510626988 0.3257808286330972 0.39574917848423974 0.4612818908700178 0.5170833935259616 0.5645880889572887 0.6054299980127871 0.6409237420450533 0.6721992911320793 0.7019299914173072 0.7362754776043294 0.7763271972878414 0.8154752887207217 0.8513919850332874 0.8839150388970709 0.9136399021687325 0.9405811157784192 0.965447879834135 0.9883353367901049 1.009569652759326 1.02948309848562 1.0477895076186075 1.064970071099557 1.0813420089972654 1.096738637139615 1.1113175261416268 1.1245912392432107 1.1355563043014567 1.1429817737092973 1.1491407733075367 1.1545277782142658 1.1596528541873883 1.1649719972501584 1.1696961287700747 1.1743150093226302 1.1790883803786794 1.1834561292161547 1.1876926888025876 1.1920587683507748 1.1961765216755764 1.200009963834428 1.202817146191527 1.2026385968398494 1.1999293417370476 1.197166050627923 1.1933648155277208 1.1896643343087314 1.1858597616454079 1.181665157346829 1.1782586527297276 1.1756394667747259 1.1715488031147423 1.167404862193294 1.1661399156964807 1.1647180664032462 1.156147693494503 1.150783966049517 1.1478181363188522 1.1448298561083674 1.1416328250795087 1.1381178742974942 1.1341051294166733 1.130099236597117 1.1263663306572451 1.1227375893940268 1.1199545772399975 1.1163593557673135 1.1114515267211993 1.1081256599918765 1.1045558596710814 1.1010893693319184 1.0979577821184199 1.0947890744061843 1.0912409381365027 1.0874607108619947 1.08388560894937 1.0808268191282724 1.0790905462679001 1.0776679936572515 1.0764242743788506 1.075174262453439 1.0738173872823258 1.072338031040224 1.0708642844354883 1.0694149024564141 1.0668212856043513 1.0541154815978429 1.0289960212447649 1.0037224152424264 0.9793644429889343 0.9568227689845434 0.9278582766803889 0.9022420185686997 0.8789654589671283 0.8714313508230611 0.8572013259706459 0.8376173837079066 0.8211924198549063 0.8111667393221316 0.8067953749833308 0.7891755099403075 0.7709400466570835 0.7388992818469458 0.712577187826672 0.6906438337286462 0.6712952665536149 0.653559682204349 0.6390893929703831 0.6249429196775549 0.6125460411850367 0.6015702359167414 
# Gas [O/H]:
-5.218485947384705 -6.812943270487043 -5.00046511389615 -2.8619437340762666 -2.0104951007168337 -1.7017486073326147 -1.4860400118739197 -1.34369809557385 -1.0659229383073452 -0.7079077066468491 -0.38280036183404853 -0.20809481193604018 -0.15856747490114032 -0.1590463485474638 -0.17289407989298944 -0.1882625116328267 -0.2015643068701034 -0.21220294017258245 -0.22143200809599994 -0.2309693003383364 -0.2417242754754847 -0.25271676925926423 -0.26323508788083805 -0.2739583759367408 -0.2838518742500251 -0.29193108955004066 -0.2983477016387943 -0.304894426681682 -0.3109824754511932 -0.3164632999885484 -0.32380707720730006 -0.3286833657333754 -0.32837407149037645 -0.33515167713232463 -0.3386708110606569 -0.3378216948900148 -0.33681055682830907 -0.337080860482291 -0.33559265648455217 -0.3335851544110233 -0.3333397546956234 -0.33128484637627365 -0.3308569163888544 -0.32976965536445446 -0.3285169034241959 -0.32802413945743947 -0.32663030575894236 -0.3263541633342668 -0.324780168651456 -0.32454769094411073 -0.32392413807194664 -0.32158891963733094 -0.32361915012548215 -0.32243142369606126 -0.32459507337024096 -0.32628401558692577 -0.32187566514458954 -0.32509481731752343 -0.3267009195377213 -0.3168139406553889 -0.32070376562899394 -0.3348359493797246 -0.32762187170026413 -0.32641160283009363 -0.3310713190996828 -0.3307321332618356 -0.3243399906403148 -0.3289138149905857 -0.3357236380159261 -0.3356536225932243 -0.3332117976553013 -0.3376249928058046 -0.34490226055436324 -0.3451324799065536 -0.34030939258457726 -0.34345912647812815 -0.34833907565652167 -0.35037876181035754 -0.3512072742383787 -0.35188782964659593 -0.35667924888951275 -0.3617855220283124 -0.3650543548039087 -0.36010104228449746 -0.356063828878991 -0.36029656032398627 -0.36817940229213475 -0.37429860020689354 -0.3741909507931638 -0.3662852998649728 -0.3659470582230364 -0.3700088869040954 -0.36502899661628696 -0.3722654767438347 -0.3991719323067935 -0.3831984068983858 -0.3762831709213401 -0.3779202112799265 -0.3827268528959733 -0.3889396818664097 -0.3956220725080417 -0.3958853625156178 -0.3924113913061884 -0.38958563491106846 -0.38914274654197634 -0.38977862472699876 -0.39067144475882865 -0.3922927308328781 -0.3937825714713341 -0.3941455826437572 -0.39866161084293195 -0.40850671440798925 -0.4170990712947136 -0.42558145562095717 -0.4321147105235408 -0.4405580508244591 -0.4478901681090388 -0.45417591662054013 -0.4566480894378473 -0.4599067859798178 -0.4648780463381157 -0.4678397783540884 -0.46958761832585383 -0.46967055512925926 -0.4727390352197469 -0.47370773141392863 -0.47524634474781324 -0.47522858965072734 -0.47595053646959284 -0.4779263428735705 -0.480715358546405 -0.48239825364672884 -0.4853485010204248 -0.48790281514970957 -0.4900202585843525 
# Gas [N/O]:
0.0 0.0 -1.635696127737241 -1.8165634962333232 -1.5795950209656473 -0.9180653999715536 -0.24581859199110112 0.3531331283225253 0.7301057675099994 0.9447079623832267 1.052450358795336 1.0976167963885926 1.1155618175845388 1.1291754203928492 1.1479462355765329 1.1733437427786515 1.2102863987814472 1.2545431382440375 1.2954962703168018 1.3228672937375605 1.330206361616188 1.3268783290818087 1.3195977887018266 1.3118289346476115 1.2990692864815065 1.2697311612820892 1.2203782109351637 1.1590310167378777 1.0862832716541784 1.0007852182936954 0.9006112886439741 0.7691651148249058 0.5823893196363878 0.30796988354464505 -0.08720791446228027 -0.4554824154010835 -0.6943448193576591 -0.7784846469491333 -0.8050516827545058 -0.8617027746473795 -0.8486455985654695 -0.8488709066354179 -0.8537982189498268 -0.849586810275526 -0.8563618949874208 -0.8575350656185812 -0.8574602271076723 -0.861202411173795 -0.8625773117561584 -0.8608674369207381 -0.9266594946478766 -0.8258268343180126 -0.8510803537790625 -0.8348879006878192 -0.8056574815450215 -0.7984443970295754 -0.7944714563371948 -0.7729331057046962 -0.7565416426386384 -0.7544471320728539 -0.7416859801156286 -0.7144159681336899 -0.7089974707650353 -0.7178964104671364 -0.7014785606281562 -0.6689909771911804 -0.6783073229436252 -0.646122448338865 -0.6649407160339718 -0.6669619481553761 -0.6607453549283364 -0.6583509367786968 -0.6533336956695042 -0.6544741713465485 -0.6558105004890427 -0.6512771411698202 -0.6457738550380612 -0.6398685121291605 -0.6357286026371054 -0.6506506717469074 -0.65381308136976 -0.7396737514243596 -0.7211009210336776 -0.527813148516765 -0.5819853341548622 -0.592830806900162 -0.6098009251382455 -0.6242942858428782 -0.6215821574681215 -0.6097155335597311 -0.6160056809481562 -0.6048400113031258 -0.615036208292568 -0.6161407848485754 -0.5834818973707079 -0.6051506576103072 -0.6069803437457661 -0.5981248788903368 -0.5989342509030211 -0.603252608542294 -0.5982189617445421 -0.5874031910844275 -0.5904816566013853 -0.5876999696833805 -0.588207175392262 -0.591251532230088 -0.592369649160924 -0.5926730180234556 -0.5922264414451439 -0.5910855218140019 -0.5983214010111448 -0.6003363646883886 -0.6005626969782454 -0.5988453653394641 -0.5980256341438095 -0.5988433200588543 -0.601096937946014 -0.6042653470382207 -0.604796967016356 -0.6077285143931093 -0.6116017893637331 -0.6161753135009811 -0.619205988325032 -0.6211765908890967 -0.6272641262469281 -0.6360799228119047 -0.6530878989458637 -0.6688073105341221 -0.6813721829818216 -0.6907110505849943 -0.6984145156932702 -0.7048621261033454 -0.7091480678986499 -0.7141930929691915 -0.7177610881608258 
# Gas [N/H]:
-5.218485947384705 -6.812943270487043 -6.63616124163339 -4.67850723030959 -3.590090121682482 -2.619814007304168 -1.73185860386502 -0.9905649672513253 -0.3358171707973465 0.23680025573637709 0.6696499969612875 0.8895219844525522 0.9569943426833989 0.9701290718453852 0.9750521556835432 0.9850812311458252 1.0087220919113435 1.0423401980714555 1.0740642622208019 1.0918979933992237 1.0884820861407039 1.074161559822545 1.0563627008209888 1.0378705587108707 1.0152174122314812 0.9778000717320485 0.922030509296369 0.854136590056195 0.7753007962029854 0.6843219183051472 0.5768042114366736 0.4404817490915307 0.2540152481460116 -0.027181793587679692 -0.4258787255229368 -0.793304110291098 -1.0311553761859678 -1.115565507431425 -1.1406443392390582 -1.195287929058403 -1.1819853532610924 -1.1801557530116913 -1.1846551353386818 -1.1793564656399802 -1.1848787984116163 -1.1855592050760206 -1.1840905328666151 -1.1875565745080623 -1.1873574804076146 -1.1854151278648493 -1.250583632719823 -1.1474157539553431 -1.1746995039045451 -1.1573193243838809 -1.1302525549152618 -1.1247284126165011 -1.116347121481784 -1.0980279230222205 -1.08324256217636 -1.0712610727282428 -1.062389745744623 -1.0492519175134145 -1.0366193424652996 -1.04430801329723 -1.0325498797278394 -0.999723110453016 -1.0026473135839398 -0.9750362633294509 -1.0006643540498983 -1.0026155707486 -0.9939571525836381 -0.9959759295845005 -0.9982359562238683 -0.9996066512531021 -0.9961198930736206 -0.9947362676479488 -0.9941129306945831 -0.9902472739395183 -0.9869358768754832 -1.002538501393503 -1.0104923302592734 -1.1014592734526722 -1.0861552758375872 -0.8879141908012622 -0.9380491630338534 -0.9531273672241483 -0.9779803274303802 -0.9985928860497717 -0.995773108261286 -0.9760008334247035 -0.9819527391711933 -0.9748488982072212 -0.980065204908855 -0.9884062615924094 -0.9826538296775018 -0.9883490645086921 -0.9832635146671063 -0.9760450901702633 -0.9816611037989951 -0.9921922904087035 -0.9938410342525836 -0.9832885536000449 -0.9828930479075728 -0.9772856045944485 -0.9773499219342385 -0.981030156957087 -0.9830410939197529 -0.9849657488563341 -0.9860090129164787 -0.9852311044577595 -0.9969830118540761 -1.008843079096378 -1.0176617682729594 -1.0244268209604206 -1.030140344667351 -1.0394013708833132 -1.048987106055053 -1.0584412636587608 -1.061445056454203 -1.0676353003729275 -1.076479835701849 -1.0840150918550693 -1.0887936066508859 -1.0908471460183558 -1.1000031614666748 -1.1097876542258334 -1.1283342436936765 -1.14403590018485 -1.1573227194514137 -1.1686373934585648 -1.179129874239675 -1.1872603797500743 -1.1944965689190745 -1.2020959081189009 -1.2077813467451781 
# Gas [C/O]:
0.0 0.0 -1.1499658803724935 -1.186459986773635 -0.9720394998088226 -0.62652932730207 -0.48125704406187775 -0.3184352364037165 -0.04438870861955052 0.1032869129408073 0.16852759878259688 0.20798287103360463 0.23416201879089393 0.25423431566792337 0.27500369649718415 0.2974681326274765 0.3239387059539278 0.3527437089678048 0.3805206360122919 0.40937794925588056 0.4398253027352631 0.469709728860052 0.4974144608479666 0.523773556261353 0.5580443848770136 0.6177119181831381 0.6940968801230346 0.7661763175517001 0.8280658689771544 0.881051388945837 0.9292370752200874 0.9696071077784287 1.0005733626224558 1.0370816685496318 1.0749462886649859 1.114148892177856 1.1522858455490308 1.1884728455155784 1.2195076953816235 1.2472250565797558 1.2739208704740426 1.2967327262104087 1.3191922531789595 1.3393393081237805 1.358000001909816 1.375813647076047 1.3916003768584995 1.4076961723315324 1.421518805791071 1.4358652170857376 1.4485153773151576 1.4571452239387876 1.4666009238347797 1.4715721970035975 1.4791228515845067 1.4859368697743145 1.4868476623947477 1.4947909460875985 1.5010159288603513 1.495902321034068 1.5041598948451487 1.5225286381823124 1.519680640051039 1.5225881245056698 1.531081282934111 1.5335492794533623 1.526978587480164 1.5288431567276333 1.5328896886438488 1.529018438120945 1.522876131964033 1.5234847544512127 1.5265674179011928 1.5233911326362812 1.5159488593593033 1.515007929592871 1.5157439378498156 1.5165186775068382 1.5159253406416247 1.5080355231410991 1.5074632149390297 1.5096036583471644 1.5098842109122763 1.5017338673640064 1.494181703176486 1.4944016897406596 1.4982786388892513 1.500664930864139 1.496928540187191 1.4862398771049699 1.48230641399035 1.4814604136252945 1.4731546566081637 1.4768213364149163 1.5002613016387127 1.4811561890168052 1.4710722453275247 1.4691611494164294 1.4701875637579684 1.4728252908157795 1.4764488916363148 1.4749759087835175 1.4700793849634393 1.466009909289919 1.4643170089954154 1.4635960120093245 1.4630094757990526 1.4631570152683668 1.4631974739277487 1.4609668682481085 1.4527770924407748 1.4375027356527537 1.42082148653714 1.4049458986098908 1.3889374795080842 1.3684163275048482 1.350132186677739 1.3331413755876687 1.3280794402609084 1.317108111950464 1.3024954300460223 1.2890321982089943 1.2807543576479852 1.27646593011259 1.2619145451600537 1.2446477780710123 1.2141456265947588 1.1878057774773993 1.166594370198239 1.1492216094271852 1.1342750407507536 1.121487646617112 1.1102914206979793 1.1004488563347463 1.091590494501094 
# Gas [Ca/H]:
-5.218485947384705 -6.812943270487043 -5.505294630627331 -3.371313575611234 -2.457321615646384 -1.9992906614735189 -1.7015788417037578 -0.9657955766656716 -0.06239611888628804 0.5128743956024229 0.9133951151485009 1.1148099950955475 1.171866550010562 1.1715474626023399 1.156032473056258 1.1384768359477038 1.1223143158375173 1.1083588965086015 1.0953896348483658 1.0823836278350312 1.0709645031276276 1.0598835935530602 1.0496405870882999 1.039209157069183 1.0293559670620436 1.0209201586412373 1.0141577072680272 1.006772539915846 0.9994293640515917 0.993208265047917 0.9872102721963856 0.9814540276620152 0.9753586378820724 0.969420368196821 0.9659802218776106 0.9645324199578242 0.9620957661498188 0.959994127830659 0.9614427479229954 0.9585055772460542 0.9484761108365678 0.9511513928499422 0.9518462491813233 0.9504684590885786 0.9474578283817916 0.9463538003961123 0.9457629639149872 0.9431492111394508 0.9425027377338226 0.9405336051064443 0.9386502192302721 0.9399864220540275 0.9365629116851446 0.9371116920581226 0.934297933733439 0.9320787208477768 0.9356173298195731 0.9304138963254376 0.9281272963652167 0.9331609882241665 0.9287187276475217 0.9254682765756783 0.9289815522376461 0.9274722317322635 0.9213594111586385 0.9220787903009118 0.9262821465034703 0.9195917961012423 0.9131992334342556 0.9137950910666692 0.9166417477001634 0.9110380464405923 0.9026744437517422 0.9016523912189269 0.9078838172872361 0.9063257943433811 0.8999603717270963 0.896649642908856 0.8964580083923304 0.8963978087407778 0.8907596357467007 0.8843518416586758 0.8804302113508156 0.8855826104450513 0.8902953742375272 0.8860190562433479 0.878373829867745 0.8695964773470699 0.869992066155354 0.8807075779512932 0.8814245784391739 0.8752814374275912 0.8679029427148999 0.8603735994359454 0.858244678127833 0.8676778340191964 0.8718791192376951 0.8680789573006882 0.861252855682233 0.8529145481591316 0.8448775382652771 0.8459146237595965 0.8512940492734788 0.8548012691755975 0.8554047758680507 0.8545430682367741 0.8530894861557794 0.8511167498500312 0.849125249338103 0.8487937058475525 0.8436681512954891 0.8329098889096418 0.8247241889973562 0.8169224885896886 0.8112647328475866 0.805281287743357 0.8004749299914815 0.7968404319784668 0.7952264304534831 0.7938355423865966 0.7912508697764258 0.7905710285824732 0.7902157139870631 0.7905467618569215 0.790234100092869 0.7921667041667755 0.7956803182248411 0.7997578801364718 0.8020989420865536 0.8026374102982574 0.8015580568194149 0.8014468424214201 0.7997484271195683 0.7983029813578337 0.7971348507865592 
# Gas [Ne/H]:
-5.218485947384705 -6.812943270487043 -5.121583772782246 -2.98204716529818 -2.0932560010815866 -1.711189995133318 -1.5265966958285224 -1.4230696657044195 -1.3201372460647702 -1.1921839441082849 -1.0679217754704604 -1.0093683394739017 -1.0223067993150616 -1.0452484363574284 -1.0666511833860142 -1.08107993954932 -1.093604167089346 -1.102275462504048 -1.108266573356575 -1.118035572737056 -1.1271117085570568 -1.1356523007271369 -1.1457076150993384 -1.155281714644934 -1.1630021023965362 -1.1683864232685197 -1.1745043032511777 -1.1802629039579964 -1.1811282057810928 -1.1830970437782113 -1.1821419843292462 -1.1855888785248148 -1.191881519780301 -1.1917723292086677 -1.180754706281526 -1.168214447695041 -1.1449844849277238 -1.1248336838311737 -1.1073919321739893 -1.0854866183061915 -1.0655574130798335 -1.0550175407503666 -1.0468694800816953 -1.0293487903676022 -1.0083276979861386 -0.9948047004845719 -0.9953347696693742 -0.9809172416541223 -0.9672421311302628 -0.9571275119304365 -0.9471273521697103 -0.9373520910508724 -0.9318348261739047 -0.928866936359726 -0.9224036211500675 -0.9098758556001121 -0.9157631113241047 -0.9158295289898835 -0.8803661534653742 -0.8753768171667655 -0.9397433420617052 -0.9144506664948171 -0.8967538684847822 -0.8902554441191901 -0.9099359937515326 -0.907495193040905 -0.8568416137661039 -0.8774491184748081 -0.8942411517882674 -0.8996277963467438 -0.8973062742172928 -0.9101862417355466 -0.9290047209415704 -0.9314998419408296 -0.9300625232148665 -0.9379775492623237 -0.9440637401579846 -0.9498838030660766 -0.9513175221094237 -0.965851748864039 -0.9723568552974662 -0.9796541595601509 -0.9841787760736525 -0.9815569631036434 -0.9932019471244642 -1.0134993694975059 -0.9993834787678075 -1.0284777797223281 -1.0284934202724267 -1.0281722620346274 -1.0300309488696433 -1.037142987634077 -1.0495838985227408 -1.0615240228520504 -1.0679770325622915 -1.0742012801974807 -1.0801760607581512 -1.0828639386696004 -1.0783836112536855 -1.0875389780681042 -1.1064557827113024 -1.1172191943598975 -1.1012087778906912 -1.0906827024456511 -1.1097586335166119 -1.1155664271397 -1.1178604720482488 -1.1223852995584354 -1.1257267040378158 -1.1300916550742004 -1.1497998436547414 -1.182159279198678 -1.2067631521418356 -1.2276610693216492 -1.2468850877195399 -1.2670721556834428 -1.2820748342068349 -1.291706124987189 -1.2962043604886642 -1.3025745485212834 -1.3103855620963678 -1.315651069918255 -1.3186277177259047 -1.319421036255707 -1.3238706023593174 -1.3266121230729837 -1.3296741169947843 -1.3309326619069566 -1.3323757947498418 -1.3348299136168116 -1.3379601880430148 -1.3397565013419994 -1.3427901574945658 -1.3453327682707448 -1.3474619984130722 
# Gas [Si/H]:
-5.218485947384705 -6.812943270487043 -5.208384086141567 -3.0688318630195583 -2.161794574151041 -1.7164796758527539 -1.428565984852738 -0.9251256836182531 -0.11457002235475322 0.4475184531330232 0.8446420368890131 1.0450297243242739 1.1017644685630086 1.1013438785440988 1.0858721153133546 1.0683212114780871 1.0521681193767005 1.0378697193471629 1.0249215593106973 1.0128489848014022 1.0010721773266962 0.9898824233997479 0.979558971663232 0.9690613746540158 0.9592801706955427 0.9508831888687053 0.9438544824759938 0.9365427339586732 0.9295613340593931 0.9231355300665665 0.9171281126458517 0.9113322829054495 0.9054649431150503 0.8994341955406702 0.8951102188828344 0.893823054242171 0.8922234574454939 0.8889047799012042 0.8875254021380417 0.8868518249652562 0.8841784492950757 0.8836477620529775 0.8814671818150419 0.8804120423884054 0.8791190730679892 0.8760722198744744 0.875742345668058 0.8737607797067075 0.8728665625003362 0.8708642618967426 0.8690752921330018 0.8703193040709523 0.8668938240457353 0.8674577242008006 0.8644126269159318 0.862015790579993 0.8657521956065852 0.8608124858771911 0.8584940874141447 0.8634093740259581 0.8587309010892685 0.855228403973264 0.8587717899513589 0.8573175248969012 0.8514759553612965 0.8517140055661065 0.8557323584744392 0.8500099392573452 0.8430716493070931 0.8439289121824771 0.8470915477991654 0.841115284131507 0.8327788037966131 0.8328632153535009 0.8391810710737873 0.8350581672788548 0.8289412805200196 0.826157447150774 0.826270576048973 0.8262655124589684 0.8206727886337606 0.8140320329833322 0.8102327016025916 0.8193230966556464 0.8236885158178548 0.8119675993744684 0.8063934709918423 0.7987824751644297 0.7999647371054035 0.8104680484095783 0.8109867900648862 0.8050096611275728 0.7968801709851396 0.789138301011937 0.7890542061021177 0.7982482596419218 0.8021534169669482 0.798117013665335 0.7911880377555129 0.7818443450741057 0.7739794527590123 0.776256413534373 0.7811694854285971 0.784101614776318 0.7848971825079429 0.7842803323795704 0.7828563658546179 0.7809562423644572 0.7789673930437044 0.7786896094247457 0.7735445539804058 0.7626865187498688 0.7545748337732245 0.7467636278189054 0.7409673360394464 0.7350793691692248 0.7303273276646292 0.7266784411418663 0.7250678241667341 0.7236326117542173 0.7210736894579681 0.7203991157491472 0.7200326801656272 0.7203741325248298 0.7200744026487991 0.7219916339972836 0.7254855856595106 0.7295735543422399 0.7319166567280062 0.7324541163403215 0.7313729257418 0.7312609486995605 0.7295718046642281 0.7281162537242096 0.7269518586537367 
# Gas [S/H]:
-5.218485947384704 -6.812943270487044 -5.281768018653129 -3.1425737870026316 -2.2238900738265377 -1.7602441139382856 -1.4740439927851803 -0.9493453989335237 -0.12686560030961402 0.4370976310244732 0.8346342340059847 1.0352202450383734 1.0920219442298302 1.0916337077152738 1.07617553548461 1.0586273526483292 1.0424850356614406 1.0282060709809775 1.0152619780280752 1.00311639481875 0.9912932216694892 0.9801334318238935 0.9699099130166231 0.959428416816885 0.9496179064473007 0.9411356938619249 0.9340967297281946 0.9269777789534839 0.9199700621316729 0.913818968502786 0.908112173233659 0.9015525760160856 0.8952090810157003 0.8894971095940871 0.8854005925251665 0.884073417337254 0.8824972068423547 0.8793259225281078 0.8779216515310599 0.8771084019677362 0.8743872241424206 0.8735245454961289 0.8716886740458607 0.8706524791116683 0.8696373600529341 0.8662032940816982 0.865597118044585 0.8637120766202582 0.8630327280879841 0.8610947150364492 0.8590651812523644 0.8603355245255395 0.8570051842709541 0.8575900263262843 0.8545572774914092 0.8522588778465625 0.8558807333181715 0.850475708587104 0.8483502141959223 0.8542702352583733 0.8490098247331828 0.8454545700887683 0.8492902471336965 0.8477089002105869 0.8421089132951884 0.8422391966113167 0.846309635792279 0.8402847296707003 0.8333969808621413 0.834441871211351 0.837531204219367 0.8314818605421754 0.8233394019467788 0.8233573426301479 0.8296447863107668 0.8255214375647313 0.8194032718236111 0.8166381204580135 0.8168028168460415 0.8168188337387994 0.81118810992856 0.8044673585154474 0.8006071988439327 0.8062765854124025 0.8108477398507254 0.8065930354987518 0.7989250187411265 0.7903201231353263 0.7906763906979499 0.800742916130659 0.8006016921175458 0.7950239200273153 0.787795558477872 0.7800712956348539 0.7803926314591036 0.7891512646669732 0.7927220843354279 0.7887161669159433 0.7818090001029523 0.7737245920003772 0.7656990463940057 0.7665325864579593 0.7713683116067775 0.7739498437937398 0.774302457570597 0.7740405739736751 0.7731349922282025 0.7713601546739426 0.7694091056311736 0.7691577668824463 0.7640828509481787 0.753262975740383 0.7451531237220861 0.7373662256589641 0.731581781368388 0.7257033161977589 0.720950921755148 0.7173169900822582 0.7156967879865688 0.7142775544092403 0.711746820639676 0.7110397997416111 0.7106730786888056 0.7110142744782015 0.7106937681425212 0.7126286755172222 0.71613819425842 0.7202200124430114 0.7225479805944097 0.7230842348767519 0.7220040988323104 0.7218920342689046 0.7202056856651655 0.7187515591047546 0.7175835470067504 
# Stellar mass-weighted [Mg/H]:
0 -5.218485947384705 -6.549412401695191 -5.390316498610774 -3.8345173771374483 -3.3348678052856684 -3.1728945896025245 -3.1199787312127834 -3.1079864009743696 -3.1042674634277523 -3.102238445676229 -3.100325381196849 -3.098498820099321 -3.0967662209454083 -3.095133515801896 -3.0935813924844666 -3.092081848319883 -3.0905906662665874 -3.0890947897454417 -3.0875951414895786 -3.0861160603181785 -3.0846947037569894 -3.083343316754849 -3.0820478631409385 -3.080805717898941 -3.0796127659359245 -3.078458913252102 -3.0773315421643117 -3.076225050426096 -3.075113238746934 -3.074032957280391 -3.073036814837126 -3.0720309637706054 -3.0710306627127233 -3.070038965931512 -3.0690293478658317 -3.0679695271601775 -3.0668384935993585 -3.065644725056668 -3.064412736179089 -3.063135709006894 -3.061815585950974 -3.060465494699155 -3.0590730119260288 -3.0576584566264584 -3.0562410216046185 -3.054794976257819 -3.053326858822743 -3.0518273326399 -3.0503162527873533 -3.0488250172927156 -3.0473217673876505 -3.0458437625165375 -3.044420626073588 -3.0430670568374367 -3.0417790995661314 -3.0405641821018206 -3.0394028292577495 -3.0382796132800234 -3.037239991126434 -3.03625011083031 -3.035284519366198 -3.0343617462794112 -3.03349958867363 -3.0326617234500786 -3.031837603205381 -3.031081413592017 -3.030371287299565 -3.0296552357312887 -3.028957674203803 -3.028311594237464 -3.0276863658145112 -3.027062914636468 -3.0264286425249924 -3.0258563306892574 -3.0253041664381595 -3.024743792692563 -3.0241835961518664 -3.0236790377374643 -3.0232015094065945 -3.0227314890298222 -3.0222530725304155 -3.021788768361552 -3.0213562726762975 -3.020959024575969 -3.020561585146126 -3.0201695704676137 -3.019775765909163 -3.0193979672372047 -3.019061101908667 -3.018747801541023 -3.0184288529158945 -3.018101187560325 -3.017775327147403 -3.0174711299535932 -3.017197819693844 -3.016947883532252 -3.0166989028819353 -3.016440361960286 -3.0161770501552967 -3.015930902200588 -3.016136478639889 -3.0163011542169267 -3.0164462150113724 -3.0165642325579727 -3.0166593622710884 -3.0167439375032936 -3.016820930340531 -3.0168921192755302 -3.017064921227501 -3.0176677406954333 -3.0183605304222114 -3.018738286857948 -3.018960192477505 -3.0191485186228384 -3.019289456937588 -3.0193250563163616 -3.0193327803295924 -3.019280861853746 -3.0193184823756667 -3.0192413908225504 -3.01917243019407 -3.0191375190453043 -3.0191470903334787 -3.018959049845173 -3.018857049052146 -3.0184924312182364 -3.0182064562131075 -3.017992109911325 -3.017780183801876 -3.01735674576957 -3.0172271732325893 -3.0168796932463415 -3.0167149447767247 -3.016465523952654 
# Stellar mass-weighted [C/H]:
0 -5.218485947384705 -6.549412401695191 -6.2448892335992525 -4.793867346675375 -4.164093167875195 -3.8731145481175444 -3.768753306444423 -3.727972127930882 -3.688016241374511 -3.6541861979981407 -3.625865127482193 -3.6014231889020216 -3.579890201882674 -3.5605793415034315 -3.542867313750919 -3.52631397628939 -3.510474619317389 -3.4950839675201895 -3.4801070078292122 -3.465462740417321 -3.451078911248821 -3.436956409328036 -3.4231375585373156 -3.4096139815811624 -3.395998444043996 -3.3812061748145013 -3.3645136263218847 -3.346139122564564 -3.3265762832015815 -3.3062600643441815 -3.2855273517386436 -3.2646298757073433 -3.243743659635978 -3.2228846160769917 -3.2018217870307923 -3.1803765840063765 -3.158588937696699 -3.1365621865175113 -3.1146213888796437 -3.092908576177 -3.07141596562884 -3.050351456196074 -3.0296593173611006 -3.009428388054996 -2.989679625595003 -2.9703900006301334 -2.9516424460112356 -2.9333411796659545 -2.915555846389961 -2.8982037506636873 -2.8813370307815367 -2.865164758462271 -2.8495387226626896 -2.8346526273417885 -2.8202912943976717 -2.8064588962054735 -2.793328924130779 -2.7805000824284383 -2.7681046508780724 -2.7563398433420048 -2.744800847795112 -2.7335624860843133 -2.7228487020137093 -2.7124183537155604 -2.7020760040478935 -2.6922316819029977 -2.68287819009971 -2.6738515660668956 -2.6649972665133346 -2.656705891255192 -2.648808361405097 -2.6411456392049493 -2.6335826355956753 -2.626443065068833 -2.6196692107615176 -2.6131156092046712 -2.6066478397265387 -2.6003973945149736 -2.594319671353814 -2.5886271149144706 -2.5830002017407265 -2.5774838809191447 -2.5720664759463503 -2.5670025803903576 -2.5621424254924117 -2.557401778880106 -2.552646199370632 -2.547961750033367 -2.5434390745488544 -2.539264672230302 -2.5351704623518545 -2.5311558272248638 -2.5271098537108 -2.523116029555254 -2.5192311111019015 -2.5156377032466892 -2.5121487168179533 -2.508722498407854 -2.505274435008718 -2.5018555335348847 -2.503945694970377 -2.5053400517325164 -2.5064738206275115 -2.507457426878352 -2.508334128452373 -2.5091276546014942 -2.5098538645696973 -2.5105251416122627 -2.5117821537653215 -2.5164506153317054 -2.5219114338943713 -2.5251234138781493 -2.5271664745943205 -2.528633526347126 -2.5301354584906344 -2.5310412727415743 -2.531631375660263 -2.531694863090128 -2.5319964762965403 -2.5321334906800645 -2.5322910458187655 -2.5322854526619514 -2.5323698472421547 -2.5321567705862558 -2.5321405719681502 -2.531523766961226 -2.5309231886532855 -2.530463735866375 -2.529853676101572 -2.5287615160569894 -2.5284693436044083 -2.5274919569916765 -2.5269853518489853 -2.5263501834721156 
# Stellar mass-weighted [N/H]:
0 -5.218485947384705 -6.549412401695191 -6.598954370674685 -5.412481893755512 -4.773669747754893 -4.284268097253175 -3.8966503605887546 -3.6294491790087475 -3.442636905949355 -3.308832238462137 -3.2094304639799534 -3.135875389171078 -3.079432832796436 -3.033504551552511 -2.9940501563571447 -2.958671627694682 -2.9253268013801215 -2.8929584422677044 -2.8617302359779435 -2.8326669061064864 -2.8069489604153492 -2.784537893170018 -2.764933550576772 -2.7475887494239837 -2.7323374831257405 -2.7195008920341524 -2.7092568117024953 -2.7012992251626073 -2.695313794820022 -2.6910178021725972 -2.6881743346839793 -2.6866236456043433 -2.686213967756969 -2.6867426001898878 -2.687767599444114 -2.6888105954822326 -2.6897363000261247 -2.690540096423878 -2.691245298374061 -2.6918749292807505 -2.6924331960895183 -2.6929310914311415 -2.6933820335124175 -2.6937885202470486 -2.6941576926754394 -2.6944967928387857 -2.694802795593687 -2.695086354050474 -2.6953433184524034 -2.6955788163859946 -2.6958116758889954 -2.696003634985172 -2.69619090631028 -2.696356744615678 -2.6965024262654618 -2.696646882018425 -2.6967697348949704 -2.696878911956337 -2.6969881632605874 -2.697079058637165 -2.6971567719948695 -2.6972340647053175 -2.6973029034398843 -2.6973574867150942 -2.6974056011782244 -2.6974555799729494 -2.69749536186257 -2.697514943537092 -2.6975417720393766 -2.697577196041938 -2.6975983571302162 -2.6976039362028645 -2.697611984689276 -2.697633845676604 -2.6976471660569556 -2.6976440828758417 -2.6976353665418076 -2.697636666106197 -2.69764193499598 -2.6976397623253074 -2.6976259389365023 -2.6976219885128705 -2.697623640335749 -2.6975955689378566 -2.697575975008993 -2.6975501648493045 -2.69751593525124 -2.69748773607356 -2.697475400601488 -2.697460061792298 -2.697439863543045 -2.6974081979919315 -2.697366236812087 -2.697326931189644 -2.6972998120246148 -2.6972815329756568 -2.697258917459008 -2.6972262175437836 -2.6971843414106047 -2.697135633441614 -2.6971607880912503 -2.6971943426193112 -2.697228932441476 -2.6972559582972284 -2.697273662291024 -2.6972828096931485 -2.6972839326457976 -2.6972789820246774 -2.697305582584007 -2.6973513662373403 -2.697210821931648 -2.6969590406968056 -2.6965695174252353 -2.696219303974371 -2.6956919240560415 -2.6950786522285473 -2.694478419666461 -2.69421845139367 -2.6938865347664205 -2.693239978713957 -2.692741814789737 -2.6922897597684203 -2.6921779285389666 -2.6912931525101005 -2.6906179677867943 -2.6887926704605896 -2.687359825145883 -2.6861620200140823 -2.6849932295889793 -2.6836071802554313 -2.6826212496929083 -2.6815424121514653 -2.680396205986657 -2.6796210991190055 
# Stellar mass-weighted [Ca/H]:
0 -5.218485947384705 -6.549412401695191 -5.661729036095396 -4.11934995057706 -3.6036331499326906 -3.420093161059537 -3.354634132644337 -3.2598150694746657 -3.098230622750787 -2.9801103078145967 -2.897606830521001 -2.8372979773536446 -2.790871246903224 -2.7535946137600327 -2.7226908636900653 -2.696432997162665 -2.6736973384049243 -2.653692534902518 -2.6358993581365766 -2.6199579349480917 -2.6054911182047498 -2.592284137754767 -2.5801493539634546 -2.5689403190258684 -2.5585421879456387 -2.548856498155299 -2.5397863436437547 -2.531274199310822 -2.5232691881875855 -2.515705855164848 -2.5085466193857204 -2.501750510721152 -2.4952905184717302 -2.4891340276251785 -2.483245013787215 -2.4776199425159984 -2.4722419564352585 -2.4670629908607964 -2.462046893901812 -2.4572629146798644 -2.4527723426677213 -2.448375527135603 -2.4440927070434117 -2.43996008771164 -2.4359888516936525 -2.4321311333322218 -2.428389969866462 -2.4247725106465516 -2.421256465928728 -2.4178403155600723 -2.4145291327538594 -2.411302994444613 -2.4081685669258217 -2.405113264838297 -2.4021350544641003 -2.3992421201892196 -2.3964106036310007 -2.393650754922202 -2.390968853644466 -2.3883362468001703 -2.385759153769591 -2.383247950257406 -2.380794052345525 -2.378384780421369 -2.3760169731339236 -2.3737312387570366 -2.371469751831201 -2.3692713281930367 -2.367102611044835 -2.3650101161685004 -2.3629328206398625 -2.360896792893115 -2.3588913610636837 -2.3569644640751477 -2.355049222947809 -2.3531541607917497 -2.3512791184270867 -2.3494688687994305 -2.3476839502345364 -2.3459368975945534 -2.344194336846396 -2.3424911489971 -2.340814561849916 -2.3391896617995265 -2.337570944045405 -2.335983452988497 -2.334395320155898 -2.332849640023107 -2.331332426603078 -2.329851607888859 -2.3283727796791815 -2.3269206861565985 -2.3254660137591525 -2.3240425255879993 -2.3226498200110557 -2.3212958194651527 -2.319943325474294 -2.318611762417598 -2.3172781121638764 -2.315967983049249 -2.31676272759192 -2.3173017192072285 -2.3177433919641874 -2.3181229775871692 -2.3184560784908372 -2.3187528220931126 -2.3190197340848604 -2.319263252086613 -2.3197432041610284 -2.3214807593431743 -2.323387396092473 -2.3244004538587157 -2.3249035622077106 -2.3252223108258905 -2.3254404413216276 -2.32538791924188 -2.3252343384627716 -2.3251039111645753 -2.325001480956507 -2.324651362195782 -2.324401626242497 -2.3241283405870474 -2.3240880278815554 -2.323470533857269 -2.323038804756105 -2.3216956958432275 -2.3205925138480827 -2.319684256236494 -2.3187419532424745 -2.3174954456826287 -2.3167734491058747 -2.315760985952177 -2.314862219641321 -2.314157778095357 
# Stellar mass-weighted [Ne/H]:
0 -5.218485947384705 -6.549412401695191 -5.289608792691293 -3.7304969963931196 -3.2327876453308733 -3.080465544583875 -3.04068182036536 -3.0344531293348354 -3.035655318707075 -3.0378330061812635 -3.0396236111754495 -3.0409431967381515 -3.041916369597886 -3.0426316622925738 -3.0431660638213325 -3.0435676707609653 -3.043871979170322 -3.044101871250624 -3.044274145847683 -3.04440705057148 -3.0445074205941243 -3.0445836043467764 -3.0446363722809524 -3.0446693379886236 -3.0446885807924016 -3.044700547974352 -3.0447003686478373 -3.044689805691391 -3.044668092993062 -3.044642781857614 -3.044610417619486 -3.0445714522717315 -3.044527486505758 -3.044478437120622 -3.044427287520108 -3.0443704848351025 -3.044292235487644 -3.044202804262196 -3.044112385817752 -3.0440108300797286 -3.0438978399533667 -3.0437812016034727 -3.043665432236705 -3.0435379620956207 -3.043402794911797 -3.0432643194789044 -3.043126858657497 -3.042986039349711 -3.0428361004026456 -3.042684334565564 -3.0425352667600674 -3.042380517931483 -3.0422266424901325 -3.042069532780971 -3.041911613738484 -3.0417549076438553 -3.041603872892348 -3.0414467887703633 -3.041279559093244 -3.0411171862383046 -3.0409827260741604 -3.0408380315554027 -3.040696816149211 -3.0405385626450485 -3.040388743451566 -3.0402624341520443 -3.040104029750575 -3.0399410625426357 -3.0397931364383552 -3.039673788019317 -3.0395425279989183 -3.03939650391764 -3.039265403996513 -3.0391650664110355 -3.0390588414378934 -3.0389319034836575 -3.038801072311027 -3.0386985794940102 -3.0386086506661547 -3.0385097003515025 -3.0383923902970826 -3.0382782015613046 -3.038187594455458 -3.038111281699683 -3.0380271978179794 -3.037932576637643 -3.0378204671534492 -3.037733148988332 -3.037670948020404 -3.037610454672377 -3.03753234997121 -3.0374405026300204 -3.037348432802715 -3.0372699868770967 -3.0372127020444353 -3.0371664715672573 -3.037108661011022 -3.037034929557702 -3.0369529635838974 -3.036873045416555 -3.0369284766868505 -3.0369886749376214 -3.0370460459853534 -3.037083278248904 -3.0371030479936474 -3.037118959977687 -3.0371332822850876 -3.037147111673142 -3.037217529420068 -3.0374184747002975 -3.037645649259056 -3.0377567176528997 -3.037838418592714 -3.0379425266858355 -3.038004387717474 -3.038024825708045 -3.03804673336682 -3.038012407388985 -3.0380686688973677 -3.038053967832777 -3.0380188249301865 -3.038040905256814 -3.0380540042601876 -3.037981290559583 -3.0379552242544854 -3.037844154676921 -3.0377766274383653 -3.037741880767337 -3.0377198811199975 -3.0375484034306304 -3.0375627698839383 -3.0374213684719953 -3.0374395722467513 -3.0373328454459196 
# Stellar mass-weighted [Si/H]:
0 -5.218485947384705 -6.549412401695191 -5.37458205647169 -3.8172374742150605 -3.306339557367977 -3.1285154644038817 -3.0663030614712268 -3.0164750118530055 -2.9308864691650625 -2.859780369833339 -2.8056645979503605 -2.7638558311702512 -2.730426785949997 -2.7028357531648286 -2.67947042807429 -2.659284465732717 -2.641566924084355 -2.6258170715316753 -2.6116694991510423 -2.5988500904037046 -2.587150804949448 -2.57640587313597 -2.566478452219666 -2.55726245544819 -2.5486711913684594 -2.540634837833726 -2.533086497103196 -2.525974514250475 -2.5192558110668974 -2.512894572129734 -2.5068562176452067 -2.501109286080575 -2.495628331419489 -2.490395003554105 -2.48539414994662 -2.480603127550455 -2.4759988934666888 -2.4715768088914354 -2.467326425479351 -2.463227732064376 -2.459276641763518 -2.4554591373949286 -2.451771684528489 -2.448199415375914 -2.44474122808606 -2.441403134651992 -2.438156165718115 -2.435006299137811 -2.4319440953529474 -2.42896617220903 -2.426076386579081 -2.4232584666948815 -2.4205183443813194 -2.4178438653478596 -2.4152370220446517 -2.412704565196101 -2.4102211908485867 -2.407796011121487 -2.4054391013053573 -2.403124720679161 -2.400857935983219 -2.3986499802210854 -2.396491366194991 -2.39436821346649 -2.3922777728181863 -2.39026472161067 -2.3882720788053513 -2.386324277508913 -2.3844070113679887 -2.3825566594979017 -2.3807153526524205 -2.3789099316520783 -2.3771312662516033 -2.3754175020982506 -2.3737127497121078 -2.3720384942222035 -2.3703771402867817 -2.3687716892329496 -2.367187697330423 -2.3656345354223047 -2.3640825455875465 -2.3625663804202217 -2.361074979024699 -2.3596088190873177 -2.35815101513277 -2.356758758314882 -2.3553486777127484 -2.3539713044788613 -2.352618101227147 -2.3512980912011905 -2.3499786239496716 -2.3486799514463206 -2.3473820064009816 -2.346113213155337 -2.3448635704744367 -2.343650957509464 -2.342439574785158 -2.341245885681613 -2.340049795216161 -2.338878772951551 -2.339591652148515 -2.3400774683714083 -2.3404764904992605 -2.3408182450028567 -2.341116713720141 -2.3413823804253076 -2.341621303309883 -2.3418392717336047 -2.3422733214282 -2.343839340202141 -2.3455569598203274 -2.346467921472258 -2.346921554612787 -2.347214365200225 -2.347413157452105 -2.34736611876665 -2.3472297730390643 -2.3471087880423562 -2.3470231648788253 -2.346707285305648 -2.346479875709238 -2.3462377635379568 -2.3462036667845583 -2.3456424195132657 -2.345253835615768 -2.3440406390220847 -2.3430471772916643 -2.342231759770705 -2.3413878440133304 -2.3402534973535207 -2.3396104642888815 -2.3386886523164536 -2.3378883759793663 -2.3372455775149383 
# Stellar mass-weighted [S/H]:
0 -5.218485947384704 -6.54941240169519 -5.446117239066145 -3.890926100104445 -3.371548671672323 -3.1852405443394707 -3.1213183408946135 -3.0672070566413296 -2.9739017231474083 -2.897413796649234 -2.839804816234425 -2.7956011884102523 -2.7604327466466128 -2.731513759736437 -2.7070950210122158 -2.6860486534101327 -2.66761129456322 -2.651247530405623 -2.6365691247301086 -2.623288100995439 -2.6111819183951646 -2.6000722928417996 -2.5898134191413646 -2.5802970811959147 -2.5714330500515867 -2.563148986957298 -2.5553725668831904 -2.5480448455583202 -2.541127032710211 -2.5345742836765144 -2.5283514436157217 -2.5224479242317983 -2.516827314151473 -2.511455029133759 -2.5063191214595877 -2.501401393562313 -2.496676698943247 -2.492137970399715 -2.4877771768572012 -2.483575247269486 -2.479526121347205 -2.4756191591673966 -2.4718408855690743 -2.468181626783756 -2.464636608925206 -2.461220450912543 -2.457901001575533 -2.454679684122423 -2.4515462372783183 -2.448499094453773 -2.4455451298916424 -2.4426646268392735 -2.439863043316609 -2.4371289532037146 -2.434464315631435 -2.431875012538125 -2.429337511300478 -2.426863937407817 -2.424457786821722 -2.4220869587068092 -2.4197713761380273 -2.4175160429318465 -2.415308798000085 -2.41313971783642 -2.4110024293676506 -2.4089450326412134 -2.406908488475901 -2.404920668043105 -2.40296336247226 -2.401072776946237 -2.3991925847519155 -2.397350117817572 -2.3955335455907303 -2.3937834114661234 -2.3920430357660587 -2.3903344410945833 -2.388639181661536 -2.3870004845375625 -2.385383313910136 -2.3837980546808772 -2.3822147116257355 -2.3806684247743286 -2.3791473192078154 -2.377670723489948 -2.376199119979633 -2.3747537880386096 -2.373306756343566 -2.371898370495546 -2.37051804372127 -2.3691734139043374 -2.3678326077691327 -2.3665106879941433 -2.365185246084189 -2.3638898579840966 -2.3626119552669094 -2.361374254023958 -2.360139583323397 -2.358922939273179 -2.3577038405789654 -2.3565047414132536 -2.3572318811985946 -2.3577267422651405 -2.3581329862849385 -2.358481160090882 -2.358785437804646 -2.359056299651538 -2.3592998973505486 -2.359522120641264 -2.359963767383718 -2.3615583357136387 -2.3633072488693205 -2.364235164655047 -2.3646969829103908 -2.364994202651423 -2.365196407127793 -2.365148588861607 -2.3650095633171855 -2.3648869885956554 -2.364798817588701 -2.36447735794974 -2.3642463679330232 -2.363999267826789 -2.363964270417573 -2.3633937303336383 -2.3629982861746903 -2.361763996472572 -2.3607528033052505 -2.359922455261313 -2.3590627522418632 -2.357909940122985 -2.3572543839507327 -2.3563176110164763 -2.3555017070665043 -2.354848707879376 
# Gas metallicity, [Z/X]:
-5.2406767730474275 -6.8351340961497655 -5.260705472401366 -3.1234949721559424 -2.245136467562453 -1.7623187158226472 -1.1434198409335445 -0.5428886958588255 -0.07620325471626366 0.26133875228390235 0.5149071147287068 0.6406196442574712 0.6719078373616132 0.6697812814809856 0.6555966064426575 0.6404448837591776 0.6269980643709048 0.6196089984354123 0.6140950763901822 0.6083777835664264 0.600354853510314 0.5914104598702843 0.5829361611431081 0.5739601239523644 0.5659949274061074 0.5595692338654443 0.5550470717579938 0.5507003659068725 0.5468883218858644 0.5428093523662947 0.5404263643518068 0.53678646638711 0.5343742566387968 0.5317022131167906 0.5351867471330756 0.5424356904694578 0.5520664705212399 0.5611608303071813 0.5725880735924067 0.5821558063699883 0.5921502487784371 0.6016491589250907 0.6114615180492791 0.6201174217708627 0.6286874833346485 0.6362476729721365 0.6449012703495252 0.6510595882617152 0.6602484364177175 0.6643008117039095 0.6740530091471986 0.6761487972898872 0.6868672918133585 0.6808943247360528 0.698844918583198 0.6778623120200797 0.7208346862982774 0.6555891138017129 0.765146842323129 0.569405236800955 0.8715321771659218 -0.00044595344088427247 1.0995574536482786 -7.478913829462741 1.3086246264513721 -7.470322489558898 1.4975044721278545 -7.457953835448672 1.6666405042036394 -7.450360395567497 1.842989573370919 -7.440500440221644 2.013342107462893 -7.435776775371636 2.2014158062339977 -7.421389705360893 2.3921271110535223 -7.418311684890819 2.593378384485278 -7.406403232881793 2.804597982432912 -7.407251160844908 3.02145095954754 -7.394595766661876 3.2626894862593234 -7.383146530104277 3.5063087043490846 -7.389302584063307 3.756234056496882 -7.367990616954625 4.032064259015971 -7.363196473223105 4.307843610700673 -7.369552519386721 4.588321820528046 -7.3511474514583774 4.896137486630253 -7.341630247929677 5.205979736882512 -7.3472724889859204 5.512920445537826 -7.6215986859219775 5.3931366401409155 4.650679701212172 5.122206511516497 4.880607575961177 4.929091073962739 4.855558620178994 4.828770569781011 4.753478958069493 4.505756823500255 4.279810953511197 4.1511171529511985 4.05596529369454 3.984365125075173 3.9027875670848617 3.8420673122722553 3.793900800059319 3.7801907651959903 3.7546322718626515 3.7208885923577473 3.693686629303496 3.6777521813854124 3.6708628744468053 3.6432260595922323 3.6166427311889713 3.5745110335630663 3.543879940680772 3.518201236111376 3.4954499725405306 3.474581123664356 3.4573235022636055 3.44054383590184 3.4256792026456724 3.4124564328020557 
# Stellar mass-weighted metallicity, [Z/X]:
-4.152288344383056 -5.2406767730474275 -6.571603227357912 -5.426181019486825 -3.8718305052567032 -3.381688886497077 -3.191676715562993 -3.040326220611588 -2.9227137075966105 -2.853985307678421 -2.8212642467615945 -2.802580571590358 -2.789239175213684 -2.778005412804716 -2.767864394367262 -2.758678332116342 -2.7502978976302197 -2.742600432565685 -2.735387421532125 -2.728594703333467 -2.7221979575757738 -2.7162016748819466 -2.7105817402641925 -2.7052925143538173 -2.700301033678299 -2.6955726778429066 -2.6910819075068915 -2.6867919268801312 -2.682680981784645 -2.678730303881255 -2.6749426074464218 -2.6712853820447995 -2.667764338076518 -2.664352767800769 -2.661048613430234 -2.6578004901086265 -2.654597524785671 -2.651402349221158 -2.648214358204794 -2.645033826378687 -2.6418802509403747 -2.6387245592300017 -2.6355949715360314 -2.632473030352706 -2.629370581227647 -2.6262906960138057 -2.623235301725937 -2.6201951771724312 -2.61719126079106 -2.6141910356013724 -2.6112405537728716 -2.608283865445159 -2.6054199113953826 -2.6025133364169744 -2.5997665068573887 -2.596898296459181 -2.5943135723200976 -2.591412039587195 -2.5891576252115946 -2.5858998326536993 -2.584450251914107 -2.580084981658427 -2.5807759632688345 -2.5727964660316784 -2.574569941279803 -2.561579171824918 -2.5640357240052944 -2.5451858353028465 -2.548526267871556 -2.5217540711869084 -2.5263500559235004 -2.489889257770348 -2.4959880619803902 -2.4459830791579114 -2.4541493659364786 -2.3880994118550465 -2.3986344399210004 -2.3106659247666395 -2.324239652403951 -2.2117589060241905 -2.2285955136357387 -2.087982733854851 -2.1082716027369504 -1.9383632959930892 -1.9620336806775123 -1.7662246557932682 -1.7926998915401493 -1.5669692002903395 -1.5962731759251738 -1.348205170670971 -1.3796015632376848 -1.1140636497730878 -1.1469697881600338 -0.8583823863369775 -0.892997096191485 -0.590843332957476 -0.6265355771829404 -0.3145716555004643 -0.3509813140450102 -0.01928095365917537 -0.0568982400956477 -0.07214541985850342 -0.08148733120258234 -0.08838665839148963 -0.09389009343665955 -0.0984754780973327 -0.10240329861145359 -0.10583609751895029 -0.10888129078810915 -0.11414027489034173 -0.13103307511324935 -0.14731475221469892 -0.15576354238665968 -0.1609270488532002 -0.1644829948606661 -0.16803632775605304 -0.1703243719368226 -0.1718589670674071 -0.17213460073182318 -0.17286637012102113 -0.17352139629126007 -0.17407211550520074 -0.17425254684501734 -0.17442943598841643 -0.17452059355554073 -0.17479779831639153 -0.1743615545880075 -0.17394279679328473 -0.17347500057869425 -0.17266749011597327 -0.17157843937294626 -0.17133997468484008 -0.1699994798034592 -0.16957162057044184 -0.16860573602484963 
# Number of SNIa (log_10):
0 0.0 0.0 0.0 0.0 0.0 3.330401166857218e+53 1.3595052010577966e+55 4.749969904849592e+55 8.205423556992659e+55 1.1321338371736474e+56 1.40679927881144e+56 1.6498253691165243e+56 1.8670623968637982e+56 2.0633020272767185e+56 2.242226723173815e+56 2.4066547909808353e+56 2.5587717154179e+56 2.700302126261238e+56 2.8326315119145346e+56 2.9568882609036327e+56 3.074004519118511e+56 3.1847589358973275e+56 3.289808846231874e+56 3.389715247516263e+56 3.48495926848817e+56 3.575957439855189e+56 3.6630744595943315e+56 3.746626974258218e+56 3.8268941601369182e+56 3.904127472563508e+56 3.978559231170056e+56 4.050373314471627e+56 4.119728226085482e+56 4.186815609944422e+56 4.251773352564158e+56 4.314731025941504e+56 4.375800697950993e+56 4.435100235512891e+56 4.492743321097336e+56 4.5487996514736545e+56 4.603360968987645e+56 4.656502963548651e+56 4.708295440787643e+56 4.758809927838172e+56 4.808106896663847e+56 4.856244006063651e+56 4.903268781153993e+56 4.949237380675174e+56 4.994208887233469e+56 5.038208033394929e+56 5.081275092759152e+56 5.123455232328284e+56 5.164787277266582e+56 5.205297655091627e+56 5.245021922178945e+56 5.28398750823646e+56 5.322203871669693e+56 5.359723460776893e+56 5.396618310788036e+56 5.432847431077548e+56 5.468449849656608e+56 5.503418208339271e+56 5.537786596720769e+56 5.571601616410246e+56 5.604866514502346e+56 5.637594937185516e+56 5.669814444940358e+56 5.701534559638653e+56 5.732766920921246e+56 5.7635310437669925e+56 5.7938444276749955e+56 5.8237063228968e+56 5.8531355951600485e+56 5.882164392565489e+56 5.910783123572025e+56 5.939003656029485e+56 5.966841930773629e+56 5.994306162123892e+56 6.021405519333376e+56 6.0481516219783034e+56 6.074547299879332e+56 6.10060367929017e+56 6.126350140222377e+56 6.15176992552969e+56 6.176876116421741e+56 6.20167722370587e+56 6.226186547276034e+56 6.250404666300228e+56 6.27432652695804e+56 6.297976792990844e+56 6.32135389531364e+56 6.344460335403678e+56 6.367337829408739e+56 6.389962925958918e+56 6.4123246371348745e+56 6.434447117082683e+56 6.456336224520102e+56 6.477991770288849e+56 6.499413908249862e+56 6.520615307549979e+56 6.541591887140737e+56 6.562363902886291e+56 6.582939590824381e+56 6.603301351354507e+56 6.623464784015233e+56 6.643431310325349e+56 6.6631969650994225e+56 6.682772786316875e+56 6.721376802286107e+56 6.904170914680142e+56 7.226979001804855e+56 7.505694442883277e+56 7.750927644423473e+56 7.969902029827176e+56 8.259829466417165e+56 8.513708252465536e+56 8.739516247078301e+56 8.809599082196728e+56 8.942848928018363e+56 9.127764843176092e+56 9.29737920003668e+56 9.403101635737928e+56 9.453972094069421e+56 9.645710718377083e+56 9.86255952861463e+56 1.0237534194258655e+57 1.0554276258518424e+57 1.0828447980448063e+57 1.1070231044785506e+57 1.1286273488141469e+57 1.1481851500629967e+57 1.1660279861224635e+57 1.1824377474057133e+57 1.197628140657205e+57 
# Number of SNII (log_10):
0 0.0 4.296027608475357e+53 1.7632199477843656e+55 6.514889880211937e+55 1.1878502262377193e+56 1.6608616468824418e+56 1.9628378155678867e+56 2.0493293594583677e+56 2.0744712149741405e+56 2.0815131329180484e+56 2.08345812588429e+56 2.0839753945674766e+56 2.084183423449642e+56 2.0842459420355974e+56 2.0842789459690863e+56 2.084303590660861e+56 2.084325205239237e+56 2.084345204926013e+56 2.0843640371607776e+56 2.084381900641403e+56 2.0843989171168544e+56 2.084415176592297e+56 2.0844307508521627e+56 2.084445698302481e+56 2.084460077728284e+56 2.084473942790868e+56 2.084487336766128e+56 2.0845002941434614e+56 2.084512848976418e+56 2.084525031944118e+56 2.0845368693737843e+56 2.0845483861440108e+56 2.084559601802006e+56 2.0845705355546467e+56 2.0845812097368365e+56 2.08459164201571e+56 2.0846018376565927e+56 2.084611807177679e+56 2.0846215716951684e+56 2.084631139914613e+56 2.084640520027105e+56 2.0846497287815864e+56 2.084658764104034e+56 2.084667638147598e+56 2.0846763611742947e+56 2.0846849346318763e+56 2.084693370717301e+56 2.0847016698865064e+56 2.084709840733939e+56 2.0847178867425464e+56 2.0847258113495035e+56 2.084733623223346e+56 2.084741317957396e+56 2.0847489072764552e+56 2.084756382740872e+56 2.0847637511684877e+56 2.084771024117862e+56 2.0847781774088425e+56 2.0847852364307215e+56 2.0847922085684275e+56 2.0847990663270746e+56 2.084805838796927e+56 2.0848125344802504e+56 2.0848191309185936e+56 2.0848255417811253e+56 2.0848320648910214e+56 2.084838441281887e+56 2.084844815162099e+56 2.0848509310730744e+56 2.0848571686340773e+56 2.084863153436916e+56 2.0848692374317036e+56 2.0848750760509202e+56 2.0848810387118197e+56 2.08488677422166e+56 2.0848926051474477e+56 2.0848981930677586e+56 2.0849038848613176e+56 2.084909359840276e+56 2.0849149522262564e+56 2.0849203201142207e+56 2.084925788145896e+56 2.0849310564655725e+56 2.0849364603397057e+56 2.084941661560038e+56 2.0849469375042093e+56 2.0849519847053927e+56 2.084957131168056e+56 2.0849621122727986e+56 2.0849672335591804e+56 2.0849721475090517e+56 2.084977124515372e+56 2.084981885206493e+56 2.0849867493828035e+56 2.084991472862138e+56 2.084996339432258e+56 2.0850010183463105e+56 2.0850057556485337e+56 2.085010280427348e+56 2.0850148922233335e+56 2.0850193589420133e+56 2.0850226103988283e+56 2.085024526390321e+56 2.085025453582485e+56 2.085025453582485e+56 2.085025453582485e+56 2.085025453582485e+56 2.085025453582485e+56 2.085025453582485e+56 2.085025453582485e+56 2.085025453582485e+56 2.085025453582485e+56 2.085025453582485e+56 2.085025453582485e+56 2.085025453582485e+56 2.085025453582485e+56 2.085025453582485e+56 2.085025453582485e+56 2.085025453582485e+56 2.085025453582485e+56 2.085025453582485e+56 2.085025453582485e+56 2.085025453582485e+56 2.085025453582485e+56 2.085025453582485e+56 2.085025453582485e+56 2.085025453582485e+56 2.085025453582485e+56 2.085025453582485e+56 2.085025453582485e+56 2.085025453582485e+56 2.085025453582485e+56 2.085025453582485e+56 2.085025453582485e+56 
# [Mg/Fe] for total ejected gas till this time:
0 0 0.9554047253544107 0.9382681049736943 0.7740953644909565 0.6296812926571199 0.5758883405290879 0.35973647136207776 0.07131146736852065 -0.0994818554493386 -0.20919277947277243 -0.28605991898518046 -0.3435516521796839 -0.38867923186659764 -0.4253710308009654 -0.45600240724133834 -0.4820742702299085 -0.5046263165090374 -0.5243746262697955 -0.5418488316762158 -0.557510491570915 -0.5716649928788067 -0.5845451913910398 -0.5963380021829539 -0.6071913478853284 -0.6172184990924423 -0.6265196149128135 -0.6351758869919795 -0.6432400089667403 -0.6507972449748952 -0.6579413998072342 -0.6646521080686372 -0.6709808711697083 -0.6769589834261299 -0.6825949125227275 -0.6878943999234111 -0.6928723873753126 -0.6975474101203017 -0.7019510755424359 -0.7061015471634121 -0.7100145002470158 -0.713712203691519 -0.7171924840251325 -0.7204900620490052 -0.7236250336189352 -0.7265881025847094 -0.7293969192835354 -0.7320469499282044 -0.7345663815446278 -0.736980573734074 -0.7392692726216374 -0.7414732792630244 -0.7436139404017362 -0.7457145073481583 -0.7477724350647409 -0.7497955658637341 -0.7517849686143318 -0.7537836469726977 -0.7557538723707221 -0.7575849734958454 -0.7594288570383189 -0.7612504687227624 -0.7630618311239893 -0.7648448156719087 -0.7665899925087774 -0.7683142649955413 -0.77003104648664 -0.7717071774114035 -0.7733518256447771 -0.774971306139049 -0.7765765658804411 -0.7781536728288272 -0.7796832036000204 -0.7811974880819226 -0.7826996689614447 -0.7841734239534792 -0.7856202421617507 -0.7870546919976757 -0.7884724388788955 -0.7898733168659202 -0.7912539391773574 -0.792613073680019 -0.7939551949334779 -0.795286365659186 -0.796602663994018 -0.7979058514817204 -0.7991923733367546 -0.8004562135708868 -0.8017112297684871 -0.8029585987195182 -0.8041933107249968 -0.8054094892119891 -0.8066108202600475 -0.8078004982617423 -0.808981371947449 -0.8101527826302801 -0.811316377250127 -0.8124643215160804 -0.8135972188055107 -0.8147236257536464 -0.8158368506923499 -0.8169372340198253 -0.8180310267260694 -0.8191135924298167 -0.8201753204799722 -0.8212228906962333 -0.8222587811018781 -0.8232813181290581 -0.8242919476319366 -0.8262832768421348 -0.8356022262635793 -0.8515927637198493 -0.8648874078295001 -0.8762457637680614 -0.8861204596785598 -0.8987615103638581 -0.9094398236393826 -0.9186514996341251 -0.9214598183050073 -0.9267373371241763 -0.9338770687088955 -0.9403390225510585 -0.9442811129936144 -0.9461587992977885 -0.9531487915741392 -0.9608509392716198 -0.9737423934675917 -0.9842110742055472 -0.9929605275306629 -1.0004721270661747 -1.0070088740499685 -1.0128195013366303 -1.0180068654680356 -1.022700782447984 -1.026967129378127 
# [Mg/Fe] for instant ejected gas at this time:
0 0 0.9554047253544107 0.937842303016438 0.7144616801303644 0.4136894285469743 0.30804700335829277 -0.66298511109322 -1.3277293698633676 -1.5151428150043182 -1.57297932435685 -1.5997091613317656 -1.6128649786914546 -1.6209639340054995 -1.6239606048524313 -1.6215972574589295 -1.6109926753356303 -1.5968843623422597 -1.5813758631635484 -1.568911128079376 -1.5647334170382863 -1.5635099729788995 -1.56198415677938 -1.5610457848548942 -1.5594392160168364 -1.5550998527554352 -1.5502393194500474 -1.543996548494841 -1.5307940647254792 -1.5265583910736282 -1.5391686859732863 -1.525739457771281 -1.5177607395847643 -1.5093496620628672 -1.4907146408885288 -1.4637818266999207 -1.4335659667565295 -1.4034046152809647 -1.37845121783038 -1.3539189132735319 -1.3303166450848865 -1.310266098106862 -1.285947063077215 -1.2691668726815297 -1.2558572627074363 -1.236652482332159 -1.2207268216854779 -1.2010045189935261 -1.1880743987273237 -1.1811404156400793 -1.1662095454901524 -1.1626687828549227 -1.1645661720697333 -1.1733657139434015 -1.1807757964371488 -1.1902974753834465 -1.1994383068799732 -1.2122077077788993 -1.2262156824386212 -1.2198063707513973 -1.233239665410265 -1.2416383350112288 -1.256693478567493 -1.265849624834886 -1.2688948914218612 -1.2801759762232232 -1.2995600522748476 -1.2984010942572215 -1.3022292165550724 -1.3095094352623355 -1.323481603732569 -1.327453729975097 -1.31744208013278 -1.3292584050093472 -1.3425652645368382 -1.3438571066921077 -1.3455457496906738 -1.3581777417502023 -1.36716336841478 -1.3756985010478322 -1.3806690399771688 -1.384209599291722 -1.391304149577332 -1.402942013951723 -1.411737795450799 -1.4218066370086397 -1.4276977412551533 -1.4259988411560192 -1.439728300563712 -1.455916361139451 -1.4647494076200769 -1.4656952476686693 -1.4714194834891892 -1.4786066304671752 -1.4915750074238086 -1.5047260554748252 -1.5186583990249367 -1.5204117516875972 -1.5232307839778059 -1.5395856281161604 -1.5440152774513582 -1.5493337142083423 -1.5639204678464258 -1.5693087462465742 -1.5585345577479444 -1.5583926865560462 -1.5623311518780656 -1.5629552075068127 -1.5657382444930252 -1.5742866466453957 -1.5881176224527258 -1.6142070709643055 -1.6347897091772166 -1.6570848750953373 -1.6731638470049126 -1.6783070999883642 -1.6816622643608012 -1.6849717775203732 -1.6884830728622109 -1.6913636846275615 -1.6809770397615067 -1.699340359223022 -1.6900745938058161 -1.6895173907169225 -1.6937994558180045 -1.6909014128320552 -1.694601677537741 -1.6948138241958617 -1.6908222847957284 -1.6929268131519428 -1.6894931642471183 -1.6951590890199226 -1.691096949725971 -1.6930807807224075 -1.6894881382726297 
# total ejected metal mass till this time:
0 0.0 1.7408942579290122e-05 0.00025726910244968146 0.000669717176286406 0.0009826207278395339 0.0013694723240842577 0.0017812390177756406 0.0020860905624921797 0.0022656785749720076 0.0023848323550081244 0.0024758677600586025 0.0025533532201326772 0.002622949194770559 0.002686074009667166 0.002743971088674903 0.0027975146569912557 0.0028479159027432347 0.002895629869318868 0.002940887483545233 0.00298371213540569 0.003024264950586107 0.003062773039376629 0.0030994181456062246 0.003134420043092395 0.003167942084967743 0.0032001602317105774 0.0032312212291777274 0.0032612316566779827 0.0032902097227010874 0.003318338273112506 0.003345567669624287 0.003372061296181357 0.0033978484921364854 0.0034232783338109395 0.003448396820613557 0.0034734050215782936 0.003498375958181182 0.0035233500769785435 0.0035481882109373915 0.0035730789638203624 0.003597855433595901 0.0036226794819173716 0.0036474287917758474 0.0036721160039714343 0.003696752622075013 0.0037213354410064034 0.0037458051324568884 0.0037703009669208883 0.0037945723404138043 0.003819003043076083 0.0038428816760476305 0.0038671477196513967 0.0038904117242066416 0.003914538231068779 0.003936917072210602 0.003961402775664961 0.0039816296791311675 0.004008691142861493 0.004023603503475772 0.004058215442535173 0.004058681548169398 0.004118203197773321 0.004071832973705292 0.004167498878657618 0.004068284927565022 0.004209831346662152 0.0040425451799743954 0.004251039966390158 0.003989760712618517 0.004290532869353387 0.00388223170651522 0.00432895602002566 0.003706316671599618 0.004365905791220582 0.003383213525008849 0.004401709097393966 0.0028512988971815404 0.004436490084864828 0.0019271495453346576 0.0044698838752800455 0.0003204226635725567 0.004502638425929217 -0.002408774124873477 0.004533988416709847 -0.007638907075404139 0.004564502527248211 -0.017009518366619347 0.0045943790594394655 -0.034179380828503254 0.004622928712403506 -0.06918698335879198 0.0046508746044291475 -0.13605926108787653 0.00467835348860499 -0.2662799562482917 0.004704559070297119 -0.5502327547171985 0.004730207234198695 -1.1380345971436887 0.0047554820990691905 -2.3330964463488506 0.004779956851676696 -1.7817773332426932 -0.3195510727612587 -0.9591040482455387 -0.5497078386917796 -0.617296122651718 -0.5221884344836882 -0.4937456664891376 -0.42599735592780563 -0.25081253503819284 -0.1539208851520455 -0.11773242418576697 -0.09690964837842314 -0.08492335625442683 -0.07214097116648702 -0.06404715284911863 -0.05745269945215435 -0.05644613912696686 -0.05416727486351137 -0.05082217043723191 -0.04807966067635748 -0.04647565403558032 -0.04666805409710951 -0.04459543349987425 -0.04341769209507171 -0.040350678360521364 -0.03839256746242931 -0.03682319760471913 -0.03546048536964583 -0.0342208486838195 -0.03325949619787813 -0.03231247490065183 -0.031490205042719974 
# Stellar [Z/H]. [Z/H] = [Fe/H] + A[Mg/Fe] where A=0.94:
0.0 -5.218485947384705 -6.549412401695191 -5.440690350736024 -3.89062454579615 -3.381242091662354 -3.2104454155404567 -3.1540795096823206 -3.12847761178 -3.106542815954062 -3.0938593748139684 -3.085274954695228 -3.078865849176349 -3.0737485855523317 -3.0694783481576975 -3.065790398477747 -3.0625118690541027 -3.059508872377834 -3.056706661977729 -3.054064078123708 -3.051574247308623 -3.0492465154763946 -3.047075222106469 -3.0450331504322854 -3.0431069018366754 -3.041283884455135 -3.0395475521950384 -3.037879744680211 -3.0362702073684185 -3.034690157887742 -3.033170703866149 -3.03175821269513 -3.0303616296394997 -3.0289929785521923 -3.0276534075385078 -3.0263163270809477 -3.024949629527328 -3.023531767283245 -3.022070010851645 -3.0205863314119648 -3.019072843061161 -3.017530909591473 -3.015971828628974 -3.014383557476418 -3.0127842599027024 -3.0111912442411706 -3.0095800854860717 -3.007956108982504 -3.006310401808384 -3.004660868717116 -3.003036687169639 -3.001408120555291 -2.999809049896463 -2.9982676425361277 -2.996796856782015 -2.995392881029893 -2.994063240996132 -2.9927879890744835 -2.991548955519401 -2.990394537055871 -2.9892995869294183 -2.9882271573819836 -2.9871981217182566 -2.986228955591195 -2.9852856953096905 -2.9843581822096845 -2.9834999899652233 -2.9826866756658204 -2.9818715545799646 -2.981076051099012 -2.9803336305844956 -2.9796118662633053 -2.9788948322353486 -2.9781695245230386 -2.9775069123359534 -2.9768640972609894 -2.976216186290301 -2.9755695166651193 -2.974979009802742 -2.9744153892047427 -2.97386134338745 -2.9732997869108164 -2.972754170631389 -2.9722400705928904 -2.9717621951696445 -2.971284669400138 -2.970814298437888 -2.9703423764158683 -2.9698881548283387 -2.9694742106364758 -2.9690848560407015 -2.968690445722189 -2.968289490380162 -2.967890266399814 -2.9675135037157423 -2.9671672576695594 -2.9668454959472577 -2.9665248551654138 -2.9661966620059186 -2.9658639221175367 -2.965548759671277 -2.9657927713895207 -2.96598190805019 -2.96614637545768 -2.9662815218400116 -2.966392240987619 -2.9664907220337557 -2.9665801687732136 -2.966662662425526 -2.966855619828435 -2.9675330152558113 -2.9683057832932316 -2.968725526676776 -2.968966155032436 -2.9691632772560523 -2.969309578542057 -2.969339657710581 -2.96933703010315 -2.9692800207880348 -2.969308606705866 -2.9692137922655903 -2.969133124577883 -2.9690827133467868 -2.9690890723328787 -2.9688730618656454 -2.968749632032278 -2.968321302735734 -2.9679820894447264 -2.9677225657463375 -2.9674630796762282 -2.966985914808524 -2.966817821141017 -2.9664269341282967 -2.9662144432350654 -2.965935328861859 
# Stellar luminosity-weighted metallicity, [Z/X]:
-4.152288344383056 -5.2406767730474275 -6.455341094946785 -5.275977141284269 -3.147342254406432 -2.2688951734149683 -1.7841307445755337 -1.1676652945694974 -0.5682160465571438 -0.10142258913153057 0.23815000213753912 0.4925806709999476 0.6214194069771777 0.6572981283628929 0.6587661447891724 0.6472235613331738 0.6338409766853403 0.6216071377602943 0.6148139513548485 0.6097877573362309 0.6045691271818452 0.5971676907533938 0.5888028454655301 0.5807876291671097 0.5722736010121345 0.5646433985279147 0.5584287190134452 0.5539950725899394 0.5497798184861575 0.5460725848941177 0.542141241241298 0.5397606936449801 0.5362794612092814 0.5338970777304222 0.5313085806632307 0.5343461195009196 0.5410141483821302 0.5500382190700643 0.5587173837926334 0.569583435518439 0.578858221020732 0.5885191665977534 0.5977560468061067 0.6072853489930095 0.6157767258132678 0.6241688305285187 0.6316346917199731 0.6400703717366434 0.6462514869382523 0.6551355196800963 0.6594046122401132 0.6687396926194558 0.671200723615424 0.6813611108307478 0.6764927836326433 0.6929942157596016 0.6746087142278947 0.7135008243779983 0.6556181982419444 0.7541488000062225 0.5811429105041599 0.8521378229596644 0.15263391586069486 1.0668735615715659 -0.17554553502586812 1.269805958443894 -0.03194645708379684 1.4569974040547107 0.12533104271042728 1.625560067320786 0.2801832205701822 1.801359835847234 0.44542068440305616 1.9714707321526428 0.6103642254378547 2.159086879481636 0.791122382119133 2.34945678733291 0.9781798525788784 2.5505411526819106 1.173392165572411 2.7615102277401498 1.381910999744862 2.978065632799499 1.595905379964713 3.2188829979718117 1.8314307875216678 3.4623158465749153 2.0723786577084744 3.7120523912589807 2.3207013798801186 3.9874763991197213 2.5914071149435487 4.2631163345576715 2.8655263670035422 4.543432526136213 3.144887537647564 4.850878110273047 3.4484177172381907 5.160564181324758 3.756435068324544 4.323832243607109 4.294591531411257 4.236991928021445 4.187740781314401 4.14674565655011 4.112144090796673 4.082442253693055 4.056560443387252 4.013354243497043 3.8846301081509145 3.773942500388163 3.720972620387693 3.6889343643992922 3.6662932779403765 3.6413899155666103 3.6237260848636366 3.6112466683596063 3.608176374757017 3.6022223484106632 3.594918733679325 3.5890913353937917 3.5859915398046898 3.5844570115079293 3.57941231635217 3.574334131102433 3.5678986371349555 3.562894096275782 3.5596593582565044 3.5580694888200775 3.556000922243542 3.553280984897417 3.5537965081351954 3.5512887925837946 3.5517583941038637 
# Stellar luminosity-weighted [Mg/Fe]:
0 -1.3877787807814457e-17 -1.3877787807814457e-17 0.8694474433277998 0.9375624258771929 0.7244534522465805 0.45481883675132695 0.34156746852730285 -0.5051360382634857 -1.211284461465237 -1.4656664234450771 -1.5554896383728998 -1.5919259332913185 -1.6086495375772558 -1.6181011484102539 -1.6222100324774162 -1.6210682816303372 -1.6123390538868043 -1.599503793818974 -1.5848336407292634 -1.572315849522791 -1.5668317681267876 -1.5648325255353326 -1.5631590804029833 -1.5620409876428831 -1.5604912405501143 -1.5566841110184606 -1.552106226501184 -1.546289306144038 -1.5346503186713634 -1.5293272124874904 -1.5384594265442548 -1.5290059844594055 -1.521067142721783 -1.5129765438127323 -1.4965828660142657 -1.4721335305565475 -1.443711300389535 -1.4146520852914648 -1.3896168632827381 -1.3654435989989968 -1.3421629718218215 -1.3218538727200388 -1.2985319524994607 -1.2808895781643377 -1.2669081003838987 -1.2487182186455903 -1.2325664806860432 -1.2136560307332802 -1.1998381041461104 -1.191662501484133 -1.1778882514684257 -1.172501949223597 -1.1728335508837346 -1.1795614279873712 -1.1862934433042949 -1.1947696193835369 -1.2032053289838993 -1.2146203305512762 -1.2275018905038795 -1.2245553490595218 -1.2347851567738324 -1.2430541616100486 -1.2562758381928278 -1.265674748026655 -1.2696915443823145 -1.2793594029368727 -1.2961818030568641 -1.298158187168369 -1.301680547731257 -1.3081321594721298 -1.320222135233998 -1.3254313882512472 -1.3186026398695228 -1.32695824773436 -1.3387801526239687 -1.3418173863830065 -1.3437840517884754 -1.3541075845713224 -1.3628973954589585 -1.3711528956578103 -1.376502037281224 -1.3802912432000232 -1.3865912272348626 -1.3968785915488682 -1.4055703168646339 -1.4149523891588964 -1.4211790777834772 -1.42105406627282 -1.4319031678750542 -1.4464756886011727 -1.4558505380444218 -1.4583090850737275 -1.4633397931708971 -1.4698382131643175 -1.4810799851010832 -1.4934048076259094 -1.5063906327059953 -1.5100753715941326 -1.5130980409797021 -1.5262142409602364 -1.4529485464114402 -1.4264845906018595 -1.4155770660575566 -1.4090682096525284 -1.4045843620374385 -1.4012548287182165 -1.3986642225346204 -1.3965847468288057 -1.3934496855804914 -1.3864633704726783 -1.3835287760417823 -1.3834126752952858 -1.3839300795566216 -1.384542944680734 -1.385339019489133 -1.386023428333772 -1.3865859875344353 -1.3867377608679623 -1.387045021905837 -1.3874186931566568 -1.3877570485777455 -1.387932798683298 -1.3880811377356648 -1.3883478240887894 -1.3886136410266108 -1.3892461505941578 -1.3895167160756752 -1.3898053450565826 -1.3900715522645088 -1.3900145762538503 -1.3902773949534903 -1.390242959113649 -1.390496437811934 -1.3904600976447072 
# Stellar luminosity-weighted [C/Fe]:
0 -2.220446049250313e-16 0.0 -0.016282175152698253 -0.02449554734847592 -0.06417873424569975 -0.08961544374810704 -0.0982223575443043 -0.7968537723658179 -1.2031088720246876 -1.2810400867659575 -1.2935326785735 -1.281933176775941 -1.263945925821904 -1.2445656376124368 -1.2227046900372893 -1.1986581123501947 -1.1701026341381267 -1.1385867319367855 -1.1076533562566793 -1.0763529519375412 -1.045525568852344 -1.0158897670006315 -0.9886701525762983 -0.9628282074600975 -0.9294949328603576 -0.8716875290754311 -0.7969634749646659 -0.7253361420213573 -0.6630225731313792 -0.6092097339619831 -0.5622848766092368 -0.5208629766167151 -0.4835802079588858 -0.44777975164165845 -0.40942009640798405 -0.36841620403975495 -0.32792387512093324 -0.28893704139829923 -0.25495703752520404 -0.22437740898640768 -0.1948012459464461 -0.16907887137046007 -0.14378523110328867 -0.1209798030085234 -0.09973404394359331 -0.07921165641091787 -0.06102378763655958 -0.04249269454372673 -0.02604228875928727 -0.009381877981590847 0.005840152098173013 0.01603548191283266 0.027036417188058715 0.03315135690177651 0.04147406417179744 0.049097852426437605 0.0514933732442765 0.054867888035159185 0.06203294010613869 0.0761724070957499 0.08081096101618512 0.08648450139947439 0.08645500713032384 0.09182242749146563 0.1013593801653161 0.10426652195145181 0.10076217790178088 0.10367055331606068 0.10767147164396706 0.1037633983897095 0.09791327851479537 0.09987470931817155 0.10365895641932577 0.10073742000395725 0.09281347740892465 0.09261186987383052 0.09435930357830191 0.09589566076129241 0.09468842828643975 0.08695416300826952 0.08693714469444469 0.09023646962270848 0.09120308750587536 0.0833660608247111 0.07587672856300687 0.07566751463644894 0.07908540693502863 0.08361471263572806 0.08037807127427743 0.06845643087611208 0.06434455065213895 0.06483498982925562 0.0687978256226377 0.0728094779592221 0.0707282766448667 0.05947329402067303 0.05265558150562655 0.0525548077675273 0.055247934526895026 0.0593022868286609 0.02490414273502417 0.008179566205177347 -0.000641380911727274 -0.006986759280752319 -0.012092955189998422 -0.01643209873210938 -0.020242408892091723 -0.02365554673949055 -0.029612164786986805 -0.050126752818885456 -0.07280808403038896 -0.08626308511394054 -0.09574766503860332 -0.10291268855327462 -0.11075230102498723 -0.11638068558467562 -0.12059362508701243 -0.12174105702435589 -0.123851121712238 -0.12644363926132385 -0.1285875572362879 -0.12984249300317963 -0.1304797867107772 -0.13240092660387415 -0.13430077000755913 -0.13753393253703805 -0.1395902981002013 -0.14122808550596522 -0.14228062566106137 -0.14284710145459023 -0.14424992208845422 -0.14422765649505942 -0.14547393746947257 -0.14553501026911864 
# Stellar luminosity-weighted [N/O]:
0 0.0 -1.1102230246251565e-16 -1.5116233294149546 -1.815618628346407 -1.5805163514216618 -0.924620468600845 -0.25517629271952535 0.34149984424345503 0.7221322917578189 0.9403297607111373 1.0496549388513605 1.0955222642692775 1.1139214274466789 1.127590962811974 1.1459553259023838 1.1706586657834892 1.2064491159829906 1.2495284373441615 1.2898244527140592 1.3173504303561643 1.3257300291869798 1.3235095525224705 1.3171281077167611 1.3100054704761734 1.298140178499718 1.2708297505711525 1.2247377826017425 1.1671847253384926 1.099070195400476 1.0195264140915483 0.9274394523018425 0.8094045452432175 0.6480090648226138 0.43050713841995186 0.16805650901855929 -0.024184295866318095 -0.13081555291381164 -0.18147859977649294 -0.21378055424529663 -0.2496281863511074 -0.2662497008403515 -0.28450712170369274 -0.30126972883618497 -0.3147850334861002 -0.3301859007337056 -0.3428201957456112 -0.35471001712133665 -0.36633089346201775 -0.37744063760172275 -0.386640218902897 -0.4150033559363733 -0.3936783206768846 -0.4081704989258865 -0.41111604899511556 -0.40665047122505027 -0.4093290821039812 -0.4161393957733228 -0.4120557691869484 -0.40992762845671704 -0.41876933162688856 -0.4165622631057999 -0.4026554089734731 -0.4072284193798217 -0.415881767926396 -0.41118910610041737 -0.3990656222298903 -0.4100428849973863 -0.3958074675419314 -0.4063099559956431 -0.41073787006727636 -0.41278943911694554 -0.4129105840204601 -0.4114734841348269 -0.41463589970077686 -0.420807469187664 -0.42006734980369087 -0.4185292621181942 -0.4167405300760172 -0.4179188928387254 -0.42834130369184686 -0.43189825060694154 -0.4762769242338416 -0.4708182260330158 -0.36624999229001376 -0.39936727578688647 -0.4065910280857483 -0.4166417655556196 -0.4250584251748346 -0.42650049911345445 -0.4238390515373247 -0.4299303367091585 -0.4239592695027581 -0.43366702202861296 -0.4339439138416852 -0.4089736629032663 -0.4270288295193929 -0.4326465179924224 -0.428423376390453 -0.4295274587668889 -0.4316924225912979 0.12325536648181734 0.25112521503357765 0.30424045523508314 0.3378020606960187 0.3624396658256365 0.3819380947485087 0.3980967397491203 0.41188618730594606 0.43457543442379226 0.5022565523569895 0.563958874225102 0.5961161913151709 0.6173121204031629 0.6325128829892877 0.6484751782000733 0.6594332039918953 0.6675199333055201 0.6697621308861175 0.6736121801513753 0.6782965132424061 0.682227667920451 0.6846437603088773 0.685801844981281 0.6892355881976713 0.692471484725531 0.6981002667258442 0.7015643371972916 0.7043487965094433 0.7062216991281448 0.7070144593022014 0.7093648396728798 0.7092994281462266 0.7113763522882076 0.7114468295196219 
# Stellar luminosity-weighted [C/O]:
0 -1.1102230246251565e-16 0.0 -1.1074731663381305 -1.1862528283499088 -0.9729284210576725 -0.6311594541167933 -0.4851813428722277 -0.32377114930470985 -0.05061893715670002 0.09990018491272937 0.16657158108020917 0.20625887261545417 0.2323911849628561 0.25235384350732526 0.27280214242421463 0.2948394420374722 0.3207011877692319 0.3488933253022202 0.3762276917556931 0.4045813595604404 0.4344635729490992 0.4638831110555988 0.4912745725448676 0.517347903970055 0.5507798779994992 0.6082769657979887 0.682419736685735 0.7533031028050019 0.8147617754026143 0.8676752621517229 0.9157548083322455 0.9563512300461294 0.9879542125587721 1.0241913932322375 1.0617981904472056 1.1007651252490889 1.1387515288728638 1.1748381450662848 1.2060718987416124 1.2340319569161804 1.2608294122128032 1.28394723282294 1.3065284861944502 1.3268908196214875 1.3457601578383713 1.3637264616332616 1.3797507287338309 1.3959364926740216 1.4100015458580253 1.4244398570190033 1.4372696686871673 1.4463030141888633 1.4558975402235226 1.4613703257883832 1.4689908327287036 1.4759509723648299 1.4775448292007083 1.485271572588948 1.4915837640599556 1.487637530631469 1.4953887983452034 1.5125119108756404 1.5109253269209777 1.5139852653438393 1.5220967332502793 1.5249261374869216 1.5194784686293525 1.5211906870741367 1.5250529410139066 1.5218550926151158 1.5164400042983752 1.5168831213014295 1.5197255234891138 1.517047800519502 1.5104328911677032 1.509391362144288 1.5100158849749654 1.5107601816098197 1.5103574468323513 1.503266194604266 1.5025543059532525 1.504405908964932 1.5047372925694225 1.497474504822883 1.4905237465743917 1.4904097192352022 1.4937912584938757 1.4960012417711899 1.492779567401444 1.4831271349390291 1.4792865592556868 1.4782777034176546 1.470755907811426 1.4736905995592913 1.494508059829147 1.478229967251019 1.4688886552381664 1.4667642599725736 1.467486847270041 1.4697705271639012 1.4448892972831484 1.4322098996278656 1.4252838592344899 1.4202016971790805 1.4160583023301672 1.4125039987163892 1.4093601322015914 1.406527452402133 1.4015501140338322 1.3841320762522995 1.3644892807060551 1.3526860529105815 1.3443075998331264 1.337953928318756 1.330977747313262 1.3259570377179914 1.3221911308590262 1.3211648952154922 1.319275087035351 1.3169525363406687 1.3150300903204635 1.313903692803135 1.3133321791417447 1.3116070787082301 1.3099016403611699 1.3069964495403619 1.3051514059333689 1.3036779939773202 1.30272883193017 1.3022271163028392 1.3009649783256454 1.300986643472991 1.2998667661988146 1.2998129335467759 
# Stellar luminosity-weighted [O/Fe]:
0 -2.220446049250313e-16 0.0 1.091190991185432 1.1617572810014325 0.9087496868119729 0.5415440103686862 0.3869589853279234 -0.47308262306110804 -1.1524899348679876 -1.3809402716786867 -1.460104259653709 -1.4881920493913954 -1.49633711078476 -1.4969194811197621 -1.495506832461504 -1.493497554387667 -1.4908038219073585 -1.4874800572390057 -1.4838810480123723 -1.4809343114979816 -1.4799891418014433 -1.4797728780562305 -1.479944725121166 -1.4801761114301526 -1.480274810859857 -1.4799644948734199 -1.4793832116504009 -1.4786392448263594 -1.4777843485339937 -1.4768849961137058 -1.4780396849414823 -1.4772142066628446 -1.4715344205176577 -1.4719711448738957 -1.4712182868551897 -1.4691813292888438 -1.466675403993797 -1.463775186464584 -1.4610289362668165 -1.4584093659025879 -1.4556306581592493 -1.4530261041934 -1.4503137172977387 -1.4478706226300109 -1.4454942017819647 -1.4429381180441796 -1.4407745163703904 -1.4384291872177486 -1.4360438346173126 -1.4338217350005944 -1.4314295165889943 -1.4302675322760308 -1.428861123035464 -1.4282189688866065 -1.427516768556906 -1.426853119938392 -1.426051455956432 -1.4304036845537886 -1.4295508239538168 -1.4114651235357192 -1.4145778373290183 -1.4260274094761658 -1.4244703197906539 -1.4221628378523736 -1.420737353084963 -1.42065961553547 -1.4187162907275717 -1.4175201337580758 -1.4173814693699394 -1.4180916942254063 -1.4185267257835799 -1.417008411983258 -1.4160665670697878 -1.4163103805155448 -1.4176194137587785 -1.4167794922704575 -1.4156565813966635 -1.4148645208485275 -1.4156690185459118 -1.4163120315959967 -1.4156171612588078 -1.4141694393422235 -1.4135342050635473 -1.4141084439981721 -1.4146470180113848 -1.414742204598753 -1.414705851558847 -1.4123865291354618 -1.4124014961271665 -1.4146707040629172 -1.4149420086035476 -1.413442713588399 -1.4019580821887885 -1.4008811216000692 -1.4237797831842802 -1.4187566732303458 -1.41623307373254 -1.4142094522050463 -1.412238912743146 -1.4104682403352404 -1.4199851545481241 -1.4240303334226883 -1.425925240146217 -1.427188456459833 -1.4281512575201658 -1.4289360974484986 -1.4296025410936832 -1.4301829991416235 -1.431162278820819 -1.434258829071185 -1.437297364736444 -1.438949138024522 -1.4400552648717297 -1.4408666168720308 -1.4417300483382494 -1.442337723302667 -1.4427847559460387 -1.442905952239848 -1.443126208747589 -1.4433961756019926 -1.4436176475567515 -1.4437461858063145 -1.443811965852522 -1.4440080053121043 -1.444202410368729 -1.4445303820773998 -1.4447417040335702 -1.4449060794832853 -1.4450094575912313 -1.4450742177574294 -1.4452149004140997 -1.4452142999680504 -1.4453407036682873 -1.4453479438158947 
# Stellar luminosity-weighted [Ca/Fe]:
0 0.0 0.0 0.5937729469707277 0.6524192571373691 0.4616159214627379 0.2415523469712174 0.16904363509627518 -0.10631739382112793 -0.1586738332201143 -0.16472040497108775 -0.1662527817331647 -0.1668175010898001 -0.16694767322496795 -0.16699218755848433 -0.16700719409583975 -0.16701898421115313 -0.16702643932026962 -0.16686982230939473 -0.16686226489505085 -0.16728019624395718 -0.16710435308934746 -0.16704702483178968 -0.1670050288151783 -0.1669827745684469 -0.16704867143791913 -0.16707207000241042 -0.16682516786781898 -0.16686924404899095 -0.16719972724200738 -0.16703213996476296 -0.16700146323667253 -0.16695949386898845 -0.16715735489198824 -0.16703835986221138 -0.16626159841570343 -0.16635076352440348 -0.16708036995755093 -0.16599645079346015 -0.16341124696636244 -0.16534817509875332 -0.17208211862485956 -0.1693307285492407 -0.16652320414901434 -0.16640470771693905 -0.1680365485971067 -0.1671419570657804 -0.16693269042068049 -0.16735322220463833 -0.16715841809929222 -0.16709411214366665 -0.1671305033223982 -0.1670473782340196 -0.16702350877041083 -0.16709272076091253 -0.16707413018087913 -0.1669772536831824 -0.1670560939020571 -0.17327197382881732 -0.17314946401265985 -0.15955419546464045 -0.16336285198045353 -0.16513377889940362 -0.16665137845983913 -0.16685239507422245 -0.16682841800083748 -0.16651052179058934 -0.16659286582195865 -0.16739244176355084 -0.16699397428700857 -0.16728719916315238 -0.16740460877808605 -0.1669626123060266 -0.16704247918541992 -0.16807092311515182 -0.16821308734891716 -0.16593950381641465 -0.1661061118533047 -0.16650005956117053 -0.1668145933958689 -0.16692048250937552 -0.16697968683797226 -0.16672402180239332 -0.16673459751423492 -0.16720139221480035 -0.1671829684349675 -0.16731209904452848 -0.16707043299722169 -0.16711492204211442 -0.16697962316530135 -0.1667910767689591 -0.16667305229489338 -0.16700594087152743 -0.16659845194179712 -0.16619343280682886 -0.16724321295578837 -0.1673014721243391 -0.16720920030300257 -0.16717371524766556 -0.16706954851464362 -0.16727006620355178 -0.16709079960621098 -0.16703234761147945 -0.1670118951578634 -0.16700104438539065 -0.1669941554432497 -0.1669894231179916 -0.16698597144673877 -0.1669833071503828 -0.16697948405691454 -0.16697152048816966 -0.16696686188006304 -0.16696473911241272 -0.16696333399325458 -0.16696240285370179 -0.16696119629880002 -0.16696035895639882 -0.16695972553943883 -0.16695970733203125 -0.16695933991248935 -0.1669589784949428 -0.16695858853303625 -0.16695848274854508 -0.16695831191798338 -0.16695811454938614 -0.16695784160580307 -0.1669574872163584 -0.16695723640236193 -0.16695703114724458 -0.16695682720117055 -0.16695688691916688 -0.16695674271984773 -0.1669567526235205 -0.1669566735608452 -0.16695664860164317 
# Stellar luminosity-weighted [Ne/Fe]:
0 -1.6653345369377348e-16 -1.6653345369377348e-16 0.9711650428887755 1.0416579345165362 0.8257988497002919 0.5307891818011808 0.34696435937856396 -0.5509911192092093 -1.4004068397389133 -1.8571410255263825 -2.136927822851404 -2.2818374222051303 -2.353054642449071 -2.37753050114601 -2.3848151891802205 -2.3828902523456343 -2.3799711008429116 -2.3751511186325773 -2.3687481820107705 -2.366095748993648 -2.363722809041932 -2.3613005034206225 -2.361046308543237 -2.360252536167275 -2.3583660459681957 -2.355552439944316 -2.354632385399108 -2.3531566916938758 -2.347508115808817 -2.343243014865606 -2.3366611497702534 -2.3342228908343046 -2.334420747924308 -2.3287059550737625 -2.3144909993947613 -2.301255998762981 -2.277867705958963 -2.255358083940648 -2.236996464283454 -2.215192896761793 -2.193308255037504 -2.181828381860956 -2.1712657321785773 -2.1530646044581925 -2.1316306529933327 -2.116059902856515 -2.1147535813480998 -2.099011931278447 -2.0847478368442163 -2.072681619246138 -2.0609673487482305 -2.0522850919010134 -2.0433587837343055 -2.0404666706475334 -2.0314760367599183 -2.01725440274525 -2.025054983650065 -2.026484049775208 -1.9914281992389802 -1.9763688145299743 -2.0340708108857504 -2.0114997382325304 -1.9994671127909054 -1.9917371754940936 -2.0035068447632423 -2.0017815064201936 -1.9593463406902325 -1.9713102897335428 -1.9802050588952471 -1.986021781066393 -1.9866318699353427 -1.9927818203104917 -2.0024681586232784 -2.005177908613695 -2.0096751917134696 -2.013320025009363 -2.013501437950861 -2.0162384515261254 -2.0177385255967977 -2.0309214859115983 -2.0322413789660834 -2.0329982507355555 -2.0336716202253893 -2.0364666299903638 -2.0511700980862524 -2.066227229155698 -2.0472975321326206 -2.0650680243497312 -2.0658942663488755 -2.075209289597903 -2.0778393056078572 -2.0793244878620643 -2.083606996451638 -2.087421261613123 -2.092600602123196 -2.1069014029451374 -2.116498429630777 -2.1160857316534014 -2.1062228032463284 -2.106956834539051 -2.1013530723785983 -2.0995564809053606 -2.099258343035003 -2.099420643571106 -2.099788902612372 -2.100262767252696 -2.1007942637885497 -2.101354882030777 -2.1025095957515934 -2.107823107260059 -2.115243599686227 -2.1200638352142915 -2.1235703788300526 -2.126261400713667 -2.1292051790201905 -2.131329968068795 -2.1329237588963856 -2.1333663154741114 -2.1341591727848828 -2.135141503394106 -2.1359674385790584 -2.1364251416029485 -2.1366869115943823 -2.137399187631232 -2.1381139548859673 -2.1394005658793462 -2.1401813648882495 -2.1408139263974633 -2.1412315293378446 -2.141438854610101 -2.1419904204979696 -2.1419789038088943 -2.142488862237838 -2.142496382123271 
# Stellar luminosity-weighted [Si/Fe]:
0 8.673617379884035e-18 8.673617379884035e-18 0.8853556736383312 0.9548772275628636 0.7571733678520991 0.5245409674651695 0.44229397143470467 -0.06306189042799917 -0.21014245335738718 -0.2298648525345543 -0.23491166151356324 -0.23654066182818026 -0.23700991234136798 -0.2371662195045293 -0.23714854140818134 -0.23715837727567254 -0.23715887248649978 -0.2373234340952936 -0.23730780586129036 -0.23686264923201744 -0.23699141393044026 -0.23703837816687978 -0.23707391277304155 -0.2371159538319673 -0.2371188249645327 -0.23710563445595212 -0.23710216770268375 -0.23708702815794108 -0.2370864820574658 -0.23709574088752372 -0.23707704687514897 -0.23707210860294958 -0.2370634266346155 -0.23702224405692807 -0.23705157545440805 -0.23702213749795006 -0.23699429361100804 -0.23699373190170028 -0.2370097920884286 -0.2369895236641618 -0.23702144776593176 -0.23693897149501325 -0.23675952687395915 -0.23642954687491247 -0.2365183277238887 -0.23733248026202258 -0.23693348001704687 -0.2367871487712057 -0.23679945599535904 -0.23676826563615608 -0.23672081739509024 -0.23671808335182157 -0.23669791979095156 -0.2367539012805639 -0.23694313357822283 -0.23701301660311802 -0.2369218304607337 -0.24289771520518463 -0.2427954122413163 -0.22930483857967474 -0.23332815016473293 -0.23533297805445008 -0.23683432607379265 -0.236989128939269 -0.23672323349996435 -0.23682850955055124 -0.23708990140681954 -0.23703239223124573 -0.2370951692446733 -0.23716550007939563 -0.23699436612931016 -0.23687385297454672 -0.23693684816885982 -0.23697636075256345 -0.23700540232242018 -0.23701348225191046 -0.2370298174626873 -0.23696594692004272 -0.2370015365861557 -0.2370485880201969 -0.23706366943443802 -0.2370131458372228 -0.23692134586974398 -0.23386654579804053 -0.2340327309329186 -0.2407810192084145 -0.23890864976041704 -0.237907049688334 -0.2370483349146147 -0.23702057358522272 -0.23707820756892714 -0.2372681402447491 -0.23752392683908147 -0.23733148637265714 -0.23658139407706621 -0.2367897493386968 -0.23695067698669134 -0.23712934002219507 -0.23712267238717474 -0.23822111481365982 -0.23740261655128808 -0.23716701890064762 -0.23709468602392678 -0.23705848431570967 -0.23703598952637622 -0.2370202388653614 -0.23700833999439833 -0.23699891500906517 -0.23698465760075194 -0.23694874388682693 -0.236921615097939 -0.23690873191491835 -0.23690064359209118 -0.2368950237545362 -0.23688913116255877 -0.2368852263555293 -0.23688227236338805 -0.23688167566792154 -0.2368801666457069 -0.23687841279646857 -0.236877031792592 -0.23687620528507167 -0.23687597899838825 -0.23687463816844787 -0.2368733446083316 -0.236871724381445 -0.23687050971048765 -0.23686956569719364 -0.23686900636359315 -0.2368686718800889 -0.23686800231802987 -0.23686793554349994 -0.23686755922660155 -0.23686732010816045 
# Stellar luminosity-weighted [S/Fe]:
0 0.0 5.551115123125783e-17 0.8129763964741723 0.8811394836769344 0.6950243875749924 0.48052069568346645 0.3968089085183786 -0.08758086347136906 -0.22253728133520745 -0.24031620141113152 -0.2449319060855546 -0.24635943611506894 -0.24675928603174435 -0.2468820103590097 -0.2468496827814487 -0.2468558317708074 -0.24684560925808396 -0.2469913293604742 -0.24697095302078342 -0.2465930091671925 -0.2467666653680355 -0.24678783205544752 -0.24673080923510327 -0.24675494371709383 -0.2467833452469158 -0.24684875509483184 -0.2468572448388141 -0.24666631344299328 -0.24668431554138803 -0.2464412710345545 -0.24613844786026584 -0.24681851127514975 -0.24726318515649237 -0.24695102118046952 -0.2467703550625331 -0.24677103871287842 -0.2467217186816011 -0.2465863423642457 -0.24662011725083632 -0.2467257399971967 -0.2468046835240797 -0.2470256101200491 -0.2465452458460241 -0.24619139667858092 -0.24602699185237464 -0.24718192904975322 -0.24704152204273055 -0.2468188405337396 -0.2466382101714364 -0.2465436915677135 -0.24670992698208094 -0.24668986435944806 -0.2465851097555709 -0.24662010634190545 -0.2467971878083537 -0.24677784848601025 -0.24678640579812938 -0.2531827711144673 -0.2529221890217852 -0.23852744954226157 -0.24304379813641963 -0.2451045174294687 -0.24634588274335312 -0.24660626551199782 -0.24612564365527367 -0.2463188872435571 -0.24653372149014352 -0.24674482157372146 -0.24677064118464032 -0.24667345504135296 -0.24656230238380794 -0.2465080483380795 -0.24640024426786267 -0.24649311568836962 -0.2465492943421076 -0.24655842226020486 -0.24657590640374383 -0.24649527863619614 -0.24648403729789714 -0.24651010319828393 -0.24655761601505455 -0.24657909260248012 -0.24654377228817037 -0.24654948333023585 -0.24664189892194277 -0.2467518405662894 -0.2465288427358635 -0.2464196499885476 -0.24631316179620988 -0.24670324642177155 -0.2473687686283299 -0.2472306682645622 -0.24668417755111804 -0.2464484722001199 -0.24532974088449455 -0.24590761136684935 -0.24637222481996035 -0.2465348560399454 -0.2465108949296353 -0.24649064139005672 -0.24649488698882782 -0.24650238315221695 -0.2465087573785879 -0.246513927647815 -0.24651807948610216 -0.2465214945001145 -0.2465243151773443 -0.24652668528762745 -0.2465304585332604 -0.2465398279421448 -0.24654523636330106 -0.2465467037222312 -0.24654712257018885 -0.2465473003199775 -0.2465471957513602 -0.24654717815823846 -0.246547017291734 -0.2465471392739529 -0.2465469420584846 -0.2465468332855898 -0.24654671221053426 -0.2465467052232132 -0.24654672246157128 -0.2465465842216329 -0.24654649735252065 -0.24654659018278247 -0.24654662144158024 -0.24654658310067823 -0.2465465072626175 -0.24654673600037158 -0.2465467829541219 -0.24654679766075105 -0.24654698045199974 -0.24654692634494713 
# Stellar luminosity-weighted [C/H]:
0 -5.218485947384705 -6.433150269284065 -6.125685953617404 -4.0720542769676795 -3.0070443818687878 -2.3519619934832416 -1.98829128894213 -1.6825599499960724 -1.1361594451211063 -0.6304229717986214 -0.2398262830188509 -0.02284430136585991 0.05775382207635493 0.08145305066977038 0.09094181688912961 0.09952774336837988 0.11336362797937038 0.13178794796379556 0.15057764544105368 0.17004844705981537 0.18985000077781589 0.20887746444611066 0.22625108591794074 0.2420868887959431 0.26600850125444353 0.3156604425650138 0.38352476771922106 0.4480630946392372 0.5036044659087087 0.5511719050170942 0.5922229842248399 0.6279941418551256 0.6595677832233218 0.6894790094621657 0.7235720481626777 0.7630674287920565 0.8018768505684526 0.8376731969806976 0.8702054810056175 0.8999960146348078 0.9270609016462061 0.9520559301191254 0.9750880432155533 0.996467663429057 1.0165198095264212 1.0349904858469707 1.0523177611356997 1.068818053438207 1.0843465238454986 1.0990682823276177 1.112503329513657 1.123692109553709 1.131551988187478 1.1380810607863974 1.1437951193297575 1.1491890709535926 1.15470727565053 1.1596528576680893 1.1644592074558893 1.169376371175845 1.173908469202376 1.1782910310290293 1.1827674640030867 1.1870093879262948 1.1909872375423252 1.1939760344429668 1.1942314747417817 1.1920237043297401 1.1896977946593323 1.1863146905075448 1.1830094748735585 1.1795254073107184 1.1757119429697167 1.172528685200962 1.170111000482828 1.1663319467158209 1.162492940461239 1.1612024305678088 1.1599059870640382 1.1520998564116884 1.1470181961818655 1.1440845956856784 1.1412395533315993 1.1381855300151713 1.1348773674774946 1.1310754702968215 1.1272940720731288 1.1237162250404076 1.1202662425352226 1.1175471417456078 1.1141514167021476 1.109526533142473 1.1063071851342854 1.1028744270285764 1.0995576565157323 1.0965186593566356 1.0934799597622527 1.090079756709124 1.0864830760994044 1.0830358981716057 1.0736972280936832 1.067307091381723 1.0630613953166592 1.0596187024041952 1.056630883989241 1.0539552348461552 1.051511777533542 1.0492527453151381 1.0451651574980207 1.029926521759879 1.011503946898113 0.9999706645208142 0.9916505312863326 0.9852945289431476 0.9782595717940472 0.9732163650441854 0.9694350274290122 0.9684259065961949 0.9665109204669107 0.9641993010428922 0.9622650339319363 0.9611825757959105 0.960607394398179 0.958941126108694 0.9572241229907115 0.9544775495826472 0.9527343812674371 0.9513117337076249 0.9504228835372386 0.9500658800261679 0.9488689058094106 0.9489443000865267 0.9479649557156997 0.9479102014426153 
# Stellar luminosity-weighted [N/H]:
0 -5.218485947384705 -6.4331502692840665 -6.529836116694229 -4.70142007696418 -3.614632312232777 -2.6454230079672936 -1.7582862387894282 -1.0172889564479082 -0.3634082162065875 0.21000660399978655 0.643257074752301 0.8664190902879629 0.9392840645601774 0.9566901699744195 0.9640950003672986 0.9753469671143971 0.999111556193129 1.0324230600057365 1.0641744063994203 1.0828175178555393 1.0811164570156966 1.0685039059129822 1.0521046210898342 1.0347444553020613 1.013368801754662 0.9782132273381778 0.9258428136352288 0.8619447171727277 0.7879128859065703 0.7030230569569196 0.6039076281944369 0.48104745705221363 0.3196226354871632 0.09579475464988008 -0.170169633265969 -0.36188199232335005 -0.4676902312182225 -0.5186435478620801 -0.549646971981292 -0.5836641286324804 -0.6000182114069492 -0.6163984244075076 -0.6327101718150816 -0.6452081896785309 -0.6594262490456559 -0.6715561715319023 -0.6821429847194684 -0.693449332697833 -0.7030956596142497 -0.7120117935942831 -0.7397696951098833 -0.716289225312039 -0.7325160509619311 -0.7344053139971018 -0.7318461846239961 -0.7360909835152176 -0.7389769493235008 -0.7376744841078064 -0.7370521850607838 -0.7370304910825132 -0.7380425922486271 -0.7368762888200839 -0.7353862822977124 -0.7428576453439408 -0.742298601808371 -0.7300157252738444 -0.7352898788849567 -0.7249744502863278 -0.7416651023502165 -0.7462782721748482 -0.7462199685417623 -0.7502682980111715 -0.7554870646542247 -0.7591550150193171 -0.7611293598725393 -0.7631267652321583 -0.7660522066319206 -0.7662982811180283 -0.7683703526070387 -0.7795076418844245 -0.7874343603783283 -0.8365982375130949 -0.8343159652708385 -0.7255389670977257 -0.7550136548837836 -0.7659252770241292 -0.7831389519763663 -0.7973434419056167 -0.7990138239796751 -0.7894190447307468 -0.7950654792626981 -0.7927104397779399 -0.7981157447057532 -0.8047600863723998 -0.8039240662166813 -0.8087401374137757 -0.8080552134683359 -0.8051078796539022 -0.810531229937526 -0.8184270515835932 -0.24793670270764778 -0.11377759321256509 -0.05798200868274783 -0.022780934078865833 0.0030122474847100733 0.023389330878273995 0.04024838508107109 0.054611480218951236 0.07819047788798006 0.1480509978645692 0.21097354041716 0.24340080292540422 0.26465505185636884 0.2798534836136799 0.29575700268085825 0.30669253131808905 0.3147638298755058 0.3170231422668204 0.3208480135829346 0.32554327794462923 0.3294626115319237 0.33192264330165244 0.33307706023771555 0.3365696355981349 0.3397939673550727 0.3455813667681298 0.3491473125313602 0.35198253623974773 0.35391575073521375 0.3548532230255299 0.35726876715664435 0.35725708475976203 0.3594745418050933 0.35954409741546156 
# Stellar luminosity-weighted [O/H]:
0 -5.218485947384705 -6.4331502692840665 -5.018212787279275 -2.885801448617771 -2.034115960811116 -1.7208025393664492 -1.5031099460699018 -1.3587888006913635 -1.0855405079644056 -0.7303231567113508 -0.40639786409906 -0.22910317398131452 -0.17463736288650145 -0.17090079283755388 -0.18186032553508547 -0.1953116986690917 -0.20733755978986146 -0.21710537733842505 -0.22565004631463914 -0.23453291250062547 -0.244613572171283 -0.2550056466094883 -0.26502348662692654 -0.27526101517411217 -0.2847713767450557 -0.29261652323297493 -0.29889496896651346 -0.305240008165764 -0.31115730949390574 -0.31650335713462896 -0.3235318241074059 -0.3283570881910043 -0.32838642933545037 -0.3347123837700714 -0.3382261422845283 -0.3376976964570324 -0.3368746783044112 -0.3371649480855874 -0.3358664177359949 -0.33403594228137257 -0.33376851056659707 -0.33189130270381506 -0.33144044297889685 -0.3304231561924307 -0.32924034831195037 -0.32873597578629044 -0.32743296759813045 -0.32711843923581485 -0.3256550220125263 -0.32537157469138567 -0.3247663391735105 -0.32261090463515485 -0.32434555203604454 -0.3232892650019856 -0.32519571339894604 -0.32676190141123707 -0.3228375535501784 -0.32561871492085803 -0.32712455660406636 -0.3182611594556244 -0.3214803291428274 -0.33422087984661086 -0.32815786291789095 -0.32697587741754486 -0.33110949570795345 -0.33095010304395434 -0.32524699388757083 -0.32916698274439593 -0.33535514635457364 -0.3355404021075712 -0.33343052942481677 -0.33735771399071135 -0.34401358051939734 -0.34451911531854007 -0.34032189068487595 -0.3430594154284674 -0.3475229445137269 -0.34955775104201114 -0.3504514597683124 -0.3511663381925776 -0.3555361097713874 -0.3603213132792531 -0.36349773923782314 -0.35928897480771216 -0.35564637909689756 -0.3593342489383806 -0.36649718642074713 -0.37228501673078185 -0.37251332486622113 -0.3655799931934216 -0.3651351425535396 -0.36875117027518156 -0.3644487226771407 -0.3708161725307151 -0.3949504033134148 -0.381711307894383 -0.37540869547591393 -0.37668450326344916 -0.3810037711706369 -0.3867346289922957 -0.37119206918946457 -0.36490280824614274 -0.36222246391783086 -0.36058299477488553 -0.3594274183409265 -0.35854876387023404 -0.3578483546680489 -0.35727470708699505 -0.35638495653581215 -0.3542055544924203 -0.3529853338079425 -0.3527153883897669 -0.3526570685467938 -0.35265939937560775 -0.352718175519215 -0.35274067267380627 -0.35275610343001373 -0.35273898861929753 -0.35276416656844045 -0.3527532352977767 -0.35276505638852695 -0.3527211170072242 -0.35272478474356594 -0.3526659525995366 -0.35267751737045794 -0.3525188999577149 -0.35241702466593194 -0.352366260269696 -0.35230594839293117 -0.35216123627667173 -0.35209607251623565 -0.35204234338646456 -0.35190181048311464 -0.3519027321041608 
# Stellar luminosity-weighted [Mg/H]:
0 -5.218485947384705 -6.433150269284065 -5.239956335136906 -3.1099963037420117 -2.2184121953765077 -1.8075277129838083 -1.5485014628705223 -1.3908422158937404 -1.1443350345616556 -0.8150493084777404 -0.5017832428182505 -0.3328370578812372 -0.28694978967899676 -0.2920824601280456 -0.30856352555099775 -0.32288242591176264 -0.3288727917693075 -0.32912911391839295 -0.3266026390315302 -0.3259144505254348 -0.33145619849662733 -0.34006529408859 -0.34823784190874374 -0.35712589138684336 -0.36498780643531337 -0.36933613937801546 -0.3716179838172975 -0.37289006948344294 -0.36802327963127546 -0.3689455735084133 -0.38395156571017885 -0.3801488659875645 -0.3779191515395759 -0.3757177827089082 -0.3635907214436038 -0.3406498977247363 -0.3139105747001496 -0.2880418469124679 -0.26445434475191654 -0.2410701753777813 -0.2203008242291693 -0.20071907123045385 -0.1796586781806182 -0.1634421117267575 -0.1506542469138843 -0.13451607638770202 -0.11922493191378347 -0.10234528275134736 -0.08944929154132453 -0.08321234117492438 -0.07122507405294165 -0.06484532158272138 -0.06831797988431454 -0.07463172410275032 -0.08397238814633479 -0.0946784008563819 -0.09999142657764537 -0.10983536091834534 -0.12507562315412812 -0.13135138497942656 -0.1416876485876415 -0.1512476319804934 -0.1599633813200656 -0.17048778759182603 -0.18006368700530473 -0.18964989044535763 -0.2027125062168631 -0.20980503615468926 -0.21965422471589147 -0.22558086735429494 -0.23512593887523447 -0.24578069025870075 -0.24654965331913292 -0.2551669825373555 -0.2614826295500654 -0.26809730954101596 -0.2756504149055381 -0.288800814764806 -0.29767983668135933 -0.30600720225439115 -0.31642098579380384 -0.3264431171370532 -0.33655476140913887 -0.34205912235840774 -0.34656967795014637 -0.35954443349852383 -0.372970412645377 -0.3809525538681404 -0.3920149966141091 -0.3973849777316767 -0.4060436719944134 -0.4136175417605088 -0.42583043365924844 -0.4397732640949634 -0.4522506052302182 -0.45635944228994685 -0.46556625444936905 -0.4725504226525361 -0.48186289940719274 -0.5024806296172919 -0.4041554610527811 -0.3673570654253133 -0.35187428982917 -0.3424627479675806 -0.3358605228581988 -0.33086749513995173 -0.3269100361089867 -0.3236764547741773 -0.31867236329548465 -0.30641009589391377 -0.2992167451132799 -0.29717892566053017 -0.2965318832316859 -0.2963357271843119 -0.2963271466700981 -0.2964263777049112 -0.2965573350184103 -0.2965707972474112 -0.2966829797266888 -0.29677575285244107 -0.2969044574095214 -0.2969077298842082 -0.29699395662670813 -0.29700577137622197 -0.2970887480283402 -0.29723466847447266 -0.2971920367080374 -0.2972655258429935 -0.2973680430662089 -0.2971015947730926 -0.29715856705562604 -0.2970710025320633 -0.29705754462676115 -0.2970148859329731 
# Stellar luminosity-weighted [Fe/H]:
0 -5.218485947384705 -6.433150269284065 -6.109403778464705 -4.047558729619205 -2.9428656476230888 -2.2623465497351356 -1.890068931397825 -0.8857061776302553 0.06694942690358197 0.6506171149673365 1.0537063955546495 1.259088875410081 1.3216997478982586 1.3260186882822076 1.3136465069264185 1.2981858557185748 1.2834662621174968 1.2703746799005806 1.2582310016977334 1.2464013989973566 1.2353755696301598 1.2247672314467422 1.214921238494239 1.2049150962560402 1.195503434114801 1.187347971640445 1.1804882426838872 1.173399236660595 1.1666270390400881 1.1603816389790773 1.1545078608340762 1.1488571184718408 1.1431479911822073 1.1372587611038236 1.1329921445706619 1.1314836328318116 1.1298007256893858 1.1266102383789969 1.1251625185308214 1.1243734236212157 1.121862147592652 1.121134801489585 1.118873274318842 1.11744746643758 1.1162538534700146 1.1142021422578887 1.1133415487722593 1.1113107479819333 1.110388812604786 1.1084501603092085 1.1066631774154838 1.1076566276408757 1.1045155709994194 1.1049297038846206 1.1023210551579603 1.100091218527155 1.1032139024062535 1.1047849696329304 1.1024262673497502 1.0932039640800948 1.0930975081861911 1.091806529629555 1.096312456872763 1.095186960434829 1.0896278573770095 1.0897095124915155 1.0934692968400013 1.0883531510136795 1.0820263230153655 1.0825512921178353 1.085096196358763 1.0796506979925469 1.0720529865503905 1.0717912651970045 1.077297523073903 1.0737200768419903 1.068133636882937 1.065306769806516 1.065217558777599 1.065145693403419 1.0600810514874204 1.0538481260629697 1.0500364658257242 1.05481946919046 1.0590006389144877 1.0554079556603728 1.0482086651381 1.0401015124046795 1.0398881712609453 1.0490907108694958 1.0498068660500084 1.0446915433132178 1.0375093595116485 1.030064949069354 1.0288293798708654 1.0370453653359628 1.0408243782566258 1.0375249489415967 1.0312351415725094 1.0237336113429443 1.0487930853586591 1.0591275251765455 1.0637027762283862 1.0666054616849476 1.0687238391792397 1.0703873335782643 1.0717541864256335 1.0729082920546285 1.0747773222850072 1.0800532745787645 1.0843120309285021 1.0862337496347552 1.0873981963249357 1.0882072174964224 1.089011872819034 1.089597050628861 1.090028652516025 1.0901669636205509 1.0903620421791484 1.0906429403042162 1.090852591168224 1.0910250687990901 1.0910871811089566 1.0913420527125681 1.0915248929982706 1.0920114821196854 1.0923246793676387 1.0925398192135898 1.0927035091982997 1.092912981480758 1.0931188278978645 1.0931719565815858 1.0934388931851728 1.093445211711734 
# Stellar luminosity-weighted [Ca/H]:
0 -5.218485947384705 -6.433150269284065 -5.515630831493979 -3.3951394724818353 -2.4812497261603497 -2.020794202763917 -1.7210252963015504 -0.9920235714513828 -0.09172440631653345 0.4858967099962488 0.887453613821485 1.0922713743202808 1.1547520746732909 1.1590265007237228 1.1466393128305796 1.1311668715074221 1.1164398227972274 1.1035048575911857 1.091368736802682 1.0791212027533996 1.0682712165408121 1.0577202066149525 1.0479162096790615 1.0379323216875935 1.0284547626768825 1.0202759016380343 1.0136630748160682 1.006529992611604 0.9994273117980805 0.9933494990143137 0.9875063975974037 0.9818976246028521 0.9759906362902191 0.9702204012416127 0.9667305461549578 0.9651328693074079 0.9627203557318342 0.9606137875855367 0.9617512715644585 0.9590252485224617 0.9497800289677931 0.9518040729403445 0.9523500701698273 0.9510427587206411 0.9482173048729079 0.9470601851921083 0.9464088583515782 0.9439575257772956 0.9432303945054938 0.9413560481655416 0.939532674093086 0.9406092494068563 0.9374920622290084 0.9378369831237086 0.935246924977081 0.9331139648439732 0.9361578085041957 0.9315129958041126 0.9292768033370908 0.9336497686154548 0.9297346562057376 0.9266727507301518 0.9296610784129236 0.9283345653606068 0.9227994393761723 0.9231989907009268 0.9268764310180426 0.9209607092501289 0.9150323487283574 0.9152640929546827 0.917691587580677 0.9126880856865203 0.9050105073649704 0.9037203420818525 0.909084435724985 0.9077805730255761 0.9020275250296326 0.8988067102453465 0.8984029653817291 0.8982252108940427 0.8931013646494481 0.8871241042605771 0.8833018683114888 0.8876180769756603 0.8918176704795204 0.8880958566158448 0.881138232140878 0.8729865903625642 0.8729085480956433 0.8822996341005371 0.8831338137551157 0.8776856024416899 0.8709109075698507 0.8638715162625248 0.8615861669150773 0.8697438932116235 0.8736151779536234 0.8703512336939312 0.8641655930578658 0.8564635451393929 0.8817022857524481 0.8920951775650661 0.8966908810705236 0.8996044172995568 0.90172968373599 0.9033979104602725 0.9047682149788949 0.905924984904245 0.9077978382280927 0.9130817540905953 0.9173451690484384 0.919269010522342 0.9204348623316809 0.921244814642721 0.922050676520235 0.9226366916724622 0.9230689269765859 0.9232072562885199 0.9234027022666593 0.9236839618092736 0.9238940026351878 0.9240665860505448 0.924128869190973 0.9243839381631824 0.9245670513924678 0.925053994903327 0.9253674429652765 0.925582788066345 0.9257466819971292 0.9259560945615908 0.9261620851780163 0.9262152039580656 0.9264822196243276 0.926488563110091 
# Stellar luminosity-weighted [Ne/H]:
0 -5.218485947384705 -6.4331502692840665 -5.13823873557593 -3.0059007951026677 -2.1170667979227957 -1.731557367933954 -1.5431045720192618 -1.4366972968394638 -1.3334574128353314 -1.2065239105590466 -1.0832214272967544 -1.0227485467950492 -1.0313548945508124 -1.0515118128638017 -1.071168682253802 -1.0847043966270595 -1.096504838725414 -1.1047764387319967 -1.1105171803130371 -1.1196943499962915 -1.128347239411772 -1.1365332719738799 -1.1461250700489982 -1.155337439911234 -1.1628626118533942 -1.1682044683038706 -1.174144142715221 -1.1797574550332817 -1.1808810767687294 -1.182861375886529 -1.1821532889361759 -1.1853657723624638 -1.1912727567421006 -1.191447193969939 -1.1814988548240999 -1.169772365931169 -1.1480669802695767 -1.1287478455616515 -1.1118339457526325 -1.0908194731405771 -1.071446107444852 -1.060693580371371 -1.0523924578597352 -1.035617138020613 -1.0153767995233176 -1.001857760598626 -1.0014120325758409 -0.9877011832965144 -0.9743590242394307 -0.9642314589369292 -0.9543041713327467 -0.9446284642601377 -0.938843212734886 -0.9355369667629123 -0.9291549816019584 -0.9171631842180954 -0.9218410812438114 -0.921699080142278 -0.8890019318892293 -0.8831648504498792 -0.9409733026995593 -0.9196932086029754 -0.9031546559181427 -0.8965502150592641 -0.9138789873862327 -0.9120719939286781 -0.8658770438502312 -0.8829571387198643 -0.8981787358798812 -0.9034704889485576 -0.9015356735765794 -0.913131122317945 -0.9304151720728875 -0.9333866434166911 -0.9323776686395666 -0.9395999481673725 -0.9453678010679241 -0.9509316817196094 -0.9525209668191987 -0.9657757925081798 -0.9721603274786625 -0.9791501246725849 -0.9836351543996651 -0.9816471607999038 -0.9921694591717651 -1.0108192734953247 -0.999088866994521 -1.0249665119450517 -1.0260060950879302 -1.0261185787284077 -1.0280324395578493 -1.0346329445488465 -1.0460976369399901 -1.057356312543769 -1.0637712222523312 -1.069856037609175 -1.0756740513741514 -1.078560782711805 -1.074987661673819 -1.0832232231961063 -1.0525599870199391 -1.0404289557288147 -1.0355555668066172 -1.032815181886158 -1.0310650634331324 -1.029875433674432 -1.0290400773629163 -1.0284465899761486 -1.0277322734665866 -1.0277698326812938 -1.0309315687577252 -1.0338300855795364 -1.0361721825051164 -1.0380541832172439 -1.0401933062011555 -1.0417329174399343 -1.042895106380361 -1.04319935185356 -1.0437971306057339 -1.0444985630898902 -1.0451148474108338 -1.045400072803858 -1.045599730485426 -1.046057134918664 -1.0465890618876967 -1.0473890837596613 -1.0478566855206113 -1.0482741071838726 -1.0485280201395453 -1.0485258731293419 -1.0488715926001042 -1.048806947227309 -1.049049969052665 -1.0490511704115377 
# Stellar luminosity-weighted [Si/H]:
0 -5.218485947384705 -6.4331502692840665 -5.224048104826375 -3.0926815020563403 -2.185692279770989 -1.7378055822699654 -1.4477749599631204 -0.9487680680582544 -0.1431930264538055 0.4207522624327815 0.8187947340410862 1.0225482135819006 1.0846898355568908 1.0888524687776782 1.0764979655182372 1.061027478442902 1.0463073896309973 1.0330512458052872 1.0209231958364429 1.0095387497653387 0.9983841556997199 0.9877288532798625 0.9778473257211977 0.9677991424240728 0.9583846091502681 0.9502423371844926 0.9433860749812033 0.9363122085026534 0.9295405569826225 0.9232858980915535 0.9174308139589278 0.9117850098688915 0.9060845645475921 0.9002365170468956 0.8959405691162532 0.8944614953338612 0.8928064320783777 0.8896165064772963 0.8881527264423927 0.8873838999570531 0.8848406998267206 0.8841958299945722 0.8821137474448832 0.8810179195626682 0.8797355257461255 0.8768696619958658 0.8764080687552127 0.8745235992107281 0.8735893566094264 0.8716818946730522 0.8699423600203935 0.8709385442890545 0.8678176512084681 0.8681758026040569 0.865377921579737 0.8630782019240368 0.8662920719455194 0.8618872544277454 0.859630855108434 0.8638991255004207 0.8597693580214583 0.8564735515751045 0.8594781307989705 0.8581978314955601 0.8529046238770448 0.8528810029409639 0.8563793954331813 0.8513207587824341 0.8449311537706921 0.8453857920384396 0.848101830229453 0.8427768450180002 0.8351161383815304 0.8348149044444408 0.8402921207514824 0.8367065945900802 0.8311038194202496 0.8283408228864735 0.8282160221914432 0.8280971053832218 0.8230173820529822 0.8168349802257473 0.8131151199559801 0.8209529233924195 0.824967907981569 0.8146269364519583 0.809300015377683 0.8021944627163453 0.8028398363463305 0.8120701372842731 0.8127286584810807 0.8074234030684688 0.7999854326725662 0.7927334626966971 0.7922479857937992 0.8002556159972656 0.8038737012699348 0.8003956089194015 0.7941124691853343 0.7855124965292846 0.811390468807371 0.8219605062758979 0.8266080902044597 0.8295469773692381 0.8316878496528637 0.8333670947129033 0.8347458464312352 0.8359093770455632 0.8377926646842551 0.8431045306919378 0.8473904158305627 0.8493250177198366 0.8504975527328447 0.8513121937418862 0.8521227416564754 0.8527118242733316 0.8531463801526367 0.8532852879526294 0.8534818755334417 0.8537645275077472 0.8539755593756322 0.8541488635140189 0.8542112021105681 0.85446741454412 0.8546515483899388 0.8551397577382405 0.8554541696571505 0.8556702535163963 0.855834502834707 0.8560443096006694 0.8562508255798349 0.8563040210380861 0.8565713339585712 0.8565778916035733 
# Stellar luminosity-weighted [S/H]:
0 -5.218485947384704 -6.433150269284064 -5.296427381990534 -3.1664192459422695 -2.2478412600480953 -1.781825854051669 -1.493260022879447 -0.9732870411016243 -0.1555878544316256 0.41030091355620435 0.8087744894690942 1.0127294392950121 1.0749404618665146 1.0791366779231977 1.0667968241449701 1.0513300239477674 1.0366206528594128 1.0233833505401067 1.0112600486769496 0.999808389830164 0.9886089042621244 0.9779793993912951 0.9681904292591361 0.9581601525389463 0.9487200888678853 0.940499216545613 0.9336309978450728 0.9267329232176014 0.9199427234987003 0.913940367944523 0.9083694129738111 0.9020386071966908 0.8958848060257152 0.890307739923355 0.8862217895081286 0.8847125941189331 0.8830790070077845 0.8800238960147513 0.8785424012799856 0.8776476836240192 0.875057464068572 0.874109191369536 0.8723280284728183 0.8712560697590002 0.8702268616176401 0.8670202132081357 0.8663000267295287 0.8644919074481932 0.8637506024333499 0.8619064687414948 0.8599532504334029 0.8609667632814277 0.8579304612438481 0.858309597542716 0.8555238673496062 0.8533133700411453 0.8564274966081245 0.8516021985184627 0.8495040783279659 0.8546765145378332 0.8500537100497718 0.8467020122000868 0.8499665741294091 0.8485806949228314 0.8435022137217354 0.8433906252479577 0.8469355753498577 0.8416083294399579 0.8352556818307253 0.8358778370764819 0.8385338939749554 0.8331426496544676 0.8256527422825277 0.8252981495086349 0.8307482287317951 0.8271616545817855 0.821557730479193 0.8188114911703197 0.818733521479702 0.818635590205135 0.8135234354723657 0.8072690334604902 0.8034926935375539 0.8082699858602247 0.8123587399925452 0.8086561150940836 0.801679822402237 0.7936818624161317 0.7935750094647354 0.8023874644477242 0.8024380974216783 0.7974608750486549 0.7908251819605301 0.7836164768692342 0.7834996389863713 0.7911377539691138 0.7944521534366658 0.7909900929016516 0.7847242466428739 0.777242969952888 0.8022981983698312 0.8126251420243289 0.8171940188497988 0.8200915340371324 0.8222057596931371 0.8238658390781497 0.8252298712482897 0.8263816067670007 0.8282468637517475 0.8335134466366201 0.8377667945652014 0.8396870459125241 0.840851073754747 0.841659917176445 0.8424646770676745 0.8430498724706226 0.8434816352242906 0.8436198243465984 0.8438151001206631 0.8440961070186264 0.84430587895769 0.8444783635758766 0.8445404586473853 0.8447954684909345 0.8449783956457502 0.8454648919369028 0.8457780579260579 0.8459932361129123 0.8461570019356826 0.8463662454803869 0.8465720449437422 0.8466251589208351 0.8468919127331729 0.8468982853667866 
# X_list:
0.7502484878082851 0.7500063198614393 0.7500034290099471 0.7499871325655292 0.7498785558103592 0.7495798162669678 0.7486034987914736 0.7453037101419282 0.7365954868455236 0.717409054641815 0.6840063549157999 0.6562849881919692 0.6479630996881989 0.6497603096019207 0.6545971700492246 0.6595590426126327 0.6636317978227336 0.666495260893047 0.6688085921802845 0.6715218880751367 0.6753080440269936 0.6795470106683348 0.6836895836721123 0.6876467214813404 0.6911562096635306 0.6937378809867722 0.6954370320115748 0.6967899970295282 0.6979912142063812 0.6991273829871122 0.7001065676353913 0.7010724767027549 0.7020017408567498 0.7024934001308795 0.7012182387473677 0.6977115724681783 0.6934524352092197 0.6891150529480158 0.6848181761482239 0.6806202934328719 0.6766914385516879 0.6728223102817673 0.6690542120223429 0.6653781252077344 0.6619621447692325 0.6587817663015785 0.6554703634950635 0.6523812590125765 0.6493270618006987 0.6473328189260691 0.6444877344140156 0.6397516181686742 0.6383706842827136 0.6366718002127412 0.6350596541702725 0.6333380151111252 0.6314229974316592 0.629797362112035 0.6281883069714354 0.6264133352174887 0.6249591742828288 0.623447668088684 0.62166842482064 0.6202609300291433 0.6189528077536895 0.6178302834178522 0.617400075582851 0.6179522285950855 0.6188204071686653 0.6195636936880734 0.6202057811696112 0.6210970093979916 0.6220684116291714 0.6227504679616612 0.6232746546649753 0.6241206180626154 0.6236529075752155 0.6234539733064028 0.6263854818147467 0.6285496076246648 0.6296058320338409 0.6295707359344422 0.6300527733553108 0.6303283326093299 0.6308863768300971 0.6317464289727774 0.6326671778046442 0.6336522171383181 0.6344128842582827 0.634550223406241 0.6350364846203662 0.6359892759963945 0.636860787495429 0.637683975353273 0.6383608004495301 0.6387659410131205 0.6391637622093808 0.6398147575581984 0.6406065750081684 0.6415505158783805 0.6422439548871031 0.6424543992319839 0.6426106588693734 0.6427822630485437 0.6430334013876788 0.6432996590086235 0.6435691397042929 0.6438897170055377 0.6442040991497359 0.6446802739686183 0.6470688030817867 0.6520462434160571 0.656833632708945 0.6614553426704949 0.6655071255507684 0.6700537961041766 0.6735631232738956 0.6764314740633688 0.6773326747581614 0.6788837731329614 0.6810154632603292 0.6827811214252058 0.6838535319520304 0.6843135987349824 0.6862202231799842 0.6881486371477451 0.6915673429260962 0.6943114612003495 0.6964989899367068 0.6983902510514697 0.700089517869098 0.701419255444168 0.7028218622213009 0.7038092729094363 0.7047686452579959 
# stellar_X_list:
0.7529042722234999 0.7502484878082851 0.7500115942184706 0.7500063029760804 0.7500031315410112 0.749996913369432 0.7499912396336795 0.7499861951986504 0.7499817296151591 0.7499784974988787 0.7499763795046314 0.7499747552339348 0.7499734091217898 0.7499722477177276 0.7499712239309549 0.7499703174630372 0.7499695069916956 0.749968770674417 0.7499680880751118 0.7499674500134191 0.74996685930541 0.7499663241416674 0.749965843995869 0.7499654127018041 0.7499650236240035 0.7499646701171196 0.749964342671574 0.7499640327806869 0.7499637369239556 0.7499634537688357 0.7499631833484378 0.7499629238562059 0.7499626745963068 0.7499624347781672 0.7499622005485616 0.7499619596183261 0.7499616983093521 0.7499614131117572 0.7499611049508942 0.7499607781536086 0.7499604343379583 0.7499600739721816 0.7499597004532019 0.7499593133369776 0.749958913822533 0.749958504626832 0.7499580864530493 0.7499576592936593 0.7499572239230091 0.7499567814221146 0.7499563378751751 0.7499558873856218 0.7499554207863612 0.7499549564498446 0.7499544955746809 0.7499540329433373 0.7499535696008496 0.7499531111730805 0.7499526467299966 0.7499521823980935 0.749951725286213 0.7499512624263871 0.7499507974561804 0.7499503392001392 0.7499498796262744 0.7499494111223632 0.749948953813245 0.7499485068951484 0.7499480650409506 0.7499476244638902 0.749947203903129 0.7499467935210057 0.7499463868759906 0.7499459790033434 0.7499455883023561 0.7499452105503739 0.7499448372417896 0.7499444554620267 0.7499440807901084 0.7499437265557174 0.7499433883881046 0.7499430473216641 0.749942704855031 0.7499423649664898 0.749942041812544 0.7499417262775916 0.7499414143005225 0.749941097574807 0.7499407838013183 0.7499404788444166 0.7499401918446835 0.749939905918801 0.7499396215910464 0.7499393330098405 0.749939046425139 0.7499387656932629 0.7499385029407958 0.7499382442301314 0.7499379868939082 0.7499377254863948 0.7499374651144745 0.7499376210318355 0.7499377253245427 0.7499378102503562 0.7499378829904524 0.7499379467520493 0.749938003889642 0.7499380557406505 0.7499381032466604 0.7499381949439929 0.7499385271426446 0.7499388991471226 0.7499391059348106 0.7499392253877523 0.7499393092904266 0.7499393853290408 0.7499394157800329 0.749939426943202 0.7499394175625812 0.7499394235105584 0.7499393996931676 0.7499393863398187 0.7499393647157288 0.7499393673236576 0.7499393058004374 0.7499392722867232 0.7499391411486396 0.7499390318357964 0.749938944665521 0.7499388497227728 0.7499387029006729 0.7499386402146091 0.7499385161734272 0.7499384324063526 0.7499383471143558 
# stellar_X_list_luminosity_weighted:
0.7529042722234999 0.7502484878082851 0.7500151532459696 0.7500063513474688 0.749989632312404 0.7498863248652927 0.7496019393752446 0.7486768251484844 0.7455595228598982 0.7373335039863202 0.7191017752182925 0.6872741213579343 0.6602031260395561 0.651150665007549 0.6520234631544016 0.6561541947241596 0.6606444305903233 0.6644244329950709 0.6671257590632244 0.6693176419215885 0.6718763183343395 0.6754438529051634 0.6794732397281467 0.6834476724167836 0.6872663864111631 0.690679770947757 0.6932353282591548 0.6949552709625306 0.6963248908088383 0.6975344149369144 0.6986712226426639 0.6996562869497926 0.7006200494159065 0.7015456052271727 0.7020677066239404 0.7009621203334826 0.6977615054948063 0.6937853994631823 0.6896804945648154 0.6855819952310174 0.681555622152524 0.6777635972931879 0.6740247375440053 0.6703744066421733 0.6668064255595939 0.6634743430057931 0.6603618914286619 0.6571380840498434 0.6541133716209665 0.6511260655521636 0.6491015673455615 0.6463395270932906 0.6418496175748251 0.6403359180488689 0.6386175674231687 0.6369904970308449 0.6352752884852555 0.6333881590672534 0.6317597576549057 0.6301558718746512 0.6284065520037398 0.6269445146696205 0.6254409964288846 0.6236980634472794 0.6222841744150475 0.6209682355773052 0.6198302190538654 0.6193185946889669 0.619725836285213 0.6204476455921372 0.6210961270980419 0.6216514168503144 0.6224466186156904 0.6233159281523264 0.6239457799132424 0.624420938542738 0.6251911220181827 0.6247842815821741 0.6245864801738527 0.6271902994792073 0.6292185546218293 0.6302450561967337 0.6302741419970933 0.6307231228294055 0.630996750457025 0.6315113608580115 0.6323095161058482 0.63316658792822 0.6340945043001059 0.6348197232809184 0.6349871867103388 0.6354431426521552 0.6363269886222472 0.6371477308144063 0.6379334213601268 0.6385833936657174 0.6389907066565624 0.6393788077122159 0.6399938992439549 0.6407377450411731 0.6416286915271983 0.6427552914538899 0.6436376551676476 0.6442566902647908 0.6447664201697983 0.6452108126186669 0.6456087742267708 0.6459714340412762 0.6463057937509135 0.6469078521283109 0.649107510931366 0.6516552825931344 0.6531814883314626 0.6542448181892304 0.6550398806724148 0.6559058185754084 0.6565108609654023 0.6569568597461403 0.6570752212745847 0.6572980107217639 0.6575666057403237 0.6577929695610164 0.657905460676541 0.6579718512660594 0.658154947593901 0.6583525575438739 0.65865028154969 0.6588412067062548 0.6589944952031217 0.6590814860427535 0.6591212951813875 0.6592471360820934 0.659236978962238 0.6593325784622783 0.6593412130209586 
# Y_list:
0.02113317345039969 0.000537486039661398 0.0003004331727355799 0.00014111738778375605 0.00019512573803404538 0.0006314561386670911 0.0018333939921013876 0.005467224247880917 0.01808456772623091 0.05961498711600642 0.15093130712006095 0.24410157545712313 0.2871009739211548 0.2978766062232199 0.2978497408963297 0.2951771309337675 0.2924464254867897 0.2900381961595134 0.2878380039154872 0.285322380691777 0.28200786342792855 0.27840158137676796 0.274835294491119 0.2714734492936594 0.26851291360388135 0.26632912231791145 0.2648671571018179 0.26371533872051034 0.26273171821297975 0.2618398383760995 0.26097031437616725 0.26015340549389043 0.2593900529794279 0.258982971202402 0.25989423945531254 0.2624412888653141 0.2656139341275393 0.26891961832376643 0.2721198027580711 0.2752147977741194 0.27823379463485326 0.28111198331685827 0.2838774967759182 0.28662086061420344 0.28922973712208405 0.2915937798782017 0.29406109762892135 0.2963940109813629 0.2986644823538601 0.29985809029101074 0.30204496351318266 0.3062608498396508 0.3073064808739092 0.308593721762771 0.30998796683168856 0.3115059879781508 0.3129380384728131 0.31445865953733215 0.3158834997524676 0.3171878957605489 0.3185632910426336 0.3199113581752795 0.32127238304291345 0.3225423409968384 0.32386127444920104 0.32480707068452525 0.32501918895524795 0.3248844721725866 0.32459738949476247 0.32413047071080053 0.3236210645853594 0.3232763942745144 0.3229319643428923 0.3224491700333875 0.3219055020956726 0.32160190304562797 0.3224597742309293 0.3229403026059774 0.3203948190332762 0.31859278319039264 0.31805324170647414 0.31854257079600706 0.318553207487785 0.3182374975573274 0.3177038834599678 0.31729834306231053 0.31698132783051586 0.31673295396505685 0.3161466268382156 0.3155531836709463 0.3154292665410046 0.3149727839259523 0.3146610244437398 0.314390373627048 0.31401129690741597 0.3134304825815303 0.31302048869879334 0.31272427217241827 0.31243556389713284 0.31219675193118646 0.3119805823735346 0.3117585310267451 0.31148293411270156 0.31126203909791383 0.31106976179395024 0.3109103983298787 0.31077222611862815 0.31061738888406 0.3104781810347477 0.31015405619390646 0.3086833437768194 0.3056337118510848 0.3021788330083491 0.29896251184099076 0.29610975400411865 0.2929970474933898 0.29067916803680927 0.28882491615588246 0.2882714490919822 0.2872806310781847 0.2859220255529232 0.2847266100313837 0.28398507570657583 0.28364852032465115 0.28228756041247455 0.2808157779171255 0.27812628064171024 0.27588240616634147 0.27412319156224646 0.27264920998172254 0.27137802900704044 0.27035944632690684 0.2693060835540112 0.26861890909232367 0.267927843951905 
# stellar_Y_list:
0.247 0.02113317345039969 0.0009860549362786498 0.0005419165937182111 0.0004866327607984035 0.0004811170037354725 0.0004884319469407436 0.0004962039080342444 0.0005025827932976384 0.0005081216833142204 0.0005132673167259677 0.0005181265628088083 0.0005225729441281573 0.0005266002124000106 0.0005302704406167959 0.0005336392959305112 0.0005367559205773032 0.0005396628213936686 0.0005423944982164804 0.0005449723209817353 0.0005474110657639473 0.0005497114225653221 0.0005518827621376221 0.0005539384207291586 0.0005558997273628992 0.000557773939546731 0.0005595695623265289 0.0005612988014126148 0.000562973644284396 0.0005645979638974947 0.0005661727303316087 0.0005677003509262974 0.0005691837396198981 0.0005706324005538808 0.0005720533293398721 0.0005734463381813874 0.0005748189922839486 0.0005761927284778809 0.0005775619718016855 0.0005789219966166137 0.0005802718167510605 0.0005816157082246831 0.000582949767300128 0.0005842756247938892 0.0005855949044105818 0.0005869038907267576 0.0005882037461199137 0.0005894968678632469 0.0005907761321196162 0.0005920551375690171 0.0005933153019193419 0.0005945672814922622 0.0005958242766388116 0.0005970603104295344 0.0005982855883256102 0.0005995069089974196 0.0006007044382880381 0.0006018880181546024 0.0006030803142206793 0.0006042481248021021 0.0006053931874771132 0.0006065525395470949 0.0006076986599714137 0.0006088108178956296 0.0006099350693870985 0.0006110740900788505 0.0006121676536209779 0.0006132362315363764 0.0006143145803374794 0.0006153966182197232 0.000616425288246279 0.0006174307092163337 0.0006184523295024606 0.00061948683631724 0.0006204713639330051 0.0006214183412976136 0.0006223699162097835 0.0006233518066144987 0.000624310657271957 0.0006252298089677094 0.0006261149093341406 0.0006270224431677438 0.0006279453839557221 0.0006288624425988159 0.0006297252781298307 0.0006305648010570837 0.0006313993408370662 0.0006322723720892485 0.0006331512351392709 0.0006339998671201377 0.0006347883892919457 0.0006355745861161332 0.0006363618061146732 0.0006371814986844971 0.000638010695355382 0.0006388198781649027 0.0006395708379903001 0.0006403074471587712 0.0006410425311139282 0.0006417944074331037 0.000642568148659008 0.0006421484759513891 0.0006418671762462865 0.000641633768525158 0.0006414306668341351 0.000641251166751057 0.0006410898531454154 0.0006409475407037528 0.0006408324443571081 0.0006406025350780987 0.0006397184131246243 0.0006387532141734118 0.0006382010696643866 0.0006379294336437336 0.0006377328963899656 0.0006375457017955009 0.0006374858807912953 0.0006374831155375513 0.0006375047664213333 0.0006375219078937028 0.0006376117453224223 0.0006376477915604336 0.0006377352338741148 0.0006377340495198424 0.0006379203364937588 0.000638015240943074 0.0006384084082915069 0.0006387435017662054 0.0006390188881225191 0.0006393159982903951 0.0006397210523469834 0.0006399339689149425 0.0006402745068243518 0.0006405502690658191 0.0006407849135956622 
# stellar_Y_list_luminosity_weighted:
0.247 0.02113317345039969 0.0012887399893913493 0.0005485508042268511 0.00028763587493666436 0.00029004634292994504 0.0006772132120286339 0.0018027293512667356 0.005230510536553688 0.017101044489421135 0.05630635517749855 0.14282614230391885 0.23281905964213656 0.2768073636010134 0.28970108156380797 0.2913607990671751 0.2898590415657585 0.28793070627539574 0.28610713137353333 0.28436405224245764 0.2822562396433705 0.2793461566585056 0.2760967432656535 0.272832002672907 0.26972124842747686 0.2669587351873381 0.26490182103260795 0.26351781651296363 0.2624358373632946 0.26151791573924876 0.2606894970775254 0.2598839955847069 0.25912625156850316 0.25841735287327006 0.25803372046658773 0.2588624070894842 0.26122500225722234 0.26422123356066946 0.26738093399246066 0.2704679737392443 0.273469460776315 0.2764064958924616 0.27921818204937476 0.28192662102488486 0.28461284665416287 0.2871768280341928 0.28951514249957405 0.29193891311736025 0.2942415971002003 0.2964832372850785 0.29774564774040047 0.2998731818067514 0.30385689729267273 0.30503659039829734 0.30635887647339777 0.3077652152769707 0.30927904402448986 0.31071494267588945 0.3122264922990728 0.3136516035897082 0.3149639291526961 0.31633457074125093 0.3176798593342497 0.3190348228030381 0.32030657577672234 0.32162110796388804 0.3225937719686388 0.32290095831604293 0.3228577803857659 0.32266690596281017 0.32228773072558115 0.32186805840924576 0.32157573132986017 0.3212936197920866 0.3208737380697495 0.32040229254030805 0.32013020180048635 0.32091364683477797 0.32138965875008496 0.3191556350236386 0.3174779780145451 0.31694147444705484 0.3173515406018427 0.3173764081415007 0.31709936938640404 0.31662506428555953 0.3162483985480162 0.315959181483261 0.3157265885635017 0.3152001051449595 0.3146491899400282 0.31452243979715455 0.3141043110461112 0.3138145708158913 0.31355817810515596 0.313211994300321 0.31267581082079227 0.3122913655747939 0.31200552983471813 0.31173534191909796 0.3115058953589366 0.30560827199568896 0.30253032780133765 0.3008570618046162 0.2996427725842875 0.2986628485848609 0.29783062227489077 0.2971014535807364 0.2964487548154569 0.2953114983580881 0.29141427468359693 0.28713104204421586 0.2845865061379356 0.2828132223343063 0.2814901309681683 0.2800407531693761 0.27903178473045875 0.27828991715520546 0.27810452928766294 0.2777245870336845 0.27728674095084643 0.2769218537909449 0.2767290460733616 0.2766269106423131 0.2763309654781217 0.2760026030939374 0.27557127225609346 0.2752834002363109 0.27504491029124906 0.27491360499271844 0.27488983448095955 0.2747010865253593 0.27473194277767793 0.2746140130886146 0.2745985773054349 
# Z_list:
8.555940668178012e-08 2.176056840734405e-09 8.167651242338456e-08 1.1202069137305678e-05 8.464355110681135e-05 0.00025718081997386314 0.001068000411944965 0.0042382248726507326 0.012267758202147611 0.025992318173490493 0.044433104693700556 0.056944465803006716 0.06042233719978413 0.06029396841900244 0.05879090403621754 0.057205524419783445 0.05580391389752494 0.05509922276825533 0.05459292061109078 0.05409752111385666 0.0534067542619853 0.05264648432649755 0.05194389751268984 0.05117583167501053 0.05050222939517443 0.04994638400786259 0.0495500724086036 0.04915205521505467 0.04880650244837719 0.048428952282885476 0.04823140626522226 0.047894847249087616 0.04769269392986439 0.04743335788111173 0.04772867294085026 0.048289312842226234 0.04907073428263309 0.04979571533621054 0.05080456776673402 0.05161787348749916 0.05251463353859651 0.05336898600344457 0.05428279931748722 0.05507130265094253 0.05588046949711474 0.05658856119763641 0.057437263320560816 0.057982972187973235 0.058945593960881136 0.05931545224831431 0.060395846714127066 0.060242030121574655 0.06161403276658938 0.06061070667805165 0.06300845776898456 0.059873862718164576 0.06590137718190343 0.056562599385823316 0.0726065998158898 0.046132356539948696 0.09228332492112994 0.012362134374453064 0.15518711943578262 4.0869564043704016e-10 0.25004695625844553 4.1522750209859154e-10 0.38531024713310397 4.2730746106445903e-10 0.5700914661668629 4.359784000342203e-10 0.8575605459357315 4.470935519540116e-10 1.2732675314898068 4.5318621991964745e-10 1.9671373371098004 4.694812293351438e-10 3.0535811854895334 4.723154159022177e-10 4.874830012628317 4.894132639423345e-10 7.969042321191714 4.892521923547406e-10 13.139150756636013 5.043249690723247e-10 22.928732326405846 5.189621380531194e-10 40.292426017668035 5.132013419262704e-10 71.83654878638106 5.397775191754612e-10 135.70702972715634 5.47006803537478e-10 256.8192236524914 5.404958860870149e-10 491.0519496930026 5.648507485450013e-10 998.8241620536276 5.783136107685361e-10 2043.1983880117289 5.723975656998149e-10 4152.980379090522 3.0477758955712975e-10 3153.72610903354 570.7987246716465 1691.1395734856883 969.9744746070686 1084.9898945900134 916.451567056895 862.0519971001698 725.3752753697283 411.57282699835383 246.50671785774506 184.63411282730357 149.3500013719271 127.42576320908157 106.32530755689406 92.93622395770004 83.53414187264373 81.04611479574318 76.58912512214744 71.08614680616002 66.94336553450641 64.63305501785234 63.65865426150764 59.900297713045276 56.50207455616937 51.53293987970935 48.21405773358019 45.58911228099922 43.37980040613413 41.44518737500808 39.90622021950861 38.47055987801386 37.228333495816 36.16116517129335 
# stellar_Z_list:
9.572777650013187e-05 8.555940668178012e-08 3.9921252480917e-09 5.579859996570291e-08 1.9997328460653037e-06 6.1817295117483295e-06 9.574561290826702e-06 1.356645746382169e-05 1.7785922049578626e-05 2.0835451351900516e-05 2.2465844436863014e-05 2.3453382251884196e-05 2.4185000392885373e-05 2.481870909597375e-05 2.5405024275045747e-05 2.5948075419219324e-05 2.6453620365173818e-05 2.692663946523135e-05 2.737756199930163e-05 2.780911191314489e-05 2.8221722912044177e-05 2.8614060846290318e-05 2.898672517051147e-05 2.9341893000979196e-05 2.9681058466917613e-05 3.0005960659963208e-05 3.0317830197568712e-05 3.061878247538861e-05 3.090997766128349e-05 3.1192429711769364e-05 3.146565270796649e-05 3.173173510063837e-05 3.199003533021994e-05 3.224231013756909e-05 3.248853811473994e-05 3.273242290534481e-05 3.297470870000834e-05 3.3218191012821174e-05 3.34629165699911e-05 3.370886526639065e-05 3.3954513286771485e-05 3.4202117336416695e-05 3.444945566100364e-05 3.469797110130033e-05 3.494671021531834e-05 3.519540337324549e-05 3.544386707280761e-05 3.569282940948345e-05 3.594054352227606e-05 3.618966888016404e-05 3.643634742664943e-05 3.668523132566305e-05 3.692792846027458e-05 3.7175879508680954e-05 3.741173199484952e-05 3.765960469748566e-05 3.788438250301621e-05 3.813831312697804e-05 3.833677937462813e-05 3.8625414162552036e-05 3.875452919016595e-05 3.914600682107173e-05 3.9083749092811664e-05 3.9808466536319304e-05 3.964621273971194e-05 4.085001357481928e-05 4.061957622370782e-05 4.242140204914121e-05 4.209633914704652e-05 4.477300784111113e-05 4.430166440512123e-05 4.8181531833810727e-05 4.750962075618612e-05 5.330725386396431e-05 5.231422516375629e-05 6.0907325918025964e-05 5.944759483271427e-05 7.279517298922727e-05 7.055513672781241e-05 9.141325619617511e-05 8.793714784716058e-05 0.00012155839518219115 0.00011601012391242959 0.0001715552450782957 0.00016245512952584173 0.00025500122744877746 0.0002399202219416011 0.0004034570998060628 0.00037713184432848897 0.0006676687253015222 0.0006211042126625081 0.0011447277811810262 0.0010611967706814535 0.0020624486972413685 0.0019044443148772973 0.003818755730178335 0.003517462555052598 0.0072142843294036125 0.006634121898138779 0.014239136594061622 0.013057685942720321 0.012607214136163896 0.012338923695283586 0.012144454176160405 0.011991530257088292 0.011865587871275854 0.011758758539858236 0.01166618082179603 0.011584666553089349 0.011445232167595146 0.01100859764613193 0.010603531656430442 0.010399246360634785 0.010276339167201318 0.010192542526906975 0.010109489913630818 0.010056369373786615 0.010020897688440888 0.010014539618182407 0.009997679794043441 0.009982611807301527 0.009969960923570359 0.009965819391385031 0.009961761151349299 0.009959669599418408 0.009953314049919056 0.009963315318364776 0.009972925380030534 0.00998367224982472 0.010002251508484977 0.010027362985832377 0.010032869536048808 0.010063883203394077 0.010073801723210691 0.010096229958435909 
# stellar_Z_list_luminosity_weighted:
9.572777650013187e-05 8.555940668178012e-08 5.2175708072524264e-09 7.885463184786685e-08 1.0603577477642894e-05 8.013821577341794e-05 0.00024459037645949285 0.0010101096125108388 0.0039994998398640595 0.011587260957942944 0.024699022831481957 0.04240822260196943 0.05480704560816894 0.05871093886391201 0.05898869351812363 0.05780546238820301 0.05643495243924362 0.05518132707772379 0.054545769120089724 0.054095288116141754 0.05365347674665914 0.053026913956659635 0.05232564750750494 0.05166926771488973 0.05094928727203067 0.05031060540893563 0.04977930334903271 0.0493959490940341 0.049015241502473536 0.048683033648236076 0.04832295738296769 0.04812656254577411 0.0478080941425867 0.04760936561981234 0.04736166768761966 0.047618978797479644 0.04813495424381882 0.04886554913873508 0.049556968960147045 0.05051056747043593 0.051297822942739414 0.05215990771303047 0.052987239119476455 0.053869405551290786 0.05464065673480467 0.055428403799275695 0.056124967570223096 0.05694641877256771 0.05749683285292366 0.05841710214027795 0.05881074467968016 0.05983286754991685 0.05975488555618938 0.06102508353449398 0.06018289201147453 0.06235432434300751 0.05960875962757459 0.06499952352746349 0.05674264357564307 0.07101272789014042 0.04754698943044392 0.08853323599441462 0.0176424814479259 0.14440670737582897 0.0082448475524588 0.22941127165805011 0.01143051235463559 0.3520877638768547 0.016416102438268708 0.5200015243934967 0.02350073527050143 0.7809912572661886 0.034455789456642245 1.1585595612660586 0.0504952452307413 1.787737482159608 0.07671399376710936 2.772849452379269 0.11789946663267926 4.422622732740934 0.1861800295567536 7.223689729172418 0.3014254362828836 11.902653589913877 0.493937399854387 20.749305950004068 0.8513338739237908 36.439570067814046 1.4868667697870919 64.9295228341665 2.637580663581669 122.54412779579197 4.9297723761420595 231.7906342490751 9.290543712069995 442.98554519962454 17.706041921477393 900.2761733228834 35.672451805905226 1840.7037554372243 72.68725242042598 268.91641493594284 251.7516838182117 220.6938717300688 197.18896202813866 179.55053434199218 165.90249730964842 155.02258534652165 146.1295009386497 132.414661508864 98.78389613636962 76.85990248825227 68.19395787171787 63.44743427901711 60.29765580475684 57.012594841347536 54.79077061014967 53.27493502300519 52.90916081545052 52.20643946750699 51.35679249050506 50.68972923903802 50.337824174497484 50.16533704863454 49.59979429187662 49.03792292544859 48.338473052756804 47.79849899738349 47.45484438988697 47.28768023876035 47.06582482387068 46.780907807731644 46.83574979004845 46.57284156173707 46.62383846690382 
# formed stellar mass list:
1e-15 4664039.624280768 181916223.82263917 322957152.82771206 91580037.43308343 27114055.105360765 7750502.308491034 2123936.772436498 565680.0915299271 151075.5797429098 43963.89311211649 16809.77992058406 9750.519468412813 7660.431715240988 6823.555850770522 6330.246973740066 5956.1624297815715 5639.358000516199 5363.255033925599 5119.18012536343 4898.355697404222 4696.284749129057 4511.185899491014 4340.200495371479 4190.9712555077385 4054.459437581619 3924.7582134704553 3800.4658391032604 3692.04088544147 3591.306801788237 3494.9738788747163 3404.2525837842627 3319.495808543819 3241.5895429898274 3172.0674404721726 3103.7499213440574 3028.9674591723488 2964.651212839167 2915.7494567016224 2857.491287196838 2798.9485087866983 2754.669979592894 2700.0374630275946 2657.813037666394 2613.200022936847 2568.8988228097833 2531.413012916002 2488.586762557018 2454.5416699979414 2415.4697613813723 2381.1793353358894 2349.802140188545 2310.3007285298204 2285.6566908666946 2242.2446542758876 2217.512150133927 2192.033483822886 2139.5525919894867 2128.549912795311 2105.3952191864714 2051.710833692107 2041.2879471791746 2026.709471249109 1980.6887596132487 1957.4468647243634 1956.2713422942109 1926.654655476188 1878.3021801677078 1872.188231881401 1869.895691257559 1834.9532911199442 1793.2215525371803 1789.3346851092335 1793.8143684564443 1765.2787415774574 1714.3321372557805 1704.008488545795 1705.3175759218611 1693.7833766696747 1662.5637254689684 1634.6103772419633 1631.368202245986 1635.1485236063008 1627.4128523975244 1586.2787866156054 1548.1484229989444 1541.5382767636788 1548.531044863423 1558.842377530129 1537.626041105222 1482.0921056920681 1461.912259888344 1462.504661416315 1470.007603148914 1480.1222739948983 1465.3883347923654 1416.3033368738902 1387.162705987303 1383.332477575375 1388.7604097126525 1397.629982968075 1e-15 1e-15 1e-15 1e-15 1e-15 1e-15 1e-15 1e-15 1e-15 1e-15 1e-15 1e-15 1e-15 1e-15 1e-15 1e-15 1e-15 1e-15 1e-15 1e-15 1e-15 1e-15 1e-15 1e-15 1e-15 1e-15 1e-15 1e-15 1e-15 1e-15 1e-15 1e-15 1e-15 1e-15 
