# time step list:
1000000 10000000 20000000 30000000 40000000 50000000 60000000 70000000 80000000 90000000 100000000 110000000 120000000 130000000 140000000 150000000 160000000 170000000 180000000 190000000 200000000 210000000 220000000 230000000 240000000 250000000 260000000 270000000 280000000 290000000 300000000 310000000 320000000 330000000 340000000 350000000 360000000 370000000 380000000 390000000 400000000 410000000 420000000 430000000 440000000 450000000 460000000 470000000 480000000 490000000 500000000 510000000 520000000 530000000 540000000 550000000 560000000 570000000 580000000 590000000 600000000 610000000 620000000 630000000 640000000 650000000 660000000 670000000 680000000 690000000 700000000 710000000 720000000 730000000 740000000 750000000 760000000 770000000 780000000 790000000 800000000 810000000 820000000 830000000 840000000 850000000 860000000 870000000 880000000 890000000 900000000 910000000 920000000 930000000 940000000 950000000 960000000 970000000 980000000 990000000 1000000000 1010000000 1020000000 1030000000 1040000000 1050000000 1060000000 1070000000 1080000000 1100000000 1200000000 1400000000 1600000000 1800000000 2000000000 2300000000 2600000000 2900000000 3000000000 3200000000 3500000000 3800000000 4000000000 4100000000 4500000000 5000000000 6000000000 7000000000 8000000000 9000000000 10000000000 11000000000 12000000000 13000000000 14000000000 
# Number of SNIa + SNII (log_10):
0 0 6.896188216641724e+53 2.8183628986476583e+55 7.617716566521441e+55 1.2562899940864872e+56 1.6805211849123265e+56 2.096517779106243e+56 2.498530142623036e+56 2.858725854310886e+56 3.1724864332524494e+56 3.4461095823721705e+56 3.687326659197775e+56 3.902752154232581e+56 4.097247663829498e+56 4.274559343832559e+56 4.437508027559304e+56 4.588265526819493e+56 4.728542890634157e+56 4.8597121301705375e+56 4.982890594125259e+56 5.0990008464785385e+56 5.2088132159211015e+56 5.312978335782275e+56 5.412051187929732e+56 5.506507187026624e+56 5.59675955389245e+56 5.683168060623276e+56 5.766045799516289e+56 5.845670076528885e+56 5.922289847847587e+56 5.996137314974409e+56 6.067378166620965e+56 6.136198033205552e+56 6.202765043309863e+56 6.267221633412269e+56 6.329696261589816e+56 6.390297008541441e+56 6.4491531955801055e+56 6.506356206549044e+56 6.56199136840137e+56 6.616144533718804e+56 6.668888749461072e+56 6.720297484061874e+56 6.7704380037583705e+56 6.819371555572851e+56 6.8671550291295524e+56 6.913833035695281e+56 6.959471671373642e+56 7.004113100608737e+56 7.047792349420888e+56 7.090547640390599e+56 7.13242623676321e+56 7.173458725511308e+56 7.213679840676597e+56 7.253118765727456e+56 7.291807457963945e+56 7.329741701675815e+56 7.367017654283801e+56 7.403636628667628e+56 7.439614396901324e+56 7.474960741950127e+56 7.509679175612988e+56 7.543812582320821e+56 7.577390200072769e+56 7.610419244501618e+56 7.642921377968033e+56 7.674915943487735e+56 7.706414036520647e+56 7.737429133907666e+56 7.767981256517291e+56 7.798083899002779e+56 7.827735056117408e+56 7.85696792924262e+56 7.8857936584393e+56 7.91421373350582e+56 7.942241265843882e+56 7.969887844861405e+56 7.997163670998845e+56 8.024076561147417e+56 8.050641331339242e+56 8.076851131839377e+56 8.102737830452501e+56 8.128303964262307e+56 8.153550757476192e+56 8.178485902925921e+56 8.203118775750683e+56 8.227463234179077e+56 8.251512588122575e+56 8.275273576940761e+56 8.2987668095214e+56 8.321978700999598e+56 8.34493760932184e+56 8.367660763808697e+56 8.390126096994355e+56 8.41234001989329e+56 8.434313546168856e+56 8.456056374812735e+56 8.47756286355373e+56 8.498843631762522e+56 8.519900516646946e+56 8.540736197487196e+56 8.561372983520003e+56 8.581803264000234e+56 8.602026204800635e+56 8.622052317565778e+56 8.641879365979993e+56 8.661509470150956e+56 8.68095241251209e+56 8.719292532643853e+56 8.900843648175965e+56 9.221471168175819e+56 9.498321813011804e+56 9.74192999426509e+56 9.959458880059167e+56 1.0247488699951543e+57 1.0499710524818453e+57 1.0724052392395492e+57 1.0793697258859714e+57 1.0926069641041404e+57 1.1109796396765185e+57 1.1278313576866362e+57 1.138335489799078e+57 1.1433901786153067e+57 1.1624408998471515e+57 1.1839871588755222e+57 1.2212450105229876e+57 1.2527165423525715e+57 1.2799603252156207e+57 1.3039862982394488e+57 1.3254556263001206e+57 1.3448863456854701e+57 1.362616228709075e+57 1.3789223769959284e+57 1.3940167933037566e+57 
# Gas [Fe/H]:
-5.218485947384705 -6.812943270487043 -5.6956991418782845 -3.7333992092565715 -2.8394020802306628 -2.293354778772305 -1.9163757163783002 -0.7274845458858987 0.07693575664525731 0.6727052012182346 1.1101923165714593 1.3527817320628115 1.4351447232969647 1.4464203165608445 1.4370743879962196 1.4239270817913572 1.4113709906543281 1.400213228286049 1.3900856106104813 1.3806408354780322 1.3712341996969561 1.3626515763692182 1.3542011142061434 1.3459229333978748 1.3380760376092393 1.3318458188184583 1.3261499495208815 1.320531901286059 1.315195934014739 1.3102857325858603 1.3056722543421735 1.3012366481604714 1.2965654340273152 1.2918557951948948 1.2894178600425672 1.2890844154723995 1.2879386677349962 1.2859815104176375 1.286518511663739 1.285330923926804 1.2849237422474737 1.2845049680850367 1.28336258617392 1.2832913235511327 1.2820664193912163 1.2817037196200705 1.2810423029493685 1.2799611616450206 1.2802920512403397 1.2775813067940769 1.279209314372923 1.278134029959829 1.2777878605145485 1.278247955835322 1.274571549652304 1.2761620298591723 1.2775278072839158 1.2726292327924003 1.2749657170592976 1.2769654611174563 1.2728418782460125 1.2729319686839364 1.2753871322602763 1.2732176401037898 1.2688003650142057 1.2720828209554202 1.2733585638079008 1.2681567578060262 1.2635363436171927 1.2662823792312423 1.266659734002821 1.2612472351808242 1.2544375960026057 1.2579788313963354 1.2607698037584685 1.2571165358887093 1.2493826939420822 1.2475815286345568 1.2519379298874735 1.252986298723147 1.2483418321412563 1.2403883270583687 1.238511914565307 1.2439880993786288 1.2466306977165815 1.2428980087077282 1.235816624435813 1.2276340231490734 1.2321821623988813 1.2391094427524618 1.239456798569217 1.2343465576484296 1.2272791301408899 1.219743076289408 1.2221935889082949 1.229992266806081 1.2326176766982044 1.229503410736283 1.2230581667638054 1.2156483892473178 1.2096387904501333 1.2118827935373333 1.2156562637520865 1.2180436604736062 1.2187505504888807 1.2182907008852681 1.2170106311443805 1.2151656237993484 1.213437973641613 1.2136359160667678 1.20985268712111 1.2015991914551396 1.195697897583889 1.1898881670579087 1.185816673817825 1.1821708458620446 1.1793726505382112 1.1774695149963166 1.176418754533961 1.1759883749664115 1.1748640518349025 1.1753680025303783 1.175749075116852 1.1764827777578435 1.177487065238151 1.1808096339633485 1.1867164993385337 1.1926762423125594 1.1964957008197379 1.19827324715971 1.1982658572823541 1.1990141876831824 1.198183278373889 1.1974085096193168 1.196776608668498 
# Stellar mass-weighted [Fe/H]:
0 -5.218485947384705 -6.5705972582337075 -5.918053304604163 -4.384864888701852 -3.841873937266957 -3.6141264795214347 -3.525807333612546 -3.2007667195072935 -2.9349288250585133 -2.7716653427076334 -2.6671650298777507 -2.594616991740409 -2.5406212420111896 -2.498204880641004 -2.4635454309164695 -2.4343965357972763 -2.409346912526793 -2.387457782223387 -2.368075998264386 -2.350725140275972 -2.335055384305977 -2.320791865720232 -2.3077204554821193 -2.2956721128094086 -2.284514741354691 -2.274135531308046 -2.264439008996537 -2.255348036656498 -2.246799559282377 -2.238738206929595 -2.2311144672125485 -2.223884430283065 -2.2170150001351985 -2.210477368845079 -2.204246396200296 -2.198290602144496 -2.19258538569803 -2.1871236230636155 -2.181877084994846 -2.1768360120796553 -2.171986950426387 -2.1673113985290264 -2.162803684741413 -2.1584510243864816 -2.154245385145372 -2.150175330038814 -2.1462352057383365 -2.1424188921738985 -2.1387110609467612 -2.135118412514384 -2.1316281128377383 -2.128235675786179 -2.1249398027023254 -2.1216918925781068 -2.118593403815317 -2.115536118127297 -2.11259548001082 -2.1096960741221853 -2.1069134195310157 -2.10414417758843 -2.1014837980860763 -2.0988543914472517 -2.0963225775075296 -2.093799822526785 -2.0913799789733556 -2.088979327255026 -2.0866582473389172 -2.084343309812195 -2.0821208609303907 -2.079913509326725 -2.0777749608966873 -2.0756344912040987 -2.0735797687699913 -2.0715407537777155 -2.0695641589132876 -2.0675808671896343 -2.0656639484275807 -2.063765140758843 -2.0619315236539553 -2.060093611726044 -2.058302579799781 -2.0565171221172402 -2.0548001734625707 -2.0530886973102502 -2.051425569671931 -2.049753404116548 -2.0481243923894787 -2.0465049360758893 -2.044949410472481 -2.0433926374465843 -2.041876980316001 -2.040353169021043 -2.038863711941606 -2.037376595433498 -2.0359482110775184 -2.034521664147803 -2.033134863507458 -2.031737747219589 -2.030372145147865 -2.028994210694904 -2.0304687507995753 -2.031300375818436 -2.0319565375711894 -2.0325177556024663 -2.033009204144519 -2.033445751336388 -2.0338382322450492 -2.0341974275475883 -2.0348890643053377 -2.037398029927627 -2.040209113747811 -2.041776887737119 -2.042668689924385 -2.0432770271965293 -2.043842702469245 -2.044050391614552 -2.044104950693556 -2.044025466889872 -2.0440527598217892 -2.0438472132543604 -2.043733818828728 -2.043556248720863 -2.043555585562223 -2.043086079218159 -2.0428340796921844 -2.041785489403418 -2.040926972679716 -2.0401766291449475 -2.039311198627221 -2.0380843275688605 -2.037385678891334 -2.036346296562569 -2.035451217516168 -2.034748611859272 
# Gas [Mg/Fe]:
6.938893903907228e-17 -1.3877787807814457e-17 0.9677871132146745 0.9565854517013037 0.666468982983373 0.5018679527404559 0.3847587246980528 -0.5960966514275092 -1.1601476183995687 -1.444857842763942 -1.561580008874586 -1.6071716146755457 -1.6267159968421094 -1.635988152919143 -1.6399135575952977 -1.6392651469035024 -1.6324913750374548 -1.621946356296481 -1.610713837450928 -1.6026191537940864 -1.598452442134427 -1.5969257529777563 -1.596252307441026 -1.5958746136939643 -1.594863998112171 -1.5925805771060408 -1.589031155538437 -1.5849199879318319 -1.5802073768456326 -1.5769673443978436 -1.5735433424543128 -1.5696460642674834 -1.5656326703589953 -1.5592959377346487 -1.545169385790541 -1.5250048385391937 -1.5019225562558483 -1.4789580682019061 -1.4580551702854014 -1.4378540656380236 -1.4190835254898069 -1.4016235642230923 -1.3848126409399526 -1.3695544581257955 -1.354358362058019 -1.340792952751143 -1.3275716139470244 -1.3145960543157986 -1.3029867591390305 -1.2902050060404329 -1.282291258494047 -1.2784743236993774 -1.2815039846471898 -1.2885182589489235 -1.2945857000118428 -1.3039985430878123 -1.312515598149118 -1.3180507229521563 -1.328425299855588 -1.3390610289764817 -1.3434438459851084 -1.3514011414606049 -1.3625836677361283 -1.370773561780702 -1.3706345039037122 -1.3881505925024855 -1.3982349659823803 -1.4005079145627464 -1.4038835053114191 -1.4094526957488123 -1.4158276794314093 -1.41989680729778 -1.4225704496458864 -1.430102006888864 -1.4373982186785295 -1.4412005835167132 -1.4424804685718597 -1.4483878722583774 -1.4568412781685853 -1.4640609592213123 -1.4688500097156325 -1.472345118222157 -1.4783947979650809 -1.4868716168236746 -1.4937576683822253 -1.5020007524412358 -1.5054951502976257 -1.5091104171138041 -1.5152396210413808 -1.526512202655132 -1.537205164511742 -1.547435135114297 -1.541953385295608 -1.5427777626695982 -1.552925123828047 -1.5645053161248073 -1.562124986977882 -1.5839104913901207 -1.5877512072226172 -1.5920904998794372 -1.594818604588691 -1.597859268513556 -1.6008221424376232 -1.6023445150315565 -1.6036643563599213 -1.6051886926180148 -1.605899593505932 -1.6063813578818105 -1.6071982188767717 -1.608922135804779 -1.6173765291018916 -1.6299835732115648 -1.6381676058828922 -1.6452284722741157 -1.6510232002046619 -1.6570320372823268 -1.6611895301889432 -1.664319167501495 -1.6652229002264665 -1.6668952184009316 -1.668589724987257 -1.6705265032316108 -1.6714304641198259 -1.6718557945292292 -1.6734492928349085 -1.6749223868924759 -1.6772442137697592 -1.678954684632413 -1.6801629961031657 -1.6811143462319729 -1.6818598247455665 -1.6824789567998482 -1.6829842475755767 -1.6834512335360508 -1.6838211111957568 
# Stellar mass-weighted [Mg/Fe]:
0 -1.3877787807814457e-17 -1.3877787807814457e-17 0.9220896179824887 0.9556991847239737 0.7515614725564128 0.6503554988999213 0.6008118427068704 0.2832248194044854 0.01746227421833199 -0.146435820234961 -0.2508872874473158 -0.3229259418550958 -0.376184183017655 -0.41774884594462575 -0.45149659327731007 -0.4796901095218824 -0.5037320141036055 -0.5245670943302572 -0.54286754935851 -0.5591418207971182 -0.5737659893411649 -0.5870233544119685 -0.5991219532242473 -0.6102305803300716 -0.6204800108143003 -0.6299777534201955 -0.6388060292744281 -0.6470424395434735 -0.6547492190987029 -0.661991394976125 -0.6688130453224388 -0.6752520880758499 -0.6813411393701873 -0.6871052741966276 -0.6925473178916701 -0.6976745525011933 -0.7024987443950725 -0.7070450877891562 -0.7113477365878496 -0.715419279117123 -0.7192752588398715 -0.7229345599258129 -0.7264137351811971 -0.7297211031840568 -0.7328698116105651 -0.7358750822891846 -0.7387396960826134 -0.7414760569965674 -0.7440923631160712 -0.7465904102961949 -0.7489980656567781 -0.751329588463794 -0.7536189303712114 -0.7558927330770814 -0.7580890701389789 -0.7602845328912283 -0.7624110356669626 -0.7645188985641681 -0.7665713268837682 -0.7686337141635616 -0.7706114449738295 -0.7725864121164706 -0.774515711487153 -0.7764347106582039 -0.7782686442415676 -0.7801433206267634 -0.7819599061375372 -0.7837499031647367 -0.7854816733429822 -0.7872209752165904 -0.7888994895648711 -0.7905671317649041 -0.792181667777212 -0.7938118051975837 -0.795388530129369 -0.7969536415939341 -0.798464767266477 -0.799989825223147 -0.8014765480602306 -0.8029586543444107 -0.8043919871490557 -0.8058260633070876 -0.807230898340399 -0.8086428607361009 -0.8100097240491486 -0.8113769103348639 -0.8127026681355548 -0.8140384272525941 -0.815343735957641 -0.8166557967350079 -0.8179294573110049 -0.8192045644201624 -0.8204353684588845 -0.8216766058581186 -0.8228951269896037 -0.8241222165782581 -0.8252966708661197 -0.8264908567696582 -0.8276502350284871 -0.828819191048954 -0.8276367099073483 -0.8269992580264779 -0.8265049165138667 -0.8260754298124247 -0.8256905955652953 -0.8253465137074961 -0.825037921929759 -0.82475796796412 -0.8242609632773781 -0.8224086430725571 -0.8203608326948396 -0.819218495669229 -0.8186018226149437 -0.818221526604685 -0.8178563447155709 -0.8177413159925968 -0.8177459876689676 -0.8177862090388447 -0.817837798805079 -0.8180159689807742 -0.818096987087856 -0.8182846571725527 -0.818303853746504 -0.8186533473020919 -0.8188622302554045 -0.8196907518135472 -0.8203792049530825 -0.8209947249927945 -0.8217060164009538 -0.8225979256599246 -0.8231997102473831 -0.8239543215334905 -0.8247165957049731 -0.825225112519225 
# Gas [O/Fe]:
0.0 -2.220446049250313e-16 1.1904991274980499 1.1775359032466826 0.8296207097841224 0.6110641628808182 0.45827683365697536 -0.5375503138082506 -1.0898216702783357 -1.3503735443355036 -1.4518095485537141 -1.4883491194873248 -1.499138816811101 -1.5010840281650606 -1.5003453089762582 -1.498834431000976 -1.498227143669661 -1.4939555315996083 -1.4904054927380692 -1.4890801054356837 -1.4886991439661852 -1.4889663725925881 -1.4892076379287622 -1.4894927928792527 -1.4896279801621333 -1.489486697390728 -1.4891167225770263 -1.4885383255541798 -1.4882104674969812 -1.4874871840690895 -1.4868535712260833 -1.4863324729071064 -1.4858471779762499 -1.4851399955060227 -1.4839432085038227 -1.482332937787329 -1.4804441509426334 -1.4782722087403448 -1.4764228263098313 -1.4748462779733589 -1.4724188426222053 -1.4704207248922696 -1.4687316606024965 -1.4670620056005437 -1.465392940051868 -1.4637492432854908 -1.4623392436886518 -1.460552472626428 -1.4590467522121162 -1.4570446525625202 -1.4564463505413003 -1.4549706551686867 -1.4540891671450917 -1.4537024866087116 -1.4526947869842934 -1.4526714649308965 -1.4523693070537456 -1.452165474511786 -1.4513208398127226 -1.4510128861412532 -1.4500628426967255 -1.4499835695853103 -1.4511997369426932 -1.4495644609261935 -1.447890089919087 -1.4492527580800794 -1.44869097373794 -1.447864242681392 -1.4472700232695237 -1.4480652305424657 -1.4483950051564334 -1.4479096329174719 -1.4469553636069892 -1.4475794214026485 -1.4468931826515024 -1.4478711713858252 -1.4474055878914567 -1.4471627830352671 -1.4475085856705039 -1.4476482134587871 -1.4470958011894923 -1.4462222693469362 -1.445945371650512 -1.4468493200037995 -1.4474059305255782 -1.447284082793744 -1.447234797362583 -1.4448936300683142 -1.445176321436478 -1.4472137699280656 -1.4491956549369487 -1.4464325823534527 -1.4287385958138203 -1.4436393836859 -1.4533329625863995 -1.4521364605574283 -1.4498287902322788 -1.447049886173997 -1.4459535486466588 -1.4452115058742332 -1.4435270045036337 -1.4456332474804718 -1.4460412557299498 -1.4460885850500216 -1.4463978271767284 -1.446348850297141 -1.4461457560105884 -1.4458946141424873 -1.4456004863009273 -1.4458124350042114 -1.4456519885939882 -1.4453483251425694 -1.4460694084949386 -1.4467831911216789 -1.4477021838657755 -1.4495206678951467 -1.4514621431323635 -1.453406192393145 -1.4540257194052868 -1.4553256782272548 -1.4570444229329518 -1.4586526583894805 -1.4596232582810766 -1.459769931028335 -1.4618219238471062 -1.4638185575456137 -1.4671987694668196 -1.4699187054202925 -1.471975515570139 -1.4735268302317057 -1.4747667564591933 -1.47578886648169 -1.4766457415019643 -1.4773826083411272 -1.4780170004354176 
# Stellar mass-weighted [O/Fe]:
0 0.0 0.0 1.142461910883389 1.1766291519659626 0.9367673816995388 0.8115026803902143 0.7511080359717248 0.4301240202897365 0.1638022992996011 3.285867269875453e-05 -0.1042930195735905 -0.1762444760066375 -0.22940986738510716 -0.27087681758640214 -0.304535496778339 -0.332667019026457 -0.35670938120458284 -0.3775867686312573 -0.3959712539740795 -0.4123560244806189 -0.4270957425299875 -0.44046489657110344 -0.45266978489516685 -0.4638800969294662 -0.4742305335358681 -0.4838327146359137 -0.4927721377401135 -0.5011263431277829 -0.5089602963997111 -0.5163293404344647 -0.523279985335891 -0.5298525112209457 -0.5360790983847581 -0.5419924690853289 -0.5476206092924597 -0.5529842105576176 -0.558098907201799 -0.5629852344184326 -0.5676686592732128 -0.5721587912830752 -0.5764651194403558 -0.5806032805184187 -0.584588262094517 -0.5884237501499061 -0.5921231101605304 -0.5956957372884809 -0.5991447955302888 -0.6024814641144027 -0.605709877345738 -0.6088367367419028 -0.6118717703658239 -0.6148112235933648 -0.617667813451411 -0.6204673429989076 -0.623143457791823 -0.6257833314273258 -0.6283107074408486 -0.6308033387726243 -0.6331975659112676 -0.6355713114716453 -0.6378437302839475 -0.6400956281780124 -0.6422664503577327 -0.6444089517710198 -0.6464668289691395 -0.648523503800504 -0.6504983949775194 -0.6524507974710047 -0.6543368829421614 -0.6562229605592472 -0.6580327895607304 -0.6598279504391007 -0.6615639844052058 -0.6633045604673099 -0.6649754661915345 -0.6666346520220895 -0.6682384993752125 -0.6698479937191645 -0.6714042641345167 -0.672947517872036 -0.6744357079417443 -0.6759230550752041 -0.6773728375540117 -0.6788213723339023 -0.6802161350624252 -0.6816031123813544 -0.6829479502601102 -0.684299206071016 -0.6856149868490412 -0.686926450887415 -0.688190318041339 -0.6894447188296184 -0.6906464684941547 -0.6918837931250762 -0.6930965986896954 -0.6943020187907096 -0.6954582196792002 -0.6966073587099999 -0.6977251286975863 -0.6988517486728898 -0.6976509363778969 -0.696993599804685 -0.6964778382846302 -0.6960264414198591 -0.6956211752671251 -0.6952582217589315 -0.6949317944420172 -0.6946352659756544 -0.6941083404976498 -0.6921221178815484 -0.6899042236307174 -0.6886534954357008 -0.6879712269517272 -0.6875421895439922 -0.6871222186203587 -0.6869769815788254 -0.686962508393683 -0.6870033421265958 -0.6870419931980074 -0.6872210448001955 -0.6872964021319541 -0.687484436813981 -0.6874974353773299 -0.6878627730562764 -0.6880699711597823 -0.6889256067438578 -0.6896385039463431 -0.6902728834714995 -0.6910073059926088 -0.6919532884290738 -0.6925685369078678 -0.6933693591238617 -0.6941519066640599 -0.6946918800627273 
# Stellar mass-weighted [N/O]:
0 0.0 0.0 -1.6446288574579087 -1.831441639575485 -1.6114437198009188 -1.2497561630804306 -0.9386049522449988 -0.7061232794028831 -0.5399446417752325 -0.4198915712564566 -0.3328709209992109 -0.26911416953598133 -0.22052641031115838 -0.18108580327308177 -0.14727554852731606 -0.11672194933610425 -0.08754190638799264 -0.05915208544571937 -0.031797647218843705 -0.006806947589831358 0.015035487187662677 0.03383392887056613 0.05011078568088423 0.0643580296857974 0.07661690713166547 0.08652337920705366 0.09407202141885418 0.09954465229025977 0.10325543908161172 0.10547027040134427 0.10640360646180502 0.10621779735412185 0.10504785150995222 0.10313672728171275 0.1009857549595149 0.0989355847634682 0.09707768010087359 0.09541221006405509 0.0938944969936274 0.09249601449159961 0.09119720788860952 0.08998592401719063 0.08885268331497742 0.08778088409533902 0.08675548176516423 0.08579785606597357 0.08488961544944218 0.08402122621402774 0.08318764503709852 0.08238271253964224 0.08161649381718239 0.08087932890608285 0.0801732248558944 0.07948775144809339 0.0788399922280223 0.07821223004476285 0.07761186619637572 0.07703051499867375 0.07647299755565595 0.07593019391458944 0.07540547477670767 0.07489515668102364 0.07441524425283041 0.07393675727324722 0.07347417777525522 0.0730276243948762 0.07259892354778319 0.07216217471157604 0.07175270117894805 0.0713616847031624 0.07097579418026301 0.07058694925697073 0.07021757978446819 0.06986015385894151 0.06950528310516324 0.06915050025598035 0.06881000769237877 0.06848293790876814 0.06816890352854454 0.06784337544919594 0.06752734561924378 0.06719538672606362 0.06691246294787545 0.06663809587364211 0.06635837001969147 0.0660701512468912 0.06578987571374484 0.06552169618384984 0.06526863343315126 0.0650109437351093 0.06475030329881815 0.06448741740778419 0.06422279413678367 0.06398588692600748 0.06376562426969634 0.06354004663934809 0.06331028566684338 0.06306973271500915 0.06284090209068005 0.0626171991370017 0.06283388255103506 0.06295641784659678 0.06304557573098513 0.06310933926855078 0.0631601938949935 0.06321075006236421 0.06326260981985066 0.06331735974900943 0.06342461100622754 0.06376823695757217 0.06429499101027236 0.06470100943106183 0.06515593397491837 0.06556511329141357 0.0660604850994112 0.0665839514501253 0.06708772052160517 0.06727907881036999 0.06757113314527541 0.06807548842824562 0.06842768020112988 0.06879915971855433 0.06888727296788022 0.0695246811332011 0.06999199837502545 0.07128217583122287 0.0722929561282688 0.07319039205355038 0.07412831261448283 0.07515276973919005 0.07601275051825607 0.07683187418842963 0.07783247862902287 0.07840339033218646 
# Stellar mass-weighted [C/O]:
0 -1.1102230246251565e-16 -1.1102230246251565e-16 -1.1705896435150687 -1.2116190307923596 -1.0049706102836367 -0.8874783481525765 -0.8357809789409008 -0.7975367369918058 -0.7607213097927452 -0.7292282809712582 -0.7032759631217581 -0.6813967847875249 -0.6625562578580942 -0.6459150421196483 -0.6308645093257115 -0.6169287788114135 -0.6036825190124501 -0.5909566979166382 -0.5786880236437121 -0.566771537586231 -0.5551292181883946 -0.543766650655251 -0.5326971582240494 -0.5219153326110901 -0.5108890313672734 -0.49869173279318724 -0.4849855565712019 -0.4699853102731154 -0.454066122854315 -0.43757725496977307 -0.4207814281729222 -0.40386902728004015 -0.3869668878035798 -0.3700188796080238 -0.3527785990354466 -0.3351814250231744 -0.3172314219416932 -0.2990536411649385 -0.28082783602077965 -0.26283978902253935 -0.24506071649331262 -0.2276016009013352 -0.21041756600997957 -0.19358406820398144 -0.17706481429969928 -0.16094416912955511 -0.14519936650439697 -0.12972210270856854 -0.11480763968465807 -0.10017317474703558 -0.08605935361487244 -0.07234746806514891 -0.05924164470028004 -0.04665110482763596 -0.03458332177987078 -0.022968519812237242 -0.012003768136380322 -0.0010962416625571736 0.00914664338533544 0.019093128826444622 0.02876407446269566 0.03823017003529877 0.04714430847837045 0.05597725072405271 0.0645795725671669 0.07284836436957648 0.08059246685293084 0.08825448670418923 0.09555716295357833 0.1024955943495865 0.10901057341063633 0.11546752728019954 0.12169019776819376 0.12763483503819753 0.13318103746517776 0.13867883246040524 0.143977693170399 0.14925012055841175 0.15414781017540857 0.15888601281870857 0.16346677185581496 0.16808889229667334 0.17248286706232172 0.17666247782167416 0.18059194408723067 0.18451644574473702 0.18837089082166805 0.19227912805651143 0.19588698377831162 0.19931914939948736 0.20259809059760214 0.20590514746945401 0.20914285442548347 0.21245838079318005 0.21556187237590899 0.21849738763588372 0.22127455051824796 0.22406003413421016 0.22680804882493202 0.22961866463347164 0.226609865718837 0.22494100729654476 0.22363303157812325 0.22250291191705848 0.2214941481920899 0.22058199570062897 0.21975073240259066 0.2189835969347453 0.21760675636160545 0.21246607071455073 0.20647691365119714 0.20291364083742905 0.20061464056211742 0.19897512123199987 0.1972129868980286 0.19605809199329388 0.19525333178332394 0.19507269802611246 0.19469298762927478 0.19433869862645328 0.19397431227733108 0.19386279407017565 0.19374723682208222 0.1936508698888295 0.19339781897146552 0.19344604234287419 0.1935699497909606 0.19368271467547213 0.19397300495803207 0.1946449666604457 0.19475905974407898 0.19540829293789072 0.1957014119640122 0.19611189332324502 
# Stellar mass-weighted [O/H]:
0 -5.218485947384705 -6.5705972582337075 -4.775591393720772 -3.2082357367358902 -2.905106555567418 -2.8026237991312195 -2.7746992976408213 -2.7706426992175563 -2.7711265257589126 -2.7716324840349342 -2.7714580494513426 -2.7708614677470473 -2.770031109396296 -2.7690816982274056 -2.7680809276948093 -2.767063554823734 -2.766056293731376 -2.765044550854644 -2.7640472522384654 -2.763081164756591 -2.762151126835964 -2.7612567622913353 -2.760390240377286 -2.7595522097388754 -2.7587452748905594 -2.7579682459439585 -2.757211146736651 -2.7564743797842803 -2.755759855682088 -2.7550675473640593 -2.754394452548439 -2.7537369415040107 -2.7530940985199575 -2.7524698379304082 -2.7518670054927563 -2.751274812702113 -2.7506842928998294 -2.750108857482049 -2.749545744268059 -2.74899480336273 -2.748452069866742 -2.7479146790474447 -2.747391946835931 -2.746874774536388 -2.7463684953059015 -2.745871067327295 -2.7453800012686242 -2.7449003562883023 -2.7444209382924987 -2.743955149256286 -2.7434998832035626 -2.743046899379544 -2.7426076161537365 -2.742159235577015 -2.741736861607139 -2.7413194495546227 -2.740906187451669 -2.7404994128948097 -2.740110985442283 -2.7397154890600754 -2.7393275283700236 -2.738950019625264 -2.7385890278652623 -2.7382087742978047 -2.7378468079424945 -2.737502831055531 -2.737156642316436 -2.7367941072832 -2.7364577438725517 -2.736136469885972 -2.7358077504574174 -2.7354624416431994 -2.7351437531751968 -2.7348453142450255 -2.734539625104822 -2.734215519211724 -2.7339024478027927 -2.7336131344780066 -2.733335787788472 -2.73304112959808 -2.7327382877415243 -2.7324401771924443 -2.7321730110165827 -2.731910069644152 -2.731641704734357 -2.731356516497903 -2.7310723426495898 -2.730804142146906 -2.7305643973215226 -2.7303190883339994 -2.7300672983573406 -2.72979788785066 -2.729510180435761 -2.7292603885585747 -2.7290448097672133 -2.728823682938513 -2.7285930831866585 -2.7283451059295887 -2.728097273845451 -2.7278459593677935 -2.7281196871774718 -2.7282939756231217 -2.7284343758558194 -2.728544197022326 -2.728630379411644 -2.7287039730953193 -2.7287700266870667 -2.728832693523243 -2.728997404802988 -2.7295201478091764 -2.730113337378529 -2.73043038317282 -2.730639916876113 -2.730819216740521 -2.730964921089604 -2.7310273731933776 -2.7310674590872397 -2.7310288090164674 -2.7310947530197964 -2.731068258054556 -2.7310302209606823 -2.7310406855348432 -2.7310530209395525 -2.7309488522744365 -2.730904050851967 -2.7307110961472754 -2.730565476626059 -2.730449512616447 -2.730318504619829 -2.7300376159979347 -2.729954215799202 -2.729715655686431 -2.729603124180228 -2.7294404919219986 
# Gas [Mg/H]:
-5.218485947384705 -6.812943270487043 -4.72791202866361 -2.776813757555268 -2.17293309724729 -1.791486826031849 -1.5316169916802478 -1.3235811973134082 -1.0832118617543118 -0.7721526415457065 -0.45138769230312725 -0.25438988261273376 -0.19157127354514536 -0.18956783635829844 -0.20283916959907788 -0.21533806511214504 -0.2211203843831262 -0.221733128010432 -0.22062822684044647 -0.2219783183160544 -0.22721824243747069 -0.23427417660853855 -0.24205119323488322 -0.24995168029608905 -0.2567879605029324 -0.2607347582875823 -0.26288120601755516 -0.2643880866457726 -0.2650114428308932 -0.26668161181198347 -0.26787108811213933 -0.2684094161070121 -0.26906723633168017 -0.2674401425397539 -0.2557515257479741 -0.23592042306679417 -0.21398388852085226 -0.19297655778426837 -0.17153665862166267 -0.15252314171121917 -0.1341597832423327 -0.11711859613805498 -0.10145005476603242 -0.08626313457466317 -0.07229194266680317 -0.05908923313107195 -0.04652931099765567 -0.03463489267077868 -0.022694707898691213 -0.012623699246355535 -0.0030819441211233922 -0.0003402937395486916 -0.0037161241326417738 -0.010270303113601997 -0.020014150359537908 -0.02783651322863978 -0.03498779086520187 -0.045421490159756495 -0.053459582796290483 -0.06209556785902581 -0.07060196773909588 -0.07846917277666865 -0.08719653547585171 -0.0975559216769124 -0.10183413888950721 -0.1160677715470646 -0.12487640217447993 -0.1323511567567195 -0.14034716169422623 -0.14317031651756995 -0.14916794542858813 -0.15864957211695518 -0.16813285364328134 -0.17212317549252898 -0.17662841492006098 -0.18408404762800323 -0.19309777462977706 -0.2008063436238201 -0.20490334828111134 -0.21107466049816548 -0.22050817757437624 -0.2319567911637881 -0.23988288339977348 -0.24288351744504588 -0.2471269706656436 -0.25910274373350717 -0.2696785258618126 -0.2814763939647307 -0.2830574586424994 -0.28740275990266984 -0.29774836594252463 -0.3130885774658676 -0.3146742551547179 -0.32303468638018984 -0.33073153491975216 -0.3345130493187263 -0.32950731027967795 -0.3544070806538375 -0.36469304045881223 -0.3764421106321194 -0.3851798141385574 -0.38597647497622223 -0.38516587868553653 -0.38430085455795027 -0.3849138058710402 -0.38689799173274597 -0.3888889623615519 -0.39121573408246224 -0.3937602452351596 -0.3952862197380105 -0.4075238419807823 -0.428384381756425 -0.44246970829900345 -0.4553403052162075 -0.46520652638683657 -0.47486119142028294 -0.48181687965073294 -0.4868496525051782 -0.4888041456925052 -0.4909068434345194 -0.4937256731523547 -0.4951585007012316 -0.4956813890029741 -0.4953730167713859 -0.495962227596757 -0.4941127529291265 -0.49052771443122545 -0.4862784423198532 -0.48366729528342844 -0.4828410990722629 -0.4835939674632126 -0.483464769116666 -0.4848009692016877 -0.486042723916734 -0.48704450252725895 
# Gas [C/H]:
-5.218485947384705 -6.812943270487043 -5.72750489110911 -3.768556237791958 -2.917988273445686 -2.3785832286415793 -2.026734840993889 -1.6290702015822278 -1.1194672133561854 -0.6109740498309701 -0.19347063624308536 0.05397028082391442 0.1488970467078916 0.17571865983596036 0.18377197883414853 0.19049221911403968 0.2018050033562564 0.2164375741373581 0.23166132839478237 0.24773629468152514 0.26412855842373384 0.280068252439146 0.29456647882117126 0.30789391982854664 0.3326475022261932 0.3815288752279744 0.4418298245361534 0.49977625934992354 0.5507603462443451 0.5947102099426145 0.6327707075435827 0.6660646219786193 0.6955305093062103 0.7243548188510895 0.7586279784102916 0.7963546419806198 0.8334746791760002 0.8679028987050419 0.9014144287657961 0.9279839636214522 0.9541204477030312 0.9775151531539819 0.9995685088487756 1.0206913231336157 1.0401001355326014 1.0581824628155312 1.0751906439848828 1.0927455487681081 1.1061569278968597 1.1195304417224992 1.1327689854905318 1.1439370808101064 1.1510152651728092 1.1566514940827033 1.1620486315817269 1.1673164197466788 1.1725199438438603 1.1772312974507595 1.181877902958823 1.186191720324362 1.1907544386865658 1.1956262020094512 1.1994430180788047 1.2029839395008417 1.2069344688562813 1.2094640251296034 1.2088337372145341 1.2067643680777436 1.2036524716873562 1.2002105865656714 1.1968106218738868 1.1926425851797053 1.188160089732412 1.1855223404134119 1.18242796097593 1.1786023552683749 1.1718965824410508 1.1714481300504427 1.1696651891489367 1.1652787975415584 1.160852968386243 1.1564371311616406 1.1524799603979496 1.1491649342099053 1.1457828545382558 1.1415643158567215 1.1376284190625685 1.1336720517492909 1.1304515378757198 1.1274058734480015 1.1237372697302366 1.1199560613904156 1.1161999077311133 1.1124390223534695 1.10907334868633 1.1062144140080306 1.1030987951105309 1.0991616015259669 1.0955883543699936 1.0926522947121087 1.0906192407351138 1.0881098564279514 1.0863663293473187 1.084998103398044 1.083549726651925 1.0822944352945472 1.080858596838528 1.0793819997605603 1.0779633153620796 1.0754578992050439 1.063068230285026 1.0385618606570999 1.014075159848653 0.9905432193539867 0.9689521366370992 0.941326405109971 0.9170376592203833 0.8951095251145693 0.8887311335814716 0.8747073269442542 0.8564694958433234 0.8412594702291538 0.8319972271356284 0.8280601504737763 0.811863416067264 0.7953429222828521 0.7666115455341869 0.7433085761360054 0.7238216129888593 0.7065412584059341 0.6905887124640442 0.6776164709950634 0.664853577744628 0.6536702214926451 0.6437089435783787 
# Gas [O/H]:
-5.218485947384705 -6.812943270487043 -4.505200014380235 -2.555863306009889 -2.0097813704465404 -1.6822906158914872 -1.458098882721326 -1.2650348596941496 -1.0128859136330783 -0.6776683431172685 -0.3416172319822546 -0.13556738742451335 -0.0639940935141361 -0.054663711604216125 -0.06327092098003861 -0.07490734920961906 -0.0868561530153329 -0.09374230331355937 -0.10031988212758813 -0.10843926995765152 -0.11746494426922904 -0.12631479622336972 -0.13500652372261923 -0.14356985948137746 -0.1515519425528944 -0.15764087857226938 -0.16296677305614482 -0.16800642426812074 -0.17301453348224216 -0.1772014514832292 -0.18118131688390937 -0.18509582474663544 -0.18928174394893515 -0.19328420031112836 -0.19452534846125502 -0.19324852231492962 -0.19250548320763672 -0.1922906983227075 -0.1899043146460926 -0.18951535404655528 -0.18749510037473183 -0.18591575680723293 -0.1853690744285763 -0.18377068204941116 -0.18332652066065114 -0.18204552366542037 -0.18129694073928304 -0.1805913109814079 -0.1787547009717767 -0.1794633457684438 -0.1772370361683775 -0.17683662520885735 -0.17630130663054322 -0.1754545307733899 -0.17812323733198898 -0.17650943507172423 -0.17484149976982977 -0.17953624171938598 -0.17635512275342524 -0.1740474250237969 -0.17722096445071323 -0.17705160090137406 -0.17581260468241666 -0.17634682082240438 -0.1790897249048813 -0.17716993712465934 -0.1753324099300393 -0.17970748487536525 -0.183733679652331 -0.18178285131122296 -0.18173527115361265 -0.18666239773664772 -0.19251776760438366 -0.18960059000631357 -0.1861233788930341 -0.19075463549711547 -0.198022893949374 -0.19958125440071006 -0.19557065578303012 -0.19466191473563965 -0.19875396904823628 -0.20583394228856733 -0.20743345708520478 -0.20286122062517098 -0.20077523280899667 -0.20438607408601595 -0.21141817292677034 -0.21725960691924096 -0.21299415903759655 -0.20810432717560312 -0.2097388563677316 -0.21208602470502358 -0.20145946567293072 -0.22389630739649258 -0.23113937367810466 -0.22214419375134797 -0.21721111353407485 -0.2175464754377141 -0.22289538188285363 -0.22956311662691586 -0.23388821405350013 -0.23375045394313787 -0.23038499197786377 -0.22804492457641556 -0.227647276687847 -0.22805814941187297 -0.2291351248662079 -0.23072899034313865 -0.2321625126593143 -0.23217651893744318 -0.2357993014728783 -0.2437491336874298 -0.2503715109110498 -0.2568950240637702 -0.26188551004795046 -0.2673498220331023 -0.27208949259415194 -0.27593667739682814 -0.27760696487132597 -0.27933730326084305 -0.28218037109804905 -0.28328465585910223 -0.2838741831642251 -0.28328715327049236 -0.2843348586089549 -0.28300892358226504 -0.28048227012828564 -0.2772424631077328 -0.2754798147504016 -0.27525358307199577 -0.27650089917683873 -0.27677467879850814 -0.2784624631280752 -0.27997409872181045 -0.28124039176691973 
# Gas [N/O]:
0.0 0.0 -1.8320422993177141 -1.8370695381140378 -1.5107114377514268 -0.8987347068910139 -0.3098252530892165 0.20918097041583783 0.5965550120609969 0.8359383051271106 0.9491290275679131 0.9951251136780914 1.0119637708353397 1.0238934818775534 1.0391811811543847 1.0626420299393786 1.0996212525452929 1.138711301641658 1.1756622767403542 1.198044540909743 1.2037911757240791 1.1993197511856803 1.1906804585036617 1.1808145730668436 1.164317679483293 1.1308149571988202 1.0809254868013913 1.0183813703406415 0.9446550561087613 0.8572497257678208 0.7519459998110274 0.6182182629563471 0.4328543338862762 0.1588080505720728 -0.1888057823660927 -0.5364987472609943 -0.7879726884025811 -0.8790000162327787 -0.9396389913462668 -0.9685024103230127 -0.9740527127589769 -0.9724042728132616 -0.97116796939296 -0.9782108784410424 -1.0417425779290475 -0.9833485902218095 -0.9489667136678137 -0.9611360495173602 -0.9681849919388992 -0.9986439567306247 -0.993900326018144 -0.9791625832337321 -0.9654549381186961 -0.9640655597108063 -0.936354772391645 -0.9300235656602256 -0.9218106120997644 -0.8915886966999 -0.8901497549142559 -0.8830689994996581 -0.8690307348682709 -0.857504854807613 -0.845102344375867 -0.8304264867752473 -0.8217023100766114 -0.8395301900256731 -0.8111880804506448 -0.8306877070249206 -0.803137383389755 -0.7826322775298193 -0.7822314277181788 -0.7866887557345932 -0.7859219478819679 -0.79221167019411 -0.7995491464008455 -0.7893752081300056 -0.7834127377011069 -0.7754974446907645 -0.7724644655201953 -0.7966037531492305 -0.7846142117776143 -0.9009946795254755 -0.7621703560618187 -0.714948706276958 -0.7356736912931734 -0.7503614314574811 -0.764270318659017 -0.7480280246570763 -0.7533219747383264 -0.7659765053152485 -0.7796832091535206 -0.7528083297990156 -0.7379280581900147 -0.7401919938413943 -0.7627351034486014 -0.7589183786117533 -0.7442652097518945 -0.7491489743525397 -0.7472101374999645 -0.7587165406561558 -0.7372635728360375 -0.7381975937452263 -0.7380514101848679 -0.7382595460733619 -0.7410859697052663 -0.7413218728099193 -0.7436627687604911 -0.7428975484532585 -0.7415340332593643 -0.7396950647604601 -0.748133664628513 -0.7527286634412882 -0.7545556926495101 -0.7542852893230652 -0.7552007296239207 -0.7583230681737363 -0.7628889524944746 -0.7682788107522207 -0.7694511011293843 -0.7734193090766239 -0.779003507317656 -0.784556614285941 -0.7885750215182552 -0.7910238699739591 -0.7982774460946886 -0.8086416964502332 -0.8273573030370347 -0.8449433265162951 -0.8588662028174749 -0.8695322051895462 -0.8780357984326352 -0.8858530246422511 -0.88999400135956 -0.8957860857732582 -0.8996467293389285 
# Gas [N/H]:
-5.218485947384705 -6.812943270487043 -6.337242313697949 -4.392932844123928 -3.520492808197968 -2.5810253227825006 -1.7679241358105422 -1.0558538892783114 -0.4163309015720813 0.15826996200984134 0.6075117955856579 0.8595577262535783 0.9479696773212036 0.9692297702733375 0.9759102601743459 0.9877346807297598 1.0127650995299597 1.0449689983280988 1.075342394612766 1.0896052709520916 1.08632623145485 1.0730049549623106 1.0556739347810424 1.0372447135854657 1.0127657369303988 0.9731740786265504 0.9179587137452465 0.8503749460725207 0.7716405226265195 0.6800482742845912 0.5707646829271176 0.4331224382097121 0.2435725899373411 -0.03447614973905466 -0.38333113082734815 -0.7297472695759231 -0.9804781716102173 -1.0712907145554862 -1.1295433059923594 -1.1580177643695677 -1.1615478131337085 -1.1583200296204943 -1.1565370438215368 -1.161981560490453 -1.2250690985896995 -1.1653941138872295 -1.1302636544070976 -1.1417273604987672 -1.1469396929106752 -1.1781073024990683 -1.1711373621865206 -1.1559992084425899 -1.1417562447492395 -1.1395200904841953 -1.1144780097236344 -1.1065330007319494 -1.096652111869595 -1.0711249384192856 -1.0665048776676809 -1.0571164245234552 -1.0462516993189839 -1.0345564557089864 -1.0209149490582838 -1.0067733075976513 -1.000792034981492 -1.0167001271503322 -0.9865204903806841 -1.0103951919002858 -0.986871063042086 -0.9644151288410425 -0.9639666988717916 -0.9733511534712402 -0.9784397154863509 -0.9818122602004236 -0.9856725252938796 -0.9801298436271217 -0.9814356316504815 -0.9750786990914744 -0.9680351213032248 -0.9912656678848704 -0.9833681808258508 -1.106828621814044 -0.9696038131470228 -0.9178099269021285 -0.9364489241021703 -0.9547475055434971 -0.9756884915857871 -0.9652876315763166 -0.9663161337759236 -0.9740808324908521 -0.9894220655212527 -0.9648943545040387 -0.939387523862945 -0.9640883012378865 -0.9938744771267061 -0.9810625723631006 -0.9614763232859689 -0.9666954497902545 -0.9701055193828179 -0.9882796572830719 -0.9711517868895374 -0.9719480476883646 -0.9684364021627312 -0.9663044706497779 -0.9687332463931133 -0.9693800222217916 -0.9727978936266997 -0.9736265387963972 -0.9736965459186786 -0.9718715836979035 -0.983932966101392 -0.9964777971287182 -1.0049272035605599 -1.0111803133868351 -1.0170862396718716 -1.025672890206839 -1.034978445088627 -1.0442154881490486 -1.0470580660007105 -1.0527566123374674 -1.0611838784157044 -1.0678412701450428 -1.0724492046824796 -1.0743110232444515 -1.0826123047036438 -1.0916506200324978 -1.1078395731653208 -1.1221857896240275 -1.134346017567876 -1.144785788261542 -1.1545366976094744 -1.1626277034407595 -1.168456464487635 -1.1757601844950685 -1.1808871211058491 
# Gas [C/O]:
0.0 0.0 -1.222304876728875 -1.2126929317820685 -0.9082069029991453 -0.6962926127500925 -0.5686359582725635 -0.3640353418880785 -0.10658129972310715 0.06669429328629878 0.14814659573916938 0.18953766824842727 0.21289114022202785 0.23038237144017626 0.24704289981418698 0.26539956832365824 0.2886611563715893 0.31017987745091735 0.33198121052237006 0.3561755646391769 0.381593502692963 0.40638304866251573 0.4295730025437906 0.4514637793099244 0.48419944477908716 0.5391697538002439 0.6047965975922978 0.6677826836180443 0.723774879726587 0.7719116614258439 0.8139520244274923 0.8511604467252545 0.884812253255145 0.9176390191622177 0.953153326871547 0.9896031642955492 1.0259801623836369 1.0601935970277494 1.0913187434118883 1.1174993176680066 1.1416155480777626 1.1634309099612148 1.1849375832773519 1.2044620051830264 1.2234266561932525 1.2402279864809513 1.2564875847241659 1.2733368597495156 1.2849116288686362 1.2989937874909425 1.3100060216589091 1.3207737060189642 1.3273165718033526 1.3321060248560928 1.3401718689137159 1.3438258548184026 1.3473614436136905 1.3567675391701457 1.358233025712248 1.3602391453481588 1.3679754031372788 1.372677802910825 1.375255622761221 1.3793307603232459 1.3860241937611628 1.3866339622542623 1.3841661471445734 1.386471852953109 1.387386151339687 1.3819934378768948 1.3785458930274992 1.3793049829163528 1.3806778573367955 1.3751229304197252 1.368551339868964 1.3693569907654903 1.3699194763904252 1.371029384451153 1.365235844931967 1.359940712277199 1.359606937434479 1.3622710734502081 1.3599134174831544 1.352026154835076 1.3465580873472525 1.3459503899427372 1.3490465919893386 1.3509316586685314 1.3434456969133166 1.3355102006236048 1.333476126097968 1.332042086095439 1.3176593734040445 1.3363353297499616 1.340212722364435 1.328358607759378 1.3203099086446055 1.3167080769636816 1.318483736252847 1.3222154113390243 1.3245074547886144 1.3218603103710898 1.316751321325182 1.3130430279744592 1.311197003339772 1.31035258470642 1.3099937217047362 1.310110990103699 1.3101258280213939 1.307634418142487 1.2988675317579044 1.2823109943445299 1.2644466707597029 1.2474382434177569 1.2308376466850501 1.208676227143073 1.1891271518145357 1.1710462025113975 1.1663380984527978 1.1540446302050975 1.1386498669413725 1.1245441260882558 1.115871410299853 1.1113473037442683 1.0961982746762189 1.078351845865117 1.0470938156624725 1.0205510392437382 0.9993014277392606 0.98179484147793 0.9670896116408836 0.9543911497935716 0.9433160408727035 0.9336443202144561 0.9249493353452986 
# Gas [Ca/H]:
-5.218485947384705 -6.812943270487043 -5.010219956883164 -3.0584202639969806 -2.4240756336907694 -2.0104454871437065 -1.7152291426378001 -0.8434971146473291 -0.07949577379057438 0.5086575557631159 0.9441375032636081 1.1860052541798902 1.2681589268035145 1.279383697374489 1.270035581489597 1.2568960686006845 1.2443401155890585 1.2331757968461066 1.223059510376478 1.2136103612021207 1.2041952565032714 1.1956241112822097 1.187173943956834 1.1788947393953864 1.1710452802140754 1.164819386424731 1.1591188648366861 1.1535109198056794 1.1481742069035539 1.143258790758039 1.1386716107088874 1.1342133858191428 1.1295282997716853 1.1248259417842537 1.1223978170324447 1.1220673124324474 1.1209164274185586 1.1206378046089576 1.11952476415951 1.117388701536533 1.1172190216524323 1.1172642310286198 1.1163692861150798 1.1165636217240662 1.1150388982384598 1.1145097782221995 1.1138641877869366 1.1129053221438854 1.1132698462487447 1.1105722964176747 1.112171812247201 1.1111014413446174 1.1107758493111914 1.1112170284808638 1.1074852612847224 1.1090718785591243 1.1104169554034549 1.1056712261709079 1.1079465527331855 1.1099921840684086 1.1058933964231565 1.1059592973282708 1.108376903069006 1.1063214563238173 1.101623471620333 1.1049936567406213 1.1064121574866554 1.1011554161746036 1.0965027905552116 1.0992468089165257 1.0996327214323243 1.094244568991332 1.0874666840657454 1.0910172572646228 1.0937796718826318 1.0901286381370534 1.0823801627684668 1.0805593070642985 1.0849270358461638 1.085993316830689 1.081348381190172 1.073379601285934 1.071564072415029 1.0769739223673387 1.0795995542721455 1.075858609865679 1.06887503843853 1.0605782240698556 1.065191321677876 1.071998786710826 1.0724325710043958 1.0673649358832078 1.0602675592845099 1.0527409951550624 1.055222434306624 1.063061410014785 1.0657123150906571 1.0624460798293267 1.0560057487165322 1.048607675300337 1.0426451203466227 1.0449101379567116 1.0489626385169766 1.0512386793875121 1.0518227070491477 1.0512848518820697 1.049981945254232 1.0481537571610495 1.0464343464722523 1.0466309450759805 1.0428447477374139 1.0346056308600913 1.0286881985962077 1.0228805287282317 1.0188051807423735 1.015160289910285 1.012360446520014 1.0104635613684403 1.0094099759413702 1.0089824435176924 1.0078539982777466 1.0083586582358466 1.008739483525651 1.009473700962059 1.0104849690933246 1.0137983480810915 1.0196972426876325 1.0256637981972219 1.0294816791930286 1.031258602123435 1.0312521231090148 1.03200004614391 1.0311695778168621 1.0303947736549999 1.0297626671221192 
# Gas [Ne/H]:
-5.218485947384705 -6.812943270487043 -4.6528039038296924 -2.7014511588672274 -2.0931560974706214 -1.7358604689970978 -1.5096294367065175 -1.3542372889976857 -1.22833880820561 -1.0985058379356243 -0.982196451437118 -0.9187688753693442 -0.9263606407752789 -0.9449174858481557 -0.9605437660853884 -0.9720735192738879 -0.9834467564986031 -0.991533309224673 -0.9971365295788468 -1.003676951719144 -1.0113019170373816 -1.0187515697158318 -1.0266327829404807 -1.0341797475669745 -1.0412585339490983 -1.0459523038473906 -1.0497582867989088 -1.0541320499869409 -1.0568459889072086 -1.0587564797738978 -1.0593817088151027 -1.0612750083359943 -1.0647502809225138 -1.0654814481916377 -1.0572189232827043 -1.0453121845608981 -1.030147631557857 -1.013991323749802 -0.9972779314914648 -0.9829058292484127 -0.9700061573986414 -0.9575427571565251 -0.9456701290240845 -0.9334177702300801 -0.9225588959778115 -0.9120935174829823 -0.9016526764553907 -0.8911387550987131 -0.8838009700145992 -0.8774068403938502 -0.8666476622546648 -0.8597631197747253 -0.8552490808352617 -0.8543295203086583 -0.8497677069702867 -0.8408993289955946 -0.8390455378096364 -0.8347474294688757 -0.78271813939193 -0.8270693176221124 -0.8576195688253554 -0.8412799624878282 -0.8309207165133454 -0.8174669453452532 -0.8172379253046822 -0.8130712786832452 -0.8146829601529744 -0.8178740596468748 -0.8268482646892643 -0.8274464643182187 -0.8346390397271826 -0.8389954209807957 -0.8485873688725887 -0.8487010770149972 -0.8538145187507569 -0.8577974211988328 -0.8686100385335918 -0.8715513243577213 -0.8765346515741879 -0.8784300017198428 -0.8870786332543572 -0.8926851616889913 -0.9004302378081794 -0.8995457955098018 -0.9118715017594612 -0.9155675728114376 -0.923415158152312 -0.9321462659984432 -0.9335974411459462 -0.9302645021144151 -0.9382273628713751 -0.9447630199331876 -0.9550602041826588 -0.9629761383028956 -0.9704469815933994 -0.9664454816849721 -0.9721743706092605 -0.9757826567195318 -0.9844348672068035 -0.987658423754465 -1.0036212266938733 -1.0111428255617225 -1.0072096994048465 -1.0065473476941822 -1.0083522553152857 -1.0102650307080259 -1.0125802516806806 -1.0153342502028995 -1.0180629979530913 -1.0212628299100555 -1.0361743144403537 -1.0625162316218217 -1.0810312981792558 -1.0980436851790047 -1.111624061183969 -1.1257833311367014 -1.1362725280571686 -1.143294981759846 -1.1467601285456457 -1.150389577441386 -1.155466808038434 -1.1583750196821851 -1.1600765774236415 -1.1601082488509258 -1.1622004708735094 -1.1623959645276924 -1.1616687114781632 -1.1595553857841914 -1.1584748246133465 -1.1589294873556728 -1.1605419919610966 -1.1610826390704858 -1.1629020783060602 -1.1645338369169194 -1.165902913342352 
# Gas [Si/H]:
-5.218485947384705 -6.812943270487043 -4.700833863589262 -2.749032214956239 -2.1267048458489235 -1.7217379826338668 -1.4405588425085805 -0.8191051655137125 -0.12705737396659433 0.4447966135698893 0.8758075549137874 1.1163179923868234 1.1981122115840885 1.2092320476319105 1.1998443418159201 1.1866799564799053 1.1741481348429503 1.1630085123967842 1.1528946229507104 1.1434567757032874 1.1340522114003435 1.125467161741133 1.1170104716214064 1.1087403262150826 1.1008984269554691 1.0946681432002205 1.0889780700925544 1.083364902944942 1.0780327612862521 1.073111043625373 1.0684958141450625 1.0640621347951713 1.0594055853901985 1.0547039218838905 1.0522888682641565 1.0519550652366116 1.0508333602412572 1.0488730061630793 1.0494175518697029 1.0482456210176618 1.0478593226876414 1.0474604859624934 1.046317290832219 1.0462746672635972 1.0450709643792395 1.0447237002134209 1.044072770945283 1.0429934488693142 1.0433247168376059 1.0406307326581659 1.0422795877865583 1.041227571959237 1.040857643719249 1.0412936054641002 1.0376144618820686 1.0391742638840347 1.0405430414348782 1.0356228113445147 1.0379568800891001 1.0399256137761053 1.0358082852666328 1.0358671105224513 1.0383149332068795 1.0361172755566326 1.0317020170770879 1.0349599129347222 1.0362419018453717 1.0310265852206846 1.0264206636845783 1.0291485032450653 1.029535266660083 1.024103728227589 1.017302416111364 1.0208304571401028 1.0236363226820182 1.0199668316932393 1.0122480136038883 1.0104342403927564 1.0147985011310534 1.0158434273962094 1.0111918441312646 1.003226631857253 1.0013719700361343 1.0068093004446492 1.0094681160180725 1.0057636775379986 0.9986838182605617 0.9905135333304731 0.995014873817571 1.0019036902565301 1.0022826813286092 0.9971657094338306 0.9901191021408327 0.9825629407533483 0.9850186774835774 0.9928170884114 0.9954662518024913 0.9922852644908202 0.9858315282018997 0.9784426065869698 0.972484565207405 0.9747316296595185 0.9784843981067022 0.9808493019975302 0.9815445899054858 0.9810876969250395 0.9798008195411878 0.9779490853786146 0.9762191766705253 0.9764180150822144 0.9726256991961351 0.9643668326585448 0.9584506826612218 0.9526554910662148 0.9485825981387115 0.9449356036041574 0.9421373728007718 0.9402330152541931 0.9391825148574338 0.9387512522334327 0.9376234218993003 0.9381297795391061 0.9385103713261853 0.9392438945714683 0.940247084324219 0.9435677456615603 0.9494713149981386 0.9554287391572247 0.959245955169501 0.9610230535484119 0.9610155326658969 0.961762984459007 0.9609325264179827 0.9601573866260704 0.9595256120459621 
# Gas [S/H]:
-5.218485947384704 -6.812943270487044 -4.777777632235034 -2.8253988429277355 -2.185935263866071 -1.7723216068630778 -1.4881152419690578 -0.8417473288095714 -0.14005926833414417 0.43417028433581795 0.8657998624026018 1.1064964463374025 1.18835133541632 1.1994956578129479 1.1901221779106463 1.1769623407934016 1.1644357384311008 1.1533059221444595 1.1431817727679348 1.1337371930077067 1.124336363512212 1.1157602845664 1.1073124475423741 1.0990297098201949 1.0911899829397749 1.0849652425728284 1.0792800238218572 1.0736830768924563 1.0683407635399447 1.0634221994356157 1.0587917336869777 1.0543587695602974 1.0497107404296773 1.0450044048004492 1.0425862628495959 1.0422502735769545 1.0411275731046348 1.0391288540347876 1.039660351440403 1.038474970230356 1.0380896567282383 1.0376843184282873 1.036549731993654 1.0364761505000941 1.0352496097372925 1.0349060130570855 1.034239513217698 1.03315910249239 1.033466640047393 1.030777518374927 1.0324080493564853 1.0313303213716343 1.030983597527471 1.0314492912276392 1.0277845442167646 1.0293865508763407 1.0307450241000171 1.0258366168001007 1.0281842437511837 1.0301798201872945 1.0260746051202756 1.0261289180334234 1.0286061734084782 1.026455396620923 1.0221903140821151 1.0253229728417712 1.026521472529828 1.0213331723357442 1.0166343646719045 1.0194797817046126 1.0199618016705263 1.0145475022755779 1.0077006241143636 1.011211421543452 1.0140108594912958 1.0103929047548652 1.0026479645086583 1.0008133319988297 1.005202728300366 1.0062452259284052 1.0015872805920694 0.9936320132818879 0.9917623340002315 0.9971968237030349 0.9998816280010243 0.9961483171379859 0.9890850312310571 0.9809506440319518 0.9854560186670214 0.9922669645019928 0.9927089287230828 0.987608422414811 0.980593493542429 0.9730271131183157 0.9754413476794146 0.983219875717658 0.9859662247210372 0.9827554650506221 0.9762824684534301 0.9688576795167085 0.9628948422977288 0.9651732427833486 0.9689065157627854 0.9712684907191718 0.9719881940726425 0.9715353258069634 0.9702517608246932 0.968407397711224 0.9666819773017474 0.9668908449411378 0.963097236497032 0.9548497723048861 0.9489427352237594 0.9431329315364048 0.9390622085723801 0.9354168322946892 0.9326209782071757 0.9307174325199776 0.9296655494913453 0.9292274127818536 0.9281101064387416 0.9286128021716826 0.9289925087651492 0.9297253220774726 0.9307278502938119 0.9340457344544686 0.9399463729188935 0.9459000350411584 0.9497143826205372 0.9514906295426626 0.951482735939281 0.9522298552733788 0.9513999484455038 0.9506249435377514 0.949993348715021 
# Stellar mass-weighted [Mg/H]:
0 -5.218485947384705 -6.5705972582337075 -4.995963686621673 -3.429165703977879 -3.0903124647105447 -2.9637709806215122 -2.924995490905676 -2.9175419001028073 -2.9174665508401807 -2.9181011629425946 -2.918052317325068 -2.917542933595506 -2.916805425028844 -2.915953726585629 -2.91504202419378 -2.9140866453191583 -2.9130789266303987 -2.9120248765536445 -2.910943547622896 -2.9098669610730905 -2.908821373647142 -2.9078152201322007 -2.9068424087063667 -2.905902693139481 -2.9049947521689914 -2.9041132847282407 -2.903245038270967 -2.9023904761999715 -2.9015487783810805 -2.900729601905721 -2.899927512534987 -2.8991365183589153 -2.8983561395053865 -2.897582643041707 -2.8967937140919657 -2.8959651546456886 -2.895084130093103 -2.894168710852772 -2.893224821582696 -2.8922552911967783 -2.8912622092662588 -2.8902459584548383 -2.889217419922611 -2.888172127570538 -2.8871151967559365 -2.8860504123279984 -2.884974901820949 -2.8838949491704664 -2.882803424062832 -2.8817088228105785 -2.8806261784945173 -2.8795652642499734 -2.878558733073537 -2.8775846256551887 -2.876682473954295 -2.8758206510185245 -2.875006515677782 -2.874214972686354 -2.8734847464147846 -2.8727778917519915 -2.8720952430599054 -2.871440803563722 -2.8708382889946833 -2.8702345331849886 -2.869648623214923 -2.869122647881789 -2.8686181534764543 -2.868093212976931 -2.867602534273372 -2.8671344845433158 -2.8666744504615584 -2.866201622969003 -2.865761436547203 -2.8653525589752986 -2.8649526890426573 -2.864534508783568 -2.8641287156940587 -2.8637549659819888 -2.8634080717141854 -2.863052266070455 -2.8626945669488366 -2.8623431854243284 -2.86203107180297 -2.8617315580463503 -2.8614352937210796 -2.8611303144514135 -2.8608270605250343 -2.8605433633284845 -2.8602931464301227 -2.860048434181592 -2.8598064376270074 -2.8595577334412043 -2.85929908040049 -2.8590532012916174 -2.858843338067122 -2.8586438807260617 -2.8584315343735787 -2.8582286039892475 -2.8580223801763527 -2.857813401743859 -2.8581054607069234 -2.858299633844913 -2.858461454085057 -2.8585931854148905 -2.8586997997098136 -2.858792265043884 -2.8588761541748084 -2.8589553955117077 -2.8591500275827153 -2.8598066730001843 -2.8605699464426513 -2.8609953834063484 -2.8612705125393303 -2.8614985538012148 -2.861699047184816 -2.861791707607149 -2.8618509383625232 -2.861811675928717 -2.861890558626869 -2.861863182235135 -2.8618308059165845 -2.861840905893416 -2.861859439308726 -2.861739426520252 -2.861696309947588 -2.8614762412169643 -2.861306177632799 -2.861171354137742 -2.8610172150281743 -2.860682253228785 -2.8605853891387163 -2.86030061809606 -2.8601678132211417 -2.859973724378497 
# Stellar mass-weighted [C/H]:
0 -5.218485947384705 -6.570597258233709 -5.94618103723584 -4.41985476752825 -3.910077165851054 -3.6901021472837963 -3.610480276581722 -3.5681794362093617 -3.531847835551657 -3.500860765006193 -3.4747340125730997 -3.4522582525345715 -3.4325873672543903 -3.4149967403470534 -3.3989454370205197 -3.383992333635147 -3.369738812743826 -3.356001248771282 -3.342735275882178 -3.329852702342822 -3.3172803450243586 -3.3050234129465856 -3.293087398601336 -3.281467542349966 -3.2696343062578324 -3.2566599787371464 -3.2421967033078527 -3.2264596900573954 -3.2098259785364034 -3.1926448023338327 -3.175175880721361 -3.1576059687840505 -3.1400609863235367 -3.122488717538431 -3.1046456045282023 -3.0864562377252875 -3.067915714841523 -3.0491624986469867 -3.0303735802888383 -3.01183459238527 -2.9935127863600552 -2.9755162799487795 -2.9578095128459108 -2.9404588427403695 -2.923433309605601 -2.9068152364568505 -2.8905793677730216 -2.874622458996871 -2.8592285779771567 -2.8441283240033215 -2.829559236818435 -2.815394367444693 -2.8018492608540164 -2.788810340404651 -2.7763201833870097 -2.764287969366859 -2.7529099555880494 -2.7415956545573668 -2.7309643420569483 -2.72062236023363 -2.7105634539073273 -2.700719849589965 -2.691444719386892 -2.6822315235737513 -2.6732672353753273 -2.6646544666859544 -2.6565641754635054 -2.648539620579011 -2.6409005809189727 -2.6336408755363854 -2.6267971770467815 -2.6199949143630006 -2.6134535554070037 -2.6072104792068274 -2.601358587639644 -2.595536686751318 -2.589924754632394 -2.584363013919595 -2.5791879776130635 -2.5741551167793713 -2.56927151588571 -2.5643512848957712 -2.5596901439542608 -2.5552475918224777 -2.5510497606471265 -2.5468400707531655 -2.542701451827922 -2.5385250140903945 -2.5346774135432106 -2.530999938934512 -2.527469207759739 -2.523892740381206 -2.5203673260102777 -2.5168020077653948 -2.513482937391305 -2.5103262953026295 -2.5073185326684104 -2.504285071795379 -2.5012892250205194 -2.4982272947343223 -2.501509821458635 -2.503352968326576 -2.5048013442776966 -2.506041285105267 -2.5071362312195538 -2.5081219773946906 -2.5090192942844762 -2.509849096588497 -2.511390648441382 -2.517054077094625 -2.523636423727332 -2.5275167423353917 -2.530025276313996 -2.5318440955085215 -2.5337519341915744 -2.534969281200084 -2.535814127303915 -2.5359561109903552 -2.536401765390522 -2.5367295594281023 -2.5370559086833513 -2.537177891464668 -2.5373057841174704 -2.5372979823856063 -2.537506231880501 -2.5372650538044015 -2.5369955268350983 -2.5367667979409747 -2.536345499661798 -2.5353926493374885 -2.5351951560551234 -2.5343073627485406 -2.533901712216215 -2.5333285985987546 
# Stellar mass-weighted [N/H]:
0 -5.218485947384705 -6.5705972582337075 -6.420220251178682 -5.039677376311374 -4.516550275368338 -4.052379962211649 -3.7133042498858213 -3.47676597862044 -3.311071167534145 -3.1915240552913913 -3.1043289704505534 -3.039975637283028 -2.9905575197074548 -2.950167501500487 -2.915356476222125 -2.883785504159837 -2.853598200119369 -2.8241966363003623 -2.7958448994573093 -2.7698881123464227 -2.7471156396483023 -2.7274228334207695 -2.710279454696402 -2.695194180053078 -2.682128367758894 -2.6714448667369046 -2.663139125317797 -2.6569297274940205 -2.652504416600477 -2.649597276962715 -2.6479908460866346 -2.6475191441498884 -2.6480462470100044 -2.649333110648695 -2.6508812505332413 -2.6523392279386453 -2.6536066127989555 -2.6546966474179934 -2.655651247274432 -2.6564987888711302 -2.6572548619781333 -2.6579287550302544 -2.6585392635209537 -2.6590938904410484 -2.6596130135407376 -2.660073211261322 -2.660490385819183 -2.6608791300742745 -2.6612332932553997 -2.6615724367166447 -2.6618833893863796 -2.6621675704734606 -2.6624343912978423 -2.6626714841289214 -2.662896869379117 -2.6631072195098593 -2.663294321255293 -2.663468897896135 -2.663637987886627 -2.6637852951454857 -2.663922053593316 -2.6640548629442398 -2.6641737836124317 -2.6642720170245573 -2.6643726301672395 -2.664475206660655 -2.664557718768653 -2.6646319325716235 -2.664705042693604 -2.66477478518281 -2.6648319562771556 -2.664875492386229 -2.664926173390729 -2.6649851603860837 -2.665034341999659 -2.665065018955744 -2.6650924401104152 -2.6651301965692387 -2.6651668842599276 -2.665197754148884 -2.6652109421222807 -2.6652447904663816 -2.665260548068707 -2.66527197377051 -2.6652833347146645 -2.6652863652510117 -2.665282466935844 -2.665282445963056 -2.6652957638883716 -2.6653081445988898 -2.6653169950585225 -2.6653104704428765 -2.665287386298978 -2.6652745016325676 -2.665279185497517 -2.665283636299165 -2.665282797519816 -2.6652753732145795 -2.6652563717547713 -2.665228760230792 -2.6652858046264374 -2.6653375577765246 -2.665388800124835 -2.665434857753775 -2.66547018551665 -2.6654932230329553 -2.665507416867216 -2.665515333774233 -2.665572793796761 -2.665751910851604 -2.6658183463682565 -2.6657293737417582 -2.6654839829011943 -2.665254103449107 -2.6649044359901923 -2.6644434217432513 -2.663979738565634 -2.6637497302060975 -2.663523619874521 -2.6629927696263103 -2.6626025407595515 -2.662241525816289 -2.662165747971672 -2.6614241711412348 -2.6609120524769407 -2.659428920316053 -2.65827252049779 -2.6572591205628973 -2.6561901920053472 -2.654884846258744 -2.653941465280946 -2.6528837814980015 -2.6517706455512045 -2.6510371015898127 
# Stellar mass-weighted [Ca/H]:
0 -5.218485947384705 -6.5705972582337075 -5.2729785625501275 -3.7106609811265887 -3.352314385900444 -3.2106458027961615 -3.1619631473877536 -3.037162360279451 -2.8945343341832945 -2.78775426979324 -2.7123413877710174 -2.657062179641807 -2.6144778555764763 -2.5802210302308435 -2.5517347974051656 -2.5274518108211943 -2.5063577076266466 -2.4877614434077557 -2.4711716366443657 -2.4562260469795785 -2.4426547608645333 -2.4302410869879996 -2.4188157629029536 -2.4082442120703345 -2.3984211496627754 -2.389255045101322 -2.3806673013660795 -2.3725943837340946 -2.364985137369727 -2.3577941427856146 -2.3509788338693856 -2.3445036501985346 -2.3383404139568498 -2.3324650604914545 -2.326857087307731 -2.321488751677025 -2.316338316806176 -2.311365685755887 -2.3066255719628694 -2.302079065221017 -2.297690896426043 -2.2934457601132534 -2.2893464018071246 -2.285380390320438 -2.2815513981645656 -2.277844546523477 -2.2742517503109907 -2.2707673502632684 -2.267378495936547 -2.2640930612249868 -2.260899467512586 -2.257792745398077 -2.254772650474832 -2.2517936720335463 -2.2489516877214486 -2.2461457159059055 -2.243444696447016 -2.240778468272037 -2.238219729613558 -2.235670880116797 -2.2332204270222444 -2.2307982879993347 -2.228465576181314 -2.2261374645280974 -2.2239070425473395 -2.221693043533965 -2.219549262573489 -2.2174098100692152 -2.2153564584247407 -2.2133173410809848 -2.2113395093611707 -2.2093577010886962 -2.207455669447101 -2.205569059580582 -2.203738677185979 -2.201899863315255 -2.2001222719272793 -2.198362943695604 -2.1966635706295072 -2.1949582445068065 -2.1932947497024484 -2.1916365399261792 -2.1900427314523503 -2.1884543974787203 -2.1869095394499354 -2.1853546784337237 -2.183838329233569 -2.182332939161653 -2.180887456077201 -2.1794407934986673 -2.178030096456257 -2.176610296389283 -2.1752222907720933 -2.1738371828662926 -2.1725075445136746 -2.1711791150489566 -2.169886412854816 -2.168583824964733 -2.167309758311087 -2.1660237618132117 -2.1674005886728143 -2.168178617647154 -2.1687927581876947 -2.1693172225798287 -2.169775623333205 -2.170182523608891 -2.170548316067083 -2.170883226392756 -2.17153162789137 -2.173877631236798 -2.1765056777882696 -2.177969787139059 -2.1788044844906764 -2.17937679452346 -2.179907165652078 -2.180102078920597 -2.1801547611466328 -2.1800782559337444 -2.1801085523617454 -2.179916960282 -2.1798092918269143 -2.179646875753109 -2.1796473101693215 -2.1792068299604113 -2.17897137395678 -2.177991596232687 -2.1771904447577883 -2.1764911590623752 -2.1756849166792946 -2.174533930612001 -2.1738847855101513 -2.172909491940498 -2.172077298100324 -2.1714177628531806 
# Stellar mass-weighted [Ne/H]:
0 -5.218485947384705 -6.5705972582337075 -4.9217802493739295 -3.3538297908625525 -3.0121584056237483 -2.8936399141678493 -2.862023367730793 -2.8595861481611378 -2.8637757396793484 -2.868048287179078 -2.8712438910782074 -2.873499839490142 -2.8751358295503646 -2.876340693402999 -2.8772520718188783 -2.8779558743466653 -2.8785112660263703 -2.8789540305224133 -2.8793104821081243 -2.8796014697632017 -2.879842896357899 -2.8800435461186424 -2.8802062282323684 -2.8803385063693385 -2.8804499510384804 -2.880545591521539 -2.8806201877397566 -2.8806786864388014 -2.880723780411965 -2.880760560408514 -2.880787180076406 -2.880802680719711 -2.8808084884761564 -2.880809400185046 -2.88080787539291 -2.8807959093020292 -2.880763467180815 -2.8807245684418312 -2.8806790870353574 -2.880628034315266 -2.880569829384603 -2.8805019608379157 -2.880434053560916 -2.8803566556234026 -2.880277352601267 -2.880194543980039 -2.8801053978386006 -2.8800164760921545 -2.8799185312810733 -2.8798256966221745 -2.879730574037123 -2.8796301886740743 -2.8795352426584033 -2.8794276861682704 -2.8793319225715823 -2.8792335226954187 -2.8791310810942567 -2.879027960540057 -2.8789032960070013 -2.8788099369412095 -2.8787249236871286 -2.878634372383548 -2.8785472212878496 -2.8784351440561693 -2.8783329324183615 -2.8782472537597243 -2.878155744491747 -2.878045433796655 -2.8779562095713764 -2.877883749106217 -2.877798900511281 -2.8776953085790513 -2.877613330084949 -2.877553550307299 -2.877483859397855 -2.8773917065517827 -2.877304830667465 -2.8772437346646846 -2.877191834354079 -2.8771222775689713 -2.877038627816601 -2.876959427702305 -2.8769086968581723 -2.876862894022719 -2.8768097233676553 -2.8767374618365293 -2.876659767390353 -2.8766028589240795 -2.876569896916707 -2.8765305262732674 -2.8764779930012265 -2.8764103042256446 -2.8763424036351104 -2.8762899800016566 -2.8762602321293462 -2.8762314055652327 -2.8761921766431664 -2.876136874422766 -2.876077545785334 -2.8760154084458236 -2.8760945160142812 -2.8761632410545364 -2.876223154581729 -2.8762632715700773 -2.8762862376844733 -2.876303035537134 -2.876318126703227 -2.8763343717662604 -2.876416450526153 -2.876636513171391 -2.876892971544523 -2.8770221085945566 -2.8771271791584008 -2.8772429353219584 -2.877327052724821 -2.877366334532004 -2.877403236120897 -2.877368062347365 -2.8774421024571204 -2.8774389015566735 -2.877410332235887 -2.877449136191953 -2.877464931110034 -2.877408814057648 -2.8773944291602715 -2.8773238488131483 -2.8772813363041463 -2.877258484544683 -2.877236265592713 -2.8770891281405477 -2.8770994263332765 -2.876974596488018 -2.876981992500201 -2.8768961910466357 
# Stellar mass-weighted [Si/H]:
0 -5.218485947384705 -6.5705972582337075 -4.969237231901861 -3.4014061841813588 -3.0507570807833053 -2.9136491615784044 -2.8686992565911655 -2.807397662985154 -2.731891477717798 -2.6682058030834366 -2.6193312746095554 -2.5814943995134056 -2.551222326681157 -2.5261914814680733 -2.5049365881374355 -2.486514199100654 -2.4702890242378635 -2.45581953234114 -2.442785268435718 -2.430943243515655 -2.4201106991877843 -2.4101381529571535 -2.400905272234242 -2.392316582240624 -2.3842981415831863 -2.376784458696818 -2.3697158774277787 -2.3630466436180955 -2.356738943915066 -2.350759941203541 -2.3450774403304404 -2.3396625492553467 -2.334494270842942 -2.3295560688489285 -2.3248328724364216 -2.320301843943545 -2.3159439038030953 -2.311759501557618 -2.3077279117209972 -2.303843216688602 -2.3000956183274113 -2.2964713369431973 -2.2929697752895883 -2.2895790179404605 -2.286295625601489 -2.2831110048425813 -2.2800208803876734 -2.277022731050839 -2.2741023927718427 -2.2712688991257464 -2.268511005811984 -2.265824732528059 -2.2632121429830967 -2.2606305068124923 -2.2581665555402166 -2.255731851202703 -2.2533849017426446 -2.251068690308756 -2.2488435054843077 -2.246625421730596 -2.2444907027044856 -2.242379793113174 -2.2403456268276294 -2.238313201344834 -2.2363626763578273 -2.234428707795434 -2.232554707375833 -2.2306803958565604 -2.228881832452678 -2.22709684358912 -2.225362220299636 -2.2236213756442798 -2.221951831309065 -2.220297618674201 -2.2186896183682903 -2.2170710376239517 -2.215505434857868 -2.213958255877288 -2.212463521472058 -2.2109609215303427 -2.2094925036192192 -2.208028753059109 -2.206624287365977 -2.205224201576251 -2.2038601221239764 -2.2024844616799104 -2.2011421468912404 -2.199810495182901 -2.1985344713030255 -2.1972555175462762 -2.196006514312976 -2.194747502472663 -2.193515556884088 -2.1922877933572416 -2.191110893348485 -2.1899349712487286 -2.1887888515243397 -2.187631355679815 -2.186498305838435 -2.1853541417658606 -2.186580049055701 -2.1872752280041476 -2.1878245956957114 -2.188292530086782 -2.1887000374807988 -2.1890612323076812 -2.1893858946111173 -2.1896833419316595 -2.190264952816312 -2.1923603523148634 -2.1947069455947457 -2.1960119258265474 -2.196758542597413 -2.1972754485011494 -2.1977518270698866 -2.1979267969086775 -2.1979763000272055 -2.197903821760266 -2.1979391038663794 -2.1977680930170234 -2.1976688818518433 -2.1975296531161916 -2.1975321051616223 -2.1971347975518656 -2.1969245768482475 -2.196049152407829 -2.195335216035904 -2.194713791569453 -2.193997989366676 -2.1929618440032392 -2.192388844707991 -2.191510607557574 -2.190775256076302 -2.1901809965120727 
# Stellar mass-weighted [S/H]:
0 -5.218485947384704 -6.570597258233708 -5.045122195393685 -3.477759259133518 -3.116010270568612 -2.9737759242696225 -2.927065665741302 -2.859349747487463 -2.776458933468814 -2.707505316776774 -2.655158000147239 -2.6149337348516113 -2.582921675229584 -2.556556378161826 -2.534236856166191 -2.5149399194414244 -2.4979794238443667 -2.4828801369200093 -2.469299659326488 -2.456977741967597 -2.445718859687256 -2.4353640451612097 -2.425785983807322 -2.4168842483071353 -2.408579591469188 -2.400802771688447 -2.393491334441374 -2.386596646637903 -2.3800796690580563 -2.3739052240508354 -2.3680401437560814 -2.362453741739036 -2.357123874036229 -2.352033332841846 -2.3471660394740477 -2.3424984866387515 -2.3380110272292987 -2.3337041842917303 -2.3295558773459577 -2.3255599762573542 -2.3217060236215064 -2.3179800578166008 -2.3143808163195025 -2.3108968904027893 -2.3075242199582053 -2.3042535293471644 -2.3010808231932627 -2.2980029957796955 -2.2950061141346776 -2.292098558217818 -2.2892692480453025 -2.2865142891194203 -2.283834787128054 -2.281187504306838 -2.2786608963602575 -2.2761641718812156 -2.2737582916197523 -2.2713840210554155 -2.269103079921301 -2.266829712328409 -2.264642124169151 -2.262479072316377 -2.2603946034651985 -2.25831223421883 -2.2563125093395495 -2.254331118314381 -2.25241230888064 -2.2504933441602555 -2.24865253297206 -2.246824277946602 -2.245047631534269 -2.2432652489714178 -2.241556044134012 -2.239862306783545 -2.238216470040374 -2.236560017141925 -2.2349581258841917 -2.2333747545831555 -2.2318449184681555 -2.230307645750756 -2.2288058741023633 -2.227308755591313 -2.2258719520698236 -2.224439679280813 -2.2230445031650428 -2.2216381776739578 -2.220266036718849 -2.218904201410311 -2.21759890282116 -2.216291427370389 -2.215014528844943 -2.2137277347296855 -2.2124685781937803 -2.211213532888136 -2.2100103887398026 -2.208808414026345 -2.2076366790743096 -2.206453975851219 -2.2052965308824826 -2.2041279899330695 -2.2053798709939123 -2.20608927001859 -2.206649818406687 -2.207127527201873 -2.2075437930024693 -2.207912833628094 -2.2082445564904063 -2.2085484221631706 -2.209141447971885 -2.2112799370837255 -2.213674761950794 -2.2150070282965704 -2.2157686401181778 -2.2162950702800472 -2.216780794664003 -2.2169591494672893 -2.2170091924029895 -2.2169358974640314 -2.2169704932046486 -2.2167958260026888 -2.2166951177420087 -2.216551981206523 -2.216554187576178 -2.216149219574242 -2.215934720734875 -2.215041307260239 -2.2143123892268743 -2.2136776463406163 -2.2129463967242886 -2.2118902763322517 -2.2113044054178888 -2.2104092684695438 -2.2096575410929784 -2.2090519125301515 
# Gas metallicity, [Z/X]:
-5.2406767730474275 -6.8351340961497655 -4.770268318063048 -2.819929576003613 -2.2341934203693734 -1.735669189099531 -1.1641591559429234 -0.6088443268466539 -0.14727552885255446 0.23668317736406497 0.5383649244693238 0.7043447887999227 0.7556718431770109 0.7635776448807048 0.75493320840199 0.743626540088989 0.7327268342925687 0.7262756115409765 0.7211189768497449 0.7160023409442028 0.7089716487823967 0.7022108646263623 0.6947013224760274 0.6877874799161223 0.6807553078150625 0.676218195877359 0.6715778327770059 0.6687422974796027 0.6643361872932281 0.6623463210955223 0.6587658169249955 0.6569375959109063 0.6542435597878089 0.6530069371345097 0.6552691136951503 0.6611668546474678 0.667272722239914 0.6755107773913052 0.683426941330121 0.6914911902426806 0.6988848839685307 0.7077717159101697 0.7131985853005502 0.7239212910807377 0.7245295426771285 0.742058142029077 0.7288254098295841 0.7700554669437732 0.7084239738054314 0.8343558293655079 0.5642374821278591 1.0102385109991545 -7.38124902707178 1.316282507295861 -7.36688163102842 1.5781239464519692 -7.34700892681159 1.8270956570403205 -7.3333268254015085 2.083074670618964 -7.3200545698740225 2.3445977550015704 -7.3020475111867 2.6198714478285314 -7.294050469088825 2.9086932686822156 -7.275319579656326 3.2093147479084565 -7.271491607645354 3.525890980891784 -7.255090893069113 3.8557620984785235 -7.254316161016831 4.200597395791716 -7.235659983578639 4.562149688309721 -7.234846254825653 4.931348665260219 -7.220458874914701 5.32287559174529 -7.212555226180703 5.7179844156559465 -7.211127124173393 6.132708448142456 -7.192140378528279 6.5616124571120755 -7.192240974526353 6.990261373620277 -7.185462012615263 7.445722518309319 -7.167969803558394 7.9103985255168165 -7.170156185684826 8.373889009416457 -7.1658123962098585 8.861751505689917 -7.14575093504466 9.362157990563949 -7.14598530681403 9.861733811707458 -7.150195048943662 10.094464880898215 -7.580464077632858 10.053940256762615 8.879554630405783 9.859603888362889 9.434779411717702 9.656406323120496 9.513595059558014 9.497806217402836 9.237058946501378 9.03792623943397 8.917631243348891 8.827634367241915 8.759649596381589 8.68138458337538 8.623866007273561 8.578172402089294 8.56566456149645 8.541151151917637 8.509014580826024 8.483337518699884 8.46840591528844 8.462058563149707 8.4356792088335 8.410656512413103 8.370966641154974 8.342479474680268 8.318423968756301 8.297032964326583 8.27734616269859 8.261053087909024 8.245207880147076 8.2311025398609 8.218484800639532 
# Stellar mass-weighted metallicity, [Z/X]:
-4.152288344383056 -5.2406767730474275 -6.59278808389643 -5.038043631666246 -3.4722601176100536 -3.1448315030541316 -2.9751969143169728 -2.8463530680443982 -2.752718835048902 -2.699189903364882 -2.6719844324834394 -2.656234985998095 -2.6449110190308094 -2.635206221443198 -2.626145701453142 -2.617803830912912 -2.6101195205047443 -2.6030316393768764 -2.596376698795126 -2.5901153644460706 -2.584222811084432 -2.5787048041964624 -2.573519455345468 -2.568640110613046 -2.56402301708287 -2.559655515961947 -2.55549607524393 -2.5515331601984306 -2.547721306954778 -2.54408427277699 -2.5405738431320763 -2.537211687131415 -2.5339561643145174 -2.530813588504908 -2.5277587348698507 -2.5247774595443406 -2.521843134473947 -2.518939327955395 -2.516044905770202 -2.5131950314124776 -2.5103645281746614 -2.507571353873483 -2.504786018660452 -2.5020533650682157 -2.4993093944375397 -2.4966680278832127 -2.4939221010995327 -2.491447699676776 -2.4885648117039487 -2.4865145681824776 -2.482980858932902 -2.4823701986266666 -2.4761787161641005 -2.4789425872403923 -2.4648950629706405 -2.469143328728941 -2.444596088043202 -2.451369577952236 -2.411092393007464 -2.421729839588509 -2.358155559123258 -2.3743522833376796 -2.2762745443291283 -2.300245968279719 -2.156903980862543 -2.1903304447200966 -1.9926854890311996 -2.036325393967373 -1.7824321184701322 -1.835473541294961 -1.5311984005788555 -1.5917030985927856 -1.2449641572943377 -1.3110314637184695 -0.9320997262543822 -1.0019920021026538 -0.5973259103484245 -0.6699700876143122 -0.24258930823807212 -0.31747204810682805 0.12492493997883147 0.04862740091827167 0.5119339994768228 0.4338600688238663 0.908151170413581 0.8291077647992369 1.3207407804425275 1.2403739267715246 1.7484321783000145 1.6667927670627216 2.180651617836584 2.0985278334409267 2.633067237225918 2.549554097694612 3.0978698823308295 3.013370370206964 3.5654351476430355 3.48063125768741 4.051605079872022 3.9656445594031053 4.5517943537408 4.464879771206034 4.436379965978059 4.420336152406812 4.409043127144625 4.400321638869948 4.393227174818787 4.387261222947076 4.3821200870517405 4.373556138620901 4.347923468654961 4.3250158976238815 4.313596890353912 4.306678027980754 4.3019457518359605 4.2972019230977665 4.294088129317072 4.29195874874274 4.291513430424111 4.290473359226414 4.2894501223510835 4.288579698462694 4.288192408543125 4.2879423850661915 4.287538607994865 4.286925335949745 4.286804215305659 4.286816866391016 4.287012794931765 4.28764329877743 4.288621346667119 4.2888154559465255 4.290143118767832 4.290554129770558 4.29151516990446 
# Number of SNIa (log_10):
0 0.0 0.0 0.0 0.0 0.0 4.6103971055682165e+53 1.8820131659623936e+55 5.007494172552153e+55 8.321659638340216e+55 1.1375590098803427e+56 1.4088403397425487e+56 1.6494280327126636e+56 1.8646160903552692e+56 2.0590343817440213e+56 2.2363095393202823e+56 2.399231886659548e+56 2.549966722788088e+56 2.6902233567393104e+56 2.8213732444312237e+56 2.9445334861581703e+56 3.060626495444666e+56 3.1704224875650455e+56 3.2745720098098217e+56 3.37362996800882e+56 3.4680717064559524e+56 3.5583103837462376e+56 3.644705724116921e+56 3.727570777324568e+56 3.8071828089499064e+56 3.8837907410167253e+56 3.957626744290491e+56 4.028856487252619e+56 4.0976655689120465e+56 4.164222091298263e+56 4.228668468311751e+56 4.291133142349252e+56 4.35172419059383e+56 4.410570917986494e+56 4.4677646865449565e+56 4.52339081877534e+56 4.5775351482602e+56 4.630270714081604e+56 4.6816709797732216e+56 4.731803196693165e+56 4.780728608856898e+56 4.8285040946788704e+56 4.875174260148869e+56 4.920805196064737e+56 4.965439057496306e+56 5.009110871481747e+56 5.05185884213524e+56 5.093730242577557e+56 5.134755654281611e+56 5.174969918394486e+56 5.214401915943263e+56 5.253083873232637e+56 5.291011382534482e+56 5.328280910516035e+56 5.364893354315627e+56 5.40086488485083e+56 5.436204911594927e+56 5.470917290099519e+56 5.505044547401897e+56 5.538616291105673e+56 5.5716393660677804e+56 5.604135769555194e+56 5.636124515231867e+56 5.667617043470511e+56 5.698626478755408e+56 5.729173166889865e+56 5.759270286203676e+56 5.788916157536788e+56 5.818143651003556e+56 5.846964205057941e+56 5.875379011210332e+56 5.903401502592871e+56 5.93104295961106e+56 5.958313862406335e+56 5.985221720647374e+56 6.011781664883768e+56 6.037986566614908e+56 6.063868570276466e+56 6.089429903348113e+56 6.114672065758697e+56 6.139602495206589e+56 6.164230857443422e+56 6.188570735797997e+56 6.212615685607423e+56 6.236372144877365e+56 6.2598610115436525e+56 6.283068472254747e+56 6.306023147325502e+56 6.328742001416758e+56 6.351203189937759e+56 6.373412840412266e+56 6.3953822365571985e+56 6.417120868057077e+56 6.4386233494850795e+56 6.4599000539859e+56 6.480953031514461e+56 6.501784692127711e+56 6.522418894159731e+56 6.542847675478052e+56 6.563069970189348e+56 6.5830960309777e+56 6.6029230793919155e+56 6.6225531835628786e+56 6.641996125924011e+56 6.680336246055775e+56 6.8618873615878865e+56 7.18251488158774e+56 7.459365526423726e+56 7.702973707677012e+56 7.920502593471089e+56 8.208532413363464e+56 8.460754238230375e+56 8.685096105807413e+56 8.754740972271635e+56 8.887113354453325e+56 9.070840110177106e+56 9.239357290278283e+56 9.344398611402701e+56 9.394945499564988e+56 9.585452711883436e+56 9.800915302167144e+56 1.0173493818641797e+57 1.0488209136937637e+57 1.0760646965568129e+57 1.100090669580641e+57 1.1215599976413127e+57 1.1409907170266623e+57 1.1587206000502672e+57 1.1750267483371206e+57 1.1901211646449487e+57 
# Number of SNII (log_10):
0 0.0 6.896188216641724e+53 2.8183628986476583e+55 7.617716566521441e+55 1.2562899940864872e+56 1.6759107878067583e+56 1.9083164625100036e+56 1.9977807253678208e+56 2.0265598904768643e+56 2.034927423372107e+56 2.0372692426296216e+56 2.0378986264851112e+56 2.038136063877312e+56 2.0382132820854766e+56 2.0382498045122766e+56 2.0382761408997563e+56 2.038298804031405e+56 2.038319533894847e+56 2.038338885739314e+56 2.0383571079670894e+56 2.038374351033872e+56 2.0383907283560555e+56 2.038406325972454e+56 2.038421219920911e+56 2.0384354805706725e+56 2.0384491701462126e+56 2.0384623365063546e+56 2.038475022191721e+56 2.038487267578979e+56 2.0384991068308613e+56 2.038510570683918e+56 2.0385216793683463e+56 2.0385324642935053e+56 2.0385429520116005e+56 2.038553165100518e+56 2.038563119240564e+56 2.0385728179476107e+56 2.038582277593611e+56 2.038591520004088e+56 2.0386005496260308e+56 2.0386093854586034e+56 2.038618035379468e+56 2.0386265042886525e+56 2.0386348070652056e+56 2.0386429467159536e+56 2.038650934450682e+56 2.0386587755464117e+56 2.0386664753089055e+56 2.038674043112431e+56 2.038681477939141e+56 2.0386887982553588e+56 2.0386959941856533e+56 2.0387030712296965e+56 2.0387099222821114e+56 2.038716849784194e+56 2.0387235847313073e+56 2.038730319141333e+56 2.038736743767766e+56 2.0387432743520013e+56 2.0387495120504944e+56 2.0387558303552e+56 2.038761885513469e+56 2.0387680349189242e+56 2.038773908967096e+56 2.0387798784338376e+56 2.0387856084128384e+56 2.0387914282558673e+56 2.0387969930501364e+56 2.0388026551522577e+56 2.0388080896274264e+56 2.0388136127991025e+56 2.0388188985806195e+56 2.0388242782390644e+56 2.0388294533813586e+56 2.0388347222954875e+56 2.038839763251012e+56 2.0388448852503458e+56 2.03884980859251e+56 2.038854840500044e+56 2.038859666455474e+56 2.038864565224469e+56 2.0388692601760345e+56 2.0388740609141944e+56 2.038878691717495e+56 2.0388834077193326e+56 2.038887918307261e+56 2.03889249838108e+56 2.0388969025151526e+56 2.0389014320633958e+56 2.0389057979777484e+56 2.0389102287448503e+56 2.038914461996338e+56 2.0389187623919387e+56 2.0389229070565967e+56 2.038927179481024e+56 2.038931309611658e+56 2.038935506755658e+56 2.0389395140686503e+56 2.038943577776622e+56 2.0389474851324853e+56 2.038951505359485e+56 2.038954089360272e+56 2.0389555885221816e+56 2.0389562346112884e+56 2.038956286588078e+56 2.038956286588078e+56 2.038956286588078e+56 2.038956286588078e+56 2.038956286588078e+56 2.038956286588078e+56 2.038956286588078e+56 2.038956286588078e+56 2.038956286588078e+56 2.038956286588078e+56 2.038956286588078e+56 2.038956286588078e+56 2.038956286588078e+56 2.038956286588078e+56 2.038956286588078e+56 2.038956286588078e+56 2.038956286588078e+56 2.038956286588078e+56 2.038956286588078e+56 2.038956286588078e+56 2.038956286588078e+56 2.038956286588078e+56 2.038956286588078e+56 2.038956286588078e+56 2.038956286588078e+56 2.038956286588078e+56 2.038956286588078e+56 2.038956286588078e+56 2.038956286588078e+56 2.038956286588078e+56 
# [Mg/Fe] for total ejected gas till this time:
0 0 0.9717394116837039 0.9569215945386833 0.75974286857307 0.663852908874033 0.6165652209643201 0.33706712624394497 0.09079226008906233 -0.07017599855799811 -0.177603809970977 -0.2538621878056948 -0.311180120906448 -0.35626625478633833 -0.39298019952285124 -0.42366886719778324 -0.44983314381952594 -0.47249446311894483 -0.49238126660110065 -0.5100368498959669 -0.5258700791659401 -0.5401899371822237 -0.5532323680429405 -0.5651836833573936 -0.5761914630096914 -0.586374296311762 -0.5958304002941124 -0.6046433940202423 -0.6128830590279036 -0.6206138743823595 -0.6278869380479708 -0.6347468112743476 -0.6412293056327002 -0.647363969426187 -0.6531646493146323 -0.6586469674364165 -0.6638289279035031 -0.6687310339076488 -0.6733781564191453 -0.6777872408302092 -0.6819758730526737 -0.6859603036108461 -0.6897535122966607 -0.693370304336475 -0.6968203868394073 -0.7001169303741324 -0.7032685891650723 -0.7062829051548007 -0.7091713197228119 -0.7119364957614464 -0.7145967264481657 -0.7171662334519354 -0.7196660461025479 -0.7221069763492383 -0.724488642808492 -0.7268213834639338 -0.7291046196547374 -0.7313328103042205 -0.7335226843951513 -0.7356736689536396 -0.7377754914691643 -0.7398371626854437 -0.7418638456591133 -0.7438524937336017 -0.7457927526771226 -0.7477142569402255 -0.7496033877925738 -0.751451908967201 -0.753263937538535 -0.7550434674055477 -0.7567926931344643 -0.7585096220271496 -0.7601932200640481 -0.7618517817388702 -0.7634850810990546 -0.7650894683711416 -0.7666637583803756 -0.7682143036558736 -0.7697438847781538 -0.771251380634478 -0.7727355248733265 -0.7741951984030776 -0.7756349627853253 -0.7770569463766163 -0.7784595914305765 -0.779844695122889 -0.7812087466944815 -0.7825532999262474 -0.7838801320719506 -0.7851933689727834 -0.7864930764817393 -0.7877781820410412 -0.7890392944032167 -0.7902833543433496 -0.79151515878662 -0.7927351044005416 -0.7939346878976323 -0.7951308791308876 -0.7963102326949235 -0.7974750687937651 -0.7986246941061481 -0.7997611990446684 -0.8008857705407528 -0.8019951625638746 -0.8030905041596089 -0.8041733627360165 -0.8052405169931496 -0.806293350859545 -0.8073345742787816 -0.8093804878454152 -0.8189361053620278 -0.8352650402199309 -0.8487993249707169 -0.8603231346736928 -0.8703153643469312 -0.8830986403611073 -0.8938950398219521 -0.9032051608364657 -0.9060424479398166 -0.9113695647393919 -0.918597967355135 -0.9251127735569034 -0.9290949072080319 -0.9309936237580625 -0.9380524236475475 -0.945836938670491 -0.9588546245549645 -0.9694333160240883 -0.9782915080266348 -0.985889398256388 -0.9925142344038103 -0.9983827168980374 -1.0036341114719933 -1.0083838134361087 -1.012707919174564 
# [Mg/Fe] for instant ejected gas at this time:
0 0 0.9717394116837039 0.9565517082550985 0.6466856801943069 0.47548172638597586 0.3541141595266447 -0.7248986648378368 -1.259800714794361 -1.4974436008241763 -1.5816765178282493 -1.6146881875053773 -1.6298523477681144 -1.637444620181003 -1.6405189725725347 -1.6391668056355893 -1.6314817448076093 -1.6203946913126066 -1.6090735627148927 -1.6014390430237118 -1.5978448925685629 -1.5967033519658658 -1.5961544736686404 -1.595819913297268 -1.5947182102167645 -1.5922526456185766 -1.5885235510489402 -1.5843338435955383 -1.579537417980814 -1.5765067306550877 -1.57305758332448 -1.5690945107075864 -1.5650654255629004 -1.5584043836172286 -1.5432047591234153 -1.5222261145379627 -1.498757323567067 -1.475811242877904 -1.455187068797241 -1.4350822321072567 -1.4165052891569228 -1.3992233752152525 -1.3825014494058294 -1.3674542060018033 -1.3522680879616789 -1.3389243391895942 -1.325750800928118 -1.3128093356556592 -1.3013868268855326 -1.2884471450726072 -1.2811963544492517 -1.2779436451608157 -1.2819287063790399 -1.2895063547934933 -1.2954389284111953 -1.3053275463768557 -1.3137161342197758 -1.318828206613513 -1.3298887404544475 -1.3405618601388247 -1.3440571581373388 -1.3525199513190351 -1.3641630043098796 -1.3719246404661862 -1.3706151862112694 -1.390641278738278 -1.399654288837102 -1.4008244173044153 -1.4043541647729847 -1.4102313027083246 -1.4167194799953755 -1.4204641675494776 -1.4229426447173987 -1.431156283230894 -1.4384189343093987 -1.4417301449714817 -1.442658083600538 -1.4492124689535932 -1.4580249645770706 -1.4650701281530487 -1.4695170160788893 -1.4728312696165597 -1.4792382590263549 -1.4880572034247153 -1.4947188237898128 -1.5031532494807547 -1.5059805498114616 -1.5096124585326214 -1.5160939012524715 -1.5280939287391153 -1.5387033063519515 -1.5488683693603396 -1.5412018249049864 -1.5428916401053012 -1.5543455692766293 -1.5661293444995652 -1.5617973616365346 -1.5870048298532655 -1.5882841571740773 -1.5926928407308685 -1.5951964674179246 -1.601382770374356 -1.6073239345200163 -1.607256353301294 -1.6093128259563434 -1.6133533284783792 -1.610448403104103 -1.6099795204412441 -1.6142167718371474 -1.6173382041354953 -1.6280079751547465 -1.646445212477578 -1.6603763289769093 -1.6755535260151175 -1.6857922251007047 -1.6889179285843858 -1.6912137810887469 -1.6933203138479107 -1.6951747219924462 -1.6969992528488136 -1.691647877061681 -1.701730021942678 -1.6960871818263084 -1.696871527932229 -1.6987951496657012 -1.6968953420144375 -1.6986593146051483 -1.6996819787136905 -1.698447757884385 -1.6985188753616145 -1.6979456529634167 -1.6979242092477367 -1.6973427025985572 -1.6984055454875144 -1.6969950622210197 
# total ejected metal mass till this time:
0 0.0 2.778348786297565e-05 0.0005953565814461388 0.0010716800439700466 0.001510209273610212 0.0020018101902842104 0.002480368213714734 0.0028351500963623593 0.003068605198504767 0.00322988177232157 0.0033530241975442067 0.0034566250407961473 0.003549536509236701 0.0036337377877798337 0.0037108695764204785 0.0037820213887172576 0.003848636179981332 0.003911338345797382 0.003970542360084418 0.004026406773620965 0.004079276165291017 0.004129370698452726 0.004177044525587477 0.004222463973994836 0.004265947895069637 0.0043075882941898975 0.004347733798900184 0.00438629747056641 0.004423621113790949 0.004459599483077872 0.004494502143629548 0.004528319120015551 0.004561264949360065 0.0045934901668791 0.004625161672332481 0.0046563871620555345 0.004687423981706336 0.004718055857141277 0.0047484865941944164 0.004778605871692815 0.004808571962601588 0.004838177362427457 0.0048677990072881205 0.004896729318976352 0.0049263002189224615 0.004954078691594271 0.004984507354853432 0.005009421903653997 0.005044120532716975 0.005059510346046912 0.005111873720772288 0.005089277765412843 0.00519558324122617 0.005062272434807437 0.005249886472834002 0.004980031025153174 0.0053027961019956205 0.0047982566926315345 0.005354287235279937 0.004415516619159546 0.00540474443390511 0.003654627323298432 0.005453845632689234 0.0021079195907202832 0.005501980491336206 -0.001079821568595914 0.005548545141791483 -0.007782554339700294 0.0055935883211124995 -0.0224323205103993 0.005636970995538718 -0.055074229558972676 0.005679099256081204 -0.130338830280397 0.0057195992072547625 -0.3107961152220604 0.005759033628044149 -0.7438698740872008 0.005796936663942255 -1.860888937104487 0.005833911955301364 -4.685992425310851 0.0058696814489944925 -12.310499547872908 0.005904162551511155 -33.409780239082586 0.005937989709818134 -90.65230400699194 0.005970529655755332 -261.0214467151569 0.006002116415095544 -768.1578741693849 0.006033239913541979 -2255.616421671429 0.006063201728853608 -6995.641852465379 0.006092222266109836 -22330.630131723825 0.006120730128965372 -71208.73935919518 0.00614869729832874 -122580.13285551762 0.006175556610398629 -112460.00879120681 -7552.916685945742 -72383.29001755465 -27309.03626557232 -45649.10947944649 -33062.6579163008 -32772.343533660525 -18888.03395351445 -12494.214496573546 -9853.271130286108 -8292.563644851825 -7392.808520061365 -6405.663389243102 -5789.085265265844 -5274.268285816841 -5208.776000853882 -5035.648081803919 -4777.658380794026 -4565.682261429779 -4441.787030926293 -4468.6276764330405 -4311.083045315324 -4235.184206674084 -4002.6793101291264 -3859.364563819528 -3743.592248591056 -3642.280949451004 -3549.3739823562564 -3478.004273990861 -3407.016371502638 -3345.133821759952 
# Stellar [Z/H]. [Z/H] = [Fe/H] + A[Mg/Fe] where A=0.94:
0.0 -5.218485947384705 -6.5705972582337075 -5.051289063700623 -3.4865076550613168 -3.1354061530639292 -3.0027923105555088 -2.9610442014680878 -2.934535389267077 -2.918514287293281 -2.909315013728497 -2.9029990800782275 -2.8981673770841994 -2.894234374047785 -2.890888795828952 -2.887952228597141 -2.8853052387478457 -2.882855005784182 -2.8805508508938287 -2.878371494661385 -2.876318451825263 -2.874395414286672 -2.8725938188674824 -2.870895091512912 -2.869288858319676 -2.8677659515201332 -2.8663146195230294 -2.8649166765144995 -2.8635679298273633 -2.862263825235158 -2.8610101182071523 -2.859798729815641 -2.858621393074364 -2.8574756711431744 -2.856356326589909 -2.855240875018466 -2.8541046814956177 -2.8529342054293982 -2.8517460055854222 -2.8505439573874245 -2.849330134449751 -2.848105693735866 -2.8468698848592906 -2.8456325958117383 -2.844388861379495 -2.843143008059303 -2.8418979073906474 -2.840650520055993 -2.8394063857506717 -2.838157882275868 -2.8369133981928067 -2.8356862945551096 -2.8344854889421454 -2.8333415972512643 -2.832231061670563 -2.831197129745957 -2.8302035790450515 -2.8292618535377647 -2.8283438387725033 -2.8274904668017578 -2.826659868902178 -2.825858556361476 -2.825085618836734 -2.8243673463054533 -2.823648450545497 -2.822952504560429 -2.8223140486441833 -2.8217005591082023 -2.8210682187870475 -2.820473633872794 -2.81990122603032 -2.819340481087666 -2.8187675950631084 -2.8182305364805704 -2.817723850663444 -2.817229377234894 -2.816717290287932 -2.816220829658069 -2.815755576468601 -2.815319478830572 -2.81487474680979 -2.8144310477198933 -2.8139936216259027 -2.8135972179025455 -2.813212986402185 -2.8128347102781306 -2.81244769983132 -2.8120649004369005 -2.8117010576933277 -2.8113725222726633 -2.8110490863774915 -2.8107306701883457 -2.8104054595759957 -2.810072958292958 -2.8097526049401296 -2.8094696304477456 -2.809196547731366 -2.8089137341216106 -2.8086391525830674 -2.808363366074643 -2.808084250280921 -2.8084472581124826 -2.808679678363325 -2.808871159094224 -2.8090286596261453 -2.8091583639758966 -2.8092714742214344 -2.809373878859023 -2.8094699174338613 -2.8096943697860732 -2.8104621544158306 -2.8113482964809604 -2.811842273666194 -2.812154403182432 -2.812405262204933 -2.8126276665018817 -2.8127272286475926 -2.8127861791023854 -2.8127445033863863 -2.8128202906985633 -2.812782224096288 -2.8127449866913126 -2.8127438264630626 -2.812761208083937 -2.8126202256821253 -2.8125645761322646 -2.8122947961081524 -2.8120834253356137 -2.811911670638174 -2.8117148540441175 -2.8113263776891895 -2.811193406523874 -2.81086335880405 -2.8106848174788426 -2.8104602176273437 
# Stellar luminosity-weighted metallicity, [Z/X]:
-4.152288344383056 -5.2406767730474275 -6.5295600318160485 -4.784057120899632 -2.8366189471491072 -2.249125196630314 -1.7505336682589168 -1.1802642994296118 -0.6255531293894456 -0.16405153868009936 0.22067488659945722 0.5229839774284522 0.6909637946774168 0.7456269870739421 0.7561657329300235 0.7494103266561192 0.7393155011697318 0.7292375592810624 0.7232231244598 0.7184212634451995 0.7136320755774053 0.7069845257210502 0.700518049858939 0.6933065002056678 0.6866165568223921 0.6798010831050318 0.6753312477992794 0.6708049125920366 0.6679889857043035 0.6637250083097372 0.6617188540200187 0.6582561403171496 0.6564220246098111 0.6538035025106028 0.6525493291733362 0.6546282170256612 0.6602272590957878 0.6661326589090506 0.6740958423479064 0.6818278242165667 0.6897231872300065 0.6970057241504899 0.7056965913913923 0.711159824223536 0.7215608877292022 0.7225206656131938 0.7392571595645556 0.7272977773501655 0.7661511402852133 0.7091286949337168 0.8271989028948622 0.5784365904995159 0.9951471866533667 -0.3703088658330811 1.2922561120758342 -0.18070664846010764 1.5526015229602779 0.0427220488250617 1.8009643873584462 0.2748968129534779 2.0565320217722545 0.5209256220775387 2.317785272179253 0.7769016617302529 2.5928083105645454 1.0474669158444394 2.881421028526511 1.3319951907005565 3.181950632516554 1.6289194202112427 3.498416488220105 1.942794734514339 3.828191423708402 2.270137616681117 4.172904899470475 2.6130594176065625 4.534339049554637 2.972030190551659 4.903453155248096 3.340246217807856 5.294830668405118 3.7291868436111457 5.689889530688269 4.123479454135396 6.104468606170225 4.536526641400202 6.533277236212518 4.963428203169418 6.961884641005956 5.3920310359890875 7.417174050556695 5.845457082472821 7.881768841019036 6.308732369426486 8.345221858200839 6.772135082460128 8.832940966108843 7.25851926009622 9.333254400363305 7.757462131818247 9.832796746300403 9.443013523934146 9.163112712207884 9.015506198461052 8.918166184725502 8.846584976974206 8.790528937685165 8.744785306387287 8.70637855888948 8.644695794001848 8.474004171809261 8.337767590887083 8.275135304765767 8.237745818121597 8.211619625250117 8.183189785785245 8.162972152085354 8.14878415811497 8.145190021882046 8.138380281651774 8.130131736061285 8.12346424801741 8.119844788095387 8.118173941386965 8.112425792797458 8.10660672484518 8.098888879129145 8.093147047329962 8.089342876785869 8.087347016627058 8.084986419281266 8.08219947165731 8.082652189511782 8.080199567246975 8.080643917983535 
# Stellar luminosity-weighted [Mg/Fe]:
0 -1.3877787807814457e-17 -1.3877787807814457e-17 0.9579536929341532 0.9565324923484579 0.6679045855296578 0.5036393176170474 0.38672708584295423 -0.5881359595317913 -1.1532692395015565 -1.440768484468579 -1.5593704282567213 -1.6057125731449036 -1.625588231649856 -1.6350784948462587 -1.6391998052571979 -1.6387917251017712 -1.6323927139767336 -1.6222210207323249 -1.611260192785685 -1.6032309029574812 -1.598984460391817 -1.5973371992320586 -1.5965800282669498 -1.5961466869025696 -1.5951361674625966 -1.5929148944405316 -1.5894674492340288 -1.5854535568475896 -1.580846671261673 -1.5776110287714387 -1.5742245902929566 -1.570392950475451 -1.5664408963367558 -1.5602862524122296 -1.5467045553748933 -1.5271989888719666 -1.5047251173515046 -1.4822194313143453 -1.461584694067541 -1.4416321862854617 -1.4230282935670766 -1.4056894536096085 -1.3890000105462843 -1.373792939340032 -1.358692434687088 -1.3451430882109967 -1.3319646536554903 -1.3190436494880935 -1.3074193397354912 -1.2947500349137764 -1.2866388715438952 -1.2825420772201206 -1.2850397540615452 -1.2914679799010549 -1.2972298051044342 -1.306114645849164 -1.3143166002593765 -1.3197239371296772 -1.3296411922204638 -1.3398763186809204 -1.344344878165471 -1.351998702533733 -1.3627660220056637 -1.370786250637918 -1.3710052351774082 -1.3874966555938903 -1.397463354966707 -1.4000069131703448 -1.4034025410259003 -1.4088171858232037 -1.4150364132336066 -1.419100314984637 -1.4218265811029107 -1.4290395673392786 -1.4361565114662371 -1.440000608141091 -1.4414233555527591 -1.44708173082042 -1.4552318060927862 -1.4622799759706775 -1.4670625276144622 -1.470565224234826 -1.4764288193862214 -1.4846109433648036 -1.4913931988853975 -1.49936702555289 -1.5029663158455713 -1.506560218016038 -1.5125348067392888 -1.5233270960478846 -1.5337004297997334 -1.5435998640744972 -1.5389700672860092 -1.539815199150478 -1.5493900940463108 -1.560531072354773 -1.5588209781615974 -1.5790937319580074 -1.5832974153877495 -1.587633155098913 -1.5348035369492539 -1.5111912471691722 -1.5006366164069131 -1.4941483763846481 -1.4896020129264262 -1.4861800793050164 -1.4834882688259137 -1.4813050438446584 -1.4779639631297903 -1.4701288283840055 -1.4661519776461294 -1.465409000362102 -1.4654347779395018 -1.4656646491651208 -1.4660429608367334 -1.4664296473954022 -1.4667668262060312 -1.466875265245974 -1.467064863692975 -1.46730669976628 -1.467533165133216 -1.4676790855113364 -1.4677764796169526 -1.4679704147902255 -1.4681596791277294 -1.4685925799757689 -1.468793827827981 -1.4690136952948467 -1.4692447502611845 -1.4692131164513995 -1.4694238596971365 -1.4694168617983598 -1.4696389276644932 -1.4696128890720979 
# Stellar luminosity-weighted [C/Fe]:
0 -2.220446049250313e-16 0.0 -0.030978581602301936 -0.035150683447458864 -0.07842555553906261 -0.08516133582955032 -0.11002917025580428 -0.8969699499767927 -1.1939840705360234 -1.2827246627359645 -1.3033004561983863 -1.2987947336359338 -1.2865313583565152 -1.2712796548964762 -1.2541697714729185 -1.2346253200438324 -1.211164737506345 -1.1857513157051391 -1.1606820174600987 -1.135427509692049 -1.109885045826691 -1.0855410057897243 -1.0627202041456907 -1.0412182641476522 -1.0092409521749282 -0.9554557116237784 -0.8906331159585855 -0.8277205479979612 -0.7716559547176709 -0.7228316198757538 -0.6800833842441586 -0.6422645161041054 -0.6080375395067277 -0.5745097895644204 -0.5379783443173324 -0.5000957696666917 -0.4620074834530653 -0.4257243553231038 -0.39270427026191657 -0.36479334761119087 -0.3381678229785422 -0.3142262942740577 -0.2909769468357226 -0.26967342744595524 -0.2489900647312422 -0.23042504297630462 -0.21267516941761389 -0.19405528640361147 -0.18071260263178412 -0.16468448150439607 -0.15283106600253615 -0.14051760990984685 -0.13279880547772116 -0.1273278347370178 -0.1183041537640036 -0.11428471239326488 -0.11024965554157107 -0.10085273615934875 -0.09816920968516696 -0.095634560068797 -0.08718188177369879 -0.08225362183177853 -0.0806049766807938 -0.0749815367474227 -0.06679600820359033 -0.06707646709923853 -0.06867643672899726 -0.06563457441796616 -0.06404384490184112 -0.06965836170851913 -0.07324650436060243 -0.07211968517062628 -0.06989362559386614 -0.07553690225687382 -0.08113343669678708 -0.08140946127331516 -0.08048864107279496 -0.07916594744118366 -0.08483927462211605 -0.09001194901219645 -0.08996285954222305 -0.0866889443773684 -0.08855448939205823 -0.09676187233197442 -0.10260907110129258 -0.10324805409996629 -0.10038853002226278 -0.0964092082562622 -0.10355142517451876 -0.11298814549177183 -0.1170271743801905 -0.1159634285630492 -0.1129150410905031 -0.10935346717257632 -0.11468438059537855 -0.12471710345814424 -0.13037518147865923 -0.13136265774933753 -0.12879487680950397 -0.12462041593301643 -0.1461294928366279 -0.15840052039148933 -0.16538474632501843 -0.17058916030208204 -0.17486856274148366 -0.1785657701006922 -0.1818498535734273 -0.18482461987532584 -0.19007451588651936 -0.20864765204151914 -0.22985698163067092 -0.24268596348073235 -0.25176593012101023 -0.25864319835181415 -0.2662055369888028 -0.2716473818678603 -0.2757177943040683 -0.276847992169439 -0.2788697330393479 -0.28137343760073663 -0.28344322347809403 -0.2846781108916935 -0.28527867714019417 -0.2871346293534023 -0.2889521267800299 -0.291954056425229 -0.29387014744789686 -0.295383334454535 -0.29639288980861367 -0.296957565786398 -0.29831092211139243 -0.29831502929377085 -0.2995372809806982 -0.2995901610194429 
# Stellar luminosity-weighted [N/O]:
0 0.0 0.0 -1.7863685847687614 -1.8367830267404752 -1.5124687007851474 -0.9033290182416707 -0.3160716409726161 0.20228505910608385 0.5908249227155287 0.8324809783435634 0.9471346203127701 0.9937606935613771 1.0109793388270572 1.022990724457886 1.0380988532178865 1.061102834118501 1.0972675562639589 1.1358103713799919 1.1724290234392114 1.195062542328471 1.201478336236703 1.1977254732863107 1.1896698271942558 1.1802474079901102 1.1644296570946244 1.1323400914051485 1.0844131908014192 1.024218842171242 0.9533177663922205 0.8696012672770416 0.7694629525936341 0.644089240334744 0.4747571346328171 0.2371110478699212 -0.03680855011417661 -0.2718531164804585 -0.4192372704523093 -0.48317828143083785 -0.5302004361591626 -0.5609677072767283 -0.5814392831623301 -0.5966469525274287 -0.6097086558517344 -0.6253799459949092 -0.6627478956326742 -0.6502321864357246 -0.6438252655608294 -0.6577255900508285 -0.6696994737976367 -0.6911497732357592 -0.6974036136283055 -0.6972206168505171 -0.6967208459034042 -0.7025666251232927 -0.6920034914566331 -0.6942926611399063 -0.694573474101992 -0.6804205534654333 -0.6839085570921644 -0.6846095790929767 -0.6783036796273139 -0.6747940305289564 -0.6700785330700394 -0.6637156860323667 -0.6595297296958347 -0.6743444690237357 -0.6591861297142849 -0.673471726678252 -0.6569143263800574 -0.6459778532105844 -0.6474295645085455 -0.651762943425938 -0.6518600668110262 -0.6592932030564436 -0.6672279683744495 -0.6616362934654718 -0.6574431168291266 -0.6535591291170195 -0.6537315594598827 -0.6729722438694288 -0.6656045766520287 -0.7452224835893733 -0.6526977527412363 -0.6189673553653021 -0.6348220868737915 -0.6466503749387464 -0.6569317902318992 -0.6457835281451636 -0.6514086659759424 -0.6632341703642612 -0.6744061658045575 -0.6559396179681172 -0.6473077595181853 -0.6460894591097115 -0.6624164250912923 -0.6629451108396516 -0.6537664345165941 -0.6584697004405347 -0.6570402984214885 -0.6657745383176281 -0.10297498164506791 0.04519891249435637 0.10848376828237905 0.1485087336491645 0.17777860250292676 0.20086370067309223 0.21990984897784405 0.2361250961177047 0.26268269220275475 0.3411148598441309 0.41173318320564994 0.4482501900764757 0.4720968505262776 0.48910928891045885 0.5069549261009716 0.519186805193504 0.5281692330436945 0.5306846436852011 0.5349343857870481 0.5401194652631268 0.5444408973824582 0.54716445215319 0.5483990578450637 0.552198469915791 0.5557461219222954 0.5616979962066311 0.5653965283065379 0.5683374809571575 0.5703721150273842 0.5712965446811578 0.573859978908555 0.5738346321567679 0.5761243731674052 0.5761968285688444 
# Stellar luminosity-weighted [C/O]:
0 0.0 0.0 -1.2111624244311447 -1.2126313762492187 -0.909901226335943 -0.6987452497204993 -0.5710430286251815 -0.36786811990518875 -0.11092497422547959 0.06394701179073889 0.14659679359762284 0.18835629973633505 0.211822695868256 0.22930056284222178 0.2458508660201803 0.26400001453165645 0.2868851801673411 0.30822386312976213 0.32982303391383916 0.3537189575978871 0.3788424382082032 0.4034119210398362 0.42645568772670767 0.44822886368758325 0.48033957851836373 0.5339951769523636 0.5984656872213527 0.6608223556146804 0.7165612438364912 0.7646893320808682 0.8068172230385343 0.8441215891109025 0.8778695781727115 0.9107098855573685 0.9460869176564257 0.9824120045663609 1.0186671214227507 1.0528393187757208 1.0840394342508928 1.110391080282077 1.1346606369758465 1.1566316012881888 1.1782059761560912 1.1978585039799095 1.2168943077135959 1.2338353320332165 1.250182066628427 1.2670506486774866 1.278897493454439 1.292971826816973 1.304174258582774 1.315045210505172 1.3218663945069007 1.3269144841785663 1.3349529069441766 1.3388940742787172 1.342613570218865 1.3517921609685393 1.3536543051155832 1.3558575372815285 1.363393410038743 1.3682032069318277 1.370964884831342 1.375069082402758 1.3816421299641404 1.3825704523100113 1.3804494856693268 1.3826979956898255 1.3837001072604576 1.3787913762207682 1.375512763319003 1.3761871015166625 1.377506053392991 1.3724067388938062 1.3661642284072086 1.3667786075724802 1.3672811112828478 1.3683625718242651 1.3629946822647019 1.3579487152970495 1.3574820301802117 1.3599275069643342 1.3577728720699358 1.350383134914011 1.3450655835054086 1.3443236362519406 1.3471375866828657 1.3489349769023657 1.3419888337017702 1.3344324529140446 1.3322856533309833 1.3308262741047039 1.3172820292782104 1.334308862064358 1.338271557228444 1.327389351452585 1.3196213040124019 1.316020043217976 1.3174999241452152 1.3209443213756458 1.3038177948420993 1.2937302628192084 1.2878345961095845 1.283373132940924 1.2796676315960596 1.27644307449021 1.27356327803128 1.270943150740928 1.26629595469439 1.2496621490321678 1.2303917631507928 1.2186249292111038 1.2102555453307156 1.2038986795099773 1.1968920854789662 1.1918413111633506 1.188057173128886 1.1870050344593772 1.1851241485255586 1.18279195260456 1.1808627598418688 1.1797116468760613 1.1791524104392792 1.1774201241736515 1.1757233338861783 1.172924144738903 1.171136328688775 1.1697220366335819 1.1687742571303814 1.1682531718568274 1.1669905328673527 1.1669867933217586 1.1658472783815916 1.1658003191392359 
# Stellar luminosity-weighted [O/Fe]:
0 -2.220446049250313e-16 0.0 1.1801838428288427 1.17748069280176 0.8314756707968805 0.6135839138909491 0.46101385836937725 -0.529101830071604 -1.083059096310544 -1.3466716745267036 -1.4498972497960092 -1.4871510333722688 -1.498354054224771 -1.500580217738698 -1.5000206374930989 -1.4986253345754887 -1.4980499176736861 -1.4939751788349012 -1.4905050513739377 -1.489146467289936 -1.488727484034894 -1.4889529268295605 -1.4891758918723983 -1.4894471278352355 -1.4895805306932919 -1.489450888576142 -1.4890988031799384 -1.4885429036126416 -1.4882171985541623 -1.487520951956622 -1.486900607282693 -1.4863861052150078 -1.4859071176794392 -1.485219675121789 -1.4840652619737582 -1.4825077742330524 -1.480674604875816 -1.4785636740988246 -1.4767437045128091 -1.4751844278932675 -1.4728284599543886 -1.4708578955622467 -1.4691829229918136 -1.4675319314258646 -1.465884372444838 -1.464260375009521 -1.4628572360460406 -1.461105935081098 -1.4596100960862233 -1.457656308321369 -1.4570053245853103 -1.455562820415019 -1.4546651999846216 -1.4542423189155842 -1.45325706070818 -1.453178786671982 -1.4528632257604361 -1.4526448971278878 -1.4518235148007501 -1.4514920973503256 -1.450575291812442 -1.4504568287636062 -1.451569861512136 -1.4500506191501807 -1.4484381381677307 -1.4496469194092498 -1.4491259223983242 -1.4483325701077918 -1.4477439521622983 -1.4484497379292873 -1.4487592676796055 -1.4483067866872887 -1.447399678986857 -1.44794364115068 -1.4472976651039957 -1.4481880688457953 -1.447769752355643 -1.4475285192654486 -1.4478339568868177 -1.447960664309246 -1.4474448897224346 -1.4466164513417026 -1.4463273614619938 -1.4471450072459853 -1.4476746546067014 -1.447571690351907 -1.4475261167051285 -1.445344185158628 -1.445540258876289 -1.4474205984058162 -1.4493128277111738 -1.446789702667753 -1.4301970703687135 -1.4436623292369344 -1.4529559378238226 -1.4521064549107294 -1.4499964854910607 -1.4473827009673135 -1.4462948009547192 -1.4455647373086622 -1.4499472876787272 -1.4521307832106978 -1.4532193424346032 -1.4539622932430059 -1.4545361943375434 -1.4550088445909024 -1.4554131316047072 -1.4557677706162537 -1.4563704705809093 -1.4583098010736868 -1.4602487447814636 -1.4613108926918361 -1.4620214754517256 -1.4625418778617916 -1.4630976224677688 -1.463488693031211 -1.4637749674329543 -1.463853026628816 -1.4639938815649067 -1.4641653902052967 -1.464305983319963 -1.464389757767755 -1.4644310875794735 -1.464554753527054 -1.4646754606662085 -1.4648782011641317 -1.4650064761366721 -1.465105371088117 -1.4651671469389949 -1.4652107376432255 -1.465301454978745 -1.4653018226155294 -1.4653845593622898 -1.465390480158679 
# Stellar luminosity-weighted [Ca/Fe]:
0 0.0 0.0 0.6767434947094101 0.6749321598660196 0.41656307318520425 0.28428471820106416 0.20247981999395803 -0.11499551659811735 -0.15617527035258516 -0.1639684469364715 -0.1660216424121237 -0.16675551381968257 -0.1669720894103659 -0.1670275288260743 -0.1670326023220834 -0.16702644423347524 -0.16702692145576137 -0.16703367123310953 -0.16702338282856344 -0.16702762476922017 -0.16703596793178144 -0.16702545400215763 -0.16702513027409682 -0.1670261857457378 -0.16702873513852023 -0.16702479601476217 -0.16702920685574685 -0.16701981014871303 -0.16702037250864366 -0.16702532425789518 -0.16700063023998424 -0.16702145078593 -0.1670349405364855 -0.16702850085762555 -0.16701924150659964 -0.16701629362640502 -0.16702104442767718 -0.16544007482656942 -0.1669546808121345 -0.16787388179284335 -0.1676778326246795 -0.16724471610815805 -0.16700435712851713 -0.16674781485231338 -0.16702146538988005 -0.16718202173309105 -0.16717163719592776 -0.16705782254871337 -0.167024005245906 -0.16701038331982443 -0.1670363874824241 -0.16703213064553135 -0.16701274102754393 -0.16702991615254303 -0.1670820888591631 -0.16708706585075217 -0.16710697827968635 -0.16696485062746058 -0.16701853774148323 -0.16697613348364682 -0.1669517504469582 -0.1669733797540689 -0.16700877516775847 -0.16690302670435275 -0.16716300798704697 -0.16708698869387884 -0.16695269309865557 -0.16700085874557402 -0.16703155144913318 -0.16703420077700715 -0.16702643764877378 -0.16700362241721067 -0.1669733326457754 -0.1669636768508056 -0.1669898449481244 -0.16698817777417596 -0.16700184339340196 -0.16702053237881764 -0.16701053390928133 -0.16699373760101333 -0.16699374363461605 -0.1670078752119024 -0.1669513547084176 -0.1670118507396101 -0.16702898672360877 -0.1670373357480024 -0.16694644420786187 -0.1670506639860525 -0.16699237726908356 -0.16710316674921422 -0.1670251899977513 -0.16698426218179052 -0.16701093946108703 -0.1670024388523954 -0.1669733598300327 -0.16693496920460382 -0.16690987033235438 -0.1670504274463651 -0.16704920926983036 -0.16703901763839402 -0.16701656276434695 -0.1670068883684641 -0.16700322856712302 -0.16700127029272527 -0.16700001919301166 -0.16699912430222286 -0.16699842605195103 -0.1669978506936305 -0.16699694690654687 -0.16699414842091143 -0.16699096808987957 -0.16698889386782323 -0.1669873447943757 -0.16698617136282579 -0.16698483035309897 -0.16698383979870757 -0.16698311516264752 -0.166982911095777 -0.16698254590454287 -0.16698206528065596 -0.1669816874310326 -0.1669814854089149 -0.16698137871003849 -0.1669810286069371 -0.16698066028768643 -0.16698021056394796 -0.16697987975908513 -0.16697961072595224 -0.16697938356743047 -0.1669793612648811 -0.16697917801536 -0.16697917598984202 -0.16697903617478604 -0.16697905930455925 
# Stellar luminosity-weighted [Ne/Fe]:
0 -1.6653345369377348e-16 -1.6653345369377348e-16 1.0328711324665105 1.0318938977849137 0.7476515564698656 0.5595610705077901 0.40935541614711246 -0.6175131205738054 -1.2953977676439978 -1.7625893699965556 -2.0846865017225866 -2.2647643818646035 -2.355568001833001 -2.386935794183323 -2.3944471814545105 -2.393663077192566 -2.3929055726581456 -2.390214955547673 -2.386024767364498 -2.383284603196138 -2.381601006226952 -2.3805390814176333 -2.3800160905141796 -2.379346407745305 -2.3786352242558744 -2.3771923804801185 -2.3753928867575294 -2.374186311617299 -2.3716843026489247 -2.3687926117108153 -2.3649472875014848 -2.3624348539165236 -2.361213148762901 -2.357398878634113 -2.3471840187729542 -2.3353392921681477 -2.319557311443851 -2.30193433499824 -2.286033370509662 -2.270720044178989 -2.2575288955185604 -2.244778722410456 -2.2319199030962507 -2.2197063497372214 -2.207739013402379 -2.1969609706118947 -2.185954999951313 -2.174486838411452 -2.167338781107593 -2.158330062686958 -2.1492460705886254 -2.141288304869768 -2.136282029472415 -2.1354989432286438 -2.1275388613236084 -2.120317003871399 -2.119485016976978 -2.110648361739504 -2.063238588529803 -2.105567987409577 -2.131157234947625 -2.1165922057863016 -2.108881560094045 -2.09394051715789 -2.089092897403816 -2.0879316054984667 -2.090461265263735 -2.088530046742947 -2.0925134292928904 -2.0956418728185553 -2.10279235806619 -2.1019649947432306 -2.104589503584831 -2.108042555912364 -2.115540053932036 -2.116048034561783 -2.119010515887228 -2.120170514516885 -2.1289694292854646 -2.1319540636794017 -2.135856222902027 -2.1338279407000087 -2.139321628493197 -2.1437592646577124 -2.1579228504696477 -2.1583090721596285 -2.1591728947099034 -2.1597912604908105 -2.1654738878369146 -2.16902094033622 -2.1769517603667614 -2.1785524164654824 -2.1817094069544587 -2.1822225410428695 -2.191565344900706 -2.1954153699786754 -2.203423977782996 -2.2041862340351592 -2.20637805774507 -2.202633270222614 -2.1932172583069223 -2.1888318863359926 -2.187141552729539 -2.18634667705803 -2.185976546250691 -2.1858443850940725 -2.185857675123386 -2.1859658346387434 -2.1863516221715953 -2.189186346954988 -2.1940875633711814 -2.1974938499184673 -2.2000068170043274 -2.2019467273527757 -2.204085103376177 -2.2056359141404664 -2.2067954448438423 -2.2071251021928115 -2.207700883683251 -2.208413121166798 -2.209013699514605 -2.209365487364031 -2.209551458820439 -2.2100706482715218 -2.2105808168798182 -2.211493534306672 -2.212042583838172 -2.2124859052609995 -2.2127849185760655 -2.212951324902355 -2.213369790110706 -2.2133699665543904 -2.2137679224684526 -2.2137811362119204 
# Stellar luminosity-weighted [Si/Fe]:
0 8.673617379884035e-18 8.673617379884035e-18 0.984959291754114 0.9843133858435713 0.7140100265984068 0.5730982210737002 0.47738737726130437 -0.08910526019470667 -0.20322538609318927 -0.2276579485585916 -0.23427802898300065 -0.23640036556284857 -0.23699226680071037 -0.23716091986960328 -0.23720998506858068 -0.23723106500063035 -0.2372107475248405 -0.2371946712096991 -0.237182304085612 -0.23717619175199542 -0.2371746567724599 -0.23717740959292624 -0.23718380810842482 -0.23717672064049009 -0.23717217852338549 -0.2371723987465794 -0.23716713338932463 -0.237162591137833 -0.23715901596696992 -0.2371699412628137 -0.2371719812312954 -0.23717039427332354 -0.23715667366122836 -0.23714893610307292 -0.2371271932114066 -0.23712700608636583 -0.23710423321259488 -0.23710664505745782 -0.2370994485540847 -0.23708448042135172 -0.23706438844899075 -0.2370450009806042 -0.23704507650523207 -0.2370179069154984 -0.2369971671145383 -0.23698186479993055 -0.23697132034443485 -0.2369690475137884 -0.23696836138964242 -0.23695242272865544 -0.2369323047249726 -0.23690975414129864 -0.23693117654568588 -0.23695392654838623 -0.23695702474334177 -0.23698586427848117 -0.23698386074601668 -0.23700424412834997 -0.23700715479604487 -0.2370364307585145 -0.2370314687908444 -0.2370608611018584 -0.23706868720174315 -0.23709550322861836 -0.23709455208959532 -0.2371178770413243 -0.23711289721416098 -0.2371257040691925 -0.23711265826346947 -0.23712960923193685 -0.2371213553406795 -0.2371391152532978 -0.2371318637523199 -0.237144262570406 -0.23713078723107522 -0.2371457694615321 -0.23713212630722671 -0.23714370861673342 -0.23713672859796098 -0.23713991603067008 -0.23714667191750627 -0.2371577892442876 -0.2371378843714644 -0.23717383521847 -0.2371596365184852 -0.2371332071722415 -0.23713110460160872 -0.23711944289028386 -0.23716278677809324 -0.23719970905901125 -0.23717138758659528 -0.2371773404830279 -0.2371580761991649 -0.23717637700111194 -0.23717197935296297 -0.23717231326051405 -0.23715020298268177 -0.23721186794998156 -0.2372213022774398 -0.2372025023882355 -0.2371538863727929 -0.23712760301590718 -0.23711439957134714 -0.23710561881907516 -0.2370990303439559 -0.23709374174034384 -0.23708932946556344 -0.23708553359158158 -0.2370792579182574 -0.2370601786623298 -0.23704201637504868 -0.23703203898439149 -0.2370252877582449 -0.23702034782360276 -0.23701498692394748 -0.23701124872373716 -0.2370084771570558 -0.23700774517185655 -0.23700637693783155 -0.23700463519416773 -0.23700330093242372 -0.23700253868393872 -0.23700225351530557 -0.23700094610044461 -0.23699965160483277 -0.23699808629182867 -0.23699689513191297 -0.23699598789855061 -0.23699534676380948 -0.23699510919914782 -0.23699448864029038 -0.23699446198132984 -0.2369940268481383 -0.2369940402496373 
# Stellar luminosity-weighted [S/Fe]:
0 0.0 0.0 0.9082341211275514 0.907947844044968 0.654670330328532 0.5224049613440247 0.42976418488140666 -0.11194242448081104 -0.21630163914186562 -0.23830983936355854 -0.2442962759460614 -0.246227905251574 -0.24675718043532646 -0.24690032733123446 -0.2469346399805208 -0.2469506337490016 -0.2469248947725563 -0.2468991004219242 -0.24689610596641454 -0.24689644536922817 -0.2468914443255491 -0.2468855594483007 -0.24688328056104025 -0.24688782805589615 -0.2468813843622477 -0.24687629771269626 -0.2468662692935113 -0.24684619257436846 -0.2468517774151967 -0.24685978736140546 -0.2468761147496804 -0.24687414603059843 -0.2468524266481098 -0.2468489117660262 -0.2468301309386267 -0.2468320721146079 -0.24681029977633273 -0.2468488844053025 -0.24685488513989662 -0.2468531541622161 -0.24683269066328162 -0.24681963885550695 -0.24681191796261204 -0.24681380483680992 -0.24681529158094206 -0.2467973487978048 -0.2468016713314376 -0.24680096499709114 -0.24682283615271527 -0.24680305552349335 -0.24680033736220364 -0.2468024976108224 -0.2468030293613216 -0.24679780588346678 -0.2467867336807762 -0.24677564436530586 -0.24678209892958536 -0.2467913157060353 -0.2467811033914128 -0.24678479248744267 -0.24676763077933583 -0.24680062943342784 -0.24678071400697554 -0.24676289903988535 -0.2466199483371404 -0.2467560796055287 -0.24683101763204773 -0.24682061903086405 -0.24689427565808686 -0.24680363795623916 -0.24670390780499918 -0.2467028867798633 -0.2467369342594573 -0.24676579373348118 -0.24675863592925007 -0.24672565571408644 -0.24673515326589524 -0.2467663612959723 -0.246736299859193 -0.24674120082786732 -0.24675380028923455 -0.24675571739349078 -0.2467495398592756 -0.24678832149650531 -0.2467498866999861 -0.24674977744337834 -0.2467327513062343 -0.24668739731960165 -0.24672590053697985 -0.24683495501687092 -0.24674949083464193 -0.24673905731376577 -0.2466895994980055 -0.24671643637921814 -0.2467505949044353 -0.24677020327273158 -0.2466579216084155 -0.24674526728338309 -0.2467728609024129 -0.24678777718329925 -0.24675786362042007 -0.24674700986587184 -0.246743256436031 -0.24674128046767485 -0.24673999329915908 -0.24673903466861535 -0.24673826932026766 -0.24673761573773534 -0.24673653559901132 -0.24673279035320406 -0.2467278802201741 -0.2467243638693778 -0.2467216378179119 -0.24671951376609136 -0.24671708456846841 -0.2467153293506653 -0.24671398231953034 -0.2467136225527765 -0.2467129404512335 -0.24671203777113782 -0.246711356532054 -0.24671098163996774 -0.24671084324001424 -0.24671014297482108 -0.2467094405070156 -0.2467086925455504 -0.246708101253173 -0.24670761268769703 -0.24670717975864098 -0.24670718498956 -0.2467069082484572 -0.24670689361616438 -0.24670672880983413 -0.246706784987891 
# Stellar luminosity-weighted [C/H]:
0 -5.218485947384705 -6.507369206153328 -5.730690155211224 -3.785186882927179 -2.9343209655396443 -2.3939248351954907 -2.040620429587041 -1.6439224678248987 -1.136534553910952 -0.6283325485338835 -0.2105635272784867 0.03862983846811652 0.1369992225428951 0.1668517356990482 0.1768291056052953 0.18462960002909012 0.19646061048647123 0.21136671057973766 0.22680697937872063 0.24302496892905312 0.25952918542603154 0.2755798451411171 0.29021830571204177 0.3036824596193042 0.32801572847338933 0.37568288223404567 0.43491920327883227 0.49233167553127277 0.5431647848052905 0.5871645189299817 0.6253773160876661 0.6588354174726438 0.6884841229375231 0.7173924854144684 0.7514439443085199 0.7888804355731667 0.8258184859994322 0.8601888834355709 0.8936315214680661 0.9203976543265657 0.9465900308243613 0.9701027819922081 0.9922478673429582 1.0134403359117004 1.0329504558456026 1.051131901767798 1.0682330827171271 1.0858072832001384 1.0994200486518442 1.112894059545659 1.1262019429364973 1.1375177622019153 1.1448821162063232 1.1507628113281765 1.1563410638324099 1.1617568058395218 1.1670816445212755 1.171925162846541 1.1766760828637768 1.1810994709035763 1.1857365116513794 1.190661976094725 1.194586462765041 1.1982264665880629 1.2022298873565922 1.2048975539774989 1.2045356421827504 1.202750155613753 1.1998913001815534 1.1966946069225388 1.193475457281958 1.1895450976126885 1.1852561462254836 1.1827064840255783 1.1797325599245823 1.1760882637499632 1.169685271775986 1.1691101304416023 1.16738627382738 1.1632305969233512 1.158952748615623 1.1546932629776365 1.1508282144310535 1.1475922329258506 1.144285802500265 1.1402177927724435 1.13637164073943 1.132527520146752 1.1293487625971181 1.126366718627689 1.122791331488699 1.1191163977600502 1.1154395732921665 1.1117741844969924 1.108458411596438 1.1056400194876943 1.1025804991191026 1.0987660034545632 1.095255012108944 1.0923578638819924 1.085790777681542 1.0801671628031935 1.0760993386160798 1.0726937191913897 1.0696889073006082 1.0669644489556087 1.064459482620113 1.0621257814351903 1.0578790943788583 1.0418314685344066 1.0221164675172818 1.0096467583627455 1.0006641045356899 0.9937951549247628 0.9861813472715042 0.9807075534788932 0.9765995509585661 0.9754674921062221 0.9734209122783315 0.970897045416097 0.9687810444263838 0.9675813818411565 0.9669706445402069 0.9651322031461977 0.9632420140780433 0.960341619181472 0.9584425550559956 0.9569223121183437 0.9559126065467609 0.955493252455275 0.9542092835883098 0.9542543447895784 0.9531767439521617 0.953141931745316 
# Stellar luminosity-weighted [N/H]:
0 -5.218485947384705 -6.507369206153328 -6.305896315548843 -4.4093385334184365 -3.53688843998885 -2.5985086037166614 -1.7856490419344766 -1.0737692888136259 -0.43478465696994384 0.1402014180189406 0.589974299436661 0.8440342322931587 0.9361558655016959 0.9605418973147124 0.9690770928030017 0.9817324196159345 1.0068429865830888 1.0389532188299673 1.0694129689040928 1.0843685536596368 1.0821650834545316 1.0698933973875913 1.0534324451795896 1.0357010039218313 1.0121058070496503 0.9740277966868303 0.9208667068588987 0.8557281620878339 0.7799213073610196 0.6920764541261555 0.5880230456427658 0.45880306869648546 0.2853716793976284 0.043793647727020435 -0.23145152346208242 -0.4653846854736523 -0.6120859058756274 -0.6758287167709884 -0.7206083489419894 -0.7509611332322397 -0.7695098893138157 -0.7831757718234096 -0.7956667646648672 -0.8097981140631187 -0.8466917475006666 -0.8329356167011435 -0.8257742494721292 -0.8389689555281761 -0.8491769186002314 -0.8712275405070731 -0.8753759292745826 -0.8747480651537742 -0.8737051242039815 -0.8787182979736832 -0.8706153345683996 -0.8714299295791026 -0.8701053997995816 -0.8602875515874313 -0.8608867793439705 -0.8593676454709289 -0.8559605780146775 -0.8523352613660595 -0.8464569551363406 -0.8405583018470626 -0.8389419723033829 -0.8520173673562486 -0.8350999732008608 -0.853419566754325 -0.8407231334589618 -0.8280746225088134 -0.8294668705455903 -0.838404947329912 -0.8441099739785329 -0.8489934579246716 -0.8536596368570759 -0.8523266372879883 -0.8550389563359886 -0.852811570499683 -0.8493399678972047 -0.8676903622431267 -0.8641338582166167 -0.9504567275760714 -0.8596424103801183 -0.8217582573534621 -0.8356018678789345 -0.850756218418244 -0.8676977361753346 -0.862190984900777 -0.8640487370805943 -0.8712999046506162 -0.8839004876468417 -0.8676494943127713 -0.8491502155042294 -0.8686241366770773 -0.8922295707232983 -0.884694442804542 -0.8708072394098929 -0.8757237402039477 -0.87928521045776 -0.8943609958112821 -0.32100199880562474 -0.16836418752165905 -0.10325148921112604 -0.06217068010036986 -0.03220012179252496 -0.008614924861508833 0.010806053566676965 0.02730772681196747 0.054265831887223115 0.1332841793463695 0.20345788757213867 0.23927201922811747 0.262505409731252 0.2790057643252437 0.2962441878935098 0.30805304750904616 0.31671161087337385 0.31914710133204593 0.3232311495398217 0.32822455807466344 0.33235918196697334 0.33503418711828514 0.3362172919459918 0.3399105488883367 0.3432648021141609 0.34911547064920034 0.352702754673758 0.3555377564419193 0.35751046444376344 0.3585366252796054 0.3610787296295124 0.36110218362458735 0.3634538387379753 0.3635384411749243 
# Stellar luminosity-weighted [O/H]:
0 -5.218485947384705 -6.507369206153328 -4.51952773078008 -2.5725555066779604 -2.0244197392037018 -1.6951795854749916 -1.4695774009618594 -1.2760543479197093 -1.0256095796854723 -0.6922795603246223 -0.3571603208761087 -0.14972646126821854 -0.07482347332536099 -0.06244882714317379 -0.06902176041488506 -0.07937041450256643 -0.09042456968087009 -0.09685715255002458 -0.10301605453511886 -0.11069398866883384 -0.11931325278217209 -0.12783207589871948 -0.13623738201466606 -0.1445464040682789 -0.15232385004497484 -0.1583122947183182 -0.16354648394252003 -0.16849068008340806 -0.1733964590312005 -0.1775248131508862 -0.1814399069508683 -0.18528617163825833 -0.1893854552351888 -0.19331740014290055 -0.19464297334790537 -0.19353156899319401 -0.19284863542331898 -0.19265043534015014 -0.1904079127828262 -0.18999342595551072 -0.1880706061514852 -0.18652881929598086 -0.18595810881313302 -0.18441816806820865 -0.18394385186799322 -0.18270343026541846 -0.18194898391129977 -0.1812433654773482 -0.17947744480259464 -0.1800777672713143 -0.17797231564627713 -0.17752744830325673 -0.17698427830057772 -0.17615167285039002 -0.1786118431117667 -0.17713726843919542 -0.17553192569759002 -0.17986699812199847 -0.17697822225180637 -0.17475806637795177 -0.17765689838736431 -0.1775412308371025 -0.17637842206630117 -0.1768426158146954 -0.1794122426075484 -0.1776728983325122 -0.17591384348657702 -0.179947840076073 -0.18380880707890457 -0.1820967692982296 -0.18203730603704482 -0.186642003903974 -0.19224990716750723 -0.1897002548682276 -0.18643166848262682 -0.1906903438225167 -0.197595839506862 -0.19925244138266285 -0.19560840843732175 -0.1947181183736979 -0.19852928156458827 -0.20523424398669743 -0.20694465763888248 -0.20279090198815997 -0.20077978100514304 -0.20410584347949712 -0.2107659459434359 -0.21640745675561357 -0.21264007110465188 -0.20806573428635566 -0.20949432184228467 -0.2117098763446541 -0.20184245598604367 -0.2225346775673649 -0.2298131456320065 -0.2217493319648911 -0.21704080489329947 -0.21725403976341262 -0.22224491203627172 -0.22858645749365314 -0.2180270171605576 -0.2135631000160152 -0.2117352574935052 -0.21067941374953447 -0.2099787242954516 -0.20947862553460128 -0.20910379541116697 -0.20881736930573735 -0.2084168603155323 -0.20783068049776077 -0.20827529563351144 -0.20897817084835824 -0.2095914407950259 -0.21010352458521497 -0.2107107382074611 -0.2111337576844572 -0.21145762217032038 -0.2115375423531547 -0.2117032362472271 -0.2118949071884635 -0.21208171541548548 -0.21213026503490484 -0.2121817658990719 -0.21228792102745375 -0.21248131980813456 -0.21258252555743118 -0.21269377363277941 -0.212799724515238 -0.2128616505836205 -0.21275991940155192 -0.21278124927904285 -0.2127324485321802 -0.21267053442942974 -0.21265838739392073 
# Stellar luminosity-weighted [Mg/H]:
0 -5.218485947384705 -6.507369206153328 -4.74175788067477 -2.7935037071312623 -2.1879908244709245 -1.8051241817488926 -1.5438641734882834 -1.3350884773798972 -1.0958197228764854 -0.7863763702664981 -0.4666334993368215 -0.2682880010408528 -0.20205765075044546 -0.19694710425073403 -0.20820092817898495 -0.21953680502884865 -0.22476736598391778 -0.22510299444744852 -0.223771195946866 -0.22477842433637907 -0.22957022913909508 -0.23621634830121785 -0.2436415184092171 -0.251245963135613 -0.2578794868142795 -0.2617763005827074 -0.2639151299966107 -0.2654013333183567 -0.2660259317387119 -0.26761488996570293 -0.2687638899611322 -0.2692930168987022 -0.26991923389250516 -0.2683839774333405 -0.25728226674904064 -0.23822278363210803 -0.21689914789900744 -0.19630619255567083 -0.1752489023375583 -0.15644118434770515 -0.13827043976417297 -0.12136037734334248 -0.10577519636760346 -0.09067917598237596 -0.0767519141102424 -0.06358614346689428 -0.051056401520749084 -0.03918107988434372 -0.027286688451862773 -0.017171493863721743 -0.00760586260486118 -0.004506705108358489 -0.007358832377501123 -0.013377333835860483 -0.02258458750802017 -0.030073127616377704 -0.036985300196530346 -0.04694603812378784 -0.054795899671519877 -0.06314228770854768 -0.07142648474039248 -0.07908310460723023 -0.08757458255982886 -0.09757824730243225 -0.10197933961722594 -0.11552263451715294 -0.12425127605495945 -0.13162218313862617 -0.13946739594250612 -0.14246421719214553 -0.1483144515910464 -0.15743553220132167 -0.16667680928356088 -0.1707961810568257 -0.17529051484486846 -0.18250288311781304 -0.19124944270397837 -0.19880565293763386 -0.20300625764329006 -0.20903743003512965 -0.21814691945661657 -0.229183016879821 -0.23704611556310962 -0.24025683810697895 -0.24449832528383908 -0.2559011786804808 -0.26620614508387863 -0.2776234896130241 -0.27963461896765196 -0.28397223192842436 -0.29388192393084456 -0.30852003775139725 -0.31061545290333914 -0.3186875474809092 -0.3262473018544938 -0.33017394940893396 -0.3258652975638352 -0.3489650707541072 -0.3592475264693018 -0.37065487528390406 -0.30288326643108476 -0.2726235639744896 -0.2591525314658156 -0.2508654968911763 -0.24504454288433486 -0.24064986024871526 -0.2371789326323741 -0.23435464253414207 -0.2300103528644124 -0.21964970780808013 -0.2141785284981772 -0.2130762785186251 -0.21300474328280217 -0.21322629588854447 -0.21365607657642638 -0.21407471204864859 -0.21444948094339722 -0.2145597809703128 -0.21477421837529498 -0.2150362167494464 -0.2153088972287378 -0.21541959277848655 -0.21552715793655164 -0.21570358229062592 -0.21596553826965614 -0.21629690436906746 -0.2164811253240888 -0.21670804872196836 -0.21693925390581015 -0.21676229820972637 -0.2169036539974334 -0.21684748771501017 -0.21692490273163312 -0.21688079630733892 
# Stellar luminosity-weighted [Fe/H]:
0 -5.218485947384705 -6.507369206153328 -5.699711573608923 -3.7500361994797196 -2.8558954100005822 -2.3087634993659405 -1.930591259331237 -0.7469525178481051 0.057449516625071695 0.6543921142020808 1.0927369289199 1.3374245721040503 1.4235305808994103 1.4381313905955242 1.4309988770782138 1.4192549200729223 1.4076253479928162 1.3971180262848768 1.3874889968388193 1.378452478621102 1.3694142312527222 1.3611208509308415 1.352938509857732 1.3449007237669566 1.3372566806483173 1.331138593857824 1.325552319237418 1.3200522235292338 1.3148207395229616 1.3099961388057357 1.3054607003318246 1.301099933576749 1.2965216624442508 1.2919022749788889 1.2894222886258526 1.288976205239858 1.2878259694524976 1.2859132387586745 1.2863357917299827 1.2851910019377564 1.2847578538029034 1.2843290762662658 1.283224814178681 1.283113763357656 1.2819405205768448 1.2815569447441022 1.2809082521347408 1.27986256960375 1.2801326512836284 1.2775785410500546 1.2790330089390336 1.2780353721117623 1.2776809216840443 1.2780906460651944 1.2746452175964138 1.2760415182327867 1.2773313000628463 1.2727778990058898 1.2748452925489433 1.2767340309723734 1.2729183934250776 1.2729155979265032 1.2751914394458348 1.2732080033354856 1.2690258955601825 1.2719740210767374 1.2732120789117474 1.2683847300317193 1.2639351450833947 1.2663529686310575 1.2667219616425602 1.2616647827833147 1.25514977181935 1.2582433862824525 1.2608659966213693 1.2574977250232786 1.2501739128487812 1.2482760778827853 1.2522255484494962 1.2532425459355476 1.248915608157846 1.241382207355005 1.2393827038231118 1.244354105257825 1.246894873601558 1.2434658468724096 1.2367601707616926 1.228936728403014 1.2329001877716368 1.2393548641194605 1.2398185058688895 1.235079826323099 1.2283546143826696 1.221127651669569 1.2231427921918168 1.2303571229458385 1.2329556805977622 1.2301286612039002 1.2240498889184477 1.2169782798150086 1.2319202705181698 1.2385676831946828 1.241484084941098 1.2432828794934716 1.2445574700420918 1.2455302190563011 1.2463093361935402 1.2469504013105164 1.2479536102653772 1.250479120575926 1.2519734491479526 1.2523327218434774 1.2524300346566997 1.2524383532765766 1.2523868842603072 1.2523549353467534 1.2523173452626342 1.2523154842756612 1.25229064531768 1.252270483016833 1.2522242679044782 1.25225949273285 1.252249321680401 1.2522668324996 1.252194140858073 1.252295675606701 1.2523127025038923 1.2523056465728786 1.2523054963553744 1.2524508182416731 1.2525202056997022 1.2525693740833495 1.2527140249328603 1.252732092764759 
# Stellar luminosity-weighted [Ca/H]:
0 -5.218485947384705 -6.507369206153328 -5.022968078899513 -3.075104039613702 -2.4393323368153776 -2.024478781164876 -1.7281114393372796 -0.8619480344462227 -0.09872575372751413 0.4904236672656088 0.9267152865077763 1.1706690582843677 1.2565584914890442 1.2711038617694497 1.2639662747561298 1.2522284758394475 1.2405984265370549 1.2300843550517673 1.2204656140102559 1.2114248538518826 1.2023782633209406 1.1940953969286836 1.185913379583635 1.1778745380212188 1.1702279455097973 1.1641137978430613 1.1585231123816717 1.1530324133805205 1.1478003670143178 1.1429708145478408 1.138460070091841 1.1340784827908195 1.1294867219077656 1.124873774121263 1.1224030471192528 1.1219599116134535 1.12080492502482 1.1204731639321057 1.1193811109178489 1.1173171201449135 1.1170800211782241 1.117084360158107 1.1162204570501641 1.1163659485053428 1.1149190551869648 1.1143749230110114 1.113736614938813 1.1128047470550362 1.1131086460377224 1.1105681577302304 1.1119966214566093 1.1110032414662303 1.1106681806565 1.1110607299126514 1.107563128737251 1.1089544523820347 1.1102243217831607 1.1058130483784288 1.1078267548074603 1.109757897488726 1.1059666429781192 1.1059422181724345 1.1081826642780763 1.106304976631133 1.1018628875731356 1.1048870323828588 1.1062593858130922 1.1013838712861457 1.096903593634261 1.0993187678540508 1.0996955239937867 1.0946611603661038 1.0881764391735746 1.0912797094316469 1.0938761516732445 1.090509547249102 1.0831720694553795 1.0812555455039679 1.085215014540215 1.0862488083345347 1.0819218645232302 1.074374332143103 1.0724313491146944 1.0773422545182152 1.0798658868779487 1.0764285111244076 1.0698137265538303 1.0618860644169619 1.0659078105025532 1.0722516973702465 1.072793315871138 1.0680955641413092 1.0613436749215825 1.0541252128171736 1.0561694323617834 1.063422153741235 1.0660458102654076 1.063078233757535 1.0570006796486169 1.049939262176614 1.0649037077538228 1.071560794826219 1.0744808563739756 1.0762816092007457 1.0775574508490795 1.0785310947540783 1.0793109101415892 1.0799525506168859 1.0809566633588306 1.0834849721550146 1.0849824810580726 1.0853438279756542 1.0854426898623242 1.0854521819137508 1.0854020539072078 1.0853710955480453 1.0853342300999875 1.0853325731798842 1.0853080994131368 1.0852884177361775 1.0852425804734454 1.085278007323935 1.085267942970363 1.0852858038926625 1.0852134805703866 1.0853154650427532 1.0853328227448067 1.0853260358469266 1.0853261127879446 1.0854714569767925 1.085541027684342 1.0855901980935077 1.085734988758074 1.0857530334601995 
# Stellar luminosity-weighted [Ne/H]:
0 -5.218485947384705 -6.507369206153328 -4.666840441142412 -2.718142301694807 -2.108243853530716 -1.7492024288581511 -1.5212358431841242 -1.364465638421911 -1.237948251018926 -1.1081972557944741 -0.9919495728026861 -0.9273398097605536 -0.9320374209335904 -0.9488044035877987 -0.9634483043762971 -0.9744081571196439 -0.9852802246653294 -0.993096929262796 -0.9985357705256783 -1.004832124575036 -1.0121867749742304 -1.0194182304867914 -1.0270775806564467 -1.0344456839783485 -1.0413785436075562 -1.046053786622295 -1.0498405675201115 -1.0541340880880652 -1.0568635631259635 -1.0587964729050796 -1.0594865871696602 -1.0613349203397737 -1.06469148631865 -1.065496603655224 -1.057761730147102 -1.046363086928289 -1.031731341991354 -1.016021096239566 -0.9996975787796796 -0.9855290422412333 -0.9727710417156574 -0.9604496461441894 -0.9486950889175692 -0.9365925863795654 -0.9257984928255336 -0.915404025867792 -0.9050467478165718 -0.8946242688077017 -0.887206129823964 -0.8807515216369035 -0.8702130616495918 -0.8632529327580061 -0.8586011077883713 -0.8574082971634489 -0.852893643727195 -0.8442754856386125 -0.8421537169141304 -0.8378704627336147 -0.7883932959808586 -0.8288339564372036 -0.8582388415225468 -0.8436766078597984 -0.8336901206482112 -0.8207325138224046 -0.8200670018436336 -0.8159575844217297 -0.8172491863519875 -0.8201453167112271 -0.8285782842094962 -0.8292889041874973 -0.8360703964236293 -0.8403002119599154 -0.8494397317654814 -0.849799169629911 -0.8546740573106666 -0.8585503095385043 -0.8688366030384467 -0.8718944366340988 -0.8767438808359689 -0.878711517743854 -0.886940614744181 -0.8924457333450038 -0.899938924670086 -0.8994051593998869 -0.9110279768680902 -0.9148432252872194 -0.9224127239482112 -0.9308545320877961 -0.9325737000652774 -0.9296660762167592 -0.9371332544978719 -0.9434725901423828 -0.9533547925717896 -0.9610948893733005 -0.9684225527088897 -0.9650582470328368 -0.9704682971852341 -0.9740575728312582 -0.9823281688266228 -0.9856549904076051 -0.9612969877887529 -0.9502642031413098 -0.9456574677884415 -0.9430637975645588 -0.9414190762085992 -0.9403141660377718 -0.9395483389298454 -0.9390154333282279 -0.9383980119062176 -0.9387072263790621 -0.9421141142232292 -0.9451611280749894 -0.9475767823476282 -0.9495083740762 -0.9516982191158698 -0.9532809787937131 -0.9544780995812081 -0.9548096179171504 -0.9554102383655714 -0.9561426381499647 -0.9567894316101269 -0.9571059946311813 -0.9573021371400383 -0.9578038157719222 -0.9583866760217452 -0.9591978586999712 -0.9597298813342796 -0.960180258688121 -0.9604794222206907 -0.960500506660682 -0.9608495844110037 -0.960800592471041 -0.9610538975355931 -0.9610490434471615 
# Stellar luminosity-weighted [Si/H]:
0 -5.218485947384705 -6.507369206153328 -4.714752281854809 -2.765722813636149 -2.141885383402175 -1.7356652782922408 -1.453203882069933 -0.8360577780428127 -0.14577586946811838 0.42673416564348976 0.8584588999368994 1.1010242065412021 1.1865383140987 1.2009704707259208 1.193788892009633 1.1820238550722917 1.1704146004679754 1.1599233550751773 1.1503066927532073 1.141276286869107 1.1322395744802622 1.1239434413379152 1.115754701749307 1.1077240031264668 1.1000845021249321 1.0939661951112445 1.0883851858480935 1.0828896323914008 1.0776617235559915 1.072826197542922 1.0682887191005292 1.0639295393034258 1.0593649887830225 1.0547533388758157 1.0522950954144457 1.0518491991534926 1.0507217362399026 1.0488065937012165 1.049236343175898 1.0481065215164045 1.0476934653539125 1.0472840752856616 1.046179737673449 1.0460958564421574 1.044943353462307 1.0445750799441722 1.0439369317903062 1.0428935220899613 1.0431642898939861 1.0406261183213994 1.0421007042140609 1.0411256179704633 1.0407497451383585 1.0411367195168082 1.0376881928530715 1.0390556539543052 1.0403474393168297 1.0357736548775396 1.0378381377528987 1.0396976002138585 1.0358869246342333 1.035854736824645 1.0381227522440915 1.0361125001068667 1.0319313434705872 1.0348561440354134 1.0360991816975864 1.0312590259625267 1.0268224868199245 1.0292233593991211 1.029600606301881 1.0245256675300172 1.01801790806703 1.0210991237120464 1.0237352093902943 1.0203519555617464 1.0130417865415544 1.0111323692660523 1.0150888198515347 1.0161026299048777 1.01176893624034 1.0042244181107174 1.0022448194516471 1.0071802700393548 1.0097352370830728 1.006332639700168 0.9996290661600842 0.9918172855127305 0.9957374009935434 1.0021551550604495 1.0026471182822938 0.9979024858400711 0.9911965381835048 0.9839512746684571 0.9859708128388536 0.9931848096853244 0.9958054776150798 0.9929167932539187 0.9868285866410078 0.9797757774267737 0.9947663841453771 1.0014400801787757 1.0043696853697512 1.0061772606743968 1.0074584396981354 1.0084364773159575 1.0092200067279764 1.0098648677189344 1.0108743523471198 1.0134189419135957 1.014931432772904 1.015300682859086 1.0154047468984553 1.0154180054529736 1.0153718973363595 1.0153436866230163 1.0153088681055782 1.0153077391038043 1.015284268379848 1.0152658478226657 1.0152209669720538 1.0152569540489114 1.0152470681650958 1.0152658863991553 1.0151944892532403 1.0152975893148724 1.0153158073719797 1.0153096586743282 1.0153101495915653 1.015455709042525 1.0155257170594116 1.0155749121020197 1.0157199980847218 1.0157380525151214 
# Stellar luminosity-weighted [S/H]:
0 -5.218485947384704 -6.507369206153327 -4.791477452481371 -2.8420883554347522 -2.2012250796720503 -1.7863585380219158 -1.5008270744498304 -0.8588949423289165 -0.15885212251679448 0.416082274838522 0.8484406529738386 1.091196666852476 1.1767734004640835 1.19123106326429 1.1840642370976933 1.1723042863239206 1.1607004532202594 1.1502189258629527 1.1405928908724041 1.131556033251874 1.1225227869271737 1.1142352914825406 1.1060552292966919 1.0980128957110602 1.0903752962860702 1.0842622961451274 1.0786860499439066 1.0732060309548652 1.0679689621077646 1.0631363514443302 1.0585845855821443 1.0542257875461511 1.049669235796141 1.0450533632128627 1.0425921576872255 1.0421441331252503 1.041015669676164 1.0390643543533717 1.0394809065900859 1.0383378477755407 1.0379251631396214 1.0375094374107583 1.0364128962160688 1.0362999585208463 1.0351252289959034 1.0347595959462978 1.0341065808033036 1.0330616046066594 1.033309815130913 1.0307754855265618 1.0322326715768297 1.0312328745009394 1.030877892322723 1.0312928401817278 1.027858483915637 1.0292658738674807 1.0305492011332609 1.0259865832998538 1.0280641891575306 1.0299492384849307 1.026150762645742 1.0261149684930753 1.0284107254388593 1.0264451042956 1.0224059472230418 1.025217941471209 1.0263810612797002 1.0215641110008549 1.0170408694253075 1.0195493306748187 1.0200180538375614 1.0149618960034514 1.0084128375598924 1.0114775925489718 1.014107360692119 1.0107720693091924 1.0034387595828864 1.001509716586813 1.0054892485903029 1.0065013451076807 1.0021618078686116 0.9946264899615143 0.9926331639638364 0.9975657837613197 1.0001449869015717 0.9967160694290311 0.9900274194554579 0.9822493310834126 0.986174287234657 0.9925199091025898 0.9930690150342469 0.9883407690093331 0.9816650148846642 0.9744112152903512 0.9763921972873812 0.9835869196731073 0.9862977589893465 0.9833833939205174 0.9772770280160348 0.9701905026317093 0.9851624068977496 0.9918206733288111 0.9947408285050674 0.9965415990257966 0.9978174767429322 0.9987911843876858 0.9995710668732722 1.0002127855727805 1.001217074666366 1.003746330222722 1.0052455689277786 1.0056083579741002 1.0057083968387874 1.0057188395104855 1.0056697996918387 1.0056396059960884 1.0056033629431038 1.0056018617228841 1.0055777048664463 1.0055584452456952 1.0055129113724237 1.005548511092882 1.005538478440387 1.0055566895247785 1.005484700351058 1.0055869830611504 1.0056046012507194 1.0055980338851822 1.0055983165967337 1.0057436332521128 1.0058132974512448 1.0058624804671847 1.006007296123026 1.0060253077768682 
# X_list:
0.7502484878082851 0.7500063198614393 0.7500005172942577 0.7499712687732518 0.7498683195062122 0.7495823154622042 0.748685133336624 0.745913603942103 0.7385192831594072 0.7205827661999094 0.6871529900652023 0.6548428348546909 0.6422459329093053 0.642521441086933 0.6469836771927743 0.6517999827728513 0.6558119208658737 0.6587399848020149 0.6611261212316636 0.6640271059426291 0.6677786083960258 0.6718603154191694 0.6759344811623836 0.6798261483058364 0.6832289221027464 0.6856765240782475 0.6874317271014139 0.6887879074320987 0.69002683908224 0.6911754255496765 0.693395033183629 0.6930975237221778 0.6933064251301065 0.6938986724145099 0.6924788838664981 0.6893496459550701 0.6853021861093163 0.6810931481057583 0.6768168165584608 0.672771321847664 0.6688902491682917 0.6650406495872176 0.6614027469733881 0.6577740216932385 0.6545218648002228 0.6512562100964061 0.6480765474576206 0.6450270898425027 0.6419762840333051 0.6391595900899956 0.6363355795866514 0.6339175440034065 0.6316692193494148 0.629835562646602 0.6282096631904615 0.6263417623333988 0.6245023503635748 0.6229438469051366 0.6212404626803957 0.6195477186056855 0.6181258162950017 0.616534443908848 0.6149454281185381 0.6135619717248005 0.6122698523908832 0.611168163978476 0.6108978698381037 0.6114626660742165 0.6123489937628577 0.61290725409414 0.6135589693101476 0.6145311583828753 0.6155020837899664 0.6160525758478778 0.6165650446485165 0.6175283482911683 0.6185504964148008 0.6192611450980069 0.6197313393961679 0.6204221156953459 0.6212700614138592 0.6224463268339004 0.6231186927996165 0.6235857187778229 0.6239906891305212 0.6251087733414672 0.6261729936272505 0.627147618403179 0.627694992988317 0.6279123841842978 0.6283912306921784 0.6292188059217534 0.6301336095544307 0.6309937882936673 0.6317348236736111 0.6319975058132792 0.6323755211530332 0.6330779713698327 0.6339295351066876 0.6348475582610995 0.6348510034484189 0.635411902653029 0.6357418602516086 0.6360037121060197 0.6362664658323002 0.6365126432460343 0.6368107871200744 0.6371419973575824 0.6374604842964331 0.6379205395318566 0.6402656898133883 0.6450447844874261 0.6498301879218965 0.6543511608513499 0.6582692513994157 0.6626432041928851 0.6660068100214918 0.6687378899751 0.6696067602698172 0.6710674377996363 0.6730824248064198 0.674724292509107 0.6757205253566163 0.6761025004591867 0.6778758221929034 0.679603015044132 0.6826412198989529 0.6850269922899965 0.6869828052461862 0.6886963512605179 0.690292792671994 0.6915254645926777 0.69283289582283 0.6937926889901993 0.6947234600035485 
# stellar_X_list:
0.7529042722234999 0.7502484878082851 0.750011042217656 0.7500058285474774 0.7499987402800903 0.7499898358077294 0.7499820339810467 0.7499754258760479 0.7499701594222022 0.749966575931397 0.7499642200181971 0.7499624681599385 0.7499610293923612 0.7499597849183484 0.7499586886677401 0.7499577210548043 0.7499568562878312 0.7499560695594366 0.7499553395515901 0.7499546573026558 0.7499540300313534 0.7499534641652077 0.7499529574844602 0.7499525021764649 0.7499520914209176 0.7499517165523822 0.7499513667856603 0.7499510341072919 0.7499507151203736 0.749950409696956 0.7499501175203624 0.7499498500084932 0.7499495762652004 0.7499493070683249 0.7499490466699831 0.7499487769213004 0.74994848696624 0.7499481713298852 0.7499478331538425 0.7499474771000764 0.749947104422142 0.749946718284484 0.7499463184155941 0.7499459073378032 0.749945486113899 0.7499450566768499 0.7499446197605025 0.7499441756303399 0.7499437247943826 0.749943268736377 0.7499428050061854 0.7499423413831676 0.7499418744252525 0.7499414077640594 0.7499409389986529 0.74994047576777 0.7499400114835106 0.7499395563420603 0.7499390899554264 0.7499386369174607 0.7499381813567019 0.7499377265886393 0.7499372696009154 0.7499368257038407 0.7499363717731984 0.7499359205723984 0.7499354766363813 0.7499350486626144 0.7499346161285818 0.7499341990203229 0.7499337947003072 0.7499334046535379 0.7499330096464112 0.7499326244964649 0.749932252801248 0.7499318965266262 0.7499315363313411 0.7499311807607412 0.7499308309638801 0.7499305009951992 0.7499301724526134 0.7499298476465337 0.749929518678751 0.7499292036162567 0.749928898729706 0.7499286048280663 0.7499283073866831 0.74992801264642 0.7499277140746426 0.7499274366487271 0.7499271661457327 0.7499269019957682 0.7499266316762621 0.749926363023943 0.7499260905053785 0.7499258358894152 0.7499255901513836 0.7499253526079633 0.7499251100280568 0.7499248683655976 0.7499246209187498 0.7499248825017119 0.7499250293562417 0.7499251448063851 0.7499252428321633 0.7499253279810002 0.7499254033433604 0.7499254714450971 0.7499255340997494 0.7499256549106622 0.7499260877514924 0.7499265724248875 0.7499268451211333 0.749927010353229 0.7499271285484953 0.7499272454009103 0.7499273049820069 0.7499273391674572 0.7499273331100326 0.7499273568075888 0.7499273475507553 0.7499273470376245 0.7499273387481437 0.7499273460721092 0.7499272986106515 0.7499272837109777 0.7499271836885331 0.7499271002687818 0.7499270288963832 0.7499269400624021 0.7499267938147439 0.7499267321884733 0.7499266038610962 0.7499265182765069 0.7499264338648374 
# stellar_X_list_luminosity_weighted:
0.7529042722234999 0.7502484878082851 0.7500127727778133 0.7500025576471674 0.7499734398217833 0.7498736233911741 0.7495969521420438 0.7487314977277407 0.7460618477721496 0.7389439797874078 0.7216318850900223 0.6892590482255456 0.657541186067242 0.6444963177007419 0.6440846641358318 0.6480276314200778 0.6525154199692257 0.6563304753773769 0.6591478330581195 0.6614528201833192 0.6642458088141509 0.6678636487641064 0.6718237851495895 0.6757973985471952 0.6796090578323161 0.6829616776339007 0.6854044533423445 0.6871716228050605 0.6885412141563952 0.689784762255893 0.6909347933849345 0.6930902216448172 0.6928918735510131 0.6931191589547162 0.6937053419558085 0.6923991896433938 0.6894351355880518 0.6855520547987274 0.6814760107087812 0.677315082616595 0.6733576550564918 0.6695512831101011 0.6657732044293516 0.6621917807073908 0.6586209845015811 0.6554034672338125 0.6521804813529255 0.6490391581199367 0.6460221473833392 0.6430070610473014 0.6402126413714403 0.6374168677632799 0.6350038232500153 0.6327601425903233 0.6309146462067918 0.6292733330495519 0.6274169009706727 0.6255826199898186 0.6240157117077999 0.6223188497193766 0.6206333638363207 0.619200819546392 0.6176183600911463 0.6160349852697515 0.6146461893820155 0.6133475105060633 0.6122318230156819 0.6119021744768043 0.6123740660274184 0.6131808968273836 0.613692119325839 0.6142975555476355 0.6152026398806575 0.6161246061374834 0.6166519852633983 0.6171423604440123 0.6180485524867271 0.6190270758068529 0.6197137266671625 0.6201757506239267 0.6208340798415095 0.6216482207273608 0.6227693776497161 0.6234347552945252 0.6238953791307131 0.6242951325983187 0.625354828870955 0.6263853697513848 0.6273303052245677 0.627880266128958 0.6281093582472839 0.6285748720366994 0.6293665799543166 0.6302522901832935 0.6310875135739497 0.6318159194086749 0.6320925031902377 0.6324670813611266 0.6331421301833011 0.6339665477899363 0.6348549134593305 0.6355352534065917 0.636302594893084 0.6369055443231563 0.6374219503833449 0.6378810346547138 0.6382980790853189 0.6386810282166253 0.6390370369372037 0.6396819865737332 0.6420710677466877 0.6448821302070566 0.6465832235439439 0.6477671176871685 0.6486533502857643 0.6496191400482868 0.6502960264180246 0.650796059659396 0.6509335072757729 0.6511783243602132 0.6514815224205794 0.651738010711751 0.6518665944986247 0.6519397444127452 0.6521494904304493 0.6523758845736324 0.6527019665540678 0.6529196850808704 0.6530906231903476 0.6531964149212113 0.6532424866234187 0.6533804850001234 0.653372991958622 0.65348081476849 0.6534858915909092 
# Y_list:
0.02113317345039969 0.000537486039661398 7.171272138342257e-05 4.762240596590092e-05 0.0001716833590016394 0.0005766410755147863 0.0016653838567299221 0.004881865182295746 0.015662292626450875 0.05086109053722296 0.13264947729119955 0.22805697276025486 0.27849006185097486 0.2926922410516418 0.2938093366746744 0.2915764177134179 0.2890421679459272 0.28668358086214174 0.28448355002043635 0.2818148665921222 0.2785583995629368 0.2750372822755298 0.27154427793708663 0.2682306427335504 0.26539246720126264 0.2633138031823932 0.2618223967999132 0.2606690177690084 0.2597091370522127 0.25878330774815794 0.25658763754008795 0.2571251833536714 0.2571590031015791 0.2566446925781182 0.2575972801451128 0.25979979152080174 0.2628472795419257 0.2660907642568508 0.2692152875504418 0.27230952385125773 0.27527673674284087 0.27810146098907024 0.28087538881735147 0.2836280633669261 0.2860833729661067 0.2885273304930807 0.2909226080350885 0.29326612211110953 0.2955132466734766 0.29776101797539417 0.29977635351159465 0.3017140721669028 0.3035739989947286 0.3050503567293604 0.3066307348405996 0.30810934074217206 0.3095660771302313 0.3111434268486144 0.31246840083368893 0.31381561550896664 0.31525361515885103 0.31652025395651423 0.31775015606431495 0.3190727907370021 0.3203944125878195 0.3211782457158395 0.3214004590147321 0.3213329279579516 0.321022448287175 0.32052995893839603 0.3201012096230472 0.31976562677680503 0.3194487438706741 0.31887922549484343 0.3183012764090863 0.31803991276084814 0.317818215996286 0.3174353867341764 0.31686288171358284 0.31635609179020063 0.31593059293197295 0.31563574184078835 0.31540566215586724 0.31473655183852683 0.3144252067928493 0.3138036916395301 0.3134429756727627 0.31320857170861827 0.3125758583003219 0.3122858263478782 0.3118966366583521 0.31151164400300185 0.3112910213613752 0.31096416347039274 0.3105365556135932 0.31005605406804376 0.30964486868170465 0.309290080828866 0.30906145824748466 0.3089169630974457 0.3093394165845875 0.30872579738015093 0.30825506238217765 0.30794655801259463 0.3077097449682391 0.3075566085020806 0.3074130516549991 0.307274470463727 0.3071435647969928 0.306827168922226 0.30537799076226946 0.30232315252025466 0.2990153617700599 0.29585381818477213 0.2930731683542954 0.290027241011546 0.28776301001894106 0.2859564153672232 0.2854110355627846 0.2844410137507445 0.2831141270205853 0.28194263297442446 0.28120924817026105 0.2809030318493269 0.2795523920645697 0.2780929278657376 0.2754491828895699 0.2732635638426787 0.2715198524259609 0.2700800284944392 0.2688282548284671 0.2678241065367851 0.26682042478177226 0.2661440278042006 0.2654339382109949 
# stellar_Y_list:
0.247 0.02113317345039969 0.0009391088545284015 0.0005104536100362338 0.00044733018913298067 0.0004504015189271007 0.00046498775778754266 0.00047751541888341724 0.0004868476456593606 0.0004943485268590252 0.0005009044756720471 0.0005067766500603666 0.0005119893646448234 0.0005166068952478567 0.0005207334089451899 0.0005244599310696152 0.0005278605517593674 0.000530996461681691 0.0005339139902726878 0.0005366410153672076 0.0005391958058984854 0.0005415856447995416 0.0005438204398940024 0.0005459238207654639 0.0005479198017804134 0.0005498179669094408 0.0005516246560861619 0.0005533591302784812 0.0005550327710382196 0.0005566491876008293 0.0005582092503870062 0.0005596983064236531 0.0005611596635743526 0.0005625919425563607 0.0005639913704691944 0.0005653546208674097 0.0005666909178884479 0.0005680357347230573 0.0005693699844899823 0.0005706883302806038 0.0005720020773919667 0.0005732981156015811 0.0005745880765674404 0.000575865407665298 0.0005771321711471633 0.000578389088044533 0.0005796304027658241 0.0005808674095881317 0.0005820833867009075 0.0005833010079861588 0.0005845114894526868 0.000585694240705404 0.0005868782425444888 0.0005880311640257171 0.0005891944629237352 0.0005903423997118273 0.0005914545189494829 0.0005925547114980734 0.0005936819997730237 0.0005947404979794811 0.0005958094928778484 0.0005968837959241304 0.0005979377181533809 0.0005989426668146087 0.0005999914194885265 0.00060102867751525 0.0006020224083565802 0.0006029832756514264 0.0006039874152650023 0.0006049622340131173 0.0006058918185913507 0.0006067883106038773 0.000607734326462304 0.0006086679728102502 0.0006095511102163209 0.0006103868292997125 0.0006112558623754141 0.0006121417594156598 0.0006130098526677668 0.0006138128354415412 0.000614607939253277 0.0006154133262087712 0.0006162602209821491 0.0006170701728026952 0.0006178367272374938 0.0006185688194302752 0.0006193148132071209 0.0006200914815784661 0.0006208944692115696 0.0006216252493220073 0.0006223244285443114 0.000623004614169139 0.0006237043575428368 0.0006244287884928807 0.0006251831522842398 0.0006258817960420491 0.000626541619480905 0.0006271743919376994 0.0006278225758102948 0.0006284731278989737 0.0006291721231323952 0.0006285145871116403 0.0006281472397205862 0.0006278514545262821 0.0006275963366034202 0.0006273726876172731 0.0006271730700476805 0.0006269989291083406 0.0006268630642135427 0.0006265897421737617 0.0006255310666581044 0.0006243847920842972 0.0006237148626041004 0.0006233813783522128 0.0006231288237888525 0.000622864340734759 0.0006227468602625976 0.0006226976180368685 0.0006227026183852595 0.0006226940985107547 0.0006227494405350279 0.0006227424683572186 0.0006228072426775255 0.0006227936860420977 0.000622937024585719 0.0006229711951324701 0.0006232626541592789 0.000623510713836527 0.0006237299886676685 0.0006239903035940676 0.0006243601614362934 0.0006245620605009855 0.0006248845425270951 0.0006251494066000214 0.0006253676515488456 
# stellar_Y_list_luminosity_weighted:
0.247 0.02113317345039969 0.0010862880188519243 0.0002442949730298165 0.00013830981184709233 0.00022636499690923456 0.0006014613721148195 0.0016435640025918201 0.004737153010687163 0.015087770205047923 0.04894423545206347 0.12787089444568553 0.22096583937488523 0.27188290006768 0.28757241149752155 0.2898760871898861 0.2884367351039356 0.2864278661999209 0.2844445971512617 0.28253212090438723 0.28012418026415525 0.27711044121100104 0.27380096981248353 0.2704845903512155 0.26731657106261014 0.26458584486526254 0.26257224153653985 0.26112412172366967 0.26000703962211597 0.2590808740470215 0.2581918830947248 0.2561050417902185 0.25656793474755824 0.2566084938480898 0.25613307782692357 0.2570303616206599 0.2591370126815998 0.2620772003888871 0.2652341879293228 0.26829641220867834 0.2713363545318688 0.2742610672799319 0.2770522246531627 0.27979423548430354 0.28251583341689157 0.2849578157612949 0.2873827927553003 0.28976028823413663 0.2920873251412445 0.29432195403407335 0.29655428517605714 0.29856722324464224 0.3005012691742513 0.3023585028562645 0.3038513581176079 0.305432570850972 0.3069162470187735 0.30837651870660654 0.30994659561386134 0.31128245470281674 0.3126323786644228 0.3140660916224358 0.3153397789213668 0.31657476415607433 0.31789407768727185 0.31921352005715425 0.32002919513858075 0.32030346846336666 0.3202921348985985 0.32003495998616205 0.31960108328943976 0.3192110232692002 0.31891016210591266 0.3186208071179326 0.31809876875386267 0.3175555777216491 0.31731040256019477 0.31710322130726504 0.3167508543948447 0.3162124669767433 0.3157343001382001 0.31532656005071186 0.3150460770199543 0.31482508588857294 0.3141993234567684 0.31389345998816504 0.31330734200130306 0.3129541350396501 0.3127268115980474 0.31212721576236047 0.31184288719403186 0.3114681843158013 0.3110993157680893 0.31088051530858674 0.3105690140034628 0.3101586243087457 0.30969927913798256 0.30929905490236814 0.30895535603929447 0.3087278725075467 0.3085845248969627 0.30369959354514087 0.3007308336831886 0.29902062021017056 0.29775641860497304 0.2967276035412552 0.29584759692153484 0.2950741998592612 0.2943788558087195 0.293164538304201 0.2889788158422599 0.284338268369795 0.28156387388369963 0.2796331892887961 0.27818764067485 0.2766059807783195 0.27549840529341063 0.2746783432201048 0.2744609587899835 0.27405419860182145 0.2735617355838034 0.273146348130156 0.2729331465526041 0.27281852411155916 0.2724775606205202 0.272095981860309 0.27160648556241457 0.27125974637567407 0.2709835215897577 0.27081148598672694 0.2707750880019324 0.2705724109982681 0.2705972356784546 0.270462874665872 0.2704588927844859 
# Z_list:
8.555940668178012e-08 2.176056840734405e-09 2.526577669620604e-07 2.253483894556997e-05 8.680225228211149e-05 0.00027345731884002584 0.001018308718358999 0.003644043977953793 0.010443010608719697 0.024666439027231427 0.047114845754690084 0.06579930058435778 0.07262942643317546 0.07399539250221991 0.07304087057630447 0.07169358429240888 0.07034699484863915 0.06961920274012057 0.0690466642492573 0.06853738929181367 0.06781777859045728 0.06717833916849854 0.06642710606068476 0.0657543900342996 0.06502209507730662 0.06457685420157272 0.06405408232817156 0.06376277652140364 0.06323267856585055 0.06304839251469237 0.06273154040021603 0.062441215947638205 0.06207378009598996 0.06195015570875581 0.06214626849578827 0.06271130235884265 0.06322578759920607 0.06404079243503202 0.06480932388902186 0.0656293449212734 0.06637112171385984 0.0673533678003922 0.0678272154655245 0.06914128026991828 0.06889585756939816 0.07137554348386024 0.06889554245198527 0.07540025767249942 0.06511519822443729 0.0866372278228955 0.046308754166238246 0.1288281264358634 5.211708251311389e-10 0.258969784024221 5.357502594373641e-10 0.4706247089517277 5.575252729259049e-10 0.8303935478938621 5.723640099327266e-10 1.4889799209313759 5.871671106208218e-10 2.7057926198811155 6.088754652488622e-10 5.075388494237526 6.174926821524864e-10 9.830902769328029 6.432628042811926e-10 19.652784955673578 6.50499263899833e-10 40.83430337001852 6.768693124479461e-10 87.50752781809891 6.802252910374883e-10 194.06829133558622 7.11309033702617e-10 447.2455169373798 7.149378888059525e-10 1049.450370808841 7.404299754394091e-10 2590.0149486584965 7.559004574211674e-10 6453.9520231938395 7.606468378259246e-10 16801.343742052293 7.957509017759617e-10 45217.59502281289 7.983489656170028e-10 121722.4148016324 8.128792924376593e-10 347825.14553839195 8.472268694106383e-10 1016107.4329856639 8.453097284064146e-10 2962466.8679136382 8.559764767452821e-10 9124441.237035 8.973534231305548e-10 28930410.845178567 8.990732741183647e-10 91652153.50746615 8.916946685523571e-10 156768800.4725089 3.315554257343266e-10 142935240.1895662 9570465.75261085 91442971.75882247 34397686.31745452 57330002.97803032 41284567.23558447 39839347.02206946 21936057.95230171 13971901.526961477 10670150.241940415 8733426.166563366 7512639.92715206 6315441.8446586635 5560118.9888604535 5025366.510093737 4889042.354740294 4630807.484534953 4313424.889830288 4075709.989714072 3943777.772084964 3888754.384973032 3669177.8372930023 3472571.6705397465 3183453.8507035817 2991758.734907868 2838632.9812346483 2708944.796555445 2594889.748034293 2503805.9871515473 2418665.3816271867 2344615.6929679858 2280532.017813973 
# stellar_Z_list:
9.572777650013187e-05 8.555940668178012e-08 3.802060139791099e-09 1.3638305527661383e-07 5.0181059306762825e-06 1.0665059512068839e-05 1.5761347856900667e-05 2.120476060656943e-05 2.630659005630216e-05 2.9757155444931405e-05 3.168075480462203e-05 3.285064887308108e-05 3.371840991305903e-05 3.448031009701742e-05 3.520716439367268e-05 3.588990909708376e-05 3.653054638462676e-05 3.713159402691572e-05 3.770492761249758e-05 3.8252431895891506e-05 3.877494948721867e-05 3.9270725073255345e-05 3.974238949661028e-05 4.0191392785781875e-05 4.062093466753669e-05 4.1031481315770376e-05 4.1426327507451246e-05 4.180605202567697e-05 4.217458571841571e-05 4.252924593371899e-05 4.287438889743777e-05 4.320758013063819e-05 4.353267036763926e-05 4.384880157739475e-05 4.415830868884089e-05 4.446246642083875e-05 4.476387840440157e-05 4.506416528218963e-05 4.5365484914934545e-05 4.566413397370603e-05 4.596269792354945e-05 4.6259236838076385e-05 4.65568477226475e-05 4.685068908321025e-05 4.7147612949297785e-05 4.7435209987788147e-05 4.773605236399456e-05 4.8008777308353214e-05 4.832849515463126e-05 4.855715707917882e-05 4.8953831929062305e-05 4.90226838906924e-05 4.972654624064196e-05 4.941105820733109e-05 5.103538646634474e-05 5.053856121466626e-05 5.347734598467588e-05 5.2649723183417126e-05 5.776609458195251e-05 5.636834683393083e-05 6.525432696484955e-05 6.286549320662054e-05 7.879339282346999e-05 7.45620981624076e-05 0.00010371936399465121 9.603579145722898e-05 0.00015138324781592907 0.00013691078661610365 0.0002456578749581248 0.00021741476094984426 0.00043809059814914136 0.0003811176035623201 0.000846832898544242 0.0007273278076033689 0.0017404506531869287 0.0014817305396113737 0.00376214140701377 0.0031826635629818006 0.00851473838655989 0.007166190979192185 0.019846556998272112 0.01664897298484337 0.04838311845333169 0.04042218110678898 0.12047880981441463 0.10043083945027141 0.31153004379253935 0.25890051348541765 0.8340478946090172 0.6911167496669808 2.256368938993519 1.8676099337431473 6.394777268397272 5.276089176518009 18.647806506343166 15.350696829611774 54.72587696792964 45.01825970461865 167.63410648542583 137.53135553921732 530.3363246690092 434.14713910556105 406.5717726935415 391.8262038603017 381.76886615836855 374.17870633685914 368.1159614064948 363.0937190033939 358.82082194920446 351.81451890581434 331.65102123212057 314.6111053592495 306.4468765909016 301.60353853832885 298.3350123922027 295.0940574110994 292.9858893113214 291.5528853270232 291.2540827269097 290.55741591018494 289.87363874944 289.2932483481623 289.03537768913196 288.86903063615426 288.60056667007564 288.19331249717123 288.1129108737341 288.12127173306453 288.251257270752 288.6700069293406 289.3207790443891 289.45009698980425 290.3362665639343 290.6111341619634 291.2549000426503 
# stellar_Z_list_luminosity_weighted:
9.572777650013187e-05 8.555940668178012e-08 4.397927201829653e-09 2.447625854765586e-07 2.1685345436115008e-05 8.386915928437456e-05 0.00026426129101843267 0.0009812986753788549 0.003507204669737958 0.010053085707785328 0.023808388974485964 0.045614809135544436 0.06406578677044683 0.07121751832863854 0.072920241800372 0.07223426523066555 0.07106335199749221 0.06983924538545114 0.06917439376115017 0.06865300390169257 0.06818679959964635 0.06751678284873515 0.06691335934253283 0.06620067603253633 0.0655564041417636 0.06485400891055802 0.06441953390687541 0.06391599261291482 0.06362947432135259 0.06312160209396785 0.06293544764530881 0.06263041949655795 0.06234862798029787 0.061994164978297774 0.06186767231312561 0.06204748411279332 0.06258353352724838 0.06308302407379467 0.06386836864336827 0.0646186647143231 0.06541967730526421 0.06614986761402715 0.0671061482503742 0.06759008905661201 0.06885505984168099 0.0686702785039425 0.07101733405029484 0.06875560146255044 0.07484071981814341 0.06532566592204707 0.08536160195322925 0.04792913056525717 0.12464157704544608 0.005353892637798037 0.2454517483871039 0.008238954187645357 0.4445259766549303 0.013700806477167796 0.7832480468636527 0.0232621138679009 1.4031579101656797 0.04078463248050097 2.5482666977442134 0.0731554097543306 4.777194378787171 0.13580411549614452 9.248607246939821 0.26086546950805667 18.480206985573815 0.5179018293721888 38.380130152364764 1.0688405706581123 82.21461410574702 2.2779572987389387 182.2570942838037 5.0255567721503835 419.8566649709533 11.520709989794605 984.8808195743001 26.946378597687612 2429.660682642032 66.1410289845208 6052.798117478754 164.44091035935736 15751.422610973268 426.24176242467064 42378.26306216038 1142.9025909394124 114056.57279101807 3073.5995096862052 325798.2319692176 8740.846764046046 951506.8677580779 25467.493880094375 2773644.8691249313 74210.4483345912 8540061.813920725 227665.1705353791 27070421.74853259 719892.8873080786 85745362.36297372 34985861.98422757 18387209.108186256 13101488.395337375 10479308.07561949 8893323.197089924 7821533.031025752 7043827.80801523 6451251.854689188 5602725.223690081 3796004.17201039 2786039.966389407 2418238.579416724 2222819.1263102614 2095905.5099061644 1966020.339898094 1878549.576513692 1819568.8002043196 1804953.6674560877 1777540.9971512123 1744910.866422372 1719003.2875943377 1705072.7844584552 1698716.1191668457 1676920.0625988212 1655175.434815036 1626833.8821590391 1606002.5051428382 1592413.0709741437 1585368.473629256 1576885.8320968226 1567130.0528816432 1568746.5237402723 1560169.6225712541 1561778.8686238946 
# formed stellar mass list:
1e-15 4664039.624280768 181916223.82263917 164326264.67016807 72546668.06426652 24830161.342205558 7475391.153652625 2089769.636359872 560280.5350389055 149114.1967740149 42432.865966736594 15246.441554694204 8182.371061771651 6126.129599100757 5330.841373791372 4879.838923659988 4546.000019497358 4269.015762401842 4030.340260360684 3821.517701092696 3633.312068229596 3464.8716130424064 3309.153504102957 3170.364702666569 3046.3225530487625 2934.3937631083263 2826.95002565715 2728.9409661004047 2640.759330340807 2558.9013440627405 2481.67345780888 2405.2798423199606 2342.5041173403115 2283.246226538982 2227.3939433645623 2170.5747834619156 2112.6805612133 2065.0226152296486 2024.310457810171 1975.6573894457708 1936.7915420214135 1896.2342976492323 1857.9887775396903 1824.2233148367177 1787.9621242139754 1757.3076287936751 1724.8982390029023 1695.0677139329648 1667.738009838286 1636.910084834906 1618.1692893275276 1584.29052195154 1560.4774475757806 1535.00534071281 1506.6984016660504 1493.2330613150732 1463.1262719951517 1434.9125301559561 1426.5248287742113 1397.7119212894415 1370.5020916058272 1362.4741330524225 1341.7408224887242 1313.89757948782 1301.0101252863299 1295.5619121044813 1267.0478858947747 1243.6596592802405 1237.8004819911255 1229.8246045720166 1202.1974807309996 1181.9120549382615 1177.2214012623351 1176.080940448171 1148.9198217059882 1124.6869674010957 1116.4925376194285 1118.9783231884846 1107.0466950518264 1080.4532859778387 1062.2985108577725 1058.3404099651993 1061.5408067186336 1051.7364435334462 1024.9101882193322 1005.3397340983909 999.6846158462853 1002.068061028577 1007.5548344409356 984.1559594918 956.6142068822229 944.2571156371718 942.8416093695354 946.3986668036663 951.6875156697486 934.6051226102335 907.310443324751 891.5105011903532 887.5051076535378 889.8051171463011 894.2472727359389 1e-15 1e-15 1e-15 1e-15 1e-15 1e-15 1e-15 1e-15 1e-15 1e-15 1e-15 1e-15 1e-15 1e-15 1e-15 1e-15 1e-15 1e-15 1e-15 1e-15 1e-15 1e-15 1e-15 1e-15 1e-15 1e-15 1e-15 1e-15 1e-15 1e-15 1e-15 1e-15 1e-15 1e-15 
