# time step list:
1000000 10000000 20000000 30000000 40000000 50000000 60000000 70000000 80000000 90000000 100000000 110000000 120000000 130000000 140000000 150000000 160000000 170000000 180000000 190000000 200000000 210000000 220000000 230000000 240000000 250000000 260000000 270000000 280000000 290000000 300000000 310000000 320000000 330000000 340000000 350000000 360000000 370000000 380000000 390000000 400000000 410000000 420000000 430000000 440000000 450000000 460000000 470000000 480000000 490000000 500000000 510000000 520000000 530000000 540000000 550000000 560000000 570000000 580000000 590000000 600000000 610000000 620000000 630000000 640000000 650000000 660000000 670000000 680000000 690000000 700000000 710000000 720000000 730000000 740000000 750000000 760000000 770000000 780000000 790000000 800000000 810000000 820000000 830000000 840000000 850000000 860000000 870000000 880000000 890000000 900000000 910000000 920000000 930000000 940000000 950000000 960000000 970000000 980000000 990000000 1000000000 1010000000 1020000000 1030000000 1040000000 1050000000 1060000000 1070000000 1080000000 1100000000 1200000000 1400000000 1600000000 1800000000 2000000000 2300000000 2600000000 2900000000 3000000000 3200000000 3500000000 3800000000 4000000000 4100000000 4500000000 5000000000 6000000000 7000000000 8000000000 9000000000 10000000000 11000000000 12000000000 13000000000 14000000000 
# Number of SNIa + SNII (log_10):
0 0 2.2333596867609338e+54 2.1626019425740655e+56 7.326860321382581e+56 1.1144828021316888e+57 1.3789236845866624e+57 1.585411681768987e+57 1.7843624222096145e+57 1.9652759583203928e+57 2.1242825392802255e+57 2.2627868048315466e+57 2.3841652854657003e+57 2.4917712418008806e+57 2.588304765108268e+57 2.6758303399850246e+57 2.7559014913421365e+57 2.829698205848487e+57 2.8981449998654955e+57 2.961972878249988e+57 3.021770996826532e+57 3.078021633127085e+57 3.1311246663886255e+57 3.1814154841200065e+57 3.2291785333501585e+57 3.2746567879825624e+57 3.318059625646792e+57 3.3595693242140586e+57 3.399344295792635e+57 3.437523530908887e+57 3.4742310611573346e+57 3.5095801956293026e+57 3.5436650123671205e+57 3.57656603185032e+57 3.6083698270677285e+57 3.639147462851985e+57 3.66896285952363e+57 3.69787183510625e+57 3.7259298233983575e+57 3.753190384201958e+57 3.7796926539103594e+57 3.805478437313311e+57 3.830584902136052e+57 3.8550461264651765e+57 3.8788956781906896e+57 3.902163453462773e+57 3.9248772859222975e+57 3.94706108305564e+57 3.9687404600361436e+57 3.9899422506255956e+57 4.010682729549894e+57 4.030980049213176e+57 4.050854328383327e+57 4.070324234085025e+57 4.0894041231644305e+57 4.108109918427128e+57 4.12645538630165e+57 4.144447640354187e+57 4.162106364132809e+57 4.179460149325804e+57 4.196504915391516e+57 4.2132522290627334e+57 4.2297029532788095e+57 4.245868650521466e+57 4.2617676650356684e+57 4.277406694466466e+57 4.292792431419845e+57 4.307935755102031e+57 4.322843013007431e+57 4.3375200182327514e+57 4.3519748452047756e+57 4.3662156063006176e+57 4.38024449390054e+57 4.394068520116672e+57 4.4076999664624556e+57 4.4211395587434156e+57 4.434391517446207e+57 4.447462183071041e+57 4.46035613450115e+57 4.473077781969467e+57 4.4856322764616796e+57 4.4980219920386534e+57 4.510251482777399e+57 4.5223314068185534e+57 4.534259682639237e+57 4.546040048685836e+57 4.55767626790373e+57 4.5691738489203535e+57 4.580534565737275e+57 4.591757483102282e+57 4.602850303683233e+57 4.6138146321887965e+57 4.624652101071548e+57 4.6353765334324565e+57 4.6459844046204106e+57 4.656471487845532e+57 4.666844117852415e+57 4.677106049459383e+57 4.687258377706032e+57 4.697301623249891e+57 4.707239934481171e+57 4.7170732701555e+57 4.7268082998100455e+57 4.736449497911271e+57 4.745992700026953e+57 4.75544173563896e+57 4.764798377803766e+57 4.774061929848136e+57 4.7832357368373404e+57 4.801324879372446e+57 4.886968515121152e+57 5.038159522586026e+57 5.168645372120139e+57 5.283416307139617e+57 5.3858666724381095e+57 5.521483231203931e+57 5.640206610413144e+57 5.745782685189658e+57 5.7785415535942315e+57 5.84083473021233e+57 5.927271109862588e+57 6.006539157984587e+57 6.0559465049466336e+57 6.079720753114575e+57 6.16931551833686e+57 6.270636357887609e+57 6.445821504614448e+57 6.59376846701314e+57 6.721835751877345e+57 6.834755326371201e+57 6.935663861805072e+57 7.026993230520912e+57 7.11031576577219e+57 7.18694508232566e+57 7.25787854620677e+57 
# Gas [Fe/H]:
-5.06415122347731 -6.705489481006934 -6.4172492020204075 -4.39069364579165 -3.302496097763699 -2.670288031603154 -2.3399173074729083 -1.6944115821459809 -0.9122029529827858 -0.3438693126467829 0.13416860537385222 0.5629753432927123 0.9431933094334815 1.2450877187612464 1.4374799827108768 1.5291504073431885 1.5619699952194175 1.5712894548814655 1.5711113640730408 1.5683678132586847 1.5643116859593853 1.5592044050307452 1.555793907121294 1.5510806638473134 1.546379136552503 1.5432544817239555 1.5399103566330994 1.5364141707563452 1.533912526691668 1.5310736178118445 1.5229748459974162 1.5282200238505892 1.52562014926534 1.524092799551806 1.5208404701781069 1.5203025926164497 1.520524996419041 1.5205637993713288 1.5214285013499809 1.522336281353276 1.5242826766652895 1.5229545618325515 1.5244307141445415 1.524851235956259 1.5275347801670254 1.526038025186426 1.526527684122986 1.5309048095625402 1.5275318127304294 1.5278031858160066 1.528469905887464 1.5296038748719023 1.5300701745787992 1.5304324634749973 1.5328371584090235 1.530683760808496 1.5325916129762698 1.5286630482886778 1.5496151521604284 1.5148728362816635 1.536678552406031 1.5320973152430897 1.5316646867759323 1.5328494862690403 1.5304544245501872 1.533885923877981 1.5404256289758278 1.5365939446791361 1.5316202962165981 1.5302602124362843 1.5260217247566907 1.5307046804008566 1.5256280131718003 1.526855654460587 1.527156819849211 1.530049142463016 1.5306510324633464 1.5223373281791637 1.5168645395498426 1.5176963484418469 1.5184408547145405 1.5146306855014258 1.5054166445152615 1.5154965337846806 1.5149037007170612 1.5048868971772746 1.5033769610071586 1.5095395298009708 1.5152411060534021 1.4538450818084176 1.5475724482867408 1.526955240124761 1.5165610762944643 1.5126390056871437 1.5057107044076745 1.508465167336078 1.5029841096829157 1.5020621461482055 1.5062018188895454 1.502554398822232 1.4943747058806696 1.4965312456628865 1.4973371861756037 1.4986611432315962 1.4976079122844088 1.4979025405266277 1.496861079355332 1.495016348429409 1.4936227431839795 1.4928582599089233 1.4913961738874715 1.4854132317173057 1.4818462640345538 1.477503081181999 1.4738975532092549 1.4726641125289368 1.4713671344616306 1.4709579879310124 1.4706119022855724 1.4704062035559202 1.4710761558309478 1.4721345078893529 1.4733227214219071 1.474255946174876 1.476428758397629 1.4809048330063557 1.4886112670345177 1.4961617258606443 1.501062811865793 1.5036656883012633 1.5049486426768865 1.505444132927916 1.5061837932792663 1.5056432450663522 1.5055745259863373 
# Stellar mass-weighted [Fe/H]:
0 -5.06415122347731 -6.469390089912141 -6.383713330929879 -4.6625371118754035 -3.82434315933007 -3.4402723543956197 -3.2934188595907177 -3.071183006134423 -2.7737494503219065 -2.554640876965398 -2.3999490387291793 -2.2880653936658373 -2.2039753243571143 -2.138231479971245 -2.085101500031378 -2.0408752531339367 -2.003410651216962 -1.9710389935434556 -1.942630290748375 -1.9173966489020309 -1.8947134998762074 -1.874249424523267 -1.8555819908120785 -1.8384304084919094 -1.8226278824386535 -1.8079625590034611 -1.7942856869321115 -1.7815201060797765 -1.7695436124504136 -1.7582550141058269 -1.7476643635015288 -1.7376619251371208 -1.7281500927181828 -1.7191270083949783 -1.7105797238948295 -1.7023569490651322 -1.694520232022441 -1.6870046788949766 -1.679809232781607 -1.6729292343524236 -1.6663113802048573 -1.6599647498713894 -1.653808356721819 -1.6478715159007136 -1.6421701160366 -1.6366533648427195 -1.631318734129107 -1.6261812005882117 -1.6211668914135702 -1.6162485383998844 -1.6116089534223734 -1.6070061576009298 -1.6025713815158733 -1.5982353955745578 -1.5939877924376145 -1.589921246549669 -1.585927816307585 -1.582041494868526 -1.5782607191903466 -1.5745478939242794 -1.5709424944692403 -1.5673963863065534 -1.5639647600292852 -1.560578281472802 -1.5572999694138066 -1.554070015121014 -1.5509322942802033 -1.5478485312912156 -1.5448104669303948 -1.5418374543467754 -1.538942416602307 -1.5360852763156192 -1.5333130838294462 -1.5305661264542332 -1.5278998280359621 -1.5252455907943867 -1.5226571845510088 -1.5200970983251114 -1.5176262424102145 -1.5151621640035566 -1.512762276241661 -1.5103706001317523 -1.5080527963567354 -1.5057545549829792 -1.5035211880622477 -1.5012906813260285 -1.4991452573360649 -1.4969874995821746 -1.4948883043544008 -1.4927859499275753 -1.4907448918107011 -1.488677663981802 -1.4866933502557593 -1.4847017863162923 -1.4827804987898814 -1.4808280104813152 -1.4789607620255714 -1.4771083059173566 -1.4753051180436163 -1.473473608112192 -1.473352173092052 -1.4732069488603585 -1.473089255705509 -1.4729571402621913 -1.4728330320957257 -1.4726803696463584 -1.4725077839468739 -1.4723906099514945 -1.4720710642835089 -1.4707874293925611 -1.4682912518895108 -1.4662739240550833 -1.4644930728654186 -1.4630527197128584 -1.4613684637227689 -1.4600799149721349 -1.459062601969464 -1.4587253798020603 -1.4582865899857769 -1.457585822821696 -1.4571187203687685 -1.4567306566766849 -1.4566435379084925 -1.4558989263999838 -1.4554412028929873 -1.4541500842657502 -1.4532868111117176 -1.4525912914874244 -1.4518521806508895 -1.4507225213832342 -1.4501881677696336 -1.449285773739681 -1.4485764722326833 -1.4479586094795938 
# Gas [Mg/Fe]:
-1.3877787807814457e-17 -1.3877787807814457e-17 0.3606736811180739 0.4221428795517368 0.1686716141989219 -0.011043881499944508 -0.06058008121542868 -0.4862342600388444 -0.9996562204581718 -1.2714214714971552 -1.4379097866724975 -1.5412246434933796 -1.603001693122833 -1.6327493276265752 -1.6463836666506264 -1.656477243765957 -1.6561307411626502 -1.6521834607450527 -1.6466150260780297 -1.6409092596213068 -1.635914505353312 -1.634972754119861 -1.6335846818103787 -1.6342498826812824 -1.634309932547834 -1.631298953890507 -1.6316478538862191 -1.6311325358821176 -1.6271518421638935 -1.625027548220154 -1.6240417932349756 -1.6219810035534648 -1.625694529906314 -1.625591465578281 -1.5974933188550682 -1.6014535700143855 -1.5897276287761197 -1.5598892497319503 -1.5431613239146649 -1.53428905711218 -1.505030920101223 -1.5617937716982346 -1.524769884332127 -1.5043155203158263 -1.4869558719754201 -1.4743017712118558 -1.4687551967969024 -1.452665698245493 -1.4459118577665595 -1.439873065872348 -1.4310732476906336 -1.426772068240581 -1.42490121087004 -1.4266913845293774 -1.4319230290071217 -1.4365304614741528 -1.4422502622795934 -1.4503471800038517 -1.4581295633511626 -1.4651787169914547 -1.4748427532261128 -1.471405474426145 -1.481168827414619 -1.4921255162979432 -1.497589194481048 -1.4957900330331422 -1.4892771102491003 -1.5266169546488455 -1.5023246395318821 -1.50418899009833 -1.5149518247836127 -1.5342006702166506 -1.5161412464476731 -1.5521794747544448 -1.537391777927869 -1.5568566492310878 -1.5663702363952967 -1.5709662758104013 -1.5869916659034964 -1.508012172460471 -1.5619629730164357 -1.5686235043920673 -1.5566105228923195 -1.5655642062709532 -1.597885684362184 -1.5710216357181943 -1.5791869152683535 -1.5834091773471386 -1.6010651233359656 -1.5983571353157386 -1.608524809868426 -1.6132506571329932 -1.6159582955131964 -1.615256157702656 -1.6261118158329428 -1.6184740516129779 -1.6584057075401026 -1.612787055911063 -1.6206761417933475 -1.6365704296459385 -1.6415999415919267 -1.6369396472667128 -1.6453503849387017 -1.6490032875380274 -1.6472510298744094 -1.6473201830885336 -1.6478009866445955 -1.6483230178152257 -1.6489286908197618 -1.6514422883183693 -1.6557906952586674 -1.6627822909847363 -1.6680901276711537 -1.6712095134701397 -1.675103679179399 -1.6780349462947717 -1.6812563957870703 -1.6826706188078875 -1.6833623802559685 -1.6843359503604827 -1.6853778772652923 -1.6862055804199878 -1.6861334634023109 -1.6873982810968748 -1.6880361957788799 -1.6888619552207835 -1.689971353754889 -1.691019489466586 -1.6915318845156662 -1.6921932329609033 -1.7041825413374387 -1.6931656172043432 -1.6931983173053724 -1.6935460926324866 -1.6938264638895093 
# Stellar mass-weighted [Mg/Fe]:
0 6.938893903907228e-17 6.938893903907228e-17 0.30659521753470953 0.42056200400542676 0.19222624270817024 0.05364091586356426 0.013155701326930683 -0.15314964917424517 -0.4091607256158835 -0.5970388605541692 -0.7282451364304605 -0.8219402263792236 -0.891101452424625 -0.9439732583416921 -0.9855057347507155 -1.0193609735602083 -1.047352831830587 -1.0709897717485903 -1.09130758064163 -1.1088259864154515 -1.1242122601029292 -1.1378727889143674 -1.1501235839845425 -1.16122682132006 -1.1713195497412583 -1.1805308183158945 -1.1890087865419212 -1.1968432335430406 -1.2040684949665845 -1.210784053144197 -1.2170115469743894 -1.222823013863644 -1.2283284267118264 -1.2335076893322603 -1.2381951691237576 -1.2426308665894639 -1.2467678796719028 -1.250477525859359 -1.2538765137899945 -1.2570456086154278 -1.2598411168413648 -1.2629188616434568 -1.265615707719307 -1.268049852805787 -1.2702513044578863 -1.272281513815514 -1.2741963736808428 -1.2759106834755964 -1.277524937510941 -1.2790525952919714 -1.2804126800831204 -1.2817412085866278 -1.282994876205176 -1.284234004270551 -1.285451452697768 -1.2866620643982631 -1.2878660576482144 -1.289087083684529 -1.2903093364747884 -1.2915360634746087 -1.2927659049189084 -1.2939451026995579 -1.2951347328322957 -1.2963531041861014 -1.2975491790750033 -1.298716794973897 -1.299817174300943 -1.3010500542437196 -1.3021419638271559 -1.3032291919421557 -1.3043242810932376 -1.3054694540221687 -1.3065139843124578 -1.3076639853225867 -1.3087351358128856 -1.309855596244736 -1.3109685559958073 -1.3120786378527554 -1.3132064473565455 -1.3140842213474717 -1.315094478190907 -1.3161104311486105 -1.3170631364855032 -1.318033618168966 -1.3190634922288806 -1.3200138259041023 -1.320952415196763 -1.3218952190999351 -1.3228509070742502 -1.3237901427960765 -1.324722815624382 -1.3256838857288502 -1.3266129128980158 -1.3275414766029592 -1.3284616405545182 -1.3293630770778537 -1.3303160213174938 -1.3311741491933748 -1.3320280040289896 -1.3329088785481071 -1.332897595688891 -1.3329567053765463 -1.3329860401147653 -1.3330245251622435 -1.3330509665772607 -1.3330892865464534 -1.333135153261412 -1.3331510229753742 -1.3332399908742043 -1.3335405949753818 -1.3342634038123726 -1.3348514773239175 -1.3353870405030293 -1.3358524239883025 -1.3363956770705747 -1.336789890286881 -1.337145403369805 -1.3372469568930523 -1.3374093737976178 -1.3376403481997579 -1.3377794588204892 -1.3379438025805388 -1.3379678889137354 -1.3382291198897585 -1.338421697293034 -1.3389591782434995 -1.3393694023676324 -1.3397163232221954 -1.3400758075218007 -1.340527214838786 -1.3408158238993224 -1.3411727892259064 -1.3415334548369078 -1.3417875436781406 
# Gas [O/Fe]:
-2.220446049250313e-16 0.0 1.0350605603184522 1.1382250100940863 0.9347249589270086 0.8013589184788037 0.7501597837327427 0.2865617432974763 -0.3517101637295911 -0.7872061913085768 -1.1036750163399798 -1.31232550977533 -1.4252044747417458 -1.465663058998944 -1.4987281642286727 -1.5104928897709842 -1.5057276095816836 -1.504069603292507 -1.502536175815976 -1.500797117621093 -1.497469229387138 -1.4994398398463937 -1.4992039391619634 -1.4988685675718636 -1.500843587067978 -1.5019401140775064 -1.4790849927188696 -1.5114026015176267 -1.506196225493718 -1.499506141263538 -1.4987677046344103 -1.513691683829174 -1.4869955319077248 -1.4939216987497468 -1.4964769253450345 -1.5012822939709736 -1.5022025326979733 -1.4899995017307794 -1.4691574366617655 -1.4370358932897367 -1.4181983079819769 -1.4812611928446788 -1.5377405546843932 -1.5890275365785096 -1.4957616298207597 -1.485507475292451 -1.487921294308162 -1.5241103398591218 -1.4966070963156912 -1.4865060178931178 -1.4811693553052117 -1.478979616935718 -1.478386351480861 -1.4683867838525957 -1.4911308329522635 -1.4882393577593551 -1.4942920175799617 -1.4907218646431368 -1.4797633615630397 -1.4649368720747455 -1.468703773239412 -1.4727024028451638 -1.4755857857766905 -1.4706627778057177 -1.4778624407501326 -1.4799457926417583 -1.4811765871465359 -1.482245816605276 -1.4842428822410885 -1.486968341615787 -1.4822995036501907 -1.4775080296426317 -1.4711670831037273 -1.4775745940992464 -1.4761694119357927 -1.4756361162650344 -1.4758649318795376 -1.4851726362576696 -1.4825744417139708 -1.4951275670339736 -1.4675398236598565 -1.494393821264242 -1.465687009652716 -1.466924423048213 -1.4694226869185005 -1.4797265776869186 -1.480504728584964 -1.485840545424693 -1.4934153470351748 -1.453529743136949 -1.47833295058802 -1.477643490915423 -1.4737002359980491 -1.476313503079847 -1.4680921478176452 -1.4651466620208116 -1.482021825128749 -1.490156895350297 -1.4785152116465987 -1.4826415889366082 -1.481771213072169 -1.4815103740483913 -1.4787600440008952 -1.4782810575841716 -1.4790408856669428 -1.4766724603716987 -1.4759480780035594 -1.4766733128966196 -1.4776433150373758 -1.4579240069081678 -1.4757625640624528 -1.4761517372998036 -1.4772537637954286 -1.47838489569307 -1.478732271972122 -1.479412967936692 -1.4812440090898367 -1.4820331744024542 -1.4822735008134358 -1.4829792122192613 -1.4841627242612003 -1.4853606654245022 -1.4855487389959952 -1.4868195802975828 -1.4867709109784093 -1.4879287602409375 -1.4900565418082188 -1.4912718824926439 -1.4918948122058637 -1.4935104687848741 -1.4939530513031798 -1.4946882796357035 -1.4951685238251091 -1.4954136732983487 -1.495780126851519 
# Stellar mass-weighted [O/Fe]:
0 0.0 0.0 0.9444103618218938 1.1358290686746737 0.9523498170106195 0.8472703603017573 0.8110731276060856 0.6381136160431853 0.3651496571080528 0.1586893655924564 0.01128202277279411 -0.09565366672868048 -0.17556490814511028 -0.23745217599344304 -0.28688108641354104 -0.3276927051032703 -0.3619305181252648 -0.3913393293983505 -0.4170682909146466 -0.4396116740668061 -0.45971674284961317 -0.47777701838214315 -0.4941572031577235 -0.5091327153197445 -0.5228637844495856 -0.5355477992904255 -0.5472357086354085 -0.5582166928712132 -0.5684544184924385 -0.5780452809251877 -0.5870063623536981 -0.59548131734412 -0.603448781117945 -0.6110040176458543 -0.6181914763544408 -0.6250093961843621 -0.6315282761285365 -0.6377294194385306 -0.6436082455009494 -0.6491585638006552 -0.654431121981468 -0.6596279776081789 -0.6647330022066643 -0.6697189455998078 -0.6743574542129265 -0.678826815816781 -0.6831497834549564 -0.6873659322855861 -0.6914171793134087 -0.6953479039192239 -0.6990608672836336 -0.7027320824426857 -0.7062598956630848 -0.7097002302104776 -0.7130601119704442 -0.7163117528760401 -0.7194887382511841 -0.7225891676994198 -0.7255873107641526 -0.7285015458964736 -0.7313186199812803 -0.7340844329098704 -0.7367693434464686 -0.7394171759658323 -0.7419775813829215 -0.7445100176728396 -0.7469615900644435 -0.7493818325482045 -0.7517258596322013 -0.754049717149602 -0.7563018636288776 -0.7585187889529766 -0.7606609153046329 -0.7627824452338419 -0.7648475792680545 -0.7668948591788766 -0.7688775962132999 -0.7708492553626788 -0.772767978609967 -0.7746902005375454 -0.7765204524614369 -0.7783614709481765 -0.7801196539665882 -0.7818730384390112 -0.7835854792582503 -0.7852965697248447 -0.7869494959739787 -0.7886021175096635 -0.7902103570794929 -0.7917707863876602 -0.7933027618667023 -0.7948712468943919 -0.7963759056858524 -0.7978913095849902 -0.799344651446471 -0.8007976810551151 -0.8022218089269153 -0.8036497795803252 -0.8050327368496534 -0.8064236408747791 -0.8063899035615204 -0.8064936267561436 -0.8065419631076758 -0.8066078607208695 -0.8066519634518916 -0.8067168141562536 -0.8067903385672339 -0.8068182322483037 -0.8069653568871822 -0.8074643237337196 -0.8087151675120865 -0.8097210662709935 -0.8106401716869047 -0.8114378757443871 -0.8123578280893959 -0.8130058545845635 -0.8135968852977994 -0.8137661279672281 -0.8140316922899264 -0.8144161149811302 -0.8146273582497058 -0.814906390693287 -0.8149328839254252 -0.8153741535763376 -0.8156767890685168 -0.8165863349355503 -0.8172798014332179 -0.8178559061306625 -0.8184596891456355 -0.8192796273475105 -0.8197478495595198 -0.820399038028564 -0.821002503610804 -0.8214603541627283 
# Stellar mass-weighted [N/O]:
0 1.1102230246251565e-16 1.1102230246251565e-16 -1.0918530681913443 -1.2778104689191414 -0.7291045523181376 -0.48890952203727567 -0.36318087134108423 -0.27461696254670276 -0.20864514726415107 -0.1555211812989581 -0.11181866230083248 -0.07602370568388117 -0.04662219148779234 -0.02204045133714516 -0.0008728255718504219 0.01810111143458437 0.035601365538568075 0.052403719916534475 0.06875841993164189 0.08438855280504776 0.09901152068682606 0.11235357357108278 0.12433027273784869 0.1350043837414655 0.14463364436116566 0.1531128933478778 0.1600480815773031 0.16555965639155557 0.17027591198890857 0.17377193434707772 0.17607817771111867 0.1779668668608252 0.17901661415140102 0.17937874590523983 0.17924740560827013 0.17889570663629417 0.17839104075124645 0.1778189915033378 0.17717886117962278 0.17649642235684238 0.17580597784630192 0.17527900280191566 0.17490063416456836 0.17461276909414447 0.17409074489741727 0.1735742287908718 0.17309312858657777 0.17269539516225818 0.17228193362924427 0.1719175871239348 0.17141651401820834 0.170978226387125 0.17058900329054738 0.17011745052773963 0.16973636730791508 0.16932205769878161 0.16895796213238246 0.16859744638134877 0.1682964148523849 0.16791567485584735 0.16755259560439606 0.16721356627717177 0.1668725360713882 0.16652024536483223 0.16616281064887362 0.16579992605640148 0.16548060967489164 0.16517428084074415 0.16486991867255263 0.16458344230028632 0.16426667115633198 0.1639788975977945 0.16368453605053357 0.16337965156686374 0.16306804390149265 0.16279377100365788 0.16249754022525553 0.16221305365491534 0.16197214883299638 0.16172476904531052 0.16145816683017045 0.1612119000847888 0.1609358557176005 0.160658504781097 0.16037197417872295 0.1601334809480821 0.15989626790839018 0.1596711223442816 0.15940736359273755 0.1590996048093538 0.15882695441161787 0.1585893777463766 0.15838021077727604 0.158197589909565 0.1579363516930271 0.15770350856106163 0.15746035853753315 0.15740674486929873 0.15717383795166417 0.1570912530097197 0.157145669319803 0.15726846963033847 0.15738042666452712 0.1574787773011448 0.15757990280155898 0.15767761964299865 0.1578073567675211 0.157856176620641 0.1580806944720301 0.15886085958290574 0.16032870091114926 0.1614573422389276 0.1624448795952229 0.163289772778203 0.16429261174384424 0.16506928396133125 0.16578141238719968 0.1659840856929501 0.16633130760355597 0.16681001591506062 0.16715900074359769 0.1674919040339219 0.16756992458812625 0.16808808893583582 0.16850825521892387 0.1694970433981916 0.17022447256102557 0.17083940430748124 0.17143196935480698 0.17208566740600184 0.1726006699617033 0.17309019997664732 0.17368939408593498 0.17402923781642277 
# Stellar mass-weighted [C/O]:
0 0.0 0.0 -0.3292699794812868 -0.3530010757677692 -0.3252702747564521 -0.3029736281050486 -0.2928407214202564 -0.2860430274118735 -0.281407632965206 -0.2759268452211707 -0.269511805382012 -0.26285941377374156 -0.2564789788254964 -0.2504355407334302 -0.24495843380490423 -0.23971190027873773 -0.2347429538505552 -0.22995814165318357 -0.2253172730421501 -0.22078889882563651 -0.21635973041999457 -0.2119907085503009 -0.20773117069155722 -0.20342606346689207 -0.19918277091470804 -0.19476827421865767 -0.19014816502163961 -0.1850026046377673 -0.17942660863808008 -0.17344495265107113 -0.1672298106385378 -0.1606964591139332 -0.15403838429596362 -0.14713873779312214 -0.1400677696429391 -0.13292611615803052 -0.12554693944756767 -0.11760984892855059 -0.10944949694026912 -0.10126562925283655 -0.09307824553074473 -0.08459507581755599 -0.07592636177155254 -0.06733665758729973 -0.05888094703699026 -0.050402368667839426 -0.041993723969165786 -0.033517582388054745 -0.025154635754423615 -0.01690838418080942 -0.008900046587801969 -0.0007861488830311347 0.007133741615564793 0.014870141245083235 0.02247941124439387 0.029929213757726947 0.037137205640372095 0.04415827455190982 0.05096602412119136 0.057612084532287916 0.06405919077852892 0.07042282991704263 0.07657512181334497 0.08263976269011677 0.0885612735885703 0.0935515498597072 0.09900943333220064 0.10520200197484234 0.11060797287940255 0.11577820284126605 0.12067674615571541 0.12546234293709302 0.13009434939719342 0.13466552289440176 0.13905457544206878 0.14330598171192846 0.14733180019757866 0.15131673696726528 0.15513205490037646 0.15887705145872816 0.16244713720675047 0.16600287804953173 0.16946684000636147 0.17284370847680613 0.17602938302633434 0.17910676359051164 0.18217069591483215 0.1852171268566825 0.1881606145666631 0.19096534050320602 0.19366788801311288 0.19633763214423366 0.1989212603567272 0.2015398901874983 0.20403637491862583 0.2065242674606686 0.20891098603274924 0.2112679863567677 0.21353885345178797 0.21614769005042683 0.21602884753650253 0.21602829211219687 0.2159642510729251 0.21593862001017142 0.21587675458396283 0.21585200491835566 0.21579591709531032 0.2157788035331188 0.21572222221333437 0.21550456027442405 0.2155765281523936 0.21569252876842537 0.21585938842948776 0.21601317027668226 0.21614670573534978 0.2161515660544368 0.2161595351819817 0.21616522575461034 0.21612551566808355 0.21610641930550123 0.21599237362837495 0.21599821283628368 0.2159355216466467 0.21595837734415227 0.21587343783461385 0.21598887099831465 0.21609956176119885 0.21617242773989154 0.21632652642719427 0.21674256123787264 0.21677154145242775 0.21714805077034846 0.21728115105092108 0.2175410338903117 
# Stellar mass-weighted [O/H]:
0 -5.06415122347731 -6.469390089912141 -5.439302969107985 -3.5267080432007303 -2.871993342319451 -2.5930019940938625 -2.4823457319846325 -2.4330693900912372 -2.4085997932138525 -2.3959515113729415 -2.3886670159563854 -2.383719060394518 -2.379540232502224 -2.3756836559646883 -2.3719825864449193 -2.3685679582372066 -2.3653411693422273 -2.3623783229418063 -2.3596985816630216 -2.357008322968837 -2.3544302427258206 -2.3520264429054105 -2.3497391939698016 -2.3475631238116543 -2.345491666888239 -2.3435103582938863 -2.3415213955675194 -2.339736798950989 -2.3379980309428525 -2.3363002950310143 -2.3346707258552275 -2.333143242481242 -2.3315988738361275 -2.3301310260408323 -2.328771200249271 -2.3273663452494944 -2.3260485081509774 -2.324734098333507 -2.3234174782825567 -2.3220877981530785 -2.3207425021863255 -2.3195927274795682 -2.318541358928484 -2.3175904615005205 -2.3165275702495265 -2.3154801806595007 -2.3144685175840634 -2.313547132873797 -2.312584070726979 -2.311596442319108 -2.310669820706007 -2.3097382400436155 -2.3088312771789585 -2.307935625785035 -2.3070479044080594 -2.30623299942571 -2.3054165545587697 -2.304630662567946 -2.3038480299544997 -2.303049439820753 -2.30226111445052 -2.3014808192164233 -2.3007341034757545 -2.2999954574386345 -2.299277550796729 -2.2985800327938533 -2.2978938843446466 -2.297230363839419 -2.2965363265625953 -2.2958871714963776 -2.2952442802311843 -2.2946040652685964 -2.293973999134079 -2.2933485716880755 -2.2927474073040175 -2.292140449973264 -2.2915347807643087 -2.29094635368779 -2.2903942210201818 -2.289852364541102 -2.289282728703098 -2.288732071079929 -2.288172450323324 -2.287627593421991 -2.287106667320499 -2.2865872510508733 -2.286094753310044 -2.285589617091838 -2.285098661433894 -2.2845567363152357 -2.284047653677404 -2.2835489108761937 -2.283069255941612 -2.282593095901283 -2.282125150236353 -2.28162569153643 -2.2811825709524864 -2.2807580854976823 -2.2803378548932693 -2.2798972489869715 -2.279742076653573 -2.279700575616502 -2.2796312188131846 -2.2795650009830606 -2.2794849955476177 -2.2793971838026117 -2.279298122514108 -2.2792088421997985 -2.2790364211706917 -2.2782517531262796 -2.277006419401597 -2.275994990326076 -2.2751332445523236 -2.2744905954572445 -2.2737262918121646 -2.2730857695566984 -2.272659487267264 -2.2724915077692884 -2.2723182822757035 -2.272001937802827 -2.2717460786184747 -2.271637047369972 -2.2715764218339176 -2.2712730799763214 -2.2711179919615043 -2.2707364192013006 -2.2705666125449353 -2.270447197618087 -2.270311869796524 -2.270002148730745 -2.2699360173291536 -2.2696848117682444 -2.269578975843487 -2.2694189636423223 
# Gas [Mg/H]:
-5.06415122347731 -6.705489481006934 -6.0565755209023315 -3.968550766239913 -3.1338244835647773 -2.681331913103098 -2.4004973886883363 -2.180645842184825 -1.9118591734409582 -1.6152907841439381 -1.3037411812986441 -0.9782493002006678 -0.6598083836893514 -0.3876616088653293 -0.20890368393974956 -0.12732683642276843 -0.09416074594323298 -0.08089400586358764 -0.07550366200498893 -0.07254144636262172 -0.07160281939392643 -0.0757683490891159 -0.07779077468908469 -0.08316921883396855 -0.08793079599533193 -0.0880444721665512 -0.09173749725311975 -0.09471836512577259 -0.09323931547222575 -0.09395393040830857 -0.10106694723755982 -0.09376097970287578 -0.10007438064097318 -0.10149866602647517 -0.07665284867696176 -0.08115097739793597 -0.06920263235707846 -0.03932545036062152 -0.021732822564684007 -0.011952775758904188 0.01925175656406619 -0.038839209865682456 -0.00033917018758611306 0.020535715640432883 0.04057890819160548 0.05173625397457027 0.05777248732608342 0.07823911131704708 0.08161995496386965 0.08793011994365862 0.09739665819683019 0.10283180663132185 0.10516896370875894 0.10374107894562012 0.10091412940190203 0.09415329933434258 0.09034135069667659 0.07831586828482617 0.09148558880926583 0.049694119290208505 0.061835799179918105 0.06069184081694523 0.0504958593613134 0.04072396997109706 0.032865230069138995 0.038095890844839 0.051148518726727765 0.009976990030290622 0.029295656684715787 0.026071222337954225 0.011069899973078279 -0.0034959898157937985 0.009486766724127627 -0.025323820293857935 -0.010234958078657819 -0.026807506768071754 -0.035719203931950716 -0.04862894763123826 -0.07012712635365403 0.009684175981376164 -0.043522118301894785 -0.05399281889064156 -0.0511938783770578 -0.050067672486273196 -0.08298198364512288 -0.066134738540919 -0.07580995426119497 -0.0738696475461671 -0.0858240172825635 -0.1445120535073201 -0.06095236158168493 -0.08629541700823218 -0.09939721921873179 -0.10261715201551169 -0.12040111142526833 -0.11000888427689937 -0.15542159785718646 -0.11072490976285732 -0.11447432290380188 -0.13401603082370617 -0.14722523571125734 -0.14040840160382562 -0.14801319876309815 -0.150342144306431 -0.14964311759000015 -0.1494176425619056 -0.15093990728926343 -0.15330666938581672 -0.15530594763578343 -0.15858402840944574 -0.1643945213711957 -0.17736905926743063 -0.18624386363659973 -0.193706432288141 -0.20120612597014365 -0.20537083376583443 -0.20988926132543995 -0.21171263087687553 -0.21275047797039637 -0.21392974680456245 -0.21430172143434412 -0.2140710725306345 -0.2128107419804035 -0.21314233492199897 -0.2116074373812502 -0.2079571222144283 -0.20136008672037153 -0.19485776360594187 -0.190469072649873 -0.18852754465963972 -0.19923389866055263 -0.18772148427642676 -0.18701452402610563 -0.18790284756613396 -0.1882519379031713 
# Gas [C/H]:
-5.0641512234773085 -6.705489481006934 -5.723525457916155 -3.6057089481372078 -2.689815780078959 -2.1608179907257155 -1.8647614388362355 -1.6636326816410003 -1.4985750267212081 -1.3030303633173093 -1.0304421464793734 -0.6948763781914806 -0.34888411689501986 -0.04713371580160475 0.13792008039828962 0.2422143282430902 0.2899510407607364 0.31539244235941366 0.3318453913628203 0.3480326845340862 0.3615266293389414 0.3744543714258719 0.38471893618185593 0.40424904313139676 0.4148894536830867 0.4443887641538895 0.48142369758722126 0.5275059642354729 0.5747918841446147 0.6186876946256108 0.6471792207240417 0.6890995011000434 0.7171525636626388 0.7481944967748699 0.7730100160321838 0.7961985804105614 0.8276298031725138 0.8768019788724981 0.9104027157230328 0.9359777814523014 0.9598599395380618 0.9849007968776431 1.0085748755399115 1.0213650420114004 1.0435773262117283 1.0619122803177827 1.0770217837443088 1.0992767688064995 1.1108377519405375 1.1219173284460857 1.1306389208431025 1.1509080935628586 1.160977767523566 1.1653882854291577 1.179134889623168 1.181163062566542 1.1854461080440988 1.1851587846774412 1.2095389804851768 1.1782302762070391 1.2048938452510294 1.204900455634193 1.2071016277209337 1.2118796058160428 1.2161325657711926 1.1606415826154093 1.216925707164782 1.2702399858385331 1.229053903799525 1.2162015264310018 1.2059686547107304 1.2084529686040226 1.2062163323343453 1.2079476549086587 1.2057719568920202 1.2018393294539682 1.1957128456647315 1.187465395830352 1.1778958829020998 1.1746138667936026 1.1736410866813016 1.169486775499295 1.1663777733787768 1.1696822010792913 1.1586941511914444 1.1377124597966506 1.1471091215669844 1.153477304481021 1.1574956428218686 1.0856560584334791 1.1748974222445012 1.147781510908822 1.1388231852888926 1.1397748206240896 1.129260093680335 1.1308262227654255 1.1206096946472819 1.1151416309873126 1.1175902261939794 1.165780644927565 1.2119535439098037 1.1534363576156283 1.1755798045191717 1.166605181050084 1.1520978276094636 1.0982131536405286 1.0903795118211144 1.0899208724213274 1.09105760619489 1.1061307552021957 1.0774501715402778 1.0555397282712176 1.0329612761142273 1.0105792640439746 0.9898027454743477 0.9649444477553093 0.9375301518663681 0.9227531928798718 0.9166427483101298 0.9062581209804401 0.8885339944837702 0.8746489965658215 0.8667732676716402 0.8632768055131632 0.8493240264081305 0.8353816116824446 0.8111349001822621 0.7926582146921652 0.7768727897412337 0.7624683771455767 0.7492805571534036 0.7378593419724031 0.7279837584982212 0.7177446908854304 0.7102410554870762 
# Gas [O/H]:
-5.06415122347731 -6.705489481006934 -5.382188641701955 -3.2524686356975625 -2.36777113883669 -1.8689291131243504 -1.5897575237401647 -1.407849838848505 -1.2639131167123772 -1.1310755039553602 -0.9695064109661269 -0.7493501664826177 -0.4820111653082635 -0.22057534023769776 -0.061248181517795874 0.018657517572203908 0.05624238563773387 0.0672198515889586 0.06857518825706466 0.06757069563759188 0.06684245657224785 0.059764565184352136 0.056589967959330245 0.052212096275450204 0.045535549484525095 0.041314367646449135 0.06082536391422977 0.025011569238718057 0.027716301197949544 0.031567476548306495 0.024207141363005835 0.014528340021415342 0.03862461735761569 0.030171100802059314 0.024363544833073014 0.01902029864547572 0.01832246372106816 0.030564297640549132 0.05227106468821541 0.08530038806353923 0.10608436868331239 0.04169336898787268 -0.013309840539851958 -0.06417630062225088 0.03177315034626593 0.0405305498939752 0.038606389814824116 0.006794469703418127 0.03092471641473793 0.041297167922889066 0.04730055058225213 0.05062425793618397 0.05168382309793795 0.06204567962240226 0.04170632545676023 0.04244440304914088 0.03829959539630812 0.037941183645541 0.06985179059738877 0.04993596420691793 0.06797477916661876 0.059394912397925825 0.05607890099924129 0.06218670846332275 0.052591983800054365 0.053940131236222655 0.05924904182929236 0.054348128073860025 0.047377413975509874 0.043291870820497014 0.04372222110650004 0.05319665075822444 0.054460930068072955 0.04928106036134006 0.050987407913417826 0.054413026197981385 0.05478610058380884 0.037164691921494075 0.03429009783587178 0.02256878140787366 0.05090103105468424 0.020236864237183738 0.03972963486254599 0.04857211073646717 0.045481013798561065 0.02516031949035602 0.022872232422194383 0.02369898437627782 0.021825759018227142 0.0003153386714687123 0.06923949769872095 0.04931174920933801 0.04286084029641568 0.03632550260729683 0.037618556590028884 0.04331850531526671 0.02096228455416682 0.011905250797908717 0.02768660724294625 0.019912809885623606 0.012603492808500594 0.015020871614495501 0.018577142174708516 0.020380085647424107 0.018567026617466453 0.021230080154929443 0.020913001351772653 0.01834303553278893 0.01597942814660369 0.0349342530007557 0.015633609825018713 0.009261494417502458 0.0045925002391253855 -0.0008818145110711662 -0.0048347187628672295 -0.006748855407754828 -0.009876874628205634 -0.01107518647144179 -0.011661598527863415 -0.012573008663340879 -0.013086568430252132 -0.01322615753514933 -0.012226017574088033 -0.012563634122706446 -0.010342152580780084 -0.007023927234581784 -0.0014452747737014882 0.004889843368000246 0.009167999659929205 0.010155219516389202 0.010995591373706759 0.010755853292212958 0.011015269454157206 0.010229571768003431 0.009794399134818388 
# Gas [N/O]:
0.0 0.0 -1.231098587802642 -1.2807060870404081 -0.6928529167868525 -0.4035777948941306 -0.21143379451398547 -0.020078968274123143 0.17433343867307416 0.3891463349946617 0.5949657112738662 0.7474607598970715 0.8311051477759379 0.8578211768171233 0.8880262452112203 0.9071346052717812 0.9221312444797162 0.9502960985018424 0.982096265388023 1.0069508425850038 1.017197289041127 1.0205430536603255 1.0122302046583238 0.9982562973609129 0.9901752036981801 0.9689920497586019 0.8978943178295026 0.8609793961998649 0.8200354914726057 0.7256474372951074 0.604151102090667 0.5647077218747623 0.39577702287086525 0.19951696977278421 -0.05331728646481204 -0.29352447905399437 -0.6198336535360245 -0.8962063688152324 -1.220354130165532 -1.2121542290080836 -1.1813493153471124 -0.9873331211442666 -0.7349738906990264 -0.7242819297374756 -6.654096228045793 -6.6534690832228796 -1.656135225395173 -0.9518299344265393 -1.0396521642640355 -0.6937346647583185 -6.607540219733491 -1.1936857138881192 -0.9231451339769781 -6.5926648376508385 -6.561083635606716 -1.1864244136785547 -1.089273256397867 -1.0920377957991734 -0.6282238070597399 -1.0244799285034158 -0.9756355440423727 -0.7794367709113124 -0.9535106231948849 -1.061646067257856 -1.5462820809058258 -6.485409820937387 -1.0507635011937253 -0.7491650290008052 -1.1766412611591752 -0.8403056252454797 -1.5080282492830972 -0.7940036486740423 -0.9144442872474934 -1.0991005974200283 -1.4445170902731936 -0.8223790036545875 -1.2926793258564473 -1.1632457925570203 -0.7035654426321296 -0.9199990196039514 -0.873801280506481 -0.8777042831070516 -1.014958619819007 -1.1094742409364915 -1.9366373920220061 -0.8221182959707947 -0.80404997639833 -0.7537290101899907 -2.880723459973005 -6.367141097346527 -1.8212424810142793 -1.3050836262470602 -0.7318230946282949 -0.5403362229666211 -6.327967534449049 -0.9185546215979088 -6.304246534808819 -0.1229387082004646 -1.5054079022902784 -0.2099487714021273 -0.013410294653242616 -0.20364204929165242 -0.5279795261287992 -1.0218953414986442 -1.093295080099272 -1.324545257808686 -1.1623884986547015 -1.087832969664798 -0.6183699169138572 -0.4753578390135731 -1.0560677003275112 -1.0031557736181922 -1.0044560165717824 -1.0110870727423786 -0.9857660218837587 -0.9955961468039234 -0.9707384063094626 -1.022531274832756 -1.0008471160462504 -1.0100605946898915 -1.0045875353995497 -0.9872727419028753 -1.0190260857781053 -1.0197758067263483 -1.0225617002413743 -1.0733037321365189 -1.0587047553773135 -1.0753660468868356 -1.0808788804590899 -1.095895992365079 -1.1091556669454348 -1.1018760901993252 -1.1150104784714792 -1.1320368928449978 -1.1253320579489965 
# Gas [N/H]:
-5.06415122347731 -6.705489481006934 -6.613287229504596 -4.5331747227379715 -3.060624055623543 -2.2725069080184808 -1.8011913182541504 -1.427928807122628 -1.0895796780393026 -0.7419291689606977 -0.3745406996922611 -0.0018894065855468156 0.34909398246767376 0.6372458365794258 0.8267780636934243 0.9257921228439852 0.9783736301174497 1.0175159500908006 1.0506714536450876 1.0745215382225957 1.0840397456133748 1.0803076188446772 1.068820172617654 1.050468393636363 1.035710753182705 1.0103064174050513 0.9587196817437325 0.8859909654385829 0.8477517926705556 0.7572149138434137 0.6283582434536727 0.5792360618961774 0.4344016402284807 0.2296880705748432 -0.028953741631739582 -0.27450418040851865 -0.601511189814957 -0.8656420711746833 -1.168083065477317 -1.1268538409445439 -1.0752649466638005 -0.945639752156394 -0.7482837312388781 -0.7884582303597263 -6.622323077699528 -6.612938533328904 -1.617528835580349 -0.9450354647231203 -1.0087274478492976 -0.6524374968354296 -6.560239669151239 -1.1430614559519352 -0.8714613108790399 -6.530619158028436 -6.519377310149954 -1.1439800106294138 -1.0509736610015592 -1.0540966121536322 -0.5583720164623518 -0.9745439642964984 -0.9076607648757538 -0.7200418585133859 -0.8974317221956429 -0.9994593587945335 -1.4936900971057705 -6.431469689701165 -0.9915144593644332 -0.6948169009269458 -1.1292638471836653 -0.7970137544249827 -1.4643060281765967 -0.7408069979158167 -0.85998335717942 -1.0498195370586885 -1.3935296823597758 -0.7679659774566057 -1.2378932252726385 -1.1260811006355258 -0.669275344796258 -0.8974302381960779 -0.8229002494517967 -0.8574674188698674 -0.9752289849564617 -1.0609021302000237 -1.891156378223445 -0.7969579764804386 -0.7811777439761363 -0.7300300258137131 -2.8588977009547776 -6.366825758675059 -1.7520029833155588 -1.2557718770377226 -0.6889622543318792 -0.5040107203593243 -6.29034897785902 -0.8752361162826423 -6.283284250254651 -0.11103345740255577 -1.4777212950473313 -0.1900359615165037 -0.0008068018447415781 -0.18862117767715691 -0.5094023839540913 -1.0015152558512197 -1.0747280534818051 -1.3033151776537562 -1.1414754973029284 -1.069489934132009 -0.602390488767254 -0.44042358601281695 -1.040434090502493 -0.9938942792006902 -0.999863516332657 -1.0119688872534498 -0.9906007406466255 -1.0023450022116789 -0.980615280937668 -1.0336064613041982 -1.0125087145741132 -1.0226336033532322 -1.0176741038298012 -1.0004988994380248 -1.0312521033521937 -1.0323394408490545 -1.0329038528221544 -1.0803276593711004 -1.0601500301510152 -1.0704762035188349 -1.0717108807991602 -1.0857407728486894 -1.0981600755717285 -1.0911202369071118 -1.103995209017322 -1.1218073210769939 -1.115537658814178 
# Gas [C/O]:
0.0 0.0 -0.3413368162142012 -0.35324031243964493 -0.32204464124226906 -0.2918888776013653 -0.2750039150960707 -0.2557828427924965 -0.23466191000883063 -0.17195485936194999 -0.06093573551324627 0.054473788291137026 0.13312704841324424 0.1734416244360925 0.1991682619160856 0.22355681067088615 0.23370865512300265 0.2481725907704551 0.2632702031057557 0.2804619888964942 0.2946841727666935 0.31468980624152026 0.3281289682225259 0.35203694685594694 0.36935390419856207 0.4030743965074403 0.4205983336729915 0.502494394996755 0.5470755829466649 0.5871202180773046 0.6229720793610358 0.6745711610786282 0.678527946305023 0.7180233959728107 0.7486464711991108 0.7771782817650854 0.809307339451446 0.8462376812319485 0.8581316510348175 0.8506773933887624 0.8537755708547491 0.9432074278897702 1.021884716079763 1.0855413426336513 1.0118041758654621 1.0213817304238075 1.0384153939294847 1.0924822991030811 1.0799130355257993 1.0806201605231962 1.08333837026085 1.1002838356266744 1.109293944425628 1.103342605806756 1.1374285641664081 1.1387186595174013 1.1471465126477909 1.1472176010319002 1.139687189887788 1.1282943120001212 1.1369190660844106 1.145505543236267 1.151022726721692 1.1496928973527205 1.1635405819711382 1.1067014513791866 1.1576766653354897 1.2158918577646731 1.1816764898240155 1.1729096556105048 1.1622464336042304 1.1552563178457982 1.1517554022662728 1.1586665945473185 1.1547845489786024 1.1474263032559868 1.1409267450809224 1.150300703908858 1.1436057850662282 1.152045085385729 1.1227400556266178 1.1492499112621113 1.1266481385162312 1.1211100903428237 1.1132131373928833 1.1125521403062946 1.12423688914479 1.129778320104743 1.1356698838036414 1.0853407197620104 1.10565792454578 1.0984697616994838 1.095962344992477 1.1034493180167928 1.0916415370903056 1.0875077174501593 1.099647410093115 1.1032363801894038 1.0899036189510327 1.1458678350419413 1.199350051101303 1.1384154860011324 1.1570026623444634 1.1462250954026598 1.133530800991997 1.0769830734855996 1.0694665104693415 1.071577836888538 1.0750781780482868 1.07119650220144 1.061816561715259 1.0462782338537153 1.028368775875102 1.0114610785550455 0.9946374642372149 0.9716933031630646 0.9474070264945739 0.9338283793513136 0.9283043468379932 0.9188311296437812 0.9016205629140228 0.8878751541009707 0.878999285245728 0.8758404396358697 0.8596661789889107 0.8424055389170267 0.8125801749559635 0.787768371324165 0.7677047900813044 0.752313157629187 0.7382849657796969 0.7271034886801905 0.7169684890440637 0.7075151191174267 0.7004466563522577 
# Gas [Ca/H]:
-5.06415122347731 -6.705489481006934 -5.938187776986563 -3.823340160378276 -2.763567824917823 -2.1350122698734486 -1.7980755820688534 -1.457230577687377 -0.899406676346822 -0.40089092875405186 0.031024335455009044 0.42728507584239495 0.7892572645904901 1.082823915385486 1.2716453945827313 1.362343545338545 1.3943926226454062 1.4047337016437043 1.404405108133191 1.40119616340868 1.3971720544942876 1.3923854298298108 1.3889841049941483 1.3839309379401605 1.3792545897230006 1.376152041566181 1.3728430675064738 1.3694725294746934 1.3668478439925753 1.3640839628387802 1.355986451761792 1.3613480477786135 1.3582760291193372 1.357197114444907 1.3535856692594415 1.353185491423469 1.3537052748278775 1.35388261859244 1.3538638084235046 1.3552471312369443 1.3572345861741884 1.356575383883074 1.3570406529733363 1.357463004936931 1.3600204025804015 1.3589760648101068 1.35963992998904 1.3639189606192401 1.3604752350396465 1.3607367633167273 1.3614516461270165 1.362542837369853 1.3630345348829254 1.363397049287708 1.3656106362195963 1.3635393372438838 1.3655906645853806 1.3617290164771232 1.3825468027731622 1.3483467425867994 1.3698224203947698 1.3646739624377027 1.3647043582084102 1.365501834142825 1.3633214137009997 1.3667003340156043 1.373339782287669 1.369477879681435 1.3646085880930885 1.3631727733022947 1.359163651856937 1.36371922559284 1.3584332331483804 1.3597051688135995 1.3601917448004608 1.3629563037185237 1.3635399309599654 1.3553592330026119 1.349724437238228 1.350717787166725 1.3514369724595428 1.3475088596383271 1.3383202490862 1.348481149291887 1.3478268615894748 1.337855503630224 1.3364673348598428 1.3424953780599012 1.3481570214546892 1.286605559479555 1.3805450190413975 1.3599839478178977 1.3496078428787657 1.3455732410910874 1.3388132923610758 1.3415535736931279 1.3354771302546808 1.3352309396858244 1.3393842777234344 1.3352057914019788 1.3273798166240791 1.3293287982244255 1.3301852474025555 1.3314820460497074 1.3304058909485201 1.3307678778736411 1.3297437660100302 1.3280042943657984 1.3265790054640902 1.325847624034152 1.3243499109078005 1.318333338551743 1.3148011192285907 1.310442322485157 1.3068691578220166 1.305621626693453 1.3043233553151685 1.303912832597188 1.3035684202407696 1.3033583439220076 1.3040293649179509 1.3050852946703202 1.30627647248944 1.3072111750157642 1.309382433226994 1.3138565155219597 1.321562348847296 1.3291135116927508 1.3340117781948564 1.3366154164137214 1.3378987497415276 1.3383945004374889 1.3391231715855367 1.3385922049881867 1.3385234686174012 
# Gas [Ne/H]:
-5.06415122347731 -6.705489481006934 -5.715742960675069 -3.599373873469358 -2.820339353636329 -2.444824093083259 -2.199555567063335 -2.0357966122443187 -1.9015356663328697 -1.7903101649944677 -1.6663812332057883 -1.505228237875409 -1.3486506300257775 -1.118747108050342 -0.9199382281379238 -0.8968573586995383 -0.7958776553980513 -0.7542281131952508 -0.9311013554310268 -0.9363203266601685 -0.9305987918365082 -0.873197590673068 -0.862245317403799 -0.8602803717766303 -0.8623934626978098 -0.867199592589663 -0.8735132736329003 -0.8760013925805135 -0.8763091066961266 -0.8713694003886445 -0.978819406238344 -0.823772653042881 -0.8482773609367511 -0.873313122988649 -0.9138219618490222 -0.9368254324951213 -0.8582420514603477 -0.8149072104471342 -0.6951134174520801 -0.5498223204034494 -0.6728309363203451 -1.1592322951007095 -1.16418437083696 -0.9631042924023756 -0.7823315270580427 -0.8063090938010156 -0.7779780058776691 -0.7219677329284666 -0.767510879578345 -0.759435583298889 -0.7494933911807644 -0.7246491327611748 -0.7189258947964454 -0.7107644417240353 -0.7167513777656618 -0.72793782537057 -0.742776661309513 -0.7031436486236533 -0.6815057335568584 -0.6957570540809153 -0.6834839371358408 -0.6950581913795046 -0.6909518597300348 -0.694696077899474 -0.6911064637470821 -0.680546357062612 -0.6750438797547256 -0.6925090129682552 -0.6888145709330651 -0.6934109015790622 -0.696458691133893 -0.7000134181182913 -0.7149111199700249 -0.7081293028768565 -0.6675892107425421 -0.7162770794067557 -0.7038546444813232 -0.7229164323361923 -0.7561353630995491 -0.7470715122318703 -0.7083242836980626 -0.7388641627310504 -0.7507735759155754 -0.7439141140513277 -0.7656294376593067 -0.7590830299256313 -0.7761328982842253 -0.7631412506346171 -0.7467370834917064 -0.8587031794717959 -0.7456358505190224 -0.7643995855792172 -0.7464619668225634 -0.773163505680146 -0.8054933472770571 -0.7712659484029221 -0.7782934003120312 -0.7726099687309222 -0.8231386587841163 -0.813435884864858 -0.8366249547410893 -0.8291191796714816 -0.8277781964595334 -0.8241223144427607 -0.8216430944682758 -0.8205313646251655 -0.8226923844689118 -0.8235973627624267 -0.8207617323999195 -0.8223405814630409 -0.8364549190259583 -0.8539103722538499 -0.8665314058790541 -0.8778245998232883 -0.886722439586463 -0.8951595733567341 -0.9015358727457627 -0.9050392940747045 -0.9062554530908757 -0.9038884742715858 -0.9102288395470906 -0.9116397870327884 -0.9114134903579796 -0.9108017160105213 -0.9106091626420412 -0.9076410555898011 -0.9036655073308566 -0.8982807746018144 -0.89645691130539 -0.8939886251110858 -0.8934859360902747 -0.8931809140969822 -0.8934868652492165 -0.8949469783407054 -0.8954174184483321 
# Gas [Si/H]:
-5.06415122347731 -6.705489481006934 -5.72771482385572 -3.6055074312540913 -2.622792022662435 -2.0516049468007207 -1.755098915368622 -1.4613816537972095 -0.9751747265689508 -0.500822955772855 -0.06496584663152039 0.34259371851134546 0.712788444242983 1.0103338772553938 1.200791597075435 1.2920528866019239 1.3247080610211541 1.3340014184886075 1.3337953269512748 1.3312368774508414 1.3268344386527016 1.3218381296910633 1.318638414267625 1.313790674070212 1.3090373165503388 1.3060211502982066 1.3026274632920773 1.2989328673669087 1.2968114572907714 1.2937125383334793 1.28587361244701 1.29140464369795 1.2879815325871338 1.2870200346682052 1.283292948279648 1.2828159644062578 1.2833700775145687 1.2835818796191445 1.2843189711064071 1.284937602381988 1.286936665925695 1.2856451054140043 1.2870943368772876 1.2876701814266158 1.2903414678522171 1.2888517728134645 1.289510290806004 1.293726219021862 1.2902769375773957 1.2905143711166462 1.291364821453012 1.2924698482356285 1.2930087959741923 1.2933145082836237 1.2956624333581837 1.293405517014632 1.295537519879065 1.2915796221079363 1.3122086758779248 1.277518540664666 1.2996127216047797 1.2949421106213692 1.2944111868788077 1.2956651744745744 1.293375459327355 1.2966165477214 1.3032885557489626 1.298818970415081 1.2944139780193784 1.2928887295038445 1.2888031673701894 1.2933861391680486 1.2884421701597866 1.2892667113894198 1.289780003773028 1.2927193429517945 1.2935388857919863 1.2852178880409273 1.2790725820839453 1.2789737808978727 1.2822325069282727 1.2781790456332285 1.268393555824813 1.2782472445477064 1.2775752662844453 1.2675240852614915 1.2660842404367743 1.272288230910692 1.277847016483157 1.2165166584927163 1.310181684389259 1.2899721322611066 1.2794530746739792 1.275633751706713 1.2685005878111233 1.2711124758403898 1.2652501132384515 1.2644497186383497 1.2689282440434413 1.265033311447187 1.2570998514713883 1.2593479913408432 1.260029953496678 1.261237607323685 1.2603920447609278 1.2606089787949006 1.259583622370903 1.2577099824678504 1.2563495087401129 1.255595007418532 1.254111942402377 1.2481030082930062 1.244543938170323 1.2401860731857375 1.2365989010953937 1.2353714354750087 1.234017412876606 1.2336558680996639 1.2333093624101537 1.2331185746386346 1.2337645211092712 1.2348230560592826 1.2360118497174692 1.236948894080319 1.239116614551548 1.243592437622107 1.2512968617659874 1.25884837793033 1.263745541116628 1.26634804828435 1.2676225056680597 1.2681271723558125 1.2688635988868038 1.2683259065587502 1.268259766031563 
# Gas [S/H]:
-5.064151223477309 -6.705489481006935 -5.819782239740715 -3.6969275940107886 -2.632549501044859 -2.011979194222091 -1.6944615078623908 -1.4029290582788674 -0.928619300713434 -0.46748473787350786 -0.04759246142114648 0.346585620319912 0.7087875140517115 1.0023947283354224 1.1920413835003885 1.2825992173638134 1.3150494637478265 1.3242989511218535 1.324054414040198 1.32126508857109 1.3172652965450808 1.3122151950196757 1.308835396121495 1.304040445742856 1.299459204084903 1.296222118620733 1.2927708527511617 1.2893418226317626 1.286936839007795 1.2840632529492195 1.2759663376014299 1.2812518737541447 1.278573776406175 1.2771971426320077 1.273715684318018 1.2729639082179962 1.2737613396338174 1.2740442403013978 1.274401171333312 1.2750243918714554 1.276938155084271 1.2759081912481336 1.2776780926404134 1.2778537750235879 1.280522656037217 1.2793014808434306 1.2794004019574121 1.2838559867007358 1.2804435699895302 1.2808789315513804 1.281538191082809 1.2826564587530163 1.2830580310039132 1.283520129466952 1.2857807930624512 1.28361323354304 1.285638746998885 1.281661354539632 1.3027039794736148 1.2680639044569615 1.2893358719297865 1.2853729654230404 1.2840605041219213 1.2862634829589705 1.2837105828899964 1.28690657355575 1.293517260117412 1.2899069927109794 1.2843447828305399 1.2829899518882324 1.2789746552264165 1.2835757396232093 1.278634181254246 1.279873576877332 1.2804014001649038 1.283212010359482 1.2839235083196119 1.2752913836775495 1.2695304998715442 1.2707978720691404 1.2715995916960847 1.2675164530753116 1.258466415927562 1.2686031146794878 1.2679479138852234 1.2578333610882475 1.256424547531418 1.2624974787358325 1.2682201769180312 1.2067935802687337 1.30060544610435 1.279782089531794 1.2699147731644715 1.2657612121433197 1.2589428893247345 1.2618626545856926 1.255666939581297 1.2551347677180789 1.2588503552234918 1.2555550568349028 1.2472590918936501 1.2496739345813914 1.250397530166771 1.2517053868034487 1.2505881162485646 1.250922556437453 1.249912297643362 1.2480690496769418 1.2466704519285772 1.2459324471760675 1.2444200058619814 1.238460975123366 1.2348988815500572 1.2305500546888557 1.2269929460327615 1.2257247461399396 1.2244159627662388 1.224020783425479 1.2236718403136067 1.223463031275144 1.2241337511771673 1.2251854273274367 1.2263752799889964 1.2273112518811464 1.2294813480985924 1.2339542550281775 1.24165808095599 1.2492057073961367 1.2541038400096545 1.256709731203594 1.2579861969733432 1.25848281031386 1.259218535014751 1.258681375182964 1.2586125590648165 
# Stellar mass-weighted [Mg/H]:
0 -5.06415122347731 -6.469390089912139 -6.077118113395169 -4.241975107869976 -3.6321169166219 -3.3866314385320555 -3.2802631582637884 -3.2243326553086673 -3.1829101759377885 -3.151679737519567 -3.1281941751596403 -3.1100056200450608 -3.095076776781739 -3.082204738312937 -3.070607234782093 -3.060236226694146 -3.0507634830475494 -3.042028765292045 -3.0339378713900045 -3.026222635317481 -3.018925759979137 -3.0121222134376344 -3.005705574796621 -2.9996572298119695 -2.9939474321799127 -2.9884933773193554 -2.9832944734740323 -2.978363339622817 -2.973612107416998 -2.969039067250023 -2.9646759104759175 -2.9604849390007653 -2.9564785194300107 -2.9526346977272384 -2.9487748930185873 -2.9449878156545957 -2.9412881116943437 -2.9374822047543354 -2.9336857465716015 -2.9299748429678507 -2.926152497046221 -2.9228836115148473 -2.9194240644411265 -2.9159213687065 -2.9124214204944874 -2.9089348786582336 -2.9055151078099497 -2.9020918840638075 -2.8986918289245107 -2.8953011336918557 -2.892021633505495 -2.888747366187557 -2.885566257721049 -2.8824693998451085 -2.8794392451353827 -2.8765833109479324 -2.8737938739557993 -2.871128578553054 -2.8685700556651357 -2.866083957398888 -2.8637083993881483 -2.8613414890061124 -2.8590994928615823 -2.8569313856589034 -2.8548491484888094 -2.8527868100949103 -2.8507494685811468 -2.8488985855349345 -2.8469524307575504 -2.84506664628893 -2.843266697695544 -2.841554730337788 -2.8398270681419033 -2.838230111776819 -2.836634963848848 -2.8351011870391227 -2.8336257405468164 -2.8321757361778666 -2.83083268976676 -2.829246385351028 -2.827856754432567 -2.8264810312803634 -2.8251159328422393 -2.8237881731519456 -2.8225846802911283 -2.8213045072301313 -2.8200976725328273 -2.818882718682109 -2.817739211428651 -2.8165760927236523 -2.815467707435083 -2.814361549710651 -2.813306263153776 -2.812243262919252 -2.8112421393444 -2.8101910875591685 -2.8092767833430656 -2.8082824551107324 -2.807333122072606 -2.8063824866602998 -2.806249768780944 -2.8061636542369053 -2.806075295820274 -2.8059816654244347 -2.8058839986729858 -2.805769656192812 -2.805642937208286 -2.805541632926869 -2.8053110551577136 -2.8043280243679414 -2.802554655701883 -2.801125401379 -2.799880113368448 -2.79890514370116 -2.797764140793343 -2.796869805259016 -2.7962080053392695 -2.7959723366951126 -2.7956959637833956 -2.795226171021455 -2.794898179189258 -2.794674459257224 -2.794611426822229 -2.7941280462897415 -2.7938629001860216 -2.7931092625092493 -2.7926562134793507 -2.7923076147096193 -2.7919279881726906 -2.79124973622202 -2.7910039916689566 -2.790458562965587 -2.790109927069591 -2.7897461531577346 
# Stellar mass-weighted [C/H]:
0 -5.0641512234773085 -6.469390089912139 -5.768572948589272 -3.879709118968499 -3.197263617075902 -2.895975622198911 -2.7751864534048893 -2.7191124175031103 -2.6900074261790587 -2.671878356594113 -2.6581788213383977 -2.646578474168259 -2.6360192113277208 -2.6261191966981183 -2.616941020249824 -2.608279858515945 -2.600084123192782 -2.5923364645949887 -2.585015854705172 -2.577797221794473 -2.570789973145815 -2.564017151455711 -2.5574703646613592 -2.550989187278546 -2.5446744378029473 -2.5382786325125437 -2.53166956058916 -2.5247394035887565 -2.5174246395809323 -2.509745247682085 -2.501900536493764 -2.4938397015951743 -2.4856372581320922 -2.477269763833954 -2.46883896989221 -2.4602924614075246 -2.451595447598545 -2.4423439472620574 -2.432866975222826 -2.4233534274059156 -2.41382074771707 -2.4041878032971242 -2.394467720700036 -2.3849271190878207 -2.375408517286517 -2.36588254932734 -2.3564622415532295 -2.347064715261852 -2.337738706481402 -2.328504826499917 -2.3195698672938088 -2.3105243889266465 -2.3016975355633935 -2.2930654845399525 -2.2845684931636647 -2.2763037856679826 -2.268279348918397 -2.2604723880160362 -2.2528820058333077 -2.245437355288465 -2.2382019236719906 -2.231057989299381 -2.224158981662409 -2.217355694748518 -2.2107162772081583 -2.2050284829341464 -2.1988844510124457 -2.192028361864577 -2.1859283536831926 -2.1801089686551114 -2.1745675340754698 -2.1691417223315037 -2.1638796497368853 -2.158683048793673 -2.1536928318619477 -2.1488344682613345 -2.144202980566731 -2.1396296167205255 -2.135262166119805 -2.1309753130823736 -2.126835591496347 -2.1227291930303975 -2.1187056103169626 -2.114783884945184 -2.111077284294164 -2.1074804874603617 -2.1039240573952114 -2.100372490235155 -2.0969380468672307 -2.0935913958120302 -2.0903797656642915 -2.08721127873196 -2.0841479955848845 -2.0810532057137845 -2.0780887753177275 -2.0751014240757613 -2.0722715849197373 -2.069490099140914 -2.066799001441481 -2.0637495589365438 -2.06371322911707 -2.063672283504305 -2.063666967740259 -2.063626380972889 -2.063608240963654 -2.0635451788842563 -2.0635022054187973 -2.06343003866668 -2.0633141989573573 -2.062747192851856 -2.0614298912492037 -2.060302461557651 -2.059273856122835 -2.0584774251805626 -2.057579586076815 -2.0569342035022613 -2.0564999520852822 -2.0563262820146777 -2.0561927666076203 -2.0558955184973255 -2.0557537049900994 -2.0556388345336885 -2.0556409001872717 -2.0553147026321694 -2.05524455412689 -2.054747548202985 -2.054467050783737 -2.0542747698781954 -2.053985343369331 -2.053259587492872 -2.0531644758767262 -2.0525367609978966 -2.052297824792566 -2.0518779297520107 
# Stellar mass-weighted [N/H]:
0 -5.06415122347731 -6.469390089912141 -6.531156037299329 -4.80451851211987 -3.6010978946375873 -3.0819115161311377 -2.845526603325717 -2.70768635263794 -2.6172449404780034 -2.5514726926719 -2.500485678257218 -2.4597427660783993 -2.426162423990017 -2.3977241073018334 -2.3728554120167695 -2.3504668468026226 -2.329739803803659 -2.309974603025271 -2.2909401617313803 -2.2726197701637885 -2.2554187220389945 -2.2396728693343277 -2.2254089212319528 -2.2125587400701887 -2.200858022527073 -2.1903974649460087 -2.1814733139902165 -2.174177142559434 -2.167722118953943 -2.162528360683937 -2.1585925481441084 -2.1551763756204165 -2.152582259684727 -2.1507522801355927 -2.1495237946410004 -2.1484706386132 -2.147657467399731 -2.1469151068301686 -2.1462386171029344 -2.1455913757962364 -2.1449365243400225 -2.1443137246776525 -2.143640724763915 -2.142977692406377 -2.1424368253521093 -2.1419059518686288 -2.141375388997486 -2.1408517377115386 -2.140302137097734 -2.1396788551951733 -2.139253306687799 -2.1387600136564906 -2.1382422738884115 -2.137818175257295 -2.1373115371001434 -2.136910941726928 -2.1364585924263864 -2.136033216186597 -2.1355516151021137 -2.1351337649649054 -2.134708518846124 -2.134267252939252 -2.1338615674043657 -2.133475212073802 -2.133114740147855 -2.132780106737451 -2.132413274669755 -2.132056082998676 -2.1316664078900427 -2.131303729196091 -2.1309776090748525 -2.130625167670802 -2.130289463083545 -2.129968920121211 -2.1296793634025244 -2.129346678969606 -2.129037240539053 -2.1287333000328754 -2.1284220721871847 -2.1281275954957914 -2.1278245618729272 -2.1275201709951403 -2.1272365946057237 -2.1269690886408936 -2.126734693141776 -2.126453770102792 -2.1261984854016536 -2.1259184947475562 -2.125691297841156 -2.1254571315058826 -2.1252206992657854 -2.1249595331298172 -2.1246890451643363 -2.1243955059917177 -2.124188798543326 -2.1239221829753685 -2.123722212414953 -2.1233513406283837 -2.1231640169416055 -2.1228059959772514 -2.12259640733377 -2.1224321059861637 -2.122250792148657 -2.122086223681916 -2.121905092746058 -2.121719564159613 -2.121490765746586 -2.121352665579158 -2.1209557266986616 -2.1193908935433736 -2.1166777184904477 -2.1145376480871487 -2.1126883649571004 -2.1112008226790424 -2.10943368006832 -2.1080164855953667 -2.106878074880064 -2.106507422076339 -2.105986974672147 -2.1051919218877657 -2.1045870778748768 -2.1041451433360496 -2.104006497245792 -2.103184991040486 -2.10260973674258 -2.101239375803109 -2.1003421399839093 -2.0996077933106054 -2.098879900441718 -2.0979164813247433 -2.0973353473674505 -2.0965946117915975 -2.095889581757553 -2.0953897258258998 
# Stellar mass-weighted [Ca/H]:
0 -5.06415122347731 -6.469390089912141 -5.969477748558798 -4.097110175270819 -3.2836398554246156 -2.9034113792341287 -2.753973371949783 -2.651429461534301 -2.52008881287132 -2.4026721823660235 -2.3114376166845148 -2.241848372370944 -2.1870617059624493 -2.1423683086167147 -2.104860659104979 -2.0726475345593727 -2.0447049155449717 -2.0200273037046497 -1.9980467049379698 -1.978237939075978 -1.9602137631329022 -1.9437843257430503 -1.928663072186791 -1.9146711817574742 -1.9016920563909254 -1.8895695896677154 -1.8781960266373252 -1.867530998737478 -1.8574789177449675 -1.8479604398848783 -1.8389952285277857 -1.8304980669034627 -1.8223976169751452 -1.8146838722735428 -1.8073735754127433 -1.8002970882120533 -1.7935425151207411 -1.7870450877568018 -1.7808230473123077 -1.7748587910965545 -1.7691060939491763 -1.7635770807570514 -1.7582098646467603 -1.7530231317999228 -1.7480381579357074 -1.7432024397639259 -1.7385190918924316 -1.7340056664142969 -1.7295907692739974 -1.7252517848842865 -1.7211585173004238 -1.7170923597762515 -1.713167757290881 -1.7093315701154435 -1.7055542312740428 -1.7019553372961838 -1.6984066384961523 -1.6949525825243095 -1.6915896368082661 -1.688280461518648 -1.6850643487289352 -1.6819016329967909 -1.6788366511406565 -1.6758131572881192 -1.672881168602557 -1.6699920051498163 -1.6671818472099256 -1.6644244080158224 -1.6616917447494997 -1.659024144494916 -1.6564229035734641 -1.6538564262346034 -1.6513644237655436 -1.648892903065117 -1.646493481868073 -1.6441032530002255 -1.6417691449153873 -1.6394590680204422 -1.6372326726019706 -1.6350094341401036 -1.632841531168447 -1.630679475660438 -1.6285836384845265 -1.6265053863651753 -1.6244862371239766 -1.6224676483946503 -1.620526230995261 -1.618570850833665 -1.6166680558683444 -1.6147609406799832 -1.6129061342125643 -1.6110292660856969 -1.6092273540117636 -1.6074191217786629 -1.6056734797929009 -1.6038959372142045 -1.6022006669376205 -1.600516660482314 -1.598877402491464 -1.597210662507763 -1.5970844304809786 -1.5969496457283876 -1.5968348251937545 -1.5967087608099373 -1.5965873999105193 -1.5964400044276257 -1.5962736111804698 -1.596158617108328 -1.5958517483486272 -1.5946103042904252 -1.592227314183508 -1.5903045972178358 -1.5886105945801434 -1.5872470924036177 -1.5856520302695403 -1.5844254593368694 -1.58346411103408 -1.5831432629709505 -1.5827284926399914 -1.582062413277268 -1.5816148292898102 -1.581251919148431 -1.5811679648424288 -1.5804635563045872 -1.5800364888483536 -1.5788340595829435 -1.5780419507970667 -1.5774073093980556 -1.576731382973608 -1.5756827885509397 -1.5752011178856762 -1.5743622583174686 -1.5737179943327275 -1.5731490813107856 
# Stellar mass-weighted [Ne/H]:
0 -5.06415122347731 -6.469390089912141 -5.761178928820408 -3.8733722104433044 -3.3116938183308378 -3.1171925328300505 -3.0322188530602086 -2.993669217879394 -2.974241423340466 -2.96475378447868 -2.9597983062801827 -2.956870474806575 -2.954817771049589 -2.9528764618520293 -2.9506426314589422 -2.9487615923696744 -2.9468003564433216 -2.9449129504754543 -2.9436307658598686 -2.942272742074576 -2.940945854806392 -2.939604385694299 -2.938298076564613 -2.937038507944261 -2.935828034680293 -2.9346674031471114 -2.9335439689479736 -2.9324827516513654 -2.931449303133256 -2.9304387308640836 -2.9295881615275485 -2.928587135037163 -2.927650784321453 -2.9267798830328884 -2.926027431895796 -2.925231246262239 -2.924414244546644 -2.9235620634600457 -2.9225729455276523 -2.9213690141924706 -2.920419442995101 -2.9199625527709294 -2.9194869025330643 -2.9188956085099207 -2.918172485497128 -2.917500873464866 -2.9168224318027303 -2.916102181522813 -2.91543260521102 -2.9147448282805444 -2.9140973113794892 -2.9134277938017092 -2.912771074851875 -2.912126806821088 -2.9114630621965496 -2.9108737438379935 -2.910289932350727 -2.9096961025824335 -2.909115782807631 -2.9085136287342443 -2.9079211020426605 -2.907338003425357 -2.9067770691923593 -2.906229898622045 -2.9056858385898394 -2.9051516353667193 -2.9046237806020754 -2.9041229930448633 -2.9035850971903185 -2.9030901554600668 -2.9026006651734395 -2.9021222128647164 -2.901666503846994 -2.9012042571396686 -2.900729945103537 -2.900290533777203 -2.8998397631844055 -2.8994050375714853 -2.8990237967071 -2.898633977766865 -2.8982119314741652 -2.8978014114267827 -2.8974097479936365 -2.897033944039558 -2.896686602363318 -2.896319162472367 -2.895984240561103 -2.895628525671718 -2.8952676557394748 -2.8949188178626297 -2.894574468974925 -2.8942395691836857 -2.8939035369975326 -2.893580922516196 -2.8932855434962192 -2.8929455213641875 -2.892641099324166 -2.8923475264107186 -2.8920943125468304 -2.8918023411780194 -2.891657145450715 -2.891629848118855 -2.891573967721367 -2.8915187395709 -2.891447953857093 -2.8913737403602333 -2.891290014780905 -2.8912089979464115 -2.8910676713624035 -2.8903924877238376 -2.889369302078049 -2.888529636466431 -2.8878243630045706 -2.8873113217187933 -2.886693243902447 -2.8861646253252484 -2.8858320109866176 -2.885694586016915 -2.8855634720508734 -2.8853113183529784 -2.8850984484994893 -2.8850276105700132 -2.884974772798623 -2.8847435980944756 -2.8846324452116905 -2.884378453456786 -2.884297950134611 -2.884251397920252 -2.884190388908249 -2.883988091127927 -2.8839792389737653 -2.8838129355520064 -2.883779999392303 -2.8836783402136703 
# Stellar mass-weighted [Si/H]:
0 -5.06415122347731 -6.469390089912141 -5.77255044095099 -3.879527807453222 -3.1366014085933687 -2.8020755938029325 -2.67667006882749 -2.595542298897956 -2.498819375434474 -2.408586160353292 -2.333355039229165 -2.2725384255848544 -2.2229078153632003 -2.1816476001911456 -2.1466371637896984 -2.1163889169657386 -2.0900079803532234 -2.066694288346228 -2.0458699931582593 -2.0270191893321936 -2.0098454211319643 -1.9941691102151866 -1.979711901952954 -1.9663107810792448 -1.9538632363539863 -1.9422223680492525 -1.9312911180673806 -1.921036745974508 -1.9113529644641156 -1.9021828871850701 -1.8935346028113011 -1.8853281981300585 -1.8775066265198976 -1.8700518063772034 -1.8629839443175022 -1.8561406089082997 -1.849603506732774 -1.843312387836809 -1.8372754985389452 -1.8314955587368527 -1.8259194267531953 -1.8205639266745548 -1.8153520421924272 -1.8103124541377005 -1.805465671842585 -1.8007680719934678 -1.7962170943221345 -1.791829512783476 -1.7875374464318972 -1.7833177487928493 -1.7793343018267667 -1.7753763125234476 -1.771555769097536 -1.7678193504142587 -1.764143890456353 -1.7606347385329748 -1.757176974283988 -1.7538115681049167 -1.7505360497958469 -1.7473150451078308 -1.7441796043216158 -1.7410921777336732 -1.7381034297962854 -1.7351522269325041 -1.732290377096323 -1.7294710665951092 -1.7267280158196927 -1.7240371387537294 -1.7213712232579885 -1.718767374702562 -1.7162285238338892 -1.713722392611503 -1.711287781922029 -1.7088747762426344 -1.7065317036390013 -1.7041964058530175 -1.7019144451540456 -1.6996564302795054 -1.6974823230163452 -1.6953163977831087 -1.6931925380785673 -1.6910745545628005 -1.6890237999769608 -1.6869917146126348 -1.6850174954308432 -1.6830437173015076 -1.6811452628994727 -1.6792324200046576 -1.6773706977283505 -1.6755032939272114 -1.673688321718375 -1.671850798971791 -1.6700871584263526 -1.66831643499121 -1.666608111113134 -1.6648686250540798 -1.6632091137157756 -1.6615627580756929 -1.659958877702448 -1.65832753015244 -1.6582005937513804 -1.6580694479038156 -1.657957441725439 -1.657834021152298 -1.6577151983844542 -1.6575707732887848 -1.6574075787351488 -1.6572938712394665 -1.6569932521222723 -1.6557732836097419 -1.6534411549661092 -1.6515568015625908 -1.649897458703344 -1.6485631092718975 -1.6470011694771145 -1.6457981152241503 -1.6448588440053369 -1.6445439908865298 -1.6441397837270415 -1.6434889723014061 -1.6430493080543753 -1.6426976306259808 -1.6426141373451433 -1.6419269966240533 -1.641509820136684 -1.6403394515594512 -1.6395695559201346 -1.6389521832020186 -1.6382947602411715 -1.6372741658275336 -1.6368043246250412 -1.6359881262046132 -1.6353608563948345 -1.6348050578669016 
# Stellar mass-weighted [S/H]:
0 -5.064151223477309 -6.469390089912138 -5.859438499084249 -3.9708729596027075 -3.1529965060834764 -2.778491840594727 -2.6387536353225 -2.5536751333803283 -2.456464687624414 -2.3683166064058785 -2.2969506524453225 -2.2403933723097724 -2.1945625117876117 -2.1564465343225576 -2.123916443644638 -2.0956866393580107 -2.0709663418907756 -2.049044642153005 -2.0294144484129486 -2.011598279759852 -1.9953142094825012 -1.9804247780961077 -1.9666738847342202 -1.9539059632556581 -1.9420270319255977 -1.9309081671557795 -1.9204548927782223 -1.91063597132025 -1.9013590491888177 -1.8925614498492491 -1.8842619070307443 -1.8763854609666444 -1.8688606527694454 -1.8616908049171066 -1.8548899619040924 -1.84829666296603 -1.8419960127688686 -1.8359275439124563 -1.830106448483341 -1.8245316311512658 -1.819150359403607 -1.8139794809706427 -1.8089401360206594 -1.804068894850091 -1.7993833425342496 -1.7948375539534664 -1.7904378144883282 -1.7861937392498834 -1.7820387129975588 -1.7779499111243036 -1.774092482864038 -1.7702581913779696 -1.7665561132008998 -1.7629356522225557 -1.7593671003895386 -1.7559677917467944 -1.7526139786238613 -1.7493502420242102 -1.7461699088108702 -1.7430418325648285 -1.7400008785717604 -1.7370012800619348 -1.7341019748868591 -1.7312333234399917 -1.728451978247711 -1.7257122055902308 -1.7230461906385859 -1.7204285468776606 -1.7178353893085223 -1.7153042988603548 -1.712835451662711 -1.7103987631718276 -1.7080305464800807 -1.7056808634140532 -1.7033995692058959 -1.7011259134360044 -1.6989037685902852 -1.6967061398457117 -1.6945894160355772 -1.692474038981258 -1.6904096891555431 -1.688350558150752 -1.6863536542944866 -1.684373833769138 -1.6824505181763687 -1.6805274755893276 -1.6786779787231394 -1.6768139247068925 -1.6749991214548245 -1.6731787388910613 -1.6714077977438784 -1.6696178569051217 -1.667897542848225 -1.666171672400604 -1.6645052853824875 -1.6628063664005381 -1.6611875462770174 -1.65958068525544 -1.6580178388177025 -1.6564251977333324 -1.6562967245964169 -1.6561677030554636 -1.6560556256290644 -1.6559332379575347 -1.6558145012609415 -1.6556707307998515 -1.655508450358396 -1.655394890725372 -1.6550960658172897 -1.653881922460755 -1.6515682841285964 -1.6497008561782414 -1.6480571970581668 -1.6467373452903145 -1.6451926474642047 -1.6440012453632686 -1.6430724504719532 -1.6427606594592872 -1.6423607444890642 -1.6417159248874658 -1.6412796882921548 -1.6409325834742692 -1.640849887616449 -1.6401698176247015 -1.639759255891315 -1.6386069065770856 -1.6378526557123516 -1.6372492040107964 -1.6366061001166843 -1.6356022931955314 -1.6351454668601493 -1.6343422330801864 -1.6337303694817829 -1.6331857746902 
# Gas metallicity, [Z/X]:
-5.086342049140031 -6.727680306669656 -5.628952625540772 -3.5049476591964677 -2.604960716468483 -2.0870950099794614 -1.786285927353884 -1.5394052793019697 -1.2218155071705776 -0.8618746662812213 -0.4812581674986267 -0.0975412844358381 0.2599762492340538 0.5466275632142183 0.7233694592143096 0.8054472525638247 0.8430893485642872 0.8593063636484493 0.8667475582396372 0.8698549372526901 0.8684075680458001 0.8683339188343193 0.864117056066967 0.8621030785569843 0.8564415623159717 0.8556083937430873 0.8506943840873998 0.8513368083689308 0.8465243712680509 0.8479663904257801 0.8361295811577214 0.8538982935310407 0.8288423778568902 0.8666910058710788 0.8003206451880553 0.9102935926472888 0.6995477656200666 1.0405570424880324 -8.024396835338244 1.3382300289891322 -7.996486762730637 1.6039059412118168 -7.972715278499935 1.8683686466133433 -7.947144104580467 2.1426694394586727 -7.926738686600725 2.4364661708720132 -7.905360293886499 2.745610762236642 -7.885060696032179 3.0792979914805043 -7.864801640099861 3.432953403719985 -7.844198337030896 3.807284084909922 -7.827303108731462 4.199021013471063 -7.793650698006717 4.598283164683867 -7.790999215641236 5.040398784476841 -7.78062934123977 5.497751054518334 -7.766899266509382 5.972070831351496 -7.742652862960897 6.462968471989663 -7.7376020729619945 6.966070456010572 -7.729776031843677 7.49026488965328 -7.717161000952853 8.028319887816725 -7.703050595698192 8.588260598393575 -7.687298652998992 9.15318600950711 -7.6890913524151845 9.73510498276879 -7.675902674058314 10.330920295927529 -7.677503018849917 10.943810443399219 -7.657106797600147 11.561601327435625 -7.65785362773407 12.201471532227455 -7.635512736454679 12.800677980010382 -7.5928027690512 13.506105419172624 -7.613719196502 14.183815097609754 -7.61517000473996 14.874125177675836 -7.608105277135593 15.570247565218326 -7.595540668431564 16.286937424429617 -7.598066574363033 16.75780545509366 -7.995052828650664 16.966697142045046 -8.19619250401034 17.02396666718601 -8.331668214551573 16.95884786611288 16.033124192099013 16.781506018914715 16.178382018005813 16.24083745788491 16.080607817604374 16.009646875590846 15.944502991213138 15.871510319124589 15.818354236671453 15.7758892040373 15.7655798802885 15.741401505655785 15.711707013017886 15.687342948965622 15.673862868309376 15.668055428643436 15.642783326389463 15.619456215104716 15.581834959501625 15.555707941586743 15.533162428027286 15.512975589317922 15.49490913086073 15.478624647088129 15.464621216427329 15.450955319065821 15.439113628956902 
# Stellar mass-weighted metallicity, [Z/X]:
-4.152288344383056 -5.086342049140031 -6.491580915574861 -5.6791852645446275 -3.7790581147501383 -3.11078640889386 -2.8180273237989164 -2.6964199327224607 -2.629414524115279 -2.575046260594335 -2.5294604456155385 -2.4911500354264566 -2.458874908377065 -2.4313763870718637 -2.407863937793068 -2.387599529092797 -2.36985160923041 -2.3537691502564124 -2.339036859989542 -2.3254536260456558 -2.3127542423936855 -2.300948544209213 -2.289940776535359 -2.2797049018557196 -2.270073992478122 -2.2610693815513025 -2.252545464507466 -2.244506586317452 -2.236857439856454 -2.2296290751065344 -2.222682222132369 -2.2161517266689676 -2.209768702204678 -2.2039261872861804 -2.197870922583598 -2.1928237500557994 -2.1866304690371487 -2.182780678644498 -2.175264331421757 -2.1747607289576933 -2.1614937053341174 -2.1610439753734756 -2.139100651273223 -2.1387026722266507 -2.1031175381322793 -2.1028391828378457 -2.045823259921618 -2.045682738390849 -1.9562108182159414 -1.9562386193696455 -1.820496665865713 -1.8207549685313686 -1.629070289304808 -1.6295303499057072 -1.3800658773043788 -1.380697094101363 -1.0796694622399048 -1.0804299468581886 -0.738185641221379 -0.7390736579094581 -0.36419461726556945 -0.3651532318694233 0.03189991573534301 0.030924982510921684 0.4569470111317355 0.45594442620556097 0.9046531341760433 0.9036144907187348 1.3708692083843719 1.3698204742896323 1.8580774038148287 1.8570107397565039 2.3624895614507118 2.36138701542878 2.8851804331767967 2.8840922235397466 3.4244902733041114 3.4233872143329527 3.980168485407188 3.9790381971320397 4.550954045182549 4.549813636908406 5.135126083801276 5.133962948252134 5.732941568396694 5.731755980715393 6.346715505814301 6.345507157410893 6.969825309706107 6.968650904611735 7.610428980695842 7.609193552761824 8.237933836840554 8.236752753980937 8.90913713688641 8.907934221043645 9.592176332316752 9.590964002404116 10.28421429859097 10.282990932282178 10.989154928184501 10.989654078806678 10.989747979438299 10.989241416880319 10.988707148241756 10.98808366301276 10.987578927376639 10.987031781290549 10.986662338752264 10.985846265059047 10.983371416460013 10.981771565191929 10.98159991200484 10.981965355053719 10.982432406344797 10.983140777367076 10.98374780549971 10.984341641533462 10.984583483317069 10.984776086997925 10.985114382642637 10.985170961125474 10.985233462741785 10.985142685755894 10.985336846837125 10.985219798221832 10.985782781783033 10.98617438602488 10.986629276425395 10.987391563482724 10.98843185434479 10.988726347707447 10.990003616633865 10.990444137988701 10.991422725078682 
# Number of SNIa (log_10):
0 0.0 0.0 0.0 0.0 0.0 9.349096776927837e+53 4.4552806204474914e+55 1.6716356922656106e+56 3.1609792586654347e+56 4.629618419106965e+56 5.972609081684006e+56 7.172888515801769e+56 8.244789408219165e+56 9.208890118286961e+56 1.0083757564778665e+57 1.0884314029618975e+57 1.1622233416535483e+57 1.2306679735207977e+57 1.294494515331757e+57 1.3542916141821807e+57 1.4105413851517669e+57 1.4636436499598621e+57 1.5139337706327118e+57 1.5616961816485178e+57 1.607173847870583e+57 1.650576140964149e+57 1.6920853335539436e+57 1.7318598327190052e+57 1.7700386253340973e+57 1.806745740089174e+57 1.842094483326799e+57 1.8761789312036706e+57 1.9090796015905553e+57 1.94088306681014e+57 1.9716603892754843e+57 2.0014754893156225e+57 2.030384182165476e+57 2.058441900292242e+57 2.08570220222646e+57 2.1122042069140077e+57 2.137989713821221e+57 2.1630959068983627e+57 2.187556862080556e+57 2.2114061717108173e+57 2.2346736981949276e+57 2.2573873065766153e+57 2.279570873010789e+57 2.301250042315971e+57 2.322451618012142e+57 2.3431919036975292e+57 2.363489022811758e+57 2.383363122140197e+57 2.4028328398389673e+57 2.4219125606388762e+57 2.4406181797687448e+57 2.4589634905747942e+57 2.4769555806662794e+57 2.494614157822896e+57 2.5119677893553016e+57 2.529012417730693e+57 2.5457595876148812e+57 2.5622101823549085e+57 2.5783757430693296e+57 2.594274634714387e+57 2.6099135354669682e+57 2.6252991581888852e+57 2.6404423594526948e+57 2.6553495085526097e+57 2.670026397968463e+57 2.6844811228023373e+57 2.698721774743947e+57 2.7127505654788262e+57 2.7265744868403634e+57 2.7402058407069306e+57 2.7536453335869567e+57 2.7668972051906232e+57 2.7799677774571922e+57 2.7928616469145777e+57 2.805583205908148e+57 2.8181376219408835e+57 2.8305272527298187e+57 2.8427566681370686e+57 2.8548365107989003e+57 2.8667647146704165e+57 2.878545002159876e+57 2.890181151657762e+57 2.9016786582034368e+57 2.9130393096467708e+57 2.9242621550612075e+57 2.935354911503477e+57 2.9463191717942928e+57 2.957156579166248e+57 2.967880946714457e+57 2.97848876100867e+57 2.9889757869996673e+57 2.9993483645463098e+57 3.009610238112825e+57 3.019762513775892e+57 3.0298057026361483e+57 3.0397439635216396e+57 3.049577245980025e+57 3.0593122283878023e+57 3.068953384698118e+57 3.0784965651764565e+57 3.087945598731535e+57 3.0973022408963404e+57 3.1065657929407108e+57 3.115739599929915e+57 3.133828742465021e+57 3.2194723782137264e+57 3.3706633856786005e+57 3.5011492352127134e+57 3.6159201702321914e+57 3.718370535530684e+57 3.853987094296506e+57 3.972710473505718e+57 4.0782865482822324e+57 4.111045416686806e+57 4.173338593304905e+57 4.2597749729551625e+57 4.3390430210771615e+57 4.388450368039208e+57 4.412224616207149e+57 4.5018193814294346e+57 4.6031402209801834e+57 4.778325367707022e+57 4.926272330105714e+57 5.0543396149699196e+57 5.167259189463776e+57 5.268167724897647e+57 5.359497093613486e+57 5.4428196288647636e+57 5.519448945418235e+57 5.5903824092993446e+57 
# Number of SNII (log_10):
0 0.0 2.2333596867609338e+54 2.1626019425740655e+56 7.326860321382581e+56 1.1144828021316888e+57 1.3779887749089696e+57 1.5408588755645119e+57 1.6171988529830534e+57 1.6491780324538492e+57 1.661320697369529e+57 1.665525896663146e+57 1.6668764338855233e+57 1.667292300978964e+57 1.667415753279572e+57 1.667454583507158e+57 1.667470088380239e+57 1.6674748641949384e+57 1.6674770263446976e+57 1.6674783629182308e+57 1.6674793826443515e+57 1.667480247975318e+57 1.6674810164287633e+57 1.6674817134872945e+57 1.6674823517016404e+57 1.6674829401119793e+57 1.6674834846826437e+57 1.667483990660115e+57 1.6674844630736296e+57 1.6674849055747895e+57 1.6674853210681605e+57 1.6674857123025038e+57 1.66748608116345e+57 1.6674864302597644e+57 1.6674867602575883e+57 1.667487073576501e+57 1.667487370208007e+57 1.6674876529407732e+57 1.6674879231061155e+57 1.667488181975498e+57 1.667488446996352e+57 1.6674887234920906e+57 1.667488995237689e+57 1.667489264384621e+57 1.6674895064798723e+57 1.667489755267845e+57 1.6674899793456826e+57 1.6674902100448505e+57 1.667490417720173e+57 1.6674906326134538e+57 1.6674908258523644e+57 1.667491026401418e+57 1.6674912062431303e+57 1.6674913942460576e+57 1.6674915625255543e+57 1.6674917386583835e+57 1.667491895726856e+57 1.6674920596879077e+57 1.6674922063099133e+57 1.6674923599705025e+57 1.6674924976608225e+57 1.6674926414478522e+57 1.667492770923901e+57 1.6674929074521358e+57 1.6674930303212815e+57 1.6674931589994978e+57 1.6674932732309596e+57 1.6674933956493362e+57 1.6674935044548215e+57 1.6674936202642886e+57 1.667493722402438e+57 1.667493831556671e+57 1.667493928421714e+57 1.667494033276308e+57 1.6674941257555247e+57 1.667494225156459e+57 1.667494312255584e+57 1.6674944056138493e+57 1.6674944875865717e+57 1.6674945760613196e+57 1.667494654520796e+57 1.6674947393088343e+57 1.6674948146403303e+57 1.6674948960196532e+57 1.6674949679688203e+57 1.66749504652596e+57 1.6674951162459677e+57 1.667495190716917e+57 1.667495256090504e+57 1.667495328041074e+57 1.667495392179756e+57 1.6674954603945037e+57 1.6674955219052996e+57 1.667495586717999e+57 1.6674956436117406e+57 1.667495700845865e+57 1.6674957533061054e+57 1.667495811346558e+57 1.6674958639301398e+57 1.667495920613743e+57 1.667495970959531e+57 1.667496024175475e+57 1.667496071422243e+57 1.6674961132131535e+57 1.6674961348504965e+57 1.6674961369074256e+57 1.6674961369074256e+57 1.6674961369074256e+57 1.6674961369074256e+57 1.6674961369074256e+57 1.6674961369074256e+57 1.6674961369074256e+57 1.6674961369074256e+57 1.6674961369074256e+57 1.6674961369074256e+57 1.6674961369074256e+57 1.6674961369074256e+57 1.6674961369074256e+57 1.6674961369074256e+57 1.6674961369074256e+57 1.6674961369074256e+57 1.6674961369074256e+57 1.6674961369074256e+57 1.6674961369074256e+57 1.6674961369074256e+57 1.6674961369074256e+57 1.6674961369074256e+57 1.6674961369074256e+57 1.6674961369074256e+57 1.6674961369074256e+57 1.6674961369074256e+57 1.6674961369074256e+57 1.6674961369074256e+57 1.6674961369074256e+57 1.6674961369074256e+57 
# [Mg/Fe] for total ejected gas till this time:
0 0 0.43779453697329385 0.4226314856044492 0.2102527284348466 0.08294217041681984 0.042947619701034 -0.09675156418066326 -0.31752652178217505 -0.47849674166540074 -0.5896441425652406 -0.6686422653694765 -0.727231032910778 -0.7723972283133408 -0.8084929189310449 -0.8381850946712088 -0.8630969678946065 -0.8843810226716896 -0.90283116579025 -0.9190256693748411 -0.9333948057202953 -0.9462944554714876 -0.9579482386272193 -0.9685725901953972 -0.9782998991579588 -0.9872316738754541 -0.9954998297487272 -1.0031740655159855 -1.0103016282988726 -1.01696003720935 -1.0232030287402 -1.029063825372432 -1.0346191425149502 -1.0398598911965495 -1.0446774989663936 -1.0493042393664673 -1.0536384506696177 -1.0576212588023393 -1.061364908130635 -1.0649138153608888 -1.0681591128325494 -1.0715956414756844 -1.074645519746587 -1.0775114689346221 -1.0802007377661065 -1.0827423802185308 -1.0851765413007715 -1.0874469091117658 -1.0896212766848037 -1.0916982144545413 -1.0936681132839148 -1.0955613739513685 -1.097389187115267 -1.0991698419639295 -1.100917471190031 -1.102627204994278 -1.1043063468259102 -1.1059640309330199 -1.1075983140003665 -1.1092086873908305 -1.1108044672111996 -1.1123382727538804 -1.1138679213772154 -1.1153869734662654 -1.1168773044570128 -1.118321831757438 -1.1197127994604126 -1.1211850072995841 -1.1225292812301808 -1.1238640717194617 -1.125197528637753 -1.1265456965895773 -1.1278064245853556 -1.1291404243702696 -1.1303913753532242 -1.1316703100930052 -1.1329340647715747 -1.1341775878567668 -1.135427963656298 -1.13647321287011 -1.1376582677148426 -1.138807016164079 -1.1399070479406692 -1.1410110519904324 -1.1421519639791875 -1.1432091504571618 -1.1442744201180965 -1.1453256228894857 -1.1463879876868235 -1.1474206456498197 -1.1484541499755727 -1.1494745651581162 -1.150480900217502 -1.1514700377087892 -1.1524605511186445 -1.1534201256379233 -1.1544241037961942 -1.1553359148440623 -1.1562601450427528 -1.1571902698660528 -1.1581082747029565 -1.1590004461912504 -1.1599145753283349 -1.1608123937080757 -1.1616764065649248 -1.162536099907494 -1.1633875821171564 -1.16422838709644 -1.165059841686098 -1.1667073597425504 -1.1743246748740828 -1.187312764281015 -1.1980627356878066 -1.207122530964226 -1.2150265108387321 -1.2250113985535194 -1.2334957599978706 -1.2406925521730277 -1.2429047387684746 -1.2470258154657343 -1.2525967707074825 -1.2575751960069061 -1.2605569372786407 -1.262124744158117 -1.267480325935054 -1.2733925943678492 -1.2832018513429295 -1.2911565521654846 -1.2977429628427675 -1.30340757097565 -1.310270435707066 -1.3126715438680958 -1.3164843203809247 -1.3199799826223533 -1.3231520837452948 
# [Mg/Fe] for instant ejected gas at this time:
0 0 0.43779453697329385 0.4224040094353809 0.15306330205652935 -0.04620873541155783 -0.08153732027939273 -0.6263700244520192 -1.1374142431509868 -1.363150419829596 -1.5004316231207588 -1.5808802916864995 -1.6262847277538606 -1.6435221350459461 -1.6511708620028906 -1.6599724406474172 -1.6560140167276718 -1.6508744989420985 -1.6447891022290824 -1.6390528214819622 -1.6342982427919506 -1.6346678556699274 -1.6331376974380716 -1.634463686385588 -1.6343291507806539 -1.6303432827310766 -1.6317588097577185 -1.6309693425910619 -1.6259011173091242 -1.6243598171807323 -1.6237320675721878 -1.6213357377570057 -1.626864349119008 -1.6255591903692301 -1.5890831942934667 -1.6026966181853557 -1.5861394085841425 -1.5510093580768878 -1.538091570257806 -1.531572251771817 -1.4963473989489529 -1.5809878046183714 -1.5139281175454233 -1.498183202751587 -1.4817325491579785 -1.4704697803929998 -1.4670594127957404 -1.4478263808002314 -1.4438536296684945 -1.4380323012023828 -1.4284035343870318 -1.4254588841859848 -1.42432833494024 -1.427242226294044 -1.4335404173472304 -1.4379527960783867 -1.4440179383837264 -1.4528584940287796 -1.4605398866407524 -1.4673566563506975 -1.4778417811134874 -1.4703604718436447 -1.4841983027165675 -1.4955293452087723 -1.499271444383728 -1.49524241442968 -1.4873091452568161 -1.5386751303352837 -1.4951792825692953 -1.5047588705298987 -1.5182852865764476 -1.5402370272929697 -1.5107865290053304 -1.5637748913214131 -1.532990484131855 -1.56295594798294 -1.5693064707961053 -1.5723741031197227 -1.591983504638305 -1.486597298659655 -1.5797815416397365 -1.570668079394902 -1.5530257097387286 -1.5683193563442206 -1.608196282306902 -1.563184322729275 -1.5816960919472012 -1.5846985453244948 -1.6065672139785239 -1.5975387318244605 -1.6116564666377504 -1.6146939861357512 -1.616782748046339 -1.6150437031971943 -1.6294550461033837 -1.6161848426986327 -1.6712700202894184 -1.5998649608677185 -1.623094615158804 -1.6415015813581364 -1.6431349500751569 -1.6308797613322088 -1.665691871520558 -1.6615537731897951 -1.6395945138228452 -1.647698852395779 -1.6509556181632445 -1.6523173190486873 -1.6542304467394318 -1.664018835101569 -1.6612872502627125 -1.671858096661826 -1.6823967836721059 -1.6843450860329936 -1.6981982486306364 -1.693299283320796 -1.7043908549613547 -1.69555063791287 -1.7061729150011713 -1.7016403121366745 -1.6994405613825907 -1.6992881100921366 -1.6842224507500096 -1.7667711603261045 -1.69802190806221 -1.7010650218813754 -1.7000837849800803 -1.7036248448418738 -1.6992037962275384 -1.7042431461144638 -2.0953808600710935 -1.4850648603193195 -1.6941148104188184 -1.7046558409299322 -1.7037956064464237 
# total ejected metal mass till this time:
0 0.0 9.363868068107869e-06 0.0002120626483487664 0.0006819358066497822 0.0011772721104240493 0.0014821441295474855 0.0016658574780737548 0.0018170400094372904 0.0019442577873134263 0.002052229162000737 0.0021449711467307537 0.0022251343185441144 0.0022947340874519225 0.002355189231189557 0.0024090804070661725 0.0024595157497872993 0.002506822277958861 0.0025514980660684937 0.0025936677009922205 0.002633317563337963 0.002671117854887178 0.0027065743363077505 0.002740465211200916 0.002772487018287745 0.0028032120491692843 0.0028323456252339007 0.0028605919420136394 0.002887388837668064 0.0029134907068908123 0.0029382259311006398 0.0029630213243366445 0.0029851638990360013 0.003009585733190516 0.0030285094686115788 0.003055071479786444 0.003066982282963362 0.003103762869209911 0.0030939464702864584 0.0031707575109547292 0.003077155093850294 0.0032108680510316576 0.0030176524358347875 0.0032497652609081752 0.0028736964920063755 0.003287566313734689 0.002557128950169179 0.0033243971642502976 0.0018557613349204547 0.0033601272063874554 0.00030315460171066884 0.003394983283015216 -0.00325193747380996 0.0034288609305391333 -0.011722915637848583 0.0034616771716663463 -0.03266526987107784 0.0034935096846035038 -0.08671313631321215 0.003524334547786399 -0.22807968576605714 0.0035543647701765046 -0.636228341456445 0.003583318781673636 -1.836269783404074 0.003611624446118007 -5.478197620527032 0.0036393402316442195 -17.16345592956949 0.003665923117487859 -55.6232145610344 0.003691603105443563 -188.0391295232408 0.003716460246252544 -658.7355234458462 0.0037406595820495122 -2394.038195058722 0.0037639873061439304 -8993.745142466925 0.003786459384524809 -34776.8312592682 0.0038082615942052166 -138751.95839990355 0.00382940665938094 -575080.943201351 0.0038499523921572136 -2422846.9911287352 0.003870121817169513 -10684211.797998367 0.0038896050957845816 -44760857.12432719 0.003908446951620024 -215382818.45380732 0.0039268630160142195 -1042330820.5418015 0.003945493518462435 -5140983325.091236 0.0039631860422906515 -26175785469.375633 0.003979538381657392 -136629335314.07843 0.003996213789638791 -407025220841.8652 0.004012708117228927 -674774128015.8363 0.004028264701272803 -762747529391.8738 0.0040439270806395125 -661511989385.3793 -79033067612.44215 -454771497954.5888 -119277359507.00577 -143911083782.27286 -103477298186.1198 -91065754538.46048 -81714916298.38013 -71627518403.86005 -65393993514.39586 -59976982014.98188 -59509330226.6863 -57562292998.97075 -54900422854.04144 -52642342175.87792 -51370534481.22619 -51748701686.682434 -50030917613.94508 -49312783491.892746 -46782013147.33386 -45315460373.03425 -44079946378.762634 -42992386724.36138 -42055279865.327576 -41227261150.82431 -40502821052.00369 -39815301485.984886 
# Stellar [Z/H]. [Z/H] = [Fe/H] + A[Mg/Fe] where A=0.94:
0.0 -5.06415122347731 -6.469390089912141 -6.095513826447252 -4.267208828110302 -3.6436504911843897 -3.3898498934838694 -3.281052500343403 -3.2151436763582137 -3.158360532400837 -3.115857405886317 -3.084499466973812 -3.0606892064623077 -3.041610689636262 -3.0255663428124357 -3.0114768906970504 -2.999074568280532 -2.9879223131377133 -2.9777693789871305 -2.9684594165515072 -2.959693076132555 -2.9514730243729606 -2.943849846102772 -2.9366981597575483 -2.9299836205327656 -2.923668259195436 -2.917661528220402 -2.9119539462815176 -2.9065527456102345 -2.901367997719003 -2.896392024061372 -2.891655217657455 -2.8871155581689463 -2.8827788138273 -2.878624236367303 -2.8744831828711614 -2.8704299636592285 -2.8664820389140298 -2.8624535532027737 -2.858453155744202 -2.8545521064509254 -2.85056203003574 -2.8471084798162387 -2.843487121977968 -2.839838377538153 -2.8362063422270127 -2.8325979878293026 -2.8290633253890993 -2.8255372430552725 -2.8220403326738546 -2.8185579779743373 -2.815196872700507 -2.8118428936723596 -2.8085865651487385 -2.8054153595888756 -2.8023121579735166 -2.7993835870840362 -2.7965219104969066 -2.793783353531983 -2.7911514954766474 -2.7885917935904114 -2.786142445093014 -2.7837047828441377 -2.7813914088916434 -2.779150199407737 -2.7769961977443094 -2.774863802396477 -2.7727604381230897 -2.770835582280312 -2.768823912927921 -2.7668728947724017 -2.7650072408299504 -2.763226563096458 -2.7614362290831567 -2.7597702726574647 -2.7581108557000746 -2.756509851264439 -2.7549676271870673 -2.753451017906701 -2.752040302925367 -2.75040133207018 -2.7489510857411137 -2.747514405411446 -2.746092144653108 -2.744706156061807 -2.7434408707573956 -2.7421036776758845 -2.740840527621022 -2.7395690055361133 -2.738368157004196 -2.737148684155887 -2.7359843384976203 -2.734820516566921 -2.733709488379894 -2.732590774323074 -2.7315344409111284 -2.730429302934498 -2.7294578220640155 -2.728412006159129 -2.727411441830866 -2.7264079539474126 -2.7262759130396095 -2.726186251914312 -2.7260961334133884 -2.7260001939147003 -2.7259009406783505 -2.7257842990000247 -2.725654828012601 -2.725552571548346 -2.725316655705261 -2.7243155886694197 -2.7224988514731407 -2.7210343127395658 -2.719756890938266 -2.718753998261863 -2.7175804001691093 -2.716662411841803 -2.7159792811370806 -2.7157375192815296 -2.7154514013555375 -2.7149677501294684 -2.7146314116600285 -2.7143978311023913 -2.7143333534874037 -2.713834299096357 -2.713557598348439 -2.7127717118146397 -2.712294049337292 -2.7119246353162882 -2.711523439721382 -2.710818103331693 -2.710555042234996 -2.709988195612033 -2.709617919779377 -2.709238900537046 
# Stellar luminosity-weighted metallicity, [Z/X]:
-4.152288344383056 -5.086342049140031 -6.7249436800573825 -5.630226868077796 -3.512734677197458 -2.6193977329027804 -2.113233322298301 -1.8385108038526192 -1.664266653286868 -1.5401478335621184 -1.5533359035841385 -1.6857195032950447 -1.8551551973036615 -1.9963901617676603 -2.0996875298904145 -2.1583840284637574 -2.1832018376504285 -2.1903744951131356 -2.1895922898018494 -2.185348288067379 -2.1794817485727016 -2.1728687953155568 -2.1659236921003924 -2.159443763358084 -2.152460867678335 -2.1457737885784036 -2.139144897331807 -2.1324546166149707 -2.1259291182751383 -2.1194978363009627 -2.1129483052529183 -2.1064832792729797 -2.0999145196065667 -2.095053145762738 -2.087353755507512 -2.0840047682320852 -2.07366299149702 -2.075125866633523 -2.0552865584808133 -2.074292132695583 -2.0216626383807093 -2.0357611967571794 -1.9466694311978696 -1.963218503742432 -1.8347144696498245 -1.8544500782366093 -1.6792534149991465 -1.7023468437747826 -1.4811820516597447 -1.5058250488715117 -1.2362722116344773 -1.2611952012949865 -0.952300294009581 -0.976193287922871 -0.6345753979469035 -0.6570792550602038 -0.28525868530315734 -0.3062728652075897 0.08565159131707412 0.06660276786941033 0.4851130864556308 0.4672323844783366 0.88772834708199 0.871190934375438 1.3261428825429769 1.3110463092250295 1.7847412647950573 1.7706998660436897 2.257200915323251 2.243805515771344 2.753465981819979 2.740226435184054 3.2650018365939912 3.2529847079481935 3.7944932975492733 3.7827516756346826 4.340969251296051 4.328869381045 4.902245536695011 4.891014873626304 5.481696698179523 5.471046886856958 6.070961861947306 6.060556446819722 6.672686868658042 6.662474896791835 7.293868203243699 7.284367704945093 7.917138595603395 7.9076155946539926 8.585128600796965 8.576853562669973 9.185556060766151 9.175496824531882 9.86723691022732 9.859499456690024 10.55716761270607 10.550229964156374 11.25134591790876 11.243749934964393 11.95781290768332 11.950538031472952 11.910230541239576 11.839654321355567 11.78270412830708 11.73742255759618 11.699721046888552 11.669047030176309 11.642202680121013 11.59813094233896 11.471431828523038 11.369224769646141 11.323622807514973 11.298011843276367 11.280534374347917 11.261945652959001 11.249434953158493 11.240720345212564 11.23898920928779 11.233849605977577 11.22817572795042 11.221797952898998 11.218277828171049 11.215932249491129 11.209949597481335 11.202043515664974 11.193486314430777 11.186298936709743 11.180822685833132 11.178136504983371 11.177321401241388 11.17298432106704 11.174557556110729 11.17177894250499 11.172260550059429 
# Stellar luminosity-weighted [Mg/Fe]:
0 6.938893903907228e-17 -1.3877787807814457e-17 0.36015649402041355 0.4221301944537389 0.16938665480480736 -0.008834330727054487 -0.057939108933844574 -0.46529250670715977 -0.9547609004501931 -1.1979643319176354 -1.3137158123632224 -1.3400848011668032 -1.3168099902741721 -1.2736274084907295 -1.245038062573852 -1.2387886927676273 -1.2427262777722055 -1.2500674131653329 -1.257838127124522 -1.265393014883014 -1.2727519867361765 -1.279711199156856 -1.2861390259781764 -1.2926081275397812 -1.2986772671650535 -1.304119613764374 -1.3095853598733904 -1.314501572663476 -1.3191257500871116 -1.323437996537671 -1.327833091335418 -1.33157032913675 -1.3354033742322344 -1.3392987448726166 -1.3415467006302297 -1.3441002298967473 -1.3464516765235108 -1.3474500569562897 -1.36027567866288 -1.3529156703899217 -1.3576555660932184 -1.3544468489384702 -1.361456068746766 -1.3560383165490686 -1.358653862679642 -1.3543232611770506 -1.3564709235445616 -1.3529243210789696 -1.3539730349148411 -1.3514077391269341 -1.3521342332930841 -1.3501366926428855 -1.350996286898527 -1.3497960891243854 -1.3512853880472588 -1.3509129472570756 -1.3528456208365929 -1.3530010333879474 -1.3553128099539455 -1.3559240582792969 -1.3585521817280866 -1.358944252437243 -1.3612385326155843 -1.3621369186512788 -1.3647056798745107 -1.3654537526154027 -1.3669970797608517 -1.368406721350645 -1.3703745245329426 -1.371048021809627 -1.3730669065385293 -1.374393152081897 -1.376001577011933 -1.37752424522616 -1.3794641719393888 -1.3809554197488947 -1.3833287124485951 -1.384847051820562 -1.3872191755010876 -1.3872111238759264 -1.3884772057802277 -1.389689014127574 -1.3911727531279445 -1.3922218236581705 -1.3942446615787438 -1.3953777914124614 -1.3969026635599922 -1.397938207872851 -1.3995706866804616 -1.4011147458550528 -1.4024205791196973 -1.403496650144 -1.4052092406824686 -1.4064772689989673 -1.4082340091856158 -1.4094154168170427 -1.4114020168645725 -1.4122966483263604 -1.4133081061170634 -1.4143445612666141 -1.4111044930504515 -1.4081419451358481 -1.4055633620159962 -1.4035440801988535 -1.401916035152385 -1.4005417649858791 -1.3993783848373054 -1.3983781961583752 -1.3967771123789723 -1.3922755123695472 -1.389282991568552 -1.3883857301873668 -1.388421369568724 -1.3887716423048126 -1.3892058105994067 -1.3896310566574368 -1.3898741801442307 -1.3899891154404271 -1.3899748056917982 -1.39005620914881 -1.3897170964195074 -1.3899070523875097 -1.3897673869686205 -1.3899424594056466 -1.3896205422735393 -1.3900928971272621 -1.3901769408974054 -1.3901496303994745 -1.3903149504895154 -1.3908713513663515 -1.3909316792447284 -1.3912359856852892 -1.39170593131118 -1.3916990611078977 
# Stellar luminosity-weighted [C/Fe]:
0 0.0 0.0 0.6929924024498253 0.784966827940585 0.6131189473554586 0.5106259232266084 0.4767579999142102 0.052009176660535616 -0.5278161196397729 -0.8459022687694592 -0.9723854495959732 -0.9715208681674037 -0.9191926464930743 -0.8561499436105402 -0.819147650170976 -0.8076555785323726 -0.8085810691360231 -0.8139009588587411 -0.820025052544239 -0.8258460057825536 -0.8313818440326259 -0.83604695863866 -0.840196670308459 -0.8434312103711735 -0.8462285892662603 -0.8473373164817478 -0.8466336670313712 -0.8433884937113924 -0.8382633610221454 -0.8317078715255801 -0.824847889413977 -0.8174185770976719 -0.8098860913051212 -0.8019198070430185 -0.7938455589249848 -0.7859773078691231 -0.77739066542415 -0.7661343832970801 -0.7412957240158634 -0.7387773999923957 -0.718613647989969 -0.7166991377760552 -0.6959897961883224 -0.6957704441624555 -0.6777935856085482 -0.6767405952713721 -0.6592919071755192 -0.6583578779767141 -0.6416588545553408 -0.6409133731088206 -0.626854447382293 -0.6255376180250698 -0.6115382274763661 -0.6108850428163775 -0.5996321224548962 -0.5984067965407568 -0.5893187247369178 -0.5884612683434608 -0.5808795692142121 -0.5795629034954644 -0.5724552043003981 -0.571414887774915 -0.5650012137560748 -0.5637296617510521 -0.5576565205866841 -0.5599333769749448 -0.5562612392395405 -0.5512080341012261 -0.5453837851548431 -0.5446009556721974 -0.5420327118591439 -0.5418209245862576 -0.5393763762606238 -0.5386077972204715 -0.5365615965645607 -0.5361178330347856 -0.5349305446527864 -0.5346594538965228 -0.5335501885827553 -0.5333746586585306 -0.5325520144528362 -0.532297433479574 -0.5307043227402161 -0.5303683478854555 -0.5302842947364557 -0.5307250125425892 -0.5298975422380867 -0.5296546252981238 -0.5291843983205045 -0.528985792158007 -0.5294127296115112 -0.5301074050518054 -0.5298817933807716 -0.5297358693737725 -0.5292296567522561 -0.5291650869966424 -0.5290137673435071 -0.5292461119964007 -0.5292937559267827 -0.5277429086017941 -0.5319537692385432 -0.5361000697090544 -0.5399936652572638 -0.5432352696447996 -0.5459805964845641 -0.5483992122061077 -0.5505417766454945 -0.5525039091647836 -0.5559939120264207 -0.5682675605546729 -0.5823198589803125 -0.5909749503270065 -0.5974804807639745 -0.6025886915346627 -0.608355735102577 -0.6127785044103955 -0.6162640250586051 -0.6172308392058377 -0.6189957337217756 -0.6211566154749695 -0.6228092454741514 -0.6241976283171928 -0.62467471185943 -0.6266500802993187 -0.6282767045828499 -0.6314615695103059 -0.6334109445331406 -0.6348966466737507 -0.6360382547122603 -0.6368344203968574 -0.638078108873176 -0.638292408241413 -0.6396611075972748 -0.6396577801021199 
# Stellar luminosity-weighted [N/O]:
0 0.0 0.0 -1.2297437392038684 -1.280691630790031 -0.6939231218689759 -0.4063851485214436 -0.217725713446959 -0.03580269085316523 0.1346114470792168 0.2864669198045333 0.3651655377862007 0.3464591257510137 0.2845881332933109 0.22295706202838883 0.1897977364288178 0.18182881346272517 0.18723207742513082 0.20006000689664105 0.21648977328933938 0.23356052917218728 0.2489772371691109 0.26125677132835845 0.2702839789748077 0.2772013280840915 0.28303059239499195 0.2867627855405176 0.2863763217190073 0.2825387539962354 0.27909578394696155 0.2729395148609478 0.26386881719948485 0.25629049587648634 0.24721901666454726 0.23675560641055315 0.2263485757353868 0.21727106391357176 0.20951353997935496 0.20295214707591447 0.18972684332377043 0.18955062608940454 0.18006851313405536 0.18231246477259067 0.17909616469597034 0.18186311750796658 0.17606979595255334 0.17669451551591697 0.17207164414722254 0.17416046178487332 0.17105204485980452 0.17261438435863263 0.1688531681599892 0.16984378666225197 0.16749222890956939 0.16812475002498484 0.1657559437542273 0.16672887622964727 0.16535545382077488 0.16621107161140247 0.16547788924256712 0.1657464539940524 0.16408329904347108 0.16481425269992356 0.16370852682969528 0.1640486016192324 0.16269379173060916 0.1628543523712913 0.16223102571115522 0.16295677250283147 0.16226244905145693 0.16274410009249451 0.16185018518595018 0.16225449280296178 0.1618212668947302 0.16195562073509984 0.16133178238411328 0.16159482159384086 0.16107552616968124 0.1611476069862663 0.16126697237891918 0.1615827758488172 0.161233794796102 0.1614270268669722 0.16083439433334812 0.16073466746873988 0.1602895175143727 0.16047602964796703 0.16041594100760903 0.16072757037901508 0.1605109988812824 0.15989209823150496 0.15980653019772073 0.1599773887483339 0.15998744352411387 0.16047023562401386 0.159877697211654 0.15986263615766627 0.15953905927827416 0.16106482239518327 0.1608557224239675 0.16189865519919133 0.16490238756953335 0.1676145052078829 0.16995464826980733 0.17190265268783333 0.17354098730184886 0.1749784974525046 0.1762679654335667 0.17747230974910155 0.1797101888087087 0.18779622208648938 0.1978520492396526 0.20438714316238715 0.20986346343721585 0.21430983214677002 0.2192283153828335 0.22301282138552692 0.22587662257655217 0.22672447724784306 0.22799631068047077 0.22967792565276546 0.23053357604227298 0.23179295499349495 0.23195218285565522 0.2336210922653631 0.23437058116524012 0.23706776602628266 0.23845504922405814 0.23936626614900058 0.24028092861145434 0.241451821914765 0.24224072351195247 0.24277031881773536 0.2440924966972563 0.24407546860700902 
# Stellar luminosity-weighted [C/O]:
0 -1.1102230246251565e-16 0.0 -0.3412356824914967 -0.3532382788346973 -0.32214438508031407 -0.2922789108487768 -0.275763598805723 -0.25791677960833603 -0.24077551934126773 -0.2004467353260153 -0.157553990882963 -0.14872337520832024 -0.1627595659758102 -0.17946767915220074 -0.18913825119891592 -0.189830521940146 -0.18687545725709404 -0.1821943244491065 -0.1768120012684785 -0.17089370444481122 -0.16472238298764968 -0.15838880730489613 -0.15235995455158646 -0.1455054269472838 -0.13878276242152676 -0.13097734840709013 -0.12190170937752393 -0.1103551400599575 -0.09710960260916113 -0.08308009519924875 -0.06865209055066446 -0.054355379812012494 -0.04068101504422078 -0.02637051134395324 -0.012236318784540401 0.0017122520629130888 0.01627507954284646 0.03307975486681142 0.09011000838440197 0.0793376196092925 0.11758436810350659 0.10996841770001045 0.15042340042344596 0.14280759851189975 0.17554687400786598 0.16913855126976612 0.19947600851935435 0.195009320352387 0.22345401434427664 0.21947981554488644 0.24347114232808126 0.24113638002355842 0.26402004017941344 0.26179581420685843 0.2807030338872327 0.2804631939810762 0.29644466177351303 0.2963510260077842 0.3095978725777256 0.3105237531934034 0.3229247441717812 0.3236026877318224 0.3350748888214379 0.33651121845474674 0.3471909489442571 0.3454155176413638 0.35304404857783905 0.35882992582848106 0.3685175077122988 0.3703050804061354 0.37661916727435973 0.37778561602818184 0.3831664648101683 0.38505721760350686 0.38985423840338285 0.3916684915218814 0.3956320255158412 0.39732650924081203 0.4010779926641659 0.4029574678952918 0.40605556332282766 0.407866021060977 0.4119295259560193 0.4135769069286235 0.41553901785743974 0.4166635371678299 0.42002511988192287 0.4216610820599178 0.42408815955136825 0.4260261352183542 0.4268989382508307 0.4271310047929324 0.4294565325367047 0.43109807072951345 0.4337035691385231 0.4351697927606252 0.437263616783289 0.43843823943734994 0.44000908397672406 0.44279772969072534 0.43236156496512135 0.42257271727890805 0.41379920181292046 0.4066917012702297 0.4007872044584913 0.39566113809580483 0.3912002347549665 0.3872227709733656 0.38047271593734605 0.3585733707347912 0.3372121570877635 0.325710618232781 0.3184571433318855 0.31337502460239675 0.307660893550166 0.30341278766636925 0.299849356987688 0.29896385729798464 0.2968859521879292 0.2945770471128256 0.29188959068067455 0.2907049542313835 0.2898235808682222 0.28792619278766624 0.2853104302673396 0.28259919744213224 0.28049391274538416 0.27863864068310173 0.2775764743924864 0.27791808616848174 0.27650408828183465 0.2769472005209819 0.2762645750630438 0.27625445176817187 
# Stellar luminosity-weighted [O/Fe]:
0 0.0 0.0 1.0342280849413221 1.138205106775282 0.9352633324357726 0.8029048340753848 0.7525215987199332 0.3099259562688714 -0.287040600298505 -0.6454555334434439 -0.8148314587130101 -0.8227974929590833 -0.7564330805172642 -0.6766822644583395 -0.6300093989720601 -0.6178250565922268 -0.6217056118789291 -0.6317066344096348 -0.6432130512757605 -0.6549523013377423 -0.666659461044976 -0.6776581513337638 -0.6878367157568724 -0.6979257834238897 -0.7074458268447337 -0.7163599680746578 -0.7247319576538472 -0.7330333536514348 -0.7411537584129841 -0.7486277763263314 -0.7561957988633126 -0.7630631972856593 -0.7692050762609006 -0.7755492956990653 -0.7816092401404444 -0.7876895599320363 -0.7936657449669965 -0.7992141381638915 -0.8314057324002653 -0.8181150196016882 -0.8361980160934754 -0.8266675554760656 -0.8464131966117683 -0.8385780426743552 -0.8533404596164141 -0.8458791465411382 -0.8587679156948735 -0.8533671983291012 -0.8651128688996172 -0.8603931886537068 -0.8703255897103741 -0.8666739980486284 -0.8755582676557796 -0.8726808570232358 -0.8803351563421289 -0.8788699905218331 -0.8857633865104309 -0.8848122943512449 -0.8904774417919378 -0.8900866566888677 -0.8953799484721792 -0.8950175755067373 -0.9000761025775126 -0.9002408802057988 -0.9048474695309414 -0.9053488946163086 -0.9093052878173795 -0.9100379599297073 -0.913901292867142 -0.9149060360783328 -0.9186518791335037 -0.9196065406144396 -0.9225428410707922 -0.9236650148239783 -0.9264158349679437 -0.9277863245566668 -0.9305625701686276 -0.9319859631373347 -0.9346281812469213 -0.9363321265538223 -0.9386075777756637 -0.9401634545405511 -0.9426338486962353 -0.943945254814079 -0.9458233125938954 -0.9473885497104191 -0.9499226621200094 -0.9513157073580416 -0.9532725578718728 -0.9550119273763611 -0.956311667862342 -0.9572384098447378 -0.9593383259174763 -0.9608339401032859 -0.9629332258907792 -0.9643348797572675 -0.9662773841267961 -0.9676843514337505 -0.9693028399035069 -0.9705406382925195 -0.9643153342036647 -0.9586727869879625 -0.9537928670701843 -0.9499269709150292 -0.9467678009430553 -0.9440603503019126 -0.9417420114004611 -0.9397266801381493 -0.9364666279637668 -0.9268409312894641 -0.9195320160680759 -0.9166855685597876 -0.9159376240958599 -0.9159637161370594 -0.9160166286527431 -0.9161912920767648 -0.9161133820462932 -0.9161946965038223 -0.915881685909705 -0.9157336625877952 -0.9146988361548258 -0.9149025825485764 -0.9144982927276523 -0.9145762730869846 -0.9135871348501894 -0.9140607669524381 -0.9139048572785247 -0.9135352873568525 -0.9136147291047467 -0.9147525065653392 -0.9145821971550104 -0.9152396087623949 -0.9159256826603186 -0.9159122318702917 
# Stellar luminosity-weighted [Ca/Fe]:
0 0.0 0.0 0.47844883761376666 0.5673366415621691 0.5389882599228818 0.5353190508381723 0.5416728881450245 0.24846749336926777 0.025757793208135427 -0.04305538232669748 -0.08218005093986958 -0.10177524265880034 -0.1052463959621095 -0.09959788910478196 -0.09485411329496118 -0.09430591591935578 -0.0960499076717709 -0.0981884373719768 -0.10042885842116145 -0.10265939824926895 -0.10473824946683163 -0.1065271461568742 -0.10812906340965323 -0.10972131202241964 -0.11116197939409278 -0.1124602374503596 -0.11371573282274827 -0.11481261847553981 -0.1158894269557289 -0.1168897191711733 -0.11788268953332848 -0.11872129774391094 -0.11956122782107514 -0.12036118108554694 -0.12111649080471931 -0.12184752048572323 -0.12252975782550513 -0.12317334812632641 -0.12708525339696353 -0.12561171626799195 -0.12786194394346118 -0.1266262040867443 -0.12861615335676557 -0.12762055302515218 -0.12928153663948105 -0.12848619606254386 -0.12986273002816873 -0.12921986475184188 -0.1304530390365144 -0.1299597688801093 -0.13102582694757414 -0.13064135714406988 -0.13157596637244007 -0.13127903204167346 -0.13205630366183385 -0.13188436898641465 -0.13255531130481701 -0.13243333484738007 -0.13301180929655132 -0.13296422931800267 -0.133497172721192 -0.1334736786676307 -0.13396811072811765 -0.13398700945546982 -0.13443699262355935 -0.1344711629559967 -0.1348393176622502 -0.13489580858496497 -0.1352495130784277 -0.13532659925607993 -0.13566528152090385 -0.1357489406246728 -0.13603837310967704 -0.13613961183894774 -0.1363860173855298 -0.13650728982570004 -0.1367617373457961 -0.1368769158970764 -0.137109718667199 -0.1372426308292214 -0.13745250048390756 -0.13757838968680947 -0.1378114408077531 -0.13793072914073012 -0.13809858621040916 -0.13822702997274927 -0.13843763630270378 -0.13854791364396712 -0.13870311163924232 -0.13887341280745313 -0.13898252307989334 -0.13905483403590257 -0.13923344212525657 -0.13935819351713286 -0.13953826079742337 -0.13965606364127536 -0.1398251245941733 -0.13992751499309342 -0.14005281295205552 -0.1401561571833969 -0.13960425376160024 -0.13909470100434995 -0.13864651880923584 -0.13828802891501701 -0.13799296223247381 -0.13773778100712963 -0.13751721188351662 -0.13732308504323187 -0.1370009397550438 -0.13601970056519774 -0.1351975906858187 -0.13483481024974342 -0.13467661037370227 -0.1346154691244894 -0.13455507909007824 -0.1345197340888975 -0.1344739132949071 -0.13447237167216297 -0.13441982115960194 -0.13437095146023315 -0.13426575187600198 -0.13425761329922548 -0.134222141135234 -0.13419391190571162 -0.1340975237498414 -0.13410071742071183 -0.13407422275796832 -0.13404235335359105 -0.13404499893003163 -0.13412538199448565 -0.13412447816174744 -0.1341637410764711 -0.1342302489854652 -0.13423499543145678 
# Stellar luminosity-weighted [Ne/Fe]:
0 -5.551115123125783e-17 -1.6653345369377348e-16 0.7007716002169573 0.7913020704023392 0.4830924026004161 0.22893099752322932 0.14498597684121972 -0.314092924675957 -0.9166642255154762 -1.2816062353290898 -1.4499298788661013 -1.4477819632927993 -1.3733800820247413 -1.2829990821718629 -1.2288377919376776 -1.2151179906659555 -1.217727461395858 -1.226955702300734 -1.2410966822924532 -1.2548641134596452 -1.268014553908593 -1.279475410146829 -1.2900922080614263 -1.3008121560646904 -1.3109926979156583 -1.3206180625528445 -1.3303238049453587 -1.3390956194021597 -1.3477780817280824 -1.356007555511387 -1.3652658820300017 -1.3719595603786627 -1.3785894588296719 -1.385864293435268 -1.3929999048157962 -1.4001773139806637 -1.4064891599889666 -1.4121570140057549 -1.4457993066015775 -1.4292760059980498 -1.4497824078873438 -1.4422257305876929 -1.4671905755065233 -1.4568709605849983 -1.4718575442740767 -1.4634723044770195 -1.4776140047355382 -1.4704667045381938 -1.4830905263888756 -1.4780040194699953 -1.48908987762424 -1.4849023035008961 -1.494426527042899 -1.4912253554908035 -1.4993098680094097 -1.49763459684972 -1.505290032992344 -1.5039691291871162 -1.5099729351601494 -1.5095133859841636 -1.5153214038122713 -1.5149478451917324 -1.5204199584951574 -1.5206519821716973 -1.5256099737098727 -1.5260294231850793 -1.530201905205195 -1.5310106008534334 -1.535167855420976 -1.536228377235061 -1.5403266991665578 -1.5414820172990988 -1.545029700300635 -1.5463890439404004 -1.5491181801314233 -1.5507672073237895 -1.5540144878155182 -1.5556753741799718 -1.558910445133143 -1.5608651297343135 -1.5634112179657218 -1.565102487552829 -1.5681664125155472 -1.5699044282844206 -1.5723528267633275 -1.5741891012240365 -1.5771466335130688 -1.578753906488371 -1.5808262386000045 -1.583341644576886 -1.585072842611523 -1.586261334309455 -1.588633536428914 -1.5904312514504577 -1.5931830144719914 -1.5949557285968448 -1.5971247302404699 -1.5985909914154528 -1.6007082997144466 -1.6022933958813492 -1.5951727761200594 -1.5887263761050843 -1.583164461594961 -1.5787608344454163 -1.5751721081625778 -1.5721110857903826 -1.569505650340273 -1.5672512103939789 -1.5636297364341454 -1.5530199885031613 -1.5452685278091745 -1.5424143772731924 -1.5419060928557415 -1.5421857844893476 -1.54250087576251 -1.542921702070292 -1.5430010127063114 -1.5431552524430616 -1.5428615771831222 -1.5428054473686705 -1.541711914522339 -1.5419945690327417 -1.5415467957391935 -1.5417526483082764 -1.540666029565116 -1.5413217238051249 -1.5411788868418557 -1.5407695347795383 -1.5408682528450512 -1.5422176777201242 -1.5420186893232213 -1.5427997834493696 -1.5435886221930637 -1.5435793300384473 
# Stellar luminosity-weighted [Si/Fe]:
0 1.0408340855860843e-16 1.0408340855860843e-16 0.6888048372596699 0.7851677950640078 0.6799511783425415 0.619328567848455 0.5861562710191889 0.24788796898867377 -0.04344751455218736 -0.1353735312970448 -0.17017908382214758 -0.17829178558392494 -0.17267971558933817 -0.16130123683248157 -0.15334130364826645 -0.15137772781516715 -0.15253664646351292 -0.15478883187335948 -0.15722161757485298 -0.15957128195773657 -0.16191134542238936 -0.16400429597402386 -0.1658545681557784 -0.16767354428990988 -0.16935333877504993 -0.17087488777575469 -0.17236993259564154 -0.17371897539192996 -0.17498620875849646 -0.17619895876346084 -0.17738957724875917 -0.17838121420174027 -0.17940525537756613 -0.18038428717642888 -0.18131000331156796 -0.18221468183424513 -0.18306109873563986 -0.1838567705072605 -0.18847412476098432 -0.18674713238798835 -0.18951480379629154 -0.1880930506483725 -0.19046392862725436 -0.18924528883207087 -0.19120514886767184 -0.1902799747018891 -0.19197475116172305 -0.19122336184852773 -0.1927285690721153 -0.1921510855105609 -0.19344235165480106 -0.19298942732141885 -0.1941191222526491 -0.19377485823246074 -0.19471003476128151 -0.19451875409692143 -0.1953393284992591 -0.19520987946852478 -0.1959314513022967 -0.1959171044451014 -0.1965728954076139 -0.19652719866998558 -0.19713454759008764 -0.1971552724954676 -0.19769111675961776 -0.19774267125352699 -0.19819661418665968 -0.19829315104411294 -0.1987338129952137 -0.19883963017530265 -0.1992650100337555 -0.19937720681842425 -0.1997218104841389 -0.19985753328144254 -0.20017332033446802 -0.2003275941777979 -0.20063071872648053 -0.20077352140567578 -0.2010784847729146 -0.20128991572472463 -0.20151218515168576 -0.20163870090239916 -0.20191723036983245 -0.20207341747209098 -0.20229095409216724 -0.20246013436123708 -0.20272764462686385 -0.20286674023775023 -0.20306167905549366 -0.20326913346426134 -0.20341182407322098 -0.20350076534888992 -0.203718758022793 -0.20386855626999154 -0.2040952778623204 -0.20425140690161211 -0.20445976413592007 -0.20460087549805556 -0.20476303765402537 -0.20488846419574885 -0.20423043323518733 -0.20362574161327823 -0.20309629771770374 -0.20267322015063446 -0.20232488407210852 -0.2020241478191784 -0.20176485750163595 -0.20153782670355466 -0.2011658971014996 -0.20004620759782196 -0.1991531101700016 -0.19878434196883804 -0.19865965307061995 -0.1986342934418223 -0.1986110573480102 -0.198607752399228 -0.1985814221469716 -0.1985862434773348 -0.19854059190231757 -0.1985087376802284 -0.19838545286213535 -0.1983978535740582 -0.19835204126797168 -0.198345940717533 -0.19822994547769318 -0.19826693843217585 -0.1982436679709586 -0.19820161620129784 -0.19820859948129885 -0.19832876803539945 -0.1983143058600566 -0.19838119367182147 -0.19846003230222883 -0.1984606057954279 
# Stellar luminosity-weighted [S/Fe]:
0 5.551115123125783e-17 0.0 0.5967817136028815 0.6937477862612356 0.6699962997866531 0.6584248193184331 0.645889509932634 0.30580220631059796 0.003409740335402034 -0.10063448634687588 -0.14874070822371876 -0.1658814916119774 -0.16373187800167655 -0.15240055998354407 -0.1438199303668929 -0.14212319525383477 -0.14389857321774102 -0.1468217567936695 -0.149878143339633 -0.15282809918849638 -0.15564205100466166 -0.15816652347179616 -0.1604321995793827 -0.16263200050756577 -0.16463162255748598 -0.16647253951094454 -0.16828221167047708 -0.16987611105012212 -0.17141014722537162 -0.17285192893893175 -0.17429108371904345 -0.17551892127028013 -0.1766959337931966 -0.17786282295489741 -0.17895271848289784 -0.18003534945317046 -0.18104106833238187 -0.1819817028969405 -0.1875601655542588 -0.18547638175238745 -0.18882146183941795 -0.18708812209536818 -0.18989031874246964 -0.18842678132588997 -0.1908021448318794 -0.1896683412059773 -0.19174235028480147 -0.19082811419094503 -0.1926334714682788 -0.19191635786812522 -0.1934731785028696 -0.1929203277542374 -0.19429366624951427 -0.1938679696793164 -0.19499472462151402 -0.19475259633264974 -0.19574566806621385 -0.19558606811521628 -0.19643113323075578 -0.19639209435283012 -0.19721460126110957 -0.19714847067448893 -0.1979002189047262 -0.19790290136195487 -0.19853341264956992 -0.19858623106932416 -0.19913282976782254 -0.1992139183382271 -0.19975724722356292 -0.19988863945940627 -0.2004031310532821 -0.2005361770103372 -0.20095109805362776 -0.20109702760029569 -0.20145898572003362 -0.2016367262549914 -0.2020032810000073 -0.20218303897099532 -0.20254154481594078 -0.20274426048041094 -0.2030532509299534 -0.20324271936716054 -0.20358435236547268 -0.20376311531320634 -0.20401327229716026 -0.20421015197608716 -0.2045293125026414 -0.204696315016199 -0.2049262932279463 -0.20517416428729018 -0.20533971880821478 -0.20545717507465133 -0.20571728355387042 -0.20590059685606876 -0.20616894378973138 -0.20634353679808226 -0.2065872902742707 -0.20674740673024394 -0.2069542947681332 -0.20710143637761724 -0.2062957494972094 -0.20555471727152197 -0.20490582079728792 -0.20438750307184161 -0.20396094365494255 -0.20359235255510855 -0.20327405078443517 -0.2029947164149951 -0.20253450675962592 -0.20114310103890853 -0.20000835927199467 -0.19952535121142223 -0.19933929673513473 -0.19928346112895257 -0.1992303296778507 -0.19920567001088318 -0.19915855238486124 -0.1991603521280716 -0.19909651044316934 -0.19904373126994213 -0.1988915348333089 -0.198895966156727 -0.1988419639347755 -0.19881976478023422 -0.19867914045659474 -0.1987080833829694 -0.19867643649409295 -0.19862807872841215 -0.19863557909552665 -0.1987696542013535 -0.1987597590086002 -0.19883101730796304 -0.19892858928704482 -0.19893144918922323 
# Stellar luminosity-weighted [C/H]:
0 -5.0641512234773085 -6.702752854394662 -5.724755901419476 -3.6134949467231827 -2.7043027699125473 -2.1870998411546854 -1.9169010828369277 -1.7853108289934365 -1.7947017540793198 -1.9329613509601975 -2.1179651104691777 -2.2763039686347755 -2.382921720528138 -2.449784226001259 -2.48770232957766 -2.5035510579486697 -2.5090552013492653 -2.509463663199612 -2.5072709935414172 -2.503271629589795 -2.4980346351078655 -2.492175216059967 -2.4861847587439927 -2.4789209332291504 -2.47156130277898 -2.4629683063098646 -2.4523277420021827 -2.439965703922936 -2.4256209622623857 -2.4101485730631333 -2.3941133942912405 -2.378634104271552 -2.3631950703867064 -2.347100415387227 -2.331397016733103 -2.315930360612173 -2.299792761720357 -2.281180936849557 -2.2142264914973797 -2.2274735652224606 -2.181232517954686 -2.1923679928211826 -2.148643051108013 -2.1596479549994614 -2.1221095206646154 -2.129645482161574 -2.0947279950663473 -2.10088571153514 -2.0685892613184906 -2.0733070355290266 -2.0453999888668983 -2.0482829894180385 -2.021932141858928 -2.024419839250953 -2.002793732913382 -2.0032063307293813 -1.9847474937898602 -1.9847638609602711 -1.969018156107909 -1.9674764725972942 -1.9524926561694116 -1.9515037122483054 -1.9378558441661822 -1.9358709003549244 -1.9231491695473704 -1.9244213290243195 -1.9150489799461168 -1.908655190360757 -1.8972434639619271 -1.894808584297536 -1.8867672954636987 -1.8848077188786645 -1.8776920340510257 -1.8749872471504574 -1.8688282951424515 -1.8661392710782518 -1.8606289691829705 -1.8580538090685748 -1.853034176577701 -1.8504425216833118 -1.845876038597046 -1.8431433563098771 -1.8375139338243356 -1.8348852802956923 -1.8318167829715968 -1.8297703745911518 -1.8250171023472683 -1.8224326195846636 -1.8191602236051398 -1.8159747016168692 -1.8142775479119964 -1.8133468524025824 -1.809652729230801 -1.806956831547227 -1.8030684052136303 -1.8007059320294712 -1.7976856945302284 -1.7958395472781543 -1.7932642494898285 -1.7895796038771135 -1.8024316645427385 -1.8144719711180768 -1.8252030485686124 -1.8338329010027783 -1.8408676592593487 -1.8468233482013758 -1.851880221933702 -1.8563238790280128 -1.8639856227151217 -1.8878307054245598 -1.9084010098982152 -1.9180725463525397 -1.9231114897972637 -1.9266145999435667 -1.9303404464262846 -1.932784704622951 -1.935120519914995 -1.9353889765128676 -1.9372537315531515 -1.9387786677655487 -1.9409638915396537 -1.9419251759973468 -1.9428276697769036 -1.9438517400114481 -1.9465663824787072 -1.9487010392159627 -1.9511193231829136 -1.9535263717721216 -1.9548797087013199 -1.9538229667323561 -1.9557795974879744 -1.9548311523873778 -1.9556698641472279 -1.955615577912737 
# Stellar luminosity-weighted [N/H]:
0 -5.06415122347731 -6.702752854394662 -6.6132639581318475 -4.540948298678517 -3.0760815067012093 -2.3012060788273514 -1.858863197478163 -1.5631967402382658 -1.419314787658835 -1.446047695829649 -1.5952455818000146 -1.7811214676754412 -1.9355740212590176 -2.047359484820669 -2.1087663419499263 -2.1318917225457987 -2.13494766666704 -2.127209331853864 -2.1139692189835992 -2.0988173959727963 -2.0843350149511046 -2.0725296374267126 -2.063540825217598 -2.0562141781977754 -2.0497479479624623 -2.0452281723622567 -2.044049710905651 -2.0470718098667433 -2.049415575706263 -2.0541289630029365 -2.061592486541092 -2.0679882285830535 -2.075295038677938 -2.0839742976327207 -2.092812122213176 -2.1003715487615136 -2.1065543012838495 -2.111308544640454 -2.1146096565580113 -2.1172605587423474 -2.118748372924137 -2.1200239457486028 -2.119970286835488 -2.1205924360033945 -2.1215865987199294 -2.1220895179154233 -2.1221323594384796 -2.121734570102654 -2.1209912308029626 -2.12017246671528 -2.1200179630349902 -2.119575582779345 -2.118459953128772 -2.118090903432827 -2.117740823046387 -2.116940648480811 -2.115836701742599 -2.1149038153566533 -2.113138139443067 -2.112253771796645 -2.1113341012977216 -2.1102921472802043 -2.1092222061579244 -2.108333517190439 -2.107646326761018 -2.1069824942943924 -2.105862002812801 -2.1045283436864057 -2.103498522622769 -2.102369564611177 -2.1015362775521087 -2.100338842103884 -2.099037231966464 -2.0980888440188634 -2.0973507511617218 -2.096212941006293 -2.095185468529131 -2.094232711323121 -2.092845196862948 -2.0918172137297866 -2.090697807123772 -2.089582350503883 -2.088609065447007 -2.0877275197555765 -2.0870662833146634 -2.085957882111014 -2.084626281221582 -2.083366131265567 -2.082737384275225 -2.0821087386037185 -2.0813699559651067 -2.0805004684471813 -2.079121818243391 -2.0775846666527276 -2.0768942771404992 -2.076013088632431 -2.075410252035244 -2.073212964320321 -2.072417611042585 -2.070478678368648 -2.069890841938326 -2.0694301831891018 -2.0690476021117252 -2.068621949585175 -2.0681138764159916 -2.067505988844677 -2.066812491255101 -2.0660743402522774 -2.0647481498437603 -2.0586078540728625 -2.047761117746326 -2.0393960214229336 -2.031705169691932 -2.0256797923991936 -2.018773024593618 -2.013184670903793 -2.009093254326131 -2.0076283565630098 -2.0061433730606097 -2.00367778922561 -2.002319906178055 -2.000837175235236 -2.000699067789472 -1.9981568405337518 -1.9975062315808065 -1.994232470631812 -1.993158186704239 -1.9927987463062227 -1.992175254482352 -1.9902892309860727 -1.9900429622578555 -1.9890080340906247 -1.9878419425130147 -1.9877945610739003 
# Stellar luminosity-weighted [O/H]:
0 -5.06415122347731 -6.702752854394662 -5.3835202189279805 -3.260256667888485 -2.382158384832233 -1.894820930305908 -1.641137484031204 -1.5273940493851015 -1.5539262347380518 -1.732514615634182 -1.9604111195862153 -2.1275805934264547 -2.2201621545523285 -2.270316546849058 -2.298564078378744 -2.313720536008524 -2.322179744092171 -2.327269338750506 -2.3304589922729386 -2.332377925144983 -2.3333122521202165 -2.3337864087550706 -2.333824804192406 -2.3334155062818667 -2.332778540357454 -2.331990957902774 -2.3304260326246586 -2.3296105638629783 -2.3285113596532243 -2.327068477863884 -2.3254613037405765 -2.324278724459539 -2.322514055342486 -2.320729904043274 -2.319160697948563 -2.317642612675086 -2.3160678412632034 -2.3142606917163677 -2.3043364998817815 -2.306811184831753 -2.2988168860581926 -2.3023364105211934 -2.2990664515314583 -2.3024555535113613 -2.297656394672482 -2.29878403343134 -2.294204003585702 -2.295895031887527 -2.292043275662767 -2.292786851073913 -2.2888711311949788 -2.289419369441597 -2.2859521820383417 -2.286215653457811 -2.2834967668006145 -2.283669524710458 -2.2811921555633736 -2.281114886968056 -2.278616028685634 -2.2780002257906977 -2.275417400341193 -2.275106399980128 -2.2729307329876196 -2.272382118809672 -2.270340118491628 -2.269836846665683 -2.268093028523955 -2.2674851161892375 -2.2657609716742266 -2.265113664703671 -2.263386462738058 -2.262593334906845 -2.260858498861194 -2.260044464753964 -2.2586825335458345 -2.257807762600133 -2.2562609946988124 -2.2553803183093866 -2.254112169241867 -2.253399989578603 -2.251931601919874 -2.2510093773708553 -2.2494434597803554 -2.248462187224316 -2.2473558008290366 -2.246433911758981 -2.2450422222291913 -2.2440937016445828 -2.2432483831565078 -2.2420008368352233 -2.2411764861628276 -2.240477857195515 -2.2391092617675055 -2.2380549022767413 -2.236771974352153 -2.2358757247900964 -2.2349493113135175 -2.234277786715505 -2.2332733334665527 -2.2323773335678387 -2.2347932295078596 -2.237044688396985 -2.2390022503815326 -2.240524602273008 -2.241654863717841 -2.2424844862971813 -2.243080456688668 -2.2435466500013783 -2.2444583386524686 -2.246404076159352 -2.2456131669859793 -2.24378316458532 -2.2415686331291482 -2.239989624545963 -2.238001339976451 -2.2361974922893193 -2.2349698769026833 -2.234352833810852 -2.2341396837410805 -2.2333557148783747 -2.232853482220328 -2.2326301302287312 -2.2326512506451266 -2.2317779327991145 -2.231876812746046 -2.231300236658095 -2.2316132359282976 -2.2321650124552237 -2.232456183093806 -2.231741052900838 -2.232283685769808 -2.2317783529083597 -2.2319344392102707 -2.231870029680909 
# Stellar luminosity-weighted [Mg/H]:
0 -5.06415122347731 -6.702752854394662 -6.057591809848889 -3.9763315802100294 -3.148035062463199 -2.7065600951083475 -2.4515981916849823 -2.302612512361132 -2.2216465348897394 -2.285023414108374 -2.459295473236428 -2.644867901634176 -2.780539064309237 -2.867261690881448 -2.913592741980537 -2.9346841721839247 -2.9432004099854474 -2.9456301175062043 -2.9450840681217 -2.9428186386902544 -2.9394047778114167 -2.9358394565781634 -2.932127114413709 -2.928097850397757 -2.9240099806777735 -2.919750603592491 -2.9152794348442015 -2.9110787828750198 -2.9064833513273527 -2.9018786980752242 -2.8970985962126825 -2.8927858563106303 -2.88871235331382 -2.8844793532168254 -2.8790981584383486 -2.874053282639797 -2.868853772819719 -2.8624966105087655 -2.8332064461443958 -2.841611835619986 -2.820274436057936 -2.830115703983597 -2.8141093236664565 -2.8199158273860743 -2.8029697977357104 -2.807228148067253 -2.7919070114353897 -2.7954521546373954 -2.7809034416779914 -2.783801401547139 -2.7706797747776886 -2.772882064035855 -2.761390201281089 -2.763330885558961 -2.7544469985057445 -2.755712481445701 -2.748274389889536 -2.7493036260047576 -2.743451396847643 -2.7438376273811267 -2.7385896335971003 -2.7390330769106344 -2.734093163025692 -2.734278157255151 -2.730198328835197 -2.7299417046647783 -2.7257848204674273 -2.7258538776101755 -2.722234203340026 -2.7212556504349648 -2.717801490143084 -2.7173799463743036 -2.714317234802335 -2.7139036951561453 -2.711730870517279 -2.710976857792361 -2.70902713697878 -2.708241406992615 -2.706703163496033 -2.7042789869007073 -2.7018012299244374 -2.700534936957877 -2.6979823642120646 -2.6967387560684077 -2.6957771498138854 -2.694423153461023 -2.6920222236691744 -2.6907162021593916 -2.689546511965097 -2.688103655313914 -2.6872853974201822 -2.6867360974947765 -2.6849801765324983 -2.683698231172423 -2.6820727576469903 -2.6809562618498717 -2.680073944051294 -2.6788900836081133 -2.6772785996801094 -2.676181256541933 -2.681582388354646 -2.6865138465448704 -2.6907727453273447 -2.6941417115568322 -2.6968030979271704 -2.698965900981147 -2.7007168301255122 -2.7021981660216046 -2.704768823067673 -2.7118386572394346 -2.7153641424864556 -2.715483326212901 -2.7140523786020125 -2.7127975507137165 -2.7111905219231147 -2.7096372568699927 -2.70873067500062 -2.708147252747457 -2.708232803523174 -2.7076782614393897 -2.7078717424850094 -2.7076346000676637 -2.7079203448860945 -2.7071441191177765 -2.7079102201693965 -2.707332366832919 -2.707885319547178 -2.708779355497845 -2.709156404478575 -2.7078598977018498 -2.7086331678595252 -2.707774729831254 -2.7077146878611327 -2.707656858918514 
# Stellar luminosity-weighted [Fe/H]:
0 -5.06415122347731 -6.702752854394662 -6.417748303869301 -4.398461774663765 -3.3174217172680054 -2.6977257643812926 -2.393659082751137 -1.8373200056539725 -1.2668856344395474 -1.0870590821907387 -1.1455796608732056 -1.304783100467371 -1.4637290740350641 -1.5936342823907186 -1.6685546794066841 -1.695895479416298 -1.700474132213242 -1.6955627043408708 -1.6872459409971778 -1.677425623807241 -1.66665279107524 -1.6561282574213072 -1.6459880884355336 -1.6354897228579768 -1.6253327135127202 -1.6156309898281167 -1.6056940749708115 -1.5965772102115432 -1.5873576012402406 -1.578440701537553 -1.5692655048772641 -1.5612155271738803 -1.553308979081585 -1.5451806083442081 -1.5375514578081182 -1.529953052743049 -1.522402096296207 -1.5150465535524766 -1.4729307674815164 -1.4886961652300643 -1.4626188699647162 -1.475668855045127 -1.4526532549196904 -1.4638775108370057 -1.4443159350560677 -1.4529048868902024 -1.435436087890829 -1.442527833558426 -1.4269304067631499 -1.432393662420206 -1.4185455414846047 -1.4227453713929687 -1.4103939143825626 -1.4135347964345755 -1.4031616104584854 -1.4047995341886246 -1.395428769052943 -1.3963025926168111 -1.3881385868936968 -1.3879135691018307 -1.380037451869013 -1.3800888244733907 -1.3728546304101075 -1.3721412386038727 -1.3654926489606858 -1.364487952049375 -1.3587877407065756 -1.3574471562595312 -1.3518596788070836 -1.3502076286253386 -1.3447345836045548 -1.3429867942924059 -1.3383156577904023 -1.3363794499299857 -1.3322666985778913 -1.3300214380434667 -1.3256984245301844 -1.3233943551720522 -1.3194839879949454 -1.3170678630247812 -1.31332402414421 -1.3108459228303033 -1.3068096110841196 -1.3045169324102366 -1.3015324882351411 -1.2990453620485622 -1.2951195601091818 -1.2927779942865403 -1.2899758252846354 -1.286988909458862 -1.2848648183004858 -1.2832394473507769 -1.2797709358500295 -1.2772209621734554 -1.2738387484613742 -1.2715408450328294 -1.2686719271867215 -1.266593435281754 -1.263970493563046 -1.2618366952753188 -1.2704778953041949 -1.278371901409022 -1.285209383311348 -1.2905976313579792 -1.2948870627747855 -1.2984241359952682 -1.3013384452882066 -1.3038199698632296 -1.3079917106887011 -1.3195631448698881 -1.3260811509179034 -1.3270975960255331 -1.3256310090332892 -1.3240259084089043 -1.321984711323708 -1.3200062002125552 -1.31885649485639 -1.3181581373070301 -1.3182579978313766 -1.31762205229058 -1.3181546460655023 -1.3177275476801542 -1.3181529579174738 -1.31720165971213 -1.3182896778958568 -1.3172394697056564 -1.3177083786497725 -1.3186297250983712 -1.3188414539890596 -1.3169885463354989 -1.317701488614798 -1.3165387441459648 -1.3160087565499525 -1.3159577978106176 
# Stellar luminosity-weighted [Ca/H]:
0 -5.06415122347731 -6.702752854394662 -5.939299466255536 -3.8311251331015974 -2.778433457345125 -2.1624067135431204 -1.8519861946061127 -1.5888525122847046 -1.2411278412314113 -1.130114464517436 -1.227759711813075 -1.4065583431261715 -1.5689754699971736 -1.6932321714955005 -1.7634087927016466 -1.7902013953356528 -1.7965240398850133 -1.793751141712848 -1.7876747994183395 -1.78008502205651 -1.7713910405420714 -1.762655403578182 -1.754117151845187 -1.7452110348803966 -1.7364946929068132 -1.728091227278476 -1.719409807793559 -1.711389828687084 -1.7032470281959702 -1.6953304207087259 -1.687148194410593 -1.6799368249177906 -1.67287020690266 -1.6655417894297564 -1.6586679486128375 -1.6518005732287726 -1.6449318541217126 -1.6382199016788022 -1.6000160208784795 -1.614307881498056 -1.5904808139081785 -1.6022950591318725 -1.581269408276457 -1.5914980638621588 -1.5735974716955479 -1.581391082952745 -1.5652988179189977 -1.5717476983102667 -1.5573834457996636 -1.5623534313003153 -1.5495713684321792 -1.5533867285370384 -1.5419698807550013 -1.5448138284762498 -1.5352179141203202 -1.5366839031750406 -1.5279840803577605 -1.528735927464191 -1.5211503961902482 -1.520877798419832 -1.5135346245902053 -1.5135625031410216 -1.506822741138226 -1.5061282480593423 -1.499929641584246 -1.4989591150053716 -1.4936270583688263 -1.4923429648444966 -1.4871091918855122 -1.485534227881418 -1.4803998651254595 -1.4787357349170787 -1.4743540309000789 -1.4725190617689332 -1.4686527159634197 -1.466528727869166 -1.4624601618759803 -1.4602712710691295 -1.4565937066621446 -1.4543104938540026 -1.4507765246281181 -1.4484243125171128 -1.4446210518918736 -1.4424476615509665 -1.4396310744455496 -1.4372723920213124 -1.4335571964118863 -1.4313259079305078 -1.4286789369238768 -1.4258623222663163 -1.4238473413803785 -1.4222942813866801 -1.419004377975286 -1.416579155690589 -1.4133770092587978 -1.4111969086741052 -1.4084970517808948 -1.4065209502748468 -1.4040233065151009 -1.4019928524587169 -1.4100821490657944 -1.4174666024133717 -1.423855902120584 -1.4288856602729965 -1.4328800250072593 -1.4361619170023978 -1.4388556571717235 -1.4411430549064619 -1.4449926504437451 -1.455582845435086 -1.4612787416037216 -1.4619324062752757 -1.4603076194069908 -1.458641377533394 -1.4565397904137862 -1.4545259343014525 -1.4533304081512979 -1.452630508979193 -1.4526778189909786 -1.4519930037508137 -1.4524203979415038 -1.4519851609793797 -1.4523750990527082 -1.4513955716178408 -1.4523872016456982 -1.4513401871263687 -1.451782601407741 -1.452672078451962 -1.452886452919092 -1.4511139283299839 -1.4518259667765454 -1.4507024852224353 -1.4502390055354182 -1.4501927932420742 
# Stellar luminosity-weighted [Ne/H]:
0 -5.06415122347731 -6.702752854394662 -5.716976703652346 -3.607159704261427 -2.83432931466759 -2.468794766858064 -2.2486731059099183 -2.151412930329929 -2.183549859955023 -2.3686653175198282 -2.5955095397393073 -2.752565063760171 -2.837109156059806 -2.876633364562581 -2.8973924713443626 -2.9110134700822536 -2.9182015936091004 -2.922518406641605 -2.9283426232896312 -2.9322897372668857 -2.9346673449838327 -2.9356036675681363 -2.93608029649696 -2.9363018789226665 -2.9363254114283786 -2.936249052380961 -2.9360178799161707 -2.9356728296137033 -2.9351356829683235 -2.93444825704894 -2.934531386907265 -2.9331750875525433 -2.931898437911257 -2.931044901779476 -2.9305513626239144 -2.930130366723713 -2.9288912562851737 -2.927203567558232 -2.9187300740830935 -2.917972171228114 -2.9124012778520614 -2.91789458563282 -2.9198438304262133 -2.9207484714220042 -2.916173479330145 -2.9163771913672214 -2.913050092626367 -2.912994538096619 -2.9100209331520253 -2.9103976818902018 -2.9076354191088445 -2.907647674893864 -2.9048204414254606 -2.9047601519253794 -2.902471478467895 -2.902434131038346 -2.9007188020452865 -2.900271721803927 -2.8981115220538456 -2.8974269550859937 -2.895358855681285 -2.8950366696651226 -2.893274588905265 -2.8927932207755696 -2.8911026226705587 -2.8905173752344533 -2.8889896459117708 -2.888457757112964 -2.88702753422806 -2.8864360058604 -2.8850612827711126 -2.884468811591505 -2.883345358091037 -2.882768493870386 -2.881384878709314 -2.8807886453672555 -2.8797129123457035 -2.8790697293520244 -2.878394433128089 -2.877932992759095 -2.876735242109932 -2.875948410383133 -2.8749760235996673 -2.874421360694657 -2.8738853149984687 -2.873234463272599 -2.8722661936222504 -2.8715319007749116 -2.870802063884639 -2.870330554035748 -2.869937660912009 -2.869500781660232 -2.868404472278944 -2.867652213623913 -2.8670217629333656 -2.866496573629674 -2.8657966574271914 -2.8651844266972066 -2.864678793277493 -2.8641300911566683 -2.8656506714242536 -2.8670982775141063 -2.8683738449063094 -2.869358465803395 -2.8700591709373624 -2.8705352217856506 -2.87084409562848 -2.871071180257208 -2.8716214471228465 -2.872583133373049 -2.8713496787270767 -2.8695119732987253 -2.867537101889029 -2.8662116928982524 -2.864485587086218 -2.8629279022828467 -2.8618575075627017 -2.8613133897500918 -2.8611195750144987 -2.8604274996592505 -2.8598665605878413 -2.859722116712896 -2.8596997536566677 -2.8589543080204063 -2.8589557074609733 -2.8585611935107824 -2.858887265491629 -2.859399259877909 -2.85970970683411 -2.8592062240556233 -2.8597201779380192 -2.859338527595334 -2.8595973787430164 -2.859537127849064 
# Stellar luminosity-weighted [Si/H]:
0 -5.06415122347731 -6.702752854394662 -5.728943466609632 -3.61329397959976 -2.6374705389254647 -2.078397196532838 -1.8075028117319487 -1.5894320366652988 -1.3103331489917345 -1.2224326134877836 -1.3157587446953531 -1.4830748860512966 -1.6364087896244026 -1.7549355192232001 -1.8218959830549508 -1.8472732072314644 -1.8530107786767545 -1.8503515362142302 -1.8444675585720312 -1.8369969057649778 -1.8285641364976293 -1.8201325533953314 -1.8118426565913115 -1.8031632671478874 -1.7946860522877701 -1.7865058776038714 -1.7780640075664529 -1.7702961856034731 -1.762343809998737 -1.754639660301014 -1.746655082126023 -1.7395967413756201 -1.7327142344591513 -1.7255648955206375 -1.7188614611196869 -1.712167734577294 -1.7054631950318475 -1.6989033240597369 -1.6614048922425004 -1.6754432976180524 -1.6521336737610088 -1.6637619056935007 -1.643117183546945 -1.6531227996690765 -1.6355210839237397 -1.6431848615920908 -1.6274108390525512 -1.633751195406954 -1.6196589758352653 -1.6245447479307673 -1.611987893139406 -1.6157347987143877 -1.6045130366352112 -1.607309654667036 -1.597871645219767 -1.599318288285546 -1.5907680975522016 -1.591512472085335 -1.5840700381959927 -1.583830673546931 -1.5766103472766275 -1.5766160231433757 -1.5699891780001947 -1.5692965110993402 -1.5631837657203045 -1.5622306233029013 -1.5569843548932356 -1.555740307303644 -1.5505934918022977 -1.5490472588006412 -1.5439995936383104 -1.5423640011108306 -1.538037468274541 -1.5362369832114284 -1.5324400189123581 -1.530349032221264 -1.5263291432566648 -1.524167876577728 -1.5205624727678604 -1.5183577787495057 -1.514836209295896 -1.5124846237327025 -1.508726841453952 -1.5065903498823277 -1.5038234423273087 -1.5015054964097994 -1.497847204736046 -1.4956447345242916 -1.493037504340129 -1.4902580429231245 -1.488276642373707 -1.486740212699667 -1.483489693872822 -1.4810895184434463 -1.4779340263236946 -1.4757922519344415 -1.4731316913226413 -1.4711943107798096 -1.4687335312170715 -1.4667251594710677 -1.474708328539382 -1.481997643022301 -1.4883056810290523 -1.4932708515086137 -1.4972119468468934 -1.500448283814447 -1.5031033027898424 -1.5053577965667841 -1.5091576077902014 -1.5196093524677092 -1.5252342610879044 -1.525881937994371 -1.5242906621039092 -1.5226602018507265 -1.5205957686717184 -1.5186139526117826 -1.5174379170033614 -1.516744380784365 -1.5167985897336935 -1.5161307899708083 -1.5165400989276376 -1.5161254012542127 -1.5165049991854458 -1.515547600429663 -1.5165196233735498 -1.5155064081378322 -1.5159520466207317 -1.5168313412996692 -1.5170500534703582 -1.5153173143708987 -1.5160157944748542 -1.514919937817786 -1.5144687888521817 -1.5144184036060455 
# Stellar luminosity-weighted [S/H]:
0 -5.064151223477309 -6.702752854394661 -5.820966590266422 -3.704713988402532 -2.6474254174813527 -2.0393009450628607 -1.7477695728185036 -1.5315177993433746 -1.2634758941041442 -1.1876935685376147 -1.2943203690969245 -1.4706645920793484 -1.6274609520367402 -1.7460348423742618 -1.8123746097735776 -1.8380186746701321 -1.8443727054309829 -1.8423844611345404 -1.8371240843368115 -1.8302537229957379 -1.8222948420799012 -1.8142947808931025 -1.806420288014916 -1.7981217233655427 -1.7899643360702058 -1.7821035293390608 -1.7739762866412887 -1.7664533212616655 -1.758767748465612 -1.7512926304764846 -1.7435565885963076 -1.7367344484441603 -1.7300049128747812 -1.7230434312991054 -1.716504176291016 -1.7099884021962204 -1.703443164628589 -1.6970282564494177 -1.660490933035775 -1.6741725469824518 -1.6514403318041353 -1.6627569771404955 -1.6425435736621603 -1.6523042921628956 -1.6351180798879472 -1.642573228096179 -1.6271784381756298 -1.6333559477493704 -1.6195638782314283 -1.6243100202883314 -1.612018719987475 -1.6156656991472058 -1.604687580632076 -1.6074027661138919 -1.5981563350799997 -1.5995521305212748 -1.5911744371191565 -1.5918886607320273 -1.5845697201244526 -1.5843056634546606 -1.577252053130123 -1.5772372951478788 -1.5707548493148336 -1.5700441399658276 -1.5640260616102566 -1.5630741831186992 -1.5579205704743986 -1.5566610745977583 -1.5516169260306478 -1.5500962680847445 -1.5451377146578373 -1.5435229713027434 -1.5392667558440296 -1.537476477530281 -1.5337256842979246 -1.5316581642984577 -1.527701705530192 -1.5255773941430482 -1.5220255328108863 -1.5198121235051918 -1.5163772750741638 -1.5140886421974642 -1.5103939634495926 -1.508280047723443 -1.5055457605323008 -1.5032555140246497 -1.4996488726118233 -1.4974743093027394 -1.4949021185125808 -1.4921630737461529 -1.490204537108701 -1.4886966224254286 -1.4854882194038996 -1.4831215590295237 -1.4800076922511058 -1.4778843818309113 -1.4752592174609918 -1.4733408420119982 -1.4709247883311791 -1.4689381316529362 -1.4767736448014048 -1.4839266186805444 -1.490115204108636 -1.4949851344298208 -1.4988480064297285 -1.5020164885503773 -1.5046124960726424 -1.5068146862782248 -1.5105262174483274 -1.520706245908796 -1.5260895101898972 -1.5266229472369552 -1.5249703057684236 -1.5233093695378566 -1.5212150410015592 -1.5192118702234385 -1.518015047241251 -1.5173184894351017 -1.517354508274546 -1.516665783560522 -1.5170461808988112 -1.5166235138368815 -1.51699492185225 -1.5160214244923642 -1.516968818352452 -1.5159475530886262 -1.5163848151438657 -1.5172578038267837 -1.5174770330845861 -1.5157582005368528 -1.5164612476233978 -1.515369761453928 -1.514937345836997 -1.5148892469998403 
# X_list:
0.750354569367182 0.750008093984594 0.7500039823244876 0.7499949461410439 0.7499457829240741 0.7498187433483645 0.7496096808168238 0.7492526824885765 0.7485160687087129 0.7468633096468954 0.743016274332951 0.7341797899713576 0.7162032861791843 0.6884387968602399 0.6616278482796483 0.646836745240553 0.6424910521603281 0.642932339588415 0.6437274243617797 0.6472623852847198 0.6483209161762424 0.6528041036081537 0.655936717086412 0.660047629793934 0.6637966404131349 0.666363795006672 0.6678772646369086 0.6702367024717121 0.6724242510670262 0.6740247088823965 0.6769096096849677 0.6738020657198762 0.6738384233974001 0.6748244207837948 0.6753692106360488 0.6734532003795675 0.6705477222845082 0.6668763086042163 0.6617371161897159 0.6595505416559703 0.6544395446914121 0.6521291631229349 0.6485357055704501 0.6442977272208303 0.6403533080737622 0.6361992428023878 0.6350304250242257 0.6300697980687054 0.628210082085221 0.6277970485233727 0.6234529325459878 0.620450623207754 0.6182287990608797 0.6155865154972262 0.6154043957758525 0.6101731325103597 0.612944249452562 0.6091933877370829 0.5954233500221768 0.6151881047248418 0.602157043883659 0.6060346179963293 0.6068243318974614 0.6004669368094311 0.6016411043363262 0.5931247298782242 0.590262765104508 0.5930326565315533 0.5971991871802282 0.5967969188293606 0.5997062006794674 0.5971116483955164 0.6008098846128342 0.5999083162142297 0.6053212002353813 0.5947759852426184 0.595618070382192 0.6028114290387635 0.6087328928803041 0.6049226796104273 0.6082741138992578 0.6068159160605308 0.6120939787255313 0.6081421501132552 0.6101804031036975 0.6127439094445275 0.6099756577981335 0.6143343370663986 0.6079475932090971 0.642748025438507 0.5934037372660299 0.6049409341831171 0.6097353388955098 0.6104876487758931 0.6101454304189002 0.6100665005979536 0.6130629591336442 0.6211022869494035 0.6202892304442684 0.6183778948237669 0.6204412898691262 0.6189798236165313 0.6188055763609521 0.6303866934621771 0.6207585900190303 0.620747509345288 0.62139609898888 0.6217461857819754 0.6224347308286541 0.6222815802673611 0.62509358922133 0.6288261491868138 0.6331445300806392 0.6380283548008447 0.6417598202258428 0.6456053200312756 0.6489187401682917 0.651069813526141 0.6516373825088968 0.6528814847220439 0.6545746020351422 0.6563953470514121 0.6571704588511088 0.6575675800819414 0.6589999283409395 0.6602554786793688 0.6625367312455468 0.6642911474010397 0.6657371818503235 0.6671765957400304 0.6687623063245702 0.6702245393307495 0.6705833503491673 0.67164162360016 0.6723009125269204 
# stellar_X_list:
0.7529042722234999 0.750354569367182 0.7500139400762633 0.7500069330819531 0.7500027543000996 0.7499894924915085 0.7499732435937769 0.7499611153255245 0.7499519897231194 0.7499443757465732 0.7499378405663115 0.7499321752812016 0.7499272581503656 0.7499228887735561 0.7499189955745527 0.7499154685424333 0.7499122718013056 0.7499093611385146 0.7499067019457915 0.7499042318980987 0.7499019422064793 0.7498997660484757 0.7498977784606048 0.7498959289236296 0.749894218352677 0.7498926337365786 0.7498911436773404 0.7498897193326427 0.7498883828041424 0.749887117473089 0.7498859080988154 0.7498847670099733 0.7498836333765112 0.7498825241189674 0.749881461036195 0.7498804473035259 0.7498794043960217 0.7498783669762098 0.7498773083247708 0.7498762187028392 0.7498751404799384 0.7498740288390106 0.7498729235943657 0.749871794393132 0.749870643556811 0.7498694875755528 0.7498683070953832 0.749867142493605 0.7498659668108866 0.7498647754995602 0.749863590469162 0.7498624174386477 0.7498612183286036 0.7498600266395108 0.7498588295612566 0.7498576405565921 0.7498564474966347 0.7498552914271938 0.7498541150464879 0.7498528831239567 0.7498517623348605 0.7498505959195936 0.7498494626361271 0.7498483640252063 0.7498472212011225 0.7498461079358002 0.7498449386980472 0.7498437847055199 0.7498426612747592 0.749841563209469 0.7498404786714807 0.749839430142354 0.749838378476524 0.74983736896956 0.7498363568651586 0.74983541213422 0.7498343907884472 0.7498333959196211 0.7498324419639834 0.7498315516622077 0.7498306318030564 0.7498297550347335 0.749828857667445 0.7498280040242832 0.749827143929626 0.749826318257081 0.7498254901387709 0.7498246638396278 0.7498238701173864 0.7498230613918174 0.7498223814133341 0.7498215481302276 0.7498207436619488 0.7498199794367336 0.749819210392812 0.7498184503359825 0.7498176743561831 0.7498169415975353 0.749816259770676 0.7498155952077893 0.7498148982760403 0.7498148500573514 0.7498148139908528 0.749814780805154 0.7498147427893171 0.7498147054186663 0.74981465689671 0.7498146029779751 0.7498145633042937 0.7498144646966777 0.74981405084767 0.7498132524208941 0.7498125968935355 0.7498120178935916 0.7498115602520934 0.7498110252740916 0.7498106086424109 0.7498102984196277 0.7498101892505423 0.7498100617020024 0.7498098422353766 0.7498096960257796 0.7498095869247882 0.749809562594744 0.7498093302654337 0.749809208315938 0.7498088390414556 0.7498086129426116 0.7498084379014 0.7498082390528213 0.7498078876688208 0.7498077656973591 0.7498074765864476 0.7498072959615015 0.7498071056178145 
# stellar_X_list_luminosity_weighted:
0.7529042722234999 0.750354569367182 0.7500081451489317 0.7500040024801151 0.7499951241406234 0.7499476711395411 0.7498295186238586 0.7496550818303904 0.7494439435693888 0.7492894282314352 0.7493569974599239 0.7495522300882256 0.7497070038397755 0.749791764549686 0.749836389835599 0.7498571614388732 0.7498656722598354 0.749869172632938 0.7498705590329697 0.7498707752319349 0.7498707075582187 0.7498700344081758 0.749869530909625 0.7498690393000214 0.7498685097440632 0.7498680007299423 0.7498674252963611 0.7498665915404013 0.7498658281125165 0.7498650262023353 0.7498641791219943 0.7498632688256602 0.7498621265433163 0.749860855480689 0.749859608159712 0.7498584130847725 0.7498569783928709 0.7498552568206739 0.749853277251055 0.7498431509733805 0.7498459864331447 0.7498383755788891 0.7498407925995629 0.7498333893027385 0.7498354949240152 0.749828281056594 0.7498297950598953 0.7498228994914101 0.7498242815106971 0.7498174769317918 0.7498187202826264 0.7498123626063385 0.7498130728465286 0.7498069730767891 0.7498074168761434 0.7498022517310959 0.749802019585945 0.7497972087777756 0.7497968801736109 0.7497913147096473 0.7497910436973463 0.7497866258185891 0.749786335380822 0.7497825670835258 0.7497816035583944 0.7497774476681035 0.7497759690697695 0.7497716746188929 0.7497703976695476 0.7497671017388886 0.7497659921425668 0.7497627938884553 0.7497616638802321 0.7497589778527689 0.7497578396858708 0.7497558821545064 0.7497542400259746 0.7497511704761108 0.7497498532310658 0.7497481004602059 0.7497468294347689 0.7497448891169832 0.7497434987936614 0.7497413185687767 0.7497400743224035 0.7497385089182831 0.7497372003205492 0.7497347124386388 0.7497335822444813 0.7497319132886384 0.749731406516711 0.7497297201270463 0.7497285353842988 0.7497263856166473 0.7497248357691783 0.749722593427693 0.7497211042001277 0.7497193667388178 0.7497185816813396 0.7497175127284224 0.7497164611037468 0.7497220561659603 0.7497270765247069 0.749731371092711 0.7497347347171653 0.7497373993978219 0.7497395854545773 0.74974138389052 0.7497429242149952 0.7497455366169352 0.7497529295103428 0.7497577508460499 0.7497591582793072 0.7497591262833977 0.7497589417315822 0.749758598644814 0.7497580939136278 0.7497578911435738 0.7497576446134671 0.7497578730778433 0.7497577537609513 0.7497581031060755 0.7497580397597214 0.749758288789693 0.7497579753359023 0.7497586381809742 0.7497585113773892 0.7497590004634993 0.7497596587407407 0.7497599241324928 0.749759155742232 0.7497597138796205 0.7497591678795856 0.7497591680992053 0.7497591475455447 
# Y_list:
0.03015510494688115 0.0006883701116436714 0.0003425429479667661 0.00017717536696810278 0.00016857199398756956 0.0002814174061767631 0.0005510269691661006 0.0011396677012837388 0.0024719883987523333 0.005716580731805425 0.013840717062256355 0.03355301151125116 0.07573999497299756 0.14391477480517942 0.21350600232453337 0.25660654420129986 0.27405092292482386 0.2786716438964769 0.27972159297820304 0.2765602915516536 0.2760957647077273 0.2716513069427489 0.2686874997212572 0.26490201706060573 0.2615134699747086 0.2592360707149289 0.25797323098181035 0.25576672525254707 0.25334744048469476 0.2519882143908652 0.24998734919594254 0.252319599939188 0.25224833457259954 0.2513434309442524 0.2506227204971725 0.2521658414338132 0.254384552704143 0.25696373433196656 0.26004846672419085 0.2630169363223864 0.26590203711131727 0.2683847741291325 0.2708789493012954 0.27388202379747256 0.276966504325847 0.2805561214396121 0.2811186454776031 0.28402468705588385 0.28387514894419447 0.2878191703779256 0.29011231964320894 0.2919989436784976 0.2937033507194445 0.2957893359051302 0.2951682637682901 0.30104390246799434 0.2970393359672491 0.30169202525331146 0.31303835667706825 0.297063760232523 0.3066511713862992 0.3033120735667927 0.3025673289692226 0.3093989778782262 0.3085065948282314 0.31594066390477316 0.31729661982809787 0.3148608920930193 0.31176192109858675 0.31297211128790564 0.3106783743751153 0.3129792045869181 0.30967101330259356 0.3109936051554985 0.3046427092550131 0.31570383601859886 0.31456675415764057 0.30974685090281173 0.3041981852598271 0.30888450899525843 0.30526412501429495 0.3074124086369674 0.30355933141316216 0.30646249844713147 0.3039971379173106 0.3039584355814852 0.3064410022314453 0.3004649275110833 0.30723204725629094 0.27965881757552724 0.31844314757343 0.30968656903977765 0.3062896001673911 0.3061440309533031 0.30390578890056474 0.3052026361031107 0.29835688255034964 0.3002740576017344 0.3043259690774363 0.30203480780063663 0.3003842189821404 0.3010634743356951 0.3005548368952456 0.28726196456317343 0.29903670831255524 0.29929040337959767 0.29868583910243246 0.2986019230248664 0.2980562650398624 0.2985047689309897 0.2963655243132445 0.29433232885812394 0.29129099708778383 0.2877304513872474 0.28514323305204375 0.2825623024577166 0.28004299597129767 0.27852360719950353 0.2780690612113912 0.27711599353553223 0.275840204963428 0.2745392485794876 0.27392604663894166 0.2735032679910707 0.27223913457977034 0.2707794825478726 0.26814188445326215 0.2658600397984573 0.26412858610004203 0.26262583891813357 0.26120752799286384 0.2597529668733538 0.2595181038567054 0.2586978375992593 0.25818612097380383 
# stellar_Y_list:
0.247 0.03015510494688115 0.0011855633949177649 0.0005929412343431613 0.0005567395323520509 0.0005986878177841966 0.0006453803576447854 0.000680938547019458 0.0007086831341682579 0.0007317724773837374 0.0007518144645313919 0.0007690831535296014 0.000786111933041277 0.0007993501499078679 0.0008119309038332968 0.0008234394103349478 0.0008342660583797278 0.0008439853024888701 0.0008529689937278722 0.0008612656469347452 0.0008690685045383223 0.0008764285049974688 0.0008832781385782459 0.0008897477435143025 0.0008958654361785225 0.0009016371925293701 0.0009071298239074543 0.0009123934538737964 0.0009174343451064692 0.0009222185388930834 0.0009268617501186126 0.0009313178364222823 0.0009356536801182528 0.0009398393680277151 0.0009438828879412412 0.0009477815036717681 0.000951629340036887 0.0009553669209917729 0.000959091787107751 0.0009627424945000281 0.0009663238429690073 0.0009698097404790285 0.000973257243294012 0.0009766023311039633 0.0009800881435231632 0.0009833785350571017 0.0009866502955509337 0.0009898774105160232 0.0009930503870325522 0.0009961301267534509 0.000999296804856719 0.0010023344633793717 0.0010053725166250828 0.0010083658536813817 0.0010112953558612174 0.0010142006279903971 0.0010171464313846257 0.0010199639532885493 0.0010228226911391072 0.0010255501226404246 0.0010283294973486904 0.0010310125324017288 0.0010336735996914804 0.0010362429939768374 0.0010389143292598843 0.0010414919839988159 0.0010440619105484665 0.0010465853286110657 0.0010491125753615833 0.0010516001482210368 0.0010540367179485745 0.0010564268329222631 0.001058807639219994 0.0010611220356459756 0.0010634190270234437 0.0010655984522946259 0.001067854936547762 0.0010701342948156141 0.0010723306648218924 0.0010744318878193383 0.0010765472014340426 0.0010786119439750628 0.0010807213986929205 0.0010827907892790275 0.001084816084266906 0.0010867515064404258 0.0010888829053829706 0.0010906999937618214 0.0010925931703986507 0.00109447694166158 0.0010963751540833734 0.0010982072330154263 0.0011000472456554238 0.0011018820463681463 0.001103747474212809 0.0011056751123563614 0.0011073983036762728 0.0011091189222366975 0.0011108124967562593 0.001112444013172762 0.0011141844710183843 0.0011143713215479463 0.0011146376079104899 0.0011148132091004072 0.0011150161094801124 0.0011151874262403398 0.0011153979078499308 0.0011156127824154523 0.001115795344097064 0.0011163046707861825 0.0011181201174755766 0.0011215305367748857 0.0011240766606876518 0.0011263429005481768 0.0011281083362405253 0.0011301113563556972 0.0011316067073715778 0.0011328478354555988 0.0011332030369049068 0.001133807682918699 0.0011346467691705163 0.001135147052941709 0.0011356218833155159 0.001135729572771514 0.0011364956099770525 0.0011369225574274398 0.0011380112672961583 0.0011386688254784673 0.0011392005639247478 0.0011397694610118378 0.0011406007088267836 0.0011410250617744295 0.001141691234285087 0.0011422392209716665 0.0011427168743039812 
# stellar_Y_list_luminosity_weighted:
0.247 0.03015510494688115 0.0006927214914141268 0.0003442445664941009 0.00018151488069030402 0.00017301847119200348 0.00028182442806087295 0.000522373890360297 0.0009300284726356933 0.0013619399461960743 0.0014592381524396003 0.00124092704784973 0.0010065990481660783 0.0008692735482423073 0.000797574643853391 0.0007702950881349811 0.0007670890352590481 0.0007730599866732008 0.0007821892965104088 0.0007924270515074994 0.0008025526808493358 0.0008130648131853217 0.0008227932777491205 0.0008319136039243713 0.0008409645790362991 0.0008496196633851777 0.0008579134002678605 0.0008663500257494673 0.0008742939365347216 0.0008821141012262809 0.0008897165937453958 0.0008976010826023359 0.0009049068552799617 0.0009122403700192558 0.0009196274118969805 0.0009266617777876407 0.000933792073239158 0.0009412023931888664 0.0009485727834213214 0.0009791314287552215 0.0009715548399105153 0.0009928753786129943 0.0009866112122434024 0.001006554942039831 0.0010010957044412532 0.001019135931239407 0.0010153276247377389 0.001032373077789238 0.0010288443109288624 0.0010447092320947683 0.0010427921588691308 0.0010573389136213278 0.00105596025726774 0.001069573528907146 0.0010689671563627197 0.0010807083429362988 0.001081300110304307 0.001092332413937483 0.0010936384177133906 0.0011042486019575523 0.0011063040137814168 0.0011163032165279255 0.0011175867098499295 0.001126304373503166 0.0011289446334733044 0.0011381962741790757 0.0011412452141083558 0.001149574624907133 0.0011526686850486855 0.0011604007905841158 0.0011634755684329738 0.0011710018650500943 0.001174336885936563 0.0011810852508640321 0.0011843480159423184 0.0011894602262547797 0.0011933765195670221 0.0012002361639745962 0.0012041099592783441 0.0012094758341532068 0.001213204893551789 0.0012185219709217206 0.0012227108356894468 0.001229006594812653 0.0012326899306671093 0.001236872357855819 0.0012406827728079696 0.0012472607800623069 0.0012510010558395498 0.0012553628622453455 0.001259797753947718 0.0012628971080722875 0.0012653168536043702 0.0012707175564314864 0.0012751099250566265 0.0012807873534958155 0.0012847345585989894 0.0012890589997958982 0.0012921969047674686 0.0012961542555652412 0.0012998863670311972 0.0012882297387895039 0.0012777683581320142 0.0012687704436699261 0.0012617968796493917 0.0012563090194050608 0.001251857101934179 0.0012483291693803163 0.0012457318266077247 0.0012414386088358338 0.0012302506878311354 0.0012281144795560587 0.0012307593119912788 0.001236287163884131 0.0012408441786288488 0.0012458202556559566 0.0012503157070238567 0.0012535614936887416 0.001254717752953129 0.0012560615377886666 0.0012581871475019191 0.0012582856465975637 0.0012596962877210749 0.001259385418177794 0.0012613978259380196 0.001260643270491972 0.0012622498930089563 0.0012617966299365022 0.0012608768890448197 0.0012607242166851225 0.0012625454687970764 0.0012618129912059764 0.0012630234635053407 0.0012635643111116673 0.001263617859596328 
# Z_list:
1.2208544512907347e-07 2.786923528921747e-09 3.4982460499224804e-08 4.654254060059716e-06 3.6966519243287186e-05 0.0001217869322473153 0.0002433821189217648 0.00042949927567682286 0.0008915075579651252 0.0020375387040713353 0.004869446148598396 0.011641275023131857 0.02586735165579784 0.048109662332294294 0.06945805925394548 0.08203163057792878 0.08885785818119751 0.09230198558640994 0.09401323095301814 0.09520827907191057 0.09504669274022369 0.09568771925935338 0.09521785779808434 0.09537131327989366 0.09467079430173322 0.09485477434081802 0.09400056250589857 0.09447228576082253 0.09373615774542367 0.09427176028543953 0.09212970261127698 0.09553665694018651 0.09018567455305326 0.09854196201952062 0.08464500042091819 0.10872775536836214 0.06663721925358551 0.1453254712875592 1.2417325560595167e-10 0.28524465741248595 1.309550285738515e-10 0.5199708195949545 1.3707492644900107e-10 0.9444841073830971 1.4355388867545445e-10 1.7538885622520168 1.492090809317801e-10 3.416600829337124 1.5505437214178262e-10 6.936963995559036 1.6124356241354164e-10 14.782388951641643 1.6752784442766107e-10 33.11173291230027 1.7486450610575758e-10 77.70994008332488 1.8107449170094048e-10 191.2122019936497 1.9007043665133152e-10 484.2063745564777 1.9339710284568916e-10 1320.1875284877826 1.9960575275078645e-10 3749.5535648186774 2.0425732585714267e-10 11039.674584085355 2.1190047662960664e-10 34181.13581146158 2.1689849749263525e-10 109556.0679880282 2.2176955038383782e-10 366488.06975016196 2.2872596930813984e-10 1270995.9853411515 2.3805356922535094e-10 4574603.227366899 2.4288943288406366e-10 17025775.237131737 2.4721500410156334e-10 65244552.782535814 2.5464553715355243e-10 258057608.2477347 2.553021645939432e-10 1060608143.1315612 2.667416703721903e-10 4432203977.53959 2.6619401385195146e-10 19391693172.949238 2.793140715784574e-10 80622848777.61684 3.008062923458089e-10 385086062497.84436 2.945517304887046e-10 1850254154439.5647 2.937668367683225e-10 9062369471339.213 3.000124023323104e-10 45830025843678.66 3.1245895868581256e-10 237646153596298.7 3.1072308939064577e-10 703430761797509.8 1.242340944128351e-10 1158893662437222.5 7.842772955358982e-11 1302030211492356.2 5.746980407198575e-11 1122536327085797.4 133339068929812.97 746848259806784.0 187096848195120.0 217323884751556.2 151303887071049.28 129487028270167.83 112102403164439.06 95327198087549.64 84778155132492.19 77135832773082.1 75392002597770.7 71445563630243.6 66896835136463.72 63423156323153.945 61557405869615.66 60776436192993.39 57465620745712.8 54564180544012.32 50209318744289.39 47402998609992.195 45102919011746.414 43147516244784.29 41487792399301.875 40048327201001.664 38798362042918.55 37655839172539.8 36678936785300.42 
# stellar_Z_list:
9.572777650013187e-05 1.2208544512907347e-07 4.799851801286498e-09 3.116157657537838e-08 2.475963009539447e-06 1.1534749796476377e-05 2.2633819822241325e-05 2.9947337851377218e-05 3.49428517901599e-05 3.960246332325861e-05 4.398496298743625e-05 4.804092492546206e-05 5.174681683878855e-05 5.5128938543229325e-05 5.819555646598192e-05 6.097505368862991e-05 6.35182113376055e-05 6.591420726066389e-05 6.818828748714508e-05 7.035445238112742e-05 7.244186866553246e-05 7.4437894842615e-05 7.634853341195215e-05 7.816917035185242e-05 7.992183032778587e-05 8.159604607590535e-05 8.321318951861528e-05 8.476766531305092e-05 8.627373384958892e-05 8.772153573932889e-05 8.913584354548709e-05 9.048617149430233e-05 9.182577054279646e-05 9.306930136487733e-05 9.437589926744507e-05 9.547896185933512e-05 9.685016507930646e-05 9.771237173375224e-05 9.941806107960527e-05 9.953326726119065e-05 0.00010262062598994943 0.00010272679666267456 0.00010805041261597325 0.00010814931044416867 0.00011738381560616768 0.00011745889425152296 0.00013393717893983258 0.00013398031495614159 0.00016463123406577633 0.00016462043408058013 0.00022502201519084572 0.00022488786822073614 0.0003496632681409902 0.0003492925008339868 0.0006203732182779549 0.0006194712216718695 0.0012389337287692947 0.0012367642476238468 0.0027197597760596505 0.0027141998133847125 0.0064345800452991035 0.006420382726643379 0.01601818882481638 0.01598224704127721 0.04262449101847767 0.04252614115549457 0.1194989274023526 0.1192132959601908 0.34960590732037855 0.34876218692740246 1.0734595737382064 1.0708248037575996 3.429230161563186 3.420530790590943 11.425792578914269 11.397184503299304 39.554421496755644 39.45403285840955 142.1910039148433 141.82125250520164 529.244839249719 527.8563078912377 2031.5505957316789 2026.11463206125 8047.150707692346 8025.203779261734 33068.54712222504 32976.63121493472 138842.9971483827 138467.9002489344 606913.4872382182 605188.7945790426 2574131.305546648 2567137.736702662 12073497.828138102 12040090.525617702 58193089.41519478 58030813.637378916 286357499.21283233 285551739.2998402 1451604821.5085824 1453274070.0004878 1453588252.5363626 1451893706.422276 1450108612.90153 1448028218.1448126 1446346208.4055958 1444525072.005473 1443296699.8465495 1440586988.202655 1432400287.42013 1427131807.787233 1426566603.8244889 1427766410.5390508 1429301820.2846043 1431634013.2799246 1433635659.2309315 1435596699.2829342 1436396141.000426 1437033059.928487 1438152458.4550095 1438339548.0485659 1438546352.682042 1438245649.9825394 1438888347.8472188 1438500365.017784 1440365618.1055405 1441664549.803363 1443175037.8367052 1445709984.1265435 1449176449.1750553 1450159227.3208702 1454429892.1795714 1455905573.2994356 1459189464.6418939 
# stellar_Z_list_luminosity_weighted:
9.572777650013187e-05 1.2208544512907347e-07 2.80454045106934e-09 3.487997151182654e-08 4.571546813073339e-06 3.575795195246212e-05 0.00011467496588753981 0.00021581920781787073 0.0003222640862732091 0.00042878657570493924 0.00041599898603652754 0.00030677630052485314 0.0002077187877375211 0.00015006862825879162 0.00011830916568965936 0.00010335557885096201 9.76160080845264e-05 9.601750427722427e-05 9.619077452949737e-05 9.713540351555749e-05 9.845642197597835e-05 9.996698922069674e-05 0.0001015784131305444 0.00010310531845696579 0.0001047764445012696 0.00010640215923465399 0.00010803861278863379 0.00010971570473843046 0.00011137657364494876 0.00011303805359903631 0.00011475555328942909 0.00011647647263116993 0.0001182514046220824 0.00011958231199888808 0.0001217210285854311 0.00012266309225611043 0.0001256188619499125 0.0001251961524754684 0.00013104762181350842 0.00012543470272124193 0.00014159530112823685 0.0001370710927334216 0.00016828253301022782 0.0001619890580439393 0.00021776643109556028 0.00020808996966352193 0.0003114932837137517 0.0002953597177847023 0.0004914924568972555 0.0004643761627618149 0.0008638204393654307 0.0008156367845888609 0.0016610860177301927 0.0015721558484125802 0.0034523414505009623 0.003277984486081102 0.007716623818371491 0.007352082347168647 0.01812736288939576 0.017349324969678347 0.04547709799092824 0.04364248612926779 0.1149225560875847 0.11062815806154351 0.3153675989338338 0.3045917184103508 0.9065926424679426 0.8777448781611227 2.690720661228697 2.60898333409853 8.435894275285424 8.182569994873262 27.394569241211915 26.646844732638076 92.71579395884545 90.2424683640802 326.3079015307235 317.3408217815214 1188.2322478778342 1157.896273730584 4511.809398896572 4402.504508166917 17523.22264817937 17108.317486540567 70038.52674379756 68410.71405400537 292763.32568193396 286427.5132590768 1229659.780605621 1202987.1843921472 5724976.56631498 5616913.015242791 22813898.769946527 22291486.41829377 109617076.8373201 107681095.21633391 536792893.21299505 528284784.4490225 2654505328.116311 2608476924.9454346 13503593714.405071 13279377825.314129 12102445777.763378 10287252824.193962 9023004392.083752 8129636765.160818 7453682633.27238 6945410547.504175 6529117200.323186 5899079375.738299 4406455701.186675 3482452025.935768 3135335324.0689015 2955786169.383461 2839196407.6370077 2720235579.6209984 2642990028.0715075 2590483313.5791144 2580177123.9596796 2549823089.3194256 2516726965.0310893 2480039109.729615 2460018472.0800176 2446768798.971516 2413293261.2286673 2369760205.8749394 2323523812.2886825 2285388476.454623 2256753702.4902105 2242839192.2497416 2238631382.6248374 2216388207.6557994 2224430030.707794 2210243571.606512 2212695903.2346888 
# formed stellar mass list:
1e-15 14334223.036577636 623537022.8017454 1244514549.9200191 593540599.6549151 261318799.699291 106417227.11195713 40785651.64887974 14937458.049742252 5292310.878318104 1835141.6269419703 632870.1095188364 223789.06798645566 86363.75703970579 40151.46545557452 24120.189310492216 18072.95556232124 15393.022952242258 13842.39852700351 12800.268695354347 11924.2844870588 11240.083650413906 10610.36433298418 10033.512044183473 9538.70245837361 9096.49136178646 8682.831516841212 8325.186672040798 7992.517930712255 7673.04519107449 7391.938495892065 7205.94766561664 6882.408114785663 6675.784778180419 6450.99322612769 6279.385323515395 6098.037771439059 5928.511970115339 5777.5602511254665 5637.284748507864 5481.426934521487 5345.34647216879 5234.414341400468 5106.696156137907 5002.316267670285 4876.217610395458 4803.137769382771 4691.403469739534 4571.039151107074 4514.545383860031 4414.137543562976 4341.258587457332 4257.2893225355065 4178.409878020378 4106.858298395902 4003.0994030123065 3977.323272408766 3865.812315276897 3849.1389350249283 3682.845224815746 3793.3503579228545 3619.495792336287 3571.3665267217702 3506.9129539265846 3473.2920715234936 3427.049664253311 3392.370797656445 3303.4375907684785 3264.4528462590874 3227.3160399544427 3189.5749258278884 3156.429720800006 3089.5681434814765 3060.430794620262 3011.5236873661297 2940.514617268151 2931.127242222263 2881.969757548592 2862.202076589026 2831.543346424148 2805.9038784670843 2748.919175355101 2743.156076648674 2741.8490599691804 2662.9445728390647 2624.261889877481 2641.119172919531 2629.660937414308 2543.254386590769 2506.1394008693 2697.519953676019 2327.07898010084 2366.037849758827 2376.492573438958 2369.5259135261585 2382.8421468555725 2341.242067268635 2333.236874736402 2283.3858333427183 2240.294222781022 2242.088916744685 1e-15 1e-15 1e-15 1e-15 1e-15 1e-15 1e-15 1e-15 1e-15 1e-15 1e-15 1e-15 1e-15 1e-15 1e-15 1e-15 1e-15 1e-15 1e-15 1e-15 1e-15 1e-15 1e-15 1e-15 1e-15 1e-15 1e-15 1e-15 1e-15 1e-15 1e-15 1e-15 1e-15 1e-15 
