# time step list:
1000000 10000000 20000000 30000000 40000000 50000000 60000000 70000000 80000000 90000000 100000000 110000000 120000000 130000000 140000000 150000000 160000000 170000000 180000000 190000000 200000000 210000000 220000000 230000000 240000000 250000000 260000000 270000000 280000000 290000000 300000000 310000000 320000000 330000000 340000000 350000000 360000000 370000000 380000000 390000000 400000000 410000000 420000000 430000000 440000000 450000000 460000000 470000000 480000000 490000000 500000000 510000000 520000000 530000000 540000000 550000000 560000000 570000000 580000000 590000000 600000000 610000000 620000000 630000000 640000000 650000000 660000000 670000000 680000000 690000000 700000000 710000000 720000000 730000000 740000000 750000000 760000000 770000000 780000000 790000000 800000000 810000000 820000000 830000000 840000000 850000000 860000000 870000000 880000000 890000000 900000000 910000000 920000000 930000000 940000000 950000000 960000000 970000000 980000000 990000000 1000000000 1010000000 1020000000 1030000000 1040000000 1050000000 1060000000 1070000000 1080000000 1100000000 1200000000 1400000000 1600000000 1800000000 2000000000 2300000000 2600000000 2900000000 3000000000 3200000000 3500000000 3800000000 4000000000 4100000000 4500000000 5000000000 6000000000 7000000000 8000000000 9000000000 10000000000 11000000000 12000000000 13000000000 14000000000 
# Number of SNIa + SNII (log_10):
0 0 1.1782459461041429e+54 4.789321599742547e+55 1.1950406459564615e+56 1.847176703385936e+56 2.355550797931172e+56 2.8683471552926393e+56 3.387958059291067e+56 3.863857857321636e+56 4.281955693070483e+56 4.647658325651972e+56 4.970349432936535e+56 5.258615993557366e+56 5.518893915772699e+56 5.7561880667942695e+56 5.974261229789702e+56 6.176018560883172e+56 6.3637496926478e+56 6.539290787834958e+56 6.7041372504811355e+56 6.85952380975824e+56 7.006481455158188e+56 7.145880980918132e+56 7.27846516670731e+56 7.404870300520474e+56 7.525649430155424e+56 7.64128406760892e+56 7.752193251887665e+56 7.858748125542411e+56 7.961281886761399e+56 8.06010530810755e+56 8.155440158087057e+56 8.247534869442138e+56 8.336614455208246e+56 8.422869552798781e+56 8.506472091869425e+56 8.58756672553312e+56 8.666326368055302e+56 8.742873787390337e+56 8.817322717447464e+56 8.889788406238174e+56 8.960368168649976e+56 9.029160872897264e+56 9.096256018621538e+56 9.161736092470803e+56 9.225676729686208e+56 9.288138129329706e+56 9.349208268750052e+56 9.408944051904243e+56 9.467391895305746e+56 9.524603408109518e+56 9.580641398468456e+56 9.635547241955173e+56 9.68936714903305e+56 9.74214018184329e+56 9.793909091691385e+56 9.844668371770746e+56 9.894546720610132e+56 9.943545767386869e+56 9.991686748731726e+56 1.0038982635131594e+57 1.0085438257032572e+57 1.0131110875967523e+57 1.0176039746959546e+57 1.0220234409551555e+57 1.026372397415976e+57 1.030653420357362e+57 1.0348680075566023e+57 1.0390179506569701e+57 1.0431059403299257e+57 1.0471337708799934e+57 1.05110118645967e+57 1.0550126188201073e+57 1.0588695695944471e+57 1.0626722267355226e+57 1.0664223570755921e+57 1.0701215008699852e+57 1.0737710336890072e+57 1.0773719901030198e+57 1.080926364358524e+57 1.0844332297889943e+57 1.087896861713603e+57 1.0913175883376291e+57 1.094695583914698e+57 1.0980318678330726e+57 1.1013277059355365e+57 1.1045849426212408e+57 1.1078026925104245e+57 1.1109818464115067e+57 1.1141251725194124e+57 1.1172308436800784e+57 1.1203026655562503e+57 1.1233429337228597e+57 1.1263487045702442e+57 1.1293208253413402e+57 1.132260779581612e+57 1.1351698564652913e+57 1.1380473112938918e+57 1.1408945559035244e+57 1.1437118451458821e+57 1.1464995273216411e+57 1.1492606158727075e+57 1.1519941174396293e+57 1.1546999180920811e+57 1.1573794122585771e+57 1.1600323045130283e+57 1.1626588689055134e+57 1.165260410019938e+57 1.1703905137107042e+57 1.1946835344346316e+57 1.2375873098311252e+57 1.274633867821938e+57 1.3072324142043168e+57 1.3363413189054161e+57 1.374884583432347e+57 1.4086362680553627e+57 1.4386572119102943e+57 1.447976951563158e+57 1.4656907796037653e+57 1.490276787464713e+57 1.5128275040804568e+57 1.526883988296112e+57 1.533648106357448e+57 1.5591415478355394e+57 1.5879745169572588e+57 1.637832629526031e+57 1.6799475925573246e+57 1.716405044969491e+57 1.7485564666871118e+57 1.7772866132722702e+57 1.803288714855762e+57 1.8270147718673995e+57 1.8488355986770578e+57 1.869034894720237e+57 
# Gas [Fe/H]:
-5.218485947384705 -6.812943270487043 -5.4863548727666664 -3.526538925188584 -2.694397239558998 -2.178124389658424 -1.813026553591012 -0.6044591235542747 0.20191016259036765 0.7987767065509654 1.241201662234852 1.495087632010942 1.5897085322394804 1.6103860020569187 1.6082745101641631 1.6011682778410559 1.5939018243439054 1.5875347208303605 1.5817903093943144 1.5763837498946986 1.5707244169729506 1.5656222339666943 1.560433408772537 1.5552235547698237 1.5502752021938648 1.5470525339621446 1.5436474244672596 1.5403308235070616 1.5373548500546046 1.534827668213166 1.5323662266140907 1.5299867308759802 1.5272869086433287 1.52448041741089 1.5238696754816945 1.5252917918064628 1.525845500686657 1.5255175384475108 1.5276140205734396 1.5279742835034464 1.5290517455301194 1.5300918097283311 1.5303065662414088 1.5314643841196758 1.531719747232858 1.5326909939332105 1.5332514518658225 1.5333744938085694 1.5348784264787048 1.5333179516868727 1.536076973260398 1.5360909714271953 1.5365611245319362 1.5383164029702323 1.5358494139230574 1.538420088424648 1.540674775897977 1.5367481532945915 1.5399688291374738 1.5430532465440745 1.5396422429401726 1.5406289560190345 1.5444456529586925 1.5427231970349542 1.5388173364001054 1.5430597426203478 1.5447462015189837 1.5409245342337878 1.5374076614607972 1.5408504344042062 1.5418935761252834 1.5370238138048093 1.5310455246539472 1.5353127559985462 1.538782961215102 1.5357042668848129 1.528840229678516 1.5276858382488605 1.532725844387096 1.5343056376253377 1.5303926730425421 1.5231252437560316 1.5218786520807863 1.5279735383060693 1.5310325247451595 1.5280770530578915 1.5216137648840324 1.5141094191982973 1.5191757455486057 1.526572481027316 1.5275512478746966 1.523052689234846 1.5165781088530386 1.5095574314882927 1.5124913635175594 1.5206787975919878 1.5240023261086564 1.521429272999177 1.5154821042331839 1.5086511666879612 1.5029991945859207 1.505524071703657 1.5096861546811597 1.512297096763628 1.51319527311546 1.5129630056095027 1.5119234817528642 1.510324018058463 1.5088330879887453 1.509473853821385 1.5078808187954191 1.5034656850708537 1.5008486004342112 1.4979490091273493 1.496435571262741 1.4960962292280144 1.4961768985844532 1.4967942310966111 1.4965519595691408 1.497565187501507 1.4984696571833447 1.5007296003725794 1.5021839735000575 1.5034346872265032 1.5063590915383678 1.5116980571239833 1.521038583624934 1.529661364411817 1.5356026903144038 1.539163875143128 1.5407231825977727 1.5427349139887152 1.543152350147551 1.5432675517344139 1.5435677703782162 
# Stellar mass-weighted [Fe/H]:
0 -5.218485947384705 -6.619745093912217 -5.68133441098221 -4.073705838351701 -3.5683010348696236 -3.376443782946975 -3.320074565251117 -2.9501550255276063 -2.6812248818769593 -2.53304277489811 -2.443752906576865 -2.38391044415623 -2.3398686349684823 -2.305190886020762 -2.276629118324223 -2.2523809633373775 -2.2313473173120784 -2.212808886209957 -2.1962668798040195 -2.1813548893221304 -2.1678055719806713 -2.1554028576287836 -2.1439784251322447 -2.1333970393065815 -2.1235579323214138 -2.1143518309884914 -2.1057461915183984 -2.097655509126107 -2.090017866429468 -2.08278818548467 -2.0759352340592176 -2.069418495152262 -2.063213343437675 -2.0572959833082134 -2.051646367145141 -2.046235051334415 -2.041040799939414 -2.035951454324908 -2.0312590457956183 -2.0265861886148375 -2.0222596322984447 -2.017928761318922 -2.013911804867644 -2.0098788276592066 -2.0061271010746777 -2.0023557377711025 -1.9988375939520608 -1.9952988202572683 -1.9919837894387538 -1.9886475096476302 -1.9855276814831635 -1.9823745092493876 -1.979426530135214 -1.9764316823579389 -1.9736332719657215 -1.9708028035498302 -1.9681332503338123 -1.9654426751844651 -1.9629129247202686 -1.9603277976128721 -1.9579057181643336 -1.955449105877653 -1.9531404776119015 -1.9507796545224485 -1.948568246804708 -1.9463209304391311 -1.9441958436861109 -1.9420205097440126 -1.9399850608973717 -1.9379139937259175 -1.9359516291533172 -1.9339333091254653 -1.9320489872321325 -1.9301306604576194 -1.9283142295099864 -1.926441860235765 -1.9246771843302497 -1.922886094576965 -1.921199977061029 -1.9194639752113511 -1.9178113472948315 -1.916122649282796 -1.9145390685868104 -1.9129217036602633 -1.9113879262337088 -1.909805944490805 -1.9082958025902341 -1.9067598401860026 -1.9053247538386273 -1.903853119064748 -1.902453259767646 -1.9010068289840358 -1.8996231099142218 -1.898208507403889 -1.8968878430872902 -1.8955374306979236 -1.89425555619224 -1.8929262759663574 -1.8916589473671976 -1.8903446620389674 -1.8938686860571092 -1.895336188368586 -1.8964207600570662 -1.8973194681046284 -1.8980953406206371 -1.8987811844579738 -1.899395084388063 -1.8999555175175171 -1.90101104014951 -1.9047908812708263 -1.9090475723909277 -1.9114994598506518 -1.9130026997552143 -1.9140920008083029 -1.915208744718143 -1.915843330007621 -1.916255681771391 -1.9162832090343507 -1.916504079676061 -1.9165697925225222 -1.9167108738813017 -1.916659943661812 -1.9167335596430037 -1.916528537885446 -1.916602683987775 -1.9160785087366152 -1.9156611528041854 -1.9152005968711006 -1.9145531330445467 -1.913455137437965 -1.9128369786665074 -1.911864848760815 -1.9110519526074148 -1.9103788121077985 
# Gas [Mg/Fe]:
6.938893903907228e-17 -1.3877787807814457e-17 0.9945678882768592 0.9850128869666388 0.727340154174731 0.5614416617952155 0.4334673239358019 -0.5838453113930069 -1.1646080746444134 -1.461375654734338 -1.581622288298061 -1.628570520568103 -1.6476179166086629 -1.6559828539007193 -1.659542905463242 -1.6595979157506842 -1.655938864611024 -1.6493549632145725 -1.6418445029292583 -1.6365063945918374 -1.635773082608027 -1.6342430230879557 -1.633269749659537 -1.6335928279501186 -1.6402057829681724 -1.6333910131571585 -1.6276441866807043 -1.6252943475446908 -1.6251624980041932 -1.6237398088943495 -1.6221810903778984 -1.6198212568987047 -1.6178207357294891 -1.6116304023332881 -1.6049158043671434 -1.593138172679477 -1.5772136538379335 -1.5612852649223743 -1.547101017425946 -1.5305366340125082 -1.5208353379231772 -1.509208814172651 -1.4976325791427534 -1.4864571250465137 -1.4695725956043306 -1.4642014570351365 -1.4578177487538224 -1.4444512772626201 -1.439043093291735 -1.4313342666675228 -1.4250602588803378 -1.4222706685654998 -1.4244703418877251 -1.4303132066571602 -1.4366574782469146 -1.4438704700536353 -1.4451357926265633 -1.4536042309135464 -1.4638312065453791 -1.470306311553711 -1.4791843080194036 -1.4849330719316538 -1.4865538586827125 -1.489747683762394 -1.4836053630142 -1.507633906382826 -1.5184672010601001 -1.5200778231368157 -1.52296856281161 -1.52559282169402 -1.5263906245722385 -1.5308759230464346 -1.5348164732031677 -1.5405391577729564 -1.5436299711300947 -1.5464290880981761 -1.5474274446263003 -1.5517280775228324 -1.558246081861391 -1.5627795061010137 -1.5661260352621116 -1.5690392256568972 -1.5738675024579927 -1.5794799136431472 -1.5800932706490887 -1.5846603317568329 -1.5704575461261783 -1.5943154797845605 -1.609880836422604 -1.612203714265066 -1.613076094639574 -1.6141928313590628 -1.6162420242837894 -1.597750271166502 -1.6202851990156963 -1.6374771924003029 -1.6388350352324559 -1.6401964512114395 -1.640044732172865 -1.6417750047839506 -1.644659469736982 -1.6474269988620798 -1.6495424442451119 -1.6504879400404568 -1.6511074606036862 -1.6519466472063622 -1.6525371590819118 -1.6527095376695875 -1.6531056195615137 -1.6540609466658254 -1.659076480048317 -1.666287705491755 -1.6709981992726977 -1.6743171611970582 -1.6779020147707528 -1.6811189973465832 -1.6833264497434342 -1.6849837881513117 -1.6855078097457845 -1.6865126889597584 -1.6872742130367295 -1.6883058834092854 -1.6887690596566816 -1.6889754117693894 -1.6898097373723457 -1.6906061164300943 -1.6919437434857254 -1.6925186931402203 -1.6933521792182111 -1.6938216676364073 -1.694186594929814 -1.6945549335653427 -1.6948131088481775 -1.695080116947012 -1.6952511982534135 
# Stellar mass-weighted [Mg/Fe]:
0 -1.3877787807814457e-17 -1.3877787807814457e-17 0.9732800552366834 0.9846752786306416 0.7932681455581145 0.6924508471143037 0.643782148153859 0.26043745024614784 -0.02024299708833692 -0.17572342443358285 -0.2687700369977219 -0.3306425918580941 -0.3757985301784479 -0.41105776419811435 -0.4398653622784982 -0.46412612446024226 -0.48499145741148175 -0.5032216599306207 -0.5193588777721995 -0.5338156541014085 -0.5469072551104024 -0.558834421763593 -0.5697688032785437 -0.5798593466354429 -0.5892532389108893 -0.597959776995163 -0.6060481892460682 -0.6136308771761873 -0.6207717546017975 -0.6275114283989632 -0.6338794031467867 -0.6399094907528923 -0.6456288218702252 -0.6510482238820409 -0.65620109790018 -0.6610846155656266 -0.6657039455209905 -0.6701850222294407 -0.6742825514439843 -0.6783124041336872 -0.6820282013086948 -0.6857129325189248 -0.6891051166904738 -0.6924770294471322 -0.6955606316135499 -0.6986729208260589 -0.7015592915882939 -0.7044185458698833 -0.7070912835046965 -0.7097679944300543 -0.7122604891142453 -0.7147780502175669 -0.7171576385550783 -0.7195837308053382 -0.721878860895927 -0.7242206806088489 -0.7264057690496307 -0.7286426663460576 -0.7307734146621134 -0.7329424559272716 -0.7349918725088077 -0.737073555099017 -0.7390254870979213 -0.7410089463355267 -0.7428422611501245 -0.7448029905275714 -0.74665130586206 -0.7485038816611305 -0.7502518417436769 -0.7520437595140674 -0.7537252174245175 -0.7554365719538496 -0.7570566253854993 -0.7587331329949785 -0.7603109697430327 -0.7619062376584181 -0.7634096248295408 -0.764967733265082 -0.7664541748506795 -0.767959547477199 -0.7693759073225815 -0.7708285672483093 -0.7722232862393821 -0.773658931446827 -0.7749957440875188 -0.7763614933584184 -0.7776228670909594 -0.7789879701889126 -0.7803005561357501 -0.781619545401547 -0.7828531409311393 -0.7841090577986607 -0.7853101713577915 -0.7865185950119217 -0.7877203922729383 -0.7889552519214192 -0.7901030240131734 -0.7912724737105491 -0.7923802403851326 -0.7935289298616132 -0.7905382185672485 -0.7893308105531932 -0.788446471915169 -0.7877040985519859 -0.7870523668324276 -0.786475394580554 -0.7859589798430098 -0.7854914904529163 -0.784663913639983 -0.7816217426386042 -0.778224993715803 -0.7762622558812671 -0.7750899963654896 -0.7742831868746365 -0.7734237070837752 -0.7729419722149499 -0.7726461711586262 -0.7726001360341588 -0.7724851272615468 -0.7724461445445963 -0.7723248289584324 -0.7724059427775334 -0.772364860636905 -0.7725157998194275 -0.772469480032677 -0.7729015716495942 -0.7732587539215864 -0.7736615967028262 -0.7742337385797372 -0.7750530714029198 -0.7756240083513659 -0.7763543904328539 -0.7770873428346425 -0.7775992789461801 
# Gas [O/Fe]:
0.0 -2.220446049250313e-16 1.2114121166128369 1.2005355419977923 0.8981820844545729 0.6870924719532505 0.527176680311114 -0.5043314429817294 -1.0743191808743724 -1.3467173394511425 -1.4529594891244009 -1.4913899161504545 -1.5027430949724594 -1.5052422755783121 -1.5051353164584367 -1.504348261664054 -1.5030737885484884 -1.5013350007262565 -1.4997464458691014 -1.4988891346060904 -1.4985836742011989 -1.4986574360394973 -1.4989357375818575 -1.4992520149169501 -1.4994613251576927 -1.499770411684765 -1.4993408765468839 -1.4988837118975957 -1.4989022232187608 -1.4982346377118965 -1.4982709397950473 -1.4982529527344661 -1.497995801443174 -1.4975899045404364 -1.496899360177033 -1.4960635343680688 -1.4956952202199028 -1.4937707805617322 -1.4920642212666353 -1.4914505721029614 -1.4902927456499622 -1.4893397388705987 -1.4882031564351776 -1.4874566788014134 -1.486497956293169 -1.4857440860117213 -1.4848352092203168 -1.4840435602547755 -1.4832711354809325 -1.482168728695859 -1.4814455109749294 -1.481036682306548 -1.4806693634188948 -1.4797571116621169 -1.4810529797954493 -1.4806463349842942 -1.4799545083914665 -1.479474345961213 -1.479439179800924 -1.4794587674992996 -1.4792874540506566 -1.4791411462404593 -1.479114287254454 -1.4788557712393038 -1.4782544404881595 -1.4798514186651257 -1.478797653957641 -1.478068419831201 -1.4784357851569243 -1.478582631829757 -1.4783085233183448 -1.478269842807472 -1.4778776681452106 -1.4785848624301468 -1.478628347671968 -1.4785425951746662 -1.4782997834975833 -1.4783213894124725 -1.4786122814712883 -1.47878073985341 -1.4785715328225222 -1.478268101452907 -1.4787791059335282 -1.4782863118696346 -1.4788569128699145 -1.4795991609613428 -1.4781938823490626 -1.4769623472787352 -1.4779782735778775 -1.4792228497753144 -1.4791196548361147 -1.4788636705487428 -1.478370619116804 -1.47793846879491 -1.478256958179077 -1.4790760343418383 -1.4790738342245842 -1.4791276365532493 -1.4781933284565323 -1.4782931709177753 -1.478129247227325 -1.478378309186462 -1.4791998247601905 -1.4794605179139824 -1.4797509503356159 -1.4799210994972603 -1.479809872680923 -1.4794917531220817 -1.479312707100929 -1.4793737003417784 -1.47960839484814 -1.4796948111899397 -1.4803289268987818 -1.480910042088956 -1.481590621900869 -1.4827636334074286 -1.48396797986579 -1.4850875055983017 -1.4853798296067282 -1.4862716925133688 -1.4871818522338487 -1.4880643069247466 -1.4885988314796417 -1.4888640566236524 -1.4898090622422688 -1.4908860720319734 -1.4926802223952607 -1.494091099321154 -1.4951640421461023 -1.4960080589045246 -1.4966146791982824 -1.4971574001046368 -1.4975918794053964 -1.497960455581718 -1.4983118276311393 
# Stellar mass-weighted [O/Fe]:
0 0.0 0.0 1.189157023713166 1.200195667788773 0.9786950773036183 0.8569252353022607 0.7999954268708449 0.415521329984887 0.13581683377267062 -0.018656892200084485 -0.1111693039596533 -0.17271689276705615 -0.2176241373257658 -0.25268459476799765 -0.28133626455957295 -0.3054873158827295 -0.32629500991196136 -0.3445173071824742 -0.3606861524940087 -0.37519037624768614 -0.38831425341660664 -0.4002807697284779 -0.4112560969592831 -0.4213816893369433 -0.4307688446270673 -0.43952893405557725 -0.4476849186598134 -0.4553282660538447 -0.46252201760768774 -0.46931439330760216 -0.47573855174478197 -0.48183039456138377 -0.48761203964670297 -0.4931146720498315 -0.49836410607885884 -0.503377506694919 -0.5081701877366004 -0.5128535259755511 -0.5171678459012805 -0.5214535610285397 -0.5254145476897578 -0.52936626508469 -0.5330320305787821 -0.5366976487798617 -0.540107897758457 -0.5435266562397848 -0.5467100053928092 -0.5499087925276147 -0.5528949941890824 -0.5558995707631426 -0.5587105289305798 -0.5615392602412071 -0.5641904747507277 -0.5668611935069174 -0.5693707054305921 -0.5719095499878686 -0.5742858105403545 -0.5766848992303969 -0.5789469760206762 -0.5812442825606955 -0.5833944102953965 -0.5855798503079782 -0.587634318163011 -0.589716641788086 -0.5916712595193412 -0.5936765616625774 -0.5955574151484607 -0.5974610840031236 -0.5992587479840145 -0.6011016106120426 -0.602831488717599 -0.6045858678193828 -0.6062422877740892 -0.6079508610562805 -0.6095560246402612 -0.6111798653765187 -0.6127127853704973 -0.6142953871818023 -0.6157938654427398 -0.6173106155084723 -0.6187357837572557 -0.6201980415885794 -0.621596824717388 -0.6230300287394863 -0.6243699666646614 -0.6257343855726509 -0.6270259990647497 -0.6283624731166089 -0.6296386660232837 -0.6309347662192097 -0.6321478545656504 -0.6333856833199839 -0.6345674767481551 -0.6357932413766252 -0.6369610330484484 -0.6381496371195129 -0.6392625373038269 -0.6404004899085449 -0.6414795946442277 -0.6425996526019186 -0.6396035687777268 -0.6383842762613784 -0.6374859161857218 -0.6367288115288449 -0.636063512079091 -0.6354737396419947 -0.6349452357834551 -0.6344665215056505 -0.6336188217722882 -0.6304843467825689 -0.6269692595089755 -0.6249292290842863 -0.6237101017541657 -0.6228665922329029 -0.6219649585163268 -0.6214577863592086 -0.6211437705433502 -0.621096990373451 -0.6209699019012854 -0.6209272519238812 -0.620796646001531 -0.6208764273458516 -0.6208290198294082 -0.62098570303276 -0.6209296570384539 -0.6213678387253968 -0.6217294927974863 -0.6221363550087587 -0.6227144327736739 -0.6235657009207525 -0.6241382491103381 -0.6248964184744594 -0.6256346347005735 -0.6261649613846536 
# Stellar mass-weighted [N/O]:
0 0.0 -1.1102230246251565e-16 -1.7691846506553404 -1.8643332772546612 -1.6599195192002636 -1.3072704134163167 -0.9996981627220927 -0.7763019779386027 -0.6242492288385268 -0.5205038918395535 -0.448548947569009 -0.3983946632958648 -0.36130288157595847 -0.3311740498230924 -0.30488666067889314 -0.2804183105473841 -0.25614285623890054 -0.231927478167947 -0.20845577420277883 -0.18754606815975627 -0.1699623877423302 -0.1554181605163365 -0.1431354727231069 -0.13253656973566652 -0.12370020490142397 -0.11718152598970544 -0.11291555529943142 -0.11050428364596276 -0.1095717280680859 -0.10984446548673676 -0.1111165513379081 -0.1132488382566661 -0.11612515395083645 -0.11947248320788428 -0.12268887659452887 -0.12546521917275677 -0.12782390595841753 -0.1298669804916317 -0.13166801832430108 -0.13331018747666723 -0.13478931396523008 -0.13616400201576806 -0.13742162133789437 -0.13860721418271438 -0.1397021182068081 -0.14074417127813943 -0.14171157120893985 -0.14264076036052176 -0.14350570267454565 -0.14434374971996244 -0.14512380959376658 -0.14588313832017463 -0.1465896192934717 -0.1472800667431755 -0.14791961788191643 -0.14854545250482376 -0.14913431289674972 -0.14971129150286355 -0.15025186218657982 -0.15078353927638344 -0.1512894971304204 -0.15178247989818283 -0.15224336255052262 -0.15270235982543934 -0.1531402704067546 -0.15356987235489195 -0.15397513841063715 -0.15438175442556124 -0.1547643429553094 -0.1551355185964014 -0.15550252392110586 -0.1558426799495316 -0.15619595434579114 -0.15654251539744135 -0.1568652285526353 -0.15720176374669137 -0.15751725382539816 -0.15781813161898173 -0.1581033327361041 -0.15840355230308578 -0.15869266633473966 -0.15900884442293983 -0.15925206498005573 -0.15949405301166242 -0.15974500860033491 -0.16000905256000952 -0.1602641299472949 -0.16051975937989438 -0.160736417836693 -0.16096163355351223 -0.16119487849822467 -0.16142971647631277 -0.16165474223416876 -0.16187261994480528 -0.1620691904256113 -0.16227549521575835 -0.1624851765323485 -0.16270107843713477 -0.1629072604687094 -0.16310646013178043 -0.16269563087208394 -0.16253661152907495 -0.16243537755748383 -0.16236762609206568 -0.16231736261219187 -0.16226982013719793 -0.16222132805143685 -0.16217076990190926 -0.16207301174626143 -0.1618150314199822 -0.16147032483823076 -0.16123883727665445 -0.16092086153015916 -0.16064716124892264 -0.16033514420078543 -0.1599662731051219 -0.1596111942801639 -0.15947602271476513 -0.15926199584188905 -0.15888492391478848 -0.15867128682886755 -0.1583629807625908 -0.1583236660667402 -0.15782273562170346 -0.15754513767180045 -0.15657984777083134 -0.15585063999964 -0.15512012278149956 -0.1542816993098708 -0.15328693573097474 -0.15240915464387328 -0.15158294526559568 -0.15056451323964315 -0.1499652587622795 
# Stellar mass-weighted [C/O]:
0 -1.1102230246251565e-16 -1.1102230246251565e-16 -1.2376150053631392 -1.2535416630161218 -1.0549221305624907 -0.9380758617763332 -0.8913745664986705 -0.8535226178821211 -0.8142535304566885 -0.7824809101487964 -0.7577504890709195 -0.7377592190282793 -0.7209863534509809 -0.7063812257104424 -0.6932862139864687 -0.6812475888205335 -0.6698584350321275 -0.6589949920113567 -0.6486284024921434 -0.6386609590573524 -0.6290031921763773 -0.619673418314627 -0.610675149739668 -0.6019876378945779 -0.5930591146704154 -0.5830279431833559 -0.5717401695786997 -0.5595275233223392 -0.5467664324980324 -0.5337408162171774 -0.5206276607826185 -0.5074860212295184 -0.4945299865739068 -0.48157000341397205 -0.46828757667107623 -0.45466352214158634 -0.4407162074212049 -0.4263888621950539 -0.4124308344491089 -0.39842723006503344 -0.3850206852483856 -0.37142559166840716 -0.3583585692412651 -0.34524497398217524 -0.3326928440226753 -0.32014618742878154 -0.3082076443540024 -0.2960771482210056 -0.284780928321704 -0.2732883201097792 -0.26257991388496804 -0.25188675437137276 -0.2419641205592996 -0.2322726603398545 -0.22306340416378034 -0.21410259714565966 -0.20579736616062905 -0.19725334809326245 -0.18945901896865208 -0.1817383323208397 -0.17426312756957663 -0.16685972065466437 -0.16005560228741217 -0.15307997494004916 -0.14636169567264307 -0.1399049675939243 -0.13403540318917234 -0.12803577000666966 -0.12247003940457585 -0.117119750431887 -0.11220507071290503 -0.10715280315649256 -0.10237553563691637 -0.09781143458943775 -0.09367463724296865 -0.08940531407428598 -0.08526246170487534 -0.08116257040248048 -0.07754608224807091 -0.0739327274240571 -0.07045670377223301 -0.06680371077691655 -0.06344522013805054 -0.06026001233045686 -0.05734280705609074 -0.05430067537515104 -0.05133437325049911 -0.048218905662881895 -0.04551252311739862 -0.04292196411356414 -0.0404844067159188 -0.03790528656439296 -0.03538675612997977 -0.03275964121132152 -0.030394379267887073 -0.02818540071432646 -0.02613746620947094 -0.023975550001178236 -0.021867982987234302 -0.019661274179571975 -0.025690186421625794 -0.028184359907242384 -0.03002345040446014 -0.0315660865714108 -0.032917533670483556 -0.03412351260579727 -0.03521382539389578 -0.036211026589691886 -0.03798774461586313 -0.04449874073039406 -0.05192648453589804 -0.05630181795868483 -0.05913318003828327 -0.06116296331324195 -0.0633659468528242 -0.06484219709495914 -0.06590532275424643 -0.06615191268747578 -0.06668363528709559 -0.06722379408437706 -0.06774888816672914 -0.06795616900251011 -0.06811349892132723 -0.06838698160371764 -0.06885154332070609 -0.06914197273705897 -0.06930167906734175 -0.0693740990293995 -0.06923259573085394 -0.06869661935633808 -0.06863927683687748 -0.06808348277467047 -0.0678623040634142 -0.06750656767075919 
# Stellar mass-weighted [O/H]:
0 -5.218485947384705 -6.619745093912217 -4.492177387269045 -2.8735101705629287 -2.5896059575660058 -2.519518547644714 -2.5200791383802708 -2.534633695542719 -2.545408048104288 -2.5516996670981937 -2.5549222105365175 -2.5566273369232864 -2.557492772294248 -2.55787548078876 -2.557965382883796 -2.5578682792201075 -2.5576423272240403 -2.5573261933924307 -2.5569530322980283 -2.5565452655698166 -2.5561198253972774 -2.5556836273572614 -2.555234522091528 -2.554778728643525 -2.554326776948481 -2.5538807650440694 -2.5534311101782112 -2.5529837751799525 -2.552539884037156 -2.5521025787922715 -2.5516737858039997 -2.551248889713646 -2.550825383084378 -2.5504106553580437 -2.550010473224 -2.5496125580293345 -2.5492109876760143 -2.54880498030046 -2.5484268916968995 -2.5480397496433778 -2.547674179988203 -2.547295026403612 -2.5469438354464264 -2.5465764764390686 -2.5462349988331345 -2.5458823940108877 -2.5455475993448697 -2.5452076127848837 -2.5448787836278353 -2.544547080410773 -2.5442382104137433 -2.5439137694905947 -2.5436170048859417 -2.5432928758648563 -2.543003977396314 -2.5427123535376985 -2.5424190608741677 -2.5421275744148613 -2.5418599007409446 -2.5415720801735677 -2.5413001284597305 -2.541028956185631 -2.5407747957749134 -2.5404962963105344 -2.540239506324049 -2.5399974921017083 -2.5397532588345717 -2.539481593747137 -2.539243808881386 -2.53901560433796 -2.538783117870917 -2.538519176944847 -2.5382912750062214 -2.5380815215138988 -2.5378702541502483 -2.5376217256122846 -2.5373899697007465 -2.5371814817587675 -2.536993842503769 -2.5367745907198236 -2.536547131052087 -2.536320690871375 -2.5361358933041993 -2.5359517323997505 -2.5357578928983715 -2.535540330063456 -2.535321801654983 -2.535122313302611 -2.534963419861911 -2.534787885283958 -2.534601114333297 -2.534392512304019 -2.534190586662377 -2.534001748780515 -2.533848876135739 -2.5336870678174357 -2.5335180934960677 -2.533326765874903 -2.533138542011425 -2.532944314640887 -2.5334722548348356 -2.5337204646299645 -2.533906676242788 -2.534048279633473 -2.5341588526997274 -2.5342549240999697 -2.534340320171518 -2.534422039023168 -2.5346298619217986 -2.5352752280533952 -2.536016831899903 -2.5364286889349383 -2.5367128015093794 -2.5369585930412057 -2.53717370323447 -2.5373011163668293 -2.537399452314741 -2.537380199407803 -2.537473981577346 -2.537497044446403 -2.5375075198828334 -2.537536371007664 -2.5375625794724117 -2.537514240918207 -2.537532341026229 -2.5374463474620113 -2.537390645601672 -2.537336951879859 -2.5372675658182207 -2.5370208383587176 -2.5369752277768463 -2.536761267235275 -2.5366865873079885 -2.5365437734924523 
# Gas [Mg/H]:
-5.218485947384705 -6.812943270487043 -4.491786984489806 -2.541526038221946 -1.9670570853842673 -1.6166827278632079 -1.3795592296552108 -1.1883044349472813 -0.962697912054046 -0.6625989481833718 -0.3404206260632092 -0.13348288855716106 -0.05790938436918225 -0.04559685184380058 -0.05126839529907912 -0.05842963790962852 -0.06203704026711865 -0.06182024238421224 -0.06005419353494368 -0.060122644697139016 -0.06504866563507683 -0.0686207891212609 -0.07283634088700008 -0.07836927318029563 -0.0899305807743076 -0.08633847919501392 -0.08399676221344521 -0.08496352403762852 -0.08780764794958795 -0.0889121406811837 -0.08981486376380765 -0.08983452602272379 -0.0905338270861602 -0.0871499849223989 -0.08104612888544871 -0.06784638087301431 -0.05136815315127663 -0.03576772647486415 -0.01948699685250599 -0.0025623505090619503 0.008216407606941978 0.020882995555679962 0.03267398709865521 0.045007259073162054 0.06214715162852702 0.06848953689807402 0.07543370311199915 0.08892321654594948 0.09583533318696968 0.1019836850193494 0.11101671438006022 0.11382030286169531 0.11209078264421102 0.10800319631307165 0.09919193567614304 0.09454961837101283 0.09553898327141308 0.08314392238104507 0.07613762259209444 0.07274693499036289 0.060457934920768786 0.05569588408738113 0.05789179427597979 0.05297551327256045 0.055211973385906 0.035425836237521935 0.026279000458883317 0.020846711096972115 0.01443909864918691 0.015257612710185775 0.01550295155304493 0.006147890758374963 -0.003770948549219888 -0.005226401774410583 -0.0048470099149930945 -0.010724821213362823 -0.018587214947784148 -0.024042239273971866 -0.02552023747429466 -0.028473868475676234 -0.035733362219569464 -0.04591398190086604 -0.051988850377206575 -0.05150637533707858 -0.049060745903929615 -0.056583278698941086 -0.04884378124214539 -0.08020606058626267 -0.0907050908739988 -0.08563123323775024 -0.08552484676487726 -0.09114014212421662 -0.09966391543075126 -0.0881928396782099 -0.10779383549813737 -0.11679839480831511 -0.1148327091237995 -0.11876717821226279 -0.12456262793968165 -0.13312383809599027 -0.14166027515106183 -0.141902927158422 -0.13985628956395235 -0.13819084327682862 -0.13791218748822587 -0.13898364159685972 -0.14061367732904717 -0.1423855196111239 -0.14427253157276798 -0.14458709284444016 -0.15119566125289818 -0.16282202042090166 -0.17014959883848668 -0.1763681520697089 -0.1814664435080129 -0.18502276811856877 -0.18714955115898047 -0.18818955705470053 -0.18895585017664374 -0.18894750145825157 -0.18880455585338485 -0.18757628303670604 -0.18658508615662406 -0.18554072454288573 -0.18345064583397797 -0.17890805930611187 -0.17090515986079158 -0.16285732872840253 -0.15774948890380713 -0.15465779249327927 -0.15346341233204086 -0.15182001957662727 -0.15166075870062645 -0.15181256521259723 -0.15168342787519684 
# Gas [C/H]:
-5.218485947384705 -6.812943270487043 -5.5377043966063635 -3.5799839299222986 -2.7766643285942774 -2.265009869952297 -1.9287512088935177 -1.5306350731152518 -1.0133487947984854 -0.5010224914924439 -0.0806985415828696 0.1735725983920795 0.27566024080777707 0.306466998562517 0.31598749771836276 0.3222166524919219 0.33150986635518453 0.3430863261345798 0.35503717137880786 0.3675470632935718 0.3803710838498815 0.39288715468649205 0.4042290065083147 0.4146504493809746 0.43404958314057085 0.4732893493017021 0.522845232950834 0.5715678849570232 0.6152290954108466 0.6535223437878122 0.6870771204545241 0.7175104822592613 0.7430213794242242 0.7684944374157112 0.7998511663758183 0.8347166681670992 0.8691385272788219 0.9011139757466569 0.932546500835012 0.9573400199646112 0.9808974673681266 1.0040852768555832 1.025419029704893 1.045357251387233 1.0639380601733865 1.0809085782233074 1.0969851826946 1.11371543349243 1.1266917862461114 1.139479828531265 1.1522758581703325 1.1622678752126268 1.1697491969310083 1.175752557437169 1.1807023305349227 1.1858963872461707 1.1908967427648762 1.1952071515200275 1.1998303585056784 1.2044784342829695 1.2083881098695142 1.21259941982381 1.2172618206266175 1.220717988292817 1.2239264861284007 1.2265704187387212 1.2254179926227198 1.223644112306498 1.2201129027571662 1.2181078648545007 1.2151310413440206 1.2109694107125755 1.206177823039149 1.2037142239745293 1.2007866070938387 1.197136018682874 1.193289471173022 1.1899583992037348 1.186954344660775 1.183324041807463 1.1793799354386536 1.175260425807017 1.171698232798346 1.1687598572353655 1.1655787681454375 1.1615831014387443 1.1575877060770385 1.1535607260506913 1.1506946395168862 1.1481580073310353 1.1447064156674296 1.1409093727608575 1.1370803717512858 1.1323382694252828 1.1309193200615506 1.1279238599004073 1.1251136760805758 1.1215826728577807 1.1175930880795133 1.1126042335882254 1.1120926109526028 1.110413893705395 1.109437403028251 1.1081440891375265 1.1066520177972232 1.1052806749199586 1.1037987331660233 1.1023251890899832 1.1009041660446939 1.0985689811522144 1.0868604056941122 1.0638799823685727 1.0415461744854562 1.0196534185981587 0.9999767039366927 0.9752082704813856 0.9536379415532799 0.934524644801257 0.9297286884697247 0.9168581435172705 0.9012360806743991 0.8884252842590881 0.8807086114998581 0.8775365350997983 0.8641913634309368 0.8510319772831338 0.8286084876218331 0.8109457998099252 0.7960811609408975 0.7827083567315873 0.7701670550474335 0.7600989503037656 0.7500478873705947 0.740966336953603 0.7331426571959874 
# Gas [O/H]:
-5.218485947384705 -6.812943270487043 -4.27494275615383 -2.326003383190792 -1.7962151551044254 -1.4910319177051736 -1.2858498732798989 -1.1087905665360047 -0.8724090182840047 -0.5479406329001768 -0.2117578268895488 0.003697715860487616 0.08696543726702144 0.10514372647860659 0.10313919370572622 0.09682001617700164 0.09082803579541654 0.08619972010410404 0.0820438635252132 0.07749461528860868 0.0721407427717522 0.06696479792719723 0.06149767119067917 0.055971539852873065 0.05081387703617235 0.04728212227737938 0.04430654792037547 0.0414471116094659 0.03845262683584405 0.03659303050126983 0.03409528681904339 0.03173377814151479 0.029291107200154265 0.026890512870453076 0.02697031530466143 0.029228257438393968 0.03015028046675461 0.03174675788577863 0.03554979930680435 0.036523711400484604 0.038758999880156964 0.04075207085773247 0.04210340980623117 0.04400770531826215 0.04522179093968948 0.04694690792148881 0.04841624264550548 0.0493309335537937 0.05160729099777184 0.05114922299101332 0.05463146228546867 0.05505428912064714 0.055891761113041394 0.05855929130811566 0.05479643412760815 0.05777375344035374 0.06072026750651105 0.05727380733337828 0.060529649336549696 0.06359447904477511 0.060354788889516175 0.061487809778575375 0.06533136570423848 0.06386742579565086 0.06056289591194597 0.06320832395522258 0.06594854756134216 0.06285611440258654 0.05897187630387268 0.062267802574449416 0.0635850528069386 0.058753970997337035 0.053167856508736566 0.056727893568399246 0.060154613543133895 0.0571616717101473 0.050540446180932896 0.04936444883638824 0.05411356291580782 0.055524897771927595 0.051821140220019934 0.04485714230312432 0.043099546147258305 0.04968722643643453 0.05217561187524522 0.048477892096548736 0.04341988253497009 0.03714707191956235 0.041197471970728206 0.04734963125200187 0.04843159303858169 0.04418901868610314 0.03820748973623456 0.03161896269338227 0.03423440533848243 0.041602763250149 0.044928491884071775 0.042301636445927215 0.03728877577665157 0.030357995770185386 0.02486994735859538 0.027145762517195138 0.030486329920969002 0.03283657884964564 0.033444322779843993 0.033041906112242 0.03211360907194116 0.03083226493638147 0.029520380887816167 0.030100153479606817 0.028272423947278913 0.023770873880914145 0.020519673535429384 0.01703896703839325 0.014844949361871862 0.013332595820586324 0.012208918718663586 0.011706725498309645 0.01117212996241257 0.011293494988137809 0.011287804949495772 0.012665293447832404 0.01358514202041583 0.014570630602850798 0.0165500292960985 0.020811985092009433 0.028358361229673168 0.03557026509066308 0.04043864816830167 0.04315581623860343 0.04410850339949057 0.04557751388407816 0.04556047074215508 0.04530709615269579 0.045255942747076894 
# Gas [N/O]:
0.0 0.0 -1.8658835969486405 -1.8667608356498326 -1.5841971449750298 -1.013416781805353 -0.43625380389550794 0.07875500205438757 0.46634481557960966 0.7041419651438655 0.8111353549953468 0.849609891548738 0.8587971196502305 0.8639250896682655 0.8733676579514781 0.891764813528843 0.9227316992136746 0.9594281105527023 0.9938089891883313 1.0126405236145968 1.0150088890195126 1.0065290483503324 0.994375091473708 0.9813714034553789 0.9621311121870847 0.9260893341372597 0.8738859885279516 0.8091014243000367 0.7333544973285118 0.6437235237821004 0.5370886796314929 0.4021018988018486 0.2158765255498969 -0.057852513185114196 -0.40384209638873214 -0.7456007127760138 -0.9875359239060821 -1.0721097135547704 -1.128678181286162 -1.1572180095092448 -1.1606490638309213 -1.1605691612773446 -1.1619360011572182 -1.1618427577440875 -1.1686576548833254 -1.1681927568983657 -1.170620971083539 -1.1753835691656631 -1.174156807377213 -1.1760398117358708 -1.1815096607380133 -1.1766343961050172 -1.163571690717315 -1.1486905530355145 -1.1336979913721834 -1.1300379643936551 -1.116534747478831 -1.0952803090024257 -1.0872265332727706 -1.0839752475995479 -1.0720736339601706 -1.0585333453287886 -1.0503156684329131 -1.032221360685474 -1.0282240274223389 -1.0560802240027076 -1.0329893914479293 -1.0070933644977123 -1.00914497075308 -1.0036412894393894 -1.0241042893788355 -0.9310210850587912 -1.0016597934711207 -1.0527379159384695 -1.0247606582503817 -1.0277515143605973 -1.0134680225741497 -1.002873103082872 -1.0070513507514365 -1.0163653304078837 -1.0039810779032594 -1.127734468128244 -0.9922094268512993 -0.9447818475258791 -0.9539661606775152 -0.961175807988377 -0.9816334405941909 -1.0221427645032397 -0.9906661603009361 -0.9722131596108268 -0.9751437922726915 -0.9566051939518172 -0.9827797344429261 -0.9880997977840607 -0.9936946775578859 -0.9933540052171284 -0.9907504904171747 -0.9802157404874541 -0.9948419538235578 -0.9950059078522151 -0.9614433296352798 -0.9651846431901383 -0.9642937206869151 -0.9643965993686727 -0.9671897746205476 -0.9691014455342559 -0.9721698218689756 -0.9730744563819351 -0.973523047921975 -0.9730717435843563 -0.9838727079176368 -0.9913131273997853 -0.9962619983873708 -0.9988668012791289 -1.0020949640736405 -1.0082927930269712 -1.0154222794219339 -1.023361968268252 -1.0250258357288722 -1.0301030155768076 -1.0372240606835021 -1.0444416733553614 -1.0490944993029185 -1.0515927584386118 -1.0606076519752565 -1.0720691330316343 -1.0922935278327663 -1.110994468003038 -1.1255096444280128 -1.1366600467568455 -1.1459258821710083 -1.1529342189111866 -1.1583067409523728 -1.1646022591321468 -1.1688281023662328 
# Gas [N/H]:
-5.218485947384705 -6.812943270487043 -6.1408263531024705 -4.192764218840626 -3.3804123000794553 -2.504448699510527 -1.7221036771754061 -1.030035564481616 -0.40606420270439525 0.15620133224368882 0.5993775281057978 0.8533076074092256 0.9457625569172516 0.9690688161468719 0.9765068516572044 0.9885848297058448 1.0135597350090912 1.045627830656806 1.0758528527135445 1.090135138903205 1.0871496317912643 1.0734938462775294 1.0558727626643871 1.0373429433082522 1.0129449892232567 0.9733714564146392 0.9181925364483274 0.8505485359095029 0.7718071241643556 0.6803165542833702 0.5711839664505365 0.4338356769433629 0.24516763275005138 -0.030962000314660898 -0.3768717810840707 -0.7163724553376198 -0.957385643439328 -1.040362955668992 -1.0931283819793576 -1.1206942981087602 -1.1218900639507643 -1.1198170904196125 -1.1198325913509874 -1.1178350524258258 -1.1234358639436364 -1.1212458489768764 -1.1222047284380334 -1.1260526356118694 -1.1225495163794408 -1.124890588744857 -1.1268781984525447 -1.1215801069843696 -1.1076799296042736 -1.0901312617273984 -1.078901557244576 -1.0722642109533016 -1.0558144799723195 -1.038006501669047 -1.0266968839362205 -1.020380768554773 -1.0117188450706545 -0.9970455355502139 -0.984984302728674 -0.9683539348898229 -0.9676611315103925 -0.9928719000474855 -0.9670408438865872 -0.9442372500951253 -0.9501730944492071 -0.9413734868649399 -0.9605192365718969 -0.8722671140614535 -0.9484919369623839 -0.9960100223700703 -0.9646060447072475 -0.9705898426504502 -0.9629275763932172 -0.9535086542464839 -0.9529377878356282 -0.9608404326359565 -0.9521599376832395 -1.0828773258251196 -0.9491098807040412 -0.895094621089445 -0.9017905488022704 -0.9126979158918278 -0.9382135580592204 -0.9849956925836771 -0.9494686883302084 -0.9248635283588253 -0.9267121992341094 -0.9124161752657134 -0.9445722447066913 -0.9564808350906784 -0.9594602722194043 -0.9517512419669787 -0.9458219985331029 -0.9379141040415266 -0.957553178046906 -0.9646479120820297 -0.9365733822766842 -0.9380388806729432 -0.9338073907659457 -0.9315600205190266 -0.9337454518407036 -0.9360595394220139 -0.9400562127970344 -0.9422421914455539 -0.9440026670341588 -0.94297159010475 -0.9556002839703579 -0.9675422535188716 -0.9757423248519412 -0.9818278342407352 -0.9872500147117691 -0.9949601972063853 -1.0032133607032705 -1.0116552427699421 -1.0138537057664596 -1.01880952058867 -1.0259362557340062 -1.0317763799075292 -1.0355093572825025 -1.037022127835761 -1.0440576226791576 -1.0512571479396247 -1.063935166603093 -1.0754242029123757 -1.0850709962597112 -1.093504230518242 -1.1018173787715178 -1.107356705027108 -1.1127462702102182 -1.1192951629794505 -1.1235721596191555 
# Gas [C/O]:
0.0 0.0 -1.2627616404525337 -1.2539805467315055 -0.9804491734898522 -0.7739779522471235 -0.6429013356136184 -0.42184450657924755 -0.14093977651448092 0.04691814140773251 0.1310592853066795 0.16987488253159155 0.1886948035407563 0.2013232720839106 0.21284830401263646 0.22539663631491982 0.24068183055976738 0.2568866060304756 0.27299330785359455 0.29005244800496344 0.3082303410781295 0.32592235675929526 0.3427313353176356 0.35867890952810133 0.3832357061043983 0.42600722702432253 0.47853868503045865 0.5301207733475571 0.5767764685750026 0.6169293132865422 0.6529818336354811 0.6857767041177468 0.7137302722240695 0.7416039245452579 0.7728808510711569 0.8054884107287054 0.8389882468120674 0.8693672178608782 0.8969967015282077 0.9208163085641267 0.9421384674879696 0.9633332059978509 0.9833156198986618 1.001349546068971 1.0187162692336973 1.0339616703018182 1.048568940049095 1.0643844999386363 1.0750844952483392 1.0883306055402513 1.0976443958848638 1.1072135860919796 1.113857435817967 1.1171932661290531 1.1259058964073145 1.128122633805817 1.1301764752583652 1.1379333441866497 1.1393007091691283 1.1408839552381949 1.1480333209799982 1.151111610045235 1.151930454922379 1.1568505624971668 1.1633635902164543 1.1633620947834986 1.1594694450613778 1.1607879979039115 1.1611410264532935 1.1558400622800513 1.1515459885370816 1.1522154397152382 1.1530099665304125 1.1469863304061296 1.1406319935507045 1.139974346972727 1.1427490249920893 1.1405939503673466 1.1328407817449677 1.1277991440355355 1.1275587952186332 1.1304032835038926 1.1285986866510878 1.1190726307989307 1.1134031562701923 1.1131052093421956 1.1141678235420684 1.1164136541311291 1.1094971675461585 1.1008083760790335 1.096274822628848 1.096720354074754 1.098872882015051 1.1007193067319005 1.0966849147230684 1.0863210966502583 1.0801851841965038 1.0792810364118532 1.080304312302862 1.0822462378180395 1.0872226635940074 1.0832681311881998 1.0789510731072818 1.0753075102878809 1.0732076950173792 1.0722387688077166 1.0716851240940821 1.0714929241536015 1.0713837851568777 1.068468827672608 1.0585879817468329 1.0401091084876586 1.0210265009500268 1.0026144515597655 0.985131754574821 0.9618756746607992 0.9414290228346159 0.9228179193029474 0.9185565585073122 0.9055646485291322 0.8899482757249033 0.8757599908112554 0.8671234694794422 0.8629659044969478 0.8476413341348381 0.8302199921911244 0.80025012639216 0.7753755347192621 0.7556425127725962 0.7395525404929839 0.726058551647943 0.7145214364196875 0.7044874166284403 0.695659240800907 0.6878867144489105 
# Gas [Ca/H]:
-5.218485947384705 -6.812943270487043 -4.768648950481836 -2.817840074293054 -2.2203629041125614 -1.8431826634652504 -1.5720717252777314 -0.7165538247694059 0.04606838863093987 0.6348487989154252 1.0751696135585203 1.3282988457946177 1.4227348138391491 1.4433640338946425 1.4412087796539854 1.4341042478276398 1.426845032271972 1.4204775454734104 1.414712497789405 1.4093184581869043 1.4036807671580345 1.3985913265939809 1.3933988115209077 1.388184296014205 1.3831772456574498 1.3802781867343494 1.3766258190498526 1.3731089955853077 1.370248997788262 1.367723368001057 1.365384037042908 1.362931322671347 1.3600636399327444 1.3573881533326366 1.3568739949924566 1.358505593271067 1.3595382436588421 1.3607825163339742 1.360212827168806 1.359311657718699 1.3610676010065106 1.3627374038606401 1.3631542732106139 1.3644541431007733 1.3646030260633086 1.3658593490512816 1.366117280432455 1.3660849360569873 1.367742028800035 1.366233011390686 1.3689592219623599 1.369050472685494 1.3695101999962436 1.3711887243079373 1.3687218679856228 1.3713771894164966 1.3735953302623107 1.3696533955977408 1.372888432219166 1.3759198667916888 1.3725848464806436 1.3737823558259592 1.3780405622707805 1.3759454969704201 1.3715332781530725 1.3757598077339255 1.3772826324740217 1.3738962110856097 1.3705603337718824 1.3737501429758732 1.3747222172897455 1.3683344993316489 1.3639877578723878 1.3691781354765595 1.3724144984772462 1.3690590119389308 1.361882605309801 1.3606334120332386 1.3656762736167467 1.3672828286493948 1.3633242467695075 1.356068211459295 1.354864710360375 1.3625411491872228 1.3642815408863278 1.3601042708494644 1.3537381390262109 1.3465986960909682 1.3519051704773482 1.3594560473598758 1.3604780495117987 1.3552297960238313 1.349966959805319 1.3432826852634738 1.345681936093877 1.3537113444774223 1.3564706065794443 1.353992128607115 1.3483770611372075 1.341452500478809 1.3358066733381788 1.338186740522982 1.342445645414232 1.345218414272483 1.3443416267819757 1.3445890401871834 1.3444511148917728 1.343422347223262 1.3419385037991916 1.342535539337419 1.3408815278015656 1.3365136672594353 1.3338086248658305 1.3309166135151873 1.3293895195031933 1.3290707903578056 1.329130768298671 1.3297425762792976 1.3294931656065945 1.3305174877779162 1.3314143302081831 1.3336830797619843 1.3351384878278143 1.3363878693713458 1.3393153568432572 1.34464707321093 1.3539875116680458 1.3626061747955633 1.3685500688044572 1.3721099117181321 1.373672082647312 1.3756819894715342 1.3760978707933527 1.3762137568108486 1.37651340201709 
# Gas [Ne/H]:
-5.218485947384705 -6.812943270487043 -4.46447976622826 -2.5136608667681486 -1.9238483308849066 -1.5826363609796097 -1.3667338935665647 -1.2169065426344101 -1.0922051499537924 -0.9574825689622672 -0.8451267348047296 -0.7817625548733078 -0.782044758707757 -0.7923646790695233 -0.8013845130680259 -0.8073026622148953 -0.8183764420804795 -0.8174580245723062 -0.8208562000012867 -0.828355710739662 -0.8331021317224021 -0.8376466386543475 -0.8422629112106899 -0.8469302623851567 -0.851202179268828 -0.8538521088617479 -0.856800827957862 -0.8603616902793814 -0.8686803511126637 -0.860713386439591 -0.8584962350235532 -0.8984439757417908 -0.8664275664342522 -0.8412283317612212 -0.8398701750731332 -0.8485419350180097 -0.8426213183431663 -0.8305482295834965 -0.8201123970696482 -0.8006450786526935 -0.7918997722285699 -0.7899546071459653 -0.7876976098688475 -0.771813790200274 -0.7761912853371999 -0.7443020185195133 -0.743975793510459 -0.7408796246824592 -0.7342488341441964 -0.7266667509707974 -0.7193200735167817 -0.7119364381555577 -0.7115325323407102 -0.7108470655473038 -0.7078910092539754 -0.6871322991844204 -0.6952638479865234 -0.6990564338053513 -0.6955786895742486 -0.6866021204908899 -0.6874801272654958 -0.6804661552365889 -0.6781035042077557 -0.6811085967474169 -0.6811589269470355 -0.6763962192478568 -0.6775900224864513 -0.6740426945490148 -0.6848840343023692 -0.6758375382720754 -0.6874479482851985 -0.695827629693861 -0.7046272645154117 -0.7032048649437419 -0.7035380234581288 -0.7037716181348275 -0.716412379931052 -0.7222169670191336 -0.7188962592282477 -0.7162304596012241 -0.7266428153044933 -0.7307331869029099 -0.7391299295339593 -0.7354605791753555 -0.7439656704327362 -0.7330208109462726 -0.7520456453454383 -0.7664756273630022 -0.7653639046411618 -0.7568895517424457 -0.7652328768687733 -0.7666625452301803 -0.7718114501852114 -0.778249712782614 -0.7865634129086541 -0.7800325680452183 -0.7568926122330719 -0.8219597198873592 -0.7873514914996971 -0.7847633374109417 -0.8122928929177267 -0.8161990338047458 -0.8124310046540888 -0.8105319783815288 -0.812188631257535 -0.8113188261059401 -0.8128556924750381 -0.8159663220076849 -0.8186133841966043 -0.8214563995099491 -0.8301013647948086 -0.8457038839336537 -0.8564018231114732 -0.8661044420894957 -0.8735616223171601 -0.8805003308612633 -0.8851918920879553 -0.8875909261108124 -0.8892559168274232 -0.8902198038073532 -0.8915810049093293 -0.8914607368086918 -0.8911385119721089 -0.8903522727266786 -0.8895978982488923 -0.886086821088087 -0.8798890670568644 -0.8732098674421351 -0.8690528470405443 -0.8670392832155063 -0.8664958507305682 -0.8652447164688271 -0.8655133138780542 -0.8659550624577914 -0.86606449942055 
# Gas [Si/H]:
-5.218485947384705 -6.812943270487043 -4.449209197879396 -2.4985576026816654 -1.9132741481320013 -1.546301748892934 -1.2905729793625662 -0.6895565953901954 -0.0013804128718675202 0.5707849856774923 1.0067231409726598 1.2585458588565293 1.3526263732448016 1.3731504993924695 1.3709998006615098 1.3638862431935754 1.3566307936471218 1.3502588897163803 1.3445455233424273 1.3391395024144255 1.3334793306564707 1.328382537871971 1.3231801985700158 1.317963861184718 1.3130039172691506 1.3094984981327946 1.3063869680871867 1.3032620621587978 1.3002958832804863 1.2983769122170172 1.2951071147481956 1.2922770998173507 1.28962912323058 1.2871776019649475 1.286629271862116 1.2880593684745447 1.2886410491658058 1.2882848510609803 1.2904008112946994 1.2907289956346233 1.2918656726611601 1.2929263678154617 1.2931458370261297 1.2945886266293027 1.2944699116809932 1.2953819293379798 1.2961039716754343 1.2962372819825188 1.2977291205834098 1.2961860121167308 1.2989854508026695 1.2989720240436173 1.2994509850162919 1.301132591249266 1.2984958731705114 1.3012643550868215 1.3036562141296404 1.2996200025369515 1.3028009412937696 1.3058648707077052 1.3025741368284152 1.3032953720655245 1.3071970966003876 1.3055529965210866 1.3018325479441302 1.3057883640367667 1.3073760581221876 1.30359806448898 1.299961223761473 1.3035537041456378 1.3048055109192522 1.2998593853170775 1.2938224733924928 1.2980314188187219 1.3015325918375473 1.2984505671886222 1.291628930125388 1.2904637830865702 1.295468520940552 1.2970220781320005 1.2931399204000553 1.2859021248398763 1.2846589447984385 1.2906408440331827 1.2937604959560054 1.2909100794770856 1.284373582146046 1.2768137452219692 1.2815176396382046 1.2890264523813384 1.2901467063427825 1.2859794417025374 1.27963268309104 1.2724616606438666 1.275236159139316 1.2834232811688655 1.2867763454095007 1.2841275778289822 1.2781942531828325 1.2712818558384638 1.2641268606109692 1.2675083872566835 1.2725863085374005 1.2752068364192213 1.2759557436650097 1.2756355714961454 1.2745886338355161 1.2730066107019549 1.2715307694338822 1.272184815169958 1.270575370657185 1.2661524244088027 1.2635315746929883 1.2606294935192675 1.2591150677190797 1.258783979782995 1.2588623002333845 1.2594721617479667 1.2592268542371614 1.2602297524230197 1.261143851055333 1.263404076935979 1.2648573711238855 1.2661088850284652 1.2690316525100584 1.2743698054376869 1.283702826521941 1.2923259915091312 1.2982673955131183 1.3018282268471708 1.3033883594786602 1.305399552488915 1.3058168096935319 1.3059301205942617 1.3062318014738579 
# Gas [S/H]:
-5.218485947384704 -6.812943270487044 -4.52978060274472 -2.578658023708199 -1.9786112125719795 -1.6022633763282563 -1.3420645620229452 -0.7133847747242141 -0.014537830572110444 0.5601872691529604 0.9967233358417493 1.2487272797596813 1.342827901858123 1.3633963419452875 1.361280860639937 1.354164881084853 1.3468973533863986 1.3405587103476484 1.3348110197895786 1.3293763893633996 1.3237584443383175 1.318632251966803 1.3134183850400656 1.308219765045831 1.3033041049421468 1.3007580245298498 1.2966706011818068 1.2929867322790338 1.2899817582105801 1.2878137004315784 1.2853549556266817 1.2829872344397142 1.2803197235735397 1.2775067981796862 1.2768927061664619 1.278386879993774 1.2817687490680418 1.2785597207473027 1.2790568786268905 1.27993936168249 1.281506390837437 1.2829384190759603 1.2833879898066152 1.284726059781374 1.2848497108525292 1.285725992450958 1.286113938389433 1.28639412391139 1.2879113764404817 1.2863678547974815 1.2890322178006848 1.2891210289416417 1.2897029624607446 1.291375879905131 1.2886950074871821 1.2914133094441578 1.2938521947629296 1.2898850020874693 1.2930628413497671 1.2960931629003967 1.2921567127662672 1.2935500809862726 1.297754278847405 1.296180292931031 1.29219348863759 1.2960654489559595 1.297605551681834 1.2938841789262385 1.290281617411694 1.2937379868936394 1.2949811147101826 1.290204074301184 1.2841725350033486 1.2883848046727544 1.291866825391713 1.288757867612627 1.2819055253305511 1.2807424386140491 1.285832573020953 1.2873442161958066 1.2834169974554621 1.276174448042347 1.275059565496424 1.284214559517165 1.2841221962737865 1.2792233289601551 1.2730176908911957 1.2671139877621025 1.2720138101795988 1.2792796135681295 1.2807071122616476 1.2765846948873758 1.2697919955798227 1.262556652638641 1.2655252268583634 1.273833204129133 1.2771151980300544 1.2743810055411489 1.2685105847287792 1.2616437542792602 1.2952541624391292 1.7309032048917308 1.605283759620049 1.4109672768433343 1.2645616303764982 1.2658869607484537 1.264944175345259 1.2633486133827936 1.2618575669118877 1.2625181040528024 1.2609190300766624 1.256495091152623 1.2538642039230847 1.2509759274170045 1.2494569566129794 1.2491245570511817 1.2492111493968383 1.249812133188735 1.2495659879775078 1.2505732562577134 1.2514853762200318 1.2537443182015657 1.255196423659692 1.2564471198033744 1.2593692606589175 1.2647053699033877 1.274027541132348 1.2826568980836748 1.2885971669103462 1.292157147340737 1.2937009045859913 1.295726370284731 1.2961439754728405 1.296258767703169 1.2965586758803256 
# Stellar mass-weighted [Mg/H]:
0 -5.218485947384705 -6.619745093912217 -4.708054355745528 -3.08903055972106 -2.7750328893115093 -2.683992935832671 -2.6762924170972564 -2.689717575281458 -2.701467878965296 -2.7087661993316923 -2.7125229435745872 -2.7145530360143244 -2.715667165146929 -2.716248650218877 -2.716494480602721 -2.71650708779762 -2.7163387747235603 -2.716030546140577 -2.715625757576219 -2.715170543423538 -2.7147128270910743 -2.7142372793923775 -2.7137472284107877 -2.7132563859420245 -2.7128111712323033 -2.712311607983655 -2.7117943807644656 -2.7112863863022945 -2.7107896210312656 -2.710299613883632 -2.709814637206005 -2.709327985905155 -2.7088421653078996 -2.7083442071902537 -2.7078474650453224 -2.707319666900042 -2.7067447454604032 -2.7061364765543496 -2.705541597239603 -2.704898592748525 -2.7042878336071405 -2.703641693837847 -2.7030169215581177 -2.7023558571063395 -2.701687732688227 -2.7010286585971617 -2.7003968855403544 -2.6997173661271523 -2.69907507294345 -2.6984155040776843 -2.6977881705974083 -2.6971525594669545 -2.6965841686902916 -2.696015413163277 -2.6955121328616496 -2.6950234841586793 -2.694539019383444 -2.6940853415305215 -2.6936863393823822 -2.6932702535401445 -2.692897590673141 -2.69252266097667 -2.6921659647098224 -2.691788600857975 -2.6914105079548323 -2.691123920966703 -2.690847149548171 -2.690524391405143 -2.6902369026410478 -2.6899577532399848 -2.689676846577835 -2.6893698810793145 -2.689105612617631 -2.6888637934525974 -2.6886251992530186 -2.688348097894184 -2.68808680915979 -2.687853827842047 -2.6876541519117074 -2.68742352268855 -2.6871872546174123 -2.6869512165311056 -2.686762354826193 -2.6865806351070907 -2.686383670321228 -2.686167437849223 -2.685918669681193 -2.685747810374915 -2.6856253099743768 -2.685472664466295 -2.685306400698786 -2.685115886782696 -2.6849332812720137 -2.6847271024158115 -2.684608235360229 -2.684492682619342 -2.684358580205415 -2.6841987496769066 -2.6840391877523304 -2.683873591900581 -2.6844069046243586 -2.68466699892178 -2.684867231972235 -2.685023566656615 -2.6851477074530647 -2.685256579038528 -2.6853540642310723 -2.685447007970434 -2.6856749537894933 -2.6864126239094306 -2.6872725661067296 -2.687761715731919 -2.6880926961207035 -2.688375187682939 -2.688632451801918 -2.6887853022225707 -2.6889018529300177 -2.6888833450685095 -2.688989206937607 -2.6890159370671185 -2.6890357028397336 -2.6890658864393453 -2.689098420279909 -2.689044337704873 -2.689072164020452 -2.6889800803862087 -2.688919906725771 -2.688862193573926 -2.6887868716242833 -2.6885082088408847 -2.6884609870178737 -2.6882192391936703 -2.688139295442056 -2.687978091053979 
# Stellar mass-weighted [C/H]:
0 -5.218485947384705 -6.619745093912215 -5.729792392632184 -4.12705183357905 -3.644528088128496 -3.4575944094210476 -3.4114537048789426 -3.3881563134248402 -3.359661578560977 -3.3341805772469906 -3.312672699607437 -3.294386555951566 -3.2784791257452284 -3.2642567064992027 -3.251251596870264 -3.2391158680406402 -3.2275007622561667 -3.216321185403787 -3.2055814347901723 -3.195206224627169 -3.1851230175736553 -3.1753570456718885 -3.165909671831196 -3.1567663665381023 -3.147385891618896 -3.1369087082274243 -3.125171279756911 -3.112511298502291 -3.0993063165351886 -3.085843395009449 -3.072301446586618 -3.058734910943164 -3.0453553696582842 -3.0319806587720164 -3.018298049895076 -3.0042760801709205 -2.989927195097219 -2.9751938424955133 -2.960857726146008 -2.9464669797084113 -2.9326948652365887 -2.918720618072019 -2.905302404687691 -2.8918214504212436 -2.87892784285581 -2.866028581439669 -2.8537552436988713 -2.8412847610058893 -2.829659711949539 -2.8178354005205524 -2.8068181242987116 -2.795800523861967 -2.7855811254452414 -2.7755655362047102 -2.7660673815600942 -2.756814950683358 -2.748216427034796 -2.7393809225081247 -2.7313189197095964 -2.723310412494407 -2.7155632560293066 -2.7078886768402954 -2.700830398062325 -2.693576271250584 -2.6866012019966927 -2.679902459695633 -2.6737886620237443 -2.667517363753806 -2.661713848285962 -2.656135354769847 -2.6509881885838213 -2.6456719801013406 -2.640666810643138 -2.635892956103337 -2.631544891393216 -2.6270270396865705 -2.622652431405622 -2.6183440521612473 -2.6145399247518393 -2.6107073181438807 -2.6070038348243196 -2.6031244016482917 -2.599581113442249 -2.5962117447302067 -2.5931006999544612 -2.5898410054386067 -2.5866561749054826 -2.5833412189654927 -2.5804759429793096 -2.5777098493975217 -2.575085521049215 -2.572297798868412 -2.569577342792357 -2.566761389991836 -2.5642432554036265 -2.561872468531762 -2.559655559705539 -2.55730231587608 -2.5550065249986593 -2.552605588820459 -2.559162441256462 -2.5619048245372076 -2.5639301266472474 -2.5656143662048843 -2.5670763863702106 -2.568378436705766 -2.569554145565414 -2.570633065612859 -2.572617606537661 -2.5797739687837886 -2.5879433164358003 -2.5927305068936226 -2.5958459815476624 -2.5981215563544477 -2.6005396500872937 -2.602143313461789 -2.6033047750689873 -2.6035321120952775 -2.604157616864442 -2.604720838530781 -2.605256408049562 -2.6054925400101734 -2.6056760783937394 -2.605901222521924 -2.6063838843469354 -2.6065883201990703 -2.6066923246690132 -2.606711050909259 -2.606500161549075 -2.6057174577150555 -2.6056145046137233 -2.6048447500099456 -2.604548891371402 -2.6040503411632105 
# Stellar mass-weighted [N/H]:
0 -5.218485947384705 -6.619745093912217 -6.2613620379243855 -4.737843447817589 -4.249525476766269 -3.8267889610610313 -3.519777301102364 -3.310935673481321 -3.169657276942816 -3.0722035589377468 -3.003471158105527 -2.9550220002191505 -2.9187956538702053 -2.889049530611853 -2.862852043562688 -2.838286589767491 -2.8137851834629393 -2.7892536715603775 -2.7654088065008073 -2.744091333729573 -2.726082213139608 -2.7111017878735986 -2.6983699948146347 -2.6873152983791906 -2.6780269818499045 -2.671062291033774 -2.6663466654776427 -2.663488058825915 -2.6621116121052424 -2.6619470442790085 -2.6627903371419075 -2.6644977279703124 -2.6669505370352145 -2.669883138565929 -2.6726993498185285 -2.675077777202091 -2.6770348936344313 -2.6786719607920917 -2.680094910021201 -2.6813499371200447 -2.682463493953432 -2.6834590284193798 -2.6843654567843203 -2.6851836906217823 -2.685937117039943 -2.6866265652890267 -2.6872591705538094 -2.687848373145405 -2.6883844863023807 -2.6888908301307346 -2.6893620200075103 -2.689796907810769 -2.690206624179414 -2.690572942608032 -2.690923595278231 -2.691257806042522 -2.6915533737709163 -2.691838865917725 -2.6921117629275235 -2.692355619449951 -2.6925896255901502 -2.6928114360838142 -2.693018158325435 -2.6931986561359738 -2.6933797767308043 -2.6935673644566007 -2.6937283972452084 -2.693863348172698 -2.6940081518366954 -2.694151122934361 -2.694285641792022 -2.69436185689438 -2.6944872293520126 -2.694624036911341 -2.6947354827028827 -2.694823489358975 -2.694907223526145 -2.6949996133777487 -2.695097175239873 -2.6951781430229094 -2.6952397973868267 -2.6953295352943156 -2.695387958284255 -2.6954457854114127 -2.6955029014987053 -2.695549382623465 -2.6955859316022783 -2.6956420726825048 -2.695699837698604 -2.695749518837469 -2.6957959928315214 -2.6958222287803313 -2.695845328896546 -2.6958743687253204 -2.695918066561351 -2.695962563033194 -2.6960032700284158 -2.696027844312037 -2.6960458024801355 -2.696050774772667 -2.6961678857069202 -2.696257076159039 -2.6963420538002714 -2.696415905725539 -2.696476215311919 -2.696524744237167 -2.6965616482229553 -2.696592808925077 -2.696702873668059 -2.697090259473377 -2.697487156738134 -2.6976675262115926 -2.6976336630395394 -2.6976057542901275 -2.6975088474352553 -2.6972673894719517 -2.6970106465949053 -2.696856222122567 -2.6967359774192357 -2.696381968361192 -2.6961788067117007 -2.6958993517702545 -2.6958862455391532 -2.6953369765399104 -2.69507747869803 -2.6940261952328433 -2.693241285601311 -2.692457074661358 -2.6915492651280912 -2.6903077740896917 -2.6893843824207195 -2.68834421250087 -2.6872511005476314 -2.6865090322547314 
# Stellar mass-weighted [Ca/H]:
0 -5.218485947384705 -6.619745093912217 -4.98272975949801 -3.3653037903451306 -3.0354407493600544 -2.9313602162597565 -2.9146707267083567 -2.790388371739949 -2.648928805357391 -2.5528038767392367 -2.489084958173164 -2.4441674340333766 -2.4100188559471736 -2.3825196023068678 -2.359492046525302 -2.339681033230205 -2.3223105844063765 -2.306864219305859 -2.292979124619836 -2.280378696159591 -2.2688635987455053 -2.2582700278790977 -2.2484682535648384 -2.239353083687684 -2.2308506214480657 -2.2228493349072913 -2.215367845687606 -2.2083203785180627 -2.201639538332813 -2.1953025336143774 -2.1892771677824925 -2.1835406809613183 -2.178073256276577 -2.1728421764548385 -2.167838396190679 -2.1630318474348584 -2.15839675469305 -2.1538042407466316 -2.1496735805455423 -2.145560131153009 -2.14170720293186 -2.1378308113130764 -2.1342334303104264 -2.1306163487851073 -2.1272539401095774 -2.123862014266157 -2.120705516851217 -2.1175289065436047 -2.1145445009059705 -2.1115390460480077 -2.1087282156857823 -2.105882246159114 -2.103221483351791 -2.1005161786529687 -2.097987324309724 -2.095426459857931 -2.0930095416973167 -2.090572933490761 -2.0882809037411283 -2.0859371988882804 -2.0837383638041604 -2.081504270548632 -2.0793977213645425 -2.07725124412193 -2.075246947990741 -2.073206918497288 -2.0712779585026375 -2.069291891525543 -2.0674337814985932 -2.065549451613318 -2.063761758917698 -2.061941855575821 -2.0602114218533556 -2.0584465952670836 -2.056783377809259 -2.0550693619326967 -2.053456778861233 -2.051821431699536 -2.05028149309016 -2.048692437351219 -2.0471781542123253 -2.045630536904839 -2.044180836419965 -2.0426808901829894 -2.041280113672795 -2.0398423064235045 -2.0384611351592934 -2.0370530239834963 -2.0357378739729004 -2.0343871262963065 -2.03310060306616 -2.031778322671027 -2.030496308716245 -2.0291887782549054 -2.0279776876949214 -2.026738194373938 -2.025565174835239 -2.024343083957345 -2.0231738170668585 -2.021963336108568 -2.02521079482986 -2.0265653415118647 -2.0275666083554817 -2.0283950547926466 -2.029109081955024 -2.0297400302964848 -2.0303046769479707 -2.0308204379122676 -2.031796713827962 -2.035282749298033 -2.0392076357662736 -2.0414659308491494 -2.0428527883516 -2.0438614663496466 -2.044891928930907 -2.0454776668175603 -2.0458596684554102 -2.0458824816653642 -2.0460911250572993 -2.046152250667915 -2.046280662093295 -2.0462371060374407 -2.0463062961191962 -2.0461155458695144 -2.046184180332707 -2.0457009704333773 -2.0453175253699962 -2.0448952433414265 -2.044302374811279 -2.0432841957797354 -2.0427200835331547 -2.0418189202001367 -2.041075538962194 -2.0404519231518368 
# Stellar mass-weighted [Ne/H]:
0 -5.218485947384705 -6.619745093912217 -4.680896968673903 -3.061176871313279 -2.7366080055830793 -2.648168989673392 -2.6450485467039426 -2.6623649461243506 -2.6778553450985916 -2.6882534203903843 -2.6948912385691077 -2.6992454270049153 -2.702285895789718 -2.70449726894495 -2.706174255526168 -2.707485630396115 -2.7085449205321046 -2.709397594459335 -2.7101067438823803 -2.7107070765081938 -2.7112179079527916 -2.7116562178450208 -2.712027363319063 -2.7123441567223914 -2.7126231095223634 -2.7128717879167032 -2.713085207949021 -2.7132729573961702 -2.713439864038098 -2.713580960999888 -2.7137054886691496 -2.713846079268701 -2.713927672989504 -2.7139874714105083 -2.714056928823773 -2.7141266911601365 -2.714171038432209 -2.7142039915639176 -2.714235934344485 -2.714248995339365 -2.714259127735618 -2.714263570487895 -2.7142741957767713 -2.7142611872211875 -2.714263440481222 -2.714234252367742 -2.714214656087595 -2.714194475865784 -2.714165226493388 -2.7141354467801033 -2.7141104215891616 -2.714071905594836 -2.7140474882075507 -2.714002622555909 -2.7139698882941072 -2.7139286038285153 -2.7138875264883726 -2.7138508882692642 -2.713821372915173 -2.713775649684572 -2.713732005177193 -2.7136886551987756 -2.713654640455447 -2.7136029583616175 -2.7135564295110157 -2.713527134790117 -2.713492617152494 -2.713428443098726 -2.7133902454921444 -2.71336369028283 -2.71333286697969 -2.7132711707282606 -2.7132351741946907 -2.713223083970984 -2.7132024720453636 -2.7131436915747926 -2.7130943620633783 -2.713075527566274 -2.713068874598072 -2.71303231235696 -2.712980083530561 -2.7129306067245453 -2.7129180218718885 -2.7129131685034613 -2.7128912011472455 -2.7128384299571753 -2.712786688049132 -2.7127622028257603 -2.7127677794489484 -2.7127580015626602 -2.7127320856439914 -2.7126840003795545 -2.7126360095785547 -2.712607404811158 -2.7126107725853332 -2.7126068034369766 -2.712579427683277 -2.712557986238127 -2.712510068634222 -2.712461959824644 -2.7125984231548435 -2.7126883480830273 -2.712760465591016 -2.712806857374173 -2.712833016529035 -2.712854273655096 -2.7128727303937348 -2.7128937554004082 -2.712993809071653 -2.713251173659139 -2.713560606591747 -2.713725373880136 -2.713859042522615 -2.7140039653538697 -2.714112014683682 -2.7141772154785375 -2.7142370963584694 -2.714209300732323 -2.714290084127807 -2.714303711955906 -2.714297932102042 -2.7143352940166654 -2.714358436807367 -2.7143209155309274 -2.7143331725499182 -2.714292648799109 -2.714276130019007 -2.714268436798398 -2.7142670824632606 -2.71410869046123 -2.7141337457608685 -2.713999578048365 -2.7140155949020883 -2.713929584359488 
# Stellar mass-weighted [Si/H]:
0 -5.218485947384705 -6.619745093912217 -4.665706191841805 -3.0460729430561058 -2.7246351952792187 -2.6258626667824805 -2.6133029521707094 -2.5642443200106015 -2.4939420183630876 -2.4384206730053517 -2.3981015062073947 -2.368064503372758 -2.3443574115197903 -2.324744115804772 -2.307972642142131 -2.2933043574082097 -2.280265378647096 -2.2685367152090663 -2.257885390315133 -2.248138739718069 -2.239166229057152 -2.2308563880884122 -2.223120219720773 -2.2158857616569927 -2.2091026266167564 -2.202720413853836 -2.1966915993424 -2.190982471781453 -2.185562571846801 -2.1803820368198865 -2.1754856046305253 -2.170810776758324 -2.166327646887276 -2.1620221508291557 -2.1578994720571947 -2.1539358804866815 -2.150114053112226 -2.1463582254625475 -2.142885334873914 -2.1394161593755285 -2.13619315265693 -2.1329563311400648 -2.129948751925541 -2.126912077054657 -2.1240935032027553 -2.121250281579755 -2.118587678407441 -2.1159051651222835 -2.113385977528579 -2.1108464976758388 -2.108467751475443 -2.1060577269752176 -2.1038028071292434 -2.1015044907822844 -2.0993592232775082 -2.0971819311666815 -2.0951205520484377 -2.0930447638749783 -2.0910917185902056 -2.0890903139461443 -2.0872106988426804 -2.085307609292445 -2.0835149990822845 -2.0816748123180533 -2.079947951599226 -2.0782002289371304 -2.076543663538219 -2.0748394677716897 -2.0732484156165096 -2.0716287881579323 -2.070087351167321 -2.068496518323892 -2.0670151509310344 -2.065511215247443 -2.0640828276569554 -2.062601881750548 -2.06120505372753 -2.059792911807029 -2.058465165858827 -2.0570910526494366 -2.055777151052978 -2.054434827878752 -2.053181527725953 -2.0519034809407506 -2.050684839363927 -2.0494218069474455 -2.04821466120646 -2.0469920457597377 -2.045858190930093 -2.0446887919632966 -2.043570406845374 -2.0424077729259924 -2.0412946404498395 -2.0401624728115895 -2.039111134231388 -2.03803344367556 -2.0370064241551624 -2.035937831643026 -2.034917123148518 -2.0338588148991974 -2.03669957488409 -2.037887990256058 -2.0387668699512282 -2.0394921952653586 -2.0401153911990857 -2.04066571350633 -2.041158032810354 -2.0416081767626 -2.0424679650672815 -2.045523296070228 -2.0489623859955044 -2.0509378715191326 -2.0521544269711143 -2.053045434640758 -2.053950254407443 -2.0544646394856034 -2.0548023101507464 -2.054817864058384 -2.0550089951796204 -2.0550628533217576 -2.0551728021206594 -2.0551398308214965 -2.0552029655103556 -2.055032002345645 -2.0550928102700796 -2.0546684998692513 -2.0543340570881057 -2.0539673312479296 -2.0534540726662085 -2.0525506047841606 -2.0520658197511406 -2.0512668284800526 -2.0506254273434674 -2.050073284136287 
# Stellar mass-weighted [S/H]:
0 -5.218485947384704 -6.619745093912216 -4.745823293425961 -3.126170122337512 -2.7944917589764557 -2.6905592010338157 -2.6763676823426534 -2.6194206956396195 -2.5406370542640797 -2.479695075441719 -2.4360446784967404 -2.4037956460061096 -2.3784944002197106 -2.357645936554884 -2.3398755478230493 -2.3243778150743264 -2.3106340761472355 -2.298292072109896 -2.287106122225844 -2.276886212834503 -2.2674861579604535 -2.258793081788692 -2.2507088013382637 -2.243154687898264 -2.236075728386175 -2.2293745467809396 -2.2231143062827297 -2.2171988930922666 -2.2115760753786287 -2.2062112840854375 -2.2011071863591205 -2.1962315011959666 -2.1915676485087525 -2.1871041851634647 -2.1828294188082813 -2.1787179919365043 -2.174671714560815 -2.170816906830651 -2.167272371514053 -2.163693395219128 -2.1603596607829223 -2.1570074006367568 -2.1538913019722026 -2.150752036077793 -2.1478326503935774 -2.1448920798046363 -2.14214651369654 -2.1393746276250214 -2.136772557196 -2.1341502468911067 -2.131696959588984 -2.129209049532032 -2.126879955460918 -2.1245082660108503 -2.122295394619475 -2.120050254698466 -2.1179243345525185 -2.115782756013391 -2.1137683563515335 -2.111705540631754 -2.1097787761056512 -2.107812562050145 -2.1059594336946423 -2.1040596196667263 -2.102281629027096 -2.1004816599242115 -2.0987762517030157 -2.0970214038018824 -2.0953824319009975 -2.0937158608292608 -2.0921298546076104 -2.090491510849014 -2.0889660984406326 -2.0874170675695156 -2.0859467293263663 -2.0844236627451345 -2.082987345858638 -2.081534321277661 -2.0801669623915062 -2.0787537781038665 -2.077403572902446 -2.076023849051162 -2.0747333692890546 -2.0733825546277043 -2.0721447462051588 -2.0708715620853066 -2.069641325143013 -2.0683763841446607 -2.06720654149468 -2.0660050429475474 -2.0648529194607663 -2.0636567693338614 -2.0625165075979917 -2.061355079194744 -2.0602736082784103 -2.0591648677692014 -2.0581099770144213 -2.0570135474690465 -2.055965531548388 -2.054878751166555 -2.057794511001376 -2.05901345616462 -2.059914877709468 -2.0606592108774366 -2.061299097130399 -2.061864223859505 -2.062369818173444 -2.0628319900933043 -2.0637130911466883 -2.0668475133579287 -2.070375608189983 -2.072402946839037 -2.073650526131927 -2.074563094187182 -2.075490980546368 -2.0760183502946203 -2.076364084687288 -2.076380811028228 -2.0765752634642833 -2.076630221130415 -2.0767435253450914 -2.076708556587067 -2.0767729429372377 -2.07659794731934 -2.0766602431549233 -2.0762248039389437 -2.0758811975722455 -2.075504174335668 -2.0749762932252764 -2.0740511169855056 -2.0735519274991887 -2.072733632391838 -2.0720736664682198 -2.07150805729196 
# Gas metallicity, [Z/X]:
-5.2406767730474275 -6.8351340961497655 -4.54353371269545 -2.5937955006875235 -2.0325623146037115 -1.5907039072440587 -1.0819956115106295 -0.5488831654473307 -0.08307472142571193 0.31623797847525936 0.6383059960011424 0.8237389350414196 0.8879146746026322 0.9055220666622215 0.9044214480592886 0.8993364554341992 0.8928011589923504 0.8899024313315396 0.8866879058905952 0.8842852361801302 0.8793588811502712 0.8758666926325323 0.8701115087138882 0.8667568300454535 0.8606647094507518 0.860267222090571 0.8540167728252368 0.8577632810388011 0.8463956766521962 0.8599217587343986 0.8324192900069733 0.8764573220504444 0.7867593439431856 0.9413985254704123 0.5512336177664381 1.1579061543014728 -7.434022608578754 1.470844730072722 -7.406200662681986 1.7627238490133368 -7.380235098293442 2.059199117729407 -7.355705968990568 2.370863982508337 -7.332237494826632 2.7028648469665812 -7.3096907089299865 3.056973760763921 -7.2880656741576235 3.4328971813481526 -7.267746444642581 3.8334412284115693 -7.248926305957122 4.257493363865664 -7.2320370880866545 4.702786925789697 -7.210297820493018 5.167344802456056 -7.1947524085542796 5.657480845437925 -7.179567721487663 6.163898026581116 -7.159471056179836 6.691184487599544 -7.150407453430249 7.236290523800931 -7.130392393548847 7.796617600745097 -7.124035023710729 8.37545537645186 -7.106265632634351 8.969014239440261 -7.104117930472963 9.579395207737308 -7.084053938111149 10.207827177972831 -7.081791055447804 10.845350819853616 -7.066082084731745 11.506582781344617 -7.056902531459208 12.172589823712778 -7.05415566236732 12.859674927025239 -7.034121464617412 13.56198729696534 -7.032828952914606 14.265172111410408 -7.024867199406433 14.996475013887494 -7.006265299747435 15.737947501069897 -7.007286167981359 16.479344087652656 -7.0018803329926556 17.246373966957247 -6.980759600376688 18.026744173745648 -6.979922407041265 18.80688765680717 -6.983207132700297 19.321652819351517 -7.412923931043686 19.56371367759181 -7.619194091556727 19.642414188788184 -7.758963495471319 19.60316852742998 18.456539921412155 19.44262026662241 18.74700872712003 18.889495953432817 18.713518916810113 18.648613544551054 18.58483930891265 18.512648919585338 18.460942099917638 18.419471687883934 18.409318390304772 18.386288757535056 18.35671939307893 18.333579379126117 18.32034456666202 18.314868527354037 18.290242984300747 18.26773245747686 18.23160703874518 18.20648354711221 18.184922387236604 18.165629416358115 18.147805801542134 18.13304495150431 18.118654097173494 18.10564687329355 18.094152891584848 
# Stellar mass-weighted metallicity, [Z/X]:
-4.152288344383056 -5.2406767730474275 -6.641935919574937 -4.759628002167187 -3.1412885155908006 -2.836316469883969 -2.7067556243507527 -2.6161544993471537 -2.5491887306884706 -2.514365171011323 -2.5008885174698356 -2.493786832605492 -2.488197806330019 -2.482462341313254 -2.4761077259451216 -2.469867344824128 -2.463904730929448 -2.458322038904676 -2.452958524997989 -2.447891045373507 -2.4430666861019628 -2.4385580609434747 -2.4342702019912466 -2.430254404510838 -2.426383916112182 -2.4227663362301888 -2.4192303425866237 -2.4159684363290523 -2.4126507579345633 -2.409739315546905 -2.4065037971983685 -2.4040960748683347 -2.40055885215872 -2.3992876813725212 -2.3940820029095224 -2.3965987127909187 -2.3840560860136604 -2.392993616368164 -2.3639303780527285 -2.3787732370023997 -2.3269691744737937 -2.3516996872470592 -2.263344509426278 -2.303649467344699 -2.1585010953003376 -2.221487111174511 -1.9969029215377472 -2.0884596801781647 -1.769503044018798 -1.890432244757701 -1.4792785494538767 -1.6244337335327732 -1.138078271330498 -1.2999098360575163 -0.7558000424422604 -0.9285032081635347 -0.3406212399342776 -0.5204762455502541 0.10094089554052399 -0.08383165604534781 0.564359603205018 0.37601705145050435 1.052985480212485 0.8611521776843768 1.5600813131036775 1.3656891101725275 2.0877159761530155 1.8908314390162706 2.634117025923729 2.4350337993048643 3.197782615612488 2.99678760109983 3.7804053557781714 3.577467180892092 4.378630568894215 4.174105334889742 4.993329260744081 4.787271698737549 5.625749185434302 5.418099499783744 6.26861180214666 6.060001034137652 6.932914146771514 6.72262418003921 7.604702648344639 7.393693890351881 8.295143038637084 8.082817002024363 9.001406568402958 8.78788427738963 9.71067094625897 9.496831969937142 10.444283131547355 10.228942502151378 11.189829855552302 10.97361824872657 11.937060136154074 11.720657163186619 12.706483517325298 12.488836781385038 13.489953962595987 13.271441865179426 13.214199026837312 13.184555676617444 13.164649378115568 13.14976032797584 13.137933328958885 13.128169766970597 13.119884009304204 13.106344411779137 13.067429306617848 13.034348833525778 13.01833279429332 13.008724290754584 13.002180623204307 12.995616551602339 12.991251841453934 12.988213014946357 12.987518138323976 12.986015919204926 12.98442661376073 12.983072885668744 12.982399643347048 12.982021575354368 12.98115280285593 12.980036552592436 12.97911252029043 12.978522361235957 12.978331619896775 12.978724989352667 12.979566023649395 12.979704902164546 12.981023598378181 12.981431374484067 12.98239063443896 
# Number of SNIa (log_10):
0 0.0 0.0 0.0 0.0 0.0 6.1698070721289726e+53 2.518580910778946e+55 6.70121877113068e+55 1.1136418100324696e+56 1.522342833040492e+56 1.8853978178279966e+56 2.207378054668928e+56 2.4953667185397427e+56 2.7555591502635904e+56 2.992808524025828e+56 3.210848993953967e+56 3.412578341917236e+56 3.60028414398031e+56 3.775801848158436e+56 3.940626507345819e+56 4.095992627811067e+56 4.242931028359092e+56 4.38231237381992e+56 4.514879328913442e+56 4.641268078759827e+56 4.76203158218844e+56 4.877651284862307e+56 4.988546164877045e+56 5.095087307337568e+56 5.197607862592633e+56 5.296418561649224e+56 5.391741136169316e+56 5.483823986499155e+56 5.5728920944555245e+56 5.6591360640425205e+56 5.742727806268529e+56 5.823811964187444e+56 5.902561590524772e+56 5.979098963658041e+56 6.053538280261066e+56 6.125994420310519e+56 6.1965651373226105e+56 6.2653487508891965e+56 6.33243527010858e+56 6.397906661430182e+56 6.461839049874942e+56 6.524292136150891e+56 6.585354371316402e+56 6.645082176089952e+56 6.703522429994227e+56 6.760726264988862e+56 6.816756948655177e+56 6.871655410407656e+56 6.925468281933337e+56 6.978234214228342e+56 7.0299963408660386e+56 7.080748766336997e+56 7.130620590556183e+56 7.179613017500634e+56 7.22774768865292e+56 7.275037202461362e+56 7.321486723717031e+56 7.367153160749754e+56 7.412076141023606e+56 7.45626482940234e+56 7.499748661893474e+56 7.542553086766444e+56 7.584693418793967e+56 7.626187222061342e+56 7.6670617219174654e+56 7.707334560620159e+56 7.7470034959222366e+56 7.786112511873112e+56 7.824676913937757e+56 7.86269830411156e+56 7.900194662605044e+56 7.937181082486862e+56 7.973671584859803e+56 8.009676226924614e+56 8.045215262069512e+56 8.08027914930154e+56 8.114910900083452e+56 8.149113496636494e+56 8.182888954059314e+56 8.216247228874434e+56 8.249201252582896e+56 8.281769197840892e+56 8.31394244137691e+56 8.345729607217606e+56 8.377158665282607e+56 8.408211127462999e+56 8.438925290109684e+56 8.469323850512885e+56 8.499377583857653e+56 8.529094698467227e+56 8.558490294604735e+56 8.587577067832657e+56 8.616347806307959e+56 8.64481638730317e+56 8.672985559642998e+56 8.700858557672123e+56 8.728467311646557e+56 8.755801164387094e+56 8.782858684652332e+56 8.809653588149536e+56 8.836182510694047e+56 8.862448154618899e+56 8.888463565763144e+56 8.939764602670806e+56 9.18269480991008e+56 9.611732563875016e+56 9.982198143783145e+56 1.0308183607606932e+57 1.0599272654617925e+57 1.0984705299887235e+57 1.1322222146117392e+57 1.1622431584666707e+57 1.1715628981195344e+57 1.1892767261601418e+57 1.2138627340210894e+57 1.2364134506368332e+57 1.2504699348524884e+57 1.2572340529138245e+57 1.2827274943919158e+57 1.311560463513635e+57 1.3614185760824074e+57 1.4035335391137008e+57 1.4399909915258672e+57 1.4721424132434882e+57 1.5008725598286465e+57 1.5268746614121383e+57 1.550600718423776e+57 1.572421545233434e+57 1.5926208412766135e+57 
# Number of SNII (log_10):
0 0.0 1.1782459461041429e+54 4.789321599742547e+55 1.1950406459564615e+56 1.847176703385936e+56 2.349380990859043e+56 2.6164890642147446e+56 2.717836182177999e+56 2.750216047289166e+56 2.7596128600299912e+56 2.7622605078239747e+56 2.7629713782676067e+56 2.763249275017624e+56 2.7633347655091094e+56 2.763379542768441e+56 2.763412235835735e+56 2.7634402189659363e+56 2.76346554866749e+56 2.7634889396765224e+56 2.763510743135317e+56 2.763531181947172e+56 2.7635504267990965e+56 2.7635686070982123e+56 2.763585837793868e+56 2.763602221760646e+56 2.7636178479669842e+56 2.7636327827466124e+56 2.7636470870106196e+56 2.763660818204842e+56 2.763674024168766e+56 2.7636867464583266e+56 2.7636990219177417e+56 2.7637108829429837e+56 2.763722360752721e+56 2.763733488756261e+56 2.763744285600897e+56 2.763754761345677e+56 2.7637647775305315e+56 2.763774823732296e+56 2.763784437186399e+56 2.7637939859276544e+56 2.763803031327365e+56 2.7638121220080686e+56 2.7638207485129586e+56 2.7638294310406207e+56 2.763837679811267e+56 2.7638459931788156e+56 2.7638538974336496e+56 2.7638618758142925e+56 2.76386946531152e+56 2.763877143120657e+56 2.7638844498132786e+56 2.7638918315475178e+56 2.763898867099712e+56 2.763905967614948e+56 2.7639127508253466e+56 2.7639196054337485e+56 2.7639261300539495e+56 2.763932749886234e+56 2.7639390600788057e+56 2.7639454326702315e+56 2.7639515333155414e+56 2.763957715217768e+56 2.7639636059359405e+56 2.7639695801492153e+56 2.7639753122662853e+56 2.7639811168071765e+56 2.7639866567720564e+56 2.763992284508358e+56 2.7639976813817923e+56 2.7640031481797748e+56 2.7640083686744634e+56 2.764013676327961e+56 2.7640187820067134e+56 2.764023963243666e+56 2.7640289081508776e+56 2.764033926212989e+56 2.7640387520302687e+56 2.7640436741055823e+56 2.764048381515728e+56 2.7640531485884026e+56 2.7640577170525777e+56 2.7640623867397974e+56 2.7640668850876646e+56 2.7640714494562917e+56 2.76407580677247e+56 2.7640802283715153e+56 2.764084483727334e+56 2.764088856897461e+56 2.764093059911516e+56 2.7640973093377854e+56 2.76410136545282e+56 2.764105486715711e+56 2.7641094618447895e+56 2.7641135549461754e+56 2.764117501211385e+56 2.764121496820257e+56 2.764125306630959e+56 2.7641291717320732e+56 2.7641328918158227e+56 2.764136715544288e+56 2.764138847080518e+56 2.7641400100091996e+56 2.7641404962684787e+56 2.7641405344362364e+56 2.7641405344362364e+56 2.7641405344362364e+56 2.7641405344362364e+56 2.7641405344362364e+56 2.7641405344362364e+56 2.7641405344362364e+56 2.7641405344362364e+56 2.7641405344362364e+56 2.7641405344362364e+56 2.7641405344362364e+56 2.7641405344362364e+56 2.7641405344362364e+56 2.7641405344362364e+56 2.7641405344362364e+56 2.7641405344362364e+56 2.7641405344362364e+56 2.7641405344362364e+56 2.7641405344362364e+56 2.7641405344362364e+56 2.7641405344362364e+56 2.7641405344362364e+56 2.7641405344362364e+56 2.7641405344362364e+56 2.7641405344362364e+56 2.7641405344362364e+56 2.7641405344362364e+56 2.7641405344362364e+56 2.7641405344362364e+56 2.7641405344362364e+56 
# [Mg/Fe] for total ejected gas till this time:
0 0 0.9970207942878206 0.9852788547432789 0.8160695606728436 0.7274956043144037 0.6818574021225796 0.40424946682231166 0.15783652657731562 -0.0036710751465408448 -0.11163620595390018 -0.18838173774952316 -0.24612752071228086 -0.2915922001853235 -0.32864740537892534 -0.35965247897660674 -0.3861251460190103 -0.40909209434848326 -0.42928149607939015 -0.4472317710475371 -0.46335228387335853 -0.4779413458994138 -0.4912371180113182 -0.50342995772794 -0.514685386995696 -0.5251000739415452 -0.5347666644731415 -0.5437836443174631 -0.5522304960166257 -0.5601663011542358 -0.5676405601764449 -0.5746979678300503 -0.5813754783910265 -0.5877007088933515 -0.5937044777948377 -0.5994053287303642 -0.6048207036462931 -0.6099714024885997 -0.6148809621862198 -0.6195613541310393 -0.6240393225644006 -0.6283239263261226 -0.6324276507159796 -0.6363626328081099 -0.6401293933130688 -0.643757701305391 -0.647251824566265 -0.6506077154749259 -0.6538482912857246 -0.6569741970738069 -0.6599936901818471 -0.6629175688379629 -0.6657586603739021 -0.6685253411089559 -0.6712215149125629 -0.6738516366238813 -0.6764105935905561 -0.6789101824841293 -0.6813586419008668 -0.6837517822957938 -0.6860941747041884 -0.6883847813843278 -0.6906197018451098 -0.6928044730140412 -0.6949318160402427 -0.6970363127178919 -0.6991014231356802 -0.701121483248199 -0.703100237586921 -0.705038805716736 -0.7069374584808823 -0.7088010406120836 -0.7106290323313731 -0.7124254117756305 -0.7141889343718232 -0.7159200131810421 -0.7176187774151701 -0.719288910650913 -0.7209326356961923 -0.7225490004083212 -0.7241385500553689 -0.7257009932044594 -0.7272398611999726 -0.7287559140766308 -0.7302460203125186 -0.7317137900355312 -0.7331482212665673 -0.7345754298821273 -0.7359865207694927 -0.7373748673272139 -0.7387423410423491 -0.7400885920843179 -0.741415913494872 -0.7427140859851548 -0.7440056395376028 -0.745284970417294 -0.7465454484404008 -0.7477885867320481 -0.7490134934516314 -0.7502219531368893 -0.7514146732701558 -0.7525928415415936 -0.7537583321274245 -0.7549068221226523 -0.7560394850485339 -0.7571585960068469 -0.7582632463743504 -0.7593526479782158 -0.7604290280349318 -0.7625430519637812 -0.7723990348577214 -0.7891863755974486 -0.8030719652393965 -0.8148488228098308 -0.8250620734724111 -0.8381117419523225 -0.8491365160451493 -0.8586422339830513 -0.8615406887681772 -0.8669824067380515 -0.8743667555503637 -0.8810127730573195 -0.8850813023776433 -0.8870205064183675 -0.8942308162464047 -0.9021909312753582 -0.9155089511622222 -0.9263094865846676 -0.9353913908688308 -0.9431713405218938 -0.9499587495979378 -0.9559784315633766 -0.9613645775144013 -0.966238186880355 -0.9706747670682254 
# [Mg/Fe] for instant ejected gas at this time:
0 0 0.9970207942878206 0.9849839944082148 0.7077648648068706 0.5325796789754187 0.3982156094176453 -0.7197687260511609 -1.2696880716808725 -1.5171737795042342 -1.602422278108259 -1.6363242526418253 -1.6506723666497367 -1.6572951984120998 -1.6600917060805434 -1.659606266772684 -1.655391234294413 -1.6483810939523307 -1.6407423771206142 -1.6357253327495602 -1.6356656715481226 -1.6340201289252514 -1.633128415125665 -1.6336396619191569 -1.6411693831663188 -1.6324188490487737 -1.6268240684927495 -1.6249583909322693 -1.6251436414997666 -1.6235371387387465 -1.6219594194086155 -1.6194866139807271 -1.6175372385576405 -1.610759272976161 -1.6039729101446565 -1.5914973710297007 -1.5750095486541973 -1.5590825652694118 -1.5451376977703146 -1.5282530783615589 -1.5194869857637612 -1.507598343985497 -1.4960301599299495 -1.4849106664077543 -1.4672552203580744 -1.4634536135053025 -1.456930678437038 -1.4426117322135439 -1.4382917250377223 -1.4302670208171528 -1.42419034497479 -1.4218823005141636 -1.424778366160175 -1.431135041629894 -1.4375499753028995 -1.4448859085437187 -1.4453124560140256 -1.4547983723324482 -1.465273540139611 -1.4712150154332264 -1.480434428702289 -1.4857387232518156 -1.4867798824277891 -1.4901937019033422 -1.4827586564532174 -1.5110797481165084 -1.5199933498904288 -1.5203019201061767 -1.5233713812515974 -1.5259582940363539 -1.526501415826973 -1.531501649347081 -1.5353659481411008 -1.5413383232769478 -1.5440599819770233 -1.5468184412049932 -1.547565931013819 -1.552327107394874 -1.5591564427905649 -1.5634109638006637 -1.5665912566770395 -1.569444129034879 -1.5745395915581488 -1.5802618889561308 -1.5801781869110443 -1.5852958444323193 -1.5685299212785777 -1.5977182481295504 -1.6120775424950542 -1.612525873458019 -1.6131967394877922 -1.6143474128550261 -1.6165257470629095 -1.5952589822975773 -1.6234919237120962 -1.639906269869716 -1.639022824734385 -1.640384688881612 -1.6400237885658069 -1.6420143576847912 -1.6450590704233048 -1.650632061798302 -1.6541655995981637 -1.6535310199497273 -1.6537493327721422 -1.6564207192939944 -1.6563118177479081 -1.653992998537513 -1.656492909333176 -1.6587003982663393 -1.6653267700753724 -1.6755680519576903 -1.683590189794074 -1.6882465846251282 -1.6990253349695443 -1.6978450544375348 -1.698970349129819 -1.7000737291295551 -1.7026132647528838 -1.7043367896305444 -1.697474368277592 -1.7046300833698866 -1.7012208869414838 -1.7009288302836343 -1.702883692978703 -1.7023372999736943 -1.7041372012789784 -1.6993666891655028 -1.7058760372314508 -1.702318640724088 -1.7019828774255965 -1.7036747320965695 -1.7020878796780856 -1.7035653878615769 -1.7012936361844557 
# total ejected metal mass till this time:
0 0.0 4.685153324435415e-05 0.001002174050515908 0.0017452794070877435 0.002329992573421655 0.002903500541209989 0.003446726826528926 0.0038589450106818104 0.004141371333733786 0.004343731576590355 0.004500593054974624 0.004632310461575311 0.004750507918176354 0.004857701897698893 0.004955932049059515 0.005046319497122163 0.005130693765099751 0.00520963539673944 0.005283974506168569 0.005353847176410186 0.00541997303653391 0.005482384709336261 0.005541887576422826 0.005598276486480737 0.005652499713590088 0.005703829811961467 0.005753924227837702 0.005800815885235932 0.0058479530002000365 0.005890186533719803 0.005936531455938387 0.005971461839901251 0.006023699914287984 0.006039372386828336 0.006124658229694897 0.006063590025202864 0.006233537734738341 0.00599539619696041 0.006307699483891031 0.005797425544926386 0.006379601481021894 0.005320397208640393 0.006449358052933491 0.004216045545769077 0.0065171903775168 0.0016308020393861911 0.006583148124528738 -0.004607361445850915 0.006647400782330767 -0.020224515771826473 0.0067098656054069795 -0.06149590496172555 0.006770395429353671 -0.1760432050653307 0.006829072842079131 -0.5077093363942687 0.006885948646089978 -1.5061455224526057 0.006941046233639296 -4.706646505333434 0.006994718730491712 -15.244596464093854 0.007046756983827113 -51.72764173645893 0.007097481017949472 -182.96187978388807 0.007146504862241687 -672.5716564520611 0.007193917022039393 -2582.976187859481 0.007239640604114214 -10267.074303784942 0.007283988069376066 -42383.71489406042 0.007326717881805559 -182290.9344577538 0.00736829869880115 -801064.4223091896 0.007408393793567875 -3709797.6410076288 0.007447419658891977 -17407873.38386817 0.007485289270726369 -85513966.73727153 0.007521901295950648 -435311918.4517772 0.007557728470557275 -2223610919.694787 0.007592292682164141 -12076896143.206465 0.0076259367626988536 -67216901078.488556 0.007658961645467221 -374599097189.4091 0.007690926625359882 -2207347924459.7114 0.007721981853087326 -13410198657741.586 0.007752428608467808 -81742681263630.14 0.007782246330901623 -269405121148448.06 0.007811117820567408 -473500263518813.56 0.007839396252774447 -571412697422404.1 0.007867204067770986 -525699965135237.8 -37744127730627.62 -375694103922392.06 -79536562705596.08 -115503207581491.02 -80100477750307.61 -71397249704645.5 -64246895688330.586 -56421997410172.016 -51653602337883.42 -47499164659722.39 -47158526877668.46 -45733635460647.92 -43630931774381.03 -41920758602295.46 -40932092059337.234 -41254668638718.46 -39940383945811.914 -39436068691254.14 -37528181469417.85 -36422738810866.1 -35512580964778.73 -34688807972224.023 -33936938307009.945 -33359037748896.715 -32780201510828.06 -32262781510046.836 
# Stellar [Z/H]. [Z/H] = [Fe/H] + A[Mg/Fe] where A=0.94:
0.0 -5.218485947384705 -6.619745093912217 -4.766451159059727 -3.148111076438898 -2.822628978044996 -2.7255399866595296 -2.7149193459864893 -2.7053438222962276 -2.700253299139996 -2.698222793865678 -2.6963967413547234 -2.6947144805028387 -2.6931192533362234 -2.6915851843669896 -2.6901025588660112 -2.688659520330005 -2.6872392872788713 -2.6858372465447404 -2.684464224909887 -2.6831416041774543 -2.6818983917844497 -2.680707214086561 -2.679561100214076 -2.678464825143898 -2.6774559768976496 -2.676434021363945 -2.6754314894097027 -2.674468533671723 -2.6735433157551576 -2.6726489281796955 -2.6717818730171974 -2.670933416459981 -2.6701044359956865 -2.669281313757332 -2.66847539917131 -2.667654589966104 -2.666802508729145 -2.6659253752205823 -2.6650846441529636 -2.6641998485005036 -2.663366141528618 -2.6624989178867113 -2.661670614556689 -2.6608072353395107 -2.6599540947914146 -2.6591082833475976 -2.658303328045057 -2.6574522533749585 -2.6566495959331684 -2.6558294244118814 -2.655052541250554 -2.6542658764539 -2.6535547103769876 -2.6528403893149566 -2.6521994012078927 -2.651570243322148 -2.650954673240465 -2.650366781549759 -2.6498399345026553 -2.6492937061845074 -2.6487980783226126 -2.648298247670729 -2.6478244354839475 -2.6473280640778434 -2.646839972285825 -2.646435741535048 -2.6460480711964474 -2.645614158505475 -2.645221792136428 -2.6448351276691406 -2.6444533335323634 -2.644043686762084 -2.643682215094502 -2.643339805472899 -2.643006541068437 -2.642633723634678 -2.642282231670018 -2.641955763846142 -2.6416669014206677 -2.641345949839918 -2.641024700178058 -2.640701502496207 -2.64042895765183 -2.6401610992202804 -2.6398839256759765 -2.6395857482477183 -2.639261297655736 -2.6390085321635803 -2.6388072766062325 -2.638575491742202 -2.638335212242917 -2.638069343314777 -2.6378146709905455 -2.637535986715095 -2.637345011823852 -2.6371553675040578 -2.636952398764623 -2.6367224012542736 -2.636496373329222 -2.6362618561088835 -2.6369746115103228 -2.6373071502885876 -2.637560443657325 -2.637761320743495 -2.637924565443119 -2.6380680553636946 -2.638196525440492 -2.6383175185432584 -2.638595118971094 -2.6395153193511143 -2.6405790664837827 -2.641185980379043 -2.6415872963387743 -2.641918196470461 -2.6422270293768917 -2.6424087838896737 -2.6425430826604996 -2.64252733690646 -2.6426400993019152 -2.6426691683944425 -2.6426962131022282 -2.642721529872693 -2.6427565286416943 -2.6426933897157077 -2.6427239952184913 -2.6426059860872337 -2.6425243814904764 -2.642442497771757 -2.6423328473094996 -2.6420050245567097 -2.641923546516791 -2.6416379757676975 -2.641514054871979 -2.6413221343172077 
# Stellar luminosity-weighted metallicity, [Z/X]:
-4.152288344383056 -5.2406767730474275 -6.623208087164009 -4.55208071291557 -2.6035307384619086 -2.040946261584395 -1.5986905839580803 -1.0906198525235176 -0.5580074535627573 -0.092348156270595 0.3076920849708418 0.630013235699644 0.8165869703496418 0.8827194306961577 0.9018006533873627 0.9017125521088928 0.897241975562937 0.8911277933522617 0.8884350585259158 0.8854161815090749 0.8831530592981518 0.8784176246687014 0.8750262599424125 0.8694293331065778 0.8661253089752855 0.8601748056219439 0.8597194483765489 0.8536397463329655 0.8572053060051221 0.8462075491265355 0.8592103297720515 0.8326733539280564 0.8751272298498587 0.7887214336466054 0.938010705333544 0.565664191337079 1.149616855058596 -0.5171050805821837 1.458674440454139 -0.2806014619906194 1.7499644197441606 -0.012328948053514033 2.0461625694225165 0.2735981033481458 2.3576385236055746 0.5792352810025378 2.6894855601220016 0.907022667423934 3.043460005810124 1.2578230795549799 3.419264301867223 1.6309774698166737 3.819697554682471 2.028506814083355 4.243657261730305 2.4500446163033502 4.688869574596757 2.8936897363943292 5.153356324697841 3.3566262687518833 5.6434009324122245 3.8447303714482643 6.149756164257564 4.350394564868281 6.676978060703027 4.875782445180718 7.22202692900244 5.419212485771454 7.7823482495576135 5.978027363302669 8.361165460885001 6.555971402480335 8.954713735316785 7.148457886077847 9.565057721775613 7.758559081775344 10.193463036476462 8.385684523469532 10.830967414627263 9.02344718378856 11.49215158845757 9.6832505075044 12.158158079111487 10.3491551820376 12.845186212047146 11.03577492605075 13.54747762485916 11.736923675740695 14.250660178351911 12.440713139341094 14.98189980641556 13.171096966275401 15.723353849171415 13.911658314449026 16.46474986476391 14.653423175389651 17.23171662041844 15.419978137130318 18.01205355255168 16.19898878973108 18.792216694023143 18.468392075795933 18.173839443316044 18.008973675307637 17.898454019572064 17.816728867192825 17.752627657540337 17.700317306415695 17.656429778828564 17.586054392376653 17.39241269394869 17.239446294261306 17.169593391942126 17.12800732346571 17.09897466343665 17.067466876777537 17.044965013500136 17.029178527875384 17.02508857145773 17.01746546515235 17.008240455428172 17.000719772470283 16.996485785494656 16.994586730258035 16.988017150018763 16.981372204259795 16.972148063391476 16.965304564444207 16.960697527981864 16.95825180741743 16.955620668447256 16.952789440781505 16.95326892548265 16.951033051487602 16.951457259786366 
# Stellar luminosity-weighted [Mg/Fe]:
0 -1.3877787807814457e-17 -1.3877787807814457e-17 0.9912995947668897 0.9849975201416061 0.728202458457108 0.5625945234405536 0.434800138614725 -0.5787952397183931 -1.1602762448206323 -1.458939213568126 -1.5803313944688109 -1.6277501788677602 -1.6470287735202267 -1.6555456726126387 -1.659219540268949 -1.6593862692034764 -1.655862244294075 -1.6494166367774417 -1.642007750149812 -1.6366846792153233 -1.635865165336455 -1.6343330908824958 -1.6333455449618837 -1.633629988245389 -1.640052822777108 -1.6335149385827414 -1.6278486740690865 -1.6254652314506497 -1.6252741889809863 -1.6238655329413978 -1.622315739855808 -1.6199853363331909 -1.6179923004753727 -1.611931930608092 -1.6053011392495096 -1.5937260577692396 -1.5780384607201323 -1.562287627810628 -1.5481512377746947 -1.531754319823789 -1.521945673143007 -1.5103852875896318 -1.4988345802590595 -1.4876999010238514 -1.4709914370486956 -1.4654162067827963 -1.4589888269096811 -1.4458147055266637 -1.4402487484905293 -1.4325747008264127 -1.4262527320552925 -1.423356429168642 -1.425356407992427 -1.4309706576327685 -1.4371751881206465 -1.444231253886574 -1.445572017034315 -1.4538055441172963 -1.4638581604132817 -1.4703021159541203 -1.4790553458419933 -1.4847947610619665 -1.4865168099179809 -1.4896830318509178 -1.4838225540563403 -1.5069936204696743 -1.517869108785689 -1.5196847104601492 -1.5226015895466523 -1.5252467561456822 -1.5261150364319156 -1.5305050783242844 -1.5344220921232892 -1.5400584452562351 -1.5431901225894813 -1.5459918204782068 -1.5470454018456974 -1.5512579695371678 -1.557672070129857 -1.5621922252111125 -1.5655526617573905 -1.568462985223256 -1.5732272451233842 -1.5787734421738453 -1.5795134561481794 -1.5839878766294961 -1.570366373609286 -1.5932103190769196 -1.608626056112095 -1.611215034998726 -1.6122132777961136 -1.6133784560037805 -1.6154252620805525 -1.597661389576006 -1.619181907011104 -1.6360706422393752 -1.637749220875692 -1.6391964191093975 -1.6391385182740517 -1.640855323223971 -1.6167329960820078 -1.5998609721137125 -1.5913571214812812 -1.5858712380372373 -1.5819123284511252 -1.57886840019583 -1.5764320651755486 -1.5744254957430712 -1.5712969487545305 -1.563523914162564 -1.558897250613996 -1.5575409164411567 -1.5570477024848073 -1.5568581847588607 -1.5567693348554439 -1.5568027379599008 -1.556878388766611 -1.5569065945012845 -1.5569647715481334 -1.557039788762535 -1.5571143476866844 -1.5571669024300003 -1.5572035867315068 -1.557273220602846 -1.5573402010606188 -1.557505219844295 -1.557554295313243 -1.5576420839361633 -1.5577767952977444 -1.5577470751258988 -1.5578703215652348 -1.5578777619299027 -1.558029133822133 -1.5580073650273703 
# Stellar luminosity-weighted [C/Fe]:
0 -2.220446049250313e-16 0.0 -0.05089505326934862 -0.05344211726578729 -0.08219347736224336 -0.08685548566924106 -0.11548997950285012 -0.9233618057225926 -1.2138526458703043 -1.2992836883037806 -1.3216887443813143 -1.321469995337787 -1.3141327206907163 -1.3041197398345514 -1.292594039864589 -1.279370625017547 -1.262962282030998 -1.2451483785775697 -1.2275428445145635 -1.209711240615624 -1.1913165515780333 -1.173751563477887 -1.1572544332493444 -1.1416489933018723 -1.1175566064876392 -1.0756586237486931 -1.0232196156041267 -0.971458263605378 -0.9249141125189878 -0.8840891909223745 -0.8480312934143657 -0.8151774478166796 -0.7868811405604889 -0.7585984593234454 -0.7267295352592293 -0.6933739034544343 -0.6595859633452296 -0.6273650356482202 -0.5979530230526839 -0.5734515292753615 -0.5508667100038303 -0.5287125349767339 -0.5075323171947147 -0.48870309551258373 -0.47031888824694035 -0.4542613338831189 -0.4386809412705528 -0.4220993470222715 -0.41046919435841 -0.3961637951657938 -0.3859826777755727 -0.37596182734791084 -0.36882310241733585 -0.3644343582090429 -0.3570292952510544 -0.3542465813170679 -0.3514138511531557 -0.34329167972105734 -0.3417022229284634 -0.34005203514852433 -0.33284549357898097 -0.32953564216390396 -0.32856972053594824 -0.32346077016143726 -0.31641848483039414 -0.3177799427177409 -0.3204773069444573 -0.3184858655363254 -0.3184398354378929 -0.3236652405168078 -0.3276142050593933 -0.3269809053460926 -0.3258253468890866 -0.3323000332254056 -0.3385853223605959 -0.3392402608789731 -0.3363526223662239 -0.3384192257092531 -0.34623167847322944 -0.3513842639932917 -0.3515256701869006 -0.34851527627264156 -0.35072077168952687 -0.35947811015295283 -0.36566904501263164 -0.36680158708454924 -0.3644724484326184 -0.36110389508571816 -0.3687293996905775 -0.3784349103660851 -0.38290821840099754 -0.3823471425910052 -0.3798219682198628 -0.377607353075181 -0.3817870454816906 -0.39265237936925057 -0.39878410853478474 -0.3998525388569225 -0.39802705342192113 -0.3962553942934506 -0.4020034058298947 -0.40716904028434486 -0.4107409259399599 -0.41370373394453464 -0.4163177619814983 -0.41869312339939124 -0.420884922734879 -0.42293160987201983 -0.4266691241345584 -0.44089276128442645 -0.4584353533800186 -0.46949505083406035 -0.47746819725905165 -0.483566076289186 -0.49032159013923493 -0.4951950144210313 -0.4988526317884981 -0.49986953931061945 -0.5016789772409322 -0.5039131837990147 -0.5057467193232477 -0.5068464396818405 -0.5073702921999304 -0.5090004595289025 -0.5105690857787917 -0.5131071995621665 -0.5146560835229037 -0.5158722287370815 -0.5167018948414072 -0.517178064593933 -0.5183560556127547 -0.5183646947616596 -0.5194243959160261 -0.5194680324375172 
# Stellar luminosity-weighted [N/O]:
0 0.0 0.0 -1.8499255434704112 -1.866673254526094 -1.5852115857058084 -1.0162527649093869 -0.44014501074635937 0.07448074373792257 0.4627932494714798 0.7021381437365927 0.8100273467128299 0.8489347678775933 0.8584125883277366 0.8636326486268512 0.8730001241920333 0.8911620994740354 0.9217379653595769 0.9581117253176505 0.9923446014395467 1.011385567067051 1.0141616942675376 1.0061064577891403 0.9942624404004042 0.9814783162099252 0.9625788532809355 0.9272627949768437 0.8760375812327439 0.8123885236316419 0.7379688336874263 0.6500620821475689 0.5458136670460132 0.4146858929203563 0.23594870643657728 -0.020485471526933474 -0.3305710633148895 -0.6150996818943182 -0.8025948259095705 -0.8771305020706206 -0.9296493287046523 -0.96175561021694 -0.9762259216336469 -0.9869200045330384 -0.9965947938909423 -1.00483288625962 -1.0163737658067684 -1.022893901982897 -1.0303385233689744 -1.0392325804217881 -1.0434699733831565 -1.0492137145383635 -1.0578670102458152 -1.0583920238365374 -1.0521472610740377 -1.0446430689199846 -1.0349694521761374 -1.0352804666088993 -1.0274483601237818 -1.0122055752905526 -1.0078724319689978 -1.007557892134827 -0.9989670520067142 -0.9895734940559999 -0.9844508935179244 -0.9705273072332781 -0.9677143341035246 -0.9926558248562256 -0.9751344617317248 -0.9538668154525836 -0.9559208509245873 -0.9526903255541803 -0.9713470852014066 -0.8912361382468854 -0.9520477945983219 -0.9980144926280354 -0.9760990284157711 -0.979285484898613 -0.9671575178259968 -0.9585874650646842 -0.9632334196331283 -0.9723815988412297 -0.9620503430118639 -1.0686888230212157 -0.9536447656007216 -0.91149063930461 -0.9195737074929606 -0.9262691657838755 -0.9446931553329476 -0.9808947411417039 -0.9545319778077417 -0.9388695527404118 -0.941751311024621 -0.9253600349484201 -0.9485968998363314 -0.9537226962476952 -0.9594862438357714 -0.960323965617313 -0.9586598192408609 -0.9494785729022834 -0.962588741912624 -0.9629468146389237 -0.47528039246227927 -0.28561957991482423 -0.20345847406204087 -0.15187774897679374 -0.1144408129776473 -0.08510192320556609 -0.0610239193842077 -0.04062089473033925 -0.007379769796680202 0.08960087862982746 0.17566201417749638 0.2196744693031647 0.24814779258001995 0.2683818600782858 0.2895551256218363 0.30402526272237884 0.3146051618210347 0.31750504253375833 0.3225275009057357 0.3285944094210138 0.3335753680966693 0.3366447772735164 0.33801088753208974 0.34235231105516517 0.34639509840496097 0.3528338967901058 0.35672812360084705 0.35979173011557575 0.36198875539181385 0.3631170897517098 0.3660586335237778 0.3661036960694187 0.36877639085157915 0.36886541335612 
# Stellar luminosity-weighted [C/O]:
0 -1.1102230246251565e-16 0.0 -1.2588935750226569 -1.2539617661254414 -0.9814466501607124 -0.7755014961717628 -0.6444255750351886 -0.4243542958640111 -0.14379099152084884 0.045227680304273404 0.1301405133037833 0.1692367907936188 0.18818930794787048 0.20086551935534633 0.21237981330578656 0.22487117473809032 0.2400470060257805 0.2561596476118507 0.27219761932836156 0.28917108702460387 0.3072526587219173 0.3248819866712168 0.34164939384740534 0.35756663780811115 0.3818687101151267 0.42407273291531966 0.47610114135252807 0.5274149246878792 0.5739708756821806 0.6141465891851412 0.6502301536532055 0.6830648428855252 0.7111104749831162 0.7389950324631784 0.7701866949138209 0.8027190299184493 0.836133859671429 0.8664801607216185 0.8942012491739909 0.918073368997873 0.9395131384277552 0.9607178692704943 0.9807701624571076 0.9988493766807206 1.0162810505449182 1.0315844477742413 1.0462612143363401 1.0620532199104384 1.0729115118463404 1.0861289087743482 1.0955809841104063 1.10518441675441 1.1119504316174267 1.1154417078432646 1.1240809098933946 1.1264792882582877 1.1286333026685138 1.1362773854190622 1.1378185274391142 1.1394803556145137 1.14651731824521 1.149679304874972 1.150612729198149 1.1554677917393956 1.1619212251518534 1.1620912643720585 1.1583932455837178 1.159667282260667 1.1600540372119128 1.1549699840250653 1.1507556099577858 1.1513465035947943 1.1521199070708015 1.1463203751675892 1.1400847983483238 1.139348121596779 1.1419996314211285 1.1399492325183287 1.1324164003362025 1.1274292837382323 1.1270882545437964 1.1298030684837794 1.1280861739318153 1.1188572653309095 1.1132113310282818 1.1128024091684594 1.1137848541055013 1.1159469103219686 1.1092797718444432 1.100784407926543 1.0962307405866394 1.0965472693867986 1.0985929966160548 1.100383036942329 1.0965019744878304 1.0864293089881754 1.0803076695721723 1.0792937692932294 1.080217514446371 1.082072901843041 1.0773078772473799 1.072887362230511 1.0697282016937062 1.0670571640145627 1.0646725264989265 1.0624881685506957 1.060460964475355 1.058559598913736 1.0550707807067545 1.0416586379751807 1.0249405449175435 1.0143348865074648 1.0066648721858886 1.0007896781978425 0.9942701087599317 0.9895619503915062 0.9860249769541707 0.985042476851075 0.9832892987172633 0.9811255827822535 0.9793507421429217 0.9782838335071741 0.9777780770857074 0.9761958668670266 0.9746735841995878 0.9722139535403579 0.970711081060938 0.9695292766159388 0.968721820366522 0.9682631031602451 0.9671219525615954 0.9671136903518994 0.9660881873191045 0.966046096474711 
# Stellar luminosity-weighted [O/Fe]:
0 -2.220446049250313e-16 0.0 1.207998521753308 1.2005196488596543 0.8992531727984692 0.6886460105025218 0.5289355955323385 -0.49900750985858155 -1.0700616543494554 -1.344511368608054 -1.4518292576850975 -1.4907067861314058 -1.5023220286385868 -1.5049852591898978 -1.5049738531703754 -1.5042417997556372 -1.5030092880567785 -1.5013080261894203 -1.4997404638429253 -1.4988823276402279 -1.4985692102999506 -1.4986335501491037 -1.4989038270967496 -1.4992156311099836 -1.4994253166027658 -1.4997313566640127 -1.499320756956655 -1.498873188293257 -1.4988849882011683 -1.4982357801075157 -1.498261447067571 -1.4982422907022046 -1.497991615543605 -1.497593491786624 -1.4969162301730503 -1.4960929333728836 -1.4957198230166586 -1.4938451963698385 -1.4921542722266747 -1.4915248982732345 -1.4903798484315853 -1.4894304042472282 -1.4883024796518223 -1.4875524721933042 -1.4865999387918585 -1.48584578165736 -1.4849421556068927 -1.4841525669327098 -1.4833807062047506 -1.482292703940142 -1.4815636618859789 -1.4811462441023209 -1.4807735340347625 -1.4798760660523076 -1.481110205144449 -1.4807258695753558 -1.4800471538216697 -1.4795690651401192 -1.4795207503675776 -1.479532390763038 -1.479362811824191 -1.479214947038876 -1.479182449734097 -1.4789285619008328 -1.4783397099822477 -1.4798712070897995 -1.4788705525281751 -1.4781531477969925 -1.478493872649806 -1.478635224541873 -1.4783698150171793 -1.4783274089408869 -1.4779452539598879 -1.478620408392995 -1.47867012070892 -1.478588382475752 -1.4783522537873524 -1.478368458227582 -1.4786480788094318 -1.478813547731524 -1.478613924730697 -1.478318344756421 -1.4788069456213422 -1.4783353754838622 -1.4788803760409135 -1.4796039962530085 -1.47825730253812 -1.4770508054076867 -1.4780091715350208 -1.4792193182926279 -1.4791389589876371 -1.4788944119778038 -1.4784149648359173 -1.4779903900175102 -1.4782890199695211 -1.479081688357426 -1.479091778106957 -1.4791463081501517 -1.4782445678682923 -1.4783282961364916 -1.4793112830772746 -1.4800564025148562 -1.4804691276336661 -1.4807608979590974 -1.4809902884804247 -1.481181291950087 -1.481345887210234 -1.481491208785756 -1.481739904841313 -1.482551399259607 -1.483375898297562 -1.4838299373415251 -1.4841330694449402 -1.4843557544870285 -1.4845916988991668 -1.4847569648125374 -1.4848776087426687 -1.4849120161616947 -1.4849682759581957 -1.4850387665812683 -1.4850974614661694 -1.4851302731890146 -1.4851483692856378 -1.4851963263959291 -1.4852426699783794 -1.4853211531025243 -1.4853671645838418 -1.4854015053530203 -1.485423715207929 -1.4854411677541781 -1.48547800817435 -1.485478385113559 -1.4855125832351306 -1.4855141289122282 
# Stellar luminosity-weighted [Ca/Fe]:
0 0.0 0.0 0.7147671081304314 0.7086851412108857 0.47479739691966094 0.3358794244279405 0.24190382346581496 -0.11141205731532167 -0.15567607711870401 -0.1638806752667359 -0.1660125444782683 -0.16677683047373026 -0.16696685725328164 -0.16701768860945165 -0.16706214450732193 -0.167061705595972 -0.1670551217979679 -0.16705569927357655 -0.1670760122374213 -0.16706425599412134 -0.16704318955892128 -0.16703055921442167 -0.16703396693268102 -0.16703853686128278 -0.16709571954843572 -0.1667819240503805 -0.16701788823749797 -0.16721498367320997 -0.16710560490181803 -0.16710333580676173 -0.16698472848495038 -0.16705413484409126 -0.16721778325985825 -0.16709313507061085 -0.16699816654234523 -0.16679329255601139 -0.16632509279237118 -0.16479417927495588 -0.16735298871353588 -0.16860605544759388 -0.16797467045285064 -0.16736266132368072 -0.16715791796576607 -0.1670161181651908 -0.16711599186156123 -0.16684056903103994 -0.16712920043660096 -0.16728280516453076 -0.16713738875357076 -0.1670861827680319 -0.16711697912090617 -0.1670424618770039 -0.16705134550768586 -0.16712546754664848 -0.1671264530080776 -0.16704479233984526 -0.1670789572430158 -0.1670940238450478 -0.1670803750508063 -0.16713148700041347 -0.16705869655498273 -0.16685389660195193 -0.16642253578121213 -0.16677558644955792 -0.16726971846829786 -0.16729292016305042 -0.16745362556070265 -0.16703612896268782 -0.1668550972223113 -0.16709599876159298 -0.16716778118108055 -0.16863650606734248 -0.16708201692447533 -0.1661715969612121 -0.16638014380137034 -0.166646322649872 -0.16695158904598628 -0.16704785569497638 -0.16704763267322065 -0.16702247672932602 -0.1670665524691899 -0.1670562987218318 -0.1670146705069564 -0.16548513812101273 -0.16673658575211303 -0.1679301240256359 -0.16785742118271285 -0.16750895623226736 -0.16727301306207254 -0.16712055824781613 -0.1670756659985082 -0.16779857293034728 -0.1666378723887576 -0.16629807976452415 -0.16680639165894884 -0.16696394827573924 -0.16751307519575498 -0.16743041641545564 -0.16710997620583612 -0.1671963199760118 -0.16715110056376092 -0.16711952744397296 -0.1671032783332258 -0.1670929276511426 -0.1670856419430724 -0.16708018947418068 -0.1670759065745464 -0.16707242816167867 -0.16706709976595935 -0.16705354105160075 -0.1670432178211907 -0.16703822362748966 -0.1670349501517725 -0.16703267824248136 -0.16703012443436216 -0.16702828889561228 -0.1670269967883875 -0.16702663966391085 -0.16702596639975176 -0.16702512247835588 -0.16702449406348086 -0.16702413734802413 -0.1670239745583122 -0.16702338425693197 -0.16702275857542226 -0.16702193125052744 -0.1670213790685875 -0.16702094222646835 -0.16702062875153634 -0.16702047593803804 -0.16702012168755598 -0.16702011349924595 -0.1670198153683733 -0.1670197961482578 
# Stellar luminosity-weighted [Ne/Fe]:
0 -1.6653345369377348e-16 -1.6653345369377348e-16 1.0185842874499946 1.012862464296299 0.7713442410615026 0.5967063413166205 0.4478690231533604 -0.6067953752359719 -1.2881976890120188 -1.7514956639889898 -2.0818992792625286 -2.2729443115548573 -2.3684929132980894 -2.400511247946282 -2.4081560392761396 -2.407432064396845 -2.4113408537314056 -2.4044325514897036 -2.40215342646368 -2.40420960532761 -2.4033907485939947 -2.40287957228085 -2.4023468506662673 -2.401836839203708 -2.401192236036155 -2.4006435007094478 -2.4002054536863158 -2.400447297577636 -2.405648329266037 -2.395545271521112 -2.390881005612621 -2.4272259687005375 -2.394070148348315 -2.3665024770794045 -2.36413757316188 -2.3737838211497184 -2.3686515453603665 -2.3565510855737166 -2.3482286310544556 -2.3295125349018475 -2.321698733439048 -2.3205976344823394 -2.3185095210005757 -2.304138818742923 -2.3083552644029917 -2.278337153738544 -2.278049199439407 -2.275021152791804 -2.2699127408180573 -2.2609090817713335 -2.25623838450802 -2.248944040964493 -2.2488203311085897 -2.2497758231860114 -2.2444816879669744 -2.2267272162187632 -2.236470212919663 -2.2363886961682775 -2.2361088501994173 -2.230364220325031 -2.227793349818263 -2.2218698056971533 -2.223139641159796 -2.2243500857344642 -2.22060667924882 -2.220019518601617 -2.222768033700852 -2.21565077336657 -2.2226245310173547 -2.217260175679921 -2.2294340640633696 -2.2329863913627186 -2.235806953814662 -2.2386209302426607 -2.2423692774057926 -2.239693341462787 -2.2452664308494814 -2.2498475313939617 -2.251611527512151 -2.2506167200071703 -2.256913863193591 -2.2539498638662776 -2.2608496900540356 -2.2633060697290777 -2.274569011103525 -2.2613331621159554 -2.2733254075588447 -2.280174372425777 -2.2841626748407 -2.2832387918209447 -2.292286221105728 -2.2894839383146657 -2.2882064824535675 -2.287645645227575 -2.2985247880305684 -2.300308777739245 -2.2812095634840084 -2.3412014365130096 -2.3030217155104973 -2.2935813071830786 -2.292764588697377 -2.290000232348967 -2.2880618260152428 -2.2867489145144453 -2.2858287985257086 -2.2851667244696956 -2.2846816311499802 -2.2843239572247747 -2.2838667267571777 -2.2836513853603178 -2.2851183817266074 -2.286499765665191 -2.2876016993186914 -2.288489963409808 -2.289473162313434 -2.290191068034626 -2.290733855981485 -2.2909013918361554 -2.2911537934596886 -2.291480302884971 -2.2917642434768464 -2.2919191224245896 -2.2920128391594234 -2.2922365987347644 -2.292453071593987 -2.292859784169003 -2.2930746459253224 -2.2932491857972668 -2.2933765310259515 -2.2934456952137054 -2.293644725834944 -2.293646514527968 -2.293841280368124 -2.2938412518749107 
# Stellar luminosity-weighted [Si/Fe]:
0 8.673617379884035e-18 1.0408340855860843e-16 1.0338428626592064 1.02796569623464 0.7819379316332378 0.6328420895538676 0.5235700810596051 -0.08345253280158767 -0.20280555141682902 -0.22784594894817828 -0.2344180973296969 -0.23650744267799695 -0.23706203454638142 -0.23722266251227161 -0.2372659124585993 -0.23727551428688753 -0.23726611084400326 -0.23727146934565568 -0.23724181920999968 -0.23724129464035398 -0.2372423382662837 -0.23723732770880668 -0.23725060284179647 -0.2372572555865553 -0.23726880971392458 -0.23754410253682656 -0.23726295401584352 -0.23707359784852583 -0.23706084651984624 -0.23646894767601426 -0.23724490617672545 -0.23769158374704832 -0.23764952198777678 -0.23730660078248383 -0.23724193851717804 -0.23723263501725045 -0.23720495276855277 -0.23723169172842093 -0.2372130461730287 -0.23724383720435735 -0.23718684079377564 -0.23716608674599773 -0.23716100124541623 -0.236884853937154 -0.23724287968273727 -0.23730449987187552 -0.23714963242166853 -0.23713791427733424 -0.23714915847373702 -0.2371323702636483 -0.2370928792271438 -0.23711873250440602 -0.23711042841252072 -0.23718158157968178 -0.23734713909832483 -0.23715852252875197 -0.23702320498990365 -0.23712684065804965 -0.23716645215338136 -0.23718696139556625 -0.23707095130461017 -0.23732610005282154 -0.23724761713838682 -0.23717146923739826 -0.2369907640796221 -0.2372649593040458 -0.23736440553456487 -0.23732432028596115 -0.23744044844363257 -0.23729768477452307 -0.23709382884763794 -0.23716440829487015 -0.23722153300980847 -0.23727865758675673 -0.2372497392486963 -0.23725278555328663 -0.23721181477696765 -0.23722162495230478 -0.237255819619507 -0.23728168640342623 -0.23725239982370983 -0.2372234830248045 -0.23721967564647362 -0.23732873944117072 -0.23727174427870928 -0.23716975022535478 -0.2372388803136601 -0.23729312858484375 -0.23764489572846229 -0.2375421980190575 -0.2374049806338437 -0.23708319815596945 -0.23695402969066312 -0.23709598255549205 -0.23725149321150737 -0.23725408889952654 -0.2372259869351316 -0.23729890144604665 -0.23728669203225655 -0.23736542597904517 -0.23729430255872996 -0.23725591227368606 -0.2372401865552304 -0.23723099272126247 -0.23722462653530907 -0.23721977149877252 -0.2372158392935849 -0.2372125263699227 -0.23720711035915315 -0.2371904941257808 -0.2371737601239599 -0.2371640853575918 -0.23715731848528188 -0.23715229974261284 -0.23714671000660723 -0.2371427530438035 -0.23713982589213015 -0.23713908786033877 -0.23713752367226718 -0.23713567039151892 -0.23713427554347458 -0.23713334253549392 -0.23713303684664316 -0.23713160642912842 -0.23713024964468027 -0.23712835526247836 -0.23712704613098004 -0.23712602182754147 -0.23712538501643166 -0.23712506992066676 -0.23712432327661953 -0.23712433242245962 -0.23712378293941266 -0.23712371926805753 
# Stellar luminosity-weighted [S/Fe]:
0 0.0 5.551115123125783e-17 0.9533397673023065 0.9478655501865648 0.7165380420765772 0.5768036747147683 0.4720208937302528 -0.10741802992839128 -0.21601291492465358 -0.23845929041268688 -0.24442384562542407 -0.2463292386579109 -0.2468619867138172 -0.24697847984901844 -0.2469864830218932 -0.24699774849897482 -0.24699993805799014 -0.24697289519372212 -0.24697619711764596 -0.24700388256056416 -0.24696424001860495 -0.2469873476280008 -0.24701214966920704 -0.2470017810993408 -0.2469700665083846 -0.24631178494562833 -0.2469653486632709 -0.24732965868124068 -0.2473645051761818 -0.24701796902188777 -0.2470112690882279 -0.24699912680798009 -0.24696737121126822 -0.2469730320766278 -0.2469762126863766 -0.24690627701859402 -0.24416051352666512 -0.24691000951163355 -0.24849688031476913 -0.24802038119120018 -0.24754544533393052 -0.24716087958904465 -0.24692658461236772 -0.24674728112753397 -0.24687071693806306 -0.24696318733002076 -0.24713171838695536 -0.24698231447657282 -0.24696756915965268 -0.24695068270497333 -0.24704200092071604 -0.2469708415616867 -0.24686159679266517 -0.24693948946422695 -0.24714753061250128 -0.24700792984391007 -0.2468278989716962 -0.24686430481062793 -0.2469057107212771 -0.24695846325760562 -0.24746826864410598 -0.24708290626850982 -0.246703073531646 -0.24655335838344328 -0.2466278057782776 -0.2469858568362625 -0.24713307846364851 -0.24703931639265164 -0.24712167778397132 -0.24710996250734374 -0.246916529737492 -0.24682423308626278 -0.2468737030057261 -0.2469269800677487 -0.24691628595569381 -0.24694548067378985 -0.24693462479637107 -0.24694295961825097 -0.2468945623205827 -0.24695975784450874 -0.2469744602356646 -0.24695080683714732 -0.24682308608750692 -0.24386249694286144 -0.24686459691475293 -0.24877588479186674 -0.24856328504891811 -0.2470235456991009 -0.24716270001597385 -0.24728797069950637 -0.24685498479997614 -0.24648534730339233 -0.24678555710236794 -0.2469952552775544 -0.24696527820135938 -0.24684898905548647 -0.24688742892216076 -0.24704331316982897 -0.24697159639705402 -0.2470057129368708 -0.2469728728881868 -0.2469540318568012 -0.24694591373652575 -0.2469410261922731 -0.24693753882812441 -0.24693484099402607 -0.24693261152955226 -0.24693067500534904 -0.24692747755709243 -0.24691718459265566 -0.24690620700404364 -0.24689957351042036 -0.24689468889266253 -0.24689116278353462 -0.24688723251782618 -0.24688440418737234 -0.24688225177948975 -0.24688171896523092 -0.24688058169761107 -0.24687920843919253 -0.24687821547462663 -0.24687749238533363 -0.24687729968658045 -0.24687621693105843 -0.24687519786432943 -0.24687379578104462 -0.24687290225436043 -0.24687211863396008 -0.246871560469891 -0.24687138101884687 -0.246870789850266 -0.24687077562302273 -0.2468703503982429 -0.24687026117934452 
# Stellar luminosity-weighted [C/H]:
0 -5.218485947384705 -6.601017261501289 -5.542554662032822 -3.589701153165712 -2.785896670327154 -2.2734740568701284 -1.9362407464379077 -1.538787566757298 -1.0228527813081492 -0.5102622519745807 -0.08982207949174681 0.16549578675414933 0.2696034617211627 0.3021630505589905 0.3127630288885537 0.31958839870260736 0.3291725796669782 0.34091482200630496 0.3529958009737082 0.3655976101823102 0.3784925333443714 0.3910753961916207 0.40249589472227854 0.41299074447586115 0.4322156938722226 0.4709186871065154 0.5200032301338431 0.5684940585455744 0.612097456746985 0.6504202322016566 0.6840451186945153 0.7145465106620512 0.7401798931961614 0.7656906668085997 0.7969147960307996 0.8316275786844134 0.8659654374125507 0.8978796644268949 0.929324047893449 0.9542081696384392 0.9778546670587103 1.0010412973121592 1.0224573892503126 1.0424236227781503 1.0610835594111916 1.0780981807744192 1.0942473260779373 1.1109689181325884 1.1240696540893471 1.1368968746990715 1.149740069359522 1.159819047996891 1.1674291326374382 1.1735344739256832 1.1785875373663077 1.183837029462024 1.1888964730954625 1.1932681175665332 1.1979324794238804 1.202610491274966 1.2065759915212122 1.2108123499288603 1.2154914566965815 1.2189985695217946 1.2222515711304358 1.2249421908704528 1.2239379317671166 1.222274939209015 1.2188702393980324 1.2169183985565875 1.214022050797897 1.2099721656265978 1.2052714130439166 1.202821389312207 1.1999369980558523 1.1963600073356608 1.192567887028543 1.1892800442386249 1.1863006058035355 1.1827306392462447 1.1788353638762925 1.1747757323804873 1.1712363198891649 1.1683175999531672 1.1651631818955877 1.1612297519542851 1.157271549211952 1.1532916911523778 1.1504204550313086 1.14789366232697 1.144480944608544 1.1407330477104658 1.136935146653006 1.1322633331725647 1.1307786787766045 1.127823239353262 1.1250253315012788 1.121540906610333 1.1175921249617256 1.1126797353106737 1.111296113776258 1.1077575633697747 1.104429984250452 1.1013890458286206 1.0985860911195786 1.0959774671539217 1.0935348132174076 1.0912295929367049 1.0869742825020081 1.0704269156432198 1.049528462666411 1.036117455720166 1.0263872618514438 1.01892775726144 1.010607011655873 1.0046198503106418 1.0001183429635758 0.998898850118294 0.9966274719410753 0.9938715703267675 0.9915938243175906 0.9902523584184375 0.9896122855264928 0.9875997575353668 0.9855653345153161 0.9824781014459307 0.9804991636570652 0.9789420258828394 0.9779176814325479 0.9774481509151314 0.9761035417153843 0.9761435244644909 0.9750256444585488 0.9749718391487461 
# Stellar luminosity-weighted [N/H]:
0 -5.218485947384705 -6.601017261501289 -6.1335866304805755 -4.202412641566365 -3.3896616058722495 -2.514225325607753 -1.731960182149078 -1.0399525271553651 -0.41626854031582106 0.14664821145773832 0.5900647539172996 0.845193763838124 0.9398267421010291 0.9649301798304952 0.9733833397748004 0.9858793234385521 1.0108635390007747 1.0428668997121044 1.0731427830848932 1.0878120902247574 1.0854015688899916 1.0722998673095443 1.0551089412752774 1.036902422877675 1.0129258370380314 0.9741087491680394 0.9199396700140587 0.8534676574893374 0.7760954147522305 0.6863357251640845 0.579628632087323 0.4461675606968827 0.2650181246496226 0.006210162818486964 -0.30384296219791107 -0.5861911331283549 -0.7727632481684488 -0.8457309983653438 -0.8945265299851943 -0.9256208095763743 -0.9378843930026921 -0.9465965764913733 -0.9549075670977372 -0.9612586401621908 -0.9715712569404946 -0.9763801689827192 -0.9823524116273772 -0.9903168821996386 -0.9923118311401495 -0.9984457486136398 -1.0037079249966991 -1.0037573925940562 -0.9966685600540268 -0.9865503028375668 -0.9804628247032241 -0.977922725405163 -0.9671851896968331 -0.9552148431430814 -0.9477584799842322 -0.9444277564743748 -0.9389083787307122 -0.9284404490021121 -0.9195721660194911 -0.906996529450879 -0.9073839881249421 -0.9298048983578315 -0.9095897755483255 -0.8912591585042353 -0.897104648738468 -0.8907419110226575 -0.908080644361295 -0.8326104762150823 -0.898896288625207 -0.9415134784834178 -0.9162468287082426 -0.9222735991597313 -0.9165892622185821 -0.9092566533443884 -0.9093492141657951 -0.917080243333217 -0.9103032336793682 -1.0237161591245076 -0.910494619643373 -0.8620303046823521 -0.8676218566256555 -0.8778418229980494 -0.9012064602264971 -0.9435499603112945 -0.913391294620876 -0.8917602983399853 -0.8935011070027157 -0.8811742566247522 -0.91025474979938 -0.9218424000174599 -0.9252095395469979 -0.9189300352522265 -0.9139421573117552 -0.9072314355851798 -0.9252141313972695 -0.9323399811712907 -0.4412921559334011 -0.250749378775561 -0.16875669150529493 -0.11754586716273607 -0.08052724835699543 -0.05161262460234006 -0.027950070642155822 -0.007950900707370145 0.02452373199857316 0.1183691562978666 0.20024993192636398 0.24145703851586608 0.2678701822455758 0.2865199391418827 0.30589202851777797 0.31908316264151404 0.3286985278304395 0.331361415800977 0.3358656741295478 0.34134039696552865 0.34581845027133884 0.3486133021847797 0.3498450959728756 0.3537562017235052 0.3572868487206895 0.3630980446956791 0.366516206196974 0.36920447938247625 0.37118461645783984 0.37230213750659624 0.3750402226775664 0.37513353018201023 0.37771384799102314 0.3777911560301548 
# Stellar luminosity-weighted [O/H]:
0 -5.218485947384705 -6.601017261501289 -4.283661087010165 -2.3357393870402694 -1.804450020166442 -1.497972560698365 -1.2918151714027193 -1.1144332708932883 -0.8790617897873014 -0.5554899322788547 -0.2199625927955311 -0.00374100403946942 0.08141415377329242 0.10129753120364438 0.10038321558276708 0.09471722396451687 0.08912557364119733 0.08475517439445435 0.08079818164534691 0.0764265231577066 0.07123987462245429 0.06619340952040353 0.06084650087487331 0.05542410666774966 0.05034698375709601 0.04684595419119564 0.04390208878131485 0.04107913385769546 0.03812658106480438 0.036273643016515145 0.033814965041309986 0.031481667776525946 0.029069418213045317 0.026695634345421215 0.026728101116978653 0.028908548765963715 0.029831577741121773 0.031399503705276555 0.035122798719458004 0.036134800640565956 0.03834152863095497 0.04032342804166511 0.041687226793205134 0.04357424609742955 0.04480250886627335 0.046513733000177915 0.04798611174159717 0.04891569822214992 0.05115814224300674 0.050767965924723324 0.0541590852491165 0.054634631242481024 0.05547870102001129 0.058092766082418645 0.05450662747291313 0.05735774120373627 0.06026317042694895 0.05699073214747097 0.060113951984766434 0.06313013566045234 0.06005867327600223 0.0611330450538885 0.06487872749843238 0.06353077778239902 0.06033034597858267 0.06285092649839452 0.06554468618339859 0.06260765694834802 0.05881620218611916 0.061948414531522555 0.06326644084011113 0.05862566203180375 0.05315150597311513 0.05650101414461739 0.05985219970752853 0.057011885738882384 0.050568255607414514 0.049330811720296186 0.05388420546733341 0.05530135550801196 0.051747109332496155 0.04497266389670829 0.04315014595734912 0.049460334622258184 0.05195185086730536 0.04842734278582572 0.04348669510645076 0.03734478083040926 0.04114068318686526 0.047109254400427236 0.04825020402190461 0.044185778323667435 0.038342150036951406 0.03188029623023558 0.03427670428877416 0.04139393036508654 0.044717661929106534 0.04224713731710361 0.03737461051535451 0.03060683346763282 0.03398823652887817 0.034870201139263646 0.03470178255674572 0.03433188181405766 0.03391356462065209 0.03348929860322558 0.0330738487420521 0.03266999402296866 0.031903501795253586 0.028768277668039133 0.024587917748867927 0.021782569212701386 0.019722389665555617 0.018138079063597434 0.016336902895941474 0.015057899919135753 0.014093366009405361 0.013856373267219002 0.013338173223811811 0.012745987544514392 0.012243082174669073 0.011968524911263323 0.011834208440785421 0.011403890668340022 0.0108917503157282 0.010264147905572951 0.009788082596127179 0.009412749266900722 0.009195861066026101 0.00918504775488671 0.008981589153788772 0.009029834112591395 0.008937457139444493 0.00892574267403523 
# Stellar luminosity-weighted [Mg/H]:
0 -5.218485947384705 -6.601017261501289 -4.500360013996582 -2.551261515758318 -1.9755007345078024 -1.6240240477603338 -1.385950628320333 -1.1942210007530987 -0.9692763802584778 -0.6699177772389264 -0.348464729579244 -0.14078439677582377 -0.06329259110834773 -0.04926288221909658 -0.05386247151580559 -0.060427245483322345 -0.06372738259609889 -0.0633534361935677 -0.06146910466154054 -0.06137582841738887 -0.06605608041405109 -0.06950613121298765 -0.0735952169902605 -0.07899025046765562 -0.09028052241724627 -0.08693762772753288 -0.08462582833111654 -0.08551290929969735 -0.08826261971501292 -0.0893561098173663 -0.090239327746926 -0.09026137785446053 -0.09093126671872209 -0.08764280447604644 -0.08165680795948038 -0.06872457563039269 -0.05248705996235259 -0.037042927735512876 -0.02087416682856169 -0.00409462090998769 0.0067757039195326385 0.01936854469926086 0.031155126185967497 0.04342681726688191 0.06041101060943621 0.0669433078747419 0.07393944043880829 0.08725355962819581 0.09429009995722826 0.10048596903845297 0.10947001507980314 0.11242444617615988 0.1108958270623468 0.1069981745019577 0.09844164449671577 0.09385235689251825 0.09473830721430421 0.08275425317029406 0.0757765419390628 0.07236041046937025 0.06036613925820067 0.05555323103079779 0.05754436731454948 0.05277630783231402 0.05484750190448917 0.03572851311851988 0.026546129925884898 0.021076094285191083 0.014708485289272488 0.015336882927713624 0.015521219425374433 0.006447992648405787 -0.00332533219028619 -0.004937022718623396 -0.004667802173033309 -0.010391552263572912 -0.018124892450931185 -0.023558699589290022 -0.025139785853092178 -0.028077321971576197 -0.03519162769419726 -0.04517197657012684 -0.05127015354469311 -0.05097773206772516 -0.048681229239959656 -0.05595653759066099 -0.0486223759647153 -0.07881473283882379 -0.08947620139020884 -0.0848864623056711 -0.08482411478657159 -0.09029826570230881 -0.09866814720768335 -0.08779070332826056 -0.10661618275280826 -0.11559502351686302 -0.11393978083962786 -0.11780297364214132 -0.12351933989040553 -0.1319201936198473 -0.10343347647585421 -0.08493436845959312 -0.07618621129086911 -0.07077845826408158 -0.06700847535004861 -0.06419780964251665 -0.062012329223262164 -0.0602642929343471 -0.05765354211796403 -0.05220423723491763 -0.05093343456756649 -0.051928409886930815 -0.05319224337431194 -0.054364351208234574 -0.05584073306033588 -0.05698787322822785 -0.05790741401453747 -0.05813820507237111 -0.058658322366126114 -0.05925503463675241 -0.05977380404584576 -0.06006810432972287 -0.06022100900508409 -0.060673003538576076 -0.06120578076651029 -0.06191991883619785 -0.06239904813327435 -0.06282782931624187 -0.06315721902378879 -0.06312085961683422 -0.06341072423709626 -0.06336954270375195 -0.06357909344755797 -0.06356749344110746 
# Stellar luminosity-weighted [Fe/H]:
0 -5.218485947384705 -6.601017261501289 -5.491659608763472 -3.536259035899924 -2.7037031929649107 -2.1866185712008868 -1.820750766935058 -0.6154257610347056 0.1909998645621549 0.7890214363291994 1.231866664889567 1.4869657820919366 1.583736182411879 1.6062827903935424 1.6053570687531424 1.5989590237201545 1.5921348616979758 1.5860632005838746 1.580538645488272 1.5753088507979345 1.569809084922405 1.5648269596695075 1.559750327971623 1.554639737777733 1.5497723003598618 1.5465773108552088 1.5432228457379695 1.5399523221509526 1.5370115692659732 1.5345094231240313 1.5320764121088812 1.5297239584787308 1.5270610337566501 1.5242891261320448 1.5236443312900292 1.5250014821388476 1.52555140075778 1.525244700075115 1.5272770709461327 1.527659698913801 1.5287213770625403 1.5297538322888933 1.5299897064450274 1.5311267182907335 1.5314024476581318 1.532359514657538 1.53292826734849 1.53306826515486 1.5345388484477573 1.5330606698648652 1.535722747135095 1.535780875344802 1.5362522350547736 1.5379688321347262 1.5356168326173618 1.538083610779092 1.540310324248619 1.5365597972875902 1.5396347023523438 1.54266252642349 1.5394214851001933 1.540347992092764 1.5440611772325297 1.5424593396832313 1.5386700559608304 1.5427221335881938 1.544415238711574 1.5407608047453403 1.5373100748359252 1.5405836390733954 1.5416362558572905 1.5369530709726904 1.5310967599330034 1.5351214225376126 1.538522320416448 1.5356002682146341 1.5289205093947666 1.5276992699478784 1.532532284276765 1.5341149032395363 1.5303610340631932 1.5232910086531288 1.5219570915786913 1.52779571010612 1.5308322269082195 1.5280313390388343 1.5217439976445704 1.5143955862380962 1.5191498547218862 1.526328572693055 1.5273891630095418 1.5230801903014712 1.5167571148728687 1.5098706862477456 1.512565724258295 1.520475618722513 1.5238094400360631 1.5213934454672553 1.5156191783836466 1.5089351296041245 1.5132995196061527 1.5149266036541196 1.5151709101904118 1.515092779773155 1.5149038531010772 1.514670590553313 1.5144197359522864 1.5141612028087246 1.5136434066365663 1.5113196769276462 1.5079638160464297 1.5056125065542263 1.503855459110496 1.5024938335506262 1.500928601795108 1.4998148647316736 1.498970974752074 1.4987683894289132 1.4983064491820075 1.4977847541257825 1.4973405436408385 1.4970987981002777 1.4969825777264232 1.4966002170642696 1.4961344202941076 1.4955853010080973 1.4951552471799685 1.494814254619921 1.494619576273955 1.4946262155090646 1.494459597328139 1.4945082192261503 1.4944500403745753 1.494439871586263 
# Stellar luminosity-weighted [Ca/H]:
0 -5.218485947384705 -6.601017261501289 -4.776892500633041 -2.8275738946890385 -2.2289057960452503 -1.8507391467729475 -1.5788469434692427 -0.7268378183500275 0.035323787443449994 0.6251407610624637 1.0658541204112995 1.3201889516182064 1.4167693251585973 1.4392651017840903 1.4382949242458212 1.4318973181241823 1.4250797399000072 1.4190075013102978 1.4134626332508509 1.4082445948038131 1.4027658953634834 1.3977964004550865 1.392716361038942 1.3876012009164507 1.3826765808114265 1.3797953868048287 1.3762049575004713 1.3727373384777426 1.3699059643641558 1.3674060873172689 1.3650916836239313 1.362669823634639 1.3598432504967919 1.3571959910614346 1.3566461647476835 1.358208189582836 1.3592263079654092 1.3604505208001596 1.359924082232597 1.3590536434662068 1.3607467066096897 1.3623911709652123 1.3628317884792613 1.3641106001255423 1.3642864557965702 1.3655189456264987 1.3657990669118885 1.3657854599903292 1.3674014596941868 1.3659744870968336 1.3686057680141896 1.3687384134677982 1.3692008895470877 1.3708433645880769 1.368490379609284 1.3710388184392466 1.3732313670056033 1.3694657734425428 1.372554327301538 1.3755310394230769 1.3723627885452112 1.3734940954908117 1.377638641451318 1.3756837532336732 1.371400337492533 1.375429213425143 1.376961613150871 1.3737246757826522 1.3704549776136137 1.3734876403118026 1.3744684746762097 1.3683165649053475 1.3640147430085285 1.3689498255764008 1.3721421766150783 1.368953945564762 1.3619689203487804 1.360651414252902 1.365484651603544 1.3670924265102107 1.3632944815940036 1.3562347099312975 1.3549424210717351 1.3623105719851072 1.3640956411561058 1.3601012150131986 1.353886576461858 1.3468866300058284 1.3518768416598137 1.3592080144452385 1.3603134970110338 1.3552816173711237 1.3501192424841113 1.343572606483221 1.3457593325993464 1.353511670446773 1.3562963648403086 1.3539630290517994 1.3485092021778105 1.3417388096281124 1.3461484190423922 1.3478070762101462 1.3480676318571856 1.3479998521220127 1.347818211158005 1.347590401079132 1.3473438293777402 1.3470887746470455 1.346576306870607 1.3442661358760457 1.3409205982252388 1.3385742829267366 1.3368205089587235 1.3354611553081446 1.333898477360746 1.332786575836061 1.3319439779636868 1.3317417497650021 1.3312804827822555 1.3307596316474264 1.330316049577358 1.3300746607522536 1.3299586031681114 1.3295768328073372 1.3291116617186853 1.3285633697575703 1.3281338681113812 1.3277933123934522 1.3275989475224188 1.3276057395710268 1.327439475640583 1.3274881057269043 1.3274302250062018 1.3274200754380052 
# Stellar luminosity-weighted [Ne/H]:
0 -5.218485947384705 -6.601017261501289 -4.473075321313477 -2.5233965716036257 -1.9323589519034083 -1.5899122298842672 -1.3728817437816971 -1.2222211362706776 -1.0971978244498644 -0.96247422765979 -0.850032614372962 -0.7859785294629207 -0.78475673088621 -0.7942284575527401 -0.8027989705229972 -0.8084730406766916 -0.8192059920334298 -0.8183693509058294 -0.8216147809754082 -0.8289007545296752 -0.8335816636715903 -0.8380526126113423 -0.8425965226946444 -0.8471971014259747 -0.8514199356762937 -0.8540661898542385 -0.8569826079483462 -0.8604949754266835 -0.8686367600000642 -0.8610358483970808 -0.8588045935037396 -0.8975020102218068 -0.8670091145916654 -0.8422133509473593 -0.8404932418718509 -0.8487823390108709 -0.8431001446025856 -0.8313063854986016 -0.8209515601083233 -0.801852835988047 -0.7929773563765083 -0.7908438021934465 -0.7885198145555483 -0.7730121004521893 -0.7769528167448598 -0.7459776390810058 -0.7451209320909165 -0.7419528876369448 -0.7353738923703004 -0.7278484119064679 -0.7205156373729249 -0.7131631656196902 -0.7125680960538165 -0.7118069910512856 -0.7088648553496126 -0.6886436054396716 -0.696159888671045 -0.6998288988806873 -0.6964741478470726 -0.6877016939015403 -0.6883718647180697 -0.6815218136043892 -0.6790784639272669 -0.6818907460512333 -0.6819366232879904 -0.6772973850134232 -0.6783527949892783 -0.6748899686212297 -0.6853144561814295 -0.676676536606525 -0.6877978082060787 -0.6960333203900273 -0.7047101938816587 -0.7034995077050485 -0.7038469569893442 -0.7040930732481527 -0.7163459214547148 -0.7221482614460832 -0.7190792432353863 -0.7165018167676349 -0.726552829130398 -0.7306588552131492 -0.7388925984753447 -0.7355103596229577 -0.7437367841953053 -0.7333018230771211 -0.7515814099142739 -0.7657787861876812 -0.7650128201188142 -0.7569102191278896 -0.764897058096186 -0.7664037480131949 -0.7714493675806988 -0.7777749589798297 -0.7859590637722729 -0.7798331590167322 -0.7574001234479448 -0.8198079910457539 -0.7874025371268507 -0.7846461775789537 -0.7794650690912244 -0.7750736286948481 -0.7728909158248314 -0.7716561347412902 -0.7709249454246319 -0.7704961339163825 -0.7702618951976934 -0.7701627544160496 -0.7702233201206115 -0.772331708432672 -0.7771545656801786 -0.7808872591109646 -0.7837462402081954 -0.785996129859182 -0.7885445605183259 -0.7903762033029533 -0.7917628812294106 -0.7921330024072422 -0.7928473442776811 -0.7936955487591879 -0.7944236998360088 -0.794820324324311 -0.7950302614330003 -0.7956363816704952 -0.7963186512998792 -0.7972744831609058 -0.7979193987453534 -0.7984349311773453 -0.7987569547519966 -0.7988194797046404 -0.7991851285068057 -0.7991382953018178 -0.7993912399935486 -0.7994013802886482 
# Stellar luminosity-weighted [Si/H]:
0 -5.218485947384705 -6.601017261501289 -4.4578167461042675 -2.5082933396652836 -1.9217652613316734 -1.55377648164702 -1.2971806858754524 -0.6988782938362936 -0.011805686854674313 0.5611754873810217 0.9974485675598697 1.2504583394139397 1.3466741478654978 1.3690601278812706 1.3680911562945433 1.3616835094332664 1.3548687508539725 1.3487917312382187 1.343296826278272 1.3380675561575806 1.3325667466561208 1.3275896319607008 1.3224997251298265 1.317382482191178 1.3125034906459372 1.309033208318382 1.3059598917221265 1.3028787243024267 1.2999507227461269 1.2980404754480168 1.294831505932156 1.2920323747316824 1.2894115117688734 1.2869825253495613 1.286402392772851 1.2877688471215967 1.2883464479892273 1.2880130083466939 1.2900640247731046 1.2904158617094437 1.2915345362687645 1.2925877455428956 1.2928287051996108 1.2942418643535798 1.2941595679753943 1.2950550147856625 1.2957786349268217 1.2959303508775255 1.2973896899740205 1.2959282996012171 1.2986298679079518 1.2986621428403957 1.299141806642253 1.3007872505550444 1.2982696935190372 1.3009250882503398 1.303287119258715 1.2994329566295408 1.3024682501989626 1.305475565027924 1.302350533795583 1.3030218920399426 1.306813560094143 1.3052878704458335 1.3016792918812081 1.305457174284148 1.307050833177009 1.3034364844593793 1.2998696263922924 1.3032859542988722 1.3045424270096526 1.2997886626778201 1.2938752269231952 1.2978427649508557 1.3012725811677521 1.2983474826613475 1.2917086946177991 1.2904776449955735 1.2952764646572579 1.2968332168361103 1.2931086342394833 1.2860675256283245 1.2847374159322182 1.2904669706649496 1.29356048262951 1.2908615888134798 1.2845051173309106 1.2771024576532524 1.2815049589934238 1.2887863746739976 1.2899841823756981 1.2859969921455017 1.279803085182206 1.2727747036922539 1.2753142310467878 1.283221529822986 1.2865834531009317 1.2840945440212086 1.2783324863513896 1.271569703625079 1.2760052170474228 1.2776706913804339 1.2779307236351816 1.2778617870518927 1.277679226565768 1.2774508190545406 1.2772038966587016 1.2769486764388018 1.2764362962774132 1.274129182801865 1.27079005592247 1.2684484211966347 1.266698140625214 1.2653415338080127 1.2637818917885006 1.2626721116878699 1.2618311488599439 1.2616293015685747 1.2611689255097405 1.2606490837342634 1.260206268097364 1.2599654555647843 1.25984954087978 1.2594686106351412 1.259004170649427 1.258456945745619 1.2580282010489885 1.2576882327923795 1.2574941912575235 1.2575011455883978 1.2573352740515191 1.2573838868036908 1.2573262574351625 1.2573161523182055 
# Stellar luminosity-weighted [S/H]:
0 -5.218485947384704 -6.601017261501288 -4.538319841461164 -2.58839348571336 -1.987165150888334 -1.6098148964861192 -1.348729873204805 -0.7228437909630969 -0.025013050362498568 0.5505621459165129 0.9874428192641429 1.240636543434026 1.336874195698062 1.3593043105445237 1.3583705857312496 1.351961275221179 1.345134923639986 1.3390903053901524 1.333562448370626 1.3283049682373704 1.3228448449037993 1.317839612041507 1.312738178302416 1.3076379566783927 1.3028022338514775 1.3002655259095803 1.296257497074699 1.2926226634697122 1.2896470640897908 1.2874914541021427 1.2850651430206534 1.282724831670751 1.2800936625453816 1.2773160940554171 1.2766681186036521 1.2780952051202532 1.2813908872311153 1.2783346905634816 1.2787801906313634 1.2796393177226006 1.28117593172861 1.2825929526998485 1.2830631218326594 1.2843794371631994 1.2845317307200683 1.2853963273275175 1.2857965489615344 1.2860859506782867 1.2875712792881044 1.2861099871598922 1.288680746214379 1.2888100337831156 1.2893906382621085 1.291029342670499 1.2884693020048608 1.2910756809351818 1.2934824252769221 1.2896954924769624 1.292728991631067 1.2957040631658847 1.2919532164560872 1.2932650858242547 1.297358103700884 1.2959059812997888 1.2920422501825528 1.2957362767519318 1.2972821602479252 1.2937214883526882 1.290188397051954 1.2934736765660522 1.2947197261197982 1.2901288378864275 1.2842230569272775 1.2881944424698637 1.2916060344607545 1.2886547875408438 1.2819858845983956 1.2807563103296276 1.2856377219561828 1.287155145395027 1.2833865738275287 1.276340201815982 1.2751340054911844 1.2839332131632584 1.2839676299934664 1.2792554542469672 1.2731807125956522 1.2673720405389948 1.2719871547059127 1.2790406019935485 1.2805341782095656 1.2765948429980787 1.2699715577705009 1.2628754309701913 1.265600446056936 1.2736266296670258 1.2769220111139026 1.2743501322974264 1.2686475819865928 1.2619294166672534 1.2663266467179661 1.2679725717973183 1.268224996453886 1.2681517535808822 1.2679663142729525 1.2677357495592867 1.2674871244227348 1.2672305278033753 1.2667159290794743 1.2644024923349901 1.2610576090423864 1.2587129330438058 1.256960770217833 1.2556026707670918 1.2540413692772816 1.252930460544301 1.2520887229725841 1.2518866704636826 1.2514258674843965 1.25090554568659 1.2504623281662117 1.2502213057149447 1.2501052780398432 1.2497240001332108 1.249259222429778 1.2487115052270528 1.2482823449256082 1.2479421359859608 1.2477480158040635 1.2477548344902174 1.247588807477873 1.2476374436031281 1.247579689976332 1.2475696104069183 
# X_list:
0.7502484878082851 0.7500063198614393 0.7500002921637783 0.7499512085774339 0.7497959540326213 0.7494224675241369 0.7483839344080998 0.7453169278156189 0.7372035499305146 0.7176284062258026 0.6810344502437294 0.6444632644223013 0.6287622204346273 0.627711470148441 0.6316391489947892 0.6361604906688673 0.6399873432073243 0.6427261806602906 0.6449389488515289 0.6476481491537127 0.6511823586101712 0.6550379642302719 0.6589116730998169 0.6626280232025881 0.6658728503171871 0.6681670610037187 0.6698134044404345 0.6710741651863453 0.6722407913950481 0.6732649461876345 0.6741453173156952 0.6750075784893917 0.6758955693835007 0.6762364397626512 0.6746192185147172 0.6712940582236289 0.6673064766460586 0.6632645415967585 0.659017506688092 0.6550735312827453 0.6512716767957787 0.6475100631242655 0.6440785151917784 0.6405528080530898 0.6373184122448968 0.6341039995627497 0.6309901716397331 0.6280627454485284 0.6250535276472309 0.6223903959655445 0.6195624654094728 0.6172414108124269 0.6151924275245428 0.6131929262515083 0.6115971783604367 0.6097655166423273 0.6078965895369025 0.6065250963357514 0.6047944072676841 0.6030275688348846 0.6017541865695325 0.6001881605214106 0.5982908966767311 0.5972117634396521 0.5962346656513541 0.5949942024628081 0.5948620783554273 0.5951983700729612 0.595905835345017 0.5963663590390215 0.5969928850374985 0.5981037232630407 0.5991970281312887 0.5995377811774301 0.599950615710794 0.6008703012581744 0.6020426008527132 0.6027544501523613 0.6029517116149624 0.6035501657842446 0.604556299239181 0.6058389370630239 0.6065765394029456 0.6066551883948745 0.6070490435917756 0.6079798209188967 0.6092425363814079 0.6103357789132179 0.6105654627465164 0.6107648530300759 0.6111385109166478 0.611977660046473 0.6131181459138713 0.6142264430613948 0.6147471447979177 0.6146018810222587 0.614820423726381 0.6149831588987542 0.6165833787772242 0.6178587321120871 0.6180395804808053 0.6184600166810937 0.6185643274607012 0.618681660336536 0.6188904573194287 0.6191097025365501 0.6194192949516413 0.6197825067448182 0.620126054402214 0.6204982372874895 0.6226629181613131 0.6271457669644402 0.6315832940732206 0.6357530670329476 0.6393240162695203 0.6432272805120232 0.6461868359895231 0.648552689120387 0.649315111046149 0.6505399612824757 0.652240802542367 0.6535413780186325 0.6543345160880785 0.6545860747118928 0.6559602527350756 0.6571523643866608 0.6592107426921053 0.6607328009645655 0.6622265895700737 0.6633041771795234 0.6645995752188882 0.6655262233531826 0.6666304172510868 0.6674813398191217 0.6682564620186912 
# stellar_X_list:
0.7529042722234999 0.7502484878082851 0.7500098607008497 0.7500047309228949 0.7499907009154936 0.7499739603604815 0.7499624463350729 0.749954815768854 0.7499496009353811 0.749946686693606 0.7499452051334462 0.7499440933127122 0.74994311082999 0.7499422012523657 0.7499413702416905 0.7499406240925955 0.7499399446136159 0.7499393123833644 0.7499387093997222 0.7499381353837236 0.7499376077663634 0.749937136588204 0.7499367181245353 0.7499363419304527 0.7499360005026822 0.7499356852274826 0.7499353846788761 0.7499350921700675 0.7499348068250736 0.7499345301083226 0.7499342630056397 0.7499340036971256 0.7499337522217288 0.7499335083326335 0.7499332650217456 0.7499330040239321 0.7499327161022146 0.7499324011595684 0.7499320600081246 0.749931717192702 0.7499313513099537 0.7499309879058155 0.7499306043158571 0.7499302275523639 0.7499298319179178 0.7499294446270404 0.7499290418620093 0.7499286472516687 0.7499282380898932 0.7499278393984112 0.7499274232113041 0.7499270254782905 0.7499266138096625 0.7499262201024481 0.7499258164263581 0.7499254243034278 0.7499250298977959 0.7499246500205757 0.7499242527494175 0.7499238795123871 0.7499234970641872 0.7499231212203994 0.749922738888191 0.7499223776316297 0.7499220001902751 0.7499216317015714 0.7499212697389512 0.749920931843545 0.7499205782483622 0.749920246640243 0.7499199261764623 0.7499196244032363 0.7499193058100853 0.7499190035445292 0.7499187126736071 0.7499184422339996 0.7499181551365653 0.7499178767842221 0.7499176013151334 0.7499173531846408 0.7499170968140927 0.7499168461855982 0.7499165843545844 0.7499163445647256 0.7499161112566618 0.7499158906428911 0.7499156570785663 0.749915428408351 0.7499151918142481 0.7499149851137531 0.7499147813066067 0.749914583253589 0.7499143706329647 0.7499141632952037 0.7499139490659599 0.7499137601687079 0.7499135748432572 0.7499133987958051 0.7499132062540744 0.7499130226908657 0.7499128289329263 0.7499133478157797 0.7499135648027875 0.7499137248049982 0.7499138559996259 0.7499139678094103 0.7499140664040326 0.7499141546026051 0.7499142355002276 0.7499143910677747 0.7499149346172164 0.749915538621142 0.7499158814925705 0.7499160944070933 0.7499162525656352 0.7499164122574145 0.7499165059314128 0.7499165702098043 0.7499165730332089 0.7499166123538499 0.7499166260320668 0.749916648990126 0.7499166495881913 0.7499166646552907 0.7499166394933282 0.749916656191767 0.7499166024605338 0.7499165605070075 0.7499165140105879 0.7499164467833012 0.7499163052536878 0.7499162484431681 0.7499161219861112 0.7499160418942976 0.74991595602864 
# stellar_X_list_luminosity_weighted:
0.7529042722234999 0.7502484878082851 0.7500102952255949 0.7500013909424246 0.7499528298780073 0.7498003069653225 0.7494333342084754 0.7484145028804164 0.7454092325884086 0.7374634666499952 0.7182378856159477 0.6822560201250535 0.6460143031122288 0.6300213541013284 0.6285473135502301 0.6321737762874001 0.6365168431338786 0.640242403089665 0.6429287910607496 0.6451034437595029 0.6477601099126582 0.6512297961461676 0.6550291853792366 0.6588578127167318 0.6625396212138187 0.6657652219300326 0.6680633024606519 0.6697190489647415 0.6709885629894765 0.6721580329843021 0.6731850937309024 0.6740688678541853 0.6749315653438211 0.675817641782692 0.67617242198614 0.6746192644511674 0.6713788118554976 0.6674627104234364 0.6634796898576105 0.6592764862199466 0.6553691975372068 0.651588818355594 0.6478575511899172 0.6444355986076603 0.6409354062097284 0.6377073111123673 0.6345106554459763 0.6314041680119181 0.6284874761213252 0.6254872572163269 0.6228287375386706 0.6200090754304773 0.6176853355411973 0.6156271913436253 0.613627774333046 0.6120178445436391 0.6101907082571955 0.6083223830717592 0.6069392193616289 0.6052129352002191 0.6034519122715735 0.6021643812862452 0.6006040720364831 0.5987173687774863 0.5976208133672427 0.5966320668010503 0.5953945274019815 0.5952259602274987 0.5955273104497864 0.5962015716440889 0.5966442078932684 0.5972501491216989 0.5983259384462677 0.5993977175097719 0.5997411318878542 0.6001469230276111 0.6010406496778871 0.6021895658931369 0.6028956792294082 0.6031016105849345 0.6036857607446784 0.6046707193903591 0.6059269347440235 0.6066656468732917 0.6067586099096093 0.60714677381517 0.6080547481647703 0.6092948281543468 0.610374602901591 0.610621753246684 0.6108257419331401 0.6111958915923753 0.6120160090439062 0.6131370738251416 0.6142301601082956 0.6147594418286352 0.6146354192998764 0.6148517345317686 0.6150160047110197 0.6165706965145878 0.617829326824025 0.6178431333418137 0.6183875838793899 0.6189566833697713 0.6194836778335278 0.6199687458172891 0.6204177859663006 0.6208354926178892 0.6212272293245891 0.6219436751477629 0.6246488246413932 0.6278900121925101 0.6298743768410878 0.6312671635446118 0.6323114845102129 0.6334580691727422 0.6342625008904869 0.634858183663327 0.6350186516154002 0.6353163152002258 0.6356764602272764 0.6359764548495167 0.636139784283796 0.6362237751369257 0.6364776159339552 0.6367455529146271 0.6371349235354414 0.6373917760694482 0.6375890894547455 0.6377066697557082 0.637760405802446 0.6379132075629996 0.6379028955520737 0.6380168495258092 0.6380256093161131 
# Y_list:
0.02113317345039969 0.000537486039661398 7.193090364453448e-05 6.715483267591509e-05 0.00025195506082404583 0.0007720524295961153 0.0020424240305416948 0.0055160004942583305 0.016506416371824182 0.050988199626140665 0.12943613567997314 0.22125799230044127 0.27096666401506314 0.2854631819125249 0.28680992472634953 0.2846667712836125 0.28220546028981924 0.2798278304278198 0.2776094142484632 0.27493576982014467 0.2717145111582911 0.26822752010494605 0.26477183207837185 0.2615021126022301 0.2586983184903099 0.256630769268934 0.25513724306836744 0.25399181382720687 0.25305400520011834 0.25215909271955034 0.25130172805677625 0.2504985524421297 0.24978204650418953 0.24952668629490646 0.2506488870320549 0.2529964815016061 0.2559968699388067 0.2591376446528087 0.26218199316263696 0.2652080905037581 0.26806374396395694 0.27083197661988845 0.27354229481693954 0.2761456141735571 0.2785829489354621 0.28092389519952987 0.28329210095034413 0.2856028358544805 0.2877508987226679 0.2899560141430924 0.29187436589285337 0.2937579827053681 0.29543759320906904 0.2969719647711582 0.29866255355896243 0.29995065577539204 0.3013365984874041 0.3029070017496496 0.3041507814351348 0.3053900836494054 0.3068546697562073 0.3080814417447089 0.3093726105121655 0.31050604622112776 0.3117722739418065 0.31244827752716353 0.3124144463966891 0.3127045668824651 0.31259736774500213 0.3119463557011559 0.311398460701561 0.3111212536893076 0.3109087723018087 0.31024723923131875 0.3096142373203363 0.3093635669104948 0.3092226017203401 0.30886228438538665 0.3082060505123874 0.3076571709146578 0.3073231203467297 0.30710934239104626 0.30672686444827113 0.30606744297228716 0.3055520339056983 0.30520748868534475 0.30498010502073264 0.3048347646263516 0.30424359803653356 0.3037545449927849 0.30314090660976645 0.30290294169892534 0.3027199799961949 0.3025630171871907 0.3021022818188584 0.3014284993543582 0.3009660632400172 0.3012967495653315 0.30049926666976673 0.3002982734921007 0.3008942976895302 0.30022340579183004 0.2996700183804273 0.2993333192492375 0.29908805486927814 0.29894656130621916 0.29883146579469727 0.2987303107068588 0.2986299399477445 0.2982974170402663 0.29688735607442907 0.2939136249526792 0.29066953224275144 0.28763204330209946 0.2849336773692349 0.2819544896349681 0.27972849605209815 0.27794275246920347 0.2774169174541758 0.2764463057112807 0.2751331887657497 0.27395024173256144 0.2732064902867714 0.2728974100170948 0.27153660424542814 0.27003717459930865 0.2673516658280181 0.2651249500667924 0.2631518624337724 0.2618973522926001 0.26063802648080153 0.2596384211974454 0.25865182819531274 0.2579660073884219 0.25728924932312214 
# stellar_Y_list:
0.247 0.02113317345039969 0.0008386242481743701 0.00043080491449525217 0.0004042600906715734 0.0004379926904960259 0.0004705011082632434 0.0004905679925293074 0.0005025569164732369 0.0005111150687432584 0.0005181280902268113 0.0005242085357686156 0.0005293615640206119 0.0005337414652079841 0.0005375344384936623 0.0005408783648662876 0.0005438721629168959 0.0005465942134500482 0.0005490957863055162 0.0005514066194139929 0.0005535441599766239 0.0005555161004922275 0.000557333682875766 0.0005590275839223344 0.000560626360890153 0.0005621375721720765 0.0005635650705508918 0.0005649311637726184 0.000566246206597249 0.0005675125814278043 0.0005687280773144516 0.0005698958271258375 0.0005710184456992208 0.0005721131856291242 0.0005731903144865491 0.0005742380906049584 0.0005752652409568906 0.0005763114504190606 0.0005773676924140784 0.0005783673101616015 0.0005793956913551883 0.0005803698144327099 0.0005813696340187095 0.0005823228372400864 0.0005832966540747142 0.0005842284163452922 0.0005851725773330801 0.0005860848344066413 0.0005870027747144102 0.000587894730845958 0.0005888108155747946 0.0005896619476817999 0.0005905494774475702 0.0005913713756891151 0.0005922262939949669 0.0005930630030587889 0.0005938638062154249 0.0005946512521319497 0.0005954863032871583 0.0005962288670779754 0.0005969990393044168 0.0005977745987625582 0.0005985349699418492 0.000599230073664802 0.0005999936559725093 0.0006007392394433162 0.0006014371208824996 0.000602094423043832 0.000602821280590501 0.0006035071309234984 0.0006041463668371996 0.0006047467902148682 0.0006054255296092679 0.0006060825915312253 0.0006066854832784999 0.0006072324087505061 0.0006078386376875316 0.000608460218897108 0.0006090665517659183 0.0006095901121189142 0.0006101225057388654 0.0006106672224107975 0.0006112703584815486 0.0006118198065050991 0.0006123272682937788 0.00061279737164967 0.000613298902133173 0.0006138343275542146 0.0006144051205860253 0.0006148819808606974 0.000615334316631385 0.000615767729002881 0.0006162370950783126 0.0006167298242288324 0.0006172618130113063 0.0006177199931875488 0.0006181441418473134 0.0006185404954154176 0.0006189727207872934 0.0006193964003481288 0.0006198813904048585 0.0006187541411282112 0.000618291974939294 0.0006179433166078435 0.0006176520772654407 0.0006174013853065949 0.0006171793390139369 0.0006169876660903461 0.0006168408122723153 0.0006165457194809344 0.0006154204017493363 0.0006142175404737604 0.0006135056636753868 0.0006131431125204938 0.0006128551883000939 0.00061254151592214 0.0006123730168570158 0.0006122719966158038 0.0006122558475360677 0.0006122191093060589 0.000612220008619407 0.0006121605478247688 0.00061219793831384 0.0006121696413378094 0.0006122425320903499 0.0006121989628005694 0.0006123346638007018 0.0006124464974002434 0.0006125701765494784 0.000612740590300234 0.0006130239245664709 0.0006131805407438853 0.0006134360945152568 0.0006136429000535042 0.0006138196559913928 
# stellar_Y_list_luminosity_weighted:
0.247 0.02113317345039969 0.0008755793280530071 0.00016441933149970834 0.00011155485469766168 0.0002755115139484618 0.0007776972542063822 0.0020201524060406806 0.005422565992887061 0.01617245175475689 0.049974415038997924 0.12696975212152775 0.21769565092083648 0.26778012644674454 0.28312492653278 0.2851048700178684 0.28336176076010455 0.28115031704117543 0.2789465706405233 0.2768571933218794 0.27430073108911257 0.2711873352949969 0.26779279366244096 0.2644118539201415 0.2612016203706778 0.2584390074945303 0.2563927897674785 0.25491170281807185 0.25377659943545 0.25284879219250683 0.2519664188012428 0.2511216601140403 0.25033001592299053 0.24962303473145336 0.249364516474362 0.2504490277223823 0.25274351390128513 0.2556944945334339 0.25879386526964365 0.2618168801183954 0.2648174891723743 0.2676626757957124 0.2704152609713959 0.2731179406348536 0.2757099646395872 0.27814603257518133 0.28048037979889934 0.28284465952722543 0.2851477544884408 0.2872975452405402 0.2894948712967645 0.2914193562474371 0.2933013474485468 0.2949879855323943 0.29652657711426456 0.298216247488748 0.29951419629979686 0.3009032759660852 0.30246790768734416 0.303721367062955 0.30496323255639 0.30642426231469483 0.30765515176879427 0.3089475749762847 0.3100851647586415 0.31135078439056735 0.3120445137276659 0.31204285128957043 0.31234199948805963 0.3122567553109345 0.31163974056848065 0.3111093414821036 0.31084114896416754 0.31063618022711076 0.3099992744903539 0.30938046184452206 0.30913211072808927 0.3089929604537204 0.3086452160615509 0.3080065224242822 0.30746862797343644 0.30713645656256655 0.30692494876323206 0.3065510714008679 0.3059089683630731 0.3053992562120746 0.30505755480306324 0.30483005805733515 0.30468520629674883 0.30410972421255383 0.3036284568630657 0.30302479912651176 0.30278392677508664 0.30259993616425346 0.30244379422829043 0.3019938409759665 0.30133526292354085 0.30087483049013897 0.30118430349402364 0.3004145469023816 0.3002086319323873 0.2973369874115212 0.2947966199230366 0.2931947117198366 0.29197052054110806 0.2909558322707603 0.29007803042626973 0.28929934741243046 0.2885949543723725 0.2873550777060896 0.2830008575822558 0.27807656907929773 0.27509856029376617 0.27300798218745304 0.27143945168572164 0.26970383558842037 0.2684824299656934 0.26757436766846115 0.2673404421675673 0.2668731185117115 0.26632267819506505 0.26586598979882387 0.2656089350038493 0.26548536699910263 0.2650895431520716 0.2646583934217386 0.2640740020805493 0.2636648766401404 0.2633485004014865 0.2631608914365315 0.2631005940937007 0.26288245813449573 0.26290680727259375 0.2627619512328007 0.26274885008510496 
# Z_list:
8.555940668178012e-08 2.176056840734405e-09 4.25860273275245e-07 3.7929482490008696e-05 0.00013807663247235452 0.00038173520177545373 0.0012298956146169265 0.004180201610755524 0.012085151663778501 0.029503735659696963 0.05877795687514877 0.0852464908539815 0.09641409346274597 0.10023549508723156 0.10060739321524999 0.1001480638052573 0.09924575793109962 0.09900743985506681 0.09861566777779214 0.09848356778561242 0.09790410827460745 0.09769505291494714 0.09697909315557812 0.09677563670353599 0.09589488126450596 0.0961372495206294 0.09499702742215181 0.09600043687344019 0.09368281823626841 0.09679371767129842 0.09097293803622016 0.10081040962376626 0.08210665360515777 0.11728338812873595 0.04764658026725219 0.19167186385357468 4.875757977157745e-10 0.38928791253058065 5.13376160497445e-10 0.7529277596066206 5.386001893987651e-10 1.4729399739210813 5.636016449996374e-10 2.9864711964172863 5.886516683802294e-10 6.349868740813117 6.138627693755801e-10 14.213996449573816 6.391325631664277e-10 33.47337264824683 6.63862387061905e-10 83.49023668469857 6.883734057165142e-10 220.2063856299969 7.114883504903722e-10 610.5049575366565 7.434834318935881e-10 1769.835844024602 7.666458100439576e-10 5439.480465086168 7.899340010943816e-10 17375.00184228788 8.225849269926248e-10 58217.32544898242 8.370457156974287e-10 203489.81006419062 8.745070181343255e-10 739637.1943972139 8.889595975095305e-10 2810010.3659299472 9.277755669988914e-10 11054272.18813539 9.358174277351118e-10 45180514.54254578 9.812981358613072e-10 192463033.02383503 9.898641060565356e-10 837974212.249881 1.0278739418465145e-09 3846232767.5104437 1.0526248726433247e-09 17893133991.79335 1.0628435841526734e-09 87167833463.94135 1.113888507537775e-09 440165369184.4261 1.1212453969703859e-09 2230901265052.9087 1.1444700804237442e-09 12025093440454.357 1.195676684038986e-09 66438906876123.234 1.1967333952548579e-09 367630898398361.4 1.2149421404891309e-09 2151331125419463.0 1.2756398978426033e-09 1.298215545375087e+16 1.2817661991111974e-09 7.861696144175694e+16 1.2751126812973504e-09 2.5745649692558394e+17 4.744608124632114e-10 4.496973501872362e+17 2.952290597391615e-10 5.3941275000610144e+17 2.1417098922756138e-10 4.9334104588715475e+17 3.521756367174711e+16 3.412716618403767e+17 6.902416130911111e+16 9.651700951776574e+16 6.481700495399639e+16 5.6187720981013096e+16 4.878650832370774e+16 4.156739261978472e+16 3.707145355758114e+16 3.3818657301713536e+16 3.307602480027683e+16 3.1426943561351776e+16 2.9435184704665276e+16 2.7963522475375e+16 2.7157125866003476e+16 2.682715991448238e+16 2.540153241604156e+16 2.4162281562488344e+16 2.2303382033270932e+16 2.1098366045708612e+16 2.012187330854651e+16 1.9278869217803012e+16 1.8539809589630484e+16 1.7945250805743248e+16 1.7389161127724706e+16 1.6897615003316082e+16 1.647538102260739e+16 
# stellar_Z_list:
9.572777650013187e-05 8.555940668178012e-08 3.3952398711512964e-09 2.5892584919566623e-07 1.07524336569577e-05 2.170046916032933e-05 2.9243092720408006e-05 3.602632872689714e-05 4.2032261390639954e-05 4.554121659958783e-05 4.697647484734739e-05 4.7750889374841685e-05 4.8369313348238196e-05 4.901227487055971e-05 4.9734641820514875e-05 5.045438811084901e-05 5.115182863735593e-05 5.181356681701697e-05 5.2457387101895124e-05 5.307302011638765e-05 5.366583061436819e-05 5.4225829955636575e-05 5.476383136573939e-05 5.5272537637236985e-05 5.576730980199959e-05 5.6233755989857746e-05 5.6693453327025035e-05 5.7120848301683905e-05 5.75588570679464e-05 5.794599756243104e-05 5.837928981389957e-05 5.870382228108532e-05 5.918388317662472e-05 5.935734761799492e-05 6.007309724086688e-05 5.9725963262348183e-05 6.147600295975448e-05 6.0223766018366844e-05 6.439185713776936e-05 6.222829378201868e-05 7.011190121967359e-05 6.623095553258442e-05 8.117381856582869e-05 7.397939925829292e-05 0.00010333773619327261 8.938665861690728e-05 0.0001499189940685188 0.00012142264032743816 0.00025307897774264136 0.00019156962095213744 0.0004937192882175666 0.0003534473092634072 0.0010831283008909053 0.0007461877428177472 0.0026119067677946926 0.0017549076934189976 0.006794163873336653 0.004490356190609213 0.018780091467142913 0.012272270956753928 0.05459036186901416 0.035381252568603104 0.1681672456556437 0.1081204636403695 0.540551175605813 0.3454970948161598 1.821675662578107 1.1576741166390359 6.410201855459802 4.053109032974944 23.47128774068802 14.77548442101744 89.77580302896887 56.26274907481656 355.946042024861 222.25870393371378 1465.8263928457354 912.0629495662756 6287.849539877243 3898.0940364774774 27628.95541541867 17090.452139968966 127545.90316976087 78591.65020522475 599038.5079826755 368507.0961645194 2936938.607404251 1801228.0407608757 14933380.41853604 9133468.134179572 76457882.96995871 46728643.906637505 414032293.36023134 252170028.03629327 2304521138.305008 1400776927.7065866 12876883303.902067 7823618861.243941 75724066403.38942 45876162817.1598 459943149126.1189 278094472962.8633 243752817763.14673 227670303898.51804 217470405730.14008 210141186159.18033 204495726857.44894 199949686025.14532 196171094743.96158 190149640324.05927 173852410996.16745 161101874836.09708 155268999267.30914 151871531923.56332 149600414806.87366 147356337461.17462 145882824305.71347 144865634664.65778 144634033707.42178 144134618218.86743 143608122564.60544 143161186719.22638 142939430613.38965 142815054034.04364 142529644349.8324 142163779487.90762 141861614265.50226 141668962726.98215 141606746860.32495 141735054927.89514 142009771519.19293 142055179847.0997 142487149145.5701 142620983509.34485 142936333345.77753 
# stellar_Z_list_luminosity_weighted:
9.572777650013187e-05 8.555940668178012e-08 3.5448555791619724e-09 4.1756180330352564e-07 3.7088786019112585e-05 0.00013543744767233697 0.0003747846807509735 0.0012057624385790246 0.004093800951465357 0.011834005393640918 0.028953415520919547 0.057769687833591384 0.08405595999222606 0.09545839082828547 0.09951259155336041 0.10006643718747198 0.09972206987216561 0.09890349435212828 0.09870458831943864 0.0983523973541409 0.09824414283027527 0.0976992649190283 0.09750487262318838 0.09681896636740832 0.0966221223246288 0.09577128598990893 0.09600115829621901 0.09490122245256184 0.09586494606215609 0.09363071739919294 0.09662382578320397 0.09101585056556585 0.1004908172587306 0.08246893132364481 0.1163610329270655 0.04925636271546222 0.18807189252690706 0.0040277391432671245 0.3786530697406192 0.00685812715540578 0.7314587743305418 0.012571412689331762 1.4301497123898328 0.02401690469826374 2.8986260806068658 0.048039235306011556 6.161179877912037 0.10117413974936565 13.787833881280093 0.22479205344094866 32.46178173215936 0.5261564818541397 80.94765166096444 1.3048602950054038 213.45271292818646 3.4241131685947135 591.6632206991216 9.45285380939696 1714.9084292212892 27.306992996221393 5269.665017736477 83.59587404370424 16829.98950577104 266.29059658523437 56382.3513445511 889.6689734886911 197047.6119998931 3101.9426107688205 716125.8336626078 11250.1908101844 2720321.9035050157 42644.89779625657 10700177.31515654 167460.49841818484 43728136.02493997 683212.9256553458 186254292.42953172 2905073.72424132 810865820.7457076 12635053.367450912 3721362090.9446034 57877378.89255573 17310824200.02336 269056813.12252253 84322129981.1851 1308603345.5634634 425754961386.43506 6599189142.352855 2157724742716.3816 33436808644.83156 11629379583950.21 179894050765.92114 64247471478644.055 993013836443.9426 355484288531650.5 5493736074430.551 2080049223627855.2 32098737283556.066 1.2551030322190382e+16 193513415671757.06 7.60019301739157e+16 3.6058670387916616e+16 1.8316378650550956e+16 1.2542188990415272e+16 9732474986458932.0 8069341062329065.0 6967088154048526.0 6180637209753019.0 5590101206131751.0 4759319455900615.0 3060469315935036.0 2163063543091621.2 1847509763633053.0 1682518822319081.0 1576322744159387.5 1468669777650322.2 1396283023357205.5 1347704438594181.0 1335409500167821.8 1312788857965999.0 1285926047314099.2 1264445800896532.0 1252500048444335.5 1247199801658337.5 1228965505428270.2 1210814277395311.5 1186093382434959.5 1168020401948850.5 1156053181597937.0 1149773183559835.5 1142924731382429.2 1135770131382020.5 1137006395516290.0 1131369869045128.8 1132491052104509.0 
# formed stellar mass list:
1e-15 4664039.624280768 181916223.82263917 164326373.98171812 72550983.204733 24836043.57447227 7479702.17053022 2092185.9583470249 561497.9344649095 149681.14331712577 42632.03628942257 15223.386690621228 8017.2420729637015 5866.272904009564 5005.981385979571 4509.833787046524 4144.406845469821 3845.2951313330586 3591.119944904806 3371.4531375556808 3176.33280125841 3003.5885542203455 2846.2105971605415 2706.846965365986 2582.923350475744 2471.7606601796615 2366.6924409078756 2271.3129647680635 2185.615146982354 2106.5905507201473 2032.712198868239 1964.1660628716759 1900.6289164474383 1842.2923062003051 1789.982863370763 1737.6109741136954 1685.1226488501788 1640.7705299317356 1602.2529868679287 1558.3115492250863 1522.2494699506922 1485.3318207946295 1450.508627774887 1419.4422729204682 1387.2882587256502 1359.0380236266546 1329.9153278381648 1303.222869850469 1278.6159332448567 1251.696511967085 1233.910568077338 1205.0690257368055 1183.9137987104364 1162.1599459777153 1137.6988386470364 1124.4035119459425 1099.2883960429178 1076.0159079301459 1067.0575898001564 1043.5066487275658 1020.853489346541 1012.74283534026 995.6132738326918 972.5439571629455 961.4468967390418 955.7423029558641 933.044469121239 914.8011204149295 907.8693770166453 899.9284132161285 878.4186402719444 862.2775038016882 857.5499141456252 854.8676016177425 833.9987711094998 815.2466317464492 808.2076149292836 808.1917458216316 798.3753889355357 778.3055561879967 764.3743606820965 760.0048419823678 760.920867964243 752.6977740923006 732.9369127411775 718.2047346627012 713.0167220701313 713.4923382174915 716.1435692147844 699.0134680530898 678.6589487084624 669.0771934245691 667.1375704220791 668.4864007071776 671.0429088735416 658.4675708737235 639.0642812846155 627.136232845164 624.0369339367362 624.1387864298 626.0462937008306 1e-15 1e-15 1e-15 1e-15 1e-15 1e-15 1e-15 1e-15 1e-15 1e-15 1e-15 1e-15 1e-15 1e-15 1e-15 1e-15 1e-15 1e-15 1e-15 1e-15 1e-15 1e-15 1e-15 1e-15 1e-15 1e-15 1e-15 1e-15 1e-15 1e-15 1e-15 1e-15 1e-15 1e-15 
