# time step list:
1000000 10000000 20000000 30000000 40000000 50000000 60000000 70000000 80000000 90000000 100000000 110000000 120000000 130000000 140000000 150000000 160000000 170000000 180000000 190000000 200000000 210000000 220000000 230000000 240000000 250000000 260000000 270000000 280000000 290000000 300000000 310000000 320000000 330000000 340000000 350000000 360000000 370000000 380000000 390000000 400000000 410000000 420000000 430000000 440000000 450000000 460000000 470000000 480000000 490000000 500000000 510000000 520000000 530000000 540000000 550000000 560000000 570000000 580000000 590000000 600000000 610000000 620000000 630000000 640000000 650000000 660000000 670000000 680000000 690000000 700000000 710000000 720000000 730000000 740000000 750000000 760000000 770000000 780000000 790000000 800000000 810000000 820000000 830000000 840000000 850000000 860000000 870000000 880000000 890000000 900000000 910000000 920000000 930000000 940000000 950000000 960000000 970000000 980000000 990000000 1000000000 1010000000 1020000000 1030000000 1040000000 1050000000 1060000000 1070000000 1080000000 1100000000 1200000000 1400000000 1600000000 1800000000 2000000000 2300000000 2600000000 2900000000 3000000000 3200000000 3500000000 3800000000 4000000000 4100000000 4500000000 5000000000 6000000000 7000000000 8000000000 9000000000 10000000000 11000000000 12000000000 13000000000 14000000000 
# Number of SNIa + SNII (log_10):
0 0 4.907102058108599e+53 2.4009961806648186e+55 9.076155489660135e+55 1.591639309234578e+56 2.1777811727403547e+56 2.705876811449776e+56 3.2641295377757343e+56 3.7963070537976785e+56 4.2823893224250575e+56 4.7176640725731965e+56 5.105053543475366e+56 5.450491471388423e+56 5.760411620903592e+56 6.0406177123669145e+56 6.295965063622197e+56 6.5303758257378695e+56 6.747007860655096e+56 6.948374237131253e+56 7.136501395984182e+56 7.3130451708774055e+56 7.4793680145595205e+56 7.636602113097355e+56 7.785700231743198e+56 7.92747092484609e+56 8.062606490984492e+56 8.19170627842216e+56 8.31528928753588e+56 8.43380894254308e+56 8.547667484421882e+56 8.65722873464441e+56 8.762801899593754e+56 8.864646872558688e+56 8.963038308952152e+56 9.058202739330008e+56 9.150345465049456e+56 9.239647154918643e+56 9.32628090259587e+56 9.410416931551847e+56 9.492181656424077e+56 9.57170784644902e+56 9.649113763123112e+56 9.724506608774646e+56 9.797992171994412e+56 9.869664285455774e+56 9.939611125567245e+56 1.000790935208482e+57 1.0074637137848785e+57 1.0139878288708631e+57 1.020368625120804e+57 1.0266119084907692e+57 1.0327238185795815e+57 1.0387101911679448e+57 1.0445755585087797e+57 1.0503249411542862e+57 1.055962626999743e+57 1.0614913952420039e+57 1.066916249964642e+57 1.072246163766875e+57 1.0774802497886702e+57 1.0826225982047499e+57 1.087673794891809e+57 1.0926369957604654e+57 1.0975174881416992e+57 1.102317467149398e+57 1.1070391117936684e+57 1.1116857601406232e+57 1.116259476883605e+57 1.1207621347805101e+57 1.1251961637966207e+57 1.129564033427078e+57 1.1338667196045585e+57 1.1381060883281958e+57 1.1422858647622843e+57 1.1464064506384006e+57 1.150469250103107e+57 1.1544761701982043e+57 1.158428611780542e+57 1.1623279636319195e+57 1.166175742064176e+57 1.1699729271840666e+57 1.173720589913109e+57 1.1774220208792803e+57 1.1810767415870501e+57 1.1846860036781488e+57 1.1882509152728628e+57 1.191773021834992e+57 1.1952530980700258e+57 1.1986909114656018e+57 1.2020885855773393e+57 1.2054468471304695e+57 1.208765912400215e+57 1.2120497772360251e+57 1.2152978276976567e+57 1.2185089651885224e+57 1.2216850279385133e+57 1.2248269544912317e+57 1.2279352550751767e+57 1.2310100326459359e+57 1.2340525972314467e+57 1.2370629403195071e+57 1.2400427267645171e+57 1.2429935164913936e+57 1.24591423959024e+57 1.2488060473415888e+57 1.2516695017655786e+57 1.254504432004475e+57 1.2573117642508494e+57 1.2628467888507199e+57 1.2890460684678252e+57 1.3352767388952074e+57 1.3751573074944264e+57 1.4102223634385041e+57 1.441514140534334e+57 1.4829254703163677e+57 1.5191693086953774e+57 1.5513933169152629e+57 1.561390229409019e+57 1.580400858588422e+57 1.6067759924252013e+57 1.6309601595061908e+57 1.646033891204076e+57 1.6532867619057052e+57 1.68061742706833e+57 1.7115228225647074e+57 1.7649518675178916e+57 1.810067746697245e+57 1.849119623442936e+57 1.883548532512977e+57 1.9143159295010927e+57 1.9421594442080914e+57 1.967561753888903e+57 1.990922504188928e+57 2.012546560013819e+57 
# Gas [Fe/H]:
-4.8402738161993035 -6.517520229582912 -6.123363510444285 -4.290420219038049 -3.4955426247546004 -3.0822444370019637 -2.8627417949874383 -2.2951899910066524 -1.598222239588588 -1.1468182617767093 -0.7779027722220935 -0.4446352596105685 -0.12775156345111593 0.1812288776509252 0.4841679645378676 0.7768717404843803 1.0483153030619707 1.281149114493466 1.4580751065329167 1.5736097847216959 1.638351236324358 1.670075070674664 1.6838867462110643 1.6884743081230282 1.6888686063449678 1.6878295700749542 1.6867304011180972 1.6852986814007043 1.6838496041385373 1.6825025659673138 1.6813029374461261 1.6802128932308515 1.679021756665994 1.6775941080803922 1.6768313025681336 1.6778845738078356 1.679559063773552 1.6805823351005493 1.6822510885735387 1.6846779263602016 1.6861163786478008 1.6883237636260455 1.6899192028591763 1.6915259188435856 1.6932963637805019 1.6946562514148806 1.6964643879241472 1.6975955955225652 1.6991789350966084 1.7003520496893763 1.7011478853275794 1.7038065768693875 1.704286858774358 1.7063233523026273 1.7071043043795902 1.7072866219926026 1.7106472709998788 1.7106825785108146 1.7105287792991142 1.7145389494422263 1.714955216956393 1.7143662730694595 1.7172587539059907 1.7187784008008662 1.7174130987012446 1.7178774421050633 1.7215573706089806 1.7210809223521224 1.7182730461695401 1.718313308130159 1.721016972135628 1.7198628157961515 1.7159125296165656 1.7148498573945146 1.7188485834779348 1.7191627374435803 1.715725430534068 1.712532516600136 1.7140553588245 1.7172432873136372 1.7166077471132337 1.7126803338091041 1.7090310293842994 1.7109358614275432 1.7151873527359291 1.7154483010728292 1.7124107691898098 1.7072337826328483 1.7054215323502588 1.710946214830055 1.7141681958868307 1.7135036339722807 1.7098827458300696 1.7048688579555686 1.7024603211546019 1.7069648688551324 1.7115988712230323 1.7124619339081844 1.710053371246219 1.7054789370773227 1.6999796225142334 1.6990756280842318 1.7013520621923415 1.703707151080636 1.7051069530693175 1.7056240413343131 1.705400515753353 1.7045906606145378 1.703499533217526 1.7032650101782698 1.7031005283965666 1.701334960261995 1.701145285621501 1.7000604035545823 1.7000566249811282 1.7018782245145512 1.7038206496632546 1.7060322654975129 1.706357972795328 1.7082060767948057 1.710343730981775 1.7137838620890595 1.715838577724949 1.7174170626942398 1.7215693511027714 1.728185679450251 1.7396951565007934 1.749982755129988 1.7572827242672702 1.7619896003806188 1.7646158590451715 1.767428128085546 1.7686086353750912 1.7694164510486012 1.7703141678533418 
# Stellar mass-weighted [Fe/H]:
0 -4.8402738161993035 -6.364026315653003 -6.143421396122756 -4.583160067144835 -3.9456858384127464 -3.665574439467232 -3.561598156569991 -3.3256345369483418 -2.9879229786671875 -2.793043861198906 -2.675095576875421 -2.5988768098335973 -2.5465352736043094 -2.508327093575164 -2.4789193876492472 -2.455817093037357 -2.4367418601429263 -2.419948904653774 -2.405030364808839 -2.3916179922372223 -2.3794349028213517 -2.3682822707775895 -2.3579966907134784 -2.348459660085596 -2.339570257386818 -2.3312593686727885 -2.323453466635498 -2.316097512478917 -2.3091474891584376 -2.3025650347819164 -2.296313775381586 -2.290362050860857 -2.2846842180735036 -2.27926215305727 -2.2740763109676623 -2.269107459930412 -2.264332569258153 -2.2597452189593907 -2.2551486847067492 -2.2510586190738975 -2.2468422068120937 -2.2430641694612294 -2.239147120400614 -2.235634528788303 -2.2319733932518444 -2.2286805894702075 -2.2252486440714083 -2.2221558706165387 -2.218919603455296 -2.215996223276088 -2.212944706312226 -2.2101833060610367 -2.207289811293723 -2.204674017691029 -2.201917573026173 -2.1994387146635628 -2.196818781307597 -2.194449173595231 -2.1919642265938846 -2.18969622438323 -2.187305613147391 -2.1851417367947867 -2.182863911695379 -2.180794319660028 -2.1786011970578887 -2.17662275902547 -2.1745273961675418 -2.172612801597171 -2.1705897755353574 -2.1687657672542153 -2.1668242869219707 -2.1650487683956126 -2.163171652299 -2.161478887790418 -2.1596737005637943 -2.1580278092656053 -2.1562739355832345 -2.1546846180612294 -2.1530035251990194 -2.151475779218787 -2.149839191898935 -2.14834146059819 -2.146760167047888 -2.1453313489646675 -2.1438034135551405 -2.142401659888396 -2.1409020878406153 -2.1395335643946964 -2.138095768236915 -2.1367938703502194 -2.1353964839132367 -2.134117804597203 -2.132745896616334 -2.1314887634017916 -2.130158174629912 -2.128957216914558 -2.1276720090260657 -2.126498634440985 -2.125236337333548 -2.124077884816452 -2.13073931994223 -2.132957132720933 -2.134499112193578 -2.1357551290962187 -2.1368308620915633 -2.1377769258376995 -2.1386240148452647 -2.1393900819785134 -2.1407782536111384 -2.1457921134557623 -2.1514508489141706 -2.154779461400601 -2.156894877861423 -2.15844026556267 -2.1601350736590588 -2.161210105088264 -2.161979170906867 -2.1620912952612397 -2.1625427911023056 -2.162876025767887 -2.1632324713895876 -2.1633651015903546 -2.1634948982561717 -2.163575788861098 -2.1639430289423096 -2.163946211498276 -2.163940983388601 -2.163823943310655 -2.1634766221559216 -2.1626116914126143 -2.162326502717426 -2.1614985521633283 -2.1610127065997373 -2.16050001394507 
# Gas [Mg/Fe]:
-9.71445146547012e-17 -9.71445146547012e-17 0.940951464037352 1.0054264258375527 0.8867510017631982 0.7000244939405973 0.614090746766841 0.1374413941087836 -0.473896786027174 -0.8362064016302443 -1.0997926877240907 -1.299145118388229 -1.4446992879329161 -1.5435569640297442 -1.605139981291974 -1.6388203583707373 -1.6543425048561353 -1.6599200478020206 -1.6596293341361539 -1.6570018386723813 -1.6548084921892654 -1.6537568279382824 -1.6532545951228086 -1.6530047255784956 -1.6556443145246946 -1.6570701323902581 -1.6501599604350563 -1.6486708618505694 -1.647459545014871 -1.6464456262310212 -1.6462667065276904 -1.6452885178917906 -1.6432563791186845 -1.640433262474151 -1.637095078101388 -1.6321582667088212 -1.6229369170125443 -1.6120457426982953 -1.6012325380427528 -1.590836874338721 -1.580640495675996 -1.5707555462836533 -1.5609690806462606 -1.5525892546615756 -1.5442208077964896 -1.5354720006531255 -1.5281399498015158 -1.5197136013639434 -1.5120047862046069 -1.5082071222162328 -1.5022380269468487 -1.4984030934926615 -1.496871034132847 -1.4996576867329314 -1.5039921326119035 -1.5085080806301232 -1.5111278073744616 -1.5150742927829304 -1.5233906329923943 -1.5293704259400418 -1.5359386543332598 -1.5416351917866506 -1.5421328009753816 -1.5461672790831407 -1.5476429507111926 -1.5511247977964921 -1.5678676300689933 -1.570806731003845 -1.574041093385375 -1.5776739650613019 -1.5789924699159106 -1.579678780266259 -1.5829301829151794 -1.5860646361707411 -1.5894915377585161 -1.592327132904494 -1.5940753854139085 -1.5961393168008076 -1.6001706828863942 -1.6037940232000951 -1.6070942287301777 -1.6095219753213932 -1.6124346323880931 -1.6202935846412714 -1.6254762827511202 -1.6151961590219002 -1.617382755096148 -1.628348992242139 -1.63127185958217 -1.634752250982335 -1.6379806181909822 -1.6410583376871208 -1.6434736331962025 -1.638191717017178 -1.6356954928654652 -1.6567126639763967 -1.6610165540095332 -1.6631316204891053 -1.6610086757949918 -1.6615936376378304 -1.6622571606935614 -1.6650383372478987 -1.6671529272405594 -1.6681859510790378 -1.6688748558653594 -1.6696217527281763 -1.6701623792447886 -1.6704013681486103 -1.6706511189435436 -1.6713292543934553 -1.6745870598413113 -1.6800272182465141 -1.6833642266709916 -1.6850040934621033 -1.6879307868091353 -1.6901840220951105 -1.691667704828864 -1.6928094331611654 -1.6931233367424023 -1.693869962014022 -1.6943404396362916 -1.6950065338901876 -1.6953091085497638 -1.6954487057417893 -1.696011289519704 -1.6965301901652565 -1.6974361096732764 -1.6978327164224505 -1.698349989179187 -1.69864802643367 -1.6989445767460503 -1.6991396963504997 -1.6993109364902688 -1.6994775223175482 -1.6996050690560844 
# Stellar mass-weighted [Mg/Fe]:
0 -9.71445146547012e-17 -9.71445146547012e-17 0.8924700031561397 1.0036946549365362 0.9010733917746405 0.7691585798376152 0.7123318705850852 0.4817876471706689 0.1363537033406084 -0.06951384192250291 -0.19740137508290467 -0.2812914450381261 -0.33913746642929915 -0.3811620294829245 -0.41318698123139086 -0.43809619861443516 -0.4583945705514805 -0.47597584342343874 -0.4913826807787335 -0.5050792395399941 -0.5174152394921067 -0.5286362591806147 -0.5389204778818253 -0.5483997094019545 -0.5572133194562043 -0.5654186907590117 -0.573026461611522 -0.5801805751843028 -0.5869140896765113 -0.5932695279785656 -0.5992895527489808 -0.6049975592736831 -0.610413833887558 -0.6155599800611223 -0.6204647347529012 -0.6251390962862283 -0.6295756670256801 -0.6337931317475447 -0.6379862849753128 -0.6416930438508064 -0.6454840019732603 -0.6488592575799974 -0.6523312146624676 -0.6554335048463638 -0.658643904109388 -0.6615125550180484 -0.6644905129612817 -0.6671514762530256 -0.6699223758026506 -0.6724300439806631 -0.6750355396676221 -0.6773911304740545 -0.6798660045503755 -0.6821280212666991 -0.6845194066358038 -0.6866935805784935 -0.6889802263988267 -0.6910533344524611 -0.6932620252816807 -0.6952843473092151 -0.6974073680280626 -0.69934500771415 -0.7013645856946792 -0.7032041772172469 -0.7051371275931899 -0.7069072586644047 -0.7088309660823463 -0.7105516258641171 -0.712365307440097 -0.7140207637322948 -0.7157642918277584 -0.717343960646483 -0.719017807217431 -0.7205512834381057 -0.7221838921622702 -0.7236629620003864 -0.7252219495873706 -0.7266498036668384 -0.7281753150678746 -0.7295638065971429 -0.7310319053682398 -0.7323703702482399 -0.7337934774336088 -0.7351140371528718 -0.7365171199393873 -0.7377532581992704 -0.7390813012951635 -0.7403233152661407 -0.7416359434633518 -0.7428403387511131 -0.7441165765661942 -0.7452762042672137 -0.7465045852378585 -0.7476145018181947 -0.7488059464947641 -0.7499513439021568 -0.7511443118599236 -0.7522208780460594 -0.7533524886992198 -0.7543871624093793 -0.7485664732078545 -0.7466621090954286 -0.7453596068091299 -0.7442997146624408 -0.7433841766314598 -0.7425716010264162 -0.7418388940933007 -0.741174999422708 -0.7400168831261125 -0.7358489042769487 -0.7311702008691244 -0.7284310906766481 -0.7267076663308251 -0.7255070345309376 -0.7241563222236851 -0.7232983795342035 -0.722703314282483 -0.722598846388082 -0.7222838592510743 -0.7220533462380284 -0.721739135143511 -0.7216877223206036 -0.7215763160214267 -0.7215202498171235 -0.7212315708371112 -0.7212719390896548 -0.7213139823921009 -0.7214533855051867 -0.7217949005579327 -0.7225278420868769 -0.7228193941580604 -0.7235237953129943 -0.723989282574733 -0.7244259699753904 
# Gas [O/Fe]:
-2.220446049250313e-16 -2.220446049250313e-16 1.150426377802395 1.2172649331001804 1.0827535191131634 0.8598475100270191 0.7563343361027226 0.27091205125192874 -0.34499819205483295 -0.7088550745860944 -0.9711426405881181 -1.1661683397318954 -1.3047017153892067 -1.3952559493887666 -1.4493297808202559 -1.4787280786302617 -1.4933476197314293 -1.5001625749838643 -1.502790930361569 -1.5035795565426158 -1.5036859607087079 -1.5039846397290426 -1.5040834435287298 -1.5042918702787325 -1.5045083293434451 -1.504661549033042 -1.5047119321194609 -1.5046623803785668 -1.504648844955297 -1.5046473689793878 -1.5043391876297139 -1.5042117441987235 -1.5040720666685428 -1.503932051715388 -1.5036657317426854 -1.503228046282493 -1.5027393655480663 -1.501966413841497 -1.5012830993827424 -1.5005850228375697 -1.4999868570733936 -1.4990017368814448 -1.4984102792692735 -1.497630539504125 -1.497155077561071 -1.496506898253206 -1.4959565156078205 -1.4953533690538845 -1.4949691772146443 -1.4943629847939985 -1.4936841374653904 -1.4932830866775226 -1.4930269983642683 -1.492849357114289 -1.493296071352372 -1.4934502723416272 -1.4921768925417678 -1.4919413167562845 -1.4918777972207007 -1.491968400658132 -1.4920141473932633 -1.491942639956974 -1.4919893254122754 -1.4919015194519725 -1.4917523538279789 -1.4919956638708076 -1.4924474627516493 -1.4916375939773612 -1.4918202916387935 -1.4919606771609062 -1.4916769638102267 -1.4915456553781308 -1.4914925679815376 -1.4915347200959936 -1.4919654779125318 -1.4918984535649382 -1.4918635822522577 -1.491857915134751 -1.492029209083639 -1.492003387285063 -1.491964511724492 -1.4922250539091282 -1.4920994594913362 -1.4918400535516447 -1.4922286151926083 -1.4929046911716817 -1.4922910977408708 -1.4918978337823252 -1.4918165545515663 -1.4924073353803848 -1.492698493937844 -1.4926079846728109 -1.4924946650129312 -1.4922435226763233 -1.492231580433176 -1.492543465582081 -1.4928010411763837 -1.4923321674903471 -1.4920813326574 -1.492429685137207 -1.4926152584772008 -1.4926431989339508 -1.4933553139421243 -1.4939827260415244 -1.4936778086256648 -1.4937495067147404 -1.4937249027044517 -1.4934176088659314 -1.4932148195737467 -1.493085127712136 -1.493247394704877 -1.4934089521054033 -1.4938969990913384 -1.4943513125471415 -1.4948650929382887 -1.4957063749404331 -1.4965461363369958 -1.49728480809974 -1.4975550325124978 -1.4981171947108745 -1.4987159246865873 -1.49929659224685 -1.4996458288691414 -1.4998253174243916 -1.5004515789833983 -1.501151721182344 -1.5023000363063062 -1.5032107898976186 -1.5039030048393416 -1.5044130220341523 -1.5048304246687367 -1.5051762910240125 -1.5054714870634531 -1.505709026445285 -1.5059190811815741 
# Stellar mass-weighted [O/Fe]:
0 0.0 0.0 1.0993979802168048 1.215465118139655 1.0992954882122983 0.9446751316497686 0.8779235670071013 0.6439171234861107 0.29768099161914074 0.09210561799217132 -0.03516354726323967 -0.11842581005601183 -0.17573404968461426 -0.21732651096656208 -0.24901720383080983 -0.2736914349027474 -0.2938401688559499 -0.31133326192834676 -0.3267011946332634 -0.34039060275444755 -0.3527279907620756 -0.36395195414535386 -0.3742380275806003 -0.38372050572049 -0.39251451540472204 -0.40070356258993134 -0.408361548653691 -0.41554525790425445 -0.4223073472296027 -0.4286913054524283 -0.4347326990052083 -0.4404668147538139 -0.44591763724349864 -0.45110724977355465 -0.4560631155413435 -0.4608027490477338 -0.46533879805330336 -0.4696821911748641 -0.4740224576606801 -0.4778853586685411 -0.4818495256092047 -0.48540174602433495 -0.4890678070623672 -0.49235893353985594 -0.4957727426219172 -0.49884626310424884 -0.5020363700093486 -0.5049119982590851 -0.5079101709065207 -0.5106167524214814 -0.513438453874305 -0.5159920105799917 -0.5186581149124478 -0.5210708008999817 -0.5236006499566587 -0.525888494707852 -0.5282897747949283 -0.5304562298619168 -0.5327355834734961 -0.534817451304642 -0.5369933392187027 -0.5389722477561409 -0.5410556198584836 -0.5429384638961542 -0.5449249875102291 -0.5467362666572858 -0.5486472971006274 -0.5503764738122837 -0.5522057903161087 -0.5538716200821275 -0.5556332980956035 -0.5572305471588636 -0.5589174436525816 -0.560459284411122 -0.5621004023252648 -0.5635824726741289 -0.5651492235271626 -0.5665821188458128 -0.5681081538215723 -0.5694914915079875 -0.5709541719387528 -0.5722876386675664 -0.5737050581521348 -0.575002049929933 -0.576383765741053 -0.5776393110389011 -0.5789653839297246 -0.5801773038523674 -0.5814722978367443 -0.582658071993697 -0.5839141507528397 -0.5850515858155548 -0.5862592990336069 -0.5873672460438812 -0.5885583544548632 -0.5896489544748948 -0.5908057738489684 -0.591850076557191 -0.592960527702867 -0.5939743684716176 -0.5881544598844197 -0.5862410600965269 -0.5849282723324554 -0.5838567389570449 -0.582929787666354 -0.5821067079593791 -0.5813644069610113 -0.5806917045907893 -0.5795174486190025 -0.5752760755179365 -0.5705020212483213 -0.5677001471406363 -0.5659368742018805 -0.5647054849847817 -0.5633187684489447 -0.5624379494024587 -0.5618255507525907 -0.5617182824373071 -0.5613926425966366 -0.5611531763684634 -0.5608311174885615 -0.5607746607793922 -0.5606603325777816 -0.560601207347756 -0.5603030774039739 -0.5603373456866593 -0.5603752666160953 -0.5605117965454617 -0.560852823472037 -0.5615959216394469 -0.5618861684334366 -0.5626001133158371 -0.5630664907224463 -0.5635092361251394 
# Stellar mass-weighted [N/O]:
0 0.0 0.0 -1.4691410157013562 -1.8772275647629177 -1.7780960837434314 -1.5107331237406534 -1.2124945323486238 -0.9750683153095565 -0.8002835837824427 -0.6745298823806032 -0.5846560368617322 -0.5228381514629523 -0.47993820405189314 -0.44837011139950134 -0.4231938765467851 -0.40188966610822097 -0.3817824581803797 -0.36113577917012707 -0.34043191571245845 -0.32096005964884755 -0.3042885405638476 -0.29057073307328674 -0.27936973884045746 -0.2700749373362661 -0.2624589469455165 -0.2568766109915106 -0.253587628040576 -0.2522685329413885 -0.25255635386275377 -0.2541193838471647 -0.25670739381104246 -0.26012332688462325 -0.26422257394435333 -0.2688086432965391 -0.2734141175996889 -0.27751271050880066 -0.2810173623926766 -0.2839925085397774 -0.28655375617439205 -0.2887746651098895 -0.2907464358885241 -0.29249393710088123 -0.29411651263117844 -0.29558524671788544 -0.29692985095076274 -0.2981674523265514 -0.2993503393026109 -0.3004388862766676 -0.30147772324099953 -0.30244087455357094 -0.3033736327145451 -0.30423226897190725 -0.30506686637081537 -0.30583963985635876 -0.30658666738469265 -0.3072852117944791 -0.307968257730888 -0.30860488503221717 -0.3092265186626344 -0.309804785793544 -0.3103851040281729 -0.31091779490134597 -0.31144526981306186 -0.3119386311082759 -0.3124285914179106 -0.31288882723671696 -0.31334861766375277 -0.31378430979761696 -0.3142156252951822 -0.31461916235207354 -0.3150158267892298 -0.3153869518118608 -0.31576306352497974 -0.3161343705005111 -0.3165000501005204 -0.3168489431924586 -0.31719343427531776 -0.31750979104114485 -0.3178267088262323 -0.3181335015931046 -0.3184522207594698 -0.3187588077306398 -0.31906713612123294 -0.3193102659034315 -0.3195849517939997 -0.31984131152684525 -0.3201166173826211 -0.3203742074668512 -0.32063456567982285 -0.32086382294436255 -0.32110796757898097 -0.32134139880555934 -0.3215817413298614 -0.32181798781683635 -0.3220443996854898 -0.32224828109632764 -0.32246460949612077 -0.3226789304367135 -0.3229038325262872 -0.32311293040447064 -0.3224687543050324 -0.32229321660896715 -0.32218610922870905 -0.32212312674029664 -0.3220848665729579 -0.3220593492519497 -0.32203943576534955 -0.32201809534763015 -0.3219661592696341 -0.32192795635294424 -0.3220135306263123 -0.322142747369611 -0.32215258349769704 -0.3221357165114509 -0.3221985104966225 -0.3221485887892239 -0.3220695862801912 -0.3219854044860355 -0.32198376846245025 -0.3218300583841962 -0.32179077246631826 -0.3216640438410272 -0.32167667478133644 -0.32144697891414054 -0.3214340174609309 -0.32097808786045423 -0.32066467548675726 -0.3203131312114422 -0.3198292508918217 -0.319086112160067 -0.31863766096727764 -0.31797201735066594 -0.3173822968930591 -0.3169720563979468 
# Stellar mass-weighted [C/O]:
0 -1.1102230246251565e-16 0.0 -1.146581147892683 -1.2820263582445577 -1.1760011614956314 -1.029434034637903 -0.9667255113628226 -0.9316993294886027 -0.8875396258942796 -0.8483772644637855 -0.8168543306322256 -0.7919917814013764 -0.7722445585679827 -0.7561512417328597 -0.7425676655500288 -0.7309729121196556 -0.7205959057810858 -0.7107469339441562 -0.7014045279582444 -0.6924969404531913 -0.6839321656753105 -0.6756756571570073 -0.6677450985836023 -0.6601230133496014 -0.6525846808006942 -0.6444718968705371 -0.6353290666923299 -0.6252806483706457 -0.6145912333199246 -0.6035624585245721 -0.5924117989255147 -0.5812386311963633 -0.5701643915624754 -0.5592413943585696 -0.5481816494212184 -0.5368413306017118 -0.5252357083490649 -0.5134071137141328 -0.5012040016784042 -0.4896419631423745 -0.4778981223004223 -0.46679061938942534 -0.4553578116940006 -0.44462538701690246 -0.4336588971763795 -0.42338935372428 -0.4129462673524078 -0.40312287307958583 -0.39310148448136195 -0.38386997659943833 -0.3743479883405878 -0.36571058848327465 -0.35691116046814264 -0.34903649465249365 -0.3410424182155992 -0.33373132486601886 -0.3264998759363479 -0.3197805816499887 -0.312864427595804 -0.3067520718484388 -0.3003417878973429 -0.29438160788480583 -0.2884195798677244 -0.28297398813445074 -0.2771700995641585 -0.2719142948475597 -0.2667257410041509 -0.2619910817074558 -0.2571685456789047 -0.25292981910171686 -0.24873931853720854 -0.24489297709131652 -0.24079465864185756 -0.23716244539058534 -0.2336123238005488 -0.23038997173881653 -0.22688867902380483 -0.22368560154178313 -0.2205162024716404 -0.21779335503412472 -0.21486540427735856 -0.21211238925644965 -0.20919063365951113 -0.20671091088478416 -0.20422511674346927 -0.20195208701007633 -0.19947392643415518 -0.19712727552149678 -0.19470232018535633 -0.1927400572971521 -0.1906792339782749 -0.18877602118135817 -0.1866633274476513 -0.18466922255172075 -0.18258794620360996 -0.1808889220781919 -0.17914892226270357 -0.177560943679056 -0.17579944829393562 -0.1741442177515518 -0.1840781540471671 -0.1874031250616261 -0.1897043886324809 -0.19157811175476613 -0.19319535735303223 -0.1946292316755982 -0.19592227470750828 -0.19709929037276852 -0.19917562639029485 -0.20660708945410255 -0.21492399208615298 -0.21975534473406438 -0.22287045605243683 -0.22507875060833493 -0.22748367476665232 -0.22910638181577486 -0.23027725875161836 -0.2305515496779118 -0.2311404022026392 -0.2317345014348124 -0.23234309960828525 -0.2325751276719848 -0.23276671848052805 -0.23310556236308294 -0.23365469623487273 -0.2340767166474324 -0.2343394186223079 -0.23446434703965896 -0.2343591222042849 -0.23381759389433143 -0.23376981817071857 -0.23319414181410808 -0.23297959367331866 -0.2326196298246922 
# Stellar mass-weighted [O/H]:
0 -4.8402738161993035 -6.364026315653003 -5.044023415905951 -3.3676949490051813 -2.846390350200447 -2.7208993078174633 -2.683674589562889 -2.6817174134622306 -2.6902419870480463 -2.7009382432067346 -2.710259124138659 -2.71730261988961 -2.7222693232889243 -2.7256536045417263 -2.7279365914800566 -2.729508527940104 -2.7305820289988754 -2.7312821665821208 -2.7317315594421023 -2.7320085949916697 -2.7321628935834283 -2.7322342249229434 -2.7322347182940785 -2.732180165806086 -2.7320847727915396 -2.7319629312627196 -2.7318150152891887 -2.7316427703831714 -2.73145483638804 -2.731256340234345 -2.731046474386795 -2.7308288656146713 -2.730601855317002 -2.7303694028308243 -2.730139426509006 -2.7299102089781453 -2.7296713673114565 -2.729427410134255 -2.729171142367429 -2.728943977742439 -2.7286917324212983 -2.7284659154855646 -2.7282149274629814 -2.7279934623281594 -2.727746135873761 -2.7275268525744565 -2.727285014080757 -2.727067868875624 -2.726829774361817 -2.72661297569757 -2.726383160186531 -2.7261753166410285 -2.725947926206171 -2.7257448185910107 -2.7255182229828314 -2.7253272093714145 -2.7251085561025246 -2.7249054034571483 -2.7246998100673805 -2.724513675687872 -2.7242989523660945 -2.724113984550928 -2.7239195315538627 -2.7237327835561818 -2.7235261845681187 -2.7233590256827567 -2.7231746932681684 -2.7229892754094536 -2.7227955658514658 -2.722637387336343 -2.7224575850175743 -2.722279315554476 -2.7220890959515813 -2.721938172201539 -2.721774102889059 -2.721610281939734 -2.7214231591103974 -2.721266736907042 -2.7211116790205923 -2.7209672707267742 -2.7207933638376876 -2.720629099265757 -2.720465225200023 -2.720333398894601 -2.7201871792961922 -2.720040970927297 -2.71986747177034 -2.7197108682470637 -2.719568066073659 -2.719451942343917 -2.719310634666077 -2.719169390412757 -2.71900519564994 -2.7188560094456724 -2.7187165290847757 -2.718606171389453 -2.718477782875034 -2.7183487109981765 -2.7181968650364148 -2.718052253288069 -2.71889377982665 -2.7191981928174602 -2.7194273845260337 -2.7196118680532635 -2.7197606497579168 -2.719883633797079 -2.719988421806276 -2.7200817865693026 -2.720295702230141 -2.7210681889736987 -2.721952870162492 -2.722479608541237 -2.7228317520633034 -2.7231457505474514 -2.723453842108003 -2.723648054490723 -2.723804721659457 -2.723809577698548 -2.7239354336989425 -2.72402920213635 -2.724063588878149 -2.724139762369747 -2.7241552308339543 -2.724176996208854 -2.7242461063462837 -2.7242835571849353 -2.724316250004696 -2.7243357398561177 -2.7243294456279585 -2.7242076130520605 -2.7242126711508625 -2.724098665479165 -2.724079197322184 -2.7240092500702096 
# Gas [Mg/H]:
-4.8402738161993035 -6.517520229582912 -5.1824120464069345 -3.2849937932004964 -2.6087916229914025 -2.382219943061367 -2.248651048220598 -2.1577485968978687 -2.072119025615762 -1.9830246634069537 -1.8776954599461844 -1.7437803779987977 -1.5724508513840325 -1.3623280863788185 -1.1209720167541057 -0.8619486178863571 -0.6060272017941646 -0.37877093330855427 -0.20155422760323738 -0.08339205395068561 -0.01645725586490787 0.01631824273638216 0.030632151088255455 0.035469582544532585 0.033224291820272533 0.030759437684696245 0.03657044068304138 0.0366278195501355 0.036390059123665885 0.036056939736293536 0.03503623091843533 0.03492437533906134 0.03576537754730946 0.037160845606242 0.03973622446674607 0.04572630709901393 0.05662214676100774 0.06853659240225429 0.08101855053078655 0.09384105202148074 0.10547588297180432 0.11756821734239242 0.12895012221291502 0.1389366641820109 0.14907555598401245 0.15918425076175513 0.16832443812263254 0.17788199415862227 0.18717414889200157 0.1921449274731435 0.1989098583807305 0.20540348337672576 0.20741582464151076 0.20666566556969546 0.20311217176768626 0.19877854136248008 0.19951946362541761 0.19560828572788402 0.18713814630671965 0.1851685235021847 0.1790165626231337 0.17273108128280956 0.17512595293060862 0.17261112171772552 0.16977014799005197 0.16675264430857073 0.15368974053998752 0.15027419134827724 0.1442319527841649 0.14063934306885706 0.14202450221971752 0.14018403552989245 0.13298234670138687 0.12878522122377412 0.12935704571941908 0.12683560453908616 0.12165004512015898 0.1163931997993295 0.11388467593810514 0.11344926411354184 0.10951351838305623 0.10315835848771115 0.09659639699620648 0.09064227678627201 0.08971106998480938 0.10025214205092947 0.09502801409366146 0.07888479039070972 0.07414967276808859 0.0761939638477207 0.0761875776958485 0.07244529628516005 0.06640911263386684 0.06667714093839017 0.06676482828913599 0.05025220487873572 0.050582317213498484 0.04933031341907945 0.04904469545122758 0.043885299439492265 0.03772246182067196 0.034037290836333334 0.034199134951782284 0.03552120000159853 0.036232097203957814 0.03600228860613708 0.03523813650856411 0.0341892924659275 0.03284841427398266 0.031935755784815 0.028513468555255272 0.021307742015481246 0.017781058950508744 0.015056310092479208 0.01212583817199242 0.011694202419440636 0.012152944834390667 0.013222832336347246 0.013234636052924742 0.014336114780784115 0.016003291345483284 0.01877732819887168 0.020529469175184722 0.021968356952450918 0.025558061583066838 0.03165548928499451 0.042259046827517466 0.05215003870753776 0.05893273508808328 0.06334157394694895 0.065671282299121 0.06828843173504584 0.06929769888482262 0.06993892873105345 0.0707090987972574 
# Gas [C/H]:
-4.8402738161993035 -6.517520229582912 -6.177350893015722 -4.3573223465306254 -3.573564991524555 -3.1704859259955436 -2.956836097633544 -2.793176990974736 -2.5528682025348886 -2.2901045343334996 -2.014271239811956 -1.7275543521335788 -1.4323962335893148 -1.13154780573291 -0.8286967493377899 -0.5313309901078949 -0.2515835564376516 -0.007459891946223873 0.1820856880244941 0.31088862775674375 0.3895184135645464 0.4352626311968226 0.4625109020664504 0.479946464309982 0.4951592967714036 0.5182724472635178 0.5524649417335135 0.5914310862262266 0.630747866189703 0.6675258576615652 0.7009515774795658 0.7314451642582824 0.7586714564728787 0.783078541386578 0.8093355551130159 0.8392413849124387 0.8705273827528721 0.9012158447196366 0.9312726199168071 0.9590914749160873 0.9827917250968383 1.0063042670375535 1.028319493623779 1.0487311903074925 1.0678915127415975 1.085660009099791 1.1022105181961455 1.1183242848314987 1.1334182780352582 1.146289031701611 1.1592896902292273 1.1710038239484426 1.1802254531289305 1.187805508802525 1.194030798778726 1.1995072162599518 1.204966484916882 1.2096948229017324 1.2140763297726624 1.2189846238693445 1.2232499878325922 1.2273478066057155 1.2316961572567005 1.235524096956612 1.2391126244870585 1.2423586896340542 1.2449777593459497 1.2450151605695097 1.2415367795639658 1.2390121756608594 1.2366350183118202 1.233517583692017 1.2296497096017238 1.2265466868664316 1.224242907924904 1.2211706643074756 1.217576038851515 1.2141300584896033 1.2110187729244513 1.2081815844026447 1.204687851768885 1.2007417618956633 1.1969880967389073 1.193986523728365 1.1913043543302524 1.188066630158782 1.1838979420289144 1.1798583089892625 1.1764365603120246 1.1741300389304357 1.1715143161628236 1.1681249321176699 1.164439466192278 1.1606316328155146 1.157095003684884 1.1547519523905176 1.1525413024494449 1.1496674462743668 1.146055355078015 1.1420169727964962 1.1355587087124555 1.1336317169537131 1.1348464676857337 1.1348999231532622 1.1341463624001258 1.1331140622653195 1.1319324239718869 1.130557469779601 1.1291859229256946 1.1268388813135863 1.115919607887363 1.0946789028612898 1.074132525511574 1.0543238295788644 1.0364950598955183 1.0143867291189266 0.9954284783697935 0.9787405065765182 0.9732181470152192 0.9634943811265058 0.9501271475601909 0.9394488370757639 0.9329933998398974 0.9304724280131307 0.9195978769634237 0.9092890091950077 0.8921196955898836 0.8790258875236177 0.8679124592091294 0.857713605445396 0.8479620839278712 0.8401779715605118 0.8321832941150058 0.8250603994989394 0.8189121983627441 
# Gas [O/H]:
-4.8402738161993035 -6.517520229582912 -4.972937132641892 -3.073155285937869 -2.412789105641437 -2.2223969269749455 -2.106407458884717 -2.0242779397547235 -1.9432204316434207 -1.8556733363628037 -1.7490454128102115 -1.6108035993424643 -1.432453278840323 -1.214027071737842 -0.9651618162823876 -0.7018563381458813 -0.44503231666945897 -0.21901346049039816 -0.04471582382865247 0.07003022817907967 0.13466527561565034 0.16609043094562193 0.1798033026823349 0.18418243784429578 0.18436027700152247 0.183168021041912 0.18201846899863616 0.18063630102213768 0.17920075918324008 0.1778551969879265 0.17696374981641227 0.17600114903212827 0.17494968999745097 0.17366205636500442 0.17316557082544826 0.17465652752534266 0.17681969822548593 0.1786159212590519 0.1809679891907967 0.18409290352263152 0.186129521574407 0.18932202674460052 0.19150892358990257 0.1938953793394611 0.19614128621943117 0.19814935316167448 0.20050787231632716 0.20224222646868073 0.20420975788196438 0.20598906489537727 0.2074637478621888 0.21052349019186467 0.21125986041008948 0.21347399518833843 0.21380823302721774 0.21383634965097587 0.21847037845811101 0.21874126175453013 0.2186509820784135 0.22257054878409432 0.22294106956312998 0.22242363311248559 0.22526942849371467 0.22687688134889328 0.2256607448732657 0.22588177823425593 0.22910990785733176 0.22944332837476145 0.22645275453074687 0.22635263096925318 0.2293400083254009 0.2283171604180212 0.2244199616350282 0.22331513729852093 0.22688310556540303 0.22726428387864184 0.22386184828181 0.22067460146538487 0.2220261497408611 0.22523990002857408 0.22464323538874176 0.22045527989997593 0.21693156989296325 0.21909580787589888 0.22295873754332085 0.22254360990114774 0.22011967144893907 0.2153359488505231 0.2136049777986928 0.21853887944966965 0.2214697019489864 0.22089564929947025 0.21738808081713845 0.21262533527924532 0.2102287407214254 0.2144214032730516 0.21879783004664866 0.22012976641783766 0.21797203858881886 0.2130492519401157 0.20736436403703307 0.20643242915028104 0.20799674825021697 0.20972442503911148 0.2114291444436529 0.21187453461957295 0.21167561304890103 0.2111730517486059 0.21028471364377932 0.21017988246613406 0.20985313369168912 0.20792600815659146 0.20724828653016258 0.20570909100744084 0.20519153204283969 0.2061718495741185 0.20727451332625924 0.20874745739777278 0.2088029402828302 0.21008888208393106 0.21162780629518751 0.21448726984220956 0.21619274885580753 0.21759174526984815 0.22111777211937333 0.22703395826790684 0.2373951201944875 0.24677196523236988 0.2533797194279286 0.2575765783464661 0.25978543437643475 0.26225183706153343 0.26313714831163804 0.26370742460331664 0.2643950866717679 
# Gas [N/O]:
0.0 0.0 -1.6073586599260419 -1.8863138089638114 -1.7646251078163173 -1.3901900469262447 -0.9486437617619508 -0.5630633365201669 -0.23865994661494705 0.038236620717884806 0.27065063945761525 0.44887988722402533 0.5744228610815487 0.6562410826231678 0.7076827450555729 0.7417489688676503 0.7716793585529423 0.8045761964450828 0.8378358501328115 0.8647870773328646 0.878131567280708 0.8802559776626251 0.874311100363685 0.8642607020724178 0.8498673738220063 0.8257748543137768 0.7877515535117978 0.7375777352939566 0.6761099179199905 0.6031447642527209 0.5163211623274294 0.4118137900847889 0.28051332380985006 0.10792983079812302 -0.1107787635005143 -0.3492975123777904 -0.5904683489320965 -0.8125925304865078 -0.9970040540578329 -1.1451500832712274 -1.2151666891587505 -1.2588964339092388 -1.3036723115701387 -1.3338698190321496 -1.2878365083148502 -1.2921738933373383 -1.2985483664667083 -1.3096854069615098 -1.3102050038728716 -1.3166849570623866 -1.3217442977646474 -1.3247750002661074 -1.3190244390803039 -1.308600853238144 -1.2957333992141802 -1.287394015533628 -1.2829097916926568 -1.2649351081814304 -1.2472316086214073 -1.2440745991378996 -1.2371544064875364 -1.2233815167631774 -1.2115822261687401 -1.1993365504232747 -1.185060049257526 -1.1921075069909448 -1.1956570260524417 -1.1937976138347683 -1.1820642767363077 -1.1833383165412603 -1.1670659344518621 -1.1441342304295499 -1.12705529386123 -1.1811613592526626 -1.2023512015264162 -1.2006676152919096 -1.1711795830364036 -1.1625803910894494 -1.1640920147806404 -1.1690232865805186 -1.17364367792029 -1.2052741014577415 -1.23344825970634 -1.130342016746956 -1.1296772960363521 -1.1272913900934087 -1.136085305958351 -1.1476313309360582 -1.1580477135651255 -1.147779890763578 -1.1505509079617182 -1.1391804046581626 -1.1275865307951143 -1.1556831544977975 -1.1575901940451434 -1.1610991036522487 -1.161282804811496 -1.155825319546452 -1.1575387087465034 -1.1657945890774317 -1.147802969749665 -1.1425408376385833 -1.1424184126493948 -1.1392698795819678 -1.1397076032983118 -1.1407112634011445 -1.1417331854434956 -1.1441953898562107 -1.1457952252811747 -1.1449694561536625 -1.1530960157768817 -1.1612954473194588 -1.1675073595267165 -1.1716311811788458 -1.1755282774167162 -1.1834012110567347 -1.1916465457381338 -1.2003572715638438 -1.202491244610766 -1.2067909227308173 -1.2156075484050368 -1.2236473779616737 -1.2284529059799252 -1.231471854519115 -1.240410641580198 -1.2522270805311195 -1.2732114158923618 -1.2909028135789944 -1.3053999547258486 -1.316354141047825 -1.3253776684908516 -1.332400273981209 -1.3385590900652509 -1.3439233395957202 -1.3476138736645584 
# Gas [N/H]:
-4.8402738161993035 -6.517520229582912 -6.580295792567933 -4.9594690949016815 -4.177414213457753 -3.6125869739011893 -3.055051220646667 -2.5873412762748904 -2.1818803782583673 -1.8174367156449192 -1.478394773352596 -1.1619237121184387 -0.8580304177587745 -0.5577859891146737 -0.25747907122681557 0.03989263072176907 0.32664704188348326 0.5855627359546847 0.7931200263041593 0.9348173055119449 1.0127968428963583 1.0463464086082466 1.0541144030460194 1.0484431399167136 1.0342276508235284 1.008942875355689 0.9697700225104344 0.9182140363160944 0.8553106771032306 0.7809999612406471 0.6932849121438416 0.587814939116917 0.45546301380730103 0.2815918871631271 0.06238680732493407 -0.17464098485244772 -0.4136486507066106 -0.6339766092274557 -0.8160360648670366 -0.961057179748595 -1.0290371675843435 -1.0695744071646383 -1.1121633879802362 -1.139974439692689 -1.09169522209542 -1.0940245401756634 -1.0980404941503812 -1.1074431804928286 -1.1059952459909077 -1.1106958921670094 -1.1142805499024586 -1.1142515100742427 -1.1077645786702135 -1.095126858049805 -1.0819251661869629 -1.0735576658826522 -1.0644394132345463 -1.0461938464269007 -1.0285806265429942 -1.0215040503538058 -1.0142133369244064 -1.0009578836506918 -0.9863127976750254 -0.9724596690743814 -0.9593993043842604 -0.9662257287566893 -0.9665471181951109 -0.9643542854600078 -0.9556115222055608 -0.9569856855720076 -0.9377259261264603 -0.9158170700115287 -0.9026353322262013 -0.9578462219541413 -0.9754680959610136 -0.9734033314132677 -0.9473177347545931 -0.9419057896240641 -0.9420658650397797 -0.9437833865519449 -0.9490004425315481 -0.9848188215577656 -1.0165166898133773 -0.9112462088710567 -0.9067185584930311 -0.9047477801922614 -0.915965634509412 -0.9322953820855346 -0.9444427357664331 -0.9292410113139082 -0.9290812060127323 -0.9182847553586928 -0.910198449977976 -0.9430578192185521 -0.9473614533237171 -0.9466777003791975 -0.9424849747648478 -0.935695553128614 -0.939566670157685 -0.9527453371373156 -0.9404386057126324 -0.9361084084883018 -0.934421664399177 -0.9295454545428559 -0.9282784588546598 -0.9288367287815715 -0.9300575723945945 -0.9330223381076053 -0.9355105116373954 -0.9347895736875289 -0.9432428820851921 -0.9533694391628673 -0.9602590729965543 -0.9659220901714045 -0.970336745373876 -0.9772293614826166 -0.9843720324118745 -0.991609814166071 -0.9936883043279359 -0.9967020406468858 -1.0039797421098493 -1.009160108119464 -1.0122601571241177 -1.0138801092492669 -1.0192928694608252 -1.0251931222632127 -1.0358162956978747 -1.044130848346625 -1.0520202352979195 -1.0587775627013585 -1.0655922341144164 -1.0701484369196752 -1.0754219417536124 -1.0802159149924035 -1.0832187869927905 
# Gas [C/O]:
0.0 0.0 -1.2044137603738303 -1.2841670605927573 -1.160775885883118 -0.9480889990205981 -0.8504286387488276 -0.7688990512200127 -0.6096477708914676 -0.4344311979706956 -0.2652258270017447 -0.1167507527911153 5.7045251008414066e-05 0.0824792660049311 0.1364650669445988 0.17052534803798647 0.19344876023180702 0.2115535685441747 0.22680151185314606 0.24085839957766378 0.2548531379488961 0.2691722002512006 0.282707599384116 0.2957640264656858 0.31079901976988106 0.33510442622160563 0.3704464727348772 0.4107947852040892 0.45154710700646306 0.48967066067363885 0.5239878276631538 0.5554440152261543 0.5837217664754277 0.6094164850215732 0.6361699842875677 0.6645848573870963 0.6937076845273866 0.7225999234605847 0.7503046307260104 0.7749985713934555 0.7966622035224316 0.8169822402929532 0.8368105700338765 0.8548358109680317 0.8717502265221665 0.8875106559381165 0.9017026458798187 0.9160820583628181 0.9292085201532935 0.9402999668062335 0.9518259423670385 0.9604803337565776 0.9689655927188409 0.9743315136141864 0.9802225657515082 0.985670866608976 0.9864961064587707 0.9909535611472026 0.995425347694249 0.9964140750852497 1.0003089182694622 1.00492417349323 1.0064267287629858 1.0086472156077182 1.0134518796137928 1.0164769113997982 1.0158678514886184 1.0155718321947478 1.015084025033219 1.0126595446916065 1.0072950099864193 1.0052004232739957 1.0052297479666958 1.0032315495679105 0.997359802359501 0.9939063804288337 0.993714190569705 0.9934554570242183 0.9889926231835906 0.9829416843740709 0.9800446163801434 0.9802864819956874 0.9800565268459438 0.9748907158524664 0.9683456167869319 0.9655230202576346 0.9637782705799756 0.9645223601387393 0.9628315825133317 0.9555911594807659 0.9500446142138375 0.9472292828181997 0.9470513853751394 0.948006297536269 0.9468662629634584 0.9403305491174663 0.9337434724027965 0.9295376798565297 0.9280833164891962 0.9289677208563805 0.9281943446754224 0.9271992878034323 0.9268497194355164 0.9251754981141502 0.9227172179564732 0.9212395276457468 0.9202568109229857 0.9193844180309955 0.9189012092819154 0.9166589988474527 0.9060664741956738 0.8867528947046981 0.8668842389814116 0.8486147385714233 0.8313035278526786 0.8082148795448086 0.7881539650435344 0.7699930491787452 0.7644152067323889 0.7534054990425745 0.7384993412650032 0.7249615672335545 0.7168006509840898 0.7128806827432829 0.6984801048440509 0.682255050927101 0.6547245753953963 0.6322539222912479 0.6145327397812008 0.6001370270989299 0.5881766495514362 0.5779261344989782 0.5690461458033673 0.5613529748956231 0.5545171116909762 
# Gas [Ca/H]:
-4.840273816199305 -6.51752022958291 -5.448480607320262 -3.5579521474838653 -2.8734614734190593 -2.6277038582276937 -2.479078112940572 -2.1992368455595006 -1.6890258838941055 -1.282305496912584 -0.9300192589188203 -0.6042352088268377 -0.29102138255343135 0.015599752962793367 0.31717303620342463 0.6106904658823638 0.8819735568117775 1.1145677714046425 1.2912929352978848 1.406695477303332 1.4713778500169132 1.503093842487142 1.5168477875999953 1.5214158208100317 1.5217936410088067 1.5209062966098061 1.5199549162529618 1.5181159885808437 1.5166454553380309 1.515362794513222 1.5142236454276947 1.5131955629097966 1.5118719662028415 1.5104353843497549 1.509712823903219 1.5108629397566604 1.5128594862171179 1.515216039664467 1.5171510047719359 1.5164592624999989 1.5178543870903392 1.5204367729668045 1.5224320065725747 1.523935146014387 1.5260973538967155 1.5275640457023503 1.5294579362819967 1.5303934882016375 1.5320344591260522 1.533221782198594 1.5339777741153338 1.536666572047925 1.5371926130957592 1.5392034736501445 1.539964340250278 1.5401772726123975 1.5435514165490227 1.5435564814077356 1.5434550990062403 1.5474654936127523 1.5477968326777196 1.5473034737262035 1.5504582847537307 1.5522412087117186 1.550791736071809 1.5508680817536353 1.554136897473506 1.5537521656521145 1.5511146649389351 1.551088370085977 1.553297723426427 1.5519857741928158 1.5491623510321695 1.5482544250897217 1.552086953752017 1.5522866726347964 1.5487778213554702 1.5455465866972604 1.5470040871716861 1.5501915875794632 1.5495569588522784 1.5456149039551343 1.5421160859457936 1.5446087050204893 1.5488229388904449 1.5478862556113686 1.5447819166010737 1.5397209561177583 1.538156211349646 1.5436220739334336 1.551531685888368 1.5427497995047847 1.5422921245341978 1.537703193558393 1.535404232422601 1.539912188771181 1.5445320016119686 1.545254258959842 1.5430995531994798 1.5384769550282575 1.5329269076661607 1.5319950089395116 1.533187472982875 1.534559752717505 1.5369213151695327 1.538007831868823 1.538071465313827 1.5374176007669407 1.5364390099534955 1.5362061082846674 1.5360289508760099 1.5343318789571407 1.5340669773485063 1.5329882637479892 1.5329814673105604 1.5348163075660244 1.5367687974078672 1.5389516186666832 1.5392715509932362 1.541122848871618 1.5432583721107127 1.546710350476201 1.548767289857464 1.5503440384406897 1.5544999897247127 1.561109258878978 1.5726188521963893 1.5829024068093238 1.5902064303393875 1.5949135050052012 1.5975412182186055 1.600352770437409 1.6015329930933397 1.6023385055026305 1.603235435446785 
# Gas [Ne/H]:
-4.8402738161993035 -6.517520229582912 -5.189579123323208 -3.2917258172032815 -2.6062235884944966 -2.366490395195229 -2.242447505975476 -2.1594973612288415 -2.0943972817942846 -2.0378866601208916 -1.98395062354445 -1.9254052213642598 -1.8522432395180841 -1.7522445286610484 -1.614901675518504 -1.4442303161728578 -1.258470764324498 -1.0810943897448944 -0.9346868747391994 -0.8368618398075078 -0.7788188676501493 -0.749435542380267 -0.7366962076008399 -0.7322418557097317 -0.7317508591982724 -0.7324830346680749 -0.7333723234458214 -0.7347371121586956 -0.7364422951990157 -0.735860368622645 -0.7351882954851181 -0.7357178282082577 -0.7357686610193834 -0.7381581058434179 -0.7328757425362973 -0.7293104106896493 -0.7235327133842766 -0.7160284080566974 -0.7057324357926822 -0.697068373418201 -0.6837599899508566 -0.6759673282333614 -0.6729653330017848 -0.6666587466806471 -0.660764089033381 -0.6576179590614535 -0.6394157178983786 -0.6335746905052657 -0.6247042425104308 -0.621005946453077 -0.6149463272620617 -0.6106854590989865 -0.6058112784974101 -0.6041869985838622 -0.6025997865977271 -0.5961438784641153 -0.587042057075351 -0.5898138059585714 -0.5871753739024355 -0.5837627606350555 -0.5799067350352409 -0.5791000715462236 -0.5748785827336151 -0.5753898678747866 -0.5709373827991939 -0.5724443699165631 -0.5685538218849446 -0.5676361368154188 -0.5702087787813008 -0.5729152415224092 -0.5715706601550847 -0.5766795685881876 -0.5818454643711402 -0.5865815193567414 -0.5874953152859197 -0.5863049011832162 -0.5889291402080916 -0.5979484754084226 -0.6006807385082906 -0.5953045896923781 -0.5942860664660037 -0.6061244458128776 -0.6115363990897187 -0.6127110204137534 -0.6082732412868355 -0.614626676110757 -0.6132629450773122 -0.6303595930589001 -0.6335787267289374 -0.6297325221675916 -0.6267996678143577 -0.6296581912649 -0.6342555067297813 -0.6418955377777715 -0.6459415333346517 -0.6461069839989868 -0.6465900481463027 -0.6535279024607137 -0.6390797996901849 -0.640833337254838 -0.6542319386078983 -0.6639834848939792 -0.6648774746910568 -0.663153846454068 -0.6636633504099505 -0.6639502406964075 -0.664103674060784 -0.6656721179084188 -0.6676730120220844 -0.6696872154917006 -0.6764795018086822 -0.6853790228211611 -0.6919537936384197 -0.6979308769056782 -0.702055408970903 -0.7048786514569017 -0.7064519161741218 -0.7057631053745075 -0.7069067405741611 -0.7060416599498209 -0.7058047274060577 -0.7039385167482672 -0.7026742400419552 -0.7013968281080425 -0.6986261295033076 -0.6933784303488384 -0.6840741404543387 -0.6751918502088543 -0.6689648995901445 -0.6654323159649689 -0.663530055785456 -0.6614567093478865 -0.6605549526957049 -0.6601557459806617 -0.6595283611778928 
# Gas [Si/H]:
-4.8402738161993035 -6.517520229582912 -5.131003536826402 -3.2324305697513234 -2.553118044023294 -2.3181227635758512 -2.175800108805829 -1.996736938622906 -1.641095628002712 -1.2968534396529066 -0.9725142324581553 -0.6603822242520092 -0.35412873304843817 -0.0506112461695718 0.24952146532010566 0.5408203112185368 0.8115831584150293 1.0440824256416326 1.2208661985867253 1.3363555968499905 1.4010650578732604 1.4327833115194806 1.4465922650130967 1.4511680020799518 1.451555906312692 1.4505126929498058 1.4494141618247087 1.4479944436139593 1.44655735893883 1.4451977755231882 1.4439807710033965 1.4428808066995478 1.4417027358519143 1.4402839509817178 1.4395167515083234 1.4405842531046025 1.4422688142979418 1.443294153799069 1.4449439946681149 1.4473775260484185 1.4488092564701849 1.451062999550445 1.4526625389728185 1.454297368280118 1.4560471871909 1.4573213982042428 1.4592316292626357 1.4603926520283057 1.4619450827982545 1.4631160673690071 1.4639295347442993 1.4666013343111253 1.4670554624262064 1.4690970452521164 1.4697541785578108 1.469887809301949 1.4734495966142518 1.473481364479035 1.47320235101627 1.4771375747731703 1.477799116985536 1.4772152348184044 1.4799640191485222 1.4815055776809642 1.4801896245816408 1.480674287483244 1.4842017613245941 1.4837281878975572 1.4808493079525893 1.480855934356149 1.4837586244821241 1.4826336123223292 1.4786411958896055 1.4775693086594113 1.4815020393315441 1.4818214632755211 1.4783857666092786 1.4752590605808389 1.4767546255602548 1.4799097756374882 1.4792726608460627 1.4753712018531484 1.4718905386874686 1.4738741662196455 1.4777203835601083 1.4780330888823978 1.4750362110939088 1.4698369724000724 1.4680551346717126 1.4734786941163147 1.476625936947253 1.4761702025931243 1.472613036765372 1.4676401341587053 1.4651740757350944 1.4696597889177512 1.4742588124804628 1.4750875572637314 1.4726919208818194 1.4681351522145483 1.4626311205981053 1.4617333820380014 1.4640043783492804 1.4663317968234373 1.4677245047330953 1.4682444927899647 1.468008469959741 1.4672142071753709 1.4661330848228076 1.465917839187866 1.4657485632757021 1.4639721201116043 1.463785836164326 1.462703785877415 1.4626944875322927 1.4645233150019399 1.4664623379671897 1.4686701481354976 1.4689905096314662 1.470831753343441 1.4729766633340025 1.476418337316416 1.47847200168769 1.480050900166415 1.484203147596587 1.4908179176189535 1.502325538473348 1.512610557036819 1.5199097913543613 1.5246160961979438 1.5272437812274866 1.530055740340884 1.531236091918672 1.5320420693993548 1.5329412092867143 
# Gas [S/H]:
-4.840273816199304 -6.517520229582911 -5.2122708441296774 -3.314923660736997 -2.6297941673436043 -2.3835871224206677 -2.2381555468059844 -2.0475573513139107 -1.671063789954709 -1.3165719026642364 -0.9872976088957426 -0.6726788643210364 -0.3651625083405925 -0.06098901242821064 0.239517059478902 0.5309804007899572 0.801796125579818 1.0343271367992712 1.2111224180180353 1.3265813574044532 1.3912866091570293 1.4230026658275547 1.4368190630566389 1.4414018195461602 1.4418039314957118 1.44072485579541 1.4395955923415813 1.4382664158182892 1.4368280494395371 1.43544150291847 1.4342407090144582 1.4331388798615916 1.4319532779484314 1.4305435956324262 1.4297785519026642 1.4308062699320079 1.432473307710055 1.4334895072191176 1.4351603074906198 1.4375911341212837 1.4389850986416963 1.441195663979332 1.442899868280616 1.4444549928606358 1.4463262094957003 1.4476349797484596 1.4493986952812845 1.4505206480369552 1.4521295584642901 1.453286353347631 1.4540818368504147 1.4566913554587941 1.4572376174321375 1.4593022906798145 1.4599559117294816 1.4601110739112464 1.4636470898897453 1.4635312540734553 1.4632132407260885 1.4676000584907514 1.4677503461090415 1.4669023256952238 1.4703577494280338 1.4720550918568303 1.4707360573266013 1.470990804473506 1.4745066781945684 1.4739593591627398 1.4710984052995713 1.4710669226816102 1.473871584420936 1.4728527223091796 1.4689043070093506 1.4678595624856259 1.4718237569952834 1.4721189250609816 1.4686449226181733 1.4654926399334784 1.4670121670940919 1.4701999979087503 1.4695299148012646 1.4656213208598454 1.4621292093680038 1.4641184920689612 1.468010233170527 1.4682254045623866 1.4651602921022522 1.4601817067627518 1.4585667873949575 1.46372264606428 1.467137596746261 1.466638976680442 1.462824728897262 1.4577059058195099 1.4553378626688427 1.4600631156369794 1.4645765048836927 1.4652532191320136 1.4628242129643856 1.458322428807612 1.4528705602444596 1.4520199371128397 1.4544654154883299 1.45693605927646 1.4581887854651798 1.4586232789941818 1.458337149498644 1.4575161717043907 1.4564173274421943 1.456190826570852 1.4560310645289252 1.4542512739523348 1.4540507025757732 1.4529772916131285 1.4529723249489166 1.4548015773522724 1.4567397222216352 1.4589433863828956 1.459265231481076 1.4611082686022692 1.4632541722544752 1.4666939475061036 1.4687467172399584 1.470325385106984 1.4744759586451472 1.4810896984862376 1.4925903074138414 1.5028775792095441 1.510177995665814 1.5148837386633138 1.5174966287516836 1.520321506782297 1.5215017267486894 1.5223093145610305 1.5232066693332698 
# Stellar mass-weighted [Mg/H]:
0 -4.8402738161993035 -6.364026315653003 -5.2509513929666145 -3.5794654122082994 -3.044612446638106 -2.8964158596296166 -2.849266285984906 -2.843846889777672 -2.851569275326578 -2.862557703121409 -2.8724969519583246 -2.880168254871724 -2.88567274003361 -2.8894891230580884 -2.892106368880637 -2.893913291651792 -2.895136430694407 -2.8959247480772126 -2.8964130455875727 -2.8966972317772157 -2.8968501423134585 -2.8969185299582048 -2.8969171685953032 -2.896859369487551 -2.8967835768430215 -2.8966780594317996 -2.896479928247021 -2.8962780876632204 -2.8960615788349484 -2.8958345627604816 -2.8956033281305675 -2.8953596101345402 -2.8950980519610603 -2.8948221331183914 -2.8945410457205636 -2.8942465562166397 -2.893908236283832 -2.893538350706935 -2.8931349696820616 -2.892751662924704 -2.892326208785354 -2.8919234270412257 -2.8914783350630815 -2.8910680336346664 -2.8906172973612314 -2.890193144488256 -2.8897391570326905 -2.889307346869564 -2.888841979257947 -2.888426267256751 -2.887980245979848 -2.8875744365350906 -2.887155815844099 -2.886802038957728 -2.886436979661976 -2.8861322952420565 -2.8857990077064226 -2.8855025080476935 -2.885226251875565 -2.884980571692445 -2.884712981175454 -2.884486744508937 -2.8842284973900574 -2.8839984968772754 -2.8837383246510786 -2.883530017689875 -2.883358362249888 -2.8831644274612866 -2.882955082975454 -2.88278653098651 -2.88258857874973 -2.8823927290420945 -2.8821894595164297 -2.882030171228524 -2.881857592726064 -2.8816907712659923 -2.8814958851706054 -2.881334421728069 -2.8811788402668945 -2.8810395858159294 -2.8808710972671747 -2.8807118308464306 -2.8805536444814965 -2.8804453861175396 -2.880320533494528 -2.8801549180876655 -2.879983389135779 -2.879856879660837 -2.879731711700267 -2.879634209101332 -2.8795130604794323 -2.8793940088644163 -2.879250481854193 -2.8791032652199853 -2.8789641211246764 -2.8789085608167158 -2.8788163208859894 -2.878719512487044 -2.878588826032769 -2.8784650472258315 -2.8793057931500856 -2.8796192418163606 -2.8798587190027085 -2.8800548437586597 -2.880215038723022 -2.8803485268641165 -2.880462908938565 -2.8805650814012216 -2.8807951367372517 -2.8816410177327114 -2.882621049783295 -2.883210552077248 -2.8836025441922484 -2.8839473000936087 -2.8842913958827427 -2.884508484622467 -2.8846824851893498 -2.8846901416493216 -2.8848266503533795 -2.8849293720059155 -2.8849716065330995 -2.885052823910958 -2.8850712142775983 -2.8850960386782214 -2.885174599779422 -2.8852181505879297 -2.8852549657807014 -2.8852773288158424 -2.885271522713854 -2.8851395334994914 -2.8851458968754864 -2.8850223474763217 -2.8850019891744703 -2.8849259839204597 
# Stellar mass-weighted [C/H]:
0 -4.8402738161993035 -6.364026315653005 -6.190604563798633 -4.649721307249738 -4.022391511696079 -3.7503333424553666 -3.6504001009257117 -3.613416742950834 -3.577781612942326 -3.5493155076705207 -3.527113454770885 -3.509294401290986 -3.494513881856906 -3.481804846274586 -3.470504257030086 -3.46048144005976 -3.4511779347799614 -3.4420291005262778 -3.4331360874003467 -3.424505535444861 -3.416095059258738 -3.4079098820799505 -3.399979816877681 -3.3923031791556877 -3.3846694535922337 -3.376434828133257 -3.367144081981519 -3.3569234187538175 -3.346046069707964 -3.334818798758916 -3.3234582733123093 -3.312067496811035 -3.300766246879477 -3.289610797189394 -3.278321075930225 -3.2667515395798574 -3.2549070756605207 -3.242834523848388 -3.2303751440458335 -3.2185859408848136 -3.206589854721721 -3.1952565348749893 -3.1835727391569817 -3.172618849345061 -3.1614050330501406 -3.150916206298737 -3.1402312814331648 -3.130190741955209 -3.119931258843179 -3.1104829522970077 -3.1007311485271183 -3.091885905124302 -3.082859086674314 -3.074781313243504 -3.066560641198431 -3.059058534237434 -3.051608432038873 -3.0446859851071375 -3.037564237663185 -3.0312657475363114 -3.024640740263437 -3.018495592435733 -3.0123391114215874 -3.0067067716906335 -3.0006962841322773 -2.995273320530316 -2.98990043427232 -2.9849803571169105 -2.9799641115303706 -2.9755672064380594 -2.971196903554782 -2.9671722926457917 -2.962883754593439 -2.9591006175921244 -2.955386426689608 -2.95200025367855 -2.9483118381342024 -2.944952338448826 -2.9416278814922325 -2.9387606257608985 -2.9356587681150463 -2.932741488522206 -2.929655858859534 -2.9270443097793857 -2.9244122960396624 -2.9219930579373736 -2.9193413982044953 -2.916838143768561 -2.914270386259015 -2.9121919996410686 -2.9099898686443524 -2.907945411594116 -2.9056685230975914 -2.903525231997393 -2.901304475288385 -2.899495093467645 -2.8976267051377373 -2.895909654677233 -2.8939963133303506 -2.8921964710396217 -2.9029719338738165 -2.906601317879086 -2.9091317731585145 -2.9111899798080296 -2.9129560071109495 -2.914512865472677 -2.9159106965137847 -2.9171810769420707 -2.9194713286204363 -2.9276752784278015 -2.9368768622486447 -2.9422349532753014 -2.9457022081157405 -2.948224501155787 -2.9509375168746557 -2.9527544363064973 -2.9540819804110763 -2.954361127376459 -2.9550758359015807 -2.9557637035711624 -2.9564066884864344 -2.9567148900417317 -2.9569219493144825 -2.9572825585719373 -2.9579008025811566 -2.9583602738323673 -2.9586556686270047 -2.958800086895777 -2.958688567832244 -2.9580252069463917 -2.957982489321581 -2.957292807293273 -2.957058790995503 -2.956628879894901 
# Stellar mass-weighted [N/H]:
0 -4.8402738161993035 -6.364026315653003 -6.513164431607306 -5.244922513768099 -4.624486433943879 -4.231632431558117 -3.8961691219115124 -3.656785728771788 -3.4905255708304885 -3.3754681255873384 -3.2949151610003913 -3.2401407713525616 -3.202207527340817 -3.174023715941228 -3.1511304680268424 -3.131398194048325 -3.1123644871792555 -3.0924179457522474 -3.0721634751545617 -3.052968654640516 -3.036451434147275 -3.0228049579962297 -3.0116044571345366 -3.0022551031423523 -2.994543719737057 -2.9888395422542295 -2.985402643329765 -2.98391130332456 -2.9840111902507935 -2.9853757240815098 -2.9877538681978377 -2.990952192499294 -2.994824429261355 -2.999178046127363 -3.003553544108695 -3.0074229194869453 -3.0106887297041327 -3.013419918674032 -3.015724898541821 -3.017718642852328 -3.019438168309823 -3.0209598525864454 -3.0223314400941605 -3.0235787090460455 -3.0246759868245237 -3.025694304901008 -3.0266353533833676 -3.0275067551522916 -3.0283074976028175 -3.0290538502511417 -3.0297567929010754 -3.0304075856129344 -3.031014792576987 -3.0315844584473695 -3.032104890367523 -3.0326124211658936 -3.0330768138334117 -3.0335102884893654 -3.033926328730015 -3.0343184614814165 -3.0346840563942674 -3.0350317794522734 -3.0353648013669243 -3.035671414664458 -3.0359547759860295 -3.0362478529194723 -3.036523310931921 -3.0367735852070714 -3.0370111911466484 -3.0372565496884167 -3.037473411806803 -3.037666267366336 -3.0378521594765617 -3.03807254270205 -3.0382741529895796 -3.0384592251321925 -3.038616593385715 -3.038776527948187 -3.038938387846825 -3.0391007723198786 -3.0392455845971575 -3.039387906996396 -3.039532361321256 -3.0396436647980325 -3.039772131090193 -3.039882282454143 -3.039984089152962 -3.0400850757139155 -3.0402026317534814 -3.0403157652882804 -3.040418602245058 -3.040510789218316 -3.0405869369798015 -3.040673997262509 -3.0407609287702666 -3.04085445248578 -3.0409423923711545 -3.0410276414348907 -3.041100697562702 -3.0411651836925397 -3.0413625341316823 -3.0414914094264267 -3.0416134937547428 -3.0417349947935612 -3.0418455163308744 -3.0419429830490285 -3.0420278575716253 -3.0420998819169327 -3.0422618614997754 -3.0429961453266436 -3.043966400788805 -3.044622355910847 -3.0449843355610016 -3.045281467058903 -3.045652352604626 -3.045796643279947 -3.0458743079396475 -3.0457949821845833 -3.045919202161392 -3.0458592605205457 -3.0458543613444675 -3.045803806210775 -3.04583190561529 -3.0456239751229948 -3.045680123807214 -3.0452616450453904 -3.044980925491453 -3.044648871067559 -3.044158696519781 -3.043293725212128 -3.0428503321181406 -3.0420706828298316 -3.041461494215243 -3.040981306468156 
# Stellar mass-weighted [Ca/H]:
0 -4.840273816199305 -6.364026315653005 -5.511446072620826 -3.8522548664382406 -3.310380663120906 -3.1498207989802083 -3.0946906504032814 -3.026048893308607 -2.885018421163611 -2.7749654101976287 -2.698248504947676 -2.6447826075616963 -2.606326003451267 -2.5774772328282634 -2.55478207766191 -2.5363351870209403 -2.5210074544771945 -2.5073941664674138 -2.495199070806775 -2.484149976442895 -2.4740413372101724 -2.4647286263454564 -2.456099286401429 -2.448057917437186 -2.4405307080806597 -2.433452358042784 -2.4267758789284652 -2.42050481413316 -2.4145466502593393 -2.4088809416373422 -2.4034844965024895 -2.398332776125798 -2.393418069588291 -2.388711086548856 -2.384198153865997 -2.379862410708178 -2.375673386884417 -2.371581542509343 -2.367505849988955 -2.36404238509666 -2.3603748864122664 -2.357058627442335 -2.3536026322215857 -2.350514592153022 -2.347271839816818 -2.344357202496184 -2.3413158245484844 -2.3385831654398244 -2.3357136678228736 -2.3331199778638068 -2.330412202052144 -2.3279584608808523 -2.325383384374856 -2.323055970546304 -2.320600357074171 -2.3183909098626216 -2.3160531131232336 -2.313937963922954 -2.311717233546955 -2.309690163484027 -2.307552933913077 -2.3056145644790966 -2.303567168421381 -2.301701526590686 -2.2997305136847883 -2.297963576894621 -2.296094960921649 -2.2943769524006417 -2.292556673331214 -2.290920224191355 -2.289187794710732 -2.2875989832962604 -2.2858877166880083 -2.284355210267358 -2.2827282496670165 -2.281244339234436 -2.2796613226209264 -2.278227711002484 -2.276712653557431 -2.2753342783875627 -2.2738550030231153 -2.2725004413219905 -2.2710676223175748 -2.2697639341796103 -2.26837749079112 -2.2671278796674432 -2.2657757455930634 -2.2645374233143745 -2.2632340689511317 -2.2620581489497456 -2.2607063852838216 -2.259659795517125 -2.2583913855814517 -2.25724248432089 -2.2560324073400215 -2.254943050921245 -2.2537767268557802 -2.2527130062651777 -2.2515613143116404 -2.250506287093896 -2.256569645026528 -2.258589086633031 -2.2599944952818296 -2.2611388183891625 -2.262117734628786 -2.2629776593626616 -2.2637469219620394 -2.264442338754259 -2.2657069339664933 -2.2702723353089675 -2.2754217308516953 -2.2784492462061765 -2.2803741862346634 -2.281786221544647 -2.2833305603157754 -2.2843096712721165 -2.2850119704132172 -2.285112329431069 -2.2855283585425097 -2.285835404283719 -2.2861566016019728 -2.286283077090544 -2.2864003845850425 -2.2864746361525263 -2.2868092966174203 -2.286816048553347 -2.286814865159621 -2.2867126422792756 -2.2864024773060834 -2.2856183825345893 -2.2853646987735665 -2.2846142947729 -2.2841790168323293 -2.2837142899941227 
# Stellar mass-weighted [Ne/H]:
0 -4.8402738161993035 -6.364026315653003 -5.258008055835434 -3.586199558167891 -3.0433274821399783 -2.8864770770759565 -2.842348732386524 -2.8394144673615633 -2.8508768002544267 -2.8653612401573634 -2.878328604951543 -2.8885015538625893 -2.896022430558392 -2.9014747661854425 -2.905451349609505 -2.9084399847452023 -2.9107478790582073 -2.912562722861453 -2.9140172701134333 -2.915212838860672 -2.9162057059067443 -2.9170471178092345 -2.9177651993874774 -2.9183813808163004 -2.9189166053487643 -2.9193907717907903 -2.919809333030555 -2.9201775552572222 -2.9205056712677893 -2.920798089394445 -2.9210600803747893 -2.921296472902024 -2.9215056979446112 -2.9216956158138805 -2.921866745409562 -2.922027978400882 -2.9221660801643328 -2.922285084332221 -2.9223902032575912 -2.9224887662308507 -2.922566338823054 -2.922642994767113 -2.9227101175098937 -2.922775409023063 -2.9228262156376994 -2.922880407365758 -2.9229092858808636 -2.922943516105774 -2.922965767740947 -2.922989625337852 -2.923010581803733 -2.9230328079818158 -2.923044933339634 -2.92306216196815 -2.923065477715924 -2.9230781024388017 -2.9230785683008076 -2.923079768358196 -2.923084744996312 -2.923093262112472 -2.9230812909556025 -2.9230812540776574 -2.923081859053278 -2.9230765194410733 -2.923056079913617 -2.9230616332880857 -2.9230591746218018 -2.923042930489414 -2.9230260406312345 -2.923031154482997 -2.9230267919543644 -2.9230115691938963 -2.9229916230990582 -2.9229980819187187 -2.92300314520811 -2.922992460333951 -2.9229658755297168 -2.922960270501724 -2.922966014206743 -2.922966441729047 -2.922945770922838 -2.922925803267564 -2.9229135312330614 -2.922922740075019 -2.9229251619216905 -2.922917449301748 -2.922887277403901 -2.9228698948771665 -2.9228713752946263 -2.922886877506997 -2.9228861014367338 -2.922873937984617 -2.9228458130643453 -2.9228229028366286 -2.9228182838255803 -2.922833422756548 -2.9228404823463876 -2.922838346132794 -2.9228090478206434 -2.9227773201065226 -2.9229713910789856 -2.9230654537689365 -2.9231519138980913 -2.9232222099699037 -2.923272429134842 -2.9233075594015228 -2.923332854065592 -2.923354010069618 -2.9234420837506727 -2.92377230182694 -2.924166909604371 -2.9244123520671303 -2.9245869403673197 -2.9247799368192933 -2.9249539152125417 -2.9250617456734584 -2.9251594498321785 -2.9251528915891303 -2.925249443726746 -2.925321057051037 -2.9253229154741573 -2.9253960950909246 -2.925400388699785 -2.925415242148393 -2.925456863937643 -2.9254993848540556 -2.9255374690147775 -2.925572489454815 -2.925602421042151 -2.9255539354718803 -2.9255912827616344 -2.9255480495322432 -2.9255785430008077 -2.925553081625716 
# Stellar mass-weighted [Si/H]:
0 -4.8402738161993035 -6.364026315653003 -5.200284371139608 -3.526926484999093 -2.9893770826490584 -2.835800615792385 -2.7842653325092197 -2.751922616834543 -2.6877228028862623 -2.6309058026239143 -2.5873077528347608 -2.5547989282234598 -2.5302224745654316 -2.5109714244217987 -2.4953323718669136 -2.482548149560551 -2.4716386067766445 -2.4617474200063576 -2.4527490409679986 -2.4444976179922175 -2.4368784452214394 -2.4298031618533784 -2.4231941021501058 -2.4169962711614117 -2.4111602633349554 -2.4056557350386427 -2.4004421591102734 -2.395489627287655 -2.390777103200505 -2.386286528228908 -2.3819969402202164 -2.3778897523656495 -2.373948861835176 -2.3701664859154645 -2.366534572161636 -2.363040064669409 -2.3596660978870734 -2.356411592077972 -2.3531385476328746 -2.3502186057717367 -2.347195739042987 -2.344479727031228 -2.341652926587585 -2.339113332440885 -2.3364569626814005 -2.334067215959636 -2.331562333243772 -2.329302025848821 -2.3269310020138505 -2.32478524165292 -2.3225401903573255 -2.3205052704581632 -2.318367908669919 -2.3164329570724123 -2.3143902011359403 -2.312553858572831 -2.310600362141244 -2.3088321690906515 -2.3069806953039684 -2.3052893320149552 -2.3034918366667068 -2.3018682210968073 -2.3001609385937627 -2.298603488263538 -2.29694784267335 -2.295457578969314 -2.2938791461950307 -2.2924303216893964 -2.2908990510578864 -2.2895212287375433 -2.288045755877951 -2.28669311449935 -2.285262645627257 -2.2839766627227016 -2.282604147335878 -2.281347743028131 -2.280004288987562 -2.278787955802506 -2.277504138454538 -2.276336361328835 -2.275079196986149 -2.273925742052538 -2.272706830968489 -2.2716091073413907 -2.2704410184610175 -2.2693611773726197 -2.2682007557322725 -2.2671420917506824 -2.2660336691259326 -2.2650342494854128 -2.2639570458285885 -2.2629639893645175 -2.261895483654845 -2.260916175494873 -2.2598849195393704 -2.2589573105991843 -2.257962002168334 -2.257050532465329 -2.2560654744954407 -2.2551590894562077 -2.2603674915531196 -2.2621044405172483 -2.263315703643384 -2.264301555910402 -2.2651432400334395 -2.2658810823443387 -2.266540037873855 -2.2671353289889264 -2.2682248702769945 -2.272156759683879 -2.2765887065031327 -2.2791934208166884 -2.280851109067825 -2.2820764596590086 -2.283410535268856 -2.2842556217826377 -2.2848647775151907 -2.284948603960638 -2.2853154083830303 -2.285586076997049 -2.2858579574498608 -2.2859762065106537 -2.2860760614926514 -2.2861410471409185 -2.28643045897903 -2.286442616250678 -2.2864474265402235 -2.286366349613502 -2.2861086176204655 -2.285437784772883 -2.28522892070081 -2.284587204098326 -2.2842234875762584 -2.2838261545811704 
# Stellar mass-weighted [S/H]:
0 -4.840273816199304 -6.364026315653004 -5.2803381274289825 -3.6093860567464704 -3.066844045743296 -2.9059553156590088 -2.852179610937683 -2.8154741588767793 -2.7421625879819365 -2.6782628959841173 -2.629894619856328 -2.594207281508857 -2.5674553024858477 -2.5466405300312003 -2.529816341397222 -2.5161225715341473 -2.504481452688461 -2.493959515614817 -2.4844115937173985 -2.4756782683916327 -2.467626708513394 -2.460160786930417 -2.453195396695298 -2.4466711542105735 -2.440533665852241 -2.4347535513909397 -2.429284611804065 -2.4240863783011983 -2.4191471442960797 -2.414445737192537 -2.40995587021159 -2.4056601474363326 -2.4015412722804133 -2.397589540259637 -2.393796760981089 -2.3901510423253294 -2.3866327206876266 -2.3832403146402426 -2.379828722208951 -2.376786417373248 -2.373639975834206 -2.370814419477422 -2.3678697132898545 -2.36522944713459 -2.3624629808453275 -2.35997535954564 -2.3573752597968927 -2.355028337681248 -2.3525642679912213 -2.3503359479440453 -2.3480053534898344 -2.3458948653187752 -2.3436748049891385 -2.3416657463390065 -2.3395464073750656 -2.337640375156904 -2.3356146585046274 -2.333785364223832 -2.3318683286240027 -2.3301046435169033 -2.3282518031255144 -2.3265788091914628 -2.32479716312943 -2.3231768528203176 -2.321458720333786 -2.319917500034961 -2.31828286903158 -2.316784475702609 -2.315199410537474 -2.313773597561667 -2.3122488551232987 -2.3108483273958607 -2.3093676531068725 -2.308035835404742 -2.306614559784009 -2.3053150353625815 -2.303926606965108 -2.3026692709244525 -2.3013410917532937 -2.3001327688861117 -2.2988338152313386 -2.297642174569308 -2.2963827060644837 -2.295247702607057 -2.294039531685864 -2.2929253266037044 -2.291728717044543 -2.290632609544363 -2.2894836515576937 -2.2884533162267893 -2.2873366554864374 -2.2863104073078686 -2.285210749705456 -2.2842031655450805 -2.283138229554906 -2.2821767061769824 -2.281149148066211 -2.2802104290947174 -2.2791954312562623 -2.2782605695478457 -2.2836317240185044 -2.285422516194874 -2.2866708397186235 -2.287687033774999 -2.288554994765253 -2.2893161832649778 -2.289996206211403 -2.2906106008866907 -2.2917335274923554 -2.295786559604733 -2.3003555843761907 -2.3030411531986923 -2.3047498301254477 -2.3060109024133526 -2.3073852863291098 -2.3082559852134414 -2.3088829837033717 -2.308969918529627 -2.3093462547429002 -2.309623932967739 -2.3099051723753083 -2.3100251240264384 -2.310128307540422 -2.3101950041940738 -2.3104931361945384 -2.3105043471419453 -2.3105080981531465 -2.3104230959413243 -2.310155495375196 -2.309463068586364 -2.309245843282511 -2.308583400655664 -2.3082062241429258 -2.3077960624210583 
# Gas metallicity, [Z/X]:
-4.862464641862026 -6.539711055245633 -5.239866946717274 -3.343498342601257 -2.671957011724105 -2.4273540397721467 -2.1825331367588703 -1.915320201525063 -1.6592488608994758 -1.4368498146916011 -1.216975521042032 -0.9846760494230391 -0.7342734985664479 -0.4667262373537009 -0.18847459545014145 0.08845859853678739 0.3468611447716532 0.5649582314332584 0.7249958029199886 0.8284535607707304 0.891945088284705 0.9288636282950393 0.9503068714656895 0.961665002195415 0.9683234752487766 0.9711954468571914 0.9742709047041272 0.9738477853405364 0.977177745642927 0.9725090839927258 0.9816811971385777 0.963858199471005 0.9993137716063575 0.9189959458724084 1.0814002139050485 0.5352255160681965 1.390014688089337 -7.350918914585826 1.7623607237918455 -7.320700826899364 2.1325538199704805 -7.292411032950772 2.519917996297559 -7.265872024433127 2.9314387925219574 -7.240605227120765 3.3694780749200244 -7.216585034233782 3.8339578580919573 -7.1938080429091915 4.323498443507917 -7.171151683546762 4.839000823646614 -7.150277461630498 5.378306171838152 -7.131676467478673 5.942414011404774 -7.1112274308127965 6.527017000303433 -7.0912867161306625 7.135635110252828 -7.075833030049463 7.765224378359937 -7.056066136453062 8.413352392960098 -7.04234286244008 9.083274322265384 -7.024963733435094 9.767150577321834 -7.014010181773836 10.472621343175643 -6.99919914445443 11.191252292368013 -6.991187432199819 11.931425739867526 -6.974514768286404 12.685498508846996 -6.968940307269909 13.455291991088307 -6.952370267927295 14.244456351580798 -6.945361645345862 15.042263248272956 -6.935712401836598 15.862256148333305 -6.920580629904315 16.69432503037275 -6.918089721370304 17.53466376066664 -6.903815048430987 18.398999652609767 -6.891034286500902 19.272545131720577 -6.889868935389938 20.15261547594839 -6.878059821431595 21.0560738677273 -6.863081577293732 21.970192123663498 -6.860639757191844 22.887390390819725 -7.11515195555366 23.400588338343375 -7.382161512660586 23.716585590048968 -7.543335288171155 23.89985056108446 -7.660624971950584 23.982598597455517 -7.790292706209229 23.73233468414244 23.072967151729134 23.273635405185566 23.130241997308268 23.092566792699685 23.020632779684597 22.97453825191222 22.936101111896217 22.928037141458724 22.90579386574611 22.87813285924504 22.857007382701877 22.844990021573754 22.840191760153242 22.816667959677563 22.796046672775052 22.76230497351316 22.73966661723691 22.719870866842275 22.702107295042847 22.68566832026304 22.67200545292135 22.658614077625767 22.646536379764985 22.635848320511155 
# Stellar mass-weighted metallicity, [Z/X]:
-4.152288344383056 -4.862464641862026 -6.386217141315726 -5.307845306901347 -3.6379498237833348 -3.1071205502409738 -2.947963053465876 -2.8483826866159543 -2.773909563887994 -2.7257428073864247 -2.7032509941655434 -2.6929584232319606 -2.687525930604129 -2.6836333494767572 -2.679980037482445 -2.676277670994592 -2.6728558628705423 -2.6697821076936386 -2.6670333065617333 -2.6646967253815683 -2.6623842670494167 -2.6597007309411396 -2.6567257868005463 -2.6535973862696833 -2.650477123977269 -2.6473931969549014 -2.6444492576196312 -2.641570007007256 -2.63887487929593 -2.6361478097755207 -2.633752224229019 -2.631037278856131 -2.6291682780561807 -2.625887026898737 -2.6257182166685578 -2.619092672211149 -2.6270762058209423 -2.6016491894132177 -2.6218019091237688 -2.5598837757776636 -2.5987118017514748 -2.4759832738039 -2.5483184719992655 -2.3239942882970768 -2.4478262899208865 -2.0822512120112 -2.267463457582946 -1.7509883049071207 -1.9890036326388747 -1.3495629023175704 -1.621436536271277 -0.8990474761021294 -1.1893036979213842 -0.413036531902484 -0.7132373556539069 0.10195520594039897 -0.20441949539065218 0.6433262043807124 0.3323833128935645 1.210044639385105 0.8952522426271453 1.7981277196889474 1.4802874371789227 2.4095850256386715 2.0887910141508206 3.042401185411401 2.7190101889947593 3.6940295299013 3.368482252921316 4.367392396789028 4.039566283783232 5.05718610271088 4.727651407591091 5.7681075042184125 5.436598925035489 6.493505980456057 6.160619217312104 7.238835708764319 6.904276693660745 7.999078907982119 7.663238596710596 8.774795441752303 8.43774694075596 9.569170865322729 9.230723415858671 10.373427303565652 10.034198296215568 11.197938711077361 10.857379713572863 12.035669638606997 11.694164585588103 12.881965099144468 12.539873855398055 13.750117593935558 13.406756454747097 14.629156469865716 14.285069003159377 15.514951867181976 15.170440033246885 16.421744303113748 16.076138954865364 15.993394592587533 15.952026908316595 15.924798044311165 15.90470928351199 15.88891462764016 15.87598055774843 15.86508522340372 15.855710918136355 15.840214372692927 15.794680692030731 15.755521967318478 15.736526686027123 15.725186365527527 15.717469632066804 15.709728168246208 15.704524868413284 15.700896441751707 15.700052032856817 15.698267551270606 15.696310356656882 15.694621418074588 15.693798940273835 15.693321210629385 15.692153252575881 15.690702091990232 15.689274547464807 15.688299364494418 15.687875409427297 15.68813958871134 15.688903001264661 15.689016841129447 15.690342651363963 15.69076268993151 15.691731355666807 
# Number of SNIa (log_10):
0 0.0 0.0 0.0 0.0 0.0 2.1349397865824605e+53 1.0509036194362989e+55 4.261517222824422e+55 8.315787705120462e+55 1.2530930524334755e+56 1.65672431013956e+56 2.029058571905028e+56 2.3674944627630545e+56 2.6742036438147943e+56 2.9529472278877014e+56 3.2076269839982976e+56 3.441735858424727e+56 3.6582209979226e+56 3.85951279843334e+56 4.047602088700054e+56 4.224124447597541e+56 4.3904326581281885e+56 4.54765537489182e+56 4.696743801955316e+56 4.83850578754305e+56 4.973633299197228e+56 5.102725521194303e+56 5.226301365956149e+56 5.344814200992501e+56 5.458666227686173e+56 5.568221237871728e+56 5.673788413709656e+56 5.775627627956944e+56 5.8740135176684585e+56 5.969172595731625e+56 6.061310148580861e+56 6.150606836184592e+56 6.237235741881845e+56 6.321367149467721e+56 6.403127253807992e+56 6.482649038963895e+56 6.560050586062536e+56 6.635439300024439e+56 6.708920721359528e+56 6.780588910582383e+56 6.850531811685598e+56 6.918826300793056e+56 6.98555033057971e+56 7.050787913230959e+56 7.11459228501382e+56 7.177021704718508e+56 7.238137365090847e+56 7.297997818577992e+56 7.356648191468946e+56 7.414138877196211e+56 7.4705125683433015e+56 7.525797230270345e+56 7.58004273553997e+56 7.633338973391475e+56 7.6856769019264685e+56 7.737097596177189e+56 7.7876067444237006e+56 7.837236058607015e+56 7.88603826205607e+56 7.934035456488092e+56 7.981249272306967e+56 8.027713239648098e+56 8.073447866381234e+56 8.118472016619264e+56 8.16280984282666e+56 8.206486181793558e+56 8.24951066135683e+56 8.291902069721454e+56 8.333697518426215e+56 8.374901156939636e+56 8.415526906146457e+56 8.455593960288034e+56 8.495116195468003e+56 8.534107618205432e+56 8.572583275651382e+56 8.610553094699771e+56 8.648027663039164e+56 8.685039994724795e+56 8.721585185007656e+56 8.757675870967073e+56 8.793323029157105e+56 8.82854222175089e+56 8.863341080537996e+56 8.897717378805605e+56 8.93169224533806e+56 8.965273067080233e+56 8.998461905884235e+56 9.031298817691905e+56 9.063777554975957e+56 9.095887222603668e+56 9.12764610316834e+56 9.159063693017634e+56 9.190145003701137e+56 9.220891157222082e+56 9.251315154422415e+56 9.281416995521947e+56 9.311214030904658e+56 9.340721504044661e+56 9.369928547862555e+56 9.398846625376043e+56 9.42748116961594e+56 9.455830472004904e+56 9.483903794468648e+56 9.539254040467353e+56 9.801246836638407e+56 1.0263553540912229e+57 1.0662359226904419e+57 1.1013009786345196e+57 1.1325927557303494e+57 1.1740040855123831e+57 1.2102479238913928e+57 1.2424719321112783e+57 1.2524688446050344e+57 1.2714794737844374e+57 1.2978546076212167e+57 1.3220387747022063e+57 1.3371125064000913e+57 1.3443653771017208e+57 1.3716960422643455e+57 1.402601437760723e+57 1.4560304827139071e+57 1.5011463618932605e+57 1.5401982386389516e+57 1.5746271477089923e+57 1.605394544697108e+57 1.633238059404107e+57 1.6586403690849186e+57 1.6820011193849435e+57 1.7036251752098346e+57 
# Number of SNII (log_10):
0 0.0 4.907102058108599e+53 2.4009961806648186e+55 9.076155489660135e+55 1.591639309234578e+56 2.175646232953772e+56 2.600786449506146e+56 2.837977815493292e+56 2.9647282832856322e+56 3.029296269991582e+56 3.060939762433637e+56 3.0759949715703378e+56 3.082997008625368e+56 3.086207977088798e+56 3.0876704844792127e+56 3.0883380796238997e+56 3.0886399673131425e+56 3.088786862732496e+56 3.088861438697913e+56 3.0888993072841274e+56 3.088920723279864e+56 3.0889353564313324e+56 3.088946738205534e+56 3.088956429787882e+56 3.0889651373030395e+56 3.088973191787263e+56 3.0889807572278556e+56 3.0889879215797296e+56 3.088994741550579e+56 3.08900125673571e+56 3.0890074967726824e+56 3.089013485884099e+56 3.089019244601743e+56 3.089024791283692e+56 3.0890301435983823e+56 3.0890353164685943e+56 3.089040318734051e+56 3.0890451607140243e+56 3.089049782084127e+56 3.089054402616086e+56 3.089058807485125e+56 3.0890631770605767e+56 3.0890673087502065e+56 3.0890714506348837e+56 3.08907537487339e+56 3.0890793138816466e+56 3.089083051291764e+56 3.0890868072690755e+56 3.0890903754776723e+56 3.0890939661942204e+56 3.0890973801891844e+56 3.0891008207049673e+56 3.089104093101456e+56 3.089107393618851e+56 3.089110534346651e+56 3.0891137016541284e+56 3.0891167221496937e+56 3.0891197641064512e+56 3.0891226642772756e+56 3.089125595960233e+56 3.089128385870309e+56 3.08913120449439e+56 3.089133898997639e+56 3.089136619360922e+56 3.0891392150058865e+56 3.0891418456297175e+56 3.089144361758134e+56 3.0891469024548153e+56 3.0891493311858373e+56 3.089151795139547e+56 3.089154152477221e+56 3.0891565346887545e+56 3.089158813560504e+56 3.089161129196629e+56 3.08916334944437e+56 3.089165594884613e+56 3.089167741694009e+56 3.0891699223374167e+56 3.0891720181137634e+56 3.0891741449903775e+56 3.0891761771408946e+56 3.0891782360919254e+56 3.089180214068007e+56 3.0891822308628454e+56 3.089184165814415e+56 3.089186123571523e+56 3.0891879965990314e+56 3.089189900162262e+56 3.0891917358504134e+56 3.089193610435333e+56 3.0891954042244615e+56 3.0891972181179154e+56 3.089198954668345e+56 3.0892007220006103e+56 3.0892024292815563e+56 3.089204176216792e+56 3.0892058518946833e+56 3.0892075470506297e+56 3.0892091692372755e+56 3.089210817892052e+56 3.0892124076731236e+56 3.0892132367405133e+56 3.089213660869275e+56 3.089213848039845e+56 3.089213848039845e+56 3.089213848039845e+56 3.089213848039845e+56 3.089213848039845e+56 3.089213848039845e+56 3.089213848039845e+56 3.089213848039845e+56 3.089213848039845e+56 3.089213848039845e+56 3.089213848039845e+56 3.089213848039845e+56 3.089213848039845e+56 3.089213848039845e+56 3.089213848039845e+56 3.089213848039845e+56 3.089213848039845e+56 3.089213848039845e+56 3.089213848039845e+56 3.089213848039845e+56 3.089213848039845e+56 3.089213848039845e+56 3.089213848039845e+56 3.089213848039845e+56 3.089213848039845e+56 3.089213848039845e+56 3.089213848039845e+56 3.089213848039845e+56 3.089213848039845e+56 3.089213848039845e+56 3.089213848039845e+56 
# [Mg/Fe] for total ejected gas till this time:
0 0 1.0141387620595463 1.0058956693224825 0.9113845781271335 0.8047425712089207 0.754887472773973 0.6009734530810907 0.34743330303109227 0.16290529804864995 0.032039080845230744 -0.06357395831214939 -0.13580913549836207 -0.19212357782399364 -0.237285494637433 -0.27440714247826536 -0.30557469170334217 -0.33222282410393233 -0.3553563726573507 -0.3757015043164714 -0.3937957063230262 -0.41004262038645833 -0.42474947979781574 -0.4381553788845404 -0.45045619468834475 -0.46179941921649104 -0.4722918137771581 -0.48205195894638075 -0.4911635479621656 -0.4996986440476385 -0.5077196061961028 -0.5152777567427222 -0.5224160940017454 -0.5291714055738967 -0.5355787045864143 -0.5416656286998269 -0.5474529119547539 -0.5529623759477117 -0.5582157168577905 -0.5632334505214784 -0.56803167971772 -0.5726260185884229 -0.5770300452859518 -0.5812581007647821 -0.5853209364969008 -0.5892283670156928 -0.5929916007496449 -0.5966170833399165 -0.6001141113269416 -0.6034955920470754 -0.6067632767358054 -0.6099265256438783 -0.6129935516743618 -0.6159745299377724 -0.6188743219286023 -0.6216970331350006 -0.624444014558439 -0.6271200763271817 -0.6297335640851576 -0.6322862839405435 -0.6347797099856641 -0.6372159572849482 -0.6395920699179999 -0.6419140212221922 -0.6441824169461835 -0.646401635770133 -0.6485845233277653 -0.6507187227921754 -0.652808628939169 -0.6548560201029604 -0.6568607365359881 -0.6588244541383887 -0.6607501476710309 -0.6626387094591173 -0.6644928137898333 -0.6663123899987726 -0.6680978314328248 -0.669850720743332 -0.6715734311142888 -0.6732663932680417 -0.6749304307666268 -0.6765658046724391 -0.6781730876074459 -0.6797572792331088 -0.6813180210981402 -0.682845650362507 -0.6843501079113431 -0.6858359607662083 -0.6872981176575952 -0.6887379139846678 -0.6901563058648259 -0.6915538660252089 -0.6929305229091276 -0.694284387121069 -0.6956175236080866 -0.6969407151804452 -0.6982445490908186 -0.6995302599001376 -0.7007963046868275 -0.7020446118310962 -0.7032756988021112 -0.7044915783822792 -0.705692119127271 -0.7068768735970842 -0.7080457247136072 -0.7091997392343865 -0.7103386994195334 -0.711462297506653 -0.7125715968778826 -0.7147493916384211 -0.7248881917029589 -0.7421288399475402 -0.756362478864132 -0.7684073583777649 -0.7788521739208396 -0.7921866328626679 -0.8034455821307804 -0.8131514911932466 -0.8161067407750224 -0.8216621996725759 -0.8292029454058499 -0.8359814012879545 -0.8401342596259875 -0.8421138240743126 -0.8494721661138852 -0.8575964394313697 -0.8711888229711837 -0.8822237995510422 -0.891491449049148 -0.8994375485373337 -0.9063775524626588 -0.9125252119822825 -0.9180312783681904 -0.9230119248670055 -0.9275508542445327 
# [Mg/Fe] for instant ejected gas at this time:
0 0 1.0141387620595463 1.0057242612587303 0.8786491798079816 0.6592642261646589 0.5836917032454193 0.013839604451050425 -0.6193647174946552 -0.9517334082476053 -1.192316986191921 -1.370001549336614 -1.4948004332127836 -1.5758896166985579 -1.6242692668552596 -1.6488252897588798 -1.6588023415724182 -1.6614872882420737 -1.6595489656890583 -1.6562831280768648 -1.6542120314341853 -1.6534720064726245 -1.653119160006379 -1.6529376232126802 -1.656353326787936 -1.657451071185475 -1.6483418440126898 -1.6482771238010978 -1.6471399716399713 -1.6461786917618515 -1.6462196476960118 -1.6450320846493454 -1.6427254370780744 -1.639697618730761 -1.6362273920916603 -1.6308799609973101 -1.6205673207833553 -1.609257115651977 -1.5984668679257419 -1.588180015076913 -1.5780363050967119 -1.5682323144032007 -1.5584729694222064 -1.5504495138790393 -1.5420857595153354 -1.5332430603615486 -1.526269524621082 -1.517568928778794 -1.5100421939873816 -1.507235630529892 -1.5007165820172936 -1.4974231268735478 -1.4964784838390546 -1.5003757160251747 -1.5051110033460247 -1.5096734326611232 -1.511801662321582 -1.516091196346299 -1.5255459208638773 -1.5309126653551477 -1.5376346230285194 -1.5431035092599437 -1.542260075141898 -1.5472045723673187 -1.5480206140473733 -1.5520181222909355 -1.5722462672221298 -1.571559693065171 -1.5748698019953304 -1.5786051118768416 -1.5793291705316388 -1.579853807510181 -1.5837624422457033 -1.5868666417197688 -1.590367975454209 -1.5930517620355165 -1.594521389471518 -1.5966659600649244 -1.6012020155124476 -1.6047202150075859 -1.6079372256029334 -1.610141250583017 -1.6131783149290073 -1.6223128140440364 -1.6268013094719609 -1.612623728089663 -1.6179397843091996 -1.6311771980395962 -1.6320168511833895 -1.6356402424626424 -1.6388036247305773 -1.6418425709068318 -1.6440885174687336 -1.6368633168147877 -1.6350650800250144 -1.6622081271133313 -1.662114310373058 -1.6636692166960307 -1.6604723311650094 -1.6617420044759412 -1.6624254167823174 -1.6685872110923894 -1.6720345046742169 -1.6716355335453987 -1.6718958397929529 -1.6736925822655444 -1.6736840738213377 -1.672211996431173 -1.672815577704587 -1.6746613517077642 -1.678676100050607 -1.6870470128877697 -1.6922781135634648 -1.6918479154374304 -1.7051585453257214 -1.7018666281249624 -1.7021535118869342 -1.7031829546639934 -1.70332964670446 -1.7070863528780464 -1.7006355167780738 -1.7055116544888553 -1.7034309238756968 -1.7035282939830698 -1.7048137738168616 -1.704163581261009 -1.7056830469409896 -1.7025612335665443 -1.706103896879842 -1.7040407583843442 -1.7052897952947013 -1.7039614585208054 -1.7041377268860805 -1.7047684758481214 -1.7041159440961677 
# total ejected metal mass till this time:
0 0.0 4.8058002777613215e-05 0.0007093330725429124 0.001741000130926113 0.002346555476545677 0.0028799663466817353 0.0033945527238086006 0.003848423820936461 0.004199145680383648 0.004469975233608971 0.004684455807574761 0.004860211898803096 0.0050091278984231435 0.005138706209888918 0.005253249279524782 0.0053551287580461925 0.005445615184503574 0.0055260132732019105 0.005598967145517256 0.005667421722432586 0.005732702828158467 0.005795390299104451 0.005855552465439795 0.005913412314780931 0.0059688467070626566 0.006022205001981965 0.00607320028388825 0.006122669420287492 0.006169519419773228 0.006215993963818623 0.006258317123153899 0.006304104485897661 0.006338290673228126 0.006393179052272134 0.006397921045054596 0.006515554386188671 0.006356643332852566 0.006623310610267225 0.006111628279113749 0.006696394692693211 0.005428393517507318 0.00676676124980233 0.0035838133747542237 0.006834601932849692 -0.0015192021802931566 0.0069001216393224565 -0.016288960579219757 0.006963479327946723 -0.06128527340109633 0.007024438883995512 -0.20575300063653665 0.007084067434070848 -0.6951960829488076 0.007141515162951829 -2.446575698349909 0.007196963662057994 -9.06606838447059 0.00725055913128915 -35.170504071038714 0.007302431197278985 -143.92607240165742 0.007352743117709466 -618.0937098853788 0.007401573349862437 -2769.627481850916 0.007448853956110363 -13052.094811788947 0.00749464874057977 -63808.959314669184 0.007538867766703862 -327722.1160459955 0.007581662556383031 -1738197.7699370768 0.007623057367610379 -9659578.6112954 0.0076631169527386885 -55512994.28384954 0.007702000219698961 -330603366.0746528 0.007739618033087103 -2056237970.2183602 0.00777623592445848 -13067694334.010984 0.007811740672353296 -87129573451.95453 0.007846201610562629 -598371235263.5565 0.007879829718193078 -4188784079091.3945 0.007912422089534485 -30886155129569.945 0.007944169414045786 -233226394449460.2 0.007975233910798338 -1787942593326708.2 0.008005391460027206 -1.4408597050338344e+16 0.008034798608931146 -1.1928248326791834e+17 0.008063589100670772 -9.964866870684032e+17 0.0080917783768271 -3.2700364266272164e+18 0.008119084846036217 -6.813191027712304e+18 0.008145920987739181 -1.0459556154252681e+19 0.008172245720586332 -1.2780616673633747e+19 0.008318752923360276 -7.758670081673446e+18 -1.777746014131897e+18 -2.9335733094318044e+18 -2.1819683251443215e+18 -2.0846390105433533e+18 -1.8309134470404887e+18 -1.697191137575236e+18 -1.5708207079294116e+18 -1.5669419707177623e+18 -1.5219365970794068e+18 -1.4577689864945108e+18 -1.4064206374931656e+18 -1.3767132735220554e+18 -1.3895237920398316e+18 -1.3478796709396273e+18 -1.335572204909285e+18 -1.2760674078076206e+18 -1.2439541263991483e+18 -1.2162669767051858e+18 -1.1917277645938056e+18 -1.169005388225794e+18 -1.1514966491030958e+18 -1.1337867601233281e+18 -1.118019289967652e+18 
# Stellar [Z/H]. [Z/H] = [Fe/H] + A[Mg/Fe] where A=0.94:
0.0 -4.8402738161993035 -6.364026315653003 -5.304499593155985 -3.639687091504491 -3.0986768501445843 -2.942565374419874 -2.892006198220011 -2.872754148607913 -2.8597504975270156 -2.858386872606059 -2.8606528694533515 -2.8632907681694357 -2.8653244920478507 -2.866619401289113 -2.8673151500067546 -2.867627519734926 -2.867632756461318 -2.867366197471806 -2.8669300847408485 -2.866392477404817 -2.865805227943932 -2.865200354407367 -2.8645819399223944 -2.863955386923433 -2.8633507776756497 -2.8627529379862597 -2.862098340550329 -2.8614672531521617 -2.860846733454358 -2.860238391081768 -2.859645954965628 -2.859059756578119 -2.858473221927808 -2.857888534314725 -2.8573131616353895 -2.8567382104394667 -2.8561336962622925 -2.8555107628020826 -2.8548557925835434 -2.8542500802936557 -2.8535971686669583 -2.852991871586427 -2.8523384621833334 -2.851742023343885 -2.8510986631146693 -2.850502391187173 -2.849869726255013 -2.8492782582943827 -2.8486466367097876 -2.848080464617911 -2.8474781135997906 -2.8469309687066477 -2.846363855571076 -2.8458743576817263 -2.8453658152638286 -2.8449306804073466 -2.844460194122494 -2.8440393079805446 -2.8436305303586646 -2.843263510853892 -2.84286853909377 -2.8425260440460876 -2.8421466222483773 -2.84180624624424 -2.841430096995487 -2.8411155821700103 -2.8408285042849473 -2.840531329909441 -2.8402131645290485 -2.8399452851625724 -2.8396427212400637 -2.8393520914033066 -2.8390483910833852 -2.838797094222237 -2.8385265591963282 -2.8382709935459687 -2.837982568195363 -2.8377354335080573 -2.8374883213628213 -2.8372657574201012 -2.8370091829450805 -2.8367696086315357 -2.8365260358354805 -2.836338543888367 -2.8361295062981644 -2.8358897225957103 -2.835638511058069 -2.8354374807448686 -2.8352335550924654 -2.8350637887762655 -2.834866065885459 -2.834677436608384 -2.8344602067399207 -2.8342463951108945 -2.83403576433499 -2.8339114801825853 -2.8337476621743938 -2.8335862598042807 -2.8333876767108146 -2.8332018174812683 -2.8343918047576135 -2.834819515270636 -2.83513714259416 -2.835396860878913 -2.8356119881251356 -2.835794230802531 -2.8359525752929673 -2.8360945814358587 -2.836394123749684 -2.837490083476094 -2.8387508377311477 -2.83950468663665 -2.8400000842123987 -2.8404168780217516 -2.8408420165493227 -2.8411105818504154 -2.841320286332401 -2.841334210866037 -2.8414896187983154 -2.841606171231634 -2.8416672584244878 -2.841751560571722 -2.8417766353163127 -2.841804823689194 -2.841900705529194 -2.8419418342425513 -2.8419761268371757 -2.8419901256855304 -2.8419638286803783 -2.8417878629742788 -2.841776733226003 -2.8416109197575428 -2.8415626322199863 -2.841460425721937 
# Stellar luminosity-weighted metallicity, [Z/X]:
-4.152288344383056 -4.862464641862026 -6.349510506308196 -5.243158435588222 -3.3502451342556583 -2.6780108719777544 -2.431666434957439 -2.1867537680276543 -1.919775998267984 -1.6637337536002306 -1.4411470619267812 -1.2212923321119258 -0.9891693796450072 -0.739027887333404 -0.4717786627074847 -0.19377794365339662 0.08320703796511908 0.3418193056409733 0.5601397593603596 0.7206200769861056 0.8246946477977887 0.888809292637985 0.9262866007537707 0.9481755152578597 0.9598949318392643 0.9668165444240671 0.9699058735972402 0.973113865123203 0.9728493711798752 0.9762182311691342 0.9717422716354459 0.9807791052751451 0.9634162192065155 0.9981356220832854 0.9197225603240186 1.0787110112967677 0.5514645039955037 1.3834901186945177 -0.49288930218983373 1.7539534236657048 -0.16855952612140035 2.1239143478363234 0.18872497280029887 2.5111665317381715 0.5705721917718545 2.9226071158529345 0.9787952467979244 3.3605781742487695 1.4143970939024944 3.824997882387284 1.8766026544503438 4.3144920328354575 2.36532722131885 4.829940031523826 2.87837365886481 5.369210599963728 3.4161248080211566 5.933279072223682 3.9789577441435044 6.517853730384193 4.562906232599307 7.126433950286851 5.170144887388425 7.75599045642311 5.799073476070157 8.404094469763988 6.44616853567209 9.073989854750529 7.114707052675395 9.757882387928019 7.797566068217566 10.46333685877417 8.502225550286944 11.181976166979167 9.220321050417983 11.922116034105802 9.960167810167334 12.676193307034254 10.713555467519427 13.445972169423372 11.483476733081076 14.23512138464077 12.271576749478971 15.03292798762453 13.069710451784903 15.852890725211124 13.889041473183987 16.68495950719893 14.720381925624398 17.525289383697952 15.56150565049384 18.38959515507927 16.424843748329476 19.26314340653264 17.29787004301778 20.14320753446606 18.178594054228192 21.046629078178917 19.081647466941547 21.9607519154375 19.99447076189499 21.054786470035847 21.089355954452284 21.023981355071484 20.95953395765388 20.903652927081993 20.85570995124042 20.814287459725996 20.778081318207814 20.717659018065955 20.539285904415575 20.389329189603103 20.318845075559956 20.276669736301358 20.2469207833457 20.21465674855334 20.191300202769728 20.174951232215246 20.17079245453991 20.162914282630272 20.153231760369284 20.14520738375147 20.140926776398924 20.13880089350687 20.131867022380423 20.1246745659659 20.114664133647086 20.10702706263159 20.101903363655914 20.099186817795413 20.096412217645014 20.093653402668203 20.09417295762308 20.09216345193251 20.09267459648301 
# Stellar luminosity-weighted [Mg/Fe]:
0 -9.71445146547012e-17 -9.71445146547012e-17 0.9201510517758231 1.0052703823239801 0.8869982760526595 0.7011623577997567 0.6150296299719278 0.14089663378690248 -0.46965043544920004 -0.8326766137711813 -1.09687656477793 -1.2968310376077872 -1.4429899512367466 -1.542391356463795 -1.6044066231087488 -1.6384160612463525 -1.6541376521500954 -1.6598196306679034 -1.6595961572590818 -1.657009603647295 -1.6548285949099462 -1.6537721563975378 -1.6532646922298513 -1.6530111242362788 -1.6556040558988352 -1.657031484691508 -1.6502560582653958 -1.6487278022660607 -1.6475089664284874 -1.6464911749245585 -1.6462973632005697 -1.6453280106142008 -1.6433178156810804 -1.6405194295629582 -1.6372045069536632 -1.6323112856487316 -1.6231915121665463 -1.612383104426621 -1.6016335216800568 -1.5912584843856885 -1.5811006460444723 -1.5712246596439476 -1.561468622916427 -1.5530728568751162 -1.5447208653713538 -1.5359806972043104 -1.52864455773936 -1.5202332301902002 -1.5125333481603929 -1.508663267561568 -1.5027175426365849 -1.498840795570845 -1.4972541631180343 -1.499930749039722 -1.5041750110214736 -1.5086388935133317 -1.5112475123984837 -1.5151513352315042 -1.5233400144508964 -1.529308341254718 -1.5358248200533005 -1.541509178030018 -1.542085858542784 -1.546074965464652 -1.5475786791417736 -1.5510288718995071 -1.567466552572369 -1.5705616160264693 -1.5738125173270527 -1.5774463092326143 -1.5788076073106967 -1.5795241957471327 -1.5827343836131211 -1.585860250277522 -1.5892698010879591 -1.5921097202298695 -1.5938728118564844 -1.595936480253934 -1.599923246794316 -1.6035398708976472 -1.606830381627669 -1.6092693692716016 -1.6121677197753477 -1.619921131681843 -1.6251000392411834 -1.6151269721162933 -1.6171942752316262 -1.6279498548067253 -1.6309348510411394 -1.6344172599543594 -1.6376426877793635 -1.6407208834738547 -1.6431407075973805 -1.6380219781965122 -1.6355495418652164 -1.6560986203808612 -1.6605352612947166 -1.6627140960085944 -1.6607029654808407 -1.661280849303864 -1.6484575852089598 -1.6352951180340087 -1.6281695633129813 -1.6234730456393998 -1.6200360272793184 -1.6173643756625289 -1.6152036111937336 -1.6134081389463102 -1.6105721514378604 -1.6032238764295688 -1.5983343730210482 -1.5965768073725521 -1.5957243541651294 -1.5952312556130797 -1.5948016342243185 -1.5945660811723665 -1.5944354123255229 -1.5944094602166239 -1.594356728914692 -1.594301218327468 -1.594272635502076 -1.5942456895486747 -1.5942510014224924 -1.59421553055873 -1.5941827845697707 -1.594182297819278 -1.5941287349419477 -1.5941291885139195 -1.594186568921037 -1.5941386244290519 -1.5941776684885904 -1.5941818101799463 -1.5942497062359497 -1.5942284653833971 
# Stellar luminosity-weighted [C/Fe]:
0 -2.220446049250313e-16 0.0 -0.0509616980289489 -0.06687294048676029 -0.07799759521808303 -0.08818950128258962 -0.09404037998902581 -0.4954922486487447 -0.9521820369208904 -1.1418564346871172 -1.2355520283840806 -1.2824708002279936 -1.3044155278197624 -1.3126757655573917 -1.312842783740137 -1.3082276493670006 -1.2999569215415006 -1.2887028827706108 -1.2761183864443717 -1.2628899255885067 -1.2490486075571925 -1.2350731930585042 -1.2216700344202636 -1.2088490767481064 -1.1940907835858763 -1.1701216822966285 -1.1350857580164773 -1.0948902646755734 -1.054249408045182 -1.016179180587451 -0.9815656860319305 -0.9499768000679877 -0.9215378736895707 -0.8956787413150603 -0.8686858488937244 -0.8398837654803226 -0.8103184119791994 -0.780692479111227 -0.7523510358667724 -0.726903115353533 -0.7046209651707441 -0.6832683998554898 -0.6628523512380694 -0.6439970731778042 -0.6265940383084048 -0.6101417598003531 -0.5953765794737726 -0.5803692684679096 -0.5668416950746107 -0.5550872232169815 -0.5428856854095719 -0.533754309201185 -0.5249905425443544 -0.5193604941293275 -0.5138824506520656 -0.5085548188565542 -0.5063748049308681 -0.5016867839824631 -0.4971438238138006 -0.49615883104771685 -0.49232858218792397 -0.48764967168035384 -0.48613178322467204 -0.4838089290294218 -0.4788976800841269 -0.4760798178261396 -0.4770497288696359 -0.47652549609351963 -0.4771564262317834 -0.4796596729639204 -0.48464562468939304 -0.4866223986646312 -0.48656661070543744 -0.4885676443737202 -0.49475510834394104 -0.4981478358304429 -0.4983509867974797 -0.4986138824296745 -0.5031569276593645 -0.5091174190337977 -0.5119898798155458 -0.5120617133335772 -0.5121809484131173 -0.5169981959606169 -0.5238405830802229 -0.5273643629698518 -0.5285336527271665 -0.527454997124422 -0.5290333839387554 -0.5367313504148232 -0.5425352902109141 -0.5452978069967518 -0.5454184199102383 -0.5442610800874925 -0.5453665984003204 -0.5520947429177224 -0.5588729881622507 -0.5626363316821312 -0.5638840389538419 -0.5633999312621238 -0.5612821567503179 -0.5599950945655165 -0.5600771492558825 -0.5606427615549046 -0.5614184961498487 -0.5622913874246908 -0.5632095616984454 -0.5641434660023794 -0.566006767431791 -0.5742469697070356 -0.5856638218097332 -0.5931608748171417 -0.5986387552643595 -0.6028551371728256 -0.6075645924140827 -0.6109259813703958 -0.6134584718791533 -0.6141969963334442 -0.6154086212308931 -0.6169493043104095 -0.6182564049005619 -0.6189461061796244 -0.6193287098808098 -0.6204013816256388 -0.6214416079870992 -0.6231516380296318 -0.6241346178737641 -0.6248875376052114 -0.6253850890487092 -0.6257238598394185 -0.6265047394531802 -0.6265184851953307 -0.6272134737337871 -0.627251512997691 
# Stellar luminosity-weighted [N/O]:
0 0.0 0.0 -1.5447271874036765 -1.8855116992862788 -1.7648255180727501 -1.3922074270722025 -0.9516871940968399 -0.5664203478485608 -0.2419277067261394 0.03518961764177875 0.2679699322705038 0.4467516242460037 0.5729032170165603 0.6552482082840556 0.7070653109573045 0.7413688459358112 0.7713869994954453 0.8042630373578323 0.8374759589469307 0.8644159595630008 0.8778501230026307 0.8801077865894056 0.8743098592178252 0.8643815332736927 0.8501239654771547 0.8262779400474748 0.7886473379033041 0.7389432266600059 0.6780267604046761 0.605727267412722 0.5197701012872757 0.4164710334092637 0.28707933996558765 0.11787104671664927 -0.0950218099772886 -0.3252129468266647 -0.5547135748078509 -0.7622418163406441 -0.9313842770019274 -1.0655930958758844 -1.1326809837536396 -1.1766874452419853 -1.2202962324218372 -1.2513613555173815 -1.2190651250510878 -1.2265765831638569 -1.2358628043131104 -1.248719079074994 -1.2524439943371122 -1.2608211105557428 -1.2678858465766263 -1.2729694395441968 -1.270141856403955 -1.2629168537801396 -1.2531627816937476 -1.2470256807874285 -1.2446817807682051 -1.2296256549947273 -1.2145464483694735 -1.2126569180749995 -1.2072376769405269 -1.1952882646802219 -1.1852371188048796 -1.1745108017833665 -1.1617410702470226 -1.168680019638399 -1.1727576013775654 -1.1716309576445108 -1.1611523365907366 -1.1627187887710186 -1.1481286121003316 -1.126794976769757 -1.1107678333125917 -1.161750901207017 -1.1826651498378782 -1.1818433686197656 -1.1545088233683978 -1.1463595425686388 -1.1480698019132691 -1.153134034934689 -1.1578625173584953 -1.1879270059488505 -1.2149787170078907 -1.1181536169702517 -1.1170624537940952 -1.114837285215319 -1.1232948557235511 -1.1344257570576088 -1.1446275660265468 -1.135340735452659 -1.1382132194971804 -1.1275793227152437 -1.1165499286085832 -1.1432478500826493 -1.1454696825043404 -1.1491659590020413 -1.1497033115695028 -1.1447117011494652 -1.1464514863467525 -1.1544026771516598 -0.8235963214559754 -0.6159976792683477 -0.5235618841900709 -0.4656165195880315 -0.42359594163785785 -0.3907063767517094 -0.36371197863347127 -0.3408649833794104 -0.3036450499145593 -0.19514931950220826 -0.09912877717113733 -0.050371753160084465 -0.018907307107136617 0.003401535462191463 0.026870069730373758 0.042617882387009476 0.05419006279556704 0.057557251306789015 0.06281340513268552 0.06940294236009181 0.07503924531086614 0.0780883351642555 0.07967277111316906 0.08417498004742474 0.08835954780019395 0.09517067059875661 0.09904986015436779 0.10203339914032294 0.10414774957357087 0.1054222312345684 0.10850985813536884 0.10860028892502427 0.11138118217449366 0.11151834244716019 
# Stellar luminosity-weighted [C/O]:
0 0.0 0.0 -1.1795314662874627 -1.2839753164309031 -1.1610382082983322 -0.9494581170886294 -0.8515436088169865 -0.770021401147964 -0.6115370818650648 -0.4365887296129264 -0.2673336499640653 -0.11857591080888524 -0.0013449881007868147 0.08150771426209619 0.13583714102424116 0.1701458378618 0.1932035433276483 0.21135514308462663 0.2266140882220925 0.24065647507313803 0.2546179062337392 0.26889397376433766 0.2824000555534454 0.2954294609971766 0.3104044282866614 0.3345279476132873 0.36961646808235765 0.4097650939780778 0.45039314186051227 0.488462381196629 0.5227736079210292 0.5542345549312848 0.5825346077812537 0.6082544628053216 0.6349840195804475 0.6633531921706405 0.692433480294796 0.7212942849103444 0.7489560205308132 0.7737081034527357 0.7953934367447225 0.8157689576046916 0.8355915317457641 0.8536704664035697 0.870595266807607 0.8864017711719789 0.9006169306690279 0.9150221846401306 0.9281629819932671 0.9393144001413996 0.9508409979338182 0.9595672276303975 0.9680716555659524 0.9735207286222298 0.979431179476271 0.9849125436772633 0.9858460739616686 0.990287876676916 0.9947621223882606 0.9958321503289898 0.9997060033832218 1.0043140695996353 1.0058757585715814 1.0081119367415683 1.0128754737088603 1.0159291319441723 1.0154028376108295 1.015138204845087 1.0146784294159428 1.0123129612393755 1.0070499807004407 1.0049410517469737 1.0049425130884928 1.0029811550677667 0.9972148341784045 0.9937608310971527 0.9935235173963466 0.9932546560424239 0.9888789077561277 0.9828947913419299 0.9799842071375109 0.9801671872576755 0.979927614097408 0.9748551613552507 0.9683901025891691 0.965532489727276 0.963770373648544 0.9644585929182226 0.9627958013716613 0.9556743924586404 0.9501606636652763 0.9473137674699673 0.9470824409859032 0.9479928072498313 0.9468728467126356 0.9404493826785528 0.933926052277682 0.9297068238458028 0.9282096760936576 0.9290313707630685 0.9313456463794596 0.9328981112935851 0.9329897904610955 0.9325542763523189 0.9318842866761051 0.9311014038561696 0.9302621930744203 0.929398901409354 0.9276585767672303 0.9198377196107057 0.9088729360758399 0.9016342834674995 0.8963328089253322 0.8922470094821005 0.8876792670106148 0.8844160392457011 0.8819558563516781 0.8812381402308636 0.8800606167231722 0.8785632357342409 0.8772919859843483 0.8766206711168025 0.8762485097930088 0.8752047237408075 0.8741919687275826 0.8725274710048238 0.8715700699402001 0.8708360685405693 0.8703500416485013 0.8700217166566054 0.8692627544333245 0.869249154398699 0.8685737033164216 0.8685372639157409 
# Stellar luminosity-weighted [O/Fe]:
0 -2.220446049250313e-16 -2.220446049250313e-16 1.1285697682585139 1.217102375944143 1.0830406130802492 0.8612686158060399 0.7575032288279606 0.2745291524992195 -0.34064495505582537 -0.7052677050741909 -0.9682183784200152 -1.1638948894191086 -1.3030705397189755 -1.394183479819488 -1.4486799247643782 -1.4783734872288008 -1.493160464869149 -1.5000580258552374 -1.502732474666464 -1.5035464006616446 -1.5036665137909317 -1.5039671668228418 -1.504070089973709 -1.5042785377452832 -1.5044952118725377 -1.5046496299099157 -1.5047022260988347 -1.5046553586536513 -1.5046425499056943 -1.50464156178408 -1.5043392939529598 -1.5042113549992724 -1.5040724814708244 -1.503933204120382 -1.5036698684741718 -1.5032369576509632 -1.5027518922739955 -1.5019867640215714 -1.5013070563975857 -1.5006112188062688 -1.5000144019154666 -1.4990373574601814 -1.4984438829838336 -1.497667539581374 -1.497189305116012 -1.496543530972332 -1.4959935101428006 -1.4953914531080401 -1.4950046770678778 -1.4944016233583812 -1.49372668334339 -1.4933215368315826 -1.4930621981103067 -1.4928812227515573 -1.4933136301283367 -1.4934673625338175 -1.4922208788925366 -1.4919746606593791 -1.4919059462020612 -1.4919909813767065 -1.4920345855711457 -1.491963741279989 -1.4920075417962533 -1.49192086577099 -1.4917731537929875 -1.4920089497703117 -1.4924525664804658 -1.4916637009386065 -1.4918348556477263 -1.491972634203296 -1.4916956053898336 -1.4915634504116047 -1.4915091237939302 -1.491548799441487 -1.4919699425223456 -1.4919086669275958 -1.4918745041938262 -1.4918685384720984 -1.4920358354154923 -1.4920122103757274 -1.4919740869530567 -1.4922289005912526 -1.4921085625105253 -1.4918533573158677 -1.4922306856693919 -1.4928968526971278 -1.4923040263757106 -1.4919135900426443 -1.4918291853104166 -1.4924057428734634 -1.4926959538761904 -1.4926115744667192 -1.4925008608961416 -1.492253887337324 -1.4922394451129561 -1.4925441255962753 -1.4927990404399327 -1.4923431555279338 -1.4920937150474995 -1.4924313020251923 -1.4926278031297775 -1.4928932058591016 -1.4930669397169782 -1.4931970379072235 -1.4933027828259537 -1.4933927912808604 -1.4934717547728655 -1.4935423674117334 -1.4936653441990213 -1.494084689317741 -1.494536757885573 -1.4947951582846413 -1.4949715641896917 -1.4951021466549261 -1.4952438594246977 -1.4953420206160968 -1.4954143282308316 -1.495435136564308 -1.4954692379540653 -1.4955125400446505 -1.49554839088491 -1.495566777296427 -1.4955772196738186 -1.4956061053664462 -1.495633576714682 -1.4956791090344554 -1.4957046878139644 -1.4957236061457808 -1.4957351306972102 -1.495745576496024 -1.4957674938865047 -1.4957676395940296 -1.4957871770502087 -1.495788776913432 
# Stellar luminosity-weighted [Ca/Fe]:
0 0.0 0.0 0.6564066015528702 0.7323270317375898 0.622309531770407 0.45553828321971723 0.3844318552098388 0.09759657770644314 -0.09005665178065181 -0.13519082229072144 -0.15197887697841916 -0.15953029506693905 -0.16323305200993765 -0.16560585167730268 -0.1669808008998248 -0.1661841800830124 -0.16634057040708505 -0.16657920572068274 -0.1667798759988932 -0.16691225860706815 -0.16697193583501835 -0.166980461195813 -0.16703764447846225 -0.16705754499947179 -0.16707413715346675 -0.16692523352155364 -0.16677849897250874 -0.16717698362868405 -0.16720178458087998 -0.167139501480146 -0.1670798020929014 -0.16701837429642818 -0.16714772172489156 -0.16715769179178386 -0.1671185263797368 -0.16702318360560398 -0.16670605781942704 -0.16539400123624093 -0.1651183507478744 -0.16817128216787247 -0.16824390653923116 -0.1678828315450427 -0.16749005685069895 -0.16758769668197626 -0.16720453685322423 -0.16709547591437057 -0.16700953225194648 -0.16719984691370304 -0.1671449464634931 -0.16713056956472383 -0.16716936926653725 -0.1671402387005556 -0.16709517377847627 -0.16711972511803208 -0.16713952235330276 -0.16710973500837079 -0.16709623800068174 -0.1671256709557849 -0.1670745997485963 -0.16707380968486274 -0.16715684513784734 -0.16706407393284928 -0.16680638690718963 -0.16654510373050524 -0.16662401987108444 -0.16700427036807874 -0.16741053705793285 -0.16732609439560475 -0.16715969273028985 -0.16722335524915044 -0.16770783498441677 -0.16786832558483544 -0.1667684019182587 -0.16660471009002475 -0.16676343006159455 -0.1668761457606316 -0.16694706815685412 -0.16698548036955208 -0.1670499654652451 -0.1670512606116228 -0.16705057905474385 -0.167065005109035 -0.16691795608967364 -0.16634031667562543 -0.16637021901020832 -0.16754254804667856 -0.1676196868625448 -0.1675092999583001 -0.1672672293323858 -0.1673224392803565 -0.16273428543056756 -0.17063331908356227 -0.1676117137021913 -0.16717349585458274 -0.16706008638760528 -0.16705421611258253 -0.16706735641939208 -0.16720515506121503 -0.1669581092174417 -0.16700262011711664 -0.1670298801129093 -0.1670501223243881 -0.1670557587939958 -0.16705707154940286 -0.16705689424540981 -0.1670561076233994 -0.16705515756883704 -0.16705414848042044 -0.16705219077878386 -0.1670459139475835 -0.16704055336851953 -0.16703758859410245 -0.16703547195395108 -0.16703410331717294 -0.16703298751099993 -0.16703223967553105 -0.16703169488164082 -0.16703165654125485 -0.1670313726711361 -0.16703111815600713 -0.16703091338419518 -0.16703065395688066 -0.16703068832409906 -0.16703055718010096 -0.16703043006851925 -0.1670301644099328 -0.16703034818218443 -0.16703035547948164 -0.16703026552409939 -0.16703021350451586 -0.16702988973765676 -0.1670297020761078 -0.1670294045165872 -0.16702914103770516 
# Stellar luminosity-weighted [Ne/Fe]:
0 -1.6653345369377348e-16 -5.551115123125783e-17 0.913029844818456 0.9985385418017227 0.8895431432120697 0.7167934547874344 0.6213112071446973 0.1392541762904308 -0.49164339853391953 -0.8870382470927431 -1.2023171181712877 -1.4772594871525673 -1.7212549432470816 -1.9306473214111042 -2.0968257642189982 -2.2195179207556723 -2.305698696459019 -2.3614708367569213 -2.392227541491165 -2.4100733888248644 -2.416907215491033 -2.4193321647185995 -2.420449444836705 -2.4206164068189735 -2.4205401834531153 -2.4202493231157156 -2.4200482737392517 -2.419986126959295 -2.4202414537000507 -2.41835269559121 -2.4164981626012185 -2.4159268684760735 -2.414797234685192 -2.415727182980476 -2.4097984415215663 -2.4072708310947633 -2.4032025943835293 -2.396785662449735 -2.388243558103521 -2.3819974747408903 -2.3702592461077856 -2.3646071403730295 -2.3631211993635453 -2.3584517291974936 -2.354331616306304 -2.3525010840823364 -2.336379367934724 -2.3315475391144904 -2.3242975723969117 -2.3216932626713893 -2.3164622098935936 -2.314795013911927 -2.310435527895519 -2.310761010851423 -2.3099438990422474 -2.3037606143905025 -2.2980496685545786 -2.300709276000754 -2.297969922916433 -2.2985083909554707 -2.2951251534367945 -2.2937050716498266 -2.2923679818204477 -2.2943276596648134 -2.2886355089924675 -2.2904951693033686 -2.290286265403797 -2.288908541704232 -2.288655749981835 -2.291335096814269 -2.292685115965868 -2.2965775187765702 -2.2978102651074 -2.3014330624442803 -2.3062861395754335 -2.3054954499610134 -2.304708210508543 -2.310413946393336 -2.3146418111424447 -2.312563282902639 -2.3109405212243965 -2.3186762598214403 -2.3204841843858364 -2.3235431141447136 -2.323409265665723 -2.329903812644183 -2.325676253250635 -2.337320389688661 -2.3388259235265236 -2.3405226568693043 -2.3408462829962424 -2.343016743461069 -2.3440074078234034 -2.346604397106823 -2.348246487621474 -2.3528564589020546 -2.3579275417759096 -2.36564709811202 -2.349264856535103 -2.3463445619953394 -2.345421378893204 -2.3431348461669224 -2.3414252608870516 -2.3401978106420924 -2.339292388664095 -2.3386070847541838 -2.3380785124368115 -2.337664903295029 -2.337079864970924 -2.3362450904933287 -2.3368960108847454 -2.3377834805517566 -2.338553959868871 -2.3391878388187473 -2.339924235833511 -2.3404596788439784 -2.340870288266731 -2.34099605143018 -2.3411933459039442 -2.341449405554207 -2.3416690469443306 -2.3417789730698804 -2.341847076039174 -2.3420208002882354 -2.3421867276016473 -2.3424861526318876 -2.34263763722198 -2.342762684967822 -2.3428506642696254 -2.342900982979484 -2.343052142262356 -2.343051031152585 -2.3431936221052743 -2.3431952941938476 
# Stellar luminosity-weighted [Si/Fe]:
0 1.0408340855860843e-16 1.0408340855860843e-16 0.9712516973176951 1.057831613148232 0.9426638027099163 0.7651969848865087 0.6877835941479945 0.3009609529789402 -0.04122283479345064 -0.14927376612861065 -0.19423227868604132 -0.21554799717701031 -0.22627017524437443 -0.2317819243477455 -0.2346149499059121 -0.23603517347070305 -0.2367237179490884 -0.23706184842541028 -0.23720607262506488 -0.23725255762810096 -0.23728493727057956 -0.23729096238417743 -0.2372938746142205 -0.23730565364730657 -0.23731213684680244 -0.23731638650829598 -0.23731586611118044 -0.23730411549366534 -0.23729224292140003 -0.2373044447535945 -0.23732162324626416 -0.2373315732177918 -0.23731890438086053 -0.23731012365922727 -0.23731434788365696 -0.23730041251496248 -0.23729039036426858 -0.23728822935125032 -0.23730670855820665 -0.23730033928619815 -0.23730689378552194 -0.23726149177741643 -0.2372570083949648 -0.23722927843729735 -0.23724913181027207 -0.23733330169581665 -0.23723418346676967 -0.23720396233025126 -0.2372337548309479 -0.2372360576715198 -0.23721881477261506 -0.23720575078246303 -0.2372311731536319 -0.23722642388264956 -0.23734765851222758 -0.23739682071989085 -0.23720067061216266 -0.23720208873264334 -0.23732435852009476 -0.237399158102039 -0.2371600208435464 -0.23715251111964186 -0.23729267021168607 -0.23727263471220872 -0.23722434163511008 -0.23720389210529083 -0.2373528402366103 -0.2373516822899444 -0.23742149380130115 -0.23745543439203412 -0.23726121745105228 -0.23723059225021992 -0.2372711509458662 -0.23728045048906857 -0.23734514953779556 -0.23734075115706482 -0.23733928465854115 -0.2372744572164808 -0.23730049133498315 -0.23733279026094667 -0.23733468145297656 -0.23730934947703092 -0.2371441039084382 -0.2370648797911648 -0.23746027192087177 -0.2374138052243553 -0.23737429209126204 -0.23739582903054893 -0.23736633729444215 -0.23746517214606708 -0.23753936617703528 -0.23733587847451318 -0.23727167920300885 -0.23723045761807454 -0.23728599681575915 -0.23730486581535384 -0.23733930407978107 -0.2373733561283026 -0.2373611577606885 -0.2373438283768522 -0.23733861811340926 -0.23733059794121975 -0.23732552423177317 -0.23732198306242008 -0.2373192860885247 -0.23731711094715538 -0.23731528160771614 -0.23731370466089977 -0.2373110831429574 -0.23730303939434885 -0.23729555508122424 -0.2372916530279435 -0.23728911712664533 -0.23728727583394119 -0.23728530081882618 -0.23728391754710398 -0.23728290661319223 -0.23728263161105348 -0.23728214804459818 -0.2372815554558418 -0.23728106015738168 -0.2372807821419478 -0.2372806491005944 -0.2372802148270399 -0.23727976073238552 -0.23727914559152896 -0.23727868070589628 -0.23727836605750027 -0.2372781974075806 -0.23727806687154002 -0.2372779067483209 -0.2372778989933005 -0.23727780394737236 -0.2372777916981503 
# Stellar luminosity-weighted [S/Fe]:
0 -5.551115123125783e-17 0.0 0.8904884138119302 0.9753416635992 0.8659735996420129 0.6996510084129399 0.6253841325988747 0.25002328812163643 -0.0713353875334981 -0.16907424564838702 -0.20905994696551056 -0.22786872513823364 -0.23731695751968918 -0.24216678576346595 -0.24462345486069814 -0.245877063172247 -0.24651158018795505 -0.24681762749978298 -0.24695012305623665 -0.2470265995766664 -0.24706332738983328 -0.24707157662051782 -0.2470671840325822 -0.2470719875206211 -0.2470644081722032 -0.24710376976724757 -0.24713378873986303 -0.24703341399262502 -0.24702197067649345 -0.24706050922554812 -0.2470619726158304 -0.2470736125816646 -0.24706832428653547 -0.24705067051947327 -0.24705269252427187 -0.24707776542217685 -0.24708533815418465 -0.24709241572682417 -0.24709053201018372 -0.24708664020352877 -0.24713021536916113 -0.2471276191439007 -0.24702114022606791 -0.24707054096880654 -0.24697211021738363 -0.2470211035698915 -0.24706489819860245 -0.2470744946526 -0.24704964599648305 -0.24706541718120334 -0.24706589978225835 -0.24711415265203795 -0.24705006503313287 -0.24702179944699598 -0.2471460973498003 -0.24717408730198231 -0.24700290912886924 -0.24714925707631297 -0.24731128528034896 -0.24694415911966472 -0.2472011999252537 -0.24745755855835472 -0.2469094826117898 -0.24672959384797322 -0.24668141140782063 -0.24688543002161967 -0.2470476697801508 -0.24711920170407697 -0.2471723349496987 -0.24724363100752011 -0.24714583817269375 -0.24701242970715387 -0.24700912862983793 -0.24699120920893902 -0.24702467148376295 -0.24704354978649268 -0.24707967688857646 -0.24704033294404137 -0.2470432581366595 -0.24704334009049356 -0.24707713895671624 -0.24705909193446518 -0.24690516601393397 -0.24682056667400576 -0.24717138473631328 -0.24721997438226284 -0.24724813769061282 -0.24705450923139227 -0.24685963748582684 -0.2472183846728745 -0.24703272966655376 -0.2468685390867198 -0.24705577261249434 -0.24716029857059563 -0.24712204887566225 -0.2469057055289995 -0.24702149878811752 -0.2472049593061867 -0.24722698177510427 -0.24715652979960678 -0.24713517028573606 -0.24710843882793831 -0.24709443445685508 -0.2470860815556274 -0.24708055012665697 -0.24707661033470385 -0.247073649201919 -0.2470713361831135 -0.24706794143514021 -0.2470602155964906 -0.24705512327542778 -0.2470527701087144 -0.2470513038146961 -0.24705022793934306 -0.2470490735472224 -0.2470482508264924 -0.24704763395897245 -0.24704748132334975 -0.24704717300395285 -0.24704681931748373 -0.2470465137189125 -0.24704633844026447 -0.24704625912753364 -0.2470459877254535 -0.24704570112622914 -0.2470453238813788 -0.24704504349466927 -0.24704484241079216 -0.2470446965000458 -0.24704463503198837 -0.24704453842983665 -0.24704451886118006 -0.2470444493195998 -0.24704444736749864 
# Stellar luminosity-weighted [C/H]:
0 -4.8402738161993035 -6.3273196806454735 -6.15704940963634 -4.363885457603078 -3.5798533546842872 -3.1757556748284363 -2.960947074360452 -2.7967642465150977 -2.5571021362514843 -2.2946687451564696 -2.019062300148571 -1.7325435255306445 -1.4375723224754813 -1.1369223683423204 -0.8342406261839024 -0.5367707345793358 -0.256809355406892 -0.012515674552636913 0.17739266984823576 0.3067791516245517 0.3860882660327496 0.43245242395819616 0.4601885952198872 0.4779861083537371 0.4934195499294236 0.5165482128329546 0.5506243525855683 0.5895015287215526 0.6287831447774663 0.6655789661645968 0.6990525838567434 0.7296023079839125 0.7568976141056445 0.7813747203215766 0.8076306735383643 0.8374798982272673 0.8687182756766374 0.8993865544745412 0.9293970425300024 0.9572658694681055 0.9810055744966282 1.0045635832491535 1.026588667841327 1.0470611219761654 1.066237928474727 1.0840652033203906 1.1006375330074167 1.1167945142786233 1.1319055449386486 1.1448469797320553 1.157859636745839 1.1696236476576636 1.1789021930261887 1.186553947639779 1.1928345613545122 1.198367692115069 1.2038566095632635 1.2086307907476161 1.2130437388608533 1.2179717484876784 1.2222629957431064 1.2263889062157447 1.2307476945600477 1.2346033344084075 1.2382110128804147 1.241483594320942 1.2441298449581435 1.2442390679278903 1.2408734373241743 1.2383881379393333 1.2360519979900104 1.2329802723419907 1.2291706234538613 1.2260882077181883 1.2237996181137945 1.220759080826285 1.2172069709201265 1.213783494863363 1.2106949321687708 1.2078690154494582 1.2044105303886834 1.200493300805722 1.1967667222177694 1.1937674024404292 1.1910956236188883 1.1878773420100717 1.183750454021122 1.1797291781689387 1.176320385229653 1.1740010800539333 1.1713982547054238 1.1680309614350182 1.164373424332915 1.1605825572242168 1.1570627186323863 1.154705327797811 1.1524965084365277 1.1496372073246262 1.1460562460488042 1.142040856808761 1.140213056139327 1.1359154661409243 1.1319861779031686 1.1284535237263542 1.125222228009286 1.1222322652435892 1.1194394871033273 1.1168153689231515 1.11198193287761 1.0933312151223538 1.0699736479506599 1.0550729813194515 1.0443368203356647 1.0361014956399002 1.0269617088360512 1.0203876573331883 1.0154561389691898 1.0140875524535193 1.0116642515596395 1.0086923890254145 1.0061263935695397 1.0047568257738142 1.004010296515077 1.0018795434723367 0.9996213469550361 0.9962827327819972 0.9941109456838406 0.9924730887287652 0.9914202185731411 0.9909371612492364 0.989704606621749 0.9897255045640003 0.9887680652490127 0.9887225582208852 
# Stellar luminosity-weighted [N/H]:
0 -4.8402738161993035 -6.327319680645475 -6.5222451307525535 -4.965421840458452 -4.183640664458705 -3.6185049848120086 -3.061090659640305 -2.5931631932156947 -2.1874927611125585 -1.822890397901764 -1.483758717914002 -1.1672159904757562 -0.8633241173581343 -0.5631818743203612 -0.2630124562508387 0.034452273494674834 0.3213741007609041 0.5803922197205686 0.7882545405730736 0.9305386361144143 1.009320482801641 1.043666236783264 1.052098398884267 1.0469381806302533 1.0331390871199173 1.0082982052671419 0.9696552224065149 0.9186796614034805 0.8564167633216302 0.7828438523806893 0.6960490772229901 0.5918387864618913 0.4614423462899788 0.29099130423290465 0.07762484398062774 -0.15108624077003796 -0.3784287794260095 -0.5841495467764473 -0.7509432550027384 -0.8820353298605141 -0.9470688460017342 -0.9878928195975236 -1.029299096326274 -1.0579706999447849 -1.0234224633839677 -1.0289131510154448 -1.035842201974722 -1.0469467494365006 -1.0487014313917298 -1.055288530965087 -1.0608672077646055 -1.0629130195169303 -1.0593113189437178 -1.0498836347625904 -1.039759399815507 -1.0335705323496232 -1.02667124516661 -1.0112827409240275 -0.9962648318968812 -0.9905173199163109 -0.984680684580642 -0.9732134280641125 -0.960365182816413 -0.9480194041165264 -0.9364055310754678 -0.943125557261629 -0.9440305940302514 -0.9425300945617074 -0.934957328682505 -0.9366436120710606 -0.9191265948107619 -0.898755756174741 -0.8865397229472229 -0.9386438485565956 -0.9560803659024879 -0.9548451188906331 -0.9308253698446185 -0.9258307037476996 -0.9262537775006265 -0.9281598108271609 -0.9334361941073235 -0.9676008924008039 -0.998139608887529 -0.8992413758850732 -0.8943569327643761 -0.8924924329325234 -0.9033147753509736 -0.9191551718068931 -0.9311029821685555 -0.917014047857367 -0.9169756284570321 -0.906862128750193 -0.8992589452615709 -0.9306581001082641 -0.9352798105845901 -0.9349100138827824 -0.9311328554106568 -0.9247813176706421 -0.9286049163916061 -0.9413931911059681 -0.6147289116961083 -0.4129803244210084 -0.32456549674799806 -0.2697172722139962 -0.23025800030467725 -0.1995755153642902 -0.17453468460456367 -0.15344851586561248 -0.11932169380417967 -0.021655823990560208 0.06197193470368312 0.10306694469186706 0.12909670430319586 0.14725602161999163 0.16615251155581046 0.17858950047449706 0.18769034541307894 0.19040666352944458 0.1944170399691525 0.19953209565126606 0.2038736528960574 0.20622448982126773 0.2074345578352368 0.21084979977895335 0.21378892602764799 0.21892593237593028 0.22159073589800826 0.22367041932851928 0.22521792649821082 0.22633767582719955 0.22895171032379302 0.2290766390903256 0.23157554410708459 0.2317036367523051 
# Stellar luminosity-weighted [O/H]:
0 -4.8402738161993035 -6.327319680645475 -4.977517943348877 -3.0799101411721734 -2.4188151463859553 -2.226297557739806 -2.1094034655434655 -2.026742845367134 -1.9455650543864191 -1.8580800155435435 -1.7517286501845053 -1.6139676147217594 -1.4362273343746947 -1.2184300826044172 -0.9700777672081431 -0.7069165724411359 -0.45001289873454065 -0.22387081763726346 -0.04922141837385707 0.06612267655141357 0.13147035979901034 0.16355845019385873 0.1777885396664418 0.18255664735656074 0.18301512164276224 0.1820202652196672 0.18100788450321081 0.17973643474347467 0.17839000291695362 0.17711658496796767 0.1762789759357144 0.17536775305262742 0.1743630063243904 0.17312025751625537 0.17264665395791656 0.17412670605662672 0.17628479538184116 0.17809226956419666 0.1804410219991892 0.18355776601537022 0.18561213775190533 0.1887946256444617 0.19099713609556312 0.19339065557259572 0.19564266166712008 0.1976634321484121 0.2000206023383888 0.201772329638493 0.2037425629453815 0.2055325795906553 0.20701863881202076 0.2100564200272661 0.2108305374602364 0.21303321901754924 0.21340338187824104 0.21345514843780533 0.21801053560159467 0.21834291407069983 0.2182816164725927 0.22213959815868867 0.2225569923598849 0.22207483661610938 0.2248719359884661 0.22649139766683968 0.22533553917155436 0.22555446237676957 0.22872700734731355 0.22910086308280375 0.22619500790823155 0.22607517669995758 0.2290020172895697 0.2280392205950168 0.22422811036536894 0.22310705265042108 0.22658478393538983 0.22699824972913207 0.22368345352378016 0.2205288388209392 0.22181602441264303 0.2249742241075281 0.2244263232511723 0.22032611354804654 0.21683910812036178 0.21891224108517804 0.22270552102971886 0.22234485228279555 0.21998008037257755 0.21527058525071663 0.21352458385799133 0.21832668759529295 0.22123759104014784 0.22071719396505074 0.21729098334701158 0.21258974997438562 0.2101898719197508 0.2142559451192585 0.21857045615884552 0.21993038347882354 0.2178465699551464 0.21300948604569214 0.20886740975986706 0.20301735484733907 0.19899638744207282 0.1958992473740353 0.19333794133318083 0.19113086138741942 0.18917729402890693 0.18741646751379726 0.18432335611037942 0.17349349551164783 0.16110071187482022 0.1534386978519522 0.14800401141033293 0.1438544861577995 0.1392824418254368 0.13597161808748748 0.1335002826175118 0.13284941222265578 0.1316036348364671 0.13012915329117414 0.12883440758519127 0.1281361546570121 0.12776178672206795 0.12667481973152928 0.1254293782274538 0.12375526177717333 0.12254087574364059 0.12163702018819622 0.12107017692463984 0.12091544459263126 0.12044185218842474 0.12047635016530123 0.1201943619325907 0.12018529430514446 
# Stellar luminosity-weighted [Mg/H]:
0 -4.8402738161993035 -6.3273196806454735 -5.185936659831567 -3.2917421347923366 -2.6148574834135454 -2.386403815746089 -2.2518770643994985 -2.160375364079451 -2.0745705347797934 -1.9854889242405331 -1.8803868365424208 -1.7469037629104385 -1.5761467458924656 -1.3666379592487239 -1.1258044655525135 -0.8669591464586874 -0.6109900860154873 -0.3836324224499297 -0.20608510096647503 -0.08734052643423684 -0.019691721320004518 0.013753460619162716 0.028593937410299475 0.03382406086556511 0.03190627761646425 0.029638410438074914 0.03545405233664933 0.035663991131064776 0.0355235863941612 0.035266971827488725 0.03432090668810428 0.03425109743769905 0.035117672114134635 0.036534032073679334 0.03911201547842591 0.04505237805885809 0.055845175489290355 0.06769592915914746 0.08011455671671808 0.09291050043595028 0.10452589362289988 0.1166073234606948 0.12797239616296885 0.1379853382788534 0.14811110141177863 0.15822626591643374 0.16736955474182924 0.17693055255633272 0.18621389185286663 0.1912709353874682 0.1980277795188261 0.2045371612880036 0.20663857245250927 0.20598369272938388 0.20254200098510466 0.1982836174582916 0.1989839020956481 0.19516623949857514 0.18684754822375726 0.18482223828067745 0.1787667578777299 0.17252939986607974 0.17479361924193615 0.17233729797317832 0.16953001382276778 0.16653454024757508 0.15371302125540964 0.15020294799494138 0.14421734622890536 0.14060150167063945 0.14189001536870638 0.14007847525948947 0.13300285054617866 0.1287956018143861 0.12928492536977654 0.1267971964268586 0.12168514586112167 0.11646089703910345 0.11392861303381974 0.11344656358560812 0.1095700285765604 0.10328564486769753 0.09677995085553892 0.09084446671920254 0.08983616745792755 0.10011473286362982 0.0950898315166615 0.07923432048663503 0.07441891812726897 0.07631517051439651 0.07629085713697492 0.07260788495791548 0.06665113664577316 0.06682165911519711 0.06687977516749033 0.05070145033467277 0.050834235304061615 0.04955944299816295 0.04923731952180521 0.04415993876702018 0.053037627680684984 0.06061544267243235 0.06389376384606926 0.06562323964185879 0.06660469687981685 0.06715927700575097 0.0674454376080389 0.0675506959792207 0.0674165488715408 0.06435430839982015 0.05730309673934464 0.051657048764040425 0.047251221434894575 0.043725377199645976 0.03972466702581556 0.036747557531216835 0.03447919852282055 0.033875088570339607 0.032716143875840764 0.03134047500835635 0.030110162968025378 0.02945724240476366 0.02908800497339392 0.028065394539245503 0.026880170372364454 0.025252072992350882 0.024116828615657226 0.023231437820057543 0.02261873870081299 0.022522396659603316 0.022031677586338283 0.022062179579384278 0.021731832746850088 0.021745605835179482 
# Stellar luminosity-weighted [Fe/H]:
0 -4.8402738161993035 -6.3273196806454735 -6.10608771160739 -4.2970125171163165 -3.5018557594662045 -3.087566173545847 -2.8669066943714263 -2.301271997866354 -1.6049200993305934 -1.1528123104693524 -0.7835102717644906 -0.4500727253026504 -0.1331567946557195 0.17575339721507177 0.47860215755623514 0.7714569147876644 1.0431475661346084 1.2761872082179742 1.4535110562926072 1.5696690772130584 1.6351368735899419 1.6675256170167008 1.6818586296401508 1.6868351851018435 1.6875103335152999 1.686669895129583 1.6857101106020456 1.684391793397126 1.6830325528226484 1.6817581467520473 1.680618269888674 1.6795791080518998 1.6784354877952152 1.6770534616366373 1.6763165224320882 1.6773636637075895 1.6790366876558367 1.680079033585768 1.681748078396775 1.684168984821639 1.6856265396673722 1.6878319831046427 1.6894410190793963 1.6910581951539703 1.6928319667831317 1.694206963120744 1.6960141124811892 1.6971637827465331 1.6987472400132595 1.6999342029490365 1.7007453221554107 1.7033779568588483 1.7038927355705433 1.7059144417691061 1.7067170120065778 1.7069225109716228 1.7102314144941317 1.7103175747300794 1.7101875626746539 1.7141305795353952 1.7145915779310306 1.714038577896098 1.7168794777847198 1.7184122634378296 1.7171086929645418 1.7175634121470815 1.7211795738277793 1.72076456402141 1.7180298635559579 1.7180478109032538 1.7206976226794035 1.719602671006622 1.715737234159299 1.7146558520919086 1.7185547264577354 1.7189069166567275 1.715557957717606 1.7123973772930374 1.7138518598281354 1.7169864344832555 1.716400410204229 1.7125550141392991 1.708947670630887 1.710765598401046 1.714936206699111 1.7152417049799236 1.7122841067482883 1.707184175293361 1.7053537691684082 1.7107324304687563 1.7139335449163382 1.71332876843177 1.7097918442431532 1.7048436373117095 1.7024293170327067 1.7068000707155337 1.7113694965987785 1.7122735390067572 1.7099402850026464 1.7054407880708844 1.701495212889645 1.6959105607064409 1.692063327159051 1.6890962852812588 1.686640724159135 1.6845236526682799 1.6826490488017725 1.6809588349255309 1.6779887003094007 1.667578184829389 1.6556374697603933 1.6482338561365935 1.6429755756000244 1.6389566328127256 1.6345263012501343 1.6313136387035838 1.6289146108483434 1.6282845487869633 1.6270728727905324 1.6256416933358242 1.6243827984701014 1.623702931953439 1.623339006395887 1.6222809250979755 1.6210629549421358 1.619434370811629 1.618245563557605 1.6173606263339768 1.6168053076218505 1.616661021088655 1.6162093460749292 1.6162439897593308 1.6159815389827994 1.6159740712185764 
# Stellar luminosity-weighted [Ca/H]:
0 -4.840273816199305 -6.3273196806454735 -5.44968111005452 -3.564685485378728 -2.8795462276957977 -2.63202789032613 -2.4824748391615863 -2.203675420159911 -1.6949767511112448 -1.2880031327600738 -0.93548914874291 -0.6096030203695895 -0.29638984666565715 0.010147545537768643 0.3116213566564099 0.605272734704652 0.8768069957275237 1.109608002497291 1.2867311802937138 1.4027568186059902 1.4681649377549233 1.5005451558208875 1.5148209851616885 1.5197776401023724 1.5204361963618336 1.519744661608029 1.5189316116295366 1.5172148097684426 1.5158307682417682 1.5146186452719013 1.5135384677957724 1.512560733755472 1.511287766070323 1.509895769844853 1.5091979960523512 1.510340480101986 1.5123306298364092 1.5146850323495276 1.5166297276489002 1.5159977026537659 1.5173826331281406 1.5199491515596 1.521950962228697 1.5234704984719931 1.5256274299299077 1.5271114872063736 1.529004580229243 1.5299639358328303 1.5316022935497662 1.5328036333843125 1.5335759528888735 1.5362377181582927 1.536797561792067 1.5387947166510747 1.5395774896532757 1.5398127759632523 1.5431351764934496 1.5431919037742947 1.543112962926057 1.547056769850533 1.5474347327931834 1.5469745039632485 1.5500730908775298 1.5518671597073244 1.5504846730934565 1.5505591417790026 1.5537690367698458 1.5534384696258048 1.550870170825668 1.5508244556541033 1.5529897876949867 1.551734345421786 1.5489688322410409 1.5480511420018832 1.551791296396141 1.5520307708960965 1.5486108895607522 1.5454118969234854 1.5468018943628898 1.5499351738716332 1.5493498311494855 1.5454900090302646 1.542029714541214 1.5444252817254203 1.548565987688903 1.5476991569332457 1.544664419885743 1.539674875335061 1.5380865398360228 1.5434099911884003 1.5511992594857702 1.5426954493482086 1.5421801305409621 1.5376701414571272 1.5353692306451014 1.539745854602951 1.5443021401793864 1.5450683839455417 1.5429821757852045 1.5384381679537684 1.534465332776735 1.5288604383820532 1.525007568365055 1.5220392137318557 1.5195838299137252 1.5174675450448802 1.5155938912329354 1.5139046864451107 1.5109365095306169 1.5005322708818056 1.4885969163918737 1.481196267542491 1.4759401036460735 1.4719225294955534 1.4674933137391344 1.464281399028053 1.4618829159667026 1.4612528922457084 1.460041500119397 1.4586105751798168 1.457351885085906 1.4566722779965584 1.4563083180717875 1.4552503679178743 1.4540325248736163 1.4524042064016962 1.45121521537542 1.4503302708544954 1.4497750420977509 1.449630807584139 1.449179456337272 1.4492142876832226 1.4489521344662117 1.448944930180871 
# Stellar luminosity-weighted [Ne/H]:
0 -4.8402738161993035 -6.327319680645475 -5.193057866788935 -3.298473975314594 -2.612312616254134 -2.3707727187584116 -2.245595487226729 -2.1620178215759234 -2.096563497864513 -2.0398505575620955 -1.9858273899357783 -1.9273322124552186 -1.854411737902801 -1.7548939241960326 -1.618223606662763 -1.4480610059680084 -1.2625511303244101 -1.0852836285389476 -0.9387164851985572 -0.840404311611807 -0.7817703419010913 -0.7518065477018991 -0.7385908151965541 -0.7337812217171304 -0.7330298499378154 -0.7335794279861325 -0.7343381631372061 -0.7355943335621689 -0.7372089008774028 -0.7365945488391628 -0.7358798927125445 -0.7363477604241737 -0.736361746889977 -0.7386737213438392 -0.7334819190894777 -0.7299071673871733 -0.7241659067276931 -0.7167066288639665 -0.7064954797067458 -0.6978284899192522 -0.6846327064404134 -0.6767751572683869 -0.6736801802841486 -0.6673935340435238 -0.6614996495231713 -0.6582941209615925 -0.6403652554535348 -0.6343837563679573 -0.6255503323836527 -0.6217590597223523 -0.6157168877381825 -0.6114170570530781 -0.6065427923249755 -0.6048465690823166 -0.6032268870356701 -0.5968381034188788 -0.5878182540604469 -0.5903917012706748 -0.5877823602417802 -0.5843778114200759 -0.5805335755057639 -0.5796664937537281 -0.5754885040357278 -0.5759153962269838 -0.5715268160279257 -0.5729317571562875 -0.5691066915760183 -0.5681439776828219 -0.5706258864258773 -0.5732872859110154 -0.5719874932864641 -0.5769748477699483 -0.5820730309481013 -0.5867772103523716 -0.587731413117698 -0.5865885333042851 -0.5891502527909367 -0.5980165691002988 -0.6007899513143089 -0.5955768484193831 -0.5945401110201676 -0.6061212456821412 -0.6115365137549498 -0.6127775157436677 -0.6084730589666121 -0.6146621076642598 -0.6133921465023464 -0.6301362143953 -0.6334721543581159 -0.629790226400547 -0.6269127380799047 -0.6296879750292987 -0.6342155635802502 -0.6417607597951136 -0.6458171705887672 -0.6460563881865209 -0.6465580451771311 -0.6533735591052627 -0.6393245715324571 -0.640903773924455 -0.6439261660035598 -0.6472242854604815 -0.6493619337280014 -0.6511015253608337 -0.65265166450496 -0.6540834320859039 -0.6554294636350386 -0.6567060683694983 -0.6590911646615227 -0.6686669056639394 -0.6812585411243521 -0.6895496244151627 -0.6955783842688463 -0.7002312060060216 -0.7053979345833765 -0.7091460401403946 -0.7119556774183886 -0.7127115026432165 -0.7141204731134119 -0.7158077122183828 -0.7172862484742293 -0.7180760411164417 -0.7185080696432875 -0.7197398751902595 -0.7211237726595119 -0.7230517818202591 -0.724392073664375 -0.7254020586338443 -0.7260453566477754 -0.7262399618908288 -0.7268427961874266 -0.7268070413932541 -0.7272120831224749 -0.7272212229752713 
# Stellar luminosity-weighted [Si/H]:
0 -4.8402738161993035 -6.327319680645475 -5.134836014289695 -3.2391809039680846 -2.5591919567562877 -2.322369188659337 -2.179123100223432 -2.0003110448874137 -1.646142934124044 -1.3020860765979627 -0.9777425504505315 -0.6656207224796615 -0.3594269699000936 -0.05602852713267481 0.24398720765032333 0.535421741316962 0.8064238481855202 1.0391253597925636 1.2163049836675426 1.3324165195849575 1.3978519363193627 1.4302346546325229 1.44456475502593 1.4495295314545373 1.4501981966684974 1.4493535086212868 1.4483942444908648 1.4470876779034607 1.445740309901248 1.444453701998453 1.44329664664241 1.4422475348341082 1.4411165834143547 1.4397433379774096 1.4390021745484312 1.440063251192627 1.441746297291568 1.4427908042345177 1.444441369838568 1.4468686455354405 1.44831964588185 1.4505704913272268 1.4521840106844315 1.4538289167166725 1.45558283497286 1.4568736614249271 1.4587799290144194 1.4599598204162816 1.4615134851823117 1.4626981452775167 1.4635265073827957 1.4661722060763855 1.4666615624169115 1.468688017886457 1.4693693534943502 1.4695256902517322 1.473030743881969 1.473115485997436 1.4728632041545588 1.4767314214333562 1.4774315570874839 1.4768860667764567 1.4795868075730336 1.481139628725621 1.4798843513294315 1.4803595200417905 1.4838267335911688 1.4834128817314656 1.4806083697546568 1.4805923765112192 1.4834364052283515 1.4823720787564016 1.478466083213433 1.4773754016028398 1.48120957691994 1.4815661654996628 1.478218673059065 1.475122920076557 1.4765513684931522 1.4796536442223092 1.4790657287512525 1.4752456646622685 1.471803566722449 1.473700718609881 1.477475934778239 1.4778278997555683 1.474909814657026 1.469788346262812 1.4679874318739663 1.4732672583226893 1.476394178739303 1.475992889957257 1.472520165040145 1.4676131796936347 1.4651433202169475 1.4694952049001797 1.4740301925189971 1.474900182878455 1.4725791272419575 1.4680969596940323 1.4641565947762358 1.4585799627652212 1.4547378029272777 1.4517743022188383 1.4493214380706103 1.4472065417211248 1.4453337671940565 1.4436451302646311 1.4406776171664433 1.4302751454350404 1.4183419146791687 1.4109422031086498 1.405686458473379 1.4016693569787848 1.397241000431308 1.39402972115648 1.391631704235151 1.39100191717591 1.3897907247459345 1.3883601378799821 1.3871017383127198 1.3864221498114908 1.3860583572952927 1.3850007102709356 1.3837831942097503 1.3821552252201 1.3809668828517085 1.3800822602764766 1.3795271102142697 1.3793829542171148 1.378931439326608 1.37896609076603 1.3787037350354274 1.3786962795204265 
# Stellar luminosity-weighted [S/H]:
0 -4.840273816199304 -6.327319680645473 -5.2155992977954595 -3.3216708535171167 -2.6358821598241917 -2.387915165132907 -2.241522561772551 -2.0512487097447174 -1.6762554868640915 -1.3218865561177395 -0.992570218730001 -0.6779414504408843 -0.3704737521754078 -0.06641338854839507 0.2339787026955369 0.5255798516154178 0.7966359859466534 1.0293695807181908 1.206560933236371 1.3226424776363914 1.3880735462001086 1.4204540403961827 1.4347914456075683 1.439763197581223 1.4404459253430968 1.4395661253623353 1.4385763218621825 1.4373583794045013 1.4360105821461548 1.434697637526499 1.4335562972728435 1.4325054954702354 1.4313671635086798 1.4300027911171633 1.4292638299078164 1.4302858982854132 1.4319513495016518 1.4329866178589437 1.4346575463865912 1.4370823446181102 1.4384963242982107 1.4407043639607422 1.4424198788533285 1.4439876541851633 1.4458598565657481 1.4471858595508524 1.4489492142825866 1.4500892880939333 1.451697594016776 1.4528687857678335 1.4536794223731522 1.4562638042068108 1.4568426705374105 1.4588926423221102 1.4595709146567777 1.459748423669641 1.4632285053652625 1.463168317653766 1.462876277394305 1.4671864204157306 1.4673903780057769 1.4665810193377435 1.4699699951729297 1.4716826695898564 1.470427281556721 1.4706779821254616 1.4741319040476286 1.473645362317333 1.4708575286062588 1.4708041798957336 1.4735517845067099 1.4725902412994678 1.4687281055294612 1.4676646428829692 1.4715300549739725 1.471863366870235 1.4684782808290295 1.465357044348996 1.466808601691476 1.4699430943927623 1.4693232712475126 1.465495922204834 1.4620425046169534 1.4639450317270404 1.4677648219627972 1.4680217305976608 1.4650359690576753 1.4601296660619685 1.4584941316825817 1.4635140457958817 1.4669008152497844 1.4664602293450502 1.4627360716306588 1.4576833387411137 1.4553072681570445 1.4598943651865346 1.4643479978106608 1.4650685797005707 1.4627133032275417 1.4582842582712776 1.4543600426039087 1.4488021218785025 1.444968892702196 1.4420102037256313 1.439560174032478 1.437447042333576 1.4355753995998533 1.4338874987424175 1.4309207588742607 1.4205179692328986 1.4085823464849652 1.4011810860278788 1.395924271785328 1.3919064048733825 1.3874772277029122 1.3842653878770919 1.3818669768893708 1.3812370674636139 1.38002569978658 1.37859487401834 1.3773362847511885 1.3766565935131743 1.3762927472683528 1.3752349373725221 1.3740172538159068 1.37238904693025 1.3712005200629358 1.3703157839231843 1.3697606111218041 1.3696163860566664 1.3691648076450922 1.3691994708981503 1.3689370896631998 1.368929623851078 
# X_list:
0.7505939051915157 0.7500124776891832 0.75000520118949 0.7499930247976508 0.7499573227912792 0.7499176508873885 0.749861477523086 0.7497687415748193 0.7496205525596121 0.7493924513365834 0.7490058707748539 0.7483159005121088 0.7470376258353593 0.7446144790740661 0.7400351700444643 0.7316946962216458 0.7177567545649758 0.6979135321062199 0.6757913745736707 0.6575528664439185 0.6468277560456088 0.6426837975877785 0.6425207318659558 0.644357935015071 0.6469419129490478 0.6494147927686659 0.6513682357488749 0.6529502229729379 0.6542197810369115 0.6553425499167527 0.6562999971514317 0.6571244499348838 0.6579331085968291 0.6585632968410112 0.6582609929180321 0.6563580874910402 0.6533875815292811 0.6499123668151464 0.6460985273091774 0.6421121316249018 0.6383126753304929 0.6345121383663602 0.6308367001146044 0.6273363598145547 0.6239130257401755 0.6206661394283374 0.617452386747074 0.6143940837722722 0.6114041835558379 0.6089124173123694 0.6064273569743438 0.6028328665430257 0.6005638325000573 0.598451089764374 0.5966214434796272 0.5949004687337252 0.5929737929848521 0.5913998368278657 0.5898951353451112 0.5879353563173783 0.5863907353931906 0.5850214736175641 0.5833264257046842 0.5817394130003642 0.5805186385398327 0.5794087296670034 0.5781694892626366 0.5779398955975005 0.5787598425202287 0.5792048928754097 0.5793878498837105 0.5800768354777361 0.581347193771784 0.5822030007896518 0.5818301439600945 0.5823818315480687 0.5834398527322003 0.5843973807474504 0.584927202327537 0.5851750376351567 0.5859103829620756 0.5870080197395167 0.588043798038989 0.5883721645480489 0.5885276740193299 0.5891468591057138 0.5902058649906541 0.5914461125519518 0.5920971447845959 0.5919946797016197 0.5921729060837875 0.5928512355411936 0.5939237621023662 0.5950374506641577 0.5958567421651105 0.5958756719205984 0.595588147130398 0.595636243341733 0.596844785360318 0.5984181894684402 0.5994000874066205 0.5996816721605491 0.5995615937875464 0.5996297762701267 0.5997087563578544 0.5998582683460232 0.60008530840656 0.6004015208980804 0.6007430762322808 0.6011773884982202 0.6031215209539236 0.6071545143356603 0.6110904436441544 0.6148690626464004 0.6180796381527611 0.6214564004755029 0.6239587704970572 0.6259051880289553 0.6265509535422733 0.6275186363754812 0.6288710915903567 0.6297814634993191 0.630356355476131 0.6304727472210835 0.6313916885865993 0.6319754518608487 0.6329881528946264 0.633594067694508 0.6342059184173221 0.6349477031790749 0.6358412186800357 0.6364363423396978 0.6372957172699805 0.6379532360030347 0.6385459922186143 
# stellar_X_list:
0.7529042722234999 0.7505939051915156 0.7500177676970384 0.7500078964712453 0.7500014018944142 0.7499895093742676 0.7499812239819823 0.749975585020546 0.749971623078593 0.7499692311813314 0.7499681453712057 0.7499676592950032 0.7499674242376552 0.7499672735419882 0.7499671326895188 0.7499669855858685 0.749966847932116 0.7499667071412149 0.7499665461756174 0.7499663759004688 0.7499662063561481 0.7499660495189241 0.7499659090589929 0.7499657830156954 0.7499656683716299 0.7499655619052115 0.7499654596073215 0.7499653572805782 0.7499652539963034 0.7499651503082608 0.7499650478886668 0.7499649464665723 0.7499648461263457 0.74996474742085 0.7499646488944426 0.7499645444663298 0.7499644270245914 0.7499642954339669 0.7499641512574052 0.7499639925933286 0.7499638375967047 0.7499636678051611 0.7499635045376659 0.7499633276923916 0.7499631594468777 0.749962978931622 0.7499628074527989 0.7499626252532375 0.7499624518096766 0.7499622680793312 0.7499620967830656 0.7499619155166212 0.7499617397009599 0.7499615566581165 0.749961389280617 0.7499612120010933 0.7499610473529845 0.7499608773099015 0.7499607162335121 0.7499605465042946 0.7499603920031362 0.7499602253235159 0.7499600692059277 0.7499599083811936 0.7499597576426182 0.7499595941565163 0.7499594462787897 0.749959295088616 0.749959154624458 0.7499590092997186 0.7499588811223676 0.7499587495802995 0.7499586271916738 0.7499584971047156 0.7499583824803827 0.7499582628301747 0.7499581536479746 0.7499580344705296 0.7499579260990552 0.7499578168489768 0.7499577202812827 0.749957614394739 0.749957514670064 0.7499574091338816 0.7499573183422161 0.7499572247677283 0.749957137371458 0.7499570410294183 0.7499569507424829 0.7499568575816228 0.7499567800842561 0.7499566962436208 0.7499566178210435 0.7499565306535082 0.7499564488042975 0.7499563639612424 0.7499562933080278 0.7499562175071174 0.7499561461830896 0.7499560689146174 0.7499559973965972 0.7499564280460952 0.74995657255036 0.7499566738426787 0.7499567562005207 0.7499568260917605 0.749956886873439 0.7499569407533426 0.7499569894328136 0.7499570801853152 0.7499574050207419 0.7499577672039448 0.7499579780629037 0.7499581130625337 0.7499582154379185 0.7499583251713883 0.7499583948614374 0.7499584466875049 0.74995845337324 0.749958486490501 0.7499585122776183 0.7499585333428267 0.7499585476446213 0.7499585555601375 0.7499585633895149 0.7499585878483876 0.7499585970973992 0.7499586037583985 0.7499586045525231 0.7499585933881893 0.7499585498836564 0.7499585439451775 0.7499585015083267 0.7499584850123323 0.7499584596069171 
# stellar_X_list_luminosity_weighted:
0.7529042722234999 0.7505939051915157 0.7500193347554208 0.7500068259659185 0.7499939654844661 0.7499584218141132 0.749918855228473 0.7498630348535265 0.7497711100623964 0.7496242771051548 0.7493982546252255 0.7490155840070482 0.748333106166407 0.7470695151931583 0.7446756490718592 0.7401528861215082 0.7319065608380715 0.7181100713330864 0.698449679151368 0.6764730029116982 0.6582627854994835 0.6474507196243949 0.6431748475881139 0.6428892605329913 0.6446294464016304 0.6471429331757746 0.6495703853187033 0.6514976576131422 0.6530615361725645 0.6543183263308844 0.6554297320013703 0.656378474630558 0.6571958600775978 0.6579968605493767 0.658622978135276 0.6583332210529049 0.6564642813230892 0.6535298647730432 0.6500847398779059 0.6463019607361362 0.6423338690557733 0.6385520647286508 0.6347606225246816 0.6310985485004839 0.6276007443385777 0.6241872388531358 0.6209403584668767 0.6177346589419344 0.6146753627871325 0.6116912419759322 0.609190382504568 0.6067071413988323 0.6031330341025464 0.6008518069275036 0.5987307899479946 0.5968950731833993 0.5951666899248826 0.5932429474800675 0.5916600650021154 0.5901521546201486 0.5881973492674831 0.5866482807022446 0.5852718871297296 0.58358203377408 0.5819922928906891 0.5807649483426884 0.5796481599336105 0.5784091187282749 0.5781566158978586 0.5789430674390557 0.5793783702149415 0.5795555217164643 0.5802277619160137 0.5814731582170651 0.5823235036513382 0.5819670897731145 0.5825033933155854 0.5835417033864451 0.5844909271532314 0.5850200228123649 0.5852705965725437 0.5859936495698012 0.5870778384445999 0.5881039768361636 0.5884404383373569 0.5885993456306612 0.5892098028952042 0.5902534128121717 0.5914824624978623 0.5921356954698372 0.5920474855236654 0.5922245307160164 0.59289272666251 0.5939504027720972 0.5950561160729911 0.5958732008007244 0.5959060787678375 0.5956296334997117 0.5956760666674341 0.5968596299275719 0.5984154988991286 0.5992217437415518 0.6007122192110348 0.6019087303113694 0.6029102868453842 0.6037840550206045 0.6045653089648804 0.6052759093222695 0.6059294930694109 0.6071033945083135 0.6113725661342093 0.616330657069043 0.6193359325901233 0.621434078558825 0.6230124423902221 0.6247319284672564 0.6259536968943662 0.6268565746886012 0.6271013157676918 0.627545535448212 0.6280826867222825 0.6285444068162893 0.6287883383770091 0.6289217124544254 0.6293034868748406 0.6297191963361881 0.6303103332293741 0.6307096449149747 0.631005305519432 0.6311870469877878 0.6312657774353555 0.6314617633895502 0.6314544682370207 0.631593660534576 0.6316015988896704 
# Y_list:
0.05050992848308767 0.0010611915795439325 0.0004516827859753743 0.00016062778844706165 9.8769061507553e-05 0.00012101043290442437 0.00018120308820305581 0.0002818048151259628 0.00045730774157479447 0.0007902925786367367 0.0014473935307858278 0.002740273452619416 0.005288442047234004 0.01031606552588177 0.020096034402256248 0.038349636791290075 0.06946754729822245 0.11447401497094509 0.1654544624968691 0.2086862303009614 0.23630034094924146 0.2500689889304768 0.25517217888536603 0.25581237299763454 0.25447648147119095 0.2526050304828118 0.25085190280395725 0.24934716154706432 0.24808876589691561 0.2470021831631395 0.2460108389195197 0.24508889127259115 0.24425169418610224 0.24362051763399994 0.24369746674200932 0.24488946913931325 0.246930642136676 0.2495126317676501 0.2522886647059237 0.25510455036989665 0.2579719689440214 0.2606976690617264 0.26336898194028524 0.2659887014692814 0.2684913412497572 0.270896010067514 0.27321741456295545 0.27551960957904653 0.2777112908857586 0.28002908781462915 0.28220464741464535 0.2836547497635895 0.28545479702725296 0.287088312577845 0.28871209348877475 0.29025222965972586 0.2915854250291857 0.29304992615792974 0.2944530722905116 0.29559546765089134 0.29692015406372996 0.29826443777279543 0.2993727436657365 0.3005057813737125 0.3018044599055369 0.3029279386539306 0.3035923282314343 0.30394332346037783 0.3036382905388969 0.3033570713230639 0.3028467427462526 0.30254510788124717 0.30207036392407044 0.30150924666059487 0.30150556284664 0.30109101429328455 0.30083893102885323 0.3005649328334072 0.2999558072329621 0.29928959999060656 0.2988661171423675 0.2985678999300588 0.2983286115128678 0.2978070880589019 0.29710532088831143 0.2966553096497949 0.29640290964969634 0.2962707346714132 0.2959395487486047 0.29524159122859384 0.29471960545112047 0.2943327002426639 0.2940142271147982 0.29390423624706147 0.2936603853760253 0.2930527740077443 0.29271309993642003 0.2927241806928572 0.29199845791651347 0.29130718119784 0.29144712679875673 0.2913743101319453 0.2909629623238657 0.29073051196295085 0.2904694638333064 0.2902752432004349 0.2901359375106682 0.29002337145116525 0.28992842954582415 0.2896373910560105 0.28818452575938813 0.2852405562154827 0.282004953221611 0.2790042165735236 0.2763067061885554 0.27327797094504525 0.2709994475030078 0.26916075829845837 0.26862529056558404 0.26761091705717044 0.26625251472817507 0.265006151204743 0.2642202786397883 0.2638829998354232 0.2624563563226518 0.26083437917028557 0.2579952995398138 0.25560737399051275 0.25372038678789754 0.25218611167998445 0.25090055057085364 0.24984621987909736 0.24884132099810638 0.24813661880654084 0.24744105990766196 
# stellar_Y_list:
0.247 0.05050992848308767 0.0015110915337091853 0.0006794238444792998 0.0005017074861464358 0.00046671222594205097 0.00047795592278051694 0.0004992209935329326 0.0005189581807336041 0.0005345065550160351 0.0005461692417230365 0.0005548451553427663 0.0005613008964779799 0.0005661846108040891 0.0005699910078337888 0.0005730444143478857 0.0005755331907451989 0.0005776250376078788 0.0005794585466850857 0.0005810806221643077 0.000582535635932537 0.0005838392419894214 0.0005850117613547007 0.0005860707831161453 0.0005870467802867268 0.0005879489338042409 0.0005887847489109485 0.0005895645247483922 0.0005903013140484747 0.0005910002198146961 0.0005916627526001097 0.0005922897751492683 0.0005928816517681555 0.0005934513815713701 0.0005940074468116051 0.000594542187393101 0.00059505500222066 0.0005955695823105973 0.0005960753249071429 0.0005965892112885433 0.000597063954051272 0.0005975522665353908 0.0005980075991791274 0.0005984742933165419 0.0005989119890535306 0.0005993612244958287 0.0005997789111703807 0.00060021334134665 0.0006006085285359107 0.0006010315684854897 0.0006014205094076799 0.0006018251283751945 0.000602198232467904 0.0006025756862999062 0.0006029339334714725 0.0006033127143622803 0.0006036479662114264 0.0006040005629893372 0.000604341288836226 0.0006046806455415977 0.0006049877248851791 0.0006053278855935195 0.0006056405283443412 0.0006059417988691496 0.0006062410627577575 0.0006065693477750496 0.0006068547384680813 0.0006071328194061786 0.0006074151018879965 0.000607715988242334 0.0006079710459507472 0.000608215257351532 0.0006084702676726644 0.0006087537662017451 0.0006089976569181187 0.0006092237358916966 0.0006094403895249928 0.0006096998816946434 0.000609943733794438 0.0006101715231349847 0.0006103565468718903 0.0006105682115359011 0.0006107946197147586 0.0006110379356588805 0.0006112367676746241 0.0006114218771873754 0.0006115868044217179 0.0006117981909149232 0.0006120188936425558 0.0006122380406190656 0.0006124053605182722 0.0006125708834438446 0.0006127214799411758 0.0006129108008215739 0.0006131131005065792 0.0006133210746307015 0.0006134834035541824 0.0006136384847449912 0.0006137780945700552 0.0006139284237429955 0.0006140968121333804 0.000613314456231129 0.0006130780015185351 0.0006129093480864353 0.0006127640902547092 0.0006126348871022901 0.0006125183391693229 0.0006124189867522222 0.0006123549762576844 0.0006122554869053699 0.0006117839735770285 0.0006113177432255578 0.0006110198321619313 0.0006109185627373889 0.0006108456958317335 0.0006107238930981157 0.0006106638873435403 0.0006106376276553103 0.0006106179203085332 0.0006106323615802774 0.0006106476773844827 0.0006105977723586778 0.000610637430992159 0.0006106212890573847 0.0006106460052536092 0.000610605156157076 0.0006106353982822019 0.0006106637373619916 0.0006107031106908821 0.0006107657829414335 0.0006108431681764258 0.000610899202672378 0.0006109767788223638 0.000611052793742508 0.000611101400343677 
# stellar_Y_list_luminosity_weighted:
0.247 0.05050992848308767 0.0016443653423140916 0.000589731114553066 0.0002289784545325104 0.00014013633193197357 0.00014889549300647103 0.00020121046138020973 0.00029634183754326444 0.0004670195901165846 0.0007941607000329407 0.0014420415088546533 0.0027184022066997367 0.005234771986234253 0.01019889594617216 0.01985473686002225 0.0378974653754817 0.06869285053883822 0.11327590368733315 0.1639084580142399 0.20704834942588732 0.2348192369368102 0.2488450505484835 0.25419377330320014 0.25502937110562945 0.25383858403974263 0.2520697932474449 0.2503885350651011 0.24893671062578665 0.24771905789435364 0.2466657507322629 0.24570294298761058 0.24480571596712378 0.24398957193582949 0.24337410376607202 0.24345342960891572 0.24463240738787298 0.2466561578861971 0.24922148344514353 0.2519825266643812 0.2547932691270117 0.25765118951616356 0.26037761274949145 0.26304452817512775 0.2656657290692217 0.26816651296519084 0.2705748479704492 0.27289552354908886 0.2752005770699197 0.27739229171298635 0.2797103688789974 0.28188566475220267 0.2833526192222546 0.2851507972073763 0.28679069957501646 0.2884159456754537 0.2899614231818086 0.2913000807507881 0.2927670408198973 0.2941719101204025 0.29532291885893175 0.2966470191275343 0.2979936357555393 0.29910703464625266 0.30024394130988513 0.3015405575055275 0.30266920277952003 0.3033447469277447 0.30370882645088565 0.3034256160147933 0.3031560607287013 0.302661137771433 0.30236529736717416 0.30190207564218025 0.3013504740998299 0.3013440767030376 0.3009397879510986 0.300691835315751 0.30042233091352555 0.2998255489329354 0.29916741768435656 0.29874687739248434 0.2984496006776065 0.2982124998611079 0.29769897890842617 0.2970074833633546 0.2965581516409524 0.29630549065865497 0.29617202975530466 0.29584626397518854 0.2951586473796097 0.2946404347999514 0.29425391907438175 0.2939368669262116 0.29382401942662406 0.2935832640780567 0.29298469072581923 0.29264549707278853 0.29265076425320546 0.2919396997832465 0.29125375663034836 0.2884422771533261 0.2849456760716251 0.28263128810526555 0.28085176832994535 0.2793736451688011 0.278094016448122 0.276957004415214 0.27592936332101675 0.27411894860479086 0.2677704620289495 0.26059055801384423 0.25623962999611255 0.25319408094668666 0.250892673839134 0.24837810612586342 0.24657653767329327 0.2452407304800734 0.24488532355645565 0.24422015347883375 0.24342676166006116 0.24273666545961342 0.2423678932856333 0.2421689828078377 0.24159359813632625 0.24094783154932584 0.24006326802741798 0.23943825381715136 0.23897526014575246 0.2386879080449706 0.23859085635718627 0.23832661230086888 0.23834111091234983 0.23817175712168295 0.23816385932090559 
# Z_list:
2.0449363758335086e-07 4.2963221843883905e-09 8.569130110179513e-08 6.749914788357983e-06 3.168246376917696e-05 5.5641514763766374e-05 9.77658802952386e-05 0.0001808616703448782 0.0003260859094839023 0.0005440000103872987 0.0009020884229279048 0.0015386800840866415 0.002734062173569365 0.0050459698129624985 0.00951737481497729 0.017804423424405986 0.031664879635537574 0.050874395174465126 0.07121112647927991 0.08792728122158378 0.10010900491742651 0.10829300078164922 0.11374529081362784 0.1170931776138159 0.11937906475181494 0.12063047348138771 0.12185318617829026 0.1220301846511476 0.12320854404870235 0.12210033604056358 0.12488866064316965 0.12001768197337025 0.1303871887647512 0.10847580390197106 0.15759329755811782 0.044679238809485704 0.31836474765668027 5.750098641603224e-10 0.7419914202319461 6.090451048324673e-10 1.7192011662058893 6.423449443180337e-10 4.145475532233245 6.750995891634887e-10 10.57553273307841 7.079331258392236e-10 28.69597314337181 7.406301701469621e-10 82.79911078544899 7.735460916724313e-10 253.5225747815443 8.068348471796628e-10 822.8097068957204 8.404088344422027e-10 2829.7263500766085 8.719814622275356e-10 10308.344397619703 9.086427759265082e-10 39403.175552488 9.45762892670692e-10 159060.2346971655 9.751651807658643e-10 674334.591110588 1.0148497766586384e-09 2984750.0599491745 1.0432336340475275e-09 13901731.636818992 1.083074548386368e-09 67202955.88701186 1.1131698851145203e-09 341452372.9976646 1.153521748208079e-09 1792368411.5223618 1.1793057496264825e-09 9861917525.481138 1.2258362448908635e-09 56135036368.49239 1.2459693585094193e-09 331232710571.9944 1.296149009714702e-09 2041864668620.2803 1.3213619535959442e-09 12865075248749.043 1.3541885116933051e-09 85067260326970.2 1.4040492612948765e-09 579519374387199.2 1.4176364422633497e-09 4025280376511407.0 1.4663652624969712e-09 2.9456937564868284e+16 1.512344918300833e-09 2.2080822237807914e+17 1.5220004244143218e-09 1.6807253183310886e+18 1.5661568048099969e-09 1.3451147112801534e+19 1.6204623579126368e-09 1.1060962909473921e+20 1.6372101831463382e-09 9.180082862997657e+20 9.130787358731215e-10 2.9933779300212324e+21 4.936976803838243e-10 6.198197187684849e+21 3.4076326430692944e-10 9.458079582112822e+21 2.6034918369622555e-10 1.145583580017159e+22 1.9339682495666992e-10 6.463666169318804e+21 1.4256265957636498e+21 2.277614955962582e+21 1.6472671880447048e+21 1.51827568817156e+21 1.2935489074768477e+21 1.1679750191519083e+21 1.0723809039523671e+21 1.0537387361380621e+21 1.0026743440497991e+21 9.428310987232743e+20 8.993664137106754e+20 8.756197849436032e+20 8.661587305181735e+20 8.216866460770472e+20 7.843073599192438e+20 7.268419148515057e+20 6.905849796520161e+20 6.604509450637535e+20 6.347236201746906e+20 6.120070241156774e+20 5.936081194299915e+20 5.763608672324008e+20 5.611314791552752e+20 5.479991848982028e+20 
# stellar_Z_list:
9.572777650013187e-05 2.0449363758335086e-07 6.117779488701155e-09 7.327569352649438e-08 3.426507288646216e-06 1.1632526403932096e-05 1.678134422654453e-05 2.110589860418829e-05 2.5053861705801144e-05 2.799239431691592e-05 2.9480254721458897e-05 3.0187247893938162e-05 3.05672154216128e-05 3.084241464458043e-05 3.11029514131008e-05 3.136923178820646e-05 3.161736054250881e-05 3.18419228163501e-05 3.204409371730887e-05 3.221695391036879e-05 3.238894752914334e-05 3.258969389080873e-05 3.281369552756452e-05 3.305091380805321e-05 3.3289223691705986e-05 3.352644713822262e-05 3.37544793030791e-05 3.3979000848303545e-05 3.419051734040124e-05 3.440588090269081e-05 3.4596184770803955e-05 3.481313182004888e-05 3.496326945658248e-05 3.522842533784908e-05 3.524211665565461e-05 3.578388326557422e-05 3.513208030476516e-05 3.725038853833961e-05 3.556133069615394e-05 4.1010592638143037e-05 3.750316576803028e-05 4.975037505805136e-05 4.211735277387297e-05 7.059682143037531e-05 5.308270536949076e-05 0.00012317654605009765 8.041103963588821e-05 0.0002641135753181979 0.00015267759003934056 0.0006656039951831156 0.00035591163606484076 0.0018781537516920554 0.0009626641936180803 0.0057509802813357725 0.0028809847394719104 0.018824932028863404 0.009297338006236212 0.0654793291609558 0.03200082955361673 0.24144736204132586 0.11695801223454749 0.9352018540373989 0.4498471633303985 3.8226319164690223 1.8262842879743622 16.41264059382003 7.794484133126407 73.58793747300159 34.77437013061127 346.8720700186103 163.058388098434 1698.0985360767781 795.111658754956 8727.385161053979 4067.9489793437583 46374.846321774225 21547.438859310154 257995.46941934817 119413.38286448021 1485440.1308998778 685511.564236541 8862812.656981561 4078711.71691204 55200990.92916955 25322079.730975647 351724973.3677872 161054976.0059847 2348088743.2522726 1071902926.7842798 16160147775.30494 7361057834.770909 113433333480.36702 51599964849.24985 837323140843.9608 379779840052.7393 6337702853929.026 2869751989360.784 48722233158323.06 22040188803519.996 393114927779370.56 177383878273131.06 146612173815671.03 133291492986064.16 125191149502813.48 119532200336761.12 115263100764475.27 111880980540980.72 109109096818157.38 106779205152530.84 103036284793020.78 92780497787442.86 84780931379967.86 81152709430407.33 79061087125226.05 77668712789841.33 76296516093502.89 75387865640120.31 74760646997056.73 74615430012615.9 74309473422070.16 73975345824218.17 73688222004220.19 73548802861414.78 73467943467731.05 73270630655855.66 73026213614658.6 72786568306177.55 72623314308385.67 72552454633924.0 72596600294775.3 72724320229017.14 72743385085061.64 72965790611326.14 73036393798172.52 73199476075483.77 
# stellar_Z_list_luminosity_weighted:
9.572777650013187e-05 2.0449363758335086e-07 6.6573495640246606e-09 8.504449154858512e-08 6.645873084519652e-06 3.1243934816862915e-05 5.5091836106542926e-05 9.682055900174086e-05 0.00017901610871856626 0.00032273740151664916 0.0005386479656018359 0.0008931778206976705 0.0015228775615045234 0.002704410019363703 0.004988016695994256 0.00940335651027321 0.017595519217540503 0.031314806457059724 0.050351717634719635 0.07056834865029744 0.087263647023821 0.09948449944078855 0.107734564788541 0.11325335980112548 0.11666604633579561 0.11900252216432146 0.12030162642600926 0.12155312604146604 0.12177072319492717 0.1229551500243943 0.12190115441012978 0.12464442088436548 0.11990863158214024 0.13004655504653076 0.10866729268344097 0.15663766159765266 0.04638900029529821 0.3136858768994367 0.004147821686007399 0.7279948477982571 0.008648498304225488 1.6859708826031294 0.01945693189589875 4.064462506125333 0.046344163784846557 10.367198402692168 0.11737741569969688 28.12674990580976 0.3167979106747018 81.14645529846578 0.9101125463751102 248.43372337344744 2.776385360011984 806.2074585110483 8.981412845370617 2772.3496495486283 30.79660433388109 10098.365018630502 111.88436712196366 38597.31870878309 426.7452582502492 155794.1553784884 1718.8657570559383 660437.5812234203 7273.276837539048 2923036.7480081418 32141.963664275623 13613330.690873276 149448.63781846478 65804812.24540037 721552.1989535402 334326895.27635944 3660694.3027050802 1754871202.7706728 19196620.456511863 9655035360.552242 105488636.38283338 54954671276.26587 599891419.7137302 324251734891.32 3536493366.326978 1998728028955.0728 21777691662.144356 12592776990333.256 137136281954.87196 83262588585283.36 905838646733.7296 567201567780151.2 6166847465842.561 3939581002603754.0 42815557175069.33 2.8828427664936416e+16 313010769024165.06 2.1608916746487712e+17 2345132443286223.0 1.6447534144497792e+18 1.7844783300393236e+16 1.3162693940839916e+19 1.4269114624767525e+17 1.0823395523197121e+20 1.1727704203554957e+18 1.3493152930984229e+19 1.4647443421308277e+19 1.262558197988983e+19 1.090249911464425e+19 9.600060620938473e+18 8.607808226490307e+18 7.833940291520972e+18 7.21510770801919e+18 6.29015124107934e+18 4.200792790160686e+18 2.998350288284094e+18 2.5615967392034734e+18 2.3324063253591747e+18 2.1835186822127532e+18 2.0327775668907187e+18 1.9301089299536584e+18 1.8614819355710784e+18 1.8444614176658906e+18 1.8125873111093268e+18 1.774140422370023e+18 1.7429412901955277e+18 1.7265162232804718e+18 1.7184499600903718e+18 1.6922579735088348e+18 1.6655623960064512e+18 1.62913835771608e+18 1.6017544659473853e+18 1.5837104524098957e+18 1.57428843192772e+18 1.5644578686254572e+18 1.5550339291296374e+18 1.5568773732405427e+18 1.5500318521678088e+18 1.551876747005952e+18 
# formed stellar mass list:
1e-15 1546394.1556027376 73309877.94566615 171586550.14847407 101896264.17995764 58838594.016790695 31790234.60693931 16250685.652698891 7972697.521876643 3795204.2127001397 1766662.16949469 808895.8432601229 366060.40426166594 164546.39142396863 73958.47099740771 33603.16350523165 15731.270320435975 7831.049124503857 4323.531944615792 2742.652280178447 2005.552095759579 1638.931798183276 1437.22338624355 1310.5844590921713 1221.308644314073 1151.472382349126 1092.5047604503138 1040.1773828360595 993.9777287125544 952.3139434192171 914.1140639232068 878.8860516164073 846.404723459646 816.5162161798656 789.2734323044245 763.915830263662 738.974145432312 715.8152068880444 695.6402401619903 676.0452228166113 656.7658073699316 639.8127413391588 622.7183751320297 607.2890093502144 592.5051746745058 578.2027695457567 565.0251208768026 551.887189820036 540.0806179967374 528.2477652216375 517.0991157555812 506.8290693981396 495.76440754662843 486.5690378679254 475.95882338087097 466.8732423637119 458.72534833271914 447.7584354602339 440.2170034226436 433.14585481541667 422.93898724495335 416.01323925190957 410.18691795973734 401.50135198303815 394.1470050050045 389.54092783456497 383.4232207871635 374.76229560106316 369.31899156521126 365.3381766319481 359.33419089831824 351.52419262480817 346.76415994876044 343.94007160641434 339.18260818001664 331.5452118369133 326.3078585472989 323.690332529491 321.03518218018536 315.25907029189244 308.6064927735777 304.5699557220608 302.7179637732441 300.6549465361552 295.3798504019443 288.9644309812469 284.89028912782044 282.81734095907086 282.15978940367376 279.62983271677723 272.7833304772018 267.49140361218633 264.4899289570877 263.1228445745732 262.81201607018164 261.0305821593691 255.40226800504004 250.03751132096883 246.84312970728382 245.04178447114074 244.3180503747496 1e-15 1e-15 1e-15 1e-15 1e-15 1e-15 1e-15 1e-15 1e-15 1e-15 1e-15 1e-15 1e-15 1e-15 1e-15 1e-15 1e-15 1e-15 1e-15 1e-15 1e-15 1e-15 1e-15 1e-15 1e-15 1e-15 1e-15 1e-15 1e-15 1e-15 1e-15 1e-15 1e-15 1e-15 
