# time step list:
1000000 10000000 20000000 30000000 40000000 50000000 60000000 70000000 80000000 90000000 100000000 110000000 120000000 130000000 140000000 150000000 160000000 170000000 180000000 190000000 200000000 210000000 220000000 230000000 240000000 250000000 260000000 270000000 280000000 290000000 300000000 310000000 320000000 330000000 340000000 350000000 360000000 370000000 380000000 390000000 400000000 410000000 420000000 430000000 440000000 450000000 460000000 470000000 480000000 490000000 500000000 510000000 520000000 530000000 540000000 550000000 560000000 570000000 580000000 590000000 600000000 610000000 620000000 630000000 640000000 650000000 660000000 670000000 680000000 690000000 700000000 710000000 720000000 730000000 740000000 750000000 760000000 770000000 780000000 790000000 800000000 810000000 820000000 830000000 840000000 850000000 860000000 870000000 880000000 890000000 900000000 910000000 920000000 930000000 940000000 950000000 960000000 970000000 980000000 990000000 1000000000 1010000000 1020000000 1030000000 1040000000 1050000000 1060000000 1070000000 1080000000 1100000000 1200000000 1400000000 1600000000 1800000000 2000000000 2300000000 2600000000 2900000000 3000000000 3200000000 3500000000 3800000000 4000000000 4100000000 4500000000 5000000000 6000000000 7000000000 8000000000 9000000000 10000000000 11000000000 12000000000 13000000000 14000000000 
# Number of SNIa + SNII (log_10):
0 0 7.426539893099179e+53 3.4227091144170615e+55 1.2006356567268277e+56 1.989446073072296e+56 2.60312109947116e+56 3.1457353201772694e+56 3.739622348469351e+56 4.299666682137769e+56 4.80167642149927e+56 5.244767975425566e+56 5.636205357222823e+56 5.984698463530799e+56 6.297930480791716e+56 6.582154851014242e+56 6.842238796163378e+56 7.0819622876889176e+56 7.304310808116569e+56 7.511658441332403e+56 7.70591937555503e+56 7.888660908438521e+56 8.0611822991004e+56 8.224572940406577e+56 8.379756641817552e+56 8.527522301217605e+56 8.668549534265389e+56 8.803430278479785e+56 8.932678496409666e+56 9.056745203807545e+56 9.176033319560663e+56 9.290911047666626e+56 9.401683405803896e+56 9.508608275638552e+56 9.611972893637153e+56 9.71200479843684e+56 9.808911271435914e+56 9.902873414554028e+56 9.994071158409589e+56 1.008268126353096e+57 1.016882601344337e+57 1.0252643753680057e+57 1.0334254850351809e+57 1.0413769667522016e+57 1.0491297891658306e+57 1.056693617504228e+57 1.0640774783832934e+57 1.0712891290845679e+57 1.0783368619447978e+57 1.0852296263974903e+57 1.0919723416155332e+57 1.098571047347342e+57 1.1050323286682869e+57 1.1113623119711783e+57 1.1175654693063325e+57 1.1236471232744623e+57 1.1296116481535621e+57 1.135461373061387e+57 1.14120257720714e+57 1.1468454551361352e+57 1.1523872228310777e+57 1.157832466720676e+57 1.1631811196139249e+57 1.1684371626214616e+57 1.1736068482712037e+57 1.1786919785748286e+57 1.1836946669246968e+57 1.1886186782910262e+57 1.1934659299788107e+57 1.1982383082097996e+57 1.2029384929821144e+57 1.207569166429708e+57 1.2121308978857376e+57 1.2166259783583869e+57 1.2210587235909231e+57 1.2254289512460716e+57 1.2297381352082649e+57 1.2339884599341943e+57 1.23818133157912e+57 1.2423182053048952e+57 1.2464007324490477e+57 1.2504297275005236e+57 1.2544065156131054e+57 1.2583349870744597e+57 1.2622139303156548e+57 1.2660448108830985e+57 1.269828842408868e+57 1.273567852742446e+57 1.2772623822848672e+57 1.2809119687151547e+57 1.2845193782359136e+57 1.2880850844426603e+57 1.2916093515680543e+57 1.2950972320606318e+57 1.29854708217683e+57 1.301957401899467e+57 1.3053306827492955e+57 1.308668011544503e+57 1.3119697070715414e+57 1.3152358407290196e+57 1.3184679636881553e+57 1.3216658908550747e+57 1.3248318330592639e+57 1.327967376350441e+57 1.3310708061595406e+57 1.3341436724072296e+57 1.3371865176319003e+57 1.3401989947524937e+57 1.343182317708301e+57 1.3490649672364165e+57 1.3769162251271022e+57 1.426083824796466e+57 1.4685185840255282e+57 1.5058433457734061e+57 1.539161964338674e+57 1.5832670283163458e+57 1.6218787331060864e+57 1.6562149423299113e+57 1.666869196117197e+57 1.687128798102199e+57 1.7152404364325165e+57 1.7410212607676483e+57 1.7570903850828826e+57 1.764822479624078e+57 1.793962091497838e+57 1.8269155318509165e+57 1.883892627858709e+57 1.932012158785164e+57 1.9736650572133873e+57 2.0103919108819135e+57 2.0432114491645758e+57 2.072916733897802e+57 2.1000174227874986e+57 2.1249410062958287e+57 2.148012102171037e+57 
# Gas [Fe/H]:
-5.02011865111616 -6.670636100323 -6.068017428276699 -4.1366000437695725 -3.269726596995623 -2.787593455902817 -2.512839421643198 -1.7739362230106188 -0.9620275868879382 -0.4261384343483918 0.02470452410714241 0.4384403402225434 0.8238793333799879 1.1644771312877529 1.4258640016552522 1.5856821431512365 1.6619474978245932 1.6916432226905762 1.701101662845144 1.702752632991292 1.7013782499721417 1.698900321675057 1.6962805691326759 1.6931942774741788 1.6901289401466744 1.6877249270938388 1.686248956467598 1.684653613319317 1.6831546559534587 1.681853203214354 1.6807128273290677 1.6796799880237554 1.6784749745351606 1.6769736053871456 1.6764323910433707 1.6780903494014896 1.680142535841401 1.6811237710488913 1.6829990254097065 1.685633819482724 1.686962979859472 1.6892477918452302 1.690671522795864 1.6923161287772843 1.6940861800716474 1.6953300378573282 1.6972262874208544 1.698223235748841 1.6998635720658148 1.700871676018553 1.701689237570303 1.7046436811226826 1.7048224023052496 1.707068972858897 1.7075368629170864 1.7076127163470742 1.7116822427226506 1.7109669313740459 1.7107522516173277 1.7156879983509103 1.7154261295753708 1.7145075411465043 1.7180450706825576 1.719470004652206 1.7172803710652365 1.7180430285821995 1.7225694734111978 1.7212937586773154 1.717510625092784 1.718139707870669 1.7216505732737581 1.7197324251110455 1.7146810199518487 1.7142943686826762 1.719701087420677 1.719503258998893 1.7148680030266603 1.7112531367306052 1.714301239115243 1.718117621490153 1.7166499007916975 1.711529291650041 1.7077094711401823 1.7110552004022903 1.7163830073642954 1.7159788169303551 1.7116217859153449 1.705496745210882 1.70443991319955 1.71213913131855 1.7155368074074389 1.7137155808255446 1.7089299231674042 1.7030618848057806 1.7012557190444584 1.7078293038744352 1.7132259579171807 1.7132792471023874 1.7096473500900933 1.7039817313686307 1.6977886463426448 1.6975353595425515 1.7009243502154732 1.7038720924933304 1.705381734095655 1.7057632103546405 1.7053107147783106 1.7042473770304785 1.7029834871802767 1.7031124016864059 1.703106933112657 1.7013104600233775 1.7010378138062134 1.6999593797604944 1.7000476346523734 1.7018840917901188 1.7038280686444351 1.706055644004005 1.7063593620587443 1.7082853897091992 1.7104206030667015 1.7138382974077424 1.7159379639869026 1.7175106859207805 1.7216653868594047 1.7282868813972798 1.739812241595002 1.7501087505721977 1.7574124392973447 1.762122641981819 1.7647344134926768 1.7675522155695518 1.768738876690263 1.769535500955023 1.770424084168035 
# Stellar mass-weighted [Fe/H]:
0 -5.02011865111616 -6.517393134486664 -6.113046741045226 -4.489847729227506 -3.850265134482159 -3.5839216046619136 -3.5058061740210835 -3.2491497999870083 -2.906046859532463 -2.727140439544568 -2.626097420692301 -2.563097891995496 -2.521190381909351 -2.490400978544778 -2.465590110500523 -2.4448089487838427 -2.4268718205365634 -2.411059787733623 -2.396910943858259 -2.384108295382732 -2.37242152008512 -2.361682162572113 -2.351747334257891 -2.3425107302531334 -2.3338868029394986 -2.3258085768955192 -2.3182087868336296 -2.3110387705717965 -2.3042542892488953 -2.297822095562368 -2.291707784324184 -2.2858787512278136 -2.28031556927551 -2.2750003220393165 -2.2699119846066296 -2.265034166797067 -2.260341746523162 -2.25564274468863 -2.2514733823899897 -2.2471655145473406 -2.243316128421289 -2.239326040854688 -2.2357432394373964 -2.23202025710391 -2.228671137390055 -2.2251788627354525 -2.222031268713298 -2.2187479923720934 -2.215781363668362 -2.2126712669026096 -2.2098759722637995 -2.206934040352114 -2.2042866769665537 -2.2014921394490763 -2.1989696874335634 -2.1963205840038746 -2.193921173919672 -2.191390266398268 -2.1891119481412638 -2.1866925463833065 -2.184490042389834 -2.182186164533502 -2.180095358192479 -2.177878135316492 -2.1758691703858704 -2.173753206805988 -2.171827138688821 -2.169779942486131 -2.167922916703226 -2.165967903564785 -2.1641883857508093 -2.1622831806525618 -2.1605574357666066 -2.158746754360247 -2.157091834179896 -2.155322977792264 -2.153709050144446 -2.152007940593731 -2.1504678632368366 -2.148826033393303 -2.1473216321082917 -2.1457141396677857 -2.144264864923395 -2.142729268396474 -2.1413243274849245 -2.139822540626935 -2.1384411175311087 -2.1369683278777094 -2.1356492385847146 -2.134255009535287 -2.1329774503624845 -2.131599917754441 -2.1303326524193498 -2.1289744385807152 -2.127757469975882 -2.12647340935532 -2.125297954474304 -2.1240304009738527 -2.122865373642754 -2.1216130225610543 -2.1283030631061965 -2.130466142661235 -2.131983449511787 -2.1332151609292076 -2.1342677865512414 -2.1351951493763215 -2.1360253352870853 -2.136777844876364 -2.1381519762364762 -2.1430750875922353 -2.148623077889453 -2.151842589396181 -2.1538801656331854 -2.15537229428865 -2.1569796097200244 -2.157984916215586 -2.1586959439698354 -2.1588011958847577 -2.159204240978884 -2.159490085523 -2.1598293278068583 -2.1599052133758514 -2.1600299347051353 -2.1600538674441525 -2.160383241355908 -2.1602743646337483 -2.1601881887008423 -2.159989768158759 -2.1595306832958077 -2.15854530672334 -2.1581265990641985 -2.1572048908243797 -2.156590088306986 -2.156000784931634 
# Gas [Mg/Fe]:
-9.71445146547012e-17 -9.71445146547012e-17 0.964108320408579 1.0050017869480463 0.8745884541865278 0.668901590708838 0.5648208512597759 -0.05478458325478991 -0.7414303571557763 -1.123641031205541 -1.3696107984878796 -1.5198046312993194 -1.6017495756469082 -1.6408976680941507 -1.6591604390813683 -1.6663461852806862 -1.6677618269772185 -1.6653803501058106 -1.6606865987313506 -1.6560956222314143 -1.6536187767084518 -1.6529616672871676 -1.6528185810594034 -1.6528456105201774 -1.6566551850200768 -1.6576316090884438 -1.6484222052181643 -1.6474927375000512 -1.6466888531648498 -1.6458608398549273 -1.6460651727711384 -1.6448378577455895 -1.6426472136755428 -1.6392457126109643 -1.6354110477546773 -1.6302161303220692 -1.6194286557144395 -1.607593589887073 -1.5964240763039532 -1.5860205068282576 -1.5759569334805648 -1.5664221562536587 -1.5565924314329296 -1.5487167266535844 -1.5403855507441417 -1.5318835616588915 -1.5244477969556758 -1.5160390852220578 -1.508631848908768 -1.505885051723362 -1.4999906203710605 -1.496345722299226 -1.4958383214433701 -1.5002059368995766 -1.5055653429360618 -1.510432557437133 -1.5125923459798096 -1.5169218957348227 -1.526394640574785 -1.5322470140748061 -1.5389513212764039 -1.5442234700152888 -1.5431736321523055 -1.547807606144057 -1.548178330814168 -1.5531668169585806 -1.5728415829467635 -1.573799795078475 -1.576033184249421 -1.5793131870389934 -1.579960980776485 -1.58018120122139 -1.583866837660023 -1.5874110691048888 -1.590935942382215 -1.5936952636505375 -1.5949810381595908 -1.5971725013023332 -1.6016024098989896 -1.6053680646048558 -1.6085312646702425 -1.6109040859920158 -1.6136914232862452 -1.6232699819940084 -1.6274186791568146 -1.6132307722844959 -1.6174985487550577 -1.6310138360328554 -1.6333174500512377 -1.6368406909659603 -1.639448424967061 -1.6424429468148742 -1.6442888955186428 -1.636808998539107 -1.6356881205925373 -1.6618048041221636 -1.6644649769726745 -1.664820921773594 -1.6609635270627479 -1.6619441385850187 -1.6623083464551345 -1.6657160115965393 -1.668202687137816 -1.6690493094710532 -1.6696471289074102 -1.6703301644914605 -1.6708043815219342 -1.670927962482579 -1.6710819256618483 -1.6717929013975128 -1.6751095316203883 -1.6803138277997403 -1.6835827217115444 -1.6851031011459077 -1.6880960417271655 -1.6903397561680717 -1.6918002630758802 -1.692936785620147 -1.6932361347502116 -1.6939957334964486 -1.694434352624492 -1.695102120455825 -1.6954018382247515 -1.695536431954815 -1.6960984207201655 -1.6966088589221515 -1.6974568791332985 -1.6978814709499053 -1.698408605582681 -1.698704428333598 -1.6989999352643486 -1.699189406656022 -1.6993585072466597 -1.6995243582326278 -1.6996519016953948 
# Stellar mass-weighted [Mg/Fe]:
0 -9.71445146547012e-17 -9.71445146547012e-17 0.9291396395548015 1.0038183200507775 0.8918349623551811 0.7526181824314324 0.6940669483443069 0.4198537098727382 0.05588059966428516 -0.13926478289186156 -0.25120109273013 -0.32113260873885485 -0.3675134179788972 -0.4011936205232219 -0.42790947882064895 -0.4499672946342893 -0.4687549194173408 -0.48510870889391683 -0.4995731266101066 -0.5125399704772836 -0.5242985035359203 -0.5350512980480573 -0.5449425422813058 -0.5540880709451398 -0.5626187171154662 -0.5705693172677473 -0.577936866352374 -0.5848894974954684 -0.5914447445564545 -0.5976404552953869 -0.6035167342693406 -0.6090929394778316 -0.6143863683585138 -0.6194153939874948 -0.6242143001587769 -0.628790928867634 -0.6331279213385771 -0.6374211714489403 -0.6412121658438036 -0.6450933543222132 -0.6485438300067594 -0.6520956169103279 -0.6552583677857319 -0.6585347185351549 -0.6614638463160462 -0.6644955902772567 -0.6672169886279354 -0.6700325565837203 -0.6725640995633981 -0.6752288279312291 -0.6776127412845973 -0.6801163732920947 -0.6823843917163755 -0.6848019225693573 -0.6870011807419938 -0.689323612855097 -0.6914227644746742 -0.6936327427729538 -0.6956735797205501 -0.6978269228475711 -0.6997879592615057 -0.7018466470160314 -0.7037009470627038 -0.7056631979209604 -0.7074334074965966 -0.7093280626475582 -0.7111175778271225 -0.7129461787189646 -0.7146137984893458 -0.716382081908331 -0.7179813820095491 -0.7196659803897195 -0.7212075345236395 -0.7228467225975369 -0.7243504825022027 -0.7259316556369108 -0.7273638217848543 -0.728888356363053 -0.7302957545207079 -0.7317838322302489 -0.7331330938588456 -0.7345608345316984 -0.735871033079178 -0.7372928692950863 -0.7385888767065603 -0.7398974500688278 -0.741117172341923 -0.7424548321656024 -0.7436693950084787 -0.7449594423794657 -0.7461292399453426 -0.7473680138254866 -0.7484970879550084 -0.7496883020950676 -0.7507867971160366 -0.7520211129940819 -0.7531180856885588 -0.7542691505157498 -0.7553050899309958 -0.7564177386541687 -0.7505756639986969 -0.748727169283835 -0.7474526541548642 -0.7464121150823363 -0.745511751349972 -0.7447101524837458 -0.7439898422278703 -0.7433376128097775 -0.7422037791248903 -0.7381151926427371 -0.7335416330824748 -0.7308763689363 -0.72922259637512 -0.7280726317747487 -0.7267886325579364 -0.7259907958124467 -0.725445155878927 -0.7253444959057621 -0.7250725894541615 -0.7248791138453092 -0.7245810163235785 -0.7245763634184156 -0.7244720498203167 -0.724463376928913 -0.7242065672403937 -0.7243352000034964 -0.7244433600270493 -0.7246532078587409 -0.7250885665519843 -0.7259065718452324 -0.7263204613334318 -0.7270890043274354 -0.7276735794447027 -0.728170485361897 
# Gas [O/Fe]:
-2.220446049250313e-16 -2.220446049250313e-16 1.174698294507742 1.2167847657083333 1.0686752507521877 0.8207294226763437 0.6935970880485984 0.06224925073862608 -0.6273084792746044 -1.005587085087227 -1.2426541043337673 -1.3817822430634807 -1.4537305222888284 -1.4861766005048145 -1.499910247876599 -1.504966971603176 -1.5062665324801117 -1.5059201801966022 -1.5050373947877858 -1.5043290004707228 -1.503985099667606 -1.503910309933056 -1.5040711724746494 -1.5043510728666594 -1.5045845325497398 -1.5047246729877344 -1.504739003931746 -1.5046467055308228 -1.5046359714712907 -1.504619340168115 -1.5042378565795642 -1.5041227633392915 -1.5039932756426202 -1.5037935092164925 -1.5035748735866254 -1.503094208151908 -1.5024332684751793 -1.5016938693457331 -1.5008761651806908 -1.5003233716579265 -1.4996052608826071 -1.4986885593418307 -1.4979586688929358 -1.4974009597482745 -1.49678027515965 -1.4962766122319129 -1.4956180377675872 -1.4951485463928955 -1.4946778501644216 -1.4941579232792441 -1.4933076946925465 -1.4931218246503897 -1.4927990898985002 -1.4927933799683177 -1.4933333586688398 -1.4935246636720265 -1.4917897191438168 -1.4917853991159928 -1.4917589664350914 -1.4919274118559522 -1.4919855431566822 -1.4919595153239937 -1.4919265909492785 -1.49196875512026 -1.4915709451138266 -1.492111917723558 -1.4924795210964878 -1.491528875646745 -1.4916990519336812 -1.4920210260163291 -1.4915833725575944 -1.49147145409861 -1.491340408989523 -1.4916137208908546 -1.4920068808887257 -1.4919670798552012 -1.4917890483844505 -1.491898469099945 -1.4919941288659229 -1.4920602513629988 -1.4918668841970177 -1.4923426509441937 -1.4920052768481167 -1.4917662336950106 -1.4923098631726626 -1.4930896139709937 -1.4921072226705758 -1.4917886239018312 -1.4916883749850176 -1.4925981786662068 -1.492762754134615 -1.4926430673213245 -1.4923271635773179 -1.4922413585958298 -1.4921183152024333 -1.4926999684237943 -1.492784914754849 -1.492245647460584 -1.4919197816312453 -1.4925301557299746 -1.4931197504350853 -1.492692694958137 -1.4936338458610685 -1.4942086642649206 -1.4937217867646038 -1.4938075770557326 -1.4937481631547516 -1.493351312723154 -1.4931085789546545 -1.4930495646176598 -1.493231795387978 -1.4934010103673823 -1.4938835033479245 -1.4943448414942941 -1.4948655087315053 -1.4957088213257577 -1.4965499605327224 -1.4972965542991934 -1.4975644759177222 -1.498129715235478 -1.4987255146488947 -1.4993009792299419 -1.499650625050851 -1.499829984411813 -1.500456998214424 -1.5011550103783464 -1.5023044273655195 -1.5032132385657544 -1.5039050478274998 -1.5044147284294422 -1.504831166704751 -1.505176594848148 -1.5054727445551501 -1.5057087628929593 -1.505917747192916 
# Stellar mass-weighted [O/Fe]:
0 0.0 0.0 1.1380213053380914 1.2155571819044937 1.0886526735000426 0.9247103983950447 0.8559383344284388 0.5794301933279722 0.21609798855964857 0.02217771578577299 -0.08873220872481746 -0.15793214266214628 -0.2038011540095377 -0.2371336716207466 -0.2635989599240165 -0.2854800949070404 -0.30414913554944745 -0.3204380719988996 -0.33488505924224243 -0.34786090899444067 -0.35962913613524017 -0.370384467624604 -0.3802778878033427 -0.38942659437156235 -0.3979293007870185 -0.40586502117586676 -0.4132996808565539 -0.4202832668732902 -0.42686692759696865 -0.433090998836301 -0.4389863523849711 -0.44459000399122606 -0.44991943069697404 -0.4549960409909125 -0.4598515046837478 -0.46449759622543474 -0.4689454305120998 -0.47337863351726606 -0.4773218037970498 -0.48137159624723025 -0.48499532436338144 -0.48873325588914596 -0.4920881408123121 -0.49556241211517404 -0.4986899243044116 -0.501936414988008 -0.5048647715456811 -0.5079066529478669 -0.5106574424256025 -0.5135262150048199 -0.5161153700284336 -0.5188258212099288 -0.5212688293739558 -0.5238359689836545 -0.526153940214016 -0.5285912949891076 -0.5307917789308382 -0.5330970638053811 -0.5351915197085185 -0.5374061366257684 -0.5394083773374213 -0.541511722774161 -0.5434276141446358 -0.5454355378102644 -0.5472559547037649 -0.5491911584708273 -0.5509493527164295 -0.5527903102364249 -0.5544711441631061 -0.556254116036103 -0.5578696171828029 -0.5595760032579686 -0.5611263298987771 -0.5627755701410317 -0.5642838779818629 -0.5658693973704862 -0.5673073340718962 -0.5688390031975844 -0.5702431352808573 -0.5717263822139849 -0.5730671735254669 -0.5744916082860105 -0.5757941398872043 -0.5771884878042001 -0.5784624614998128 -0.5798013355108881 -0.5810151807569903 -0.5823175194207959 -0.583512920723159 -0.5847841024279713 -0.5859330387262095 -0.587149891427821 -0.588258816638328 -0.5894543153798535 -0.590550828922502 -0.5917197103029546 -0.5927791895854524 -0.5938995108819161 -0.5949182716469208 -0.5960107663839834 -0.590170904221001 -0.5883138945372158 -0.5870292837982279 -0.5859772837245104 -0.5850658667417737 -0.5842543496582248 -0.5835248912514966 -0.5828642027443719 -0.5817146417312598 -0.5775542809940233 -0.5728863523326277 -0.5701607281969746 -0.5684683925563907 -0.5672881621231683 -0.565968884373616 -0.5651487714139491 -0.5645863512517411 -0.564483263301336 -0.5642008317331062 -0.5639993622310862 -0.5636933054506457 -0.5636843039987359 -0.5635766952190615 -0.5635662703730501 -0.5632996238845329 -0.5634239777190997 -0.5635289796868103 -0.5637363626354651 -0.5641722334740543 -0.5650036111041568 -0.5654158069701178 -0.5661966700570039 -0.5667817349773303 -0.5672857890642887 
# Stellar mass-weighted [N/O]:
0 0.0 0.0 -1.5710938228691824 -1.87995332235817 -1.7684118068822485 -1.475325966436618 -1.1552935438762124 -0.9097516699878512 -0.7388249256826827 -0.622836599571952 -0.5439289506263889 -0.49214942391303884 -0.4580637259689735 -0.4329201181732487 -0.4115212570913749 -0.3918068005832065 -0.3719523184288964 -0.351236985055688 -0.330470510105066 -0.31134524614041315 -0.29556189130620947 -0.2829772592754567 -0.2728542767170108 -0.2644568971312007 -0.25761879467180604 -0.25286617013538404 -0.25048337018163 -0.250012953375945 -0.25102261917227486 -0.25316850687258463 -0.256212471520221 -0.2599818266454119 -0.26435993541886904 -0.26913786668786477 -0.2737648689339416 -0.2776876866781799 -0.2809225958345807 -0.28363311370161526 -0.2859302765305214 -0.2879759127764445 -0.2897631388849613 -0.2914102542076289 -0.2929087044228216 -0.29430830132098307 -0.2955481799287314 -0.296740714443406 -0.29783840416523955 -0.2988941574322235 -0.29986306988662537 -0.30079797711315215 -0.30166695589062664 -0.3025011398520241 -0.3032831247084016 -0.3040299911861517 -0.3047309029913774 -0.3054071776570093 -0.30604776163601244 -0.30666784862183416 -0.3072428702940928 -0.3078172893763438 -0.30834866506225755 -0.3088798065561733 -0.3093645510293608 -0.30984644253872684 -0.310305854159697 -0.31075855532488506 -0.31118020393456103 -0.31161866036031416 -0.3120067964331865 -0.3124130023431164 -0.31277802054980164 -0.31314460929499366 -0.3134884061062535 -0.31386250508547064 -0.31420088857800055 -0.3145473144162505 -0.31486023895092896 -0.3151777608959807 -0.3154630061631274 -0.31576906276084404 -0.31606608428782823 -0.3163793191091957 -0.316660840710157 -0.3168872204527369 -0.31713841810805077 -0.3174020929527084 -0.3176584160012206 -0.31791436908387594 -0.3181449458520027 -0.31837502799519046 -0.3186046527658295 -0.31883925792325196 -0.31905558680852164 -0.31928871205496967 -0.3194936424595556 -0.3197010853535509 -0.3199017962658355 -0.32011669881530347 -0.3203184376922592 -0.3205259915204892 -0.3198663395359831 -0.3196897528407381 -0.3195779641165444 -0.31950610884717046 -0.3194591630881858 -0.31942688448061496 -0.3193999431008576 -0.3193725365486795 -0.3193049572076716 -0.3191935161064938 -0.31917435572362973 -0.31919845790029244 -0.3191154239041285 -0.31902790578292795 -0.3189939177420993 -0.3188592953824758 -0.3187081286709579 -0.31861918031180125 -0.3185521859100011 -0.31833711131274534 -0.3182811696096637 -0.318080141049657 -0.3180870557085276 -0.317783832526789 -0.31772699662264103 -0.3171331738298375 -0.3167180937621108 -0.3162617879953673 -0.3156336819728325 -0.3147424583266212 -0.3141224737654811 -0.3133411645973274 -0.31258388216020117 -0.3120786706040961 
# Stellar mass-weighted [C/O]:
0 -1.1102230246251565e-16 0.0 -1.190270170550822 -1.282289837682568 -1.166158825427427 -1.0102489832716284 -0.9463984503378218 -0.9132691390040062 -0.8677459617817289 -0.8294804695707245 -0.800646570767279 -0.7787394040168747 -0.7619340453927022 -0.7482643613216298 -0.736279111316569 -0.725466114597579 -0.7153844712237519 -0.7057829356698817 -0.696636288647882 -0.6878916653294106 -0.679460292016415 -0.6713256582107553 -0.663517467453345 -0.6560146224662675 -0.648522273954023 -0.6402439066741296 -0.6307576122657661 -0.6203417347541236 -0.6093606083724934 -0.5981592199927472 -0.5869226140059185 -0.5757368622419051 -0.5647058308959815 -0.5538460961730586 -0.5427801449673609 -0.5313738828017873 -0.5196859214409648 -0.5075054980724127 -0.49579256397068594 -0.48382392091071236 -0.47267150884778264 -0.46118782901359634 -0.45033800327483564 -0.43922066477760047 -0.42883814540582 -0.41820712152869755 -0.4083660312004638 -0.3981754613598648 -0.38873792078031233 -0.3791776571603518 -0.3702218188755556 -0.36129173164926587 -0.35308258929277725 -0.34496572793138625 -0.33754231813305247 -0.3299646252858768 -0.3233144725577578 -0.31629834386950373 -0.30985972400977757 -0.30352892221652217 -0.2975545392785348 -0.29130338518622423 -0.28580625654632663 -0.2801069926634414 -0.27467101706782415 -0.2691681903783325 -0.26442868234869665 -0.25948241414376727 -0.25505710384738334 -0.250639387561821 -0.2468837970750668 -0.24281092540024607 -0.23900473649890253 -0.23519077777067576 -0.2320120888175768 -0.2286066199917176 -0.22536054816088374 -0.22194862224522421 -0.21909865378853333 -0.21623527061355252 -0.21356435339323038 -0.2106023153856046 -0.20790660340185085 -0.2052966114985057 -0.2030863686318417 -0.20065770801452282 -0.19837299895885852 -0.19584184467508547 -0.19361690238686563 -0.19156420727618967 -0.18973183149312628 -0.187677644211032 -0.1857227644868042 -0.18355376034815796 -0.18165108481070918 -0.17986461186119007 -0.1783419053416994 -0.17661795619957865 -0.17499792417787208 -0.17319822722922262 -0.1831866785172948 -0.18642307327585705 -0.18868367124686808 -0.19053486248494117 -0.1921350989319956 -0.1935560120907337 -0.1948343963171295 -0.19599795649747476 -0.19804931871512027 -0.20542060019188352 -0.2136741043555085 -0.21848287586882265 -0.22157403938722287 -0.22377018344540356 -0.22616410292556977 -0.22777209474233961 -0.22893327008278047 -0.2292046029166679 -0.2297890014562301 -0.23037959424644977 -0.2309801343901357 -0.23120769123590212 -0.23139602707307988 -0.23172380289107258 -0.2322674921341028 -0.23267484981244235 -0.23292637835629348 -0.23303909552401703 -0.23291990667030926 -0.23236731832999064 -0.23229421533446143 -0.2317117406257297 -0.23147337622156916 -0.23110162642774845 
# Stellar mass-weighted [O/H]:
0 -5.02011865111616 -6.517393134486664 -4.975025435707135 -3.2742905473230124 -2.761612460982117 -2.6592112062668694 -2.6498678395926447 -2.6697196066590365 -2.689948870972814 -2.7049627237587943 -2.7148296294171192 -2.721030034657643 -2.72499153591889 -2.7275346501655235 -2.72918907042454 -2.730289043690883 -2.7310209560860113 -2.7314978597325217 -2.731796003100502 -2.7319692043771724 -2.73205065622036 -2.7320666301967167 -2.7320252220612335 -2.7319373246246963 -2.7318161037265174 -2.731673598071387 -2.7315084676901833 -2.7313220374450866 -2.731121216845864 -2.7309130943986686 -2.730694136709155 -2.7304687552190394 -2.7302349999724846 -2.729996363030229 -2.7297634892903764 -2.729531763022502 -2.7292871770352614 -2.7290213782058954 -2.72879518618704 -2.72853711079457 -2.72831145278467 -2.728059296743833 -2.7278313802497083 -2.7275826692190837 -2.7273610616944666 -2.7271152777234606 -2.7268960402589792 -2.72665464531996 -2.726438806093964 -2.7261974819074295 -2.7259913422922324 -2.725759861562042 -2.725555506340509 -2.7253281084327305 -2.725123627647579 -2.724911878992982 -2.7247129528505107 -2.7244873302036483 -2.724303467849782 -2.7240986830090756 -2.723898419727255 -2.7236978873076634 -2.723522972337114 -2.723313673126757 -2.723125125089635 -2.722944365276815 -2.7227764914052504 -2.722570252722556 -2.722394060866333 -2.7222220196008875 -2.722058002933612 -2.7218591839105297 -2.721683765665383 -2.7215223245012785 -2.721375712161759 -2.721192375162749 -2.721016384216342 -2.720846943791315 -2.720710998517694 -2.7205524156072878 -2.7203888056337586 -2.7202057479537958 -2.720059004810598 -2.719917756200674 -2.719786788984737 -2.719623876137823 -2.7194562982880983 -2.7192858472985053 -2.7191621593078734 -2.7190391119632578 -2.718910489088694 -2.7187498091822615 -2.718591469057678 -2.718428753960568 -2.7183082988983838 -2.7181931196582747 -2.718077144059756 -2.7179299118557694 -2.717783645289675 -2.717623788945038 -2.7184739673271983 -2.7187800371984503 -2.7190127333100156 -2.719192444653718 -2.719333653293015 -2.719449499034546 -2.7195502265385816 -2.7196420476207352 -2.7198666179677353 -2.720629368586258 -2.7215094302220804 -2.7220033175931553 -2.7223485581895766 -2.722660456411819 -2.7229484940936404 -2.7231336876295362 -2.723282295221577 -2.723284459186094 -2.72340507271199 -2.723489447754087 -2.723522633257504 -2.723589517374588 -2.7236066299241966 -2.7236201378172025 -2.7236828652404412 -2.723698342352848 -2.723717168387652 -2.7237261307942244 -2.723702916769862 -2.7235489178274968 -2.7235424060343165 -2.723401560881383 -2.7233718232843165 -2.7232865739959227 
# Gas [Mg/H]:
-5.02011865111616 -6.670636100323 -5.10390910786812 -3.131598256821526 -2.3951381428090954 -2.118691865193979 -1.9480185703834225 -1.8287208062654088 -1.7034579440437145 -1.5497794655539323 -1.3449062743807376 -1.0813642910767758 -0.7778702422669204 -0.4764205368063976 -0.23329643742611594 -0.08066404212944978 -0.005814329152625142 0.02626287258476534 0.0404150641137937 0.04665701075987805 0.04775947326368968 0.045938654387889244 0.04346198807327184 0.04034866695400119 0.03347375512659756 0.030093318005395275 0.03782675124943413 0.03716087581926608 0.03646580278860867 0.03599236335942724 0.034647654557929286 0.034842130278165406 0.035827760859617364 0.03772789277618216 0.041021343288693224 0.04787421907942058 0.06071388012696133 0.07353018116181786 0.0865749491057537 0.09961331265446649 0.11100604637890754 0.122825635591572 0.13407909136293394 0.1435994021236997 0.1537006293275054 0.16344647619843666 0.1727784904651779 0.18218415052678338 0.19123172315704728 0.19498662429519076 0.2016986171992432 0.20829795882345703 0.20898408086187992 0.2068630359593202 0.2019715199810248 0.19718015890994156 0.19908989674284072 0.19404503563922226 0.1843576110425431 0.18344098427610422 0.1764748082989671 0.17028407113121524 0.17487143853025255 0.17166239850814957 0.1691020402510679 0.16487621162361865 0.14972789046443413 0.1474939635988406 0.14147744084336278 0.13882652083167546 0.14168959249727298 0.13955122388965524 0.13081418229182606 0.12688329957778688 0.1287651450384626 0.12580799534835574 0.11988696486706996 0.11408063542827218 0.11269882921625296 0.11274955688529698 0.10811863612145434 0.10062520565802568 0.09401804785393697 0.08778521840828102 0.08896432820748057 0.10274804464585952 0.09412323716028759 0.0744829091780268 0.0711224631483125 0.07529844035259003 0.07608838244037841 0.07127263401067019 0.06464102764876145 0.0662528862666738 0.0655675984519215 0.04602449975227163 0.04876098094450576 0.04845832532879335 0.04868382302734542 0.04203759278361208 0.035480299887510114 0.03181934794601293 0.032721663077657226 0.03482278302227737 0.035734605188245006 0.03543304586318019 0.03450633325637664 0.033319414547898774 0.0319015615184286 0.031319500288892854 0.027997401492268814 0.020996632223637235 0.017455092094669666 0.014856278614587382 0.01195159292520831 0.011544335622046376 0.01202780556855565 0.013118858383856846 0.013123227308532215 0.014289656212751467 0.015986250442209027 0.01873617695191765 0.020536125762150803 0.02197425396596575 0.025566966139239256 0.03167802247512874 0.04235536246170302 0.05222727962229268 0.05900383371466411 0.06341821364822131 0.06573447822832801 0.06836280891352953 0.0693803694436026 0.07001114272239484 0.07077218247264039 
# Gas [C/H]:
-5.020118651116162 -6.670636100323 -6.125575216637271 -4.203575773462548 -3.3487287034483852 -2.8770260428303835 -2.610637440370838 -2.390259731795842 -2.0406813267872588 -1.6601544950179017 -1.2709446849832924 -0.8798246901143134 -0.4998796863012167 -0.1574328881114524 0.10992160850556942 0.27811855922847295 0.36526841788412456 0.40804736722930235 0.4311209407150183 0.44649918923533916 0.4592659660757059 0.47086136346568574 0.4814697867327391 0.4909465945185567 0.5033402541589154 0.5281552998091983 0.5659633834730777 0.6073829263132176 0.6474424795491949 0.6836406441285385 0.716033825613807 0.7452242567071052 0.7710575741171475 0.7943077748646044 0.8207347780792578 0.8516957053658749 0.8837081710740553 0.9145065084034374 0.9443115064192877 0.9714242474566506 0.9938001691721174 1.0167167975742548 1.0379048341228558 1.057973558925641 1.076532980587805 1.0937139724116824 1.1096575517615341 1.125498872009862 1.1400976314301086 1.1523111777937918 1.1650291801774677 1.1763077029304818 1.1846418906743987 1.191452076787042 1.197055539939917 1.2020753509308006 1.20739681427863 1.2118476446401303 1.2161651226067258 1.2210062925599607 1.2251579099769114 1.229206596530227 1.233535095578591 1.2372823959443826 1.2407077192798859 1.2438143876171566 1.246247160202425 1.2452429863857737 1.2405705950589834 1.2378809846719552 1.23522623426883 1.232239959422119 1.2282042359277732 1.225054267439595 1.2230606085848654 1.2197281814432146 1.2160634826508443 1.2124685802624704 1.2097010311497578 1.2068127869901075 1.2030721815441208 1.1990462031049747 1.1953460000480254 1.1924815039537657 1.189953538535602 1.1866297814809856 1.182160548412408 1.177848565267122 1.1750147271378646 1.172931164161303 1.1702631154928396 1.1666831940988018 1.162847687884307 1.1589775877452686 1.15550425746898 1.1534981294885296 1.1511215967204453 1.148633302886291 1.144741610978294 1.140172922227523 1.1330161329249577 1.131611087745528 1.133739484382378 1.1339796700800475 1.1331490198470409 1.1320827635031265 1.1307633045239927 1.1293345890702753 1.1279508029071916 1.125686001350929 1.1148235119593597 1.0935699207834588 1.0730045549830893 1.0531505834709112 1.035356388687596 1.013276887079607 0.9943224578494414 0.9776411500183855 0.9721053850965315 0.962439850435886 0.9490761675613353 0.9383721484896754 0.9319595717574343 0.9294342415611441 0.9185633845007577 0.9082575653927991 0.8910880741495961 0.8780036483662998 0.8668944343290943 0.8567006648491469 0.8469392249479561 0.8391603344297827 0.8311795569767031 0.824053660283139 0.8178993837085407 
# Gas [O/H]:
-5.02011865111616 -6.670636100323 -4.893319133768957 -2.9198152780612396 -2.2010513462434345 -1.9668640332264733 -1.819242333594599 -1.711686972271993 -1.5893360661625424 -1.4317255194356182 -1.217949580226625 -0.9433419028409373 -0.6298511889088401 -0.3216994692170614 -0.07404624622134692 0.08071517154806074 0.15568096534448195 0.18572304249397353 0.19606426805735833 0.19842363252056971 0.19739315030453586 0.19499001174200092 0.19220939665802605 0.18884320460751924 0.18554440759693458 0.18300025410610488 0.18150995253585167 0.18000690778849426 0.1785186844821678 0.17723386304623912 0.17647497074950325 0.1755572246844639 0.1744816988925404 0.17318009617065355 0.17285751745674505 0.17499614124958196 0.17770926736622217 0.17942990170315776 0.1821228602290157 0.185310447824798 0.18735771897686515 0.1905592325034 0.19271285390292814 0.19491516902900985 0.19730590491199784 0.1990534256254155 0.20160824965326762 0.2030746893559452 0.2051857219013935 0.2067137527393088 0.20838154287775623 0.21152185647229294 0.21202331240674965 0.21427559289057907 0.2142035042482462 0.21408805267504727 0.21989252357883382 0.2191815322580526 0.2189932851822367 0.22376058649495834 0.2234405864186888 0.22254802582251054 0.22611847973327937 0.22750124953194595 0.22570942595140986 0.22593111085864148 0.2300899523147102 0.2297648830305703 0.22581157315910305 0.2261186818543397 0.2300672007161637 0.22826097101243592 0.2233406109623255 0.22268064779182195 0.2276942065319516 0.22753617914369206 0.22307895464221028 0.21935466763066014 0.2223071102493197 0.22605737012715377 0.22478301659468025 0.2191866407058476 0.21570419429206522 0.2192889667072797 0.2240731441916326 0.22288920295936165 0.21951456324476837 0.21370812130905037 0.21275153821453285 0.21954095265234308 0.22277405327282374 0.22107251350421997 0.2166027595900868 0.21082052620995118 0.20913740384202528 0.21512933545064117 0.2204410431623316 0.22103359964180314 0.217727568458848 0.21145157563865613 0.20466889590755954 0.2048426645844148 0.20729050435440444 0.20966342822840955 0.21165994733105142 0.2119556332989081 0.21156255162355908 0.21089606430732477 0.20987490822562238 0.21006283706874607 0.20987513772467947 0.207909449655995 0.20715431045828891 0.20561453826620024 0.2051821259208686 0.20617527046436113 0.207278108111713 0.20875908970481083 0.20879488614102204 0.21015567447372163 0.2116950884178066 0.21453731817780053 0.216287338936052 0.2176807015089679 0.22120838864498094 0.22713187101893384 0.23750781422948197 0.24689551200644333 0.2535073914698449 0.25770791355237677 0.25990324678792565 0.2623756207214041 0.26326613213511285 0.2638267380620638 0.2645063369751188 
# Gas [N/O]:
0.0 0.0 -1.684824391823982 -1.8863236149847045 -1.751228241542282 -1.327069793768168 -0.8203855676953284 -0.3676573747388352 0.0072822058005240775 0.3068269519012232 0.5246817195828579 0.6533936383511065 0.715355341582683 0.7413689164364587 0.755537336054473 0.7691181263121752 0.7907717845213329 0.8215327857369323 0.8540900663646224 0.8786269039288921 0.8870958364905314 0.8834485128275431 0.87304464301358 0.8599650305029986 0.8429673286769899 0.8145907455694509 0.7701336499162178 0.7129169247830239 0.6442541853826032 0.5636138382702142 0.46777884535122494 0.35114520970130725 0.20027791297631303 -0.007651308267973889 -0.282399184717226 -0.5763224576220873 -0.8483543292261884 -1.0525450791173856 -1.1797707658942849 -1.2664849142753143 -1.2742673642837343 -1.2885151631542482 -1.3281290899067804 -1.3461561035899465 -1.2798640083659367 -1.2873981942188149 -1.300473884431565 -1.309518312345661 -1.3158306631160928 -1.3168799261758717 -1.3222933552168947 -1.324351683390478 -1.3171237944481793 -1.302841132439779 -1.2907433768294645 -1.2832898772094818 -1.2790316723599928 -1.255068673695125 -1.2410867510503532 -1.2403586137703249 -1.2327577602197985 -1.2168927855754972 -1.207381267122238 -1.1926431237567803 -1.1794508942846438 -1.1907851313641662 -1.1956183800554232 -1.1933625868288904 -1.158978337660431 -1.197839625816628 -1.1647218937741415 -1.1360013175672838 -1.1228547904742698 -1.1934368172468703 -1.2095910651408173 -1.203380097218226 -1.163409486748686 -1.160550187132427 -1.155825485352341 -1.1719227218397816 -1.1747877253794288 -1.21799204109525 -1.2403314775041205 -1.1099346812429092 -1.12245095071322 -1.120457423812176 -1.1353150695654137 -1.1514156147065475 -1.1621244417204437 -1.147937276448602 -1.1502031579556675 -1.1334574942806943 -1.1233003259017829 -1.1625158006576197 -1.1606080134368377 -1.1602798134208476 -1.1606873151335169 -1.1553347060959425 -1.156507525715743 -1.1670828855125301 -1.1428598750827312 -1.1376193764192706 -1.1386547630019093 -1.1313784893354304 -1.1367455852995285 -1.1384282453646233 -1.1405590760204354 -1.142995621383034 -1.1452808247194133 -1.1431905232027089 -1.1525291351966342 -1.1606092773357592 -1.1670502833210366 -1.170999814884925 -1.175014620912893 -1.1829112906132293 -1.1911710540182883 -1.1998985864759475 -1.20198256259826 -1.2065683736206556 -1.2151122137077253 -1.2231106258259752 -1.2279378189140089 -1.2309142234089765 -1.2399206865330505 -1.2517099827449374 -1.2725910664624327 -1.2904282694619513 -1.3048912190719566 -1.3158299167826373 -1.3249320722454812 -1.331839830094971 -1.3379861319833664 -1.3433899118046742 -1.3469720242688075 
# Gas [N/H]:
-5.02011865111616 -6.670636100323 -6.578143525592939 -4.806138893045944 -3.952279587785716 -3.2939338269946417 -2.639627901289927 -2.079344347010828 -1.5820538603620182 -1.1248985675343954 -0.6932678606437674 -0.2899482644898308 0.0855041526738427 0.4196694472193969 0.6814910898331257 0.8498332978602359 0.9464527498658151 1.0072558282309059 1.0501543344219804 1.0770505364494616 1.084488986795067 1.078438524569544 1.065254039671606 1.048808235110518 1.0285117362739244 0.9975909996755554 0.9516436024520698 0.8929238325715181 0.8227728698647709 0.7408477013164538 0.6442538161007278 0.5267024343857711 0.374759611868853 0.16552878790267922 -0.10954166726048165 -0.40132631637250515 -0.6706450618599664 -0.8731151774142276 -0.9976479056652687 -1.0811744664505172 -1.0869096453068687 -1.0979559306508486 -1.1354162360038522 -1.1512409345609367 -1.0825581034539393 -1.088344768593399 -1.0988656347782984 -1.1064436229897154 -1.1106449412146997 -1.1101661734365633 -1.113911812339138 -1.112829826918185 -1.10510048204143 -1.088565539549199 -1.0765398725812183 -1.0692018245344341 -1.059139148781159 -1.0358871414370725 -1.0220934658681164 -1.016598027275367 -1.0093171738011097 -0.9943447597529875 -0.9812627873889586 -0.9651418742248339 -0.9537414683332344 -0.9648540205055252 -0.965528427740713 -0.9635977037983192 -0.933166764501328 -0.9717209439622891 -0.9346546930579773 -0.9077403465548475 -0.8995141795119439 -0.970756169455048 -0.9818968586088657 -0.9758439180745349 -0.9403305321064765 -0.9411955195017674 -0.9335183751030209 -0.9458653517126283 -0.950004708784749 -0.9988054003894025 -1.0246272832120553 -0.890645714535629 -0.8983778065215873 -0.897568220852814 -0.9158005063206449 -0.9377074933974967 -0.9493729035059113 -0.9283963237962585 -0.9274291046828438 -0.9123849807764746 -0.9066975663116956 -0.951695274447669 -0.9514706095948116 -0.9451504779702065 -0.9402462719711853 -0.9343011064541393 -0.9387799572568944 -0.9556313098738745 -0.9381909791751717 -0.9327767118348556 -0.9313642586475055 -0.9217150611070206 -0.9250856379684773 -0.926472612065715 -0.9289965243968767 -0.9320995570757091 -0.9354059164937905 -0.9331276861339628 -0.9426539974719548 -0.9526998276797647 -0.9598959728627472 -0.9653852766187248 -0.9698324949920245 -0.9767360201488682 -0.9838929459065744 -0.9911394967711367 -0.9931876764572385 -0.9964126991469335 -1.0034171252899187 -1.0085733076481747 -1.0116504799779573 -1.013233521900009 -1.0187122978880705 -1.0245781117260035 -1.0350832522329503 -1.043532757455508 -1.0513838276021117 -1.0581220032302605 -1.0650288254575555 -1.0694642093735665 -1.074719999848254 -1.07956317374261 -1.0824656872936886 
# Gas [C/O]:
0.0 0.0 -1.2322560828683151 -1.283760495401309 -1.1476773572049506 -0.9101620096039107 -0.7913951067762393 -0.6785727595238492 -0.45134526062471636 -0.22842897558228348 -0.05299510475666713 0.06351721272662378 0.12997150260762358 0.1642665811056095 0.1839678547269168 0.19740338768041246 0.2095874525396425 0.22232432473532854 0.2350566726576603 0.24807555671476988 0.26187281577117016 0.27587135172368465 0.2892603900747133 0.30210338991103713 0.31779584656198073 0.345155045703094 0.38445343093722556 0.4273760185247232 0.46892379506702736 0.506406781082299 0.539558854864304 0.5696670320226416 0.5965758752246072 0.6211276786939508 0.6478772606225129 0.6766995641162932 0.7059989037078334 0.7350766067002797 0.7621886461902719 0.7861137996318528 0.8064424501952524 0.826157565070855 0.8451919802199277 0.8630583898966314 0.8792270756758075 0.8946605467862674 0.9080493021082671 0.9224241826539163 0.9349119095287153 0.9455974250544833 0.9566476372997109 0.9647858464581892 0.9726185782676493 0.9771764838964628 0.9828520356916705 0.987987298255753 0.9875042906997965 0.9926661123820776 0.9971718374244891 0.9972457060650026 1.0017173235582228 1.0066585707077165 1.0074166158453122 1.0097811464124362 1.0149982933284762 1.0178832767585155 1.0161572078877148 1.015478103355203 1.0147590218998805 1.0117623028176153 1.0051590335526666 1.0039789884096835 1.0048636249654475 1.0023736196477735 0.995366402052914 0.9921920022995226 0.9929845280086342 0.9931139126318101 0.9873939209004379 0.9807554168629535 0.9782891649494407 0.9798595623991271 0.9796418057559602 0.9731925372464864 0.9658803943439692 0.9637405785216242 0.9626459851676394 0.9641404439580715 0.9622631889233317 0.95339021150896 0.9474890622200157 0.945610680594582 0.9462449282942204 0.9481570615353176 0.9463668536269545 0.9383687940378884 0.9306805535581141 0.9275997032444876 0.9270140425194461 0.928721346588867 0.9283472370173982 0.9267684231611136 0.9264489800279735 0.9243162418516377 0.9214890725159893 0.9201271302042187 0.9192007529004333 0.9184385247629507 0.9180758946815695 0.9156231642821829 0.9049483742346802 0.8856604711274637 0.8658502445248002 0.8475360452047105 0.8301742627667276 0.8071016166152459 0.7870443497377283 0.7688820603135742 0.7633104989555094 0.7522841759621645 0.7373810791435285 0.7238348303118746 0.7156722328213828 0.7117535400521764 0.697354995855777 0.6811256943738655 0.6535802599201139 0.6311081363598565 0.6133870428592495 0.5989927512967701 0.5870359781600301 0.5767847137083788 0.5679134248415906 0.5602269222210754 0.5533930467334214 
# Gas [Ca/H]:
-5.02011865111616 -6.670636100323 -5.372451069357712 -3.404534030352959 -2.6588313642302346 -2.3601367100146184 -2.1693645815837437 -1.7596666851034959 -1.0895754716648076 -0.5795878489888198 -0.13695488484977414 0.27362312318170456 0.6577583595088976 0.9971133000218533 1.257895393610891 1.4193879625707337 1.4955662313690157 1.5249931296959458 1.5342347861101517 1.5358062460920898 1.53434613945225 1.5318548574035802 1.5292296996542785 1.52613068153586 1.5230484276990737 1.5208591792897943 1.5195129107751395 1.5173800612154187 1.5159031418386402 1.5146779210951564 1.5136730558226565 1.5127303389546434 1.5112906881273274 1.5098180964137304 1.5093005518646452 1.5110902590673128 1.5135732606264298 1.5162436229760088 1.517990818050742 1.516843146338175 1.518192011602621 1.5213361504570901 1.5231374999873015 1.525058096561943 1.5269455532627054 1.5282328136624699 1.5302235685815342 1.5310323721735788 1.5327181423102534 1.533731423749395 1.534515826354128 1.5375020444757759 1.537745708676212 1.5399537651494315 1.5403917093321438 1.540507513971817 1.5445890431412872 1.543835485743056 1.5436946502751718 1.54861396897706 1.5482505804395998 1.5474615205287412 1.5513445018974412 1.5530310321243626 1.550668301509221 1.5509169170483776 1.5549889044324754 1.553939403134204 1.5503888443753127 1.5509097845338857 1.5537605794947513 1.5518099324663792 1.548217594243443 1.547840167583348 1.552948488129477 1.5525995500784493 1.5478827952390315 1.5442037481436914 1.5472351505656867 1.5510665653831852 1.5496032220883045 1.5444566468597705 1.5408497881010312 1.5449222146635453 1.5500270275304722 1.5481144170174632 1.5438498728002221 1.5380575822821045 1.5369947740912053 1.5450087175576277 1.5484162475104357 1.5467201679252192 1.5421463810879281 1.5360196175803482 1.5342196456807926 1.5407514027068254 1.546080122649375 1.5462638258974515 1.54264356808803 1.5369520311199407 1.5307218200096644 1.5304286527191904 1.532374865712507 1.534324822235896 1.537216695367741 1.538275213212728 1.5380681670978005 1.5371802212122523 1.5359401459472268 1.5360541880346572 1.5360345175989556 1.5343030585022932 1.5339576503677836 1.5328885964698094 1.5329732935635159 1.5348224349718862 1.536778276143175 1.5389748355194062 1.5392724481798403 1.5412073245773108 1.543335979318611 1.5467646177178187 1.5488655346006093 1.5504376292398634 1.5545959902641417 1.5612103821679213 1.5727359325434733 1.5830284148028113 1.5903361860556737 1.5950469704654688 1.59765980460734 1.6004769074489467 1.6016632889842644 1.6024575807044084 1.6033453873386447 
# Gas [Ne/H]:
-5.02011865111616 -6.670636100323 -5.1111247376117195 -3.1382938741457087 -2.391489941620013 -2.1006503735177473 -1.9435616977132932 -1.8382011280279835 -1.750303915565671 -1.6660332977623105 -1.5696022316768525 -1.443632731449357 -1.2775715523585287 -1.0919326795950397 -0.9206115745553243 -0.8068749493323253 -0.7493884348132687 -0.7289026261812621 -0.7193021551362184 -0.7204953667590255 -0.7211558866816361 -0.7225075862657455 -0.7247839132604499 -0.7276740578421048 -0.7303188234746907 -0.7325210755374387 -0.7337603750556063 -0.7353278218453161 -0.7372107877138685 -0.7358357406926457 -0.7349695478390572 -0.734455867376524 -0.7385862312303173 -0.7371620065691831 -0.7311191670284263 -0.7276998602534714 -0.7212050684519777 -0.7126914403730256 -0.7030712154187135 -0.6908004578791243 -0.6800567376758293 -0.6701265332430708 -0.6721745539317956 -0.6621133337360616 -0.6600653647663624 -0.6535660269381163 -0.6355643197686316 -0.6277303176022588 -0.6221967481052273 -0.6164742495484479 -0.6149048665682972 -0.6066679540101303 -0.6048143694116757 -0.601503421345627 -0.6031697093736881 -0.5920793502021349 -0.5854192645474079 -0.5876643276736635 -0.5879351030776503 -0.5802701318810222 -0.5797166285572777 -0.5775237916761204 -0.5747763719538446 -0.5696966000636783 -0.5787005143800794 -0.568692325364001 -0.5664023031155985 -0.5650543176168057 -0.572341651113045 -0.5727447164943502 -0.5732885777888628 -0.5762103204203273 -0.5842247771256641 -0.5880397440879968 -0.5896312471336156 -0.5848995529127681 -0.5913268749763958 -0.5990635956906871 -0.6038309409315374 -0.59346136223812 -0.59477813278375 -0.6073525338649617 -0.6159096109219435 -0.6112272053657115 -0.6101796080213804 -0.6135099713031842 -0.6173161312999857 -0.63209919362229 -0.6374070293258907 -0.6280852180376142 -0.6269248933215472 -0.6284077934749952 -0.6373680085794922 -0.64256208750162 -0.6495516181986423 -0.6451263450846936 -0.6493223782088284 -0.6527578263507063 -0.6375572065774096 -0.6384570894948904 -0.6597867536812636 -0.6688191552448606 -0.6682741815666144 -0.6648395035626118 -0.6651645831901956 -0.6653601165868688 -0.6652804642065506 -0.6670681696069449 -0.6691636533099734 -0.6708430719993208 -0.6770043463003175 -0.6859206241577329 -0.6923764476256578 -0.6983421325184205 -0.7023093121629493 -0.7050534806138815 -0.706507464510354 -0.7059785400083234 -0.7070388720512604 -0.7059444887116033 -0.7058271079858107 -0.7039618127074565 -0.7026572172212484 -0.7013657311961188 -0.6985886670634178 -0.6933202929365532 -0.6839920785398856 -0.675042139496469 -0.668809790877539 -0.6652995500253214 -0.6634088299676568 -0.6610983027642812 -0.6604191379248752 -0.6600202645931965 -0.6593934813269104 
# Gas [Si/H]:
-5.02011865111616 -6.670636100323 -5.052175000689271 -3.079021982816526 -2.3390956577323214 -2.0527303647038835 -1.8703210284197134 -1.6060111038312268 -1.090243304372395 -0.6238681144210148 -0.19675295501418244 0.207592680990337 0.5891464679374248 0.928171117053513 1.1889008603195808 1.3484833598716985 1.4246698129737805 1.4543385459442741 1.4637920222187755 1.465458151373909 1.4640728432085055 1.4616043845445104 1.4589824628004204 1.4558838375648144 1.4528113762885169 1.450405515499754 1.448932789853353 1.4473534477595105 1.445869383894467 1.444547532174787 1.443380805831104 1.4423421805433287 1.441158465960878 1.439665135547111 1.439120932103981 1.4407948240554758 1.4428606757417377 1.4438334439178626 1.4456942521280767 1.4483257757752863 1.4496621527242297 1.4519924626779748 1.453428268871288 1.4551097820580452 1.4568250892766694 1.457966450818633 1.4600158789253013 1.4610276574736112 1.4626336472442345 1.4636299554307586 1.4644844288338321 1.4674280633281964 1.4676002743998429 1.4698263748312228 1.4701572414725104 1.4701913944228897 1.4745350117422178 1.4737766067465765 1.4733986788703417 1.4782563181538095 1.4783386704090726 1.4773677261877314 1.4807232269383612 1.4821787682456526 1.4800872910688132 1.4808372551376894 1.4851804012325296 1.4839221062446786 1.4800650501048782 1.480667727461455 1.484448190657853 1.4825185101435703 1.4774173490389049 1.4770054646242388 1.4823397511111684 1.4821453996493443 1.4775400180792606 1.4739900722954848 1.4770033322534637 1.4807710520448132 1.4793181347303146 1.474217003923144 1.4706375325576562 1.4740072949155119 1.4788343024303185 1.478533085975462 1.4742541177257857 1.4680913547454182 1.4670770244488587 1.4746404836018203 1.4779929292670206 1.4764170277852462 1.471711316687514 1.4658473782649732 1.463971694410915 1.4704854922310937 1.4758884428018564 1.475895393377022 1.4722872405242886 1.4666401322051965 1.4604411381991733 1.4601943570829756 1.463575807195959 1.4664887123657153 1.467994455344169 1.4683806203885363 1.4679147505742143 1.4668704618782464 1.4656202761658204 1.46576900210413 1.465754620603406 1.4639486424224715 1.4636788960884397 1.4625980712535882 1.4626858386598824 1.4645308904846557 1.466469827241116 1.4686936457316113 1.4689922094399939 1.4709096833972852 1.4730548771933716 1.4764731329695353 1.4785717035589392 1.4801450870264654 1.4842995013860416 1.4909196223347578 1.50244310269344 1.5127366760909777 1.5200398233803765 1.5247495554585213 1.5273626690735576 1.5301802070278128 1.5313666874118712 1.5321614747866725 1.5330515068243322 
# Gas [S/H]:
-5.020118651116161 -6.670636100322999 -5.133975612438339 -3.1614943728154925 -2.4150938026744617 -2.115981272081891 -1.9298408389301338 -1.6492314867287936 -1.1117693861038012 -0.6381095168212019 -0.20828870129281007 0.19715345886869695 0.5791402149184455 0.9183079330162962 1.1791366720090566 1.3387386377110122 1.4149194764727486 1.444599188355879 1.4540545120717887 1.455677545386672 1.454289119107317 1.4518176005226362 1.4492158814322438 1.4461262042586291 1.443063276485126 1.4406075952212705 1.43910521647308 1.437646574325234 1.4361450665198103 1.4347866902640236 1.4336453309174169 1.4326041133489165 1.4314069706319685 1.4299265481517875 1.429384143022927 1.4310022563770861 1.4330542170196359 1.4340307990156136 1.4359106132171435 1.4385462185014255 1.4398212017465282 1.4421155865578026 1.4436500102702694 1.445297910481 1.4471326917150695 1.4482991288566263 1.4501426703772746 1.451141482928803 1.4528623258642632 1.4537680697156534 1.4545950937546461 1.457530406272336 1.457803078966264 1.4600440699844581 1.4603630615345788 1.460441789935619 1.464712551911029 1.4637691467810021 1.4634030213027263 1.468819637944319 1.4681713183495617 1.4669762913061946 1.4712695921917232 1.4728539119731723 1.4707181123956485 1.4710765691527374 1.4753783217662706 1.4741503375834042 1.4703173076485365 1.4708602227596272 1.4745395624830455 1.472757912622627 1.4676996273335297 1.4673139520726255 1.4726715341956353 1.4724477599084755 1.467779178101063 1.4642172392698187 1.467263786813397 1.471072729271469 1.4695687759076064 1.4644660942595764 1.460869902457035 1.4642578720172827 1.469133230642555 1.4687046146691611 1.4644048334038007 1.4584507069235513 1.4574157528235312 1.4650541399593244 1.4685788581592738 1.4668857450716106 1.4618502427906068 1.45582544739738 1.4541542310672817 1.4609697813931164 1.4662054000619773 1.4660154907787302 1.4624045242065904 1.4568444190894727 1.450678409021998 1.4505040640964841 1.4541109298485533 1.4571623969957526 1.4584640728779128 1.4587475006355541 1.4582322707093298 1.4571682442919154 1.455897966215303 1.4560447303243338 1.4560404024051619 1.4542297606601546 1.453946069928206 1.452880303066126 1.452964775369082 1.454810530446884 1.4567487153652565 1.4589686786389193 1.4592680138002359 1.4611882590617697 1.4633323977841286 1.4667497174215076 1.4688472860735562 1.4704204665963516 1.4745730578752352 1.4811921996234623 1.4927087709279938 1.5030045054686543 1.5103089382076034 1.5150179746484587 1.5176152972488959 1.5204468141026348 1.5216330807134812 1.5224295422567864 1.5233178334375235 
# Stellar mass-weighted [Mg/H]:
0 -5.02011865111616 -6.517393134486664 -5.1839071014904246 -3.4860294091767283 -2.9584301721269775 -2.831303422230481 -2.811739225676777 -2.829296090114271 -2.8501662598681774 -2.8664052224364287 -2.8772985134224323 -2.8842305007343514 -2.8887037998882485 -2.891594599067999 -2.8934995893211717 -2.894776243418132 -2.8956267399539044 -2.8961684966275394 -2.8964840704683654 -2.896648265860015 -2.8967200236210395 -2.8967334606201707 -2.896689876539197 -2.896598801198272 -2.8965055200549648 -2.8963778941632663 -2.8961456531860037 -2.895928268067265 -2.895699033805349 -2.895462550857755 -2.8952245185935244 -2.8949716907056455 -2.894701937634024 -2.8944157160268116 -2.894126284765406 -2.8938250956647007 -2.893469667861739 -2.893063916137571 -2.8926855482337936 -2.892258868869554 -2.891859958428049 -2.891421657765015 -2.891001607223128 -2.8905549756390636 -2.8901349837061003 -2.8896744530127094 -2.889248257341233 -2.888780548955814 -2.88834546323176 -2.8879000948338387 -2.8874887135483966 -2.887050413644209 -2.8866710686829293 -2.8862940620184325 -2.8859708681755576 -2.885644196858971 -2.885343938394347 -2.8850230091712215 -2.8847855278618137 -2.884519469230878 -2.8842780016513396 -2.8840328115495337 -2.883796305255183 -2.883541333237453 -2.8833025778824677 -2.8830812694535455 -2.8829447165159428 -2.8827261212050956 -2.882536715192571 -2.882349985473116 -2.8821697677603586 -2.8819491610422805 -2.881764970290245 -2.881593476957785 -2.881442316682099 -2.8812546334291733 -2.8810728719293 -2.8808962969567835 -2.8807636177575446 -2.880609865623553 -2.8804547259671374 -2.8802749741994838 -2.880135898002572 -2.8800221376915616 -2.879913204191485 -2.8797199906957625 -2.8795582898730308 -2.879423160043312 -2.8793186335931935 -2.879214451914752 -2.879106690307826 -2.8789679315799264 -2.878829740374358 -2.8786627406757823 -2.878544267091919 -2.8784945223494027 -2.878416040162862 -2.8782995514896026 -2.87817046357375 -2.878030761215223 -2.878878727104895 -2.8791933119450706 -2.8794361036666523 -2.8796272760115436 -2.8797795379012125 -2.8799053018600667 -2.880015177514956 -2.8801154576861414 -2.880355755361366 -2.8811902802349723 -2.882164710971928 -2.8827189583324806 -2.8831027620083054 -2.8834449260633983 -2.883768242277961 -2.8839757120280343 -2.8841410998487627 -2.88414569179052 -2.8842768304330457 -2.88436919936831 -2.884410344130437 -2.8844815767942666 -2.8845019845254516 -2.8845172443730656 -2.884589808596302 -2.8846095646372456 -2.8846315487278904 -2.884642976017499 -2.884619249847792 -2.884451878568572 -2.8844470603976307 -2.8842938951518153 -2.8842636677516893 -2.884171270293532 
# Stellar mass-weighted [C/H]:
0 -5.020118651116162 -6.517393134486664 -6.165295606257956 -4.55658038500558 -3.927771286409544 -3.6694601895384977 -3.5962662899304663 -3.5829887456630427 -3.5576948327545432 -3.534443193329518 -3.5154762001843975 -3.499769438674517 -3.4869255813115902 -3.4757990114871538 -3.465468181741108 -3.4557551582884622 -3.446405427309764 -3.437280795402404 -3.4284322917483845 -3.419860869706583 -3.4115109482367743 -3.4033922884074723 -3.3955426895145786 -3.387951947090963 -3.3803383776805402 -3.3719175047455163 -3.3622660799559494 -3.3516637721992106 -3.3404818252183572 -3.329072314391416 -3.3176167507150733 -3.306205617460944 -3.294940830868466 -3.2838424592032878 -3.2725436342577376 -3.2609056458242884 -3.2489730984762266 -3.236526876278309 -3.224587750157726 -3.2123610317052833 -3.2009829616324526 -3.1892471257574293 -3.178169383524544 -3.1668033339966843 -3.1561992071002862 -3.1453223992521586 -3.135262071459443 -3.1248301066798243 -3.1151767268742763 -3.1053751390677817 -3.096213161167788 -3.0870515932113083 -3.078638095633286 -3.070293836364117 -3.0626659457806316 -3.054876504278859 -3.048027425408268 -3.0407856740731525 -3.0341631918595597 -3.0276276052255975 -3.0214529590057895 -3.0150012724938877 -3.0093292288834412 -3.0034206657901983 -2.9977961421574593 -2.9921125556551473 -2.9872051737539476 -2.9820526668663234 -2.977451164713715 -2.972861407162709 -2.968941800008679 -2.9646701093107763 -2.9606885021642855 -2.956713102271955 -2.9533878009793355 -2.9497989951544668 -2.946376932377226 -2.942795566036539 -2.939809652306227 -2.936787686220841 -2.933953159026988 -2.9308080633393994 -2.927965608212449 -2.92521436769918 -2.9228731576165794 -2.9202815841523453 -2.917829297246957 -2.9151276919735913 -2.9127790616947387 -2.9106033192394474 -2.90864232058182 -2.9064274533932934 -2.904314233544482 -2.9019825143087266 -2.899959383709093 -2.898057731519464 -2.896419049401456 -2.894547868055348 -2.892781569467547 -2.89082201617426 -2.901660645844493 -2.905203110474308 -2.9076964045568836 -2.9097273071386587 -2.9114687522250104 -2.91300551112528 -2.914384622855711 -2.9156400041182096 -2.9179159366828564 -2.926049968778141 -2.935183534577588 -2.940486193461979 -2.9439225975767993 -2.9464306398572218 -2.9491125970192105 -2.9509057823718754 -2.952215565304358 -2.952489062102762 -2.95319407416822 -2.9538690420005365 -2.9545027676476394 -2.954797208610489 -2.9550026569972765 -2.955343940708275 -2.9559503573745447 -2.956373192165291 -2.956643546743946 -2.9567652263182405 -2.9566228234401715 -2.9559162361574876 -2.9558366213687775 -2.9551133015071134 -2.9548451995058853 -2.954388200423672 
# Stellar mass-weighted [N/H]:
0 -5.02011865111616 -6.517393134486664 -6.546119258576317 -5.154243869681181 -4.5300242678643645 -4.134537172703487 -3.8051613834688576 -3.5794712766468875 -3.4287737966554968 -3.327799323330747 -3.2587585800435086 -3.213179458570681 -3.183055261887863 -3.1604547683387727 -3.1407103275159143 -3.1220958442740896 -3.1029732745149072 -3.0827348447882095 -3.062266513205568 -3.0433144505175864 -3.0276125475265694 -3.0150438894721736 -3.0048794987782452 -2.9963942217558976 -2.989434898398323 -2.984539768206771 -2.9819918378718135 -2.981334990821032 -2.982143836018138 -2.9840816012712548 -2.9869066082293765 -2.990450581864452 -2.994594935391353 -2.999134229718093 -3.003528358224318 -3.0072194497006812 -3.0102097728698425 -3.0126544919075107 -3.0147254627175606 -3.016513023571015 -3.018074591669632 -3.019469550951462 -3.020740084672531 -3.021890970540068 -3.0229092416231973 -3.023855992166867 -3.024734444424218 -3.0255488027521826 -3.0263018759805895 -3.026995459020582 -3.0276582981828595 -3.0282610014140667 -3.0288386310489104 -3.0293580996188814 -3.029854530638957 -3.030319056649991 -3.030760714486523 -3.0311551788254834 -3.031546338143875 -3.031915972385419 -3.032247084789512 -3.0325776938638374 -3.032887523366475 -3.033160115665483 -3.0334309792493324 -3.0337029206017005 -3.0339566953398114 -3.034188913082871 -3.0344008572995183 -3.0346350219440037 -3.0348360234834137 -3.035003793205524 -3.035172171771637 -3.03538482958675 -3.03557660073976 -3.0357396895789996 -3.0358766231672716 -3.0360247046872955 -3.036174004680822 -3.0363214783681327 -3.036454889921586 -3.036585067062992 -3.0367198455207554 -3.0368049766534124 -3.0369252070927883 -3.0370259690905312 -3.0371147142893182 -3.0372002163823817 -3.0373071051598766 -3.0374141399584484 -3.0375151418545236 -3.0375890671055137 -3.0376470558661994 -3.037717466015538 -3.03780194135794 -3.037894205011826 -3.0379789403255923 -3.0380466106710733 -3.0381020829819345 -3.0381497804655266 -3.038340306863182 -3.038469790039189 -3.0385906974265593 -3.038698553500889 -3.038792816381201 -3.038876383515161 -3.03895016963944 -3.039014584169415 -3.0391715751754074 -3.039822884692752 -3.0406837859457108 -3.041201775493448 -3.0414639820937044 -3.041688362194747 -3.0419424118357403 -3.041992983012012 -3.0419904238925346 -3.041903639497896 -3.0419572586219914 -3.0418265590668314 -3.041803802867168 -3.0416696584242437 -3.0416936856327244 -3.0414039703439926 -3.041409861863083 -3.0408315161826858 -3.040435262149763 -3.039987918789592 -3.039336598742694 -3.0382913761541186 -3.037664879799797 -3.036742725478711 -3.0359557054445165 -3.035365244600019 
# Stellar mass-weighted [Ca/H]:
0 -5.02011865111616 -6.517393134486664 -5.448668022926794 -3.758848556752529 -3.2234851588694777 -3.0828733621645625 -3.054534376573095 -2.9905754650156524 -2.8394054877791888 -2.732633995343104 -2.664211977365122 -2.618703369294982 -2.5872750807300697 -2.5637462019598694 -2.544392425318099 -2.5275410372627096 -2.5130016814208602 -2.5001098035109184 -2.488490271633456 -2.4778940536506013 -2.4681638490388877 -2.4591684514313723 -2.4508041183124796 -2.4429931044623636 -2.4356717994714927 -2.4287699310456556 -2.4222550774567164 -2.416139318492341 -2.410311592364712 -2.4047654184406735 -2.399473608178319 -2.394416612803443 -2.3895983519795507 -2.384976110605635 -2.3805428414453544 -2.376279388351895 -2.372150889608575 -2.367935047166 -2.3642432222663814 -2.360611887791645 -2.35727345660656 -2.3537526969468647 -2.3505874691094935 -2.347292797074001 -2.344328835875471 -2.34123628694144 -2.338444979252924 -2.3355397049657034 -2.332908061114348 -2.3301458396587913 -2.327664405334061 -2.325047134309399 -2.3226892740318554 -2.3201999379178906 -2.317951988787292 -2.315588157100427 -2.3134461361495795 -2.311184683723379 -2.309147236332218 -2.306983095952048 -2.305013279770045 -2.3029472480497395 -2.3010641758831625 -2.299062934904864 -2.297258062795355 -2.295369750172097 -2.2936547760495607 -2.2918139661197205 -2.290140465138352 -2.2883854876133762 -2.2868018761438282 -2.285093283105634 -2.2835097940319553 -2.2818706669868494 -2.2803809503419146 -2.278785621347593 -2.2773286169448674 -2.275794071665188 -2.2744057088997103 -2.2729229902556503 -2.271562090614582 -2.2701069385945036 -2.26879210840199 -2.267388191842608 -2.266115014402577 -2.2647795237127886 -2.263532669327656 -2.2621958115132 -2.2610038942860378 -2.2597384607022617 -2.2585798401021417 -2.2573263250601343 -2.256169303050754 -2.2549369697491475 -2.2538331195363925 -2.252669810301514 -2.251604436429159 -2.25045017102779 -2.249388718521673 -2.2482476781073517 -2.254339960879986 -2.2563113904087917 -2.2576957074142285 -2.258818308675992 -2.2597762100558807 -2.2606190477904846 -2.2613731186457136 -2.2620565770950867 -2.2633103404645096 -2.26779573970608 -2.272848259073008 -2.275776329090349 -2.2776320461536015 -2.278997070226575 -2.2804620342546444 -2.28137855339153 -2.2820286260434655 -2.282122621655973 -2.282495115208844 -2.2827590362794528 -2.28306500732286 -2.2831399250562665 -2.283252977386015 -2.283275589267542 -2.2835760633207034 -2.283480510108917 -2.2834056480846394 -2.2832296959611336 -2.2828178162510167 -2.2819221762067468 -2.2815481034769407 -2.280710501124811 -2.280158852734555 -2.279623760496027 
# Stellar mass-weighted [Ne/H]:
0 -5.02011865111616 -6.517393134486664 -5.191048399706135 -3.492728760649044 -2.956344091406625 -2.820311619758977 -2.8049116120944264 -2.825704501513794 -2.8507018143500096 -2.870633808725864 -2.8844653559918774 -2.893686640622616 -2.8999449620122837 -2.904348152819124 -2.907543793186721 -2.909962399654006 -2.9118473365132154 -2.9133636793411046 -2.9146008595275426 -2.915642892965961 -2.916522981912016 -2.917279951236032 -2.9179310665810556 -2.9184936235465697 -2.9189856129584744 -2.919424776111245 -2.9198139656413407 -2.9201576192482825 -2.9204632968528568 -2.920736745793076 -2.9209818309246343 -2.921202140817563 -2.921402452175858 -2.921577378414921 -2.921738739954029 -2.9218929167272796 -2.9220213282284115 -2.92212712527341 -2.9222327671280253 -2.922313771605382 -2.922393071515418 -2.922458581731318 -2.9225287814436056 -2.9225805858039307 -2.92263791499947 -2.922679077071354 -2.922709001020486 -2.9227319784772003 -2.922758465845308 -2.922771320412325 -2.9228009613469554 -2.9228116649119045 -2.9228303401448503 -2.9228365982270166 -2.9228461081471275 -2.9228485303441163 -2.9228549775107213 -2.922846565159423 -2.9228589981735826 -2.9228599386710394 -2.922848811534357 -2.9228446010845923 -2.9228514964227044 -2.9228316875445213 -2.9228244399168233 -2.9228218304789007 -2.922822596339823 -2.922796806511826 -2.9227864219411375 -2.9227884513429423 -2.922788995235644 -2.9227637739354595 -2.9227470073110906 -2.9227537606897753 -2.9227655579547402 -2.9227448283422444 -2.922718611905915 -2.9227093462996034 -2.922724731658552 -2.922720251152789 -2.9226991502198825 -2.9226694023240807 -2.9226649772069626 -2.922673654745064 -2.922682912016059 -2.922666387747368 -2.9226332983729195 -2.922610967298538 -2.9226227197318444 -2.922639480980693 -2.922641804200966 -2.9226181860331986 -2.9225871580509706 -2.922559128342189 -2.922565309951459 -2.922583818453119 -2.9225957996751957 -2.9225834337458734 -2.9225485869838366 -2.922508782295032 -2.922706911259512 -2.92280785876014 -2.9229005169678866 -2.92296778655086 -2.923011415491989 -2.923039759340262 -2.9230617220639274 -2.9230821184273745 -2.92318282746092 -2.9235090730901634 -2.9239073568765894 -2.9241240603767755 -2.924296982727271 -2.9244921174312744 -2.924651265895558 -2.9247552308234033 -2.9248490813056485 -2.9248399006208725 -2.9249352030653917 -2.9250002382758398 -2.9250024462517894 -2.9250704516803623 -2.9250773352476873 -2.9250877171318077 -2.9251262457691523 -2.925154303207587 -2.9251844759600916 -2.9252159317872337 -2.9252379363949217 -2.925163919857461 -2.925202771765157 -2.925137598188053 -2.9251708823530533 -2.9251357946094227 
# Stellar mass-weighted [Si/H]:
0 -5.02011865111616 -6.517393134486664 -5.132671579184006 -3.43347091900352 -2.9029196332813934 -2.7698481886516406 -2.7454041026786147 -2.72786081916954 -2.662442923187208 -2.606697179486096 -2.566800291410609 -2.5383459814545617 -2.5177890223728987 -2.501732546371751 -2.48815370117888 -2.4763484950482653 -2.4658531377764694 -2.456375494891261 -2.4477218302291863 -2.4397547172695786 -2.4323747052166276 -2.4255034990380704 -2.4190714395986666 -2.413027648935092 -2.407330878245334 -2.4019499395123356 -2.396847142809854 -2.3919959238040978 -2.387373821508513 -2.3829671736617515 -2.378754830593021 -2.3747165308553164 -2.3708404104206124 -2.3671192090499273 -2.363543879574997 -2.36010264733505 -2.35677604958578 -2.3534297843778056 -2.350456603948902 -2.347368796947939 -2.3446047635108167 -2.3417262216606805 -2.3391360913377985 -2.3364342141150525 -2.3340024563980055 -2.331459680235473 -2.329157856131493 -2.3267509236721944 -2.324574807261608 -2.322285134853507 -2.320226349534142 -2.3180522654354725 -2.3160945831288418 -2.314021494658231 -2.3121509128466364 -2.310182996849081 -2.3083902008069703 -2.30649676511171 -2.304799230552928 -2.3029907419054236 -2.301329255396892 -2.2995978195025417 -2.2980307268302447 -2.296357349549755 -2.29483819771458 -2.293241871624942 -2.2917904654168755 -2.2902371955083005 -2.2888306494272967 -2.2873509433797325 -2.285995599988552 -2.284540812195912 -2.283224198293518 -2.281846994236708 -2.2805885392896377 -2.279234897979598 -2.2779959377757972 -2.2766918276236066 -2.275516009590622 -2.2742589129574515 -2.2731010681769206 -2.2718598694792416 -2.27074100795749 -2.269560621292012 -2.268488313930032 -2.2673282571664632 -2.2662558258135883 -2.2651148219956134 -2.2640984964106403 -2.2630276158287908 -2.2620419159324765 -2.2609684019203797 -2.2599781929673552 -2.2589189060318375 -2.2579767737182515 -2.2569851908540075 -2.2560741653001086 -2.2550866756535717 -2.254175059504334 -2.2531932133436374 -2.258430255474681 -2.2601282565642986 -2.2613231443188013 -2.2622905946225336 -2.2631139066445973 -2.2638366432367905 -2.2644825836248357 -2.2650679607165713 -2.2661508274722957 -2.27001656571135 -2.2743698329356246 -2.2768875864090274 -2.2784874733438114 -2.279674111953894 -2.2809396409762446 -2.2817317110490585 -2.2822964584018655 -2.2823745581923243 -2.28270452325457 -2.2829377658248333 -2.283197074897438 -2.283270842915563 -2.283367622078364 -2.2833881304284214 -2.2836483695645127 -2.283571497543556 -2.2835125762455952 -2.283368304173975 -2.283022795675768 -2.282252639786728 -2.281941615510939 -2.2812217499481733 -2.280759219861542 -2.2803001826346048 
# Stellar mass-weighted [S/H]:
0 -5.020118651116161 -6.517393134486663 -5.213655649999192 -3.515921168241319 -2.9798852790573207 -2.838982979536067 -2.812380370636335 -2.789709264294541 -2.7140827831451544 -2.6514084032674594 -2.6073190973015157 -2.5762346662388547 -2.55395221787966 -2.5366594025422353 -2.5221003262785064 -2.5094951099098965 -2.498324879587188 -2.4882613289757165 -2.4790925706573166 -2.470671227818343 -2.4628805080865677 -2.4556366088210346 -2.4488622820629145 -2.4425044519483636 -2.4365174995072936 -2.4308715502414078 -2.425522081312126 -2.4204311108358816 -2.415589536644455 -2.410978675963454 -2.4065712655764777 -2.402349343651794 -2.398300088122819 -2.3944136793485598 -2.3906812926511645 -2.387093101411426 -2.383625539164407 -2.3801385708576586 -2.3770398610588774 -2.3738239078875463 -2.3709482064737033 -2.3679546300608347 -2.365256999664389 -2.3624475065185697 -2.3599144956522533 -2.3572688220471507 -2.354881977339896 -2.3523833524848756 -2.350120244112003 -2.3477451159339786 -2.3456089002677603 -2.34335356744373 -2.3413196517002905 -2.3391680235018386 -2.337227657611603 -2.3351851116057833 -2.3333272463556964 -2.331370021419576 -2.3296118944632953 -2.3277246772311138 -2.3260174897139194 -2.3242334821412394 -2.3225921349258867 -2.3208513450105572 -2.319274813786853 -2.317627172072701 -2.3161260259273337 -2.3145187144929737 -2.313062605093256 -2.3115319979841846 -2.3101319335791315 -2.3086255289448596 -2.307262590822738 -2.3058364368033573 -2.304533279671632 -2.303133702332132 -2.30185407890923 -2.300506142233676 -2.2992894483622095 -2.2979888772343893 -2.2967930940585255 -2.2955111730753712 -2.294355193432782 -2.293134682968657 -2.2920254450474555 -2.290829189954561 -2.2897231565683676 -2.2885422703241938 -2.287491396397768 -2.286382872197489 -2.2853610506694064 -2.2842529611427773 -2.283235759367729 -2.2821465769905345 -2.2811723496503484 -2.2801436320128134 -2.2792038667684498 -2.2781877877662717 -2.2772487016172045 -2.2762358728313696 -2.2816358935241183 -2.283386019005367 -2.2846170827361227 -2.285614248333351 -2.286463323809108 -2.287209007986994 -2.28787559123297 -2.2884796773681675 -2.289595139031748 -2.2935793803705327 -2.2980663067935243 -2.300662459871024 -2.3023111300125336 -2.3035319099095934 -2.304835666674112 -2.3056515118637355 -2.3062325963365753 -2.306313668788686 -2.3066518864897603 -2.3068910064970973 -2.307159182918064 -2.3072332685680923 -2.30733317613731 -2.307353966940852 -2.307621991963453 -2.307541552003107 -2.307479627123498 -2.307329397299795 -2.3069713120275743 -2.306177060863922 -2.305854206324539 -2.305111740601819 -2.3046324089434993 -2.3041588240693773 
# Gas metallicity, [Z/X]:
-5.0423094767788825 -6.692826925985722 -5.161610877416349 -3.1901236587366446 -2.458822893219616 -2.158325293304025 -1.838967621672486 -1.4762640904013538 -1.1245075837334773 -0.8147929875813344 -0.5030135038011057 -0.17380422138631801 0.1634646755314002 0.47539071005089584 0.7128568767903424 0.8506335690203398 0.9198011809005252 0.955695665192953 0.9732367597404195 0.9824767728954441 0.9858748158494568 0.9870281208385613 0.9860849676726464 0.984730566193694 0.9822508553091839 0.9813449717393329 0.9793708263345827 0.9800659637412199 0.9766951371873127 0.9807274718075681 0.9712148977794771 0.9887404087237871 0.9498000653786931 1.0290032807261547 0.8232701102075326 1.2132432326583389 -7.386903489489249 1.6065522185203267 -7.357447601094787 1.9799548016644901 -7.328539090733246 2.363675360419622 -7.301175511820979 2.768820371833443 -7.275322242401817 3.1994702865663456 -7.250853010206104 3.6566345478442717 -7.227877402654395 4.139629177115493 -7.206713782364709 4.64932144194068 -7.1849664317516275 5.182381984930405 -7.164441088080721 5.737508781214966 -7.143180734254484 6.317133436834256 -7.12745557157737 6.920988589043302 -7.107285575978818 7.542528193701742 -7.089362452994495 8.187952368332292 -7.075157211023461 8.849334724412925 -7.055577201228417 9.531574667914095 -7.046846321258506 10.228364506056677 -7.029276269542471 10.94588944969743 -7.023208918366599 11.676207813663217 -7.005676400208706 12.42998701945453 -6.998227576367718 13.19189458606474 -6.986838976623332 13.978195527431698 -6.9728633705162295 14.773704003242063 -6.97019345988846 15.585374144434955 -6.951024067784189 16.417012816829423 -6.944877909564852 17.252924673289964 -6.941602522743024 18.111336142299102 -6.920059024318592 18.9848978982306 -6.916574483080629 19.86142817479763 -6.914888361825776 20.757326433545337 -6.8931650396053055 21.671506794035867 -6.8873929200296224 22.588494966414984 -6.889973435920236 23.256163839028222 -7.296930655593762 23.661992194603563 -7.496349752480086 23.909198704130407 -7.632268334596226 24.041422832200844 -7.736125011226749 24.04715285173968 -8.073010135222734 23.557597523886187 23.22650303580403 23.23992410172964 23.164200119395865 23.10029396140281 23.05265339364724 23.01445502730844 23.006333474197973 22.98414771131978 22.956445833707818 22.935274890672247 22.92329382612275 22.918480317327326 22.894922938090655 22.874277624555873 22.84049459055375 22.817828357806576 22.79800605985675 22.780219493550025 22.76374589100821 22.750070452265582 22.73666847144029 22.724565110047568 22.713855708400416 
# Stellar mass-weighted metallicity, [Z/X]:
-4.152288344383056 -5.0423094767788825 -6.539583960149386 -5.2412309745299845 -3.5445394490965505 -3.021319770856059 -2.880361980766107 -2.7983611125727785 -2.736764809427788 -2.7000869626942148 -2.6881345836255752 -2.68484815906732 -2.6830441144042227 -2.681163633857553 -2.6788794329489543 -2.6766400020038024 -2.6746159346716842 -2.6719042302564775 -2.668405726811379 -2.664664687758579 -2.660896492326458 -2.6572869020607293 -2.6538257238083123 -2.6505567149021125 -2.647411340171871 -2.64442831371589 -2.6415344228597357 -2.638815172090239 -2.63610989614033 -2.6336226425773646 -2.631011347545283 -2.6288767240430557 -2.62605979526602 -2.6248342974952745 -2.6204893193789047 -2.623117645779084 -2.6101447510851328 -2.625099720200714 -2.580453270824915 -2.6094611481840717 -2.516726750709723 -2.5726312359725174 -2.3950719250871613 -2.495826928064277 -2.1889589404600196 -2.3499419742808554 -1.8888383022438273 -2.1088043318693304 -1.5091538118119645 -1.7708138855836497 -1.072698610549869 -1.3578689488151474 -0.596158541088539 -0.8937762201532464 -0.08833528448232197 -0.3931932516990406 0.4464708990678248 0.1366304947221313 1.0047180279690449 0.691096998901843 1.5871892504378653 1.270168271246651 2.1937906921691677 1.873619228567851 2.8190916375234787 2.4965435925589663 3.467302414924147 3.142186254354445 4.132703564422314 3.8056535650743637 4.819219653901464 4.4900543341306225 5.522600769590039 5.191763791085544 6.245801685192795 5.91315713019692 6.983002287530663 6.6490868873832625 7.741405012284096 7.405763966386009 8.51016484182057 8.173613958399057 9.301149031430425 8.96298734825519 10.1030383398689 9.763984080131591 10.920062918910697 10.579982787861647 11.756392778346223 11.415020222696842 12.59890177445106 12.257036323653383 13.4613158208531 13.118292429649063 14.339612480302137 13.99560348441138 15.222345135379639 14.877997019401947 16.122356970233064 15.77709891584812 17.03992275823093 16.69372804165483 16.610789290317307 16.569327923302637 16.54204641178753 16.521926255773653 16.506112321397424 16.493166284056304 16.48225996230125 16.464613500333286 16.414845206856484 16.373626657214857 16.353988480496064 16.34230390633266 16.334381018508925 16.32643059393922 16.321126436812797 16.31741483531037 16.31653224454423 16.31470041804862 16.312702768165643 16.310989026011395 16.31012378578953 16.309648962971234 16.308452047878237 16.30697474022938 16.305497180428667 16.304497642016077 16.304051785925555 16.304293603991496 16.30504516072936 16.305154545610133 16.3064693336009 16.306883819531077 16.307843207030356 
# Number of SNIa (log_10):
0 0.0 0.0 0.0 0.0 0.0 3.231075145099092e+53 1.4986556933001742e+55 5.669846546892375e+55 1.0519138020512126e+56 1.5236569802589562e+56 1.9550776062953129e+56 2.3421526115602058e+56 2.689023283615056e+56 3.001664559039365e+56 3.285658905034456e+56 3.5456421324424933e+56 3.785322650079099e+56 4.007648468445553e+56 4.214980240156029e+56 4.409228219329082e+56 4.591958290535953e+56 4.764469173184088e+56 4.927850026371821e+56 5.083024538306306e+56 5.230781524337264e+56 5.371800538375174e+56 5.506673470644876e+56 5.635914246537703e+56 5.759973845819755e+56 5.879255156781296e+56 5.994126358066356e+56 6.104892444828631e+56 6.211811278945909e+56 6.3151700785832945e+56 6.415196364040612e+56 6.512097402053209e+56 6.6060542871499565e+56 6.6972470200135816e+56 6.785852116264986e+56 6.871992090911304e+56 6.9558050999704385e+56 7.037411721574676e+56 7.116922056321862e+56 7.194446035280575e+56 7.270080057903992e+56 7.343914626869879e+56 7.416027073232246e+56 7.486500547438966e+56 7.5554243130422555e+56 7.622847778295384e+56 7.688831122505271e+56 7.753440401060429e+56 7.816736673817226e+56 7.878764855027179e+56 7.939577977030938e+56 7.999219969979956e+56 8.057713930516483e+56 8.115122845957829e+56 8.171548467700055e+56 8.226963129135993e+56 8.281412530852436e+56 8.334896160240698e+56 8.387453653751183e+56 8.439147711795147e+56 8.4899961873011e+56 8.540020361888924e+56 8.589257731558396e+56 8.637727633775284e+56 8.685448768952175e+56 8.732448078241205e+56 8.778752241206096e+56 8.824367103359956e+56 8.869315423463001e+56 8.913640488775794e+56 8.957340341385067e+56 9.00042986822011e+56 9.042930774882992e+56 9.084857243610246e+56 9.126223690850954e+56 9.167046769566786e+56 9.207334504177825e+56 9.247100263949728e+56 9.286382818124135e+56 9.325170168756591e+56 9.363476860764105e+56 9.401315158529433e+56 9.438703219186958e+56 9.475646551991723e+56 9.512140408318686e+56 9.548212566697366e+56 9.583867670346147e+56 9.619108472848994e+56 9.653985383434074e+56 9.68848206192868e+56 9.722583390463029e+56 9.75631439242726e+56 9.789685849137349e+56 9.822701057094442e+56 9.855360624242108e+56 9.887680154242388e+56 9.91965768699136e+56 9.95131624869074e+56 9.982671232481773e+56 1.0013705346863976e+57 1.0044433995157177e+57 1.0074862447403885e+57 1.0104987218609819e+57 1.0134820448167891e+57 1.0193646943449046e+57 1.0472159522355904e+57 1.0963835519049542e+57 1.1388183111340164e+57 1.1761430728818943e+57 1.2094616914471621e+57 1.253566755424834e+57 1.2921784602145745e+57 1.3265146694383995e+57 1.3371689232256854e+57 1.3574285252106872e+57 1.3855401635410048e+57 1.4113209878761367e+57 1.4273901121913708e+57 1.4351222067325662e+57 1.4642618186063262e+57 1.4972152589594048e+57 1.5541923549671971e+57 1.602311885893652e+57 1.6439647843218755e+57 1.6806916379904017e+57 1.713511176273064e+57 1.7432164610062903e+57 1.7703171498959868e+57 1.795240733404317e+57 1.818311829279525e+57 
# Number of SNII (log_10):
0 0.0 7.426539893099179e+53 3.4227091144170615e+55 1.2006356567268277e+56 1.989446073072296e+56 2.599890024326061e+56 2.9958697508472522e+56 3.1726376937801136e+56 3.2477528800865564e+56 3.278019441240314e+56 3.289690369130253e+56 3.294052745662618e+56 3.2956751799157424e+56 3.2962659217523507e+56 3.2964959459797855e+56 3.2965966637208843e+56 3.296639637609818e+56 3.2966623396710157e+56 3.296678201176374e+56 3.2966911562259483e+56 3.2967026179025674e+56 3.296713125916312e+56 3.296722914034756e+56 3.296732103511246e+56 3.2967407768803406e+56 3.2967489958902147e+56 3.2967568078349077e+56 3.2967642498719635e+56 3.2967713579877905e+56 3.296778162779368e+56 3.2967846896002704e+56 3.2967909609752656e+56 3.2967969966926436e+56 3.2968028150538577e+56 3.296808434396228e+56 3.296813869382705e+56 3.296819127404071e+56 3.2968241383960067e+56 3.2968291472659745e+56 3.296833922532066e+56 3.2968386537096186e+56 3.2968431287771325e+56 3.296847611200155e+56 3.2968518563777316e+56 3.2968561171382872e+56 3.2968601569630557e+56 3.296864217613433e+56 3.296868072009013e+56 3.296871950932647e+56 3.2968756378599484e+56 3.296879350968147e+56 3.29688288562244e+56 3.296886445894556e+56 3.296889838036146e+56 3.2968932557136853e+56 3.296896511555665e+56 3.2968998000973864e+56 3.2969029261135698e+56 3.296906083661297e+56 3.2969090991747838e+56 3.296912136354323e+56 3.2969150358985515e+56 3.296917972463433e+56 3.29692077091689e+56 3.2969235984471857e+56 3.296926307358045e+56 3.2969290513518653e+56 3.2969316660128224e+56 3.2969343131458215e+56 3.2969368515799393e+56 3.2969394230909824e+56 3.296941875497421e+56 3.2969443601208675e+56 3.296946747133437e+56 3.2969491710756486e+56 3.2969514838625396e+56 3.29695382445895e+56 3.296956072180954e+56 3.296958362197997e+56 3.2969605549236906e+56 3.296962770827411e+56 3.296964892181326e+56 3.296967052620463e+56 3.2969691343999563e+56 3.2969712480668795e+56 3.2969732655592482e+56 3.2969753082375015e+56 3.296977270856949e+56 3.2969792788328605e+56 3.2969812156617696e+56 3.2969831740804566e+56 3.2969850428315485e+56 3.2969869371722437e+56 3.2969887598396205e+56 3.296990628531641e+56 3.296992435065696e+56 3.296994266307681e+56 3.2969960136209725e+56 3.2969977830480886e+56 3.2969994826391636e+56 3.297001221559387e+56 3.2970020819018987e+56 3.2970025310226366e+56 3.29700271473143e+56 3.297002728915118e+56 3.297002728915118e+56 3.297002728915118e+56 3.297002728915118e+56 3.297002728915118e+56 3.297002728915118e+56 3.297002728915118e+56 3.297002728915118e+56 3.297002728915118e+56 3.297002728915118e+56 3.297002728915118e+56 3.297002728915118e+56 3.297002728915118e+56 3.297002728915118e+56 3.297002728915118e+56 3.297002728915118e+56 3.297002728915118e+56 3.297002728915118e+56 3.297002728915118e+56 3.297002728915118e+56 3.297002728915118e+56 3.297002728915118e+56 3.297002728915118e+56 3.297002728915118e+56 3.297002728915118e+56 3.297002728915118e+56 3.297002728915118e+56 3.297002728915118e+56 3.297002728915118e+56 3.297002728915118e+56 
# [Mg/Fe] for total ejected gas till this time:
0 0 1.0141387620595463 1.0053892251358987 0.9036972637147673 0.793281840343797 0.7432083529063296 0.5652534233065304 0.29535230047565647 0.11291759417377956 -0.010581021021368334 -0.09842970595456485 -0.16400171821997495 -0.2150116209569729 -0.25608287260075596 -0.29007902926679957 -0.3188503445427331 -0.3436368727465964 -0.3653017747598351 -0.3844704740467893 -0.40160874734253477 -0.4170678068750042 -0.43111608804057305 -0.4439646879896428 -0.4557907541838728 -0.46672227733068566 -0.4768516185313729 -0.4862947263471876 -0.49512648299834566 -0.5034127172922931 -0.5112115893267257 -0.5185697462383679 -0.5255271487566389 -0.532117192252571 -0.5383735161635202 -0.544322296080346 -0.5499807152145444 -0.5553703980932654 -0.5605128134379718 -0.5654280420566353 -0.5701311301188734 -0.5746372972464269 -0.5789588327988912 -0.583110334455336 -0.5871015765521195 -0.59094208807014 -0.5946421569068567 -0.5982081592705251 -0.6016495559305157 -0.604979956572952 -0.6081990937512484 -0.6113165358726115 -0.6143414681410958 -0.617284275255764 -0.6201486446457178 -0.6229378659397191 -0.6256523812205207 -0.6282977838477654 -0.6308833699271738 -0.6334096203005435 -0.6358776065203308 -0.6382890762444194 -0.6406399166072457 -0.6429382680034521 -0.6451831895920113 -0.6473814850539391 -0.6495463373948214 -0.6516612096392406 -0.6537320559607268 -0.6557609616093628 -0.6577474674747618 -0.6596934441607417 -0.6616022779272125 -0.6634748392628526 -0.6653137520682215 -0.6671185057488779 -0.6688892548663206 -0.6706280849022848 -0.6723374466531683 -0.6740175145990551 -0.6756689902563884 -0.6772921372817755 -0.6788872877738701 -0.6804610515455458 -0.6820112023371748 -0.6835261854678726 -0.6850198715435272 -0.6864964681989119 -0.6879490162035752 -0.6893793887088756 -0.6907883918340755 -0.6921768819044508 -0.6935444306962378 -0.6948887078405251 -0.696213315523385 -0.6975301729211434 -0.6988266846315776 -0.700104685809597 -0.7013625539066652 -0.7026031625798171 -0.7038266383573313 -0.705035528748554 -0.706229518119687 -0.7074074522106416 -0.7085695797564037 -0.7097170169400496 -0.7108495112686438 -0.7119665652709771 -0.7130694677780138 -0.7152355452185655 -0.7253232044434366 -0.7424846139414097 -0.7566626500492429 -0.7686649364065746 -0.7790801597592567 -0.79237942255442 -0.8036125913577276 -0.8132989997579825 -0.8162485643280903 -0.8217944928819545 -0.8293217411942178 -0.8360905305279817 -0.8402374594167273 -0.8422141254532166 -0.849563398843933 -0.8576781216962177 -0.8712543050229 -0.8822821507471027 -0.8915436074083877 -0.89948495728038 -0.9064206563339103 -0.9125652093287766 -0.9180686992645553 -0.9230473010278851 -0.9275845311093796 
# [Mg/Fe] for instant ejected gas at this time:
0 0 1.0141387620595463 1.0051958600991808 0.8647513792894853 0.6173467173975211 0.519964459200171 -0.23101582249735655 -0.928682127064338 -1.260321430288872 -1.4599452187205226 -1.571838197005173 -1.6281604875260196 -1.6528050775410346 -1.6645197767914386 -1.6684020200440275 -1.6681594938406938 -1.6647211884586512 -1.6594023349732732 -1.6548481855847492 -1.652947838273942 -1.6527841501947513 -1.6527800800280803 -1.6528528549253694 -1.657678072793628 -1.657891829723869 -1.6460111509349773 -1.6472471360486127 -1.6464769260309968 -1.6456430497998922 -1.6461188872800183 -1.6445165631024488 -1.6420755065411667 -1.638360796828074 -1.6344158165964446 -1.6288724909632755 -1.6166647573525645 -1.6045691883110151 -1.5935703885668344 -1.5833632304856282 -1.573387460814079 -1.5639882325945254 -1.5540865500775458 -1.5467050426065576 -1.5382608577830215 -1.5297175529538025 -1.5225518688175952 -1.5138995576597392 -1.5067458712428818 -1.5051815690544472 -1.4984884611920275 -1.4954142973546258 -1.49570815658427 -1.5013336048422103 -1.506950520075362 -1.5116888926370642 -1.5131473995285103 -1.5180379992905433 -1.528853091651223 -1.5337554471588455 -1.5406825678359164 -1.545581332129619 -1.5429057364819696 -1.5490000156749162 -1.5482730331338193 -1.5544492309704805 -1.5780084089813535 -1.5740445314156808 -1.576604509786341 -1.5801533546718167 -1.580126219931051 -1.5802373165738726 -1.5848107889204581 -1.5883183504646146 -1.5918373343726695 -1.5944002581109415 -1.5953088169683116 -1.5977317361414958 -1.6027362302138637 -1.6063307422282331 -1.609339013373608 -1.611509260520224 -1.614403015101164 -1.6257365016902041 -1.6284774040564423 -1.6097000117920834 -1.6185890522720252 -1.634512027841174 -1.6339040356877712 -1.6377397137000729 -1.6401125376382015 -1.6432058030128969 -1.6447584161657658 -1.63493427752303 -1.6354044990912946 -1.66868587518188 -1.6651418221592205 -1.6649111545640132 -1.6599914374948377 -1.662192995551944 -1.662400653092237 -1.670071433534453 -1.6739504899347626 -1.671873071888221 -1.672266817853504 -1.6740505731530924 -1.673891144828955 -1.6718630324565238 -1.6724145737951124 -1.675286312781251 -1.6792711515840661 -1.6870203763426759 -1.6923043831316564 -1.691437280868037 -1.7057030005322635 -1.701958139747956 -1.7021063966959948 -1.703248570366764 -1.7029500332111063 -1.7074279746954726 -1.7002920746085572 -1.7056187655462476 -1.7034352389598924 -1.7033132786550476 -1.704878843460703 -1.7041059004990644 -1.705160194665378 -1.7029382859186886 -1.7063007921935487 -1.704049169387093 -1.705314352051987 -1.7038642022019173 -1.7041182079056352 -1.704784770017315 -1.7041567224066658 
# total ejected metal mass till this time:
0 0.0 5.1054905016748374e-05 0.0007737343738144403 0.0018786749867659165 0.0025115277675825005 0.0030627043402106837 0.0035900719522818764 0.004037064212585828 0.004360050592656001 0.004599383339950809 0.004787237827218304 0.004942572875223094 0.005074904227942335 0.0051882378710656745 0.005286255685744183 0.005375445594873675 0.005459572739496603 0.005539166188544237 0.005614675475264548 0.005686074991220641 0.005753755823161386 0.005817820976709787 0.005878740104073601 0.005936636123362314 0.0059919855900833615 0.006044685678279694 0.006095441425886242 0.006143746475480751 0.0061908927815879046 0.006234986531709315 0.006280021415600682 0.006318463545895715 0.006366268705484246 0.006389503421863417 0.006464850124412875 0.00641306589980962 0.006602888768528449 0.006258404649113491 0.006676750183176364 0.005798650892127228 0.006747809959368996 0.0045445459463565804 0.006816340770754273 0.0010994459159143777 0.006882478671991629 -0.008742131979947367 0.006946415120466796 -0.03829737180093367 0.007008072150416732 -0.1319437253330205 0.007068007848876837 -0.44526991142449757 0.0071261154066854385 -1.551040144654337 0.007182120274152256 -5.641642562984833 0.00723616821139238 -21.63274338622455 0.0072884983700440865 -87.58158970964578 0.007339270538533754 -369.4812108108563 0.007388437726772416 -1644.1577816617705 0.007436237303037142 -7601.0036849931785 0.0074823955351389455 -36913.71459691217 0.007527112110060388 -186193.3017085155 0.007570231996128155 -983460.5637699736 0.00761207577869121 -5359041.726839548 0.007652440067534813 -30696927.505272493 0.007691678142041042 -179780378.8171119 0.007729625468580342 -1110018598.5633051 0.00776649237864783 -7017146991.618062 0.007802345226506147 -45956752863.819145 0.00783706117341309 -314826545251.2308 0.00787088945720924 -2184169155444.612 0.007903820712871205 -15890145090799.693 0.007935752631564352 -119849621711061.31 0.007967004011153639 -912085986422391.0 0.007997452989086043 -7233481827111170.0 0.00802702658785153 -5.973358581620809e+16 0.00805596882325772 -4.994352265680822e+17 0.008084362930868016 -2.3423887639078144e+18 0.008111885109870706 -5.999119002947067e+18 0.008138838643429314 -1.0668456328326605e+19 0.008165304964148065 -1.456580590840421e+19 0.008203899698658921 -1.526988118800835e+19 0.008533225211865865 -5.43215268017046e+18 -2.6345093849955256e+18 -2.811432135414685e+18 -2.460387545150451e+18 -2.2010279387106207e+18 -2.0328798475292224e+18 -1.8824892546011963e+18 -1.8775486988603223e+18 -1.8237158912304748e+18 -1.746631791184251e+18 -1.6849081129241052e+18 -1.649411782917015e+18 -1.6646623020884262e+18 -1.6146003981335373e+18 -1.599713431908021e+18 -1.5282338801053645e+18 -1.4896362093957322e+18 -1.456365040716425e+18 -1.426882151907911e+18 -1.3995562558255104e+18 -1.3785339909763702e+18 -1.357272988160921e+18 -1.3383248114355735e+18 
# Stellar [Z/H]. [Z/H] = [Fe/H] + A[Mg/Fe] where A=0.94:
0.0 -5.02011865111616 -6.517393134486664 -5.239655479863712 -3.5462585083797755 -3.0119402698682887 -2.876460513176367 -2.853383242577435 -2.8544873127066346 -2.8535190958480348 -2.858049335462918 -2.8622264478586232 -2.8649625442100195 -2.8666529948095145 -2.8675229818366064 -2.8678250205919333 -2.8677782057400747 -2.867501444788864 -2.8670619740939047 -2.8665096828717593 -2.8658958676313784 -2.865262113408885 -2.864630382737287 -2.8639933240023185 -2.8633535169415647 -2.862748397028037 -2.8621437351272014 -2.861469441204861 -2.860834898217537 -2.860212349131962 -2.8596041235400316 -2.859013514537364 -2.858426114336975 -2.857838755532513 -2.8572507923875614 -2.8566734267558798 -2.856097639932643 -2.8554819925814243 -2.8548186458506337 -2.854212818283165 -2.853553267610221 -2.8529473286276428 -2.8522959207503957 -2.8516861051559843 -2.8510428925269555 -2.8504471529271385 -2.849804717596074 -2.8492152380235574 -2.8485785955607903 -2.8479916172579562 -2.847386365157965 -2.846831949071321 -2.846243431246683 -2.8457280051799465 -2.8452059466642723 -2.8447507973310375 -2.8442847800876656 -2.843858572525866 -2.843405044604845 -2.8430451130785808 -2.8426498538600233 -2.8422907240956494 -2.8419220127285714 -2.8415742484314204 -2.841201541362195 -2.840856573432671 -2.8405215856946926 -2.840277661846316 -2.839949350481958 -2.839659887283211 -2.839367060558616 -2.8390908848397856 -2.838769202218898 -2.838492518218828 -2.8382226736019316 -2.837981287731967 -2.83769873409096 -2.837431042622209 -2.837162995575001 -2.836945872486302 -2.836702835689737 -2.8364667403356068 -2.836201324127582 -2.835983636017822 -2.835784565533855 -2.835597871589091 -2.835326143691633 -2.835091259532516 -2.8348758701133754 -2.8346984698926843 -2.8345168853719844 -2.8343389359111066 -2.8341258507503984 -2.8339199150970575 -2.8336814425500787 -2.8334970592649564 -2.8333732555697573 -2.833228955021549 -2.8330434024586575 -2.8328521581778903 -2.832645696895973 -2.8338441872649716 -2.8342696817880397 -2.834588944417359 -2.834842549106604 -2.835048832820215 -2.8352226927110427 -2.8353757869812832 -2.8355152009175546 -2.835823528613873 -2.836903368676408 -2.838152212986979 -2.838866376196303 -2.8393494062257982 -2.839760568156914 -2.8401609243244845 -2.840416264279286 -2.840614390496027 -2.840625022036174 -2.840772475065796 -2.8408764525375907 -2.8409354831510223 -2.841006994989162 -2.841033661536233 -2.8410494417573307 -2.841137414561878 -2.841149452637035 -2.8411649471262685 -2.8411637835459755 -2.841113935854673 -2.8408974842578587 -2.840867832717624 -2.840668554892169 -2.8406032529850065 -2.840481041171817 
# Stellar luminosity-weighted metallicity, [Z/X]:
-4.152288344383056 -5.0423094767788825 -6.512158792491091 -5.166234394200574 -3.1968900463494867 -2.4650206464676696 -2.1630253415015357 -1.8437607936581861 -1.481429987309545 -1.1297508892787713 -0.8199026886743346 -0.5082689433841632 -0.17937609132715293 0.15790491433706433 0.4699987213496859 0.7078282352322892 0.846432406723485 0.9165190969481182 0.9531207673698678 0.9711968612246253 0.9808097890488161 0.984502756521565 0.9858669382347568 0.9850985264959609 0.983871169576641 0.9815071550328145 0.9806595887081978 0.9787624489578585 0.9794691741700058 0.9762008056358215 0.9801606673761349 0.9708859074064516 0.9880301222504145 0.9500094098914199 1.0274705311191759 0.8270345287139993 1.208718629898681 -0.6112786731158162 1.5983746962406498 -0.310905989438482 1.9713959034377198 0.04041114560945114 2.3549720750646883 0.41617318242411905 2.760026025326089 0.8172245961326303 3.1906032427869446 1.2451474873718626 3.6477029907557394 1.7001224957294188 4.130648297833802 2.1811134570498885 4.640267150013328 2.6889817523845094 5.173303037094743 3.2205141968734683 5.72839963193434 3.774782766822299 6.307986202192636 4.352921972724052 6.911797885966137 4.955761401747705 7.533315921631601 5.57677610504841 8.178701956624023 6.22090088426704 8.840067279371455 6.88176950238024 9.522298722018421 7.561536910847012 10.219095235458946 8.25859327128166 10.936610462218086 8.974580681836436 11.666926802775672 9.706069543805246 12.42067958170668 10.457916881663246 13.182590895512487 11.220195139582163 13.968860897556256 12.005588795408645 14.764375043331704 12.800703669535217 15.576021098822222 13.61273259835926 16.407645069197393 14.443103997117408 17.243564461837583 15.279405386189366 18.101936212906 16.137662915197804 18.975494311264757 17.010146583362992 19.852029126306352 17.886947100120153 20.747895130435346 18.78339160708543 21.662053831998687 19.695820339611615 22.579067150040743 22.298313008587986 22.005093034016983 21.834474078055905 21.718664045499434 21.63253397448759 21.56476518889778 21.509355596382 21.462809874361152 21.38807762441547 21.18204624279365 21.0190271683295 20.944521434329204 20.90020262536498 20.869237153234433 20.835640976356146 20.811584670214085 20.794656293703472 20.79022449466233 20.782045628712005 20.77210996851497 20.763922984718487 20.759344908729854 20.75724796062342 20.750096898153465 20.742758756704596 20.732435398294864 20.724694237273276 20.719480767445283 20.716637407429538 20.71374419284417 20.710898470211056 20.711332424269408 20.70923835836969 20.709672001746185 
# Stellar luminosity-weighted [Mg/Fe]:
0 -9.71445146547012e-17 -9.71445146547012e-17 0.9517057058731291 1.0049286643987068 0.8748296939194343 0.6699899257348597 0.5657913739271013 -0.05118832243377829 -0.7374600243128648 -1.1206014109667477 -1.367465205409273 -1.5184544657859422 -1.6010297127712776 -1.6405257911823279 -1.6589404852704712 -1.6662118962664365 -1.6676904609376053 -1.6653712456481589 -1.6607346262653562 -1.656170681705352 -1.6536808793737716 -1.6529978596432113 -1.652840042084946 -1.652858625122358 -1.6565985574169524 -1.6575948293128369 -1.6485643568545605 -1.6475627880811852 -1.6467444633926371 -1.6459121123472806 -1.6460960604238335 -1.6448863085038665 -1.642719307464974 -1.6393520140156328 -1.6355440522169151 -1.6303917407710733 -1.6197319002801684 -1.6079957805311678 -1.596857551566841 -1.586490036535728 -1.5764381231562052 -1.5669270811856644 -1.5571113983507028 -1.5492291401834508 -1.54090179330998 -1.5324235694029231 -1.5249718674032986 -1.516594442461988 -1.509173885248551 -1.5063484232245814 -1.5004789308459054 -1.4968017448434123 -1.4962190938740974 -1.5004528401145651 -1.5057318197843363 -1.5105445022429407 -1.5127191507822975 -1.5169888100535172 -1.5263296954406131 -1.5321706019799193 -1.5388359677006709 -1.5440938643789823 -1.54315720745804 -1.5477117192696503 -1.5481421905944501 -1.5530495723230784 -1.5723954281983759 -1.573564092224691 -1.5758249016085004 -1.579094453504783 -1.5797972630739576 -1.5800469720259256 -1.583678150858244 -1.5872000067486922 -1.5907172153330023 -1.5934771508372287 -1.5947908895985086 -1.5969702911635388 -1.6013546155992875 -1.605106189083025 -1.608271399263634 -1.6106492897413744 -1.6134295139809756 -1.6228513838309924 -1.6270521877841722 -1.6132559908027937 -1.6173066488163037 -1.630547591508657 -1.6329733259752839 -1.6364931823248816 -1.6391194145260495 -1.6421034099222056 -1.6439686276414047 -1.636698725768863 -1.635536416157268 -1.6610547694284448 -1.6639723357840495 -1.6644216376634742 -1.660692496436104 -1.6616379313801029 -1.6484114331999473 -1.6361726172931161 -1.6293980499980005 -1.6248641672895203 -1.621522053112308 -1.618913953143094 -1.616801889381532 -1.6150451603138838 -1.612271664034517 -1.605129450446346 -1.600489305776108 -1.5988952067529114 -1.5981635779156322 -1.5977674699458073 -1.5974355629190142 -1.59727437885984 -1.597198048521506 -1.5971855285792438 -1.5971617983242075 -1.5971382442257933 -1.597132518817315 -1.597128223462672 -1.5971387684929548 -1.5971292795483991 -1.5971187402523717 -1.5971502015019714 -1.5971174185651194 -1.5971336859989091 -1.597202361375738 -1.5971599469085989 -1.5972172948751986 -1.5972224163591349 -1.5973058208213369 -1.5972880078171483 
# Stellar luminosity-weighted [C/Fe]:
0 0.0 0.0 -0.05561820732288636 -0.06696187947863053 -0.07898103348335939 -0.08938816513006564 -0.0977348655206709 -0.6138500434037732 -1.076772887264029 -1.2331168394114993 -1.2952271507118382 -1.318084700994602 -1.3237024326213556 -1.3219091297190395 -1.3159811102398757 -1.3076450015052223 -1.296820998707962 -1.2838092125228155 -1.270250516849288 -1.2565690112605592 -1.242472875447603 -1.2284354080605195 -1.2152265169205556 -1.2026783037199407 -1.1872876063165743 -1.160297368524428 -1.12130568207966 -1.0784918902154776 -1.0370353070062943 -0.9995613248084226 -0.9660188357029624 -0.9357733148788058 -0.908701348943787 -0.8839202887261397 -0.8569888329127044 -0.8277438962004227 -0.797829798543274 -0.7680837487053953 -0.7401228495343328 -0.7156289181412241 -0.6945004158663195 -0.6738660218821864 -0.6540602773432191 -0.6356271248989143 -0.6187822075465643 -0.6028346530224153 -0.5887264733393753 -0.5738936544873674 -0.5608822117725651 -0.5496425511305152 -0.5377223518727674 -0.5293339559831085 -0.5211376224457647 -0.5164897027541397 -0.5113180433269435 -0.5063501847827505 -0.5049996574192308 -0.49986512814668105 -0.4953136390573167 -0.495304714722054 -0.4909288924956699 -0.485980405588261 -0.48510499165817167 -0.48277700665339734 -0.47721194554405066 -0.4748232808877461 -0.47680838742719867 -0.4765311510048869 -0.4773836799034271 -0.4806235908691706 -0.48669214009036077 -0.48779762605142585 -0.486823604907264 -0.48951899810920924 -0.49679840623373606 -0.49994527376474945 -0.4990475881078126 -0.49903152642087334 -0.5047326059995232 -0.5113556834560111 -0.5136744538478492 -0.5126502849047447 -0.5125373356256546 -0.5186185673795887 -0.52639116137707 -0.5293480934654802 -0.5295205523649124 -0.5277705931803383 -0.5295033581603047 -0.5390983392608353 -0.5451621896638055 -0.5469765766088868 -0.546097223146386 -0.5441551013267438 -0.5457763645140685 -0.5541916851246727 -0.5619141345127601 -0.5645099054094742 -0.5648282039388887 -0.5637842362256515 -0.5628426327392544 -0.5627885474301417 -0.5635271031065323 -0.5645485066888323 -0.5656808961316702 -0.5668543941898418 -0.5680333748888182 -0.5692029349455832 -0.5714747616940915 -0.5811525508100973 -0.5942490483612206 -0.6028133952051316 -0.6090627546739323 -0.6138837549465335 -0.619250647072255 -0.6231128055390244 -0.6260174322672811 -0.6268469175924769 -0.6282547773470974 -0.6300180966848907 -0.6314885449884153 -0.6323205708865594 -0.6327462731701461 -0.6339957502771317 -0.6351952242900505 -0.63714527863112 -0.638278096103579 -0.6391557438314996 -0.6397500399158347 -0.6401212985203975 -0.6410211614235972 -0.6410318028311175 -0.6418338918857778 -0.6418698140269388 
# Stellar luminosity-weighted [N/O]:
0 0.0 0.0 -1.6421843267706118 -1.8859449252747797 -1.7514627781492247 -1.329033643295304 -0.8233696719437538 -0.3710141893200085 0.004149119334380447 0.3041939595806158 0.5227500837795536 0.6522202853120731 0.714784569405397 0.7411014950372267 0.7553696225920202 0.7689434690534959 0.7904732400241706 0.8210430599481905 0.853465505888714 0.8780149898210927 0.8866775936024105 0.8832625340204097 0.8730589066654121 0.8601253821704667 0.8432884840265978 0.8152261537410638 0.771268461475338 0.7146300575974133 0.6466367247320877 0.566812111592447 0.4720656785366232 0.35702395767289896 0.20886985624038779 0.006309317781265755 -0.25779490313498843 -0.5350654715794501 -0.7845150856411511 -0.9670224977724651 -1.0814684716298901 -1.1605475662894307 -1.176369954581558 -1.1955695898509422 -1.2335887304861015 -1.2543589624508051 -1.205838661914195 -1.215828604874674 -1.2304929514686136 -1.2416302382813318 -1.2501821831622641 -1.2541440162573787 -1.2613973931465954 -1.2658296450772606 -1.2617610408886257 -1.2515611154005137 -1.242506248522837 -1.2374455879114339 -1.2354863198647426 -1.2153973990085705 -1.203708275304742 -1.2043271147506749 -1.1983316125862888 -1.1847465849883476 -1.176906114380142 -1.1641705418634984 -1.1524214490505642 -1.1633822965084542 -1.1687600195339685 -1.1674093409750825 -1.1359595831357217 -1.1722279748358408 -1.142592355780505 -1.1160254876339635 -1.1036244738159218 -1.1696186698235729 -1.1860713364086108 -1.181125696702717 -1.1440635615983301 -1.1413314628274582 -1.137289352066437 -1.1528468964405238 -1.1559996564140858 -1.1966089558039092 -1.2181897261313024 -1.0964550516252076 -1.1075590727573874 -1.105831289884909 -1.1199629552247445 -1.1353779112591038 -1.1459030887680695 -1.1331479712913712 -1.135514699125247 -1.1198740993237895 -1.1101385147935527 -1.1471951331678403 -1.1459734790355443 -1.1461388338116705 -1.146896253123837 -1.1420754896894456 -1.1432548581306117 -1.153347748901655 -0.7644079083942019 -0.5574147996876933 -0.464137544615411 -0.40525559880137263 -0.3624949100218309 -0.3290086337915503 -0.30156093526793537 -0.2783345029195192 -0.24055952820918258 -0.13083929006892558 -0.03423310672837865 0.014758051614103707 0.046286014102087325 0.06867661212591358 0.09210046833571217 0.10798042065830138 0.11958455980536431 0.1228563125825497 0.12822630446246608 0.13481768232599844 0.14032166726196504 0.14351464514659895 0.14504176086439347 0.14961104688976767 0.15384274977068968 0.16059350895498137 0.164489874152149 0.167514497707979 0.16968137220981738 0.17090730147859523 0.1739968464306737 0.17406407870493856 0.1768461360054524 0.1769553365680233 
# Stellar luminosity-weighted [C/O]:
0 0.0 0.0 -1.217324425735587 -1.2836705059924498 -1.1479367724426635 -0.9115007302760314 -0.7925651429238323 -0.6798837849096899 -0.45351781675302394 -0.23055528797478947 -0.0546380233383445 0.06245024172991642 0.12939293154634415 0.1639535917360665 0.183755424036176 0.19722021374719653 0.2093873508019278 0.22208268790315172 0.23477704153687523 0.24775677984403807 0.2615086306898807 0.27546891860211886 0.2888349812094804 0.30166007396672534 0.31728375772543266 0.344415290661348 0.3834238405461128 0.4261483200138019 0.46759424193184185 0.5050521867905662 0.538220356639225 0.5683492539266956 0.5952922857811866 0.6198754828922546 0.6465898254302633 0.6753601290556399 0.7046198613470077 0.7336329394694993 0.7607806480051617 0.7847211350456138 0.8051350995650046 0.8248602696665263 0.8439356521045212 0.8618101056075606 0.8780352693996122 0.8934787294399602 0.9069309997260154 0.9212930917240291 0.9338333008868968 0.944554852522103 0.9556316485365068 0.9638251353711421 0.9716983047934494 0.9763336668443465 0.9820314615091674 0.987190002154664 0.986841168455031 0.9919531714348983 0.9964738368646736 0.996644391419264 1.0010771956107463 1.005999736619825 1.0068415601378176 1.009209483319945 1.014384367156048 1.017297672152735 1.0156774115775118 1.0150281821435168 1.014332250139498 1.0114068859759693 1.0049121797066283 1.0036927699814733 1.0045359712488902 1.0021055531222918 0.9952134218960381 0.9920315847048494 0.9927551694378842 0.9928765357550319 0.987269877117643 0.9807123533505567 0.9782049700008197 0.9796928141981047 0.9794803656049215 0.9731624559511018 0.9659191937278151 0.963730079126763 0.9626051059987353 0.9640354716365485 0.962199379177485 0.9534921541116977 0.9475989702739422 0.9456708791148185 0.9462405315953537 0.9480956903121395 0.9463522954564254 0.9385042205747136 0.9308710550788094 0.9277496037327515 0.9271065995029117 0.9287432149069629 0.929840862684542 0.9301448137326576 0.9295827538364325 0.928696760059635 0.9276753208374283 0.926596670171731 0.9255009713974566 0.9244060139296528 0.922263902489382 0.9130273567357189 0.900404356049216 0.8921099211221751 0.8860442592525587 0.8813594693777606 0.8761392631417683 0.8723795035624985 0.8695500344143131 0.8687421079479782 0.8673696130959673 0.8656509082702211 0.8642172827369285 0.8634050436666876 0.8629899558051797 0.8617706654966735 0.8605995194951283 0.8586962859871871 0.8575896650184144 0.8567319573219653 0.8561498151057344 0.8557885321595121 0.8549120342608344 0.8549010361643613 0.8541202102597788 0.8540856944632865 
# Stellar luminosity-weighted [O/Fe]:
0 0.0 0.0 1.161706218412701 1.2167086265138196 1.0689557389593038 0.8221125651459658 0.6948302774031616 0.06603374150591668 -0.623255070511005 -1.0025615514367097 -1.2405891273734937 -1.3805349427245184 -1.4530953641676998 -1.485862721455106 -1.4997365342760518 -1.504865215252419 -1.50620834950989 -1.5058919004259672 -1.5050275583861632 -1.5043257911045973 -1.503981506137484 -1.5039043266626384 -1.5040614981300362 -1.5043383776866661 -1.5045713640420069 -1.5047126591857762 -1.504729522625773 -1.5046402102292795 -1.504629548938136 -1.504613511598989 -1.5042391923421876 -1.5041225688055013 -1.5039936347249736 -1.5037957716183943 -1.5035786583429678 -1.5031040252560626 -1.5024496598902817 -1.5017166881748947 -1.5009034975394944 -1.500350053186838 -1.4996355154313241 -1.4987262915487125 -1.49799592944774 -1.4974372305064747 -1.4968174769461766 -1.4963133824623753 -1.4956574730653909 -1.4951867462113966 -1.4947155126594618 -1.4941974036526182 -1.4933540004092742 -1.4931590913542507 -1.4928359272392142 -1.4928233695984863 -1.493349504836111 -1.4935401869374147 -1.4918408258742617 -1.4918182995815792 -1.4917874759219902 -1.491949106141318 -1.492006088106416 -1.491980142208086 -1.491946551795989 -1.4919864899733422 -1.4915963127000986 -1.492120953040481 -1.4924857990047105 -1.4915593331484036 -1.491715930042925 -1.49203047684514 -1.491604319796989 -1.4914903960328991 -1.491359576156154 -1.491624551231501 -1.492011828129774 -1.491976858469599 -1.4918027575456967 -1.4919080621759053 -1.4920024831171663 -1.4920680368065677 -1.491879423848669 -1.4923430991028495 -1.492017701230576 -1.4917810233306903 -1.492310355104885 -1.4930781725922433 -1.4921256583636477 -1.4918060648168867 -1.4917027373377896 -1.4925904933725331 -1.4927611599377477 -1.492647455723705 -1.4923377547417398 -1.4922507916388834 -1.4921286599704942 -1.4926959056993863 -1.4927851895915694 -1.4922595091422257 -1.4919348034418005 -1.4925274511326143 -1.4926834954237964 -1.4929333611627993 -1.493109856942965 -1.4932452667484672 -1.4933562169690986 -1.4934510643615728 -1.4935343462862747 -1.493608948875236 -1.4937386641834736 -1.4941799075458162 -1.4946534044104365 -1.4949233163273068 -1.4951070139264913 -1.4952432243242941 -1.4953899102140231 -1.4954923091015226 -1.4955674666815941 -1.4955890255404551 -1.4956243904430648 -1.4956690049551118 -1.4957058277253439 -1.4957256145532472 -1.4957362289753258 -1.495766415773805 -1.4957947437851786 -1.495841564618307 -1.4958677611219933 -1.4958877011534648 -1.495899855021569 -1.4959098306799097 -1.4959331956844317 -1.495932838995479 -1.4959541021455565 -1.4959555084902254 
# Stellar luminosity-weighted [Ca/Fe]:
0 0.0 0.0 0.684473820042641 0.7319999462744169 0.6111171586321954 0.4284014031505068 0.34424667655839103 0.015572526251952823 -0.12714617044422427 -0.15331566452078582 -0.16160523600113752 -0.16479317788205394 -0.1661104535430049 -0.16735489795299108 -0.1679626051512455 -0.1663076083463646 -0.1663831669514153 -0.16664761904661196 -0.16686329225872298 -0.16694393369833738 -0.16702959017112673 -0.16704397393646175 -0.16704980868114339 -0.16706260545641416 -0.16707951258970044 -0.1668688066354136 -0.16673930801121828 -0.16726545611441246 -0.16724887105095232 -0.1671748533470021 -0.16704144429615742 -0.1669516342411459 -0.16718074510389958 -0.16715461962444444 -0.16713152459839264 -0.16700212342211462 -0.166578073329537 -0.164918219112546 -0.1650230860452926 -0.16872504742921368 -0.16874759250518134 -0.16791403630082735 -0.16753734052328229 -0.16726290430825763 -0.16714393448288556 -0.1670993585265197 -0.16700556317080584 -0.1671884285876959 -0.1671456127239508 -0.16714030626687104 -0.16717271624240304 -0.16714191404387102 -0.1670779404813656 -0.16711491517302202 -0.16714453151567366 -0.1671057366829214 -0.16709357026537708 -0.16713081448068423 -0.1670588130435966 -0.16707418237969107 -0.16717371977348972 -0.16704794865524075 -0.1667080433972039 -0.16644809629169788 -0.16661377600965888 -0.16711760724359914 -0.1675688603742156 -0.16735327886575746 -0.1671243437836578 -0.16722796845419463 -0.16787580520336487 -0.16791463800959616 -0.16648712637905283 -0.16646365609004188 -0.166752841577684 -0.16690244522997655 -0.1669839901480179 -0.16704787625330653 -0.16706523413698782 -0.16705094964046285 -0.16704664044619522 -0.16707204229437078 -0.16686375422969002 -0.16615038748066602 -0.16635994691380263 -0.16783632403460302 -0.1677626317413452 -0.16743962765763531 -0.16744293091760065 -0.16713494686415808 -0.1671218360826967 -0.16699862618882033 -0.16678938533358623 -0.16703978604354153 -0.1670359805642676 -0.16707711641124612 -0.1671442080705028 -0.16701741409162074 -0.16700472474121852 -0.16702972718807896 -0.16703958321139067 -0.167049608374219 -0.1670544297787484 -0.1670571055511787 -0.16705872235376074 -0.16705975306773913 -0.16706042636777396 -0.16706086914880847 -0.1670613597365438 -0.1670610959953447 -0.1670590313374618 -0.1670573971218532 -0.16705608801080585 -0.1670551186580176 -0.16705388394817455 -0.16705294422434402 -0.16705226074750334 -0.16705206303370113 -0.16705171816805509 -0.167051285311129 -0.1670509505692308 -0.16705070495293395 -0.16705056667598828 -0.16705026236179954 -0.16704992013227082 -0.16704941744344515 -0.16704907155164883 -0.16704880622352047 -0.16704860438701807 -0.1670485599835816 -0.16704839585655984 -0.16704840408796007 -0.16704828196425692 -0.16704829399120236 
# Stellar luminosity-weighted [Ne/Fe]:
0 -1.6653345369377348e-16 0.0 0.944515759132093 0.9982330963199282 0.8784554996512219 0.6879363852875371 0.5703567516864223 -0.06049867408572285 -0.7838358657411171 -1.235940723781219 -1.5907456921602992 -1.8790016085017154 -2.0991837021069446 -2.254782167523084 -2.3453232169706197 -2.3917301084301523 -2.410778051340378 -2.420137266927199 -2.420165910308666 -2.423024177245614 -2.4223843739191815 -2.4212986982453577 -2.4209673535743654 -2.420781847672352 -2.4203750549414997 -2.4201794416515483 -2.419950009482683 -2.419924435519665 -2.4203046139950875 -2.417684038907123 -2.4156904515679143 -2.414148241075633 -2.416997989290115 -2.414151581975 -2.4076643632252654 -2.4058630182893483 -2.4014670436843426 -2.394025785307798 -2.386320919073359 -2.3767656044169065 -2.3673817795529892 -2.3597460914260173 -2.3630187894609653 -2.35475929108773 -2.354371110203572 -2.3491812892207196 -2.3332921372241655 -2.3263959378180976 -2.3224396874565416 -2.3177287183551987 -2.316897406029484 -2.311673604367277 -2.309943406768174 -2.308848460161639 -2.310903570505999 -2.3001122894746455 -2.297431884831135 -2.2988658231569397 -2.298910192980709 -2.2962191352588186 -2.2953759251514585 -2.292302308188937 -2.2930251697934545 -2.289433592257999 -2.296062041647432 -2.2870600024950436 -2.289149518270489 -2.286578205822126 -2.2899753121068844 -2.2910076089823113 -2.29499226348905 -2.2960160393741713 -2.2989393941701897 -2.302330403107982 -2.309236780849242 -2.3044967372048646 -2.3062193087712917 -2.310270264907038 -2.317980902808872 -2.311662799065009 -2.311466380014924 -2.3187543095728795 -2.323481757587982 -2.3222457244506325 -2.326446799433654 -2.329363476634862 -2.328874706648474 -2.3373531496315954 -2.341627554549392 -2.3401181161028792 -2.3423191985682044 -2.3420236510793684 -2.3461218524447682 -2.345515660624514 -2.3506006989076447 -2.3527694679772653 -2.3622106434022214 -2.365741621771638 -2.3473718877892997 -2.342545037998728 -2.343541026369566 -2.342549681503633 -2.3413516821948166 -2.3403896989064243 -2.339645701496445 -2.339069632229841 -2.3386200751722024 -2.3382674942693047 -2.3377694507906908 -2.3371338749957333 -2.337926387368933 -2.3388825500059647 -2.3396938735859645 -2.340361286249312 -2.341123725101842 -2.341681056390506 -2.3421063901014043 -2.342235951832575 -2.342439381865988 -2.3427012922138744 -2.3429250712217184 -2.343043395004378 -2.3431115280510175 -2.343291790099544 -2.3434610304656838 -2.343766162074287 -2.343919905245612 -2.34404936755096 -2.3441401171937777 -2.3441871859279155 -2.3443454434721804 -2.3443420148351004 -2.3444929953326596 -2.344494573095095 
# Stellar luminosity-weighted [Si/Fe]:
0 1.0408340855860843e-16 1.0408340855860843e-16 1.003267616546069 1.0575039849215162 0.9308645135856563 0.7358864601434563 0.643374561718499 0.17018327550717066 -0.12720518991299673 -0.19735409616935165 -0.22129882570991155 -0.2307759319538596 -0.23470141731710695 -0.23629145112827615 -0.23695513833874532 -0.23719414411270637 -0.23727483641293773 -0.23730278380978043 -0.2373083452398151 -0.23729374216107765 -0.23730452048536296 -0.23729540259059925 -0.23729753724164918 -0.23730973128819421 -0.23731690798148544 -0.23731886644983152 -0.23731576281833086 -0.23730006296646258 -0.23728530125324077 -0.23730516373350458 -0.2373312123677824 -0.23733720651011975 -0.23731644926698897 -0.23730840163757153 -0.23731123857468547 -0.2372956192458277 -0.23728205171018227 -0.23729017255513912 -0.23730439468803433 -0.23730775085454062 -0.2373007445417123 -0.2372561227052388 -0.23724374941977944 -0.2372073549353513 -0.23726052990898563 -0.2373613519574336 -0.2372123982635759 -0.23719655290818317 -0.23722980603282312 -0.23724157176826627 -0.2372055264083365 -0.23721574407472304 -0.23722216309139577 -0.23724225787832914 -0.23737682151409883 -0.2374191338718164 -0.23715127395102706 -0.23719089782871688 -0.23735088546620978 -0.23742897548780967 -0.2370927999210186 -0.23714079804740013 -0.23731914570128804 -0.23729091324763618 -0.23719470672917856 -0.23720616138492212 -0.23738576718701435 -0.23737056028208522 -0.23744320833612506 -0.237469992053972 -0.23720635272339835 -0.23721506797680247 -0.2372634229380265 -0.2372884411475038 -0.23735973552158057 -0.23735713749493476 -0.23732802097320888 -0.23726426820878013 -0.23729762735867216 -0.2373454568217837 -0.23733152295187346 -0.23731243292883614 -0.23707678962994425 -0.23705067660117288 -0.23754052129181386 -0.23744457666453095 -0.2373679373790034 -0.23740421249245947 -0.23736297013331326 -0.23749550567423885 -0.23754134803394944 -0.2373021020602877 -0.23722124326700922 -0.2372159299990221 -0.23728357392933935 -0.237342598279251 -0.23733716541871183 -0.2373825932407819 -0.23735991391330777 -0.23734170209190097 -0.2373367293612086 -0.2373285872931707 -0.23732312672915462 -0.2373191991250484 -0.23731615880048942 -0.23731368433235964 -0.23731159522520515 -0.2373097909077869 -0.23730677032176936 -0.23729744001612108 -0.23728856305637638 -0.23728378358952767 -0.237280596162194 -0.23727826968145993 -0.23727575956106498 -0.237273992869504 -0.23727269242697552 -0.23727235555846254 -0.23727170862629732 -0.23727092864879168 -0.23727030812007494 -0.23726993183358383 -0.23726976464593033 -0.2372691988571337 -0.23726861376718283 -0.23726778827820957 -0.23726721032080456 -0.23726680755703164 -0.23726655584680267 -0.23726638033222203 -0.23726615748167912 -0.23726612953144569 -0.23726600189148558 -0.2372659776492883 
# Stellar luminosity-weighted [S/Fe]:
0 0.0 5.551115123125783e-17 0.9217490815344034 0.9750330557873023 0.8548525492371589 0.6725538505832833 0.5838096915366214 0.12683301655008183 -0.14883215007395678 -0.21163811864349424 -0.23285325228806208 -0.2412236747762453 -0.24471128099067807 -0.24615610849608227 -0.2467203832760383 -0.24693935533827227 -0.24702532870866556 -0.24704241311566066 -0.24704602873194437 -0.24707380704304027 -0.24708805507896647 -0.24708205507259806 -0.2470643925370931 -0.24706760967866814 -0.247065292156467 -0.24711606731605373 -0.24714256660312817 -0.24700872283272923 -0.24700995949391902 -0.24706562932119291 -0.24706709081718958 -0.24707541714776393 -0.24706782031303454 -0.24704722692037417 -0.24704818601008716 -0.24708725490252892 -0.24708787807435495 -0.2470925335593508 -0.24708816134125966 -0.24708736151367616 -0.24714050611106442 -0.24713171096211772 -0.2470231850511202 -0.24701884866084733 -0.24695509189921738 -0.2470301283951808 -0.2470824873394597 -0.2470812944485411 -0.24700248514019363 -0.24710194585473932 -0.24709369065200737 -0.24711251785346966 -0.2470206913446128 -0.24702525321744495 -0.24717109999912723 -0.24716977928000394 -0.24697279707212927 -0.24719416818208295 -0.24734484673305912 -0.24687600887761119 -0.2472498303409093 -0.2475235374576069 -0.24678651690888542 -0.24662354752219984 -0.24656756457016082 -0.2469616120388869 -0.2471858630874596 -0.24714209529886277 -0.2471911929865278 -0.24727630565895298 -0.2471124719334047 -0.24697750400242646 -0.24698246698328663 -0.2469811670725861 -0.24702913545438265 -0.2470549378066086 -0.2470879421898602 -0.2470365820883953 -0.24703760433821775 -0.24704482349919032 -0.2470803856587357 -0.24706322683849302 -0.24684405096847017 -0.24680032844938904 -0.2472426380335031 -0.24727085247413205 -0.24721594380723233 -0.24704860439000842 -0.24702529108330795 -0.24708424392444395 -0.24696027139684962 -0.24683365821250425 -0.24707661436803519 -0.2472320928862971 -0.24710214872398406 -0.24686451095771134 -0.24701943523766756 -0.24725845396232016 -0.2472408674832397 -0.2471380846375113 -0.24712724749249948 -0.24710540622517985 -0.24709213604804847 -0.2470837401043403 -0.24707798753860444 -0.24707379502662752 -0.24707059498567896 -0.24706806042357676 -0.2470642709877181 -0.24705525760506364 -0.24704882032812092 -0.24704567163007585 -0.24704358136223703 -0.24704204910197725 -0.24704038413345364 -0.24703920329522788 -0.24703831606527404 -0.24703809271323174 -0.24703764205834688 -0.24703711049445154 -0.24703668335078632 -0.2470364112388761 -0.2470362996476192 -0.2470359035254046 -0.2470354899423618 -0.24703490213658297 -0.24703450589640186 -0.24703421622920674 -0.24703399578434115 -0.2470338946050834 -0.2470337451886484 -0.2470337118925673 -0.24703362120182548 -0.24703360963555177 
# Stellar luminosity-weighted [C/H]:
0 -5.020118651116162 -6.489967966828367 -6.115987138381598 -4.210255940993432 -3.355158076988854 -2.8826184389131546 -2.615185722144415 -2.3944220869033987 -2.0457959961245713 -1.6656723513337877 -1.2767239366933474 -0.8858470050106897 -0.5057477618858961 -0.16305477978137572 0.10463261361923815 0.2735726765204616 0.3616808194044272 0.4052702409339459 0.42890736133879503 0.44465180656946046 0.4576559395531987 0.4694169924604328 0.48015255754465747 0.48973594615690885 0.5021561072527296 0.5268089060162064 0.5643690988447392 0.6056358779998128 0.6456345154974894 0.6818409092007012 0.7142722045654613 0.7435109412692884 0.7694060954240687 0.7927157590491674 0.8191122065543479 0.8499865043913055 0.8819393675947458 0.9126815589568129 0.9425087702161301 0.9696187464213342 0.9920976245680393 1.0150039232600032 1.0362493215882758 1.0563277350592077 1.0749445515809488 1.092146733300999 1.1081457911434671 1.1239914844434664 1.1386395604079849 1.1508995520281382 1.1636486423878503 1.1749529256417737 1.1833719837424184 1.190240297368919 1.1959097482951493 1.200973700635572 1.2063270800211234 1.2108148262237548 1.2151664878523674 1.2200167510066837 1.2242014398385201 1.2282690301149737 1.23261316552948 1.2363809132846555 1.2398325512461756 1.2429599165598515 1.2454248516156765 1.2445095213822253 1.2399536600943821 1.2372989972316368 1.2346767111987056 1.231734940627073 1.2277502238284446 1.2246273322817163 1.2226331172375091 1.219346784652855 1.2157140435305167 1.212151671290771 1.209388854421122 1.2065227301844024 1.2028137560224552 1.1988244837237736 1.1951389474751726 1.1922814576951448 1.1897548269267189 1.1864610570310532 1.1820299266853156 1.1777483410129168 1.174902500087574 1.1728127993633923 1.1701560971559277 1.1666096590933401 1.1627947057292034 1.1589494748375766 1.1554817815697307 1.1534607089822035 1.151087856606615 1.1486104575535157 1.1447524065938297 1.1402249232465969 1.139096333578927 1.135546457676822 1.1320603586781122 1.1288361235414337 1.125848515156462 1.1230602546464494 1.1204457008686228 1.1179758367764352 1.1134083036243738 1.095619428063527 1.0731622997221844 1.0587688664836925 1.0483635163915714 1.0403807286409275 1.0314897377396526 1.0250955037214746 1.0202941120284783 1.0189837334144456 1.0165910268247513 1.0136830211355834 1.011236126604671 1.0098481536061934 1.009139387916528 1.007049701439156 1.004882446676313 1.0016364828187059 0.9995558596291656 0.997981560602831 0.996936713998231 0.9964417624382174 0.9951813327835715 0.9951977296822325 0.9942048855857073 0.9941621643760565 
# Stellar luminosity-weighted [N/H]:
0 -5.02011865111616 -6.4899679668283685 -6.540847039416622 -4.812530360275762 -3.958684082695415 -3.3001513519324277 -2.6459902511643367 -2.0855524913137176 -1.5881290600371667 -1.1309231037783825 -0.6993358295754506 -0.29607696142853257 0.07964387597315703 0.4140931235197849 0.6762468121750822 0.8452959318267608 0.94276670862667 1.004230612978985 1.0475958256906335 1.0749100165465149 1.082824902465728 1.0772106078787238 1.0643764830005895 1.0482012543606505 1.0281608335538945 0.9976197690959223 0.9522137197739644 0.8941176155834238 0.8246769982977349 0.7436008340025819 0.6481175264628596 0.5321856450154918 0.3829836658832697 0.1791495939381793 -0.08527252201090452 -0.360439096243784 -0.6071955793934132 -0.7879738782851513 -0.8997403494189218 -0.9756499549137096 -0.9894074295785238 -1.0054259362574651 -1.041275061002347 -1.0598413329991576 -1.0089293797328587 -1.0171606010136358 -1.0292781600511622 -1.038931845561895 -1.045375923641176 -1.0477993167513437 -1.0533803992952517 -1.0547018548066296 -1.0500873619396565 -1.037654484875941 -1.0286279617368557 -1.0236618894305254 -1.01600040829865 -0.9965357442197131 -0.9850156243170476 -0.9809547551632543 -0.9752073683585154 -0.9624772914931992 -0.9511345089884795 -0.9369991118987873 -0.926973264960437 -0.9377200521013371 -0.9390125794958033 -0.937928001736374 -0.9103381731808371 -0.946335863580174 -0.9128278242884278 -0.8879833169883629 -0.8804102212363674 -0.9470968906641488 -0.9586516410671395 -0.953810496754711 -0.9211046875056974 -0.9220563272917195 -0.9151703747629583 -0.9270365196066779 -0.93139087039245 -0.9774772862782406 -1.0025311442610505 -0.8773360498811646 -0.8837234395584836 -0.8831003119806189 -0.9005381345381647 -0.9216650418827355 -0.9331999678579805 -0.9138273260396774 -0.9129575722432612 -0.8989353193452674 -0.8935843406597028 -0.9363413486424026 -0.9368439929222383 -0.9311823454041805 -0.9266794515960317 -0.9212146358686821 -0.9256090510396939 -0.9418660405620214 -0.5551524374998165 -0.35201315574352954 -0.2616599397737316 -0.2051162353195739 -0.16432171570279763 -0.13254504931683186 -0.10661620579676967 -0.08476468007273752 -0.049415127074190934 0.05175278125888294 0.1385248369445895 0.1814169969756212 0.20860527124110018 0.22769787138908093 0.24745094293359626 0.26069642081727773 0.2703286374195293 0.27309793804901705 0.2774477181912496 0.2828497951913609 0.2873405111297074 0.289957755086105 0.2911911929757416 0.29489008283225004 0.2981256769518743 0.3035337057865002 0.30645606876290055 0.30876410098884444 0.3104682711023137 0.3115605317573005 0.31426614495341054 0.3143607722228099 0.31693081133138046 0.3170318064807933 
# Stellar luminosity-weighted [O/H]:
0 -5.02011865111616 -6.4899679668283685 -4.898662712646011 -2.926585435000982 -2.2072213045461906 -1.9711177086371237 -1.8226205792205832 -1.7145383019937084 -1.5922781793715473 -1.435117063358998 -1.222085913355004 -0.9482972467406059 -0.6351406934322394 -0.3270083715174419 -0.07912281041693792 0.07635246277326457 0.15229346860249926 0.1831875530307947 0.19413031980191953 0.19689502672542236 0.19614730886331788 0.19394807385831392 0.19131757633517754 0.18807587219018362 0.1848723495272968 0.18239361535485843 0.1809452582986264 0.17948755798601068 0.17804027356564767 0.17678872241013455 0.17605184792623652 0.17516168734259274 0.1741138096428818 0.17284027615691278 0.17252238112408413 0.17462637533566605 0.17731950624773818 0.17904861948731376 0.18172812221096812 0.18489761137572058 0.18696252500303467 0.19014365359347707 0.1923136694837546 0.19451762945164708 0.19690928218133674 0.1986680038610391 0.2012147914174518 0.2026983927194368 0.20480625952108866 0.2063446995060354 0.20801699385134365 0.21112779027063144 0.21167367894896927 0.2139066305245727 0.21387828678598186 0.21378369848090806 0.2194859115660921 0.21886165478885689 0.21869265098769342 0.2233723595874202 0.22312424422777388 0.22226929349514846 0.22577160539166297 0.22717142996471074 0.22544818409012768 0.22566224440711657 0.22974744003816472 0.2294813392387085 0.22562140995488456 0.22589211125566733 0.22976453149207732 0.22804217064559973 0.22321425257955418 0.2225217791594245 0.22741969534147133 0.22731519994800564 0.22295887409263315 0.21927513553573874 0.22211897730347907 0.22581037683384508 0.2246087860216357 0.2191316695256691 0.215658581870251 0.21911900174404275 0.22383563319890332 0.2227309779042903 0.2194248206865801 0.21371286937636835 0.21270312091008892 0.21932064525169448 0.22255712688198592 0.22093877997852207 0.21655417413384992 0.21085378452543724 0.20912948611330506 0.21495648840748993 0.2202168015278052 0.22086085382076392 0.2176458070909182 0.21148170833963365 0.209255470894385 0.20540164394416438 0.20247760484167987 0.20013936348179895 0.1981731943190339 0.19646358447471846 0.19494472947116614 0.1935698228467828 0.19114440113499187 0.1825920713278082 0.17275794367296848 0.16665894536151749 0.16231925713901285 0.15902125926316746 0.15535047459788442 0.1527160001589758 0.1507440776141653 0.15024162546646735 0.14922141372878395 0.1480321128653621 0.14701884386774244 0.14644310993950604 0.14614943211134834 0.1452790359424827 0.14428292718118474 0.14294019683151893 0.14196619461075155 0.1412496032808659 0.14078689889249674 0.14065323027870535 0.14026929852273673 0.14029669351787089 0.1400846753259284 0.14007646991276967 
# Stellar luminosity-weighted [Mg/H]:
0 -5.02011865111616 -6.4899679668283685 -5.108663225185584 -3.138365397116095 -2.401347349586061 -2.1232403480482303 -1.951659482696643 -1.8317603659334027 -1.706483133173406 -1.5531569228890367 -1.3489619913907829 -1.0862167698020295 -0.7830750420358177 -0.48167144124466343 -0.23832676141135778 -0.0849942182407526 -0.009188642825216142 0.02370820780860239 0.038423251922727 0.045050136124666906 0.04644793562702976 0.04485454087774077 0.04253903238026702 0.0395556247544917 0.03284515615235151 0.029511445227798028 0.03711042406983811 0.03656498013410481 0.035925359111145916 0.03549012166184262 0.034194979844590634 0.03439794764422821 0.03538813690288123 0.037284033759674706 0.04055698725013723 0.04733865982065488 0.06003726585785163 0.07276952713104023 0.0857740681836221 0.09875762802683052 0.11015991727815333 0.12194286395652565 0.13319820058079213 0.1427257197746714 0.15282496581753247 0.16255781692049176 0.1719003970795434 0.18129069646884588 0.190347886931999 0.194193679934072 0.20089206341471222 0.20748513678146985 0.20829051231408613 0.2062771600084936 0.20149597183775647 0.19677938317538235 0.19860758665805722 0.1936911443169187 0.18415043146907095 0.18315086374881862 0.17629436463351933 0.17015557132425219 0.1745609497296119 0.17144620066840233 0.1689023061957764 0.16473362512451928 0.14983781084449888 0.14747658016242138 0.14151243838930938 0.13882813459602428 0.1415715882151085 0.13948559465257304 0.13089567787746503 0.12694632364223324 0.12871430813824247 0.1258149075803754 0.11997074203982105 0.11421290654810523 0.11276684482135746 0.11277222455738833 0.10821681060667032 0.10082547888714366 0.09424676911985141 0.08804864124374046 0.0890938005196169 0.10255315969374035 0.0942438302339248 0.07497134268459771 0.0714325322725955 0.07541795629934533 0.07619887229368416 0.07148282578002174 0.06492330123418544 0.06640585039545766 0.06572172992653158 0.04659762467843098 0.04902965533532555 0.048698725299515466 0.04888811409661464 0.04237122809214533 0.05352753311823388 0.06216238781384753 0.06618941178664439 0.06852046294074565 0.07000735817582449 0.071000695693197 0.07167718637590959 0.07213361140813479 0.0726114012839485 0.0716425284272777 0.06692204230729626 0.06268705493591309 0.05926269314987209 0.05649701364165338 0.053304821892893095 0.05093393040065841 0.049113495774253835 0.048645122427679155 0.047684005847641764 0.04656287359468081 0.04559215277577078 0.045040501030081614 0.04474689259371889 0.043916172167888234 0.042958930713991705 0.041631559947854946 0.0407165371676248 0.04000361843542155 0.03948439253832792 0.03940311405001662 0.038985199331969866 0.039007116154215815 0.038732956650147976 0.038743970585846554 
# Stellar luminosity-weighted [Fe/H]:
0 -5.02011865111616 -6.4899679668283685 -6.060368931058711 -4.143294061514801 -3.276177043505494 -2.793230273783089 -2.5174508566237437 -1.7805720434996255 -0.9690231088605419 -0.43255551192228925 0.018503214018489977 0.43223769598391293 0.8179546707354604 1.1588543499376645 1.4206137238591134 1.5812176780256837 1.6585018181123892 1.689079453456762 1.6991578781880827 1.7012208178300194 1.7001288150008018 1.6978524005209525 1.6953790744652135 1.6924142498768497 1.689443713569304 1.6871062745406347 1.6856747809243995 1.6841277682152902 1.6826698225037835 1.6814022340091235 1.6802910402684241 1.6792842561480943 1.6781074443678552 1.6766360477753075 1.6761010394670524 1.6777304005917282 1.67976916613802 1.6807653076622082 1.6826316197504627 1.6852476645625583 1.686598040434359 1.6888699451421894 1.6903095989314947 1.691954859958122 1.6937267591275131 1.6949813863234144 1.6968722644828427 1.6978851389308338 1.6995217721805504 1.7005421031586536 1.7013709942606177 1.7042868816248822 1.7045096061881835 1.7067300001230592 1.7072277916220928 1.7073238854183228 1.7113267374403542 1.7106799543704359 1.7104801269096837 1.7153214657287381 1.7151303323341902 1.7142494357032345 1.7177181571876519 1.719157919938053 1.7170444967902263 1.7177831974475977 1.7222332390428754 1.7210406723871121 1.7173373399978091 1.7179225881008078 1.721368851289066 1.7195325666784989 1.7145738287357082 1.7141463303909257 1.7194315234712452 1.7192920584176044 1.7147616316383298 1.711183197711644 1.7141214604206456 1.7178784136404128 1.7164882098703043 1.7114747686285186 1.707676283100827 1.710900025074733 1.7161459883037886 1.7158091504965332 1.7115504790502278 1.7055189341932548 1.7044058582478785 1.7119111386242274 1.7153182868197336 1.7135862357022273 1.7088919288755897 1.7031045761643209 1.701258146083799 1.7076523941068764 1.7130019911193748 1.7131203629629899 1.709580610532719 1.7040091594722484 1.7019389663181816 1.698335005106964 1.695587461784645 1.6933846302302662 1.6915294112881325 1.6899146488362908 1.6884790757574408 1.6871787717220186 1.684883065318465 1.6767719788736244 1.6674113480834047 1.661582261688824 1.6574262710655039 1.6542644835874611 1.650740384811907 1.6482083092604989 1.6463115442957594 1.6458306510069227 1.6448458041718488 1.6437011178204743 1.6427246715930863 1.6421687244927528 1.6418856610866746 1.6410454517162876 1.6400776709663636 1.6387817614498257 1.6378339557327446 1.6371373044343307 1.6366867539140655 1.6365630609586148 1.636202494207169 1.63622953251335 1.636038777471485 1.6360319784029955 
# Stellar luminosity-weighted [Ca/H]:
0 -5.02011865111616 -6.4899679668283685 -5.375895111016071 -3.411294115240386 -2.6650598848732994 -2.364828870632582 -2.173204180065354 -1.7649995172476727 -1.0961692793047657 -0.5858711764430744 -0.14310202198264754 0.26744451810185854 0.6518442171924548 0.9914994519846738 1.2526511187078677 1.414910069679319 1.4921186511609745 1.52243183441015 1.5322945859293604 1.5342768841316827 1.5330992248296749 1.5308084265844908 1.5283292657840706 1.5253516444204358 1.5223642009796032 1.520237467905221 1.5189354729131814 1.5168623121008773 1.515420951452831 1.5142273806621214 1.5132495959722663 1.512332621906948 1.5109266992639556 1.5094814281508633 1.5089695148686602 1.5107282771696138 1.5131910928084826 1.5158470885496627 1.5176085337051708 1.5165226171333446 1.5178504479291774 1.520955908841362 1.5227722584082128 1.524691955649864 1.5265828246446276 1.5278820277968945 1.5298667013120362 1.530696710343138 1.5323761594566 1.5334017968917824 1.5341982780182146 1.5371449675810114 1.5374316657068183 1.5396150849500376 1.5400832601064192 1.540218148735402 1.5442331671749772 1.5435491398897518 1.5434213138660873 1.5482472833490473 1.5479566125607 1.5472014870479942 1.551010113790448 1.5527098236463548 1.5504307207805672 1.550665590203998 1.5546643786686598 1.553687393521355 1.5502129962141513 1.5506946196466131 1.553493046085701 1.551617928668903 1.5480867023566551 1.5476826743008845 1.5526786818935614 1.5523896131876285 1.5477776414903115 1.544135321458338 1.547056226283658 1.5508274639999504 1.5494415694241095 1.5444027263341482 1.540812528871137 1.5447496375940668 1.5497860413899858 1.5479728264619306 1.5437878473088835 1.5380793065356198 1.5369629273302783 1.5447761917600698 1.548196450737037 1.5465876095134066 1.5421025435420033 1.5360647901207791 1.5342221655195312 1.5405752776956296 1.5458577830488718 1.5461029488713693 1.5425758857915 1.536979432284169 1.534899383106791 1.5312853967327449 1.528533032005897 1.526327524679087 1.5244706889343718 1.5228548957685524 1.521418649389667 1.5201179025732108 1.5178217055819214 1.50971088287828 1.5003523167459427 1.494524864566971 1.490370183054698 1.487209364929444 1.4836865008637323 1.4811553650361553 1.4792592835482559 1.4787785879732214 1.4777940860037937 1.4766498325093451 1.4756737210238553 1.4751180195398188 1.474835094410686 1.473995189354488 1.4730277508340928 1.471732344006381 1.4707848841810964 1.47008849821081 1.4696381495270474 1.4695145009750332 1.469154098350609 1.4691811284253893 1.468990495507228 1.4689836844117927 
# Stellar luminosity-weighted [Ne/H]:
0 -5.02011865111616 -6.4899679668283685 -5.11585317192662 -3.1450609651948733 -2.3977215438542725 -2.1052938884955523 -1.9470941049373218 -1.8410707175853478 -1.7528589746016587 -1.6684962357035076 -1.572242478141809 -1.4467639125178025 -1.2812290313714847 -1.0959278175854195 -0.9247094931115054 -0.8105124304044686 -0.7522762332279882 -0.7310578134704366 -0.7210080321205838 -0.7218033594155946 -0.7222555589183797 -0.7234462977244052 -0.7255882791091519 -0.7283675977955024 -0.7309313413721954 -0.7330731671109136 -0.7342752285582836 -0.735796667304375 -0.7376347914913035 -0.7362818048979989 -0.7353994112994897 -0.7348639849275393 -0.7388905449222598 -0.7375155341996935 -0.7315633237582126 -0.7281326176976197 -0.7216978775463225 -0.7132604776455898 -0.703689299322896 -0.6915179398543492 -0.6807837391186302 -0.6708761462838284 -0.6727091905294706 -0.662804431129608 -0.6606443510760585 -0.6541999028973056 -0.6364198727413237 -0.6285107988872642 -0.6229179152759912 -0.6171866151965446 -0.6155264117688661 -0.6073867227423948 -0.6054338005799904 -0.6021184600385796 -0.6036757788839058 -0.5927884040563223 -0.5861051473907812 -0.5881858687865034 -0.5884300660710249 -0.5808976695300805 -0.5802455928172687 -0.5780528724857028 -0.5753070126058022 -0.5702756723199469 -0.5790175448572059 -0.5692768050474459 -0.5669162792276143 -0.5655375334350135 -0.5726379721090753 -0.5730850208815035 -0.573623412199983 -0.5764834726956725 -0.5843655654344815 -0.5881840727170564 -0.5898052573779973 -0.5852046787872602 -0.5914576771329623 -0.5990870671953941 -0.6038594423882264 -0.5937843854245957 -0.5949781701446195 -0.6072795409443605 -0.6158054744871544 -0.6113456993758994 -0.6103008111298651 -0.6135543261383285 -0.617324227598246 -0.6318342154383405 -0.6372216963015136 -0.6282069774786514 -0.6270009117484712 -0.6284374153771406 -0.637229923569179 -0.6424110844601936 -0.6493425528238452 -0.6451170738703889 -0.6492086522828462 -0.6526212588086482 -0.6377912772565804 -0.6385358785264801 -0.6416020600513841 -0.6442146763966692 -0.6457642204101717 -0.6470050686761581 -0.6481162902083124 -0.6491549833935499 -0.650140999414762 -0.6510887225472857 -0.6528863854722253 -0.6603618961221089 -0.6705150392855277 -0.6773002883171406 -0.6822676025204606 -0.6860968026618508 -0.6903833402899346 -0.6934727471300075 -0.6957948458056453 -0.6964053008256519 -0.6975935776941391 -0.6990001743934 -0.7002003996286321 -0.7008746705116247 -0.7012258669643439 -0.7022463383832562 -0.7033833594993197 -0.7049844006244612 -0.7060859495128673 -0.7069120631166292 -0.7074533632797122 -0.7076241249693007 -0.708142949265012 -0.7081124823217504 -0.7084542178611741 -0.7084625946920999 
# Stellar luminosity-weighted [Si/H]:
0 -5.02011865111616 -6.4899679668283685 -5.057101314512643 -3.085790076593285 -2.3453125299198385 -2.0573438136396334 -1.8740762949052456 -1.610388767992455 -1.0962282987735383 -0.6299096080916406 -0.20279561169142113 0.20146176403005356 0.583253253418353 0.9225628988093884 1.1836585855203685 1.3440235339129774 1.4212269816994514 1.4517766696469812 1.4618495329482681 1.4639270756689418 1.4628242945154386 1.4605569979303534 1.4580815372235643 1.4551045185886555 1.4521268055878185 1.4497874080908026 1.4483590181060686 1.4468277052488276 1.445384521250543 1.4440970702756188 1.4429598279006415 1.4419470496379745 1.4407909951008664 1.4393276461377358 1.438789800892367 1.4404347813459006 1.4424871144278373 1.443475135107069 1.4453272250624285 1.4479399137080176 1.4492972958926464 1.4516138224369506 1.4530658495117152 1.454747505022771 1.456466229218527 1.457620034365981 1.4596598662192668 1.4606885860226502 1.4622919661477272 1.4633005313903875 1.4641654678522813 1.4670711375501586 1.4672874430967875 1.46948774224473 1.469850970107994 1.4699047515465065 1.4741754634893267 1.4734890565417191 1.4731292414434738 1.4778924902409285 1.4780375324131714 1.4771086376558342 1.4803990114863637 1.481867006690417 1.4798497900610479 1.4805770360626753 1.4848474718558609 1.483670112105027 1.479894131661684 1.4804525960468355 1.4841624985656683 1.4823174987016965 1.4773104057976822 1.4768578892434219 1.4820717879496645 1.4819349209226695 1.4774336106651211 1.4739189295028639 1.4768238330619732 1.4805329568186294 1.4791566869184312 1.4741623356996825 1.4705994934708828 1.4738493484735602 1.4786054670119748 1.4783645738320024 1.4741825416712246 1.4681147217007955 1.4670428881145656 1.4744156329499885 1.4777769387857842 1.4762841336419394 1.4716706856085806 1.4658886461652991 1.4639745721544597 1.470309795827625 1.4756648257006626 1.4757377697222078 1.4722206966194111 1.4666674573803475 1.464602236956973 1.4610064178137927 1.4582643350554902 1.456065431105218 1.4542132524876425 1.4526009645039317 1.4511674805322357 1.4498689808142315 1.4475762949966957 1.4394745388575032 1.4301227850270286 1.4242984780992969 1.42014567490331 1.416986213906001 1.4134646252508425 1.4109343163909949 1.4090388518687837 1.4085582954484601 1.4075740955455514 1.4064301891716822 1.4054543634730114 1.4048987926591692 1.404615896440744 1.4037762528591538 1.4028090571991805 1.4015139731716162 1.4005667454119402 1.3998704968772988 1.3994201980672627 1.3992966806263931 1.3989363367254897 1.398963402981904 1.3987727755799995 1.398766000753707 
# Stellar luminosity-weighted [S/H]:
0 -5.020118651116161 -6.489967966828369 -5.138619849524308 -3.1682610057275005 -2.4213244942683367 -2.1206764231998063 -1.9336411650871232 -1.653739026949543 -1.1178552589344983 -0.6441936305657832 -0.214350038269572 0.19101402120766764 0.573243389744782 0.9126982414415821 1.1738933405830752 1.3342783226874118 1.4114764894037237 1.4420370403411011 1.4521118494561387 1.4541470107869787 1.4530407599218353 1.4507703454483543 1.4483146819281205 1.4453466401981818 1.4423784214128368 1.439990207224581 1.4385322143212709 1.4371190453825609 1.4356598630098647 1.4343366046879304 1.4332239494512344 1.4322088390003302 1.4310396240548204 1.4295888208549332 1.429052853456965 1.4306431456891997 1.4326812880636646 1.4336727741028574 1.435543458409203 1.4381603030488819 1.4394575343232945 1.4417382341800717 1.4432864138803745 1.4449360112972744 1.4467716672282958 1.4479512579282336 1.4497897771433825 1.4508038444822926 1.452519287040357 1.453440157303914 1.4542773036086105 1.4571743637714123 1.4574889148435703 1.4597047469056141 1.4600566916229658 1.4601541061383192 1.4643539403682246 1.463485786188353 1.4631352801766244 1.4684454568511267 1.4678805019932808 1.4667258982456275 1.4709316402787667 1.4725343724158533 1.4704769322200657 1.4708215854087108 1.4750473759554157 1.4738985770882493 1.470146147011282 1.4706462824418547 1.4742563793556616 1.4725550626760726 1.4675913617524219 1.4671651633183393 1.4724023880168629 1.4722371206109957 1.4676736894484699 1.4641466156232488 1.4670838560824273 1.4708335901412228 1.4694078242115691 1.4644115417900254 1.4608322321323568 1.4640996966253441 1.4689033502702853 1.468538298022401 1.4643345352429957 1.4584703298032466 1.457380567164571 1.4648268946997836 1.4683580154228837 1.4667525774897228 1.4618153145075543 1.4558724832780237 1.4541559973598153 1.4607878831491652 1.4659825558817068 1.4658619090006697 1.462339743049479 1.4568710748347367 1.454811718825682 1.4512295988817838 1.4484953257365962 1.4463008901259258 1.4444514237495283 1.4428408538096638 1.4414084807717615 1.4401107112984417 1.437818794330747 1.4297167212685604 1.4203625277552838 1.414536590058748 1.4103826897032667 1.407222434485484 1.403700000678454 1.4011691059652707 1.3992732282304856 1.398792558293691 1.3978081621135017 1.3966640073260228 1.3956879882422997 1.3951323132538769 1.394849361439055 1.394009548190883 1.3930421810240015 1.3917468593132427 1.3907994498363432 1.3901030882051235 1.3896527581297247 1.3895291663535314 1.3891687490185203 1.3891958206207824 1.38900515626966 1.3889983687674432 
# X_list:
0.7503924241207292 0.7500087703342599 0.7500041008419902 0.7499893103801135 0.7499296449798115 0.7498447665528752 0.7496965329873722 0.7493898475438187 0.7487725050769607 0.7475757268968656 0.7450144132100792 0.7393573340668589 0.7272776060390644 0.7049640971362089 0.6749322012562237 0.6493900447719465 0.6358514734658677 0.6312009296055124 0.6306768434616817 0.6320030058104478 0.6345779233611012 0.6378427861557106 0.6413015022832914 0.6447856517546005 0.64803787753186 0.6506225049156088 0.6524202046136429 0.6537972623413562 0.654906287985918 0.6559142327131229 0.656780372537019 0.6575355036857224 0.6583120216883785 0.6588623876721024 0.6582269059425766 0.6557346108552169 0.6522316586938157 0.6484233790109022 0.6444013687423313 0.640312561942974 0.6365410329316502 0.6327676976388931 0.6291506399337136 0.6257072044932118 0.6223375056989251 0.6191697261820235 0.6159873732367046 0.6129841841775002 0.6100417527138545 0.6077387389958657 0.6052320367542096 0.6014252756912902 0.5993913147019723 0.5974324743580682 0.5957162305881244 0.594171607576521 0.5921210215707603 0.5906602966752249 0.5891849678664403 0.5871251357067908 0.5856705697347856 0.5843635335559966 0.5826203223367978 0.581039559737599 0.5799287259083273 0.5788814812888206 0.5776522750143296 0.5777317883652794 0.5789355523895339 0.5793977671849031 0.579544078721121 0.5803604928054085 0.5818228002181228 0.5825574273827049 0.5818877672047749 0.582585634823428 0.5837886958304009 0.5848511192096048 0.5851813530835723 0.5853580297819698 0.5861944977144071 0.5874458787398639 0.5884737283431486 0.588621105711294 0.5886774010387558 0.5893697559940123 0.5906066644477732 0.5919311491402351 0.5924471981999063 0.5920911905498076 0.5922561277148013 0.5930938118854634 0.5943357767340118 0.5954863337067672 0.5962338668415333 0.5960127894675685 0.5955474563666584 0.5956645100000607 0.5972142490751016 0.5989783232438001 0.5998908312408792 0.5999788199327984 0.5999541909677426 0.5998211633156598 0.599889487275162 0.6000467180677913 0.6002975195075481 0.6006437161970037 0.6010045247932184 0.6014061535852916 0.603305208804554 0.6073531847243879 0.6113048897440515 0.6150815446915442 0.6182686773530122 0.6216277693964497 0.6241192392212739 0.626055037456403 0.6267034353715194 0.6276415151501132 0.6290005677787518 0.6299121094219525 0.6304747417680676 0.6305919171908597 0.6315084746950429 0.6320931864835161 0.6330958828192481 0.6336955580507694 0.6343040096376785 0.6350427776751466 0.6359375378355102 0.6365276311569464 0.6373784143502078 0.6380421442188607 0.6386352731391364 
# stellar_X_list:
0.7529042722234999 0.7503924241207292 0.7500124813413402 0.7500061244238053 0.7499995770345548 0.7499856461899497 0.7499768210352497 0.7499718442849953 0.7499688249639429 0.7499673489810739 0.7499669890825293 0.7499669180392471 0.7499668691583502 0.7499668101407871 0.7499667061967288 0.749966562975529 0.7499664046132328 0.7499662358102565 0.749966058387658 0.7499658771145735 0.7499657018204389 0.7499655430401404 0.749965402813485 0.749965277358741 0.7499651630728498 0.7499650566268685 0.7499649528527498 0.7499648478543298 0.7499647414406766 0.7499646346078158 0.7499645297093986 0.7499644260372222 0.7499643236939141 0.7499642234636775 0.749964122952847 0.7499640145977148 0.7499638908892164 0.7499637518267682 0.7499635946469156 0.7499634406206284 0.749963271060011 0.7499631074245998 0.7499629315395867 0.7499627617263291 0.7499625807972501 0.7499624089995848 0.7499622252453557 0.7499620517966316 0.749961866390145 0.7499616920615033 0.7499615096713762 0.7499613382167912 0.7499611494403763 0.7499609772239486 0.749960799081747 0.7499606328109393 0.74996045769513 0.7499602991501579 0.7499601266254596 0.7499599671434618 0.7499598032503616 0.749959645547555 0.7499594792778791 0.7499593293442194 0.7499591677021362 0.7499590137704879 0.7499588564520596 0.7499587166000191 0.7499585671757364 0.7499584328855686 0.7499582967192646 0.7499581769583408 0.7499580456573558 0.7499579246676633 0.7499578022408394 0.74995769301129 0.7499575755827586 0.749957464308426 0.7499573476616722 0.7499572486311663 0.749957145224438 0.7499570474656135 0.7499569388160578 0.749956841178236 0.7499567439580759 0.7499566596932568 0.7499565652028716 0.749956475055282 0.7499563764642869 0.7499562909205175 0.7499562087620965 0.7499561332340673 0.7499560472568266 0.7499559655491382 0.7499558755805932 0.7499557981032587 0.7499557232991904 0.7499556549706075 0.7499555765340887 0.749955504893298 0.7499554263596901 0.7499558606748614 0.7499560026625637 0.7499561031817038 0.7499561841395455 0.7499562524991757 0.7499563119442116 0.7499563648300598 0.74995641290952 0.7499565038920422 0.7499568240921723 0.7499571820505627 0.7499573850081581 0.7499575156274473 0.74995761515689 0.7499577194106141 0.7499577851759576 0.7499578335177017 0.7499578395841011 0.7499578698689616 0.749957892009701 0.7499579126594107 0.7499579229292013 0.7499579311298369 0.7499579348998837 0.7499579576776613 0.7499579588069908 0.749957959985929 0.7499579559124923 0.7499579372902083 0.749957883153094 0.749957870495818 0.7499578192638665 0.7499577960771872 0.7499577651609877 
# stellar_X_list_luminosity_weighted:
0.7529042722234999 0.7503924241207292 0.7500132949558431 0.7500051710512677 0.7499900359891926 0.7499309916061402 0.7498467549368416 0.7496999243540567 0.7493966533665138 0.7487863395025369 0.7476032968885452 0.7450739994044415 0.7394916114077972 0.7275578856789316 0.7054860306236059 0.6757144056319354 0.650242431673748 0.6365713312432789 0.631743580563445 0.6310803376705737 0.6323049905120748 0.634797766097151 0.6379972221459246 0.6414066404571662 0.6448523823610043 0.6480773416647891 0.6506494726211889 0.6524454914284342 0.6538214382578282 0.6549293304842353 0.6559344562032388 0.6567987376937847 0.6575523035555249 0.6583253066882798 0.6588764103545147 0.6582622973767394 0.6558146911508986 0.6523537995700306 0.648581596244085 0.6445822749788058 0.6405197359561955 0.6367556528501194 0.6329993369163702 0.6293874398091426 0.6259542032344125 0.6225875339155053 0.619426509998449 0.6162467407707315 0.6132491882840178 0.6103069160593091 0.6079977763572895 0.6054913949364016 0.6017167954565321 0.5996583366361956 0.5976948124912013 0.5959691289659445 0.594419040984605 0.5923734308374694 0.5909046756813269 0.5894245424262349 0.5873763110786674 0.585911673470999 0.5846001197150503 0.5828615115569687 0.5812811983388164 0.5801594599638282 0.5791076067572795 0.5778776612459104 0.5779294770016898 0.5790973143887278 0.5795527683905431 0.5796969784316697 0.5804932307248535 0.5819314447080061 0.5826634218568266 0.5820167087286331 0.5826929118330175 0.5838768840130797 0.5849281556931465 0.5852655055273361 0.585444062122475 0.5862666903424586 0.5875000301549322 0.5885231319506349 0.5886814775368869 0.5887421804952168 0.5894219885085479 0.5906425971047913 0.591953370731718 0.5924781738591652 0.592140463370125 0.5923017741755248 0.5931240721516947 0.5943514665602718 0.5954928287719032 0.5962428958514712 0.5960397767476667 0.5955862557573686 0.5956980020929444 0.5972175022034714 0.5989601168445668 0.5993060798183671 0.6003232603746389 0.6012501984772716 0.6020641251028872 0.602790677183193 0.6034496729862482 0.6040537394927871 0.6046138581326136 0.605626927824656 0.6093629752116295 0.6137501599970167 0.6164215284037783 0.6182922645316411 0.6196965167111957 0.6212360354846135 0.6223239762615378 0.6231294926040685 0.6233444392260417 0.623746508512347 0.6242291610634667 0.6246348671097799 0.6248581840168564 0.6249754801855304 0.6253169549556976 0.6256845834340242 0.6262138195197545 0.6265677194548902 0.6268284600999592 0.62699233330644 0.6270670405915933 0.6272474317204663 0.627241145404259 0.62736781891256 0.6273750329655352 
# Y_list:
0.033374542866805225 0.0007458917055564731 0.000360026363277886 0.00016426815852519706 0.00014373867048351758 0.00022768676789313602 0.00040266308551537857 0.000739336470161214 0.0014742064701553992 0.0032672261163973894 0.007780643606855009 0.018738674334011864 0.04347373828325154 0.09090984177719318 0.15720327068107298 0.2166025315015389 0.25089200605427037 0.26503662116176224 0.2691919189832795 0.2691455215832163 0.2670282616974413 0.26400000771330623 0.2606633031429617 0.257361788494412 0.25431955502112785 0.2518423707740451 0.24999193020365923 0.24856761852994363 0.24743423499676442 0.2464464845007508 0.2455218305404 0.24464560784525963 0.2438525746057756 0.24330752503757413 0.24364548855093718 0.24526299815865854 0.2477136253395804 0.25059293674155586 0.25351972928674493 0.2563974824332385 0.25927891345705223 0.2619663808312218 0.26460346741635066 0.26718809290128254 0.26964752684017607 0.2720033012779599 0.2742874936240807 0.2765631041595492 0.27871783876986633 0.2810695346892266 0.2831711199392238 0.28443613098227843 0.28623371287678406 0.28783158279019067 0.28943011554941755 0.29098322345317784 0.292217832673687 0.2936840190254324 0.29506921560337446 0.29614645232296744 0.2974964673345941 0.29884183875773446 0.2998982668398529 0.3010183404583759 0.30235077656038045 0.30342917571433176 0.30395901161088407 0.3041351161384465 0.3036211453065939 0.3032319709906522 0.302652433978012 0.3023632576552498 0.3018658564737798 0.30131611445922896 0.3014059963824889 0.3009271462853794 0.3007244739875397 0.30042261114798025 0.2997256750016236 0.29902000649550176 0.29862766790028794 0.2984198191399346 0.29819907696877845 0.29760251375827595 0.2968258603071184 0.29643181719667294 0.29625336700928173 0.29617629898597975 0.29580231872330665 0.29499947347213384 0.29446949497807273 0.29413148686403484 0.2938513220549771 0.29381533116904684 0.2935570466551485 0.29283866424930366 0.2925583600061381 0.2926407732788849 0.29174801910952264 0.29104398239746365 0.29139471239909415 0.2912669822101526 0.2908790415476664 0.2905636988953527 0.2902935332591096 0.2901120933697644 0.2899877830030488 0.2898913342321163 0.2898082578796008 0.28950328987929025 0.28804515831756844 0.28508622418694557 0.2818482129974763 0.27884624483430787 0.276154426118544 0.273139506269243 0.27086992335688165 0.26903787720794237 0.26850491277656646 0.26750538868083845 0.2661380057044224 0.26489319027808766 0.2641099329006524 0.2637730026487162 0.26234717332252155 0.26072820932614355 0.25788713736305874 0.25550230793478945 0.2536166092682284 0.25208371452075146 0.25079909797815175 0.24974812449264233 0.24875092446962627 0.2480408688955479 0.24734662333793342 
# stellar_Y_list:
0.247 0.033374542866805225 0.0010615021849817818 0.0005301359426738198 0.00043846851666289163 0.0004425057410423374 0.0004703142145884282 0.0004945075101161473 0.000510734862925076 0.0005212341689884519 0.0005284738258902 0.0005338194174056948 0.0005378713916226498 0.0005409727794755838 0.0005434582936480835 0.0005455439111926432 0.0005473320821464315 0.0005488976726348411 0.0005502959827370024 0.0005515553966404601 0.0005527014108427968 0.0005537365103114794 0.0005546728857846629 0.0005555252189989896 0.0005563198108425357 0.0005570605863657477 0.0005577517870168438 0.0005584028699257404 0.0005590245930469135 0.0005596190510428388 0.0005601852392459504 0.0005607235818042184 0.000561234302483514 0.0005617297977776419 0.0005622170691648493 0.0005626872525761559 0.0005631415080838966 0.0005636048312219339 0.0005640776527949456 0.0005645177897417791 0.0005649712554978688 0.000565393470556916 0.0005658312349659512 0.0005662376461722265 0.000566661658238692 0.000567054064639762 0.0005674611356382799 0.0005678427607211853 0.0005682304553433796 0.0005686039865615796 0.000568988260427239 0.000569344138541369 0.000569712737351732 0.0005700450816658164 0.0005704013880575593 0.0005707384244201359 0.0005710714842572509 0.000571382268929769 0.0005717255644255159 0.0005720247324896517 0.000572330752498697 0.0005726381843712443 0.0005729511422428752 0.0005732158933793833 0.0005735207138852141 0.0005738176864795102 0.0005741027788771251 0.0005743471432312194 0.0005746357737582476 0.0005749058256225485 0.0005751601722136844 0.0005753728143418931 0.0005756366557486592 0.0005758942271739894 0.000576136964229665 0.0005763320330143557 0.0005765570772647626 0.0005767960462008275 0.0005770436043661364 0.0005772390502552943 0.0005774276261028141 0.0005776202305446935 0.0005778577094869054 0.0005780763442022254 0.0005782736880061395 0.0005784322396124873 0.0005786063018737899 0.0005788041399754917 0.0005790344109655369 0.0005792264009320431 0.0005793901055883324 0.0005795331996502062 0.0005796952769648913 0.000579873530343841 0.0005800867109066355 0.0005802703189082556 0.000580428548187261 0.0005805609870547869 0.0005807100746132321 0.0005808497560228673 0.0005810318380075843 0.0005802347736603107 0.0005799917154849877 0.0005798145492581474 0.0005796649731256842 0.0005795350084924699 0.0005794195242816686 0.0005793218680670065 0.0005792570280557406 0.0005791389785429954 0.0005786280240895838 0.0005781072803764087 0.0005777855080395055 0.0005776547892368157 0.0005775475847231376 0.0005774058263854279 0.0005773319581917811 0.0005772911832062678 0.0005772744525996981 0.0005772719093558441 0.0005772746304593536 0.0005772291249512327 0.0005772562400389151 0.0005772408091222109 0.0005772641486389508 0.0005772225221685637 0.000577253404333047 0.0005772802859729679 0.0005773185066033829 0.0005773834936951736 0.0005774800299416879 0.000577539944270687 0.0005776327307975572 0.0005777126178818033 0.0005777724379609729 
# stellar_Y_list_luminosity_weighted:
0.247 0.033374542866805225 0.0011306977585187016 0.0004508826749500166 0.00020936414227223872 0.00017068735246780203 0.00024480116762514754 0.0004130752128682567 0.000743106957176443 0.0014672232967433692 0.003235636225599901 0.007686709265159911 0.0184918844640682 0.042916695623106474 0.08982329078613227 0.155514648205447 0.2146959918766521 0.24922490469352046 0.26374000275561843 0.2681998316119321 0.2683706817880665 0.2664139042974449 0.26350502912030016 0.2602581741861109 0.25702456259586065 0.25403305434427903 0.2515898416632376 0.24976142591866887 0.24835415013559436 0.24723500650816696 0.24626077135309085 0.24534925871548793 0.24448524231708105 0.24370261205564797 0.24316334365087924 0.2434920083875572 0.2450845073778533 0.24750902735070515 0.25036301419212076 0.25327825659215486 0.25614314608385824 0.2590190064018218 0.2617001754238644 0.2643361871147762 0.2669150035554227 0.2693758640833756 0.2717288425564617 0.2740150210503045 0.27628710834566933 0.27844480220530704 0.28078949451541957 0.2828953853956705 0.2841755791742569 0.28597066727667453 0.2875705486484825 0.2891722015688601 0.29072576106500864 0.29196928490679386 0.29343319886792574 0.29482183702363207 0.2959055604678236 0.2972548604193372 0.29859928967805327 0.29966314394040977 0.3007840505866119 0.3021148764770959 0.3031967655499808 0.3037407028508168 0.30393090474629636 0.3034394433598182 0.3030619736434901 0.3024952369497031 0.30221089888954933 0.3017232161646683 0.3011832074153649 0.30126683457719683 0.3008007451501414 0.3005989588941707 0.30030299503121544 0.2996181297686584 0.2989217049272073 0.29852904411022774 0.29832092219788126 0.29810172257276574 0.2975158944476596 0.2967482785133416 0.2963539487580337 0.2961727964932799 0.2960943336180598 0.295726394045009 0.29493702926564996 0.29440791477135053 0.2940697808030091 0.29378943271829894 0.29374978355084896 0.29349502958081297 0.2927890949423188 0.2925053746515414 0.2925810409087728 0.2917060595674426 0.29100763498023646 0.28877005566357933 0.286144870350871 0.28434010038033186 0.28291999374089144 0.2817261626409447 0.28068473641503544 0.2797560374630394 0.2789126928666322 0.27742025475484905 0.27213945112470966 0.2661220808260604 0.2624599081148186 0.25988664236362746 0.25794829929057833 0.2558100419442622 0.2542892045858831 0.253158164711507 0.2528650205128639 0.25228913461217006 0.2516104001191107 0.2510360856985695 0.2507139377845227 0.2505480728542123 0.25005874965679187 0.24951229136395456 0.24875856392016413 0.2482278165437136 0.24783838204140596 0.24759022016633453 0.24750133709970726 0.24727190463387488 0.24728400432445016 0.24714348905593334 0.2471363398382132 
# Z_list:
1.351196067481993e-07 3.0198044759371378e-09 1.0261058631545929e-07 9.608836933357282e-06 5.175317960813487e-05 0.00010336784922016823 0.00021560423604968944 0.0004968017572275395 0.0011157880698538178 0.002273011394236865 0.004643982553930278 0.009835344408673296 0.02103314904339238 0.041811631884191874 0.06916023086666001 0.0913857760326119 0.1049291781970391 0.11313649070836726 0.11770178620860966 0.12048565008754933 0.12192680218540476 0.12287999288366352 0.12327829905228307 0.12356211669586296 0.12347830374085504 0.12371246536409944 0.12349166241165983 0.12395055338108057 0.12320085052552492 0.12454145498353651 0.12200411305431566 0.12717420307776714 0.11640489942274865 0.13980973259968185 0.08697313995121096 0.21267221207896414 5.311752051447902e-10 0.520175977679207 5.616273666535847e-10 1.213629801569358 5.929618087155845e-10 2.901743829576971 6.241924904307134e-10 7.293415168694298 6.553044860958182e-10 19.454470227020142 6.862118417484235e-10 55.1852768573658 7.165088617388427e-10 166.3740183657032 7.463585884691766e-10 532.4054916210733 7.771116549480873e-10 1804.7216120021035 8.097253824656392e-10 6444.06756140173 8.452188110232415e-10 24333.83868048257 8.720381701983769e-10 97153.54928391715 9.080447119655237e-10 404529.9760785416 9.413748355143394e-10 1777859.6729666556 9.681815870980698e-10 8122015.042045277 1.0088548715142412e-09 38997820.92847254 1.0316284433253934e-09 194572174.2089645 1.0753494367645759e-09 1017013456.0221175 1.0947658116171388e-09 5486381027.680961 1.1399931339836632e-09 31123340191.002342 1.1635030162715084e-09 180584021373.63135 1.1972667200057775e-09 1104985340139.0244 1.238562069273623e-09 6924864392175.133 1.2510452772790864e-09 44972743632960.836 1.3079547055010313e-09 305590656386130.8 1.3309441824255545e-09 2103464933054319.2 1.3451989999525889e-09 1.518672575131401e+16 1.413155480229899e-09 1.137000614995986e+17 1.4295416047599574e-09 8.590914213825117e+17 1.4396856889732985e-09 6.765835293984541e+18 1.5117874753626964e-09 5.549424254621529e+19 1.53630219003378e-09 4.60941149716278e+20 1.5340453439557944e-09 2.1480241860431454e+21 6.010724801179374e-10 5.467054306684204e+21 3.7971775744166665e-10 9.663249154994822e+21 2.7786741623723307e-10 1.3115328677033265e+22 2.190242183160884e-10 1.3306386313026959e+22 1.0122000356833194e-10 4.352895543969732e+21 2.0440914140915234e+21 2.1212712536014085e+21 1.7910873758457012e+21 1.5544035413428635e+21 1.3984932439272063e+21 1.284715459693518e+21 1.2622197116728464e+21 1.2011542493104594e+21 1.1293700846891353e+21 1.0771948205674103e+21 1.0488199198122053e+21 1.0374522708462363e+21 9.841052070271408e+20 9.392866333504698e+20 8.703691483024055e+20 8.268913127338424e+20 7.907567815912203e+20 7.599095164799121e+20 7.326554097096983e+20 7.106031390211751e+20 6.899303205958244e+20 6.716668038850274e+20 6.559156886926101e+20 
# stellar_Z_list:
9.572777650013187e-05 1.351196067481993e-07 4.297579696282517e-09 8.542269007509748e-08 4.248748046822333e-06 1.4173352529018206e-05 1.9607637489984843e-05 2.36822660238558e-05 2.7290896976368684e-05 2.9695784436454327e-05 3.052438851573256e-05 3.075624813579841e-05 3.0884272266649924e-05 3.101828762611611e-05 3.118185584846635e-05 3.1343053753779376e-05 3.148946507352821e-05 3.168669107642685e-05 3.194296977184996e-05 3.221930919352347e-05 3.250007165530807e-05 3.277131110222165e-05 3.3033524561732214e-05 3.3283106152241985e-05 3.352502872788352e-05 3.375608901792669e-05 3.398176672464137e-05 3.4195199689030814e-05 3.440886588646172e-05 3.4606489800251444e-05 3.4815191194239814e-05 3.4986729558449345e-05 3.52143938729224e-05 3.531389791570265e-05 3.566897070581309e-05 3.545375081864674e-05 3.65287668207004e-05 3.5292299930770934e-05 3.911346758018874e-05 3.6586288377206885e-05 4.529524911099341e-05 3.9824292812531516e-05 5.993869477376036e-05 4.752828900549132e-05 9.63429772505065e-05 6.650234041976549e-05 0.0001922828255442609 0.00011587089600272669 0.0004609191772261893 0.0002523275106972803 0.001259156676645871 0.0006529942169688843 0.00377241648076751 0.0019010863987771528 0.012146263186580334 0.006019835499732489 0.04161488253353641 0.020389575163571837 0.15048583080231936 0.07309278147372408 0.5753957443063258 0.27729725786964243 2.3257760799735294 1.1127467875539412 9.814510964123567 4.670039247248864 43.659550659994466 20.652042975868387 202.05995115026937 95.15468294846997 981.7392998566171 460.0772803909991 4958.806328889822 2314.941913890507 26216.69378447925 12188.024069354824 143145.7283140097 66353.36128439594 820693.4840173844 378913.32846133603 4818819.927323506 2220188.0337353186 29780005.093508024 13669827.30340896 188718277.22269946 86448936.46697828 1238335829.5476856 565924186.9345798 8495094003.2777 3870754111.534912 59112195236.803444 26903674096.204315 430616870919.96747 195464369204.3647 3253775620910.8774 1473596427917.0632 24838202745174.402 11240147548080.72 197302195353249.9 89099203510216.44 1631915316842238.5 735365335223332.5 607525462134157.2 552208612304593.44 518587101977424.9 495109882009234.06 477405804070944.8 463384697591230.7 451892771114179.94 433899335214175.6 386919730574515.7 351886442257383.8 336329123239785.6 327400981196476.8 321482358977434.75 315650718510636.75 311819063734896.0 309165546253992.8 308537888049224.2 307239248015083.3 305829275869131.75 304624848513438.8 304018556029365.56 303686351437558.75 302850545995001.9 301822120864352.8 300797004751577.4 300105510275307.56 299797571945794.4 299964540268506.8 300484063628712.9 300559750406744.94 301471026514297.4 301758875196084.75 302426206449537.5 
# stellar_Z_list_luminosity_weighted:
9.572777650013187e-05 1.351196067481993e-07 4.577723718699196e-09 1.0152412896151722e-07 9.460298847346659e-06 5.101995411656221e-05 0.00010225547805077955 0.00021323872736467306 0.0004909318070334934 0.001102418346145993 0.0022465077844548097 0.004588490886071861 0.009711729311124198 0.020773605269986586 0.04132630233668794 0.06844328119512338 0.09062481256184605 0.10425708578365515 0.11256438774251795 0.11722518290419615 0.12008141784700416 0.12158431570705637 0.12258155735346567 0.12301877183774756 0.12333061205672301 0.12327454304122287 0.12352250185474908 0.12332357102693234 0.12378491972804777 0.12306502793064324 0.12438285494853807 0.12191513542430236 0.12696962425130504 0.11646337424608302 0.13932013882586072 0.08773500768152671 0.21049373761823542 0.003169158291768333 0.5105975493520986 0.006253336194647518 1.1903312296851227 0.013871497991052889 2.8452127010076644 0.032570967768826044 7.1500321388727714 0.08112681483734265 19.06919850076974 0.21510055518302248 54.085317231618404 0.6073096692186936 163.0383221593432 1.8237312549895743 521.6733997580593 5.8160085554997 1768.161508929756 19.655195570379274 6312.941330315881 70.00317641141889 23836.530215018305 263.68753253665653 95159.84411998959 1050.3473912586617 396199.78009933745 4365.971454195417 1741115.7375810372 19150.833081882203 7953640.505001289 87366.47579551802 38186774.49710718 418820.44150817714 190514321.65013924 2087054.1465199844 995742469.0903858 10894113.99474504 5371356359.896912 58714369.96931731 30469036805.935703 332642374.3170409 176779878406.5289 1928801239.693975 1081647402388.734 11787546629.568134 6778324329511.667 73825537158.97911 44019071596738.695 479067996023.0686 299096141907686.0 3252132044792.2827 2058691959333422.0 22377787779264.05 1.4862790653675562e+16 161415545184451.03 1.1127030288356517e+17 1207617312833824.5 8.407077883003131e+17 9122412916007222.0 6.620789532724102e+18 7.179193892273775e+16 5.430244496195302e+19 5.884265702620397e+17 4.5102899653459653e+20 2.36429193454134e+20 1.2056399037151868e+20 8.152085376481295e+19 6.252392075258617e+19 5.133811398711839e+19 4.396890536923615e+19 3.874097818622711e+19 3.4835927673144205e+19 2.9377998872332812e+19 1.8393387246569153e+19 1.2727942223927288e+19 1.0768089110413412e+19 9.752946614743265e+18 9.102393720373885e+18 8.445726713771919e+18 8.004618018290046e+18 7.708573347431934e+18 7.632942534886811e+18 7.495371532024459e+18 7.331509980035599e+18 7.199272562918953e+18 7.126327542026805e+18 7.093332993408187e+18 6.98130337927253e+18 6.868369002983049e+18 6.712703339179429e+18 6.597838218418815e+18 6.521821117559151e+18 6.48095560367249e+18 6.438690887751756e+18 6.398479318572083e+18 6.404811787605699e+18 6.375290877299642e+18 6.381733171531889e+18 
# formed stellar mass list:
1e-15 2340354.398796771 104299088.71998347 215295227.85776845 101886226.02019101 46071001.47985772 19469917.47399464 7778180.785866468 2977833.5678153806 1104901.8785722058 401213.10964050645 144188.69402255543 52221.07462827824 19755.652594052746 8350.116921236466 4301.6219129675965 2805.15808547338 2195.4945105091583 1900.3677337995864 1723.173970616697 1595.07038272998 1491.0875560984439 1401.8640249122989 1322.9654428512147 1253.9654068514835 1192.458502341951 1136.4233639159045 1084.6053887495248 1038.3632202360898 996.2466794844592 957.256942455006 921.1617125611867 887.8195743821436 857.151930064631 829.3152312007094 803.1720075444787 777.0228275357317 753.047198223355 732.6233040590648 712.216006109835 692.0219163972977 674.5797016277332 656.6688330982658 640.827959535346 625.3214247072489 610.4032682320327 596.7623873253136 582.9103720810557 570.7229525983541 558.2624603264074 546.6779694137731 535.935415200919 524.1752667390615 514.7265485636307 503.2422053870889 493.99464146966403 485.44349998482 473.2502338841119 466.0385504693897 458.6955177764816 447.167522432138 440.50694280700475 434.6806613388987 424.9104447129733 417.2305812653525 413.1456385148987 406.4011844971016 396.4891396119442 391.29566542939835 387.7364981432885 380.87441101874174 371.97211094794227 367.5468675017159 365.3749466373434 359.8711078904651 350.87930626583255 345.6826326594595 343.7893966805655 341.2658355657253 334.09431108055 326.63565652287997 322.95515091511504 321.80839626563164 319.7326325950128 313.24932033696973 305.82098777401785 301.9178279349274 300.5385239154263 300.4803576751682 297.3537744334466 288.73714615209656 283.05448734836034 280.5745082781936 279.809974517787 280.07788635384327 277.83842199977494 270.64273989417404 264.58745459842834 261.6868869615558 260.36544281122514 260.1693039480545 1e-15 1e-15 1e-15 1e-15 1e-15 1e-15 1e-15 1e-15 1e-15 1e-15 1e-15 1e-15 1e-15 1e-15 1e-15 1e-15 1e-15 1e-15 1e-15 1e-15 1e-15 1e-15 1e-15 1e-15 1e-15 1e-15 1e-15 1e-15 1e-15 1e-15 1e-15 1e-15 1e-15 1e-15 
