# time step list:
1000000 10000000 20000000 30000000 40000000 50000000 60000000 70000000 80000000 90000000 100000000 110000000 120000000 130000000 140000000 150000000 160000000 170000000 180000000 190000000 200000000 210000000 220000000 230000000 240000000 250000000 260000000 270000000 280000000 290000000 300000000 310000000 320000000 330000000 340000000 350000000 360000000 370000000 380000000 390000000 400000000 410000000 420000000 430000000 440000000 450000000 460000000 470000000 480000000 490000000 500000000 510000000 520000000 530000000 540000000 550000000 560000000 570000000 580000000 590000000 600000000 610000000 620000000 630000000 640000000 650000000 660000000 670000000 680000000 690000000 700000000 710000000 720000000 730000000 740000000 750000000 760000000 770000000 780000000 790000000 800000000 810000000 820000000 830000000 840000000 850000000 860000000 870000000 880000000 890000000 900000000 910000000 920000000 930000000 940000000 950000000 960000000 970000000 980000000 990000000 1000000000 1010000000 1020000000 1030000000 1040000000 1050000000 1060000000 1070000000 1080000000 1100000000 1200000000 1400000000 1600000000 1800000000 2000000000 2300000000 2600000000 2900000000 3000000000 3200000000 3500000000 3800000000 4000000000 4100000000 4500000000 5000000000 6000000000 7000000000 8000000000 9000000000 10000000000 11000000000 12000000000 13000000000 14000000000 
# Number of SNIa + SNII (log_10):
0 0 7.0444421866934845e+53 3.2550535450448076e+55 9.539238232569132e+55 1.6594057282037973e+56 2.2932470493430884e+56 2.8981292359671882e+56 3.498974828203046e+56 4.067585019016475e+56 4.58295519474346e+56 5.040589798745781e+56 5.4454443372512726e+56 5.805476303566482e+56 6.128354686245836e+56 6.420632475326417e+56 6.687497811467087e+56 6.932987352174428e+56 7.160306800203549e+56 7.371998425178739e+56 7.570098499607343e+56 7.756266361261257e+56 7.931871671923162e+56 8.098058896638502e+56 8.255795033631168e+56 8.40590332039525e+56 8.549092446898659e+56 8.685976481979967e+56 8.817088756265606e+56 8.942897392663895e+56 9.063818498128518e+56 9.18023208819715e+56 9.292443455100646e+56 9.400743343479131e+56 9.505404410574967e+56 9.606666388850543e+56 9.704743370283496e+56 9.79982049669406e+56 9.892090105475388e+56 9.981714789280265e+56 1.006883686789446e+57 1.015359266391745e+57 1.0236104066294372e+57 1.03164871682581e+57 1.0394850627138421e+57 1.0471294213415081e+57 1.054591011459575e+57 1.0618776818251042e+57 1.0689985375768416e+57 1.0759612741032747e+57 1.0827720590536054e+57 1.0894369484296311e+57 1.0959626420023166e+57 1.1023547589787726e+57 1.1086186303972196e+57 1.1147591545659763e+57 1.1207811738699752e+57 1.1266863347821257e+57 1.1324838544166436e+57 1.1381780771070572e+57 1.143771748515304e+57 1.1492670887311907e+57 1.1546651843087564e+57 1.1599703907045054e+57 1.1651872667098632e+57 1.1703182890366236e+57 1.1753663598861935e+57 1.1803345053112648e+57 1.1852249222726276e+57 1.1900397326365027e+57 1.194781608043282e+57 1.1994529155203945e+57 1.2040543891625755e+57 1.2085893075347888e+57 1.2130601478985836e+57 1.2174679696693778e+57 1.2218143735635182e+57 1.2261011177619737e+57 1.2303298137398226e+57 1.2345018505267954e+57 1.2386191171171399e+57 1.2426818080578641e+57 1.2466927845911373e+57 1.2506536377242545e+57 1.2545649646359537e+57 1.2584277637058023e+57 1.2622432755667605e+57 1.266013294057452e+57 1.269737949081578e+57 1.273417835211532e+57 1.2770551202821172e+57 1.2806495061456811e+57 1.2842032923765097e+57 1.2877191972884176e+57 1.29119623304964e+57 1.294634471673585e+57 1.2980350407479452e+57 1.301399282004488e+57 1.3047272305646417e+57 1.308019818685803e+57 1.3112776534190225e+57 1.3145011814848726e+57 1.3176925718031314e+57 1.3208522245713193e+57 1.3239800720465593e+57 1.3270770845644966e+57 1.3301434519285207e+57 1.3331794155630822e+57 1.33618597943701e+57 1.3421138797200629e+57 1.3701757983100836e+57 1.4197037771209109e+57 1.4624397521870698e+57 1.5000233517990057e+57 1.5335680492557896e+57 1.577967916568719e+57 1.6168327514529175e+57 1.6513911176005353e+57 1.6621145362872176e+57 1.6825028124951398e+57 1.7107934110896983e+57 1.7367355048468253e+57 1.7529052970665103e+57 1.7606860471058224e+57 1.790006407434123e+57 1.8231634467792346e+57 1.880489043141904e+57 1.9288985754400607e+57 1.9708038457941522e+57 2.007751061621156e+57 2.0407693879650853e+57 2.070648159701547e+57 2.097909556188022e+57 2.122980772274267e+57 2.146188244700989e+57 
# Gas [Fe/H]:
-5.02011865111616 -6.671489553781019 -5.832560431473826 -4.025002597878492 -3.294041025092125 -2.8367429452535875 -2.5179220668559443 -1.7719037258862675 -1.0907483414435752 -0.5531482940400156 -0.09447876776883213 0.3201515313285741 0.7012121206559598 1.0371269920416846 1.298364668095231 1.462282569730585 1.5419811185181698 1.57218719603926 1.5801118997357029 1.5794031777220852 1.575468442271998 1.5706462608836396 1.565547663586559 1.5603477769989396 1.5552294247626666 1.5509931831808919 1.547236764886331 1.5436878755235655 1.5404438526947368 1.5375304886012708 1.5348278657377277 1.5323546919944562 1.5297645699090965 1.5270470955581956 1.5253128204021804 1.5251543534306968 1.5254572825237527 1.5254826029029807 1.526469995079514 1.5272882499296405 1.5282166111976792 1.529167523565261 1.5297571467232665 1.5306624865343568 1.5312338761417945 1.5319384527728204 1.5326765060483631 1.5330387991197045 1.5339629381990658 1.5337227136521245 1.5348113670386714 1.5355294905786234 1.5360634244106084 1.5371761990357742 1.5366644835729697 1.5373898469956555 1.5391087542252477 1.5380614629227858 1.5388906982710626 1.5409667832388774 1.540489485157119 1.5405341870409477 1.54235345378508 1.5427347693658549 1.5409069521967433 1.5417292142823982 1.5432816121893724 1.5422890464451728 1.5398448007646737 1.540051837779112 1.5410365238192556 1.539266278673666 1.5350767178646905 1.534805961838777 1.5367734713053993 1.5364958114434937 1.5326661505605905 1.5299253521798217 1.5311290019516273 1.532849549297798 1.5317193795804669 1.527421285523097 1.5244696767883843 1.5258929200774483 1.5285821009700973 1.528421594301265 1.525119219026652 1.519602732111772 1.5189060806494683 1.5226464875562566 1.5251815807971147 1.5243130520186217 1.5205311176608953 1.5150265485444039 1.5133371694825581 1.516757215111339 1.5204062898394497 1.5211429130050553 1.5185069336603232 1.5136084050819099 1.5080994124711329 1.507757593029233 1.5095843914645677 1.5114733788696193 1.5125849258518569 1.5127983024377532 1.5123011286087151 1.5111887716474692 1.5099084515281107 1.5095720890124782 1.5079707357878411 1.5036410846572972 1.501229732457246 1.4982584733823683 1.4966037846679883 1.4962718401088235 1.4963336875282947 1.496916520872305 1.496705856471424 1.4976446423134666 1.4984902891954839 1.5007788597055929 1.5021622033799167 1.5034158662237171 1.5063195605052524 1.511644551780976 1.5209507047226665 1.5295444600217998 1.5354740428071567 1.5390221427030313 1.5406128162179682 1.5426044540428299 1.5430372679476796 1.5431426532318877 1.5434555344465783 
# Stellar mass-weighted [Fe/H]:
0 -5.02011865111616 -6.477821348340942 -5.942636315664835 -4.392240438249917 -3.846103211835791 -3.5760862152812862 -3.4466030350205754 -3.1687423131655716 -2.890025611046542 -2.697167485003731 -2.569856205864089 -2.4834927986864175 -2.422821975053103 -2.3780978950747835 -2.342746421391783 -2.3138166163030354 -2.2894251443466542 -2.2683788643060234 -2.2498938547237577 -2.2334336610286725 -2.218616517525458 -2.2051606143814535 -2.1928474734623276 -2.181508811514612 -2.171012673802225 -2.161242033055661 -2.152122911809288 -2.143581300412399 -2.135545883637918 -2.1279646237448047 -2.120793144499773 -2.1139865269613267 -2.1075198992322397 -2.1013603966895227 -2.0954872752832943 -2.089874653808547 -2.0844970973714636 -2.079343973292403 -2.0743946538822593 -2.06963470242071 -2.0650537024534463 -2.0606381834735963 -2.0563786578888132 -2.052263772169619 -2.0482870086311387 -2.0443501892440423 -2.0406979700733947 -2.0370353558219625 -2.033620133069025 -2.030179034291934 -2.0269728149654895 -2.0237287858289896 -2.0207055895523256 -2.0176350178171054 -2.014770548397113 -2.0118656314687513 -2.0091447814074215 -2.006383590998654 -2.003800871735245 -2.0011693291229653 -1.9986945099549258 -1.9961892405135764 -1.993832665352044 -1.991429547643751 -1.9891755401774027 -1.986883297487271 -1.9847238524351223 -1.9825149639292352 -1.980441469325486 -1.9783312759528835 -1.976339667771125 -1.9742957290219616 -1.9723767363100144 -1.970423571715366 -1.9685796251212597 -1.9666869575733044 -1.9648992492373036 -1.9630755633737307 -1.9613600969590061 -1.9596032916161272 -1.9579375192324058 -1.9562244766994423 -1.954614074941861 -1.9529708887681974 -1.9514220207181836 -1.9498229586876379 -1.9483006691788125 -1.946741213630843 -1.9452811386377205 -1.9437921151414166 -1.9423768569096609 -1.9409164814485926 -1.9395230930000738 -1.93809314141716 -1.9367537781398996 -1.935383177735173 -1.9340856414470426 -1.9327442733837508 -1.9314676302864617 -1.9301475322555355 -1.9337226922961586 -1.9352049233318995 -1.9363003664534268 -1.9372125697713143 -1.938004252343922 -1.9387087748274805 -1.9393432821181031 -1.9399193617142414 -1.9409780352034574 -1.94483056566889 -1.9492022721338333 -1.9517450537825365 -1.9533133678323216 -1.9544444061724304 -1.9556445092754489 -1.9563367002582002 -1.9567991819737198 -1.9568430865401734 -1.957094634760053 -1.9571995075387694 -1.9573784148740083 -1.9573551434571774 -1.9574353775014979 -1.9572850461586704 -1.9574197520032772 -1.9569720205382355 -1.956623292819578 -1.9562455330907529 -1.9556757999157162 -1.9546090098661386 -1.9541138223599388 -1.9531639556531974 -1.952481226236496 -1.9518515957737401 
# Gas [Mg/Fe]:
-1.3877787807814457e-17 -1.3877787807814457e-17 0.9851056726673699 0.9864501292865759 0.7962620907515505 0.666933220704301 0.5764269948516441 0.005296859780012958 -0.5239479035502295 -0.9087645123467237 -1.1921435335795587 -1.3927777817900435 -1.5217202451348208 -1.593450292520258 -1.6305544194109782 -1.6478493545799293 -1.6537063195938153 -1.6525955366911975 -1.6477793826751452 -1.6422784181857704 -1.638756671401901 -1.6363253232447326 -1.6345833369169078 -1.634036345477378 -1.6367370441197688 -1.635365268970923 -1.6316464669239679 -1.6288924028146963 -1.6266025079580402 -1.6246663810359718 -1.6233276822961427 -1.6221456275469184 -1.6199519233005926 -1.6159100379321056 -1.6102033731360699 -1.6020116268826736 -1.5895757017292094 -1.5750547560925408 -1.5605903970725956 -1.5451301062973637 -1.5323175849720705 -1.5203412730656296 -1.5083028966540426 -1.4972435769070798 -1.4832666000881285 -1.4728965828752538 -1.4648857307218868 -1.4543073310060928 -1.4462774120294355 -1.4387840228366544 -1.4309971621648696 -1.4267374990499855 -1.425181510980828 -1.4274578336805963 -1.4320584745375977 -1.4379986198266312 -1.4419314894079867 -1.4477848177333472 -1.4559316655325365 -1.4634783899842276 -1.4715222902406724 -1.4785679627851507 -1.482955014731476 -1.4867505960633043 -1.4856131329255151 -1.4958037544166105 -1.5072176472975354 -1.5143207782638246 -1.5191198796463712 -1.5226015543554043 -1.5248294936183926 -1.528040060358648 -1.531464711677201 -1.5357065550577635 -1.54007930371837 -1.5440861172955527 -1.5455577227786843 -1.5489626277897406 -1.5535487324534814 -1.5581941103422896 -1.5626961826302341 -1.5660210618295898 -1.5699129742010316 -1.5744903934105992 -1.578118569730459 -1.5816228414453606 -1.5765705615857382 -1.5844199941665214 -1.597807815786351 -1.6055454306701797 -1.6093971553575688 -1.613041191728061 -1.6138890225604374 -1.6068104479391063 -1.612244362445488 -1.6249262514206266 -1.6326484646138153 -1.6364597433340207 -1.6388174220381788 -1.6410761326849947 -1.642712644833045 -1.6449959221273884 -1.6468856048434601 -1.6482566142917092 -1.649214743194276 -1.6501240201557623 -1.6508947062681847 -1.6513422482360154 -1.6517187334698182 -1.652798226566325 -1.6580865599764985 -1.6665891250952065 -1.6703512796125959 -1.6738082951156148 -1.6773966619760718 -1.6806884202249721 -1.6829512655231516 -1.6846267587931567 -1.6851786027269369 -1.6861836001439852 -1.6870045297706056 -1.6880263162257025 -1.6885076495575855 -1.6887276465091896 -1.6895685926559416 -1.6903888507236655 -1.6917784233531448 -1.6923706269809076 -1.6931907486357631 -1.693673081168048 -1.6940570739595764 -1.6944199052784028 -1.694689194644294 -1.694951376090385 -1.6951341480562687 
# Stellar mass-weighted [Mg/Fe]:
0 6.938893903907228e-17 -9.71445146547012e-17 0.9427412508164967 0.9855556050870884 0.8344383642864868 0.740379221604242 0.6850912766425316 0.43167933678610504 0.15610906792492407 -0.04061864150296372 -0.17277851133812597 -0.263039668410345 -0.32645274726103657 -0.37293575559278647 -0.40932816910842995 -0.4388292295105317 -0.46346642964204426 -0.48452243647834686 -0.5028478120184423 -0.5190356631429678 -0.5335188427051931 -0.5466016010542325 -0.5585112249148585 -0.5694307907619953 -0.5795181159472613 -0.5888582750949616 -0.5975249211617291 -0.6056079696736254 -0.6131803291287299 -0.6203007957437213 -0.6270145835834217 -0.6333670500841233 -0.6393768339578023 -0.6450716272485694 -0.6504751971718838 -0.6556034781323091 -0.6604617136298911 -0.6650673392261921 -0.6694468179808932 -0.6736099373319347 -0.6775886737763647 -0.6813935412678935 -0.6850291776447599 -0.6885147639381427 -0.6918425954976855 -0.6951144171233883 -0.6981367621677359 -0.7011362190522629 -0.703915905354363 -0.706702390261676 -0.7092819501880991 -0.7118888408033771 -0.7143259046157965 -0.7168099715082089 -0.7191492583984687 -0.7215382401891839 -0.7237795606729899 -0.7260628915955063 -0.7282263665768309 -0.730435482672098 -0.7325222032349347 -0.7346472742261934 -0.7366464669596317 -0.7386736658157814 -0.740567583082443 -0.7425293724572187 -0.7443947001129227 -0.7462930650740641 -0.7480825417453464 -0.7499041864873813 -0.7516184736198562 -0.7533690419255985 -0.7550191866770265 -0.7567114473278166 -0.7583136174547962 -0.7599484281974375 -0.7614831765294894 -0.7630595409545058 -0.7645571888879412 -0.7660902910690529 -0.7675365704966726 -0.7690143360372149 -0.7704198033536391 -0.771865396872557 -0.7732315380403763 -0.7746267550184583 -0.775927096717807 -0.7772834951198992 -0.7785896562057847 -0.7799287743176236 -0.7811925004500071 -0.7824799126723307 -0.7836946183142409 -0.7849302794905697 -0.7861178942506905 -0.7873580852637428 -0.7885315126266913 -0.7897270459367152 -0.7908540861095957 -0.7920126297449717 -0.7889703629498812 -0.7877418812735382 -0.7868513898310697 -0.7861087204500834 -0.7854573781698636 -0.7848704499393033 -0.784338837675198 -0.783856484718699 -0.7830137373972467 -0.7799378736924246 -0.7764759643705614 -0.7744774455115022 -0.7732609772022855 -0.772438153753206 -0.7715409085592807 -0.7710271119058758 -0.7707043605437209 -0.7706567283446909 -0.7705196236137513 -0.7704748619642309 -0.7703246964104148 -0.7703973063731148 -0.7703391923951446 -0.7704622623614316 -0.7703848652798552 -0.7707805562613309 -0.7711018420388589 -0.771457949849488 -0.7719715478968474 -0.7728087340163372 -0.7732842585424812 -0.7740317841769276 -0.7746643458462255 -0.7751707857060353 
# Gas [O/Fe]:
0.0 -2.220446049250313e-16 1.2015260773327845 1.2021513110851276 0.9822608831433692 0.8245930578541163 0.7129332134762905 0.12712780183977768 -0.4106545149359827 -0.7979112320049859 -1.0777287542910476 -1.2698088005652641 -1.3880786205874742 -1.4513843417446526 -1.4823196235102791 -1.4957780875379603 -1.500621740114765 -1.5015903801160895 -1.5009941257636348 -1.5001099546728516 -1.4994192321773325 -1.4990747782565514 -1.499034531637175 -1.4992012767216798 -1.4993806269776733 -1.4996331721064338 -1.4995825304934356 -1.499303113839994 -1.4991789237304318 -1.4987800911248446 -1.4985352692827927 -1.4984656994129004 -1.4983069479908175 -1.4980002155749883 -1.497553328797206 -1.4969092911143846 -1.496287191312577 -1.495138281959943 -1.4937411628280741 -1.4927038656927438 -1.49161307140532 -1.4904884244580683 -1.489516511165893 -1.4885748100225933 -1.487688966280245 -1.4867735817781855 -1.4858267595429724 -1.4850140172566455 -1.4841395769058174 -1.4832476825130918 -1.4823363305105737 -1.4817682782818564 -1.4812179268674188 -1.4805845488187048 -1.4807789749478402 -1.480871720395166 -1.480450477825534 -1.4800218593885213 -1.4798499483388192 -1.4797309439022506 -1.4795142507869743 -1.4794078487846365 -1.4793382924977272 -1.47926172879667 -1.4787546255824142 -1.4793463464009933 -1.4791899369335044 -1.47876411813993 -1.4785943545162956 -1.4787028364284525 -1.4785617291950608 -1.4784940978851597 -1.4782547909622141 -1.4784982708967833 -1.4786409068070436 -1.4787568798626733 -1.478552014255391 -1.478559436845642 -1.4786318528549067 -1.478843634184487 -1.4787378384027174 -1.4786313682014025 -1.4787435374276081 -1.478661318873987 -1.4788158798060127 -1.4792905978108604 -1.4788501410984336 -1.4780463251288856 -1.4779564337211948 -1.4787303198028194 -1.4789866823947424 -1.479073485516546 -1.4787894527474872 -1.4784925072014676 -1.4784208522768973 -1.4788166274414956 -1.4790555213160936 -1.4792024290730794 -1.4787843232150115 -1.4786291950763326 -1.4784345131719654 -1.4785664390904518 -1.479101181184731 -1.4794139324394628 -1.4796721186342212 -1.479854964392232 -1.4798390792658154 -1.4796717631220393 -1.4795169556232173 -1.4794533658469726 -1.479691361733624 -1.4797414210082205 -1.4803998689088287 -1.4809651185532542 -1.4816309837431532 -1.4828015673481298 -1.4839968597761148 -1.4851115501840315 -1.4854148862170364 -1.486282437697172 -1.4871977050264311 -1.4880877512934654 -1.4886135810012737 -1.488887514807301 -1.489828565101335 -1.490908609821929 -1.4927102647056603 -1.4941147158947765 -1.495188093102176 -1.4960424646189028 -1.4966426675749225 -1.4971856763759863 -1.4976215986155457 -1.4979932565331193 -1.498343897442608 
# Stellar mass-weighted [O/Fe]:
0 0.0 -2.220446049250313e-16 1.1571409993050223 1.201226376264934 1.027702247188404 0.9157983971145573 0.8497544602319334 0.5910094472886442 0.3134428066661217 0.1163521779901926 -0.01556625726296379 -0.10545040583716947 -0.1685103914942121 -0.21472380077792041 -0.25091159675652874 -0.28025769644627463 -0.30478831827434694 -0.3257889650542558 -0.3441049271625093 -0.3603145070106054 -0.37482760979268004 -0.3879453828649376 -0.39989364316533804 -0.4108492072126251 -0.42095197877274604 -0.43032430614216466 -0.4390410094777947 -0.44717715019042414 -0.4548056504935619 -0.46198210218988733 -0.4687507930709218 -0.47515812505633015 -0.4812275188136167 -0.4869931744182916 -0.49248193205290314 -0.4977158244809874 -0.5027138691138051 -0.5074912558951721 -0.5120677307669124 -0.5164574572727193 -0.5206753915250094 -0.524731987672265 -0.5286350486418228 -0.5323985563111463 -0.5360309263157816 -0.5396150025663118 -0.5429384902030701 -0.5462627981893662 -0.5493581595329091 -0.5524697359087285 -0.5553705886213837 -0.5582955763343602 -0.5610242367197348 -0.5637808190124977 -0.5663572219475378 -0.56896718840299 -0.5714080960309689 -0.5738766190809905 -0.5761933200106804 -0.5785450910552883 -0.5807499610534356 -0.5829873789900825 -0.5850906969729505 -0.5872218666782539 -0.5892245721701213 -0.5912679148647101 -0.5931868872105289 -0.5951375978099509 -0.5969749686967892 -0.5988484159088909 -0.6006110835581105 -0.6024082925286062 -0.6040985306786829 -0.6058294461156658 -0.6074623128974943 -0.6091258662641007 -0.6106897400498809 -0.6122935613949325 -0.6138107304017797 -0.6153599281304962 -0.6168159716605623 -0.618304777216027 -0.619717398264987 -0.6211670138446658 -0.6225335644310559 -0.6239290256917776 -0.6252434465460228 -0.6265956913231607 -0.6278786252043541 -0.6291945494949881 -0.6304362779370867 -0.631701768785176 -0.6328982392437483 -0.6341318774242738 -0.635304250410892 -0.6365122871337954 -0.637650641945221 -0.638813315184972 -0.6399089369206622 -0.6410368143237208 -0.6379864833627785 -0.636744018565118 -0.6358386456837839 -0.6350807133652897 -0.6344144845116957 -0.6338136302689376 -0.6332690311304251 -0.6327746230996844 -0.6319096656333278 -0.6287371664121025 -0.6251499722682599 -0.6230699469654625 -0.6218022528493599 -0.6209403925308645 -0.6199982846777466 -0.6194564258960747 -0.6191131082867983 -0.6190623174618182 -0.6189132231921601 -0.6188603054647634 -0.6187001964729745 -0.618769198118041 -0.6187066702590267 -0.6188296431203638 -0.6187414878824493 -0.6191374594088463 -0.6194592414938263 -0.6198155209199148 -0.6203334882202104 -0.6211934636759446 -0.6216694262221624 -0.6224373859935234 -0.6230740538499319 -0.6235928464295197 
# Stellar mass-weighted [N/O]:
0 1.1102230246251565e-16 0.0 -1.6533380547845153 -1.86277789990721 -1.7065625645926525 -1.4304101953672341 -1.1554832461557316 -0.9273231698790083 -0.7516697980299891 -0.6198715426729831 -0.5230477663480126 -0.4528796300201936 -0.4019960964317113 -0.3635862384264048 -0.33214330112411483 -0.3047923007391433 -0.2793376738396036 -0.25463676459277873 -0.23057146928058514 -0.20814854580072661 -0.18813799060930703 -0.17103190736539142 -0.15650186744206618 -0.14408900473165676 -0.13359102559644853 -0.1251926211574751 -0.11897591534448582 -0.11478440980272853 -0.11234215161194239 -0.11136831213704601 -0.11161534561038422 -0.11288706003173166 -0.11503341568332548 -0.11784665543458994 -0.12092823221722959 -0.12390427442227736 -0.1265930071584852 -0.12896102291844191 -0.13104608700317089 -0.13290372715441112 -0.13457580202940433 -0.1360991314943898 -0.1374933869462801 -0.13879514194176779 -0.1400003615445018 -0.14113889318842676 -0.14218924108367803 -0.1431955317223479 -0.14413154825896957 -0.14503100795750057 -0.14587482512143035 -0.14668537838141038 -0.1474495519713115 -0.14818495711953017 -0.1488787042679165 -0.1495462712058575 -0.15018003255461387 -0.15079346374363967 -0.15137271871862357 -0.15194079889457712 -0.1524767283894437 -0.1530059787003213 -0.15349944775791813 -0.15398774470369125 -0.1544513708983204 -0.1549078527658756 -0.1553417167204938 -0.15577068972807528 -0.15617671970990776 -0.15657783502697398 -0.15696109061207864 -0.15733190353424842 -0.15769443656201787 -0.1580604028308461 -0.15840487349326482 -0.15875430282116376 -0.15909032778057197 -0.15941608992552747 -0.15972047665935607 -0.16003389271820545 -0.16033645369262617 -0.16065254428200615 -0.16093431149146054 -0.16120456977480502 -0.16146825685637123 -0.1617362619259659 -0.1619969807912005 -0.1622642682842812 -0.16251068345840602 -0.1627563193539825 -0.1629925365475311 -0.1632344668310477 -0.16346735330071738 -0.16370305050781186 -0.16392441646681144 -0.16414268532599818 -0.1643549344567936 -0.1645740465962673 -0.16478842204941135 -0.1650047814739779 -0.1646119890834732 -0.16446644634737972 -0.16436758444733512 -0.1642968942794918 -0.16424631868612916 -0.16420933436725327 -0.16417760514211244 -0.16414318804748862 -0.1640650483391788 -0.1638688552497003 -0.16366468432424242 -0.16353543130819714 -0.16332719525962958 -0.16312897623628375 -0.16292897865041178 -0.16265870182363806 -0.16238834300380312 -0.16227169893677051 -0.16211956383475523 -0.16181180333194267 -0.16166213630621606 -0.16139424266793667 -0.16137045891844526 -0.16096544132442414 -0.16077924816975253 -0.1599499265729094 -0.1593461970158132 -0.15875688860046488 -0.1580685888608777 -0.15715271292517574 -0.15647579326470606 -0.15571380415808078 -0.15491228661426515 -0.15438851350742255 
# Stellar mass-weighted [C/O]:
0 0.0 0.0 -1.2017210736807853 -1.254276615337345 -1.0997253383495167 -0.9943039284381767 -0.9348915272997202 -0.891557826553504 -0.8512878421254302 -0.8150709009864765 -0.7844601707868142 -0.759234011137174 -0.7386448880010379 -0.7215759240746811 -0.706688946043756 -0.6933886860130067 -0.6811638618756025 -0.6696976707272669 -0.6588348702005822 -0.6484631858708588 -0.6384840092699564 -0.6288581017508658 -0.619572471312281 -0.610612649368157 -0.6017008682257919 -0.5922478305906127 -0.5818501046068589 -0.5704840469501415 -0.5583502597462362 -0.5457068393496436 -0.532780651838456 -0.5197140125443469 -0.5066804851207773 -0.4936755017333496 -0.4805249224798954 -0.4671159558257463 -0.45341060125818045 -0.4394624791781908 -0.4253852045172266 -0.41138579635867123 -0.3975690077959516 -0.383911677085469 -0.3704230737385694 -0.3571746850148917 -0.3441521705961468 -0.3312100052614704 -0.318937316146624 -0.3065631899839574 -0.29488872636048125 -0.2831496859923017 -0.2720887836178316 -0.261060552291262 -0.25075580810510456 -0.24061973101263812 -0.23112085030505625 -0.2217526127064402 -0.21308496160330453 -0.20435905030215729 -0.1962397859226449 -0.1882044017199091 -0.18059871673063393 -0.17297136519168166 -0.16588649051228882 -0.15875594208875582 -0.15195681742651013 -0.14521002389366722 -0.13903013879386394 -0.13285126938366726 -0.12708992228698063 -0.12143851108285347 -0.11627851074051504 -0.11109302303142182 -0.10620541631161678 -0.10138910717972699 -0.09702163136121816 -0.09262947899447777 -0.08845026999223982 -0.08423055305740945 -0.08039758190612062 -0.07660837075882693 -0.07305883374321259 -0.06938986202644865 -0.06594810846191795 -0.06256694114111339 -0.05949554093136994 -0.05637929958887972 -0.05340771536564615 -0.05030571074155493 -0.04745704134319495 -0.04468338593528842 -0.04214242050868677 -0.039533390636924515 -0.0370286697522873 -0.03440195170445376 -0.03196494990428994 -0.02958947365516945 -0.027436312222714365 -0.02523196460624283 -0.02312984607792301 -0.02093096765267266 -0.02704237481809174 -0.029573907773241814 -0.031431539081172355 -0.03298461670738245 -0.03434419242700204 -0.03556422337894016 -0.036670118634590965 -0.03768283070159156 -0.03948057524734072 -0.04602303765355997 -0.053464887637638514 -0.057823008809702925 -0.06064067680184548 -0.06263649458306458 -0.06480156477727145 -0.06624822507015993 -0.06728310295278866 -0.06752395478309325 -0.0680310933408601 -0.068532560234986 -0.06904631693107766 -0.0692343655990314 -0.06939611424096392 -0.06964692381522325 -0.07007695572128436 -0.07032017911427396 -0.07043420864775751 -0.07045985037206559 -0.07027446152622652 -0.06968257732912042 -0.06958277080584208 -0.06897681517172888 -0.06870568355957629 -0.06831285125528219 
# Stellar mass-weighted [O/H]:
0 -5.02011865111616 -6.477821348340942 -4.785495316359814 -3.1910140619849843 -2.8184009646473873 -2.6602878181667284 -2.596848574788641 -2.5777328658769285 -2.576582804380421 -2.5808153070135385 -2.5854224631270517 -2.588943204523588 -2.5913323665473147 -2.5928216958527033 -2.593658018148311 -2.59407431274931 -2.594213462621001 -2.594167829360279 -2.5939987818862678 -2.593748168039278 -2.593444127318138 -2.5931059972463917 -2.592741116627666 -2.5923580187272366 -2.591964652574971 -2.5915663391978256 -2.591163921287083 -2.5907584506028227 -2.5903515341314787 -2.5899467259346913 -2.589543937570695 -2.589144652017657 -2.5887474180458554 -2.588353571107814 -2.5879692073361973 -2.587590478289534 -2.5872109664852694 -2.5868352291875754 -2.586462384649171 -2.586092159693429 -2.585729093978455 -2.585370171145861 -2.585013706530636 -2.584662328480765 -2.5843179349469203 -2.583965191810355 -2.5836364602764643 -2.5832981540113282 -2.5829782926019336 -2.582648770200663 -2.582343403586873 -2.5820243621633496 -2.58172982627206 -2.5814158368296027 -2.5811277703446507 -2.5808328198717403 -2.5805528774383895 -2.5802602100796443 -2.579994191745925 -2.579714420178254 -2.579444471008361 -2.5791766195036585 -2.5789233623249945 -2.578651414322005 -2.5784001123475244 -2.5781512123519805 -2.5779107396456515 -2.5776525617391854 -2.577416438022275 -2.577179691861774 -2.5769507513292353 -2.576704021550568 -2.576475266988697 -2.576253017831032 -2.5760419380187543 -2.5758128238374054 -2.5755889892871844 -2.575369124768663 -2.575170827360786 -2.574963219746623 -2.5747534908929683 -2.574529253915469 -2.574331473206848 -2.574137902612863 -2.57395558514924 -2.573751984379416 -2.573544115724835 -2.5733369049540036 -2.5731597638420753 -2.5729866646364057 -2.572813134846747 -2.572618250233769 -2.572421332243822 -2.5722250188414337 -2.572058028550792 -2.5718954648689687 -2.571736283392264 -2.571557588568724 -2.571376567207124 -2.5711843465792557 -2.5717091756589365 -2.571948941897017 -2.5721390121372094 -2.572293283136603 -2.5724187368556173 -2.572522405096418 -2.572612313248528 -2.5726939848139265 -2.5728877008367856 -2.573567732080993 -2.5743522444020925 -2.574815000747999 -2.5751156206816814 -2.575384798703295 -2.575642793953195 -2.5757931261542755 -2.5759122902605185 -2.5759054040019915 -2.576007857952212 -2.576059813003533 -2.5760786113469827 -2.576124341575219 -2.5761420477605244 -2.5761146892790343 -2.5761612398857263 -2.576109479947081 -2.5760825343134046 -2.576061054010668 -2.5760092881359267 -2.575802473542084 -2.575783248582102 -2.5756013416467214 -2.5755552800864283 -2.5754444422032607 
# Gas [Mg/H]:
-5.02011865111616 -6.671489553781019 -4.847454758806455 -3.0385524685919156 -2.497778934340575 -2.1698097245492862 -1.9414950720043 -1.7666068661062546 -1.6146962449938052 -1.4619128063867395 -1.286622301348391 -1.072626250461469 -0.8205081244788612 -0.5563233004785735 -0.332189751315747 -0.1855667848493443 -0.11172520107564576 -0.08040834065193803 -0.06766748293944236 -0.06287524046368542 -0.06328822912990262 -0.06567906236109344 -0.06903567333034832 -0.07368856847843919 -0.08150761935710182 -0.08437208579003119 -0.08440970203763687 -0.08520452729113082 -0.08615865526330335 -0.08713589243470032 -0.08849981655841521 -0.08979093555246198 -0.09018735339149586 -0.08886294237391024 -0.08489055273388946 -0.07685727345197702 -0.06411841920545669 -0.0495721531895601 -0.034120401993081195 -0.017841856367724063 -0.0041009737743911145 0.008826250499631705 0.021454250069223413 0.03341890962727767 0.04796727605366602 0.0590418698975661 0.06779077532647726 0.0787314681136122 0.0876855261696301 0.09493869081546968 0.10381420487380133 0.10879199152863794 0.11088191342978071 0.1097183653551781 0.10460600903537198 0.09939122716902382 0.09717726481726086 0.09027664518943901 0.08295903273852545 0.07748839325464996 0.06896719491644632 0.06196622425579701 0.05939843905360398 0.055984173302550566 0.05529381927122845 0.04592545986578678 0.03606396489183794 0.027968268181348677 0.020724921118302042 0.017450283423707802 0.016207030200862782 0.011226218315018244 0.0036120061874891363 -0.0009005932189865007 -0.003305832412970666 -0.0075903058520596645 -0.012891572218093117 -0.019037275609918858 -0.022419730501853863 -0.02534456104449223 -0.03097680304976702 -0.03859977630649247 -0.04544329741264708 -0.048597473333150454 -0.049536468760361885 -0.05320124714409502 -0.05145134255908612 -0.06481726205475002 -0.07890173513688215 -0.0828989431139231 -0.08421557456045381 -0.08872813970943927 -0.0933579048995421 -0.09178389939470222 -0.09890719296292971 -0.10816903630928731 -0.11224217477436582 -0.11531683032896556 -0.1203104883778554 -0.12746772760308467 -0.1346132323619118 -0.1372383290981558 -0.13730121337889312 -0.13678323542208926 -0.13662981734241875 -0.13732571771800917 -0.1385935776594689 -0.14015347658854616 -0.14181028194170686 -0.14322613755384683 -0.15011582418865732 -0.16294804043791 -0.16912154715535 -0.17554982173324696 -0.18079287730808424 -0.1844165801161486 -0.18661757799485734 -0.18771023792085106 -0.18847274625551247 -0.18853895783051922 -0.18851424057512123 -0.18724745652010988 -0.18634544617766835 -0.18531178028547224 -0.18324903215068922 -0.17874429894269017 -0.17082771863047785 -0.1628261669591078 -0.15771670582860597 -0.15465093846501698 -0.15344425774160797 -0.1518154512355725 -0.15165192669661476 -0.15180872285849656 -0.1516786136096906 
# Gas [C/H]:
-5.020118651116162 -6.671489553781017 -5.882604798572077 -4.0782207202191625 -3.3700404598329303 -2.9197241319048324 -2.612641598423634 -2.3406469972464716 -2.0365117938931725 -1.6969943301746593 -1.3356856758457996 -0.9651803662668996 -0.6007339820631659 -0.2674498046583893 -0.0012014854547821585 0.17221971503765499 0.2651463444666402 0.3112376683207696 0.3362272280013485 0.35314771769124675 0.3673384294236044 0.38047755039025377 0.3926502058500807 0.4038725431967367 0.41887584129232946 0.4460343906533426 0.4854428278047127 0.5305195461046921 0.5753465929075974 0.6169343224402195 0.6542864965069173 0.6879142978403117 0.717241835091452 0.7443312717717032 0.7733445121105182 0.8054057555424898 0.8388582205984458 0.8717083724153989 0.9038360502445948 0.9323848941824662 0.9580640139902274 0.9823843700142474 1.0051763205044124 1.026388100733786 1.0462127185012182 1.0645075688740904 1.0816558813357777 1.0984998956794385 1.1134440817934435 1.1271848180191846 1.140363780436517 1.1520032088512644 1.1614512844113136 1.1690485440963934 1.1753152618777967 1.1809002214167466 1.1861630920962911 1.1909308897689406 1.1956146879003113 1.2002457459473512 1.204550817444487 1.2088029345049227 1.2131848536629635 1.2172071431711622 1.2207784607797958 1.2238872927594744 1.224923834310645 1.2243963507991973 1.222361527060146 1.2201937556904845 1.2176447227664537 1.214222435682879 1.2101763598603834 1.2068611407071752 1.203701320520917 1.2003802001422486 1.1967015930536347 1.1931904241715041 1.1900297709705718 1.1866558840297272 1.182885500565685 1.1789488916887483 1.1751887627540016 1.1718679643528058 1.168646871414818 1.1650080716529025 1.1611774662972443 1.1572235352852074 1.1537957999518995 1.150908746405526 1.147725200202503 1.144225360150362 1.1405186705548243 1.1367254392135115 1.1333045561395236 1.1304752547727186 1.127590869524489 1.124668784191519 1.1210216799480452 1.1167075180767045 1.114143960845722 1.1126083842048038 1.1114210669496187 1.110177577445357 1.108819521460929 1.1074439817280588 1.1060371742017856 1.104596421347941 1.103174927544297 1.1006927877734314 1.0889245380060686 1.0660270935645415 1.0436936523506106 1.0219649555550654 1.0022717752599628 0.9775065136625956 0.9559766041074309 0.9368139862200127 0.9316095924950507 0.919198577079344 0.9035402531829542 0.8907699708869314 0.8830051851117924 0.8798421923891451 0.8665035335352407 0.8533539372071184 0.8309601401408067 0.8133172614755728 0.7984668910549311 0.7851000479715258 0.7725983581136076 0.7625128387545717 0.7524817378754491 0.7433814540704344 0.735579650843937 
# Gas [O/H]:
-5.02011865111616 -6.671489553781019 -4.631034354141041 -2.822851286793365 -2.3117801419487556 -2.0121498873994703 -1.8049888533796539 -1.64477592404649 -1.501402856379558 -1.3510595260450007 -1.1722075220598809 -0.94965726923669 -0.6868664999315146 -0.414257349702968 -0.18395495541504792 -0.033495517807375474 0.041359378403404534 0.07059681592317046 0.07911777397206832 0.07929322304923359 0.07604921009466548 0.07157148262708812 0.06651313194938391 0.061146500277259985 0.0558487977849933 0.05136001107445809 0.047654234392895845 0.04438476168357175 0.04126492896430545 0.03875039747642672 0.03629259645493521 0.033888992581555755 0.031457621918279166 0.029046879983206875 0.02775949160497415 0.028245062316312186 0.029170091211176086 0.030344320943037406 0.032728832251439854 0.03458438423689625 0.03660353979235964 0.038679099107192805 0.04024063555737323 0.04208767651176348 0.04354490986154946 0.04516487099463484 0.0468497465053912 0.04802478186305903 0.04982336129324816 0.05047503113903273 0.05247503652809815 0.053761212296767 0.05484549754318957 0.056591650217069134 0.05588550862512953 0.05651812660048927 0.05865827639971366 0.058039603534264295 0.0590407499322434 0.061235839336626796 0.06097523437014507 0.0611263382563112 0.06301516128735285 0.06347304056918457 0.06215232661432957 0.0623828678814049 0.06409167525586801 0.06352492830524259 0.06125044624837761 0.061349001350659904 0.06247479462419436 0.060772180788506436 0.056821926902475894 0.05630769094199373 0.05813256449835613 0.05773893158082055 0.05411413630520023 0.051365915334179224 0.0524971490967201 0.05400591511331099 0.05298154117774967 0.048789917321694354 0.04572613936077641 0.047231601203461704 0.0497662211640848 0.049130996490404755 0.046269077928218216 0.04155640698288687 0.040949646928273964 0.04391616775343721 0.04619489840237234 0.045239566502075945 0.04174166491340836 0.03653404134293625 0.034916317205660796 0.03794058766984332 0.04135076852335606 0.04194048393197525 0.039722610445311446 0.034979210005577244 0.029664899299167047 0.029191153938781245 0.030483210279836026 0.032059446430156235 0.0329128072176359 0.032943338045520854 0.03246204934289976 0.03151700852543016 0.03039149590489343 0.03011872316550601 0.02827937405421732 0.02389966364907581 0.020829863548417205 0.017293354829114094 0.01497280092483555 0.013470272760693458 0.012336827752179591 0.011804970688273464 0.0112909702543873 0.011362204616294669 0.01129258416905321 0.012691108412127505 0.01354862237864296 0.014528351416416285 0.016490995403917186 0.020735941959046933 0.028240440017006208 0.035429744127023266 0.040285949704980784 0.042979678084128725 0.04397014864304616 0.04541877766684399 0.04541566933213348 0.045149396698768385 0.04511163700396992 
# Gas [N/O]:
0.0 0.0 -1.8208706582237633 -1.8678541109441942 -1.665234121979978 -1.2697530940599662 -0.8477449598566433 -0.45430212666920444 -0.10180700788813313 0.20637526694197317 0.45695259753660794 0.637283021460688 0.749345612328576 0.8105761550781008 0.8448412627960591 0.8691492570789755 0.8954531949741824 0.9273102396025668 0.9612973108599907 0.9880230626334547 1.0037495864929602 1.0067811237622102 1.001981195874032 0.9927653821643112 0.9785295744633962 0.9541423773270765 0.9168229309640985 0.8667390525981218 0.8048463240173815 0.7304826983568867 0.6422969377868533 0.5354380656728384 0.39995024421219494 0.22117458495108833 -0.002923406546702201 -0.2587024722918607 -0.5226144634299279 -0.7594314901801111 -0.938237049729624 -1.0537855080272573 -1.1138839102857478 -1.1434720187009284 -1.1376219714985276 -1.1737749330792293 -1.1672435378779804 -1.1683662541512763 -1.1709257641432487 -1.1748217184064549 -1.1761261115966688 -1.1779430125211325 -1.181364779182751 -1.1814121281305199 -1.1750597126544466 -1.1637936851394795 -1.1509928410648027 -1.1418652563098872 -1.1322021630630752 -1.1146658694130944 -1.1020419725568447 -1.0944319226869073 -1.0849271607685984 -1.0732242715798668 -1.0634876545849599 -1.048625675088116 -1.039398666809735 -1.0474347049477113 -1.0428229127777837 -1.0252461727708377 -1.0176057033724542 -1.0141263602776207 -1.0153275421746681 -0.975402264044364 -0.9853223878973858 -1.0193760221169585 -1.0254829701202648 -1.0275240932108287 -1.0270227405359602 -1.0131146379683125 -1.0069419407228366 -1.0171094565901053 -1.009891426592563 -1.0634344544301677 -1.034417960024381 -0.9870583850731418 -0.9730532409310033 -0.9639026219486304 -0.966370285670451 -0.9995155818226757 -0.9994468632462852 -0.9864662201411856 -0.984941970166797 -0.9699510143920815 -0.9722214591097944 -0.9844982616858682 -0.9910528129026221 -0.993479060224522 -0.9965835483316754 -0.9870768096271432 -0.991661531440805 -0.9945224199890004 -1.1142475745630793 -0.9758928385076746 -0.9738436129644297 -0.972407084343679 -0.9726935875614491 -0.9739170737681673 -0.9756802220526086 -0.9767508797796214 -0.9773556624631605 -0.9768062558483719 -0.9858048320518555 -0.993191320608978 -0.9980792935020721 -1.0007039253085568 -1.0027718528446052 -1.0099419474247726 -1.0170510825739048 -1.0248832137731536 -1.026618617703423 -1.0316915817253542 -1.0376933862237987 -1.0460622151038552 -1.0507220016706906 -1.0533131073737194 -1.0622072938940796 -1.0736991513095766 -1.0943023475060896 -1.112698240247739 -1.1272376429440647 -1.1383337847851425 -1.1477256745012556 -1.1545888545711356 -1.1604498152431835 -1.1663418723451593 -1.170595182342328 
# Gas [N/H]:
-5.02011865111616 -6.671489553781019 -6.451905012364804 -4.690705397737558 -3.9770142639287336 -3.281902981459436 -2.6527338132362974 -2.099078050715695 -1.6032098642676917 -1.1446842591030277 -0.715254924523272 -0.31237424777600165 0.062479112397061165 0.39631880537513275 0.6608863073810114 0.8356537392716001 0.9368125733775869 0.997907055525737 1.040415084832059 1.067316285682688 1.079798796587626 1.078352606389298 1.0684943278234162 1.0539118824415712 1.0343783722483897 1.0055023884015344 0.9644771653569943 0.9111238142816935 0.8461112529816868 0.7692330958333131 0.6785895342417883 0.5693270582543941 0.43140786613047366 0.25022146493429576 0.02483608505827206 -0.2304574099755481 -0.49344437221875204 -0.7290871692370731 -0.9055082174781841 -1.0192011237903609 -1.0772803704933889 -1.1047929195937352 -1.0973813359411544 -1.1316872565674654 -1.123698628016431 -1.1232013831566414 -1.124076017637858 -1.1267969365433954 -1.1263027503034202 -1.1274679813821002 -1.1288897426546534 -1.127650915833752 -1.1202142151112575 -1.1072020349224108 -1.0951073324396736 -1.0853471297093984 -1.0735438866633613 -1.0566262658788297 -1.0430012226246017 -1.0331960833502807 -1.0239519263984533 -1.0120979333235551 -1.0004724932976075 -0.9851526345189319 -0.9772463401954052 -0.9850518370663064 -0.9787312375219157 -0.9617212444655951 -0.9563552571240761 -0.9527773589269612 -0.952852747550474 -0.914630083255858 -0.9285004609949095 -0.9630683311749646 -0.9673504056219091 -0.9697851616300079 -0.9729086042307609 -0.961748722634133 -0.9544447916261163 -0.9631035414767943 -0.956909885414813 -1.014644537108473 -0.9886918206636048 -0.9398267838696803 -0.9232870197669181 -0.9147716254582257 -0.920101207742233 -0.9579591748397887 -0.958497216318011 -0.9425500523877481 -0.9387470717644248 -0.9247114478900054 -0.930479794196386 -0.9479642203429322 -0.9561364956969616 -0.9555384725546778 -0.9552327798083189 -0.9451363256951684 -0.9519389209954943 -0.9595432099834227 -1.0845826752639116 -0.946701684568894 -0.9433604026845934 -0.940347637913522 -0.9397807803438134 -0.940973735722646 -0.9432181727097095 -0.9452338712541914 -0.9469641665582671 -0.9466875326828657 -0.9575254579976384 -0.9692916569599017 -0.9772494299536545 -0.9834105704794425 -0.9877990519197697 -0.9964716746640789 -1.0047142548217254 -1.0130782430848804 -1.0153276474490358 -1.0203293771090598 -1.026400802054745 -1.0333711066917282 -1.0371733792920477 -1.0387847559573036 -1.045716298490162 -1.052963209350529 -1.0660619074890834 -1.0772684961207162 -1.086951693239084 -1.0953541067010137 -1.10375552585821 -1.1091700769042916 -1.11503414591105 -1.1211924756463914 -1.1254835453383585 
# Gas [C/O]:
0.0 0.0 -1.2515704444310363 -1.2553694334257977 -1.058260317884175 -0.9075742445053618 -0.8076527450439805 -0.6958710731999813 -0.5351089375136149 -0.3459348041296575 -0.16347815378591918 -0.01552309703020971 0.08613251786834827 0.146807545044579 0.18275346996026584 0.20571523284503027 0.22378696606323545 0.24064085239759958 0.2571094540292799 0.2738544946420134 0.2912892193289387 0.3089060677631654 0.3261370739006968 0.34272604291947667 0.36302704350733583 0.39467437957888474 0.4377885934118172 0.48613478442112046 0.5340816639432924 0.5781839249637931 0.6179939000519823 0.6540253052587564 0.6857842131731734 0.7152843917884963 0.7455850205055443 0.7771606932261776 0.8096881293872701 0.8413640514723612 0.8711072179931547 0.8978005099455698 0.9214604741978676 0.9437052709070545 0.9649356849470394 0.9843004242220222 1.0026678086396692 1.0193426978794555 1.0348061348303865 1.050475113816379 1.063620720500195 1.0767097868801518 1.0878887439084188 1.0982419965544974 1.106605786868124 1.1124568938793238 1.1194297532526671 1.1243820948162573 1.127504815696577 1.1328912862346763 1.1365739379680682 1.1390099066107244 1.1435755830743428 1.147676596248611 1.1501696923756104 1.1537341026019776 1.1586261341654664 1.1615044248780695 1.160832159054777 1.1608714224939543 1.1611110808117684 1.1588447543398246 1.1551699281422594 1.153450254894373 1.1533544329579073 1.1505534497651815 1.1455687560225614 1.1426412685614284 1.1425874567484349 1.141824508837325 1.1375326218738517 1.1326499689164167 1.1299039593879356 1.130158974367054 1.1294626233932255 1.1246363631493443 1.118880650250733 1.1158770751624978 1.1149083883690256 1.1156671283023207 1.112846153023626 1.1069925786520889 1.1015303018001303 1.098985793648286 1.0987770056414163 1.1001913978705753 1.0983882389338628 1.092534667102875 1.0862401010011329 1.0827283002595438 1.0812990695027338 1.0817283080711273 1.0844790615465545 1.083417230266023 1.0809378566697823 1.0781181310152008 1.0759067142432932 1.074500643682538 1.073575124858886 1.0730794128225107 1.0727834316394036 1.0705740646079258 1.0606451639518517 1.0421274299154653 1.022863788802193 1.0046716007259513 0.9872989743351275 0.9640362409019018 0.9436397763552514 0.925009015531739 0.9203186222406634 0.9078363724630495 0.8922476690139011 0.8780788624748038 0.8694565627331496 0.8653138409727288 0.8500125381313233 0.8326179952480712 0.8027197001238007 0.7778875173485497 0.7581809413499501 0.7421203698873973 0.7286282094705615 0.7170940610877277 0.7070660685433153 0.698232057371666 0.6904680138399668 
# Gas [Ca/H]:
-5.02011865111616 -6.671489553781017 -5.123356685161307 -3.314960213267277 -2.7585018813711635 -2.413778076134374 -2.16856575590651 -1.7370507074004067 -1.1920408247328815 -0.6951567947979402 -0.25092528135635384 0.1578147042215603 0.5362996771395068 0.8710436072132364 1.131703852710471 1.2953786898207937 1.374975988764323 1.405147910393719 1.4130497074356132 1.412338610641946 1.4084138052263322 1.4036019274209801 1.3985085230572487 1.3933073676820982 1.3881642107222039 1.3840577983177713 1.38027544810139 1.3765986830581465 1.3733559804971147 1.3704072283795474 1.3677968897704513 1.3652851952104719 1.3626286550319984 1.3599258181343803 1.3582540842058606 1.3582302047084784 1.3588166986155263 1.359777406879493 1.3600575894581883 1.3597262865455964 1.3603622172291185 1.3615252931827282 1.3623959445347769 1.3634676029351134 1.3640921774259427 1.3649303433260105 1.365632628533585 1.36587046976953 1.366793083725108 1.366604669014408 1.3676908256284452 1.3684306070182535 1.3690046310444162 1.3700844412756688 1.3695479314182037 1.3703068990340084 1.3720273891042218 1.3709762587265057 1.3718066294468878 1.3738582843640534 1.3734067941968409 1.3735578231039955 1.3756580141035641 1.3760318554256274 1.3739209160570534 1.3745642236472397 1.3759409787363888 1.3750911139749098 1.3728628630453992 1.3729780514626944 1.3739256322610593 1.3714338285240526 1.3675161072583055 1.3679743745357937 1.3701866566805405 1.3698819047889508 1.3660006403127927 1.3629975154518137 1.3641167443770472 1.3658227660639763 1.3646714814224037 1.3603652982596204 1.3574317055839122 1.3596275796938713 1.3621117674496608 1.3611964600036623 1.3575639401821578 1.3522452576840776 1.351284625677569 1.355375524214213 1.3580208329815955 1.3568363055692556 1.3534423366322335 1.3483849153957426 1.3466299023001245 1.3499110703835724 1.3532405672670915 1.35382308099544 1.3512643832914293 1.346396116832918 1.3408871458946923 1.3404720848065512 1.3423303097630148 1.3443229434879456 1.344484344514112 1.3445920428773714 1.3445953713366823 1.343888884494322 1.3428175656984598 1.342621056981593 1.3409614660928675 1.3366824467838159 1.3341881716440636 1.33122147863907 1.3295565857778833 1.3292402420149516 1.3292856707467857 1.3298628596859947 1.3296456836001056 1.330594579283705 1.3314301056820002 1.3337306165879612 1.3351168591754385 1.3363674153852667 1.339274405872228 1.3445918630279179 1.3538982251672635 1.3624877656099184 1.368419997202631 1.3719667803370639 1.3735602983942217 1.3755502223483482 1.375979742095348 1.3760875670594954 1.3763998591868623 
# Gas [Ne/H]:
-5.02011865111616 -6.671489553781019 -4.820213226700776 -3.0107563428417174 -2.4595087604662806 -2.1327743374294714 -1.9123083737638966 -1.75091433841515 -1.622747108248606 -1.5130201903879703 -1.4095594377224216 -1.3008154468487545 -1.1789206979079134 -1.0535514302924707 -0.9403643586375807 -0.868795133776028 -0.8373417843617377 -0.8250466658588289 -0.8225673549928691 -0.8256386698146541 -0.829350830643043 -0.833737604414174 -0.8386972848338097 -0.8431903102598177 -0.8476672097579447 -0.851410444018839 -0.8546833011432913 -0.8579948985173917 -0.8639083420194558 -0.8634408694851068 -0.8614938292399161 -0.8790458860185533 -0.8754293057387299 -0.8584921982759584 -0.8516634865857133 -0.8488896519646953 -0.8430139688435512 -0.8391665969890827 -0.8290798472143148 -0.8151824365705389 -0.8020949141284452 -0.7961282364077746 -0.7907229987452853 -0.7819892680647671 -0.7776751052445965 -0.7621066228376403 -0.7534130182476861 -0.7461726409599434 -0.7414052938213969 -0.7332536180860263 -0.727297808186659 -0.7189994656627281 -0.7157099091036248 -0.7126266042225202 -0.7114372782977716 -0.6991603651700427 -0.6974730394013555 -0.6977168010315378 -0.6982901501200551 -0.6912824412250052 -0.6907418869912254 -0.6854534356827662 -0.6840727607470107 -0.6766978300097986 -0.6847783013395174 -0.6795640249564148 -0.6785581472636739 -0.6764460548511373 -0.68206593804591 -0.6786422434440853 -0.6840126674570337 -0.6893875526537103 -0.6984703897384659 -0.700805037507938 -0.7042299758342798 -0.7034432148064473 -0.7112915095594907 -0.7160945772385343 -0.7192849635274774 -0.7175749856135925 -0.7227649574442214 -0.7228318617165055 -0.7375946267706981 -0.7362672810476711 -0.7408257778580589 -0.7404955827658615 -0.7424135553658076 -0.7551484195480951 -0.7625025879140255 -0.7597819308947962 -0.763685463746282 -0.7651303605286701 -0.7698399267592198 -0.7737546063270884 -0.7818966366700062 -0.7809289628931344 -0.7894077076644388 -0.7877216891962124 -0.7868776497928867 -0.7857533559223375 -0.7990966344764026 -0.8051487692306889 -0.8069866134583741 -0.8072083658595073 -0.8086272763104096 -0.8089999941264363 -0.8100935882483729 -0.8124356354109858 -0.815002394425683 -0.8185536293759155 -0.8288944638922775 -0.8443057369253957 -0.8553363700971035 -0.865134104802121 -0.8729017669752297 -0.8799743555324371 -0.8848493960150092 -0.886995197168444 -0.8889147940790565 -0.8899604268834613 -0.8914411869548422 -0.8913289977384542 -0.8911004094905568 -0.8903475557780309 -0.889602740143487 -0.8861524058104875 -0.880039823798179 -0.8735716793641748 -0.869371525323765 -0.8673511422474629 -0.8667971506341967 -0.8655785099198701 -0.8658302531684328 -0.8663060788881971 -0.8664363444658107 
# Gas [Si/H]:
-5.02011865111616 -6.671489553781019 -4.80497763384588 -2.99563100211312 -2.447521007652843 -2.1098839110982484 -1.8720005120042416 -1.5697996188568872 -1.1551571191020713 -0.7191551791290012 -0.3007487201620913 0.0966234757048996 0.4699849139241348 0.802462662689345 1.0621425681870633 1.2254162566490758 1.3048612612209074 1.3349692360185101 1.3428662096194768 1.3421546105012196 1.3382193968398597 1.3334006835791459 1.3282991462449556 1.3230925801493676 1.3179651542517474 1.3135943251265756 1.309885666862344 1.306473990470201 1.3032874481763903 1.3007444182187244 1.2978492819456888 1.295001059972591 1.292297402109614 1.289609993052529 1.2879040527808083 1.287866565403824 1.2882181935823263 1.2882504249574809 1.2892376291380803 1.290048480702743 1.2909939406222133 1.2919675016858734 1.2925802193612204 1.2936159988385736 1.294094930701335 1.2947038800885595 1.2954792383087397 1.2958611212814675 1.2968065357447194 1.2965669786686282 1.2976984770708753 1.2984211130940397 1.2989399177225893 1.3000329415725802 1.2994114656061346 1.3001646200204275 1.3019889143146206 1.300938269918562 1.30174811215331 1.3037929932111556 1.3033738133545318 1.3033271524041252 1.3051056525766946 1.3054919441740664 1.3038084276969575 1.3045545868046151 1.3060049086743808 1.3049786795321738 1.3024656598172095 1.3027006594914199 1.303815041035255 1.302072213902711 1.2978773485109794 1.2975642659351712 1.2995222891433613 1.29923133724927 1.2954362412485598 1.2926887806301681 1.2938855006801369 1.2955796457791857 1.29445831661317 1.2901740934508936 1.2872346977446676 1.288615613556459 1.2912985004550577 1.2911878367904421 1.2878825161675098 1.2823344057907602 1.2814562860095369 1.2851303870744095 1.2877120792936982 1.2870204513093504 1.2834195961729193 1.2779493558999802 1.2761830839064157 1.279554362939956 1.2831679186085347 1.2838517124886115 1.2812071289818743 1.276293752797479 1.2700336921843554 1.2698682745753898 1.2722121595373665 1.2742670698168745 1.2753410656361912 1.2754930856796247 1.2749785995529255 1.2738641265730806 1.272589123575926 1.27217144261056 1.2706623708596552 1.266321380868702 1.2639100646997194 1.260936341345607 1.2592810164567432 1.258953713862891 1.2590166972280064 1.2595933853258456 1.259378419178546 1.2603096663609015 1.2611598268094002 1.2634513131269154 1.2648335114801776 1.2660876968856045 1.2689901542115694 1.2743141119603183 1.2836132529361848 1.292207575366044 1.298136866002551 1.3016844447557863 1.3032759663447573 1.3052672274676 1.3056998333178718 1.3058034352354828 1.3061176922092161 
# Gas [S/H]:
-5.020118651116161 -6.671489553781018 -4.885349853002167 -3.075796094817214 -2.517557541827225 -2.1727397121746375 -1.930733275338481 -1.6138152902266834 -1.1818755780290635 -0.7364797466210016 -0.31382819474213086 0.08545382336790652 0.45965094161954045 0.7924849417256246 1.0523343910113252 1.2156367011556548 1.2951117881711554 1.3252403241491115 1.3331375604229057 1.3324087703732057 1.3284816902180143 1.3236579214209692 1.318546439922443 1.313341903247291 1.3082378442657085 1.3043205586989668 1.300456066174315 1.2966254413540783 1.293275550501897 1.2903878159690438 1.2876775741208042 1.285313904775692 1.2827616362743188 1.2800594825591833 1.2783329827266146 1.278200460794252 1.2798527265907356 1.2793834322839244 1.2791287619404543 1.2795283628292333 1.280515674164103 1.2817474231888193 1.2825457194260674 1.283678414634624 1.284348238589137 1.2849815090994157 1.2856803044281042 1.286036239020655 1.2869641620865924 1.2867726528234091 1.2877821322118934 1.2885346271114861 1.2891241130108102 1.290241705973262 1.2896240492902544 1.290347328862508 1.2921704372101313 1.2911658199285077 1.291990344823386 1.29403264527238 1.2932938084908616 1.2933568292559445 1.295417485108667 1.2959935095149375 1.2942444167817841 1.2949026894601556 1.2963009175017963 1.2952645269215566 1.2927489291238667 1.2929474741219034 1.294029039586189 1.2923409841064806 1.2881735973527801 1.2878990827156764 1.2898566757248338 1.2895611890908554 1.2857298595294533 1.2829776475284338 1.284202854075124 1.2859030711105293 1.2847528050646297 1.280461388259913 1.2775680041347393 1.2805024977591395 1.2826108567586627 1.2809784090273806 1.277331776999819 1.2721036092167068 1.271135959431497 1.2752581523950037 1.2780938933119064 1.277554544810842 1.2737699708544987 1.2681474809155038 1.2664060516140943 1.2698692269320784 1.2734967095292502 1.2741763898100995 1.2715307051659686 1.2666141600992091 1.2780868378121326 1.569773591612306 1.5598035688143224 1.4486634145135255 1.3565921022409233 1.3044816332153437 1.2648865601814747 1.2642088662814204 1.2629222803455966 1.262601534183161 1.2610024837643312 1.2566598125729875 1.2542356192688344 1.2512768522500566 1.2496201186195415 1.2492909266047714 1.249358522703305 1.249930607138575 1.249714587661499 1.2506484673522755 1.2515002106181745 1.2537884138719209 1.2551696971564663 1.2564234484145431 1.2593249395723691 1.2646467378184436 1.273934404568935 1.282535585510717 1.288463756852451 1.2920104548221412 1.2935857960715582 1.2955911010108214 1.2960239809095815 1.296129209271765 1.2964416173933522 
# Stellar mass-weighted [Mg/H]:
0 -5.02011865111616 -6.477821348340942 -4.999895064848339 -3.4066848331628288 -3.011664847549304 -2.8357069936770447 -2.7615117583780435 -2.737062976379468 -2.7339165431216186 -2.7377861265066947 -2.742634717202214 -2.7465324670967632 -2.749274722314139 -2.751033650667569 -2.7520745905002126 -2.752645845813567 -2.7528915739886983 -2.7529013007843703 -2.7527416667422004 -2.7524693241716403 -2.7521353602306506 -2.7517622154356864 -2.751358698377186 -2.750939602276607 -2.7505307897494866 -2.750100308150622 -2.749647832971018 -2.749189270086023 -2.7487262127666465 -2.7482654194885257 -2.7478077280831954 -2.74735357704545 -2.7468967331900407 -2.746432023938091 -2.7459624724551785 -2.745478131940856 -2.7449588110013554 -2.7444113125185945 -2.743841471863152 -2.7432446397526453 -2.74264237622981 -2.74203172474149 -2.7414078355335727 -2.7407785361077606 -2.740129604128823 -2.739464606367431 -2.7388347322411297 -2.738171574874225 -2.7375360384233867 -2.7368814245536104 -2.736254765153589 -2.735617626632367 -2.735031494168121 -2.734444989325315 -2.7339198067955817 -2.7334038716579343 -2.732924342080411 -2.7324464825941597 -2.7320272383120763 -2.731604811795063 -2.731216713189859 -2.730836514739769 -2.730479132311676 -2.7301032134595324 -2.729743123259847 -2.72941266994449 -2.729118552548046 -2.728808029003299 -2.7285240110708315 -2.7282354624402645 -2.727958141390981 -2.72766477094756 -2.727395922987041 -2.7271350190431827 -2.7268932425760557 -2.7266353857707424 -2.7263824257667926 -2.726135104328236 -2.725917285846947 -2.72569358268518 -2.7254740897290786 -2.7252388127366576 -2.7250338782954993 -2.7248362856407535 -2.7246535587585603 -2.724449713706097 -2.72422776589662 -2.7240247087507425 -2.7238707948435064 -2.7237208894590417 -2.7235693573596684 -2.7233963941209236 -2.723217711314315 -2.7230234209077304 -2.72287167239059 -2.722741262998916 -2.722617154073734 -2.7224713193204675 -2.722321716396058 -2.722160162000507 -2.72269305524604 -2.722946804605437 -2.723151756284495 -2.7233212902213966 -2.7234616305137846 -2.7235792247667847 -2.7236821197933008 -2.7237758464329405 -2.723991772600705 -2.7247684393613145 -2.725678236504394 -2.726222499294039 -2.7265743450346083 -2.726882559925637 -2.72718541783473 -2.727363812164076 -2.727503542517442 -2.7274998148848635 -2.727614258373804 -2.727674369503 -2.7277031112844234 -2.7277524498302936 -2.727774569896641 -2.7277473085201027 -2.727804617283132 -2.727752576799566 -2.727725134858437 -2.7277034829402407 -2.727647347812564 -2.7274177438824765 -2.72739808090242 -2.727195739830125 -2.7271455720827227 -2.7270223814797765 
# Stellar mass-weighted [C/H]:
0 -5.020118651116162 -6.477821348340942 -5.987216390040597 -4.445290677322328 -3.918126302996904 -3.654591746604905 -3.5317401020883628 -3.469290692430432 -3.427870646505851 -3.3958862080000145 -3.369882633913866 -3.3481772156607628 -3.3299772545483535 -3.3143976199273846 -3.300346964192067 -3.287462998762317 -3.2753773244966036 -3.2638655000875465 -3.2528336520868493 -3.242211353910136 -3.2319281365880936 -3.2219640989972573 -3.2123135879399465 -3.2029706680953938 -3.1936655208007627 -3.1838141697884383 -3.1730140258939423 -3.161242497552964 -3.1487017938777155 -3.1356535652843354 -3.1223245894091507 -3.108858664562004 -3.095427903166633 -3.0820290728411637 -3.0684941298160924 -3.05470643411528 -3.0406215677434503 -3.0262977083657656 -3.011847589166398 -2.9974779560521005 -2.983298101774407 -2.96928184823133 -2.9554367802692054 -2.9418370134956566 -2.9284701055430666 -2.915175197071825 -2.902573776423089 -2.8898613439952863 -2.877867018962414 -2.865798456192965 -2.854432187204705 -2.8430849144546118 -2.8324856343771643 -2.8220355678422413 -2.812248620649706 -2.802585432578181 -2.7936378390416943 -2.7846192603818016 -2.7762339776685705 -2.7679188218981636 -2.7600431877389955 -2.7521479846953403 -2.7448098528372835 -2.7374073564107606 -2.730356929774034 -2.7233612362456476 -2.716940878439516 -2.7105038311228524 -2.7045063603092556 -2.698618202944628 -2.6932292620697504 -2.6877970445819894 -2.6826806833003136 -2.6776421250107596 -2.6730635693799725 -2.668442302831883 -2.6640392592794244 -2.6595996778260727 -2.6555684092669063 -2.6515715905054504 -2.647812324636181 -2.6439191159419178 -2.640279581668766 -2.636704843753977 -2.633451126080609 -2.6301312839682947 -2.626951831090482 -2.623642615695558 -2.6206168051852705 -2.617670050571694 -2.614955555355434 -2.6121516408706933 -2.609450001996109 -2.6066269705458875 -2.604022978455082 -2.6014849385241376 -2.599172595614978 -2.5967895531749665 -2.594506413285047 -2.592115314231928 -2.5987515504770284 -2.6015228496702596 -2.6035705512183824 -2.605277899843986 -2.6067629292826187 -2.608086628475358 -2.609282431883119 -2.610376815515518 -2.6123682760841263 -2.619590769734553 -2.6278171320397314 -2.6326380095577013 -2.6357562974835274 -2.63802129328636 -2.640444358730467 -2.642041351224435 -2.6431953932133077 -2.6434293587850846 -2.644038951293073 -2.6445923732385186 -2.64512492827806 -2.6453587071742506 -2.645538162001488 -2.6457616130942583 -2.64623819560701 -2.646429659061356 -2.646516742961162 -2.646520904382734 -2.646283749662153 -2.645485050871204 -2.645366019387944 -2.64457815681845 -2.644260963646004 -2.6437572934585427 
# Stellar mass-weighted [N/H]:
0 -5.02011865111616 -6.477821348340942 -6.438833371144328 -5.053791961892195 -4.52496352924004 -4.090698013533963 -3.752331820944373 -3.5050560357559375 -3.3282526024104095 -3.2006868496865204 -3.1084702294750635 -3.0418228345437823 -2.9933284629790275 -2.9564079342791088 -2.925801319272426 -2.898866613488453 -2.8735511364606054 -2.8488045939530577 -2.8245702511668522 -2.801896713840004 -2.781582117927445 -2.7641379046117827 -2.749242984069731 -2.7364470234588936 -2.7255556781714194 -2.7167589603553006 -2.7101398366315683 -2.7055428604055516 -2.702693685743422 -2.701315038071738 -2.701159283181079 -2.702031712049389 -2.703780833729181 -2.7062002265424043 -2.708897439553426 -2.711494752711812 -2.7138039736437545 -2.715796252106016 -2.7175084716523425 -2.71899588684784 -2.7203048960078595 -2.7214693026402506 -2.7225070934769153 -2.7234574704225327 -2.724318296491422 -2.7251040849987813 -2.725825701360142 -2.7264936857336766 -2.727109840860904 -2.727679778158164 -2.728218228708304 -2.728709740544761 -2.729179378243372 -2.7296007939491336 -2.7300064746125674 -2.730379091077598 -2.7307329099930033 -2.7310536738232845 -2.7313669104645486 -2.731655219072831 -2.7319211993978048 -2.7321825982039796 -2.7324228100829133 -2.7326391590256964 -2.7328514832458444 -2.733059065117856 -2.733252456366145 -2.7334232514672605 -2.733593157732183 -2.7337575268887484 -2.733911841941314 -2.7340359250848163 -2.734169703550715 -2.734313420661879 -2.7344468115120186 -2.734567126658569 -2.734679317067757 -2.73478521469419 -2.7348913040201417 -2.7349971124648285 -2.735089944585595 -2.735181798197475 -2.735265784698308 -2.735342472387668 -2.735423842005611 -2.7354882463053816 -2.7355410965160356 -2.735601173238284 -2.735670447300481 -2.735742983990388 -2.735805671394278 -2.735852717064817 -2.7358886855445395 -2.735928069349246 -2.735982445017603 -2.7360381501949664 -2.736091217849057 -2.736131635164991 -2.736164989256535 -2.736189128053234 -2.73632116474241 -2.7364153882443976 -2.7365065965845448 -2.736590177416095 -2.7366650555417458 -2.7367317394636723 -2.736789918390641 -2.7368371728614145 -2.7369527491759644 -2.737436587330693 -2.738016928726336 -2.7383504320561958 -2.738442815941311 -2.7385137749395785 -2.738571772603607 -2.7384518279779124 -2.7383006332643216 -2.7381771029387627 -2.7381274217869676 -2.7378716163354753 -2.7377407476531985 -2.7375185842431558 -2.7375125066789696 -2.7370801306034593 -2.7369404880554784 -2.736059406519991 -2.7354287313292174 -2.7348179426111328 -2.734077876996805 -2.73295518646726 -2.732259041846808 -2.7313151458048015 -2.7304675667006935 -2.729832955710683 
# Stellar mass-weighted [Ca/H]:
0 -5.02011865111616 -6.477821348340942 -5.271261494456757 -3.682996256038688 -3.2760454125549607 -3.089419548652323 -3.0069767939535854 -2.907658314245353 -2.7824556579909974 -2.6723247580995455 -2.588779433285209 -2.5273924399780068 -2.482105549323194 -2.447622507588939 -2.4197203483063223 -2.3964747668921884 -2.376600458036263 -2.35925754690056 -2.3438848273166695 -2.3300884940610667 -2.317585379000618 -2.3061647023646987 -2.295660053528443 -2.285942694907928 -2.2769123296119753 -2.2684667315825884 -2.260562740712274 -2.2531434908380996 -2.2461411326696004 -2.239518977274545 -2.233234400733412 -2.2272595318251094 -2.221573328803732 -2.2161446848989677 -2.2109571759771978 -2.2059873985901977 -2.2012095267424687 -2.196596363333911 -2.1921980280460316 -2.187992068508927 -2.1839321110819796 -2.1800007889341355 -2.1761961717906306 -2.1725149292002746 -2.1689544383934782 -2.1654228289804687 -2.162146397196329 -2.1588602901118863 -2.1557924130401664 -2.152696869853033 -2.149811452664866 -2.1468884608742256 -2.144162418505511 -2.1413915326257236 -2.138805830726853 -2.1361807241182253 -2.133720572569211 -2.131221853391156 -2.128884185454562 -2.126500668497183 -2.124256676799341 -2.121982765500917 -2.1198384193780573 -2.1176519928338005 -2.1156060976502307 -2.1135260936965867 -2.1115667836866834 -2.1095566235988503 -2.107666686006893 -2.1057458449972577 -2.1039320167041424 -2.102079369635777 -2.1003313504123353 -2.098542611885997 -2.096853786984335 -2.095121465399595 -2.0934850720582823 -2.091819604936873 -2.0902531265890287 -2.088647444608596 -2.087123392798123 -2.0855546758119434 -2.084080421585864 -2.0825668318754715 -2.081146093440748 -2.0796864158907074 -2.0782956803918173 -2.0768663528575537 -2.075532881988086 -2.074167633567834 -2.0728689318170685 -2.071531340773766 -2.0702481716255967 -2.068928342791496 -2.0676962076787175 -2.066437499204179 -2.0652481167204533 -2.0640170232955217 -2.062842475991867 -2.061627006722386 -2.064919684958709 -2.0662864880957352 -2.067297713058492 -2.0681393495317772 -2.068868938103855 -2.069517383771154 -2.070100998303902 -2.070630812145315 -2.07160841984547 -2.075162699715685 -2.079194912512194 -2.081539809223523 -2.0829869218982617 -2.0840354464397866 -2.085145269499751 -2.085785290908076 -2.086214665533162 -2.086253577315869 -2.0864907900789103 -2.0865903558895926 -2.086753787479628 -2.086737024146787 -2.0868112771028198 -2.0866723838049968 -2.0867986116396953 -2.0863883610837375 -2.086070175805429 -2.0857263245491104 -2.0852058965561975 -2.0842206535722863 -2.083770770652139 -2.0828935787857503 -2.0822712818922184 -2.0816906884297905 
# Stellar mass-weighted [Ne/H]:
0 -5.02011865111616 -6.477821348340942 -4.9729659595155695 -3.3789020119265567 -2.975877072759303 -2.7996132068113146 -2.7280812613928527 -2.7070236927523945 -2.7073679688759515 -2.714589845446832 -2.7224261428277643 -2.7288853134811193 -2.733794282712809 -2.7374559062995267 -2.7401674094210478 -2.7422273683965246 -2.7438252693322918 -2.7450858822152817 -2.746104461744756 -2.74694614298312 -2.747651275683938 -2.748251039471916 -2.748762241179362 -2.7492001299189885 -2.7495799263888827 -2.749912856261248 -2.75020546980316 -2.7504630150470115 -2.750691426058734 -2.7508921314965296 -2.751066814580329 -2.75123712176181 -2.751377668130835 -2.751487753161874 -2.7515903350031534 -2.7516856613318073 -2.7517635484087446 -2.751832950058069 -2.7518892209312256 -2.7519298670280072 -2.7519632068499673 -2.7519927410026632 -2.752013884432424 -2.752027762827015 -2.752041057158382 -2.7520360264422052 -2.752033351597661 -2.752023205884379 -2.752012992862955 -2.751994280914542 -2.751981575546526 -2.7519569431243713 -2.751940647803668 -2.751910406839402 -2.7518881396081882 -2.7518554268062845 -2.751828135026255 -2.751793467384358 -2.751771860258737 -2.751738760777272 -2.7517026167815164 -2.751670011548664 -2.751641017085735 -2.7515937185383494 -2.751561841453004 -2.751530879209019 -2.7514990952282314 -2.7514536533971636 -2.7514211492630505 -2.7513892610280326 -2.7513597568792454 -2.751318266043855 -2.751284923789262 -2.7512618051972275 -2.7512423671539796 -2.7512077078808606 -2.7511693934368155 -2.7511393787485163 -2.751123078113433 -2.7511014464117594 -2.7510695043145477 -2.7510236216654205 -2.751001187945759 -2.750986137599744 -2.750976529627467 -2.7509468368565555 -2.7509031562334822 -2.750869370587136 -2.7508579879257864 -2.7508536382626287 -2.7508427545112024 -2.750812448889506 -2.7507716331165337 -2.7507355785425736 -2.750723731631915 -2.7507210088185143 -2.7507175308332252 -2.7506953174778124 -2.750661084658941 -2.7506179759023572 -2.750745763759948 -2.75082552160623 -2.7509006653282944 -2.7509598767625327 -2.7510020329969542 -2.751030339795941 -2.751051861731818 -2.7510713067972246 -2.751156376408293 -2.7514465904418097 -2.7517959140835924 -2.7520110199942955 -2.752159266704087 -2.7523275763739417 -2.752476872029874 -2.7525634586861445 -2.75264296088156 -2.752629088066831 -2.7527161041647483 -2.752761502910116 -2.7527614532326528 -2.752816093284488 -2.75282735934149 -2.7528114383637945 -2.7528500047466746 -2.75284330978878 -2.7528542968273833 -2.7528761587175055 -2.7528865181951803 -2.7527762534254867 -2.752817271104674 -2.7527221831858935 -2.7527557246868772 -2.7527052000918593 
# Stellar mass-weighted [Si/H]:
0 -5.02011865111616 -6.477821348340942 -4.9578968336163936 -3.363778516500605 -2.9631526785391804 -2.7812191461720506 -2.7024146285871273 -2.6450760551397705 -2.582244841341491 -2.5228303390468776 -2.4736583308878455 -2.4349780216982904 -2.404994684258255 -2.381302302700484 -2.361560524449799 -2.344736299306719 -2.3300907416654706 -2.3171232238655524 -2.305487157778768 -2.2949364438254154 -2.2852904983289912 -2.276411530826084 -2.2681879714725115 -2.260533275588976 -2.2533791395148857 -2.246667934204458 -2.2403493554843017 -2.2343819822486504 -2.2287299890988406 -2.223351461358103 -2.2182481578062125 -2.21339034862972 -2.208749624408541 -2.204304687040696 -2.2000480065482604 -2.1959601761217327 -2.1920269360419837 -2.1882447610031877 -2.1845996418461002 -2.1810819889320427 -2.177686175082785 -2.1744028072735695 -2.171225293521605 -2.1681445170069056 -2.1651635271597494 -2.162204952526473 -2.1594534121492686 -2.156686475873544 -2.15410085082698 -2.151489687183485 -2.149052803388167 -2.1465808833371067 -2.144275160786787 -2.141926260407155 -2.1397348503217257 -2.137506881320629 -2.1354151306534233 -2.133288355737733 -2.131298884001695 -2.1292675501817238 -2.127352228636056 -2.125414243593224 -2.123589026441727 -2.121721907225453 -2.119967935796084 -2.1181853908110027 -2.1165044284407006 -2.1147803857613603 -2.113162669420035 -2.1115144284665472 -2.109954623213717 -2.108350065916177 -2.1068433284549526 -2.105311265419469 -2.1038634237676836 -2.1023733883675835 -2.1009626493626588 -2.0995244573228176 -2.0981726833908283 -2.0967866544283726 -2.0954683977464406 -2.0941094398146607 -2.0928338821322265 -2.0915340226715733 -2.0903080889258803 -2.0890372067016507 -2.087823694742192 -2.0865816337275085 -2.08542351718007 -2.084243138107869 -2.0831177776187166 -2.081950481225034 -2.080832480697791 -2.0796864384707145 -2.078617257775516 -2.0775246524500455 -2.0764888095097467 -2.0754144861145205 -2.0743889549172687 -2.073326792797798 -2.0762048472642354 -2.077402137330938 -2.0782897381287 -2.0790278690249817 -2.079666411125851 -2.0802325994413025 -2.080741545329503 -2.0812034631296514 -2.0820621242728308 -2.0851797127742016 -2.0887157724192758 -2.090772220769857 -2.0920425791566286 -2.092971078763319 -2.0939498653558024 -2.0945140766664325 -2.094895440653656 -2.094926976328127 -2.0951436423510854 -2.0952354925421828 -2.0953764587725336 -2.095369307138588 -2.095434999154244 -2.095312442702845 -2.0954266904044045 -2.095070940656578 -2.0947973232300034 -2.094503112064584 -2.094054721848951 -2.09318778731872 -2.0928045221262357 -2.0920328584246235 -2.091499303642026 -2.090990159609106 
# Stellar mass-weighted [S/H]:
0 -5.020118651116161 -6.477821348340943 -5.037322052933578 -3.4439276806463974 -3.0355489719692192 -2.8486902384396915 -2.7673849661889935 -2.7048958886774273 -2.634780198024565 -2.5689470309547744 -2.515089417627113 -2.473143383352941 -2.4408799345120187 -2.4155374621675945 -2.3945189271100684 -2.3766778277401546 -2.3611910287372195 -2.347510947483239 -2.3352611176263194 -2.32417453832245 -2.314052742543021 -2.3047485030958006 -2.2961418407580307 -2.288138734429346 -2.2806648378820444 -2.2736369086243773 -2.267043058440228 -2.260838221780438 -2.254964513965229 -2.2493885045560083 -2.244086436199459 -2.2390252674832993 -2.2341949516015314 -2.22957471761283 -2.2251532856512943 -2.2209121488596253 -2.2167915257592963 -2.2128629867780454 -2.2091109661590336 -2.205487877196826 -2.201982826914218 -2.1985867351090116 -2.195298518638471 -2.192110906525204 -2.189023954146456 -2.1859628922229444 -2.1831189213482274 -2.180259885905599 -2.1775889111205062 -2.174891017734854 -2.172376353717829 -2.169824631837546 -2.1674434068807473 -2.1650185850397365 -2.16275673610168 -2.160458228838346 -2.1583004848383327 -2.1561063349698024 -2.154053863665437 -2.151959016543657 -2.1499895641940814 -2.1479927009457045 -2.146108154147665 -2.144180098944715 -2.1423713162614835 -2.1405343683156213 -2.1388027962335983 -2.137027178132377 -2.135360927647569 -2.133663762671153 -2.1320582326121658 -2.130406180419569 -2.12885472335305 -2.127276694658785 -2.1257858375592376 -2.1242522063496665 -2.1228009717629392 -2.121321202904493 -2.119929798360575 -2.118503493465032 -2.1171478208276344 -2.1157505995208927 -2.114438225515033 -2.113083341857923 -2.1118188252600243 -2.1105240298113896 -2.1092853478183144 -2.108010957799965 -2.1068238904137617 -2.1056086700835577 -2.1044495102890135 -2.1032476499442962 -2.1020996459135297 -2.100923665796965 -2.0998252494699807 -2.0987017082666126 -2.0976369682472633 -2.0965333399514776 -2.0954802208444807 -2.0943897403199676 -2.0973441798454777 -2.0985726280938035 -2.099482970682863 -2.1002401644810993 -2.1008954693998945 -2.101476774744044 -2.101999425630992 -2.102473790005922 -2.1033542479669842 -2.106552047968658 -2.110179154957703 -2.112288610641367 -2.1135913194757805 -2.114541896539783 -2.115544845417922 -2.1161229622232485 -2.116513161617272 -2.116545994861977 -2.116766535235845 -2.116859779328488 -2.1170048568164344 -2.116995986679388 -2.117063290746451 -2.1169375878231484 -2.1170541464373986 -2.116688324943566 -2.116406538744169 -2.11610329101803 -2.1156417357929316 -2.1147528588097915 -2.11435756429156 -2.1135663311753037 -2.113016685503206 -2.1124943618247736 
# Gas metallicity, [Z/X]:
-5.0423094767788825 -6.693680379443739 -4.899125591927873 -3.0907575386258266 -2.559048387846423 -2.190203781763091 -1.8373586813391884 -1.4770117064916193 -1.137853692675187 -0.8256957443743105 -0.5241065315157354 -0.21842861058314367 0.09177276955718927 0.3842894468737825 0.6161494188844934 0.7573122424138433 0.8258277799525795 0.8576294353552477 0.8715923655859531 0.8767827728185216 0.8774518764817397 0.8758829977824661 0.8728674678333825 0.8691476477972798 0.8650801235347102 0.8617606099548523 0.8587327032593864 0.8565321236201079 0.8539795386458773 0.8524537127562998 0.8503598981268948 0.8495350717623055 0.8470078833717464 0.847216488250996 0.8456237168280085 0.8514006003416467 0.849669727541947 0.8634998436043513 0.8530466574056663 0.8870413422244052 0.8384751075211672 0.9434251430872412 0.7240331667409722 1.1066365059563519 -7.490208005808993 1.4394217490820487 -7.467250628661098 1.7434482700842342 -7.445465198783143 2.046613194058996 -7.425101966807819 2.3617143378629537 -7.405118977819409 2.693972117625804 -7.386578767390779 3.0447576327234556 -7.366899738055874 3.4158114792697156 -7.3504572148836544 3.808974073793216 -7.3331220076767405 4.220524658450581 -7.315860369529723 4.652976530437088 -7.302298645097546 5.1021936865959825 -7.285574484104176 5.569490999546058 -7.275122790148341 6.052619257763597 -7.260442933400691 6.553469780328216 -7.253297745582037 7.068322474571138 -7.238972815012655 7.602913316203076 -7.230764692939145 8.148174319196137 -7.220325398183096 8.713586222103805 -7.208066469088713 9.289807132516575 -7.203896206557907 9.880750986909844 -7.188799864565006 10.48982270863708 -7.181433429682542 11.105004655956602 -7.177157040893203 11.738648883406386 -7.160493604767126 12.388225219619192 -7.155054138848161 13.042169028041359 -7.1526655535220325 13.712019884103178 -7.135934356395913 14.399555943131064 -7.128422414419049 15.092209962443697 -7.129538180929087 15.555079864733193 -7.510473250540734 15.765479209853913 -7.7043942830667955 15.821718804674004 -7.837354281393514 15.765372149307085 14.780250903536391 15.595380380059726 14.963377473015626 15.055746992027391 14.890527005366115 14.82328076780657 14.760036542548516 14.688097172336334 14.636552840925564 14.595197479697761 14.585098570764425 14.562084955057806 14.532573017156533 14.509552450687146 14.49628941263143 14.490841221093866 14.466297550508099 14.443866103819545 14.407859604015604 14.382812454946603 14.361321615095651 14.342086912709968 14.324346429186875 14.309611153014623 14.29527793231278 14.282295751170643 14.270846457558484 
# Stellar mass-weighted metallicity, [Z/X]:
-4.152288344383056 -5.0423094767788825 -6.500012174003665 -5.051205252306731 -3.4588758833817 -3.07074786812822 -2.873048926732335 -2.7448807020151342 -2.6539177949274126 -2.5953016932605646 -2.5616816915909393 -2.5428564791665043 -2.5312701014580217 -2.523069070865577 -2.516415124440246 -2.5105667960378515 -2.505448409676693 -2.500543967602189 -2.495521610678641 -2.4905057412192884 -2.485637547940547 -2.4809826058578155 -2.476564164862703 -2.472378546573891 -2.4684073125623467 -2.4646350743659635 -2.46103805698597 -2.4576093168329827 -2.4543167489797533 -2.451166320194777 -2.448127488771042 -2.445213891385844 -2.4423853045320225 -2.439682126940202 -2.437021053730163 -2.434484020740147 -2.431927726929291 -2.4295447266087855 -2.426978971468703 -2.4248130173207754 -2.4220467614880024 -2.4204665261140335 -2.4167666506659238 -2.417275208974659 -2.4094988115363325 -2.416325049471646 -2.39440320913024 -2.4059105157052976 -2.364466588299625 -2.384487154590304 -2.3105019853926017 -2.3445975304327176 -2.2183044164919714 -2.273816608505963 -2.0711771047779752 -2.155078974979636 -1.85780600463312 -1.9723661257382854 -1.5799905170257247 -1.7206452888475903 -1.2490168634812238 -1.4079671042489188 -0.876706095803655 -1.0473712794335353 -0.47480128202317995 -0.6525859408522032 -0.047511922201239676 -0.23024390697332864 0.3999365867625473 0.21369687354721356 0.8673733552933055 0.6781136918272415 1.3525882969518583 1.1608042724850085 1.8560582695965653 1.6618836336880545 2.3745520925552053 2.1784606829354765 2.911796495887526 2.713548492906842 3.4613329563522135 3.2616098577676107 4.029417711497574 3.8277884196596172 4.609858744513934 4.40687265871371 5.204454419049797 5.000100888476421 5.816421069290489 5.610457648941655 6.436493851808812 6.229679345038345 7.0730934791068165 6.864923231177438 7.72561954407094 7.516104438316889 8.384414921978806 8.17428130271516 9.057498233834675 8.846306219290836 9.74742213045305 9.534989533164214 9.479350485375097 9.450405233448674 9.43089931379598 9.41627093296399 9.404627171230338 9.394999749202585 9.386821653747392 9.373459914463455 9.334917839498832 9.30207166557994 9.286143501751562 9.276600640907384 9.270113383508624 9.263588489276259 9.259253470456036 9.25623983858998 9.255546379892634 9.254068290631926 9.252499833495767 9.251145289693131 9.250494004942368 9.250114526008197 9.249258059330389 9.248146316954653 9.247238406760951 9.246660693704479 9.246482775392636 9.24688816917407 9.247727329911367 9.247877077288472 9.249194276156643 9.249613491809106 9.250572134439146 
# Number of SNIa (log_10):
0 0.0 0.0 0.0 0.0 0.0 3.688775621624209e+53 1.7108751620383445e+55 5.295810719604832e+55 9.812151670102644e+55 1.4449380509409336e+56 1.8811373667771724e+56 2.277464401122167e+56 2.6341544412585934e+56 2.9557548629545672e+56 3.247518338926878e+56 3.5141516365224732e+56 3.759539862404626e+56 3.986808726391589e+56 4.198466227461245e+56 4.396539062446061e+56 4.582683059618789e+56 4.758266538151067e+56 4.924433401885469e+56 5.082150371760751e+56 5.2322405152716765e+56 5.375412398815786e+56 5.512279997869542e+56 5.643376566648377e+56 5.7691701602215786e+56 5.890076827014959e+56 6.00647653209983e+56 6.118674523251126e+56 6.226961506600829e+56 6.331610103776059e+56 6.432860011924459e+56 6.530925295509781e+56 6.625991077663698e+56 6.718249673467195e+56 6.807863649286923e+56 6.894975309662456e+56 6.979720958009883e+56 7.062222468094654e+56 7.1425959211052595e+56 7.220949959118294e+56 7.297384342680813e+56 7.371991393218682e+56 7.444849178322959e+56 7.516049156644486e+56 7.585667962123489e+56 7.653767669702658e+56 7.720408338728658e+56 7.7856574427481625e+56 7.849570702342167e+56 7.912201880120121e+56 7.973599511054562e+56 8.033812446359858e+56 8.092856716713134e+56 8.150824922454263e+56 8.20776007275295e+56 8.263690035110497e+56 8.318636612356756e+56 8.372611049786347e+56 8.425656509419671e+56 8.477818967299068e+56 8.52912280693807e+56 8.579597404353445e+56 8.629272660539482e+56 8.678170909660181e+56 8.726313008266942e+56 8.773726010363297e+56 8.82043324908492e+56 8.866442408440642e+56 8.911785932408803e+56 8.9564889047281e+56 9.000561601178955e+56 9.04402036013502e+56 9.086882447152268e+56 9.129164270585332e+56 9.170879405951068e+56 9.212047056512936e+56 9.25266887793385e+56 9.292773771591182e+56 9.332377340574113e+56 9.371485835783477e+56 9.410108967374991e+56 9.448259435895547e+56 9.485954903012285e+56 9.523196926176653e+56 9.559991158119594e+56 9.59635955061034e+56 9.63229887852503e+56 9.667832408046815e+56 9.70298706076563e+56 9.737753195090621e+56 9.772131255247051e+56 9.806132769890587e+56 9.839770929855915e+56 9.873046346623638e+56 9.905968101830711e+56 9.938542491097421e+56 9.970773724272707e+56 1.0002685375050002e+57 1.0034280675881413e+57 1.006555863877558e+57 1.0096528723777867e+57 1.0127192397418108e+57 1.0157552033763723e+57 1.0187617672503e+57 1.024689667533353e+57 1.0527515861233737e+57 1.102279564934201e+57 1.1450155400003599e+57 1.1825991396122958e+57 1.2161438370690797e+57 1.260543704382009e+57 1.2994085392662076e+57 1.3339669054138254e+57 1.3446903241005075e+57 1.3650786003084297e+57 1.3933691989029883e+57 1.4193112926601152e+57 1.4354810848798004e+57 1.4432618349191127e+57 1.4725821952474132e+57 1.5057392345925246e+57 1.5630648309551941e+57 1.6114743632533508e+57 1.6533796336074423e+57 1.690326849434446e+57 1.7233451757783754e+57 1.7532239475148373e+57 1.780485344001312e+57 1.805556560087557e+57 1.828764032514279e+57 
# Number of SNII (log_10):
0 0.0 7.0444421866934845e+53 3.2550535450448076e+55 9.539238232569132e+55 1.6594057282037973e+56 2.2895582737214642e+56 2.727041719763354e+56 2.9693937562425627e+56 3.0863698520062104e+56 3.138017143802526e+56 3.159452431968608e+56 3.167979936129106e+56 3.171321862307888e+56 3.1725998232912684e+56 3.173114136399539e+56 3.1733461749446144e+56 3.173447489769802e+56 3.17349807381196e+56 3.173532197717494e+56 3.173559437161282e+56 3.1735833016424674e+56 3.1736051337720957e+56 3.173625494753034e+56 3.1736446618704166e+56 3.173662805123573e+56 3.1736800480828725e+56 3.1736964841104242e+56 3.1737121896172304e+56 3.173727232442317e+56 3.173741671113559e+56 3.1737555560973194e+56 3.173768931849519e+56 3.1737818368783025e+56 3.1737943067989074e+56 3.173806376926085e+56 3.173818074773715e+56 3.1738294190303623e+56 3.173840432008193e+56 3.1738511399933417e+56 3.173861558232005e+56 3.1738717059075676e+56 3.173881598199717e+56 3.17389124715284e+56 3.1739006680201275e+56 3.1739098707342683e+56 3.1739187213770694e+56 3.1739276399280823e+56 3.173936219123929e+56 3.1739447789092573e+56 3.1739529208333973e+56 3.1739611455676536e+56 3.173968977275004e+56 3.173976887445559e+56 3.1739844238520743e+56 3.173992034605201e+56 3.173999292339895e+56 3.1740066311081224e+56 3.174013621712172e+56 3.1740206983176207e+56 3.174027450042544e+56 3.174034274955151e+56 3.174040793301217e+56 3.174047397625382e+56 3.1740536997995648e+56 3.1740600834281664e+56 3.1740661945084894e+56 3.1740723925731678e+56 3.1740783130660946e+56 3.174084318098085e+56 3.1740900700695237e+56 3.174095906119025e+56 3.1741014831851124e+56 3.174107142939084e+56 3.1741125742577366e+56 3.174118095514823e+56 3.174123375500162e+56 3.174128730467468e+56 3.174133866812894e+56 3.174139099316886e+56 3.1741441146584624e+56 3.1741492026447926e+56 3.17415407432019e+56 3.1741590366684316e+56 3.1741638105760593e+56 3.174168669683032e+56 3.1741733197720562e+56 3.1741780375622346e+56 3.174182564639127e+56 3.1741871939957256e+56 3.174191652210833e+56 3.1741961829317816e+56 3.174200515718281e+56 3.1742049121185464e+56 3.1742091354057788e+56 3.1742134614887996e+56 3.1742176375888655e+56 3.1742218901889644e+56 3.1742259590227782e+56 3.1742300850273187e+56 3.174234043092804e+56 3.174238090576019e+56 3.174240342981312e+56 3.174241569831779e+56 3.1742420816900124e+56 3.174242121867099e+56 3.174242121867099e+56 3.174242121867099e+56 3.174242121867099e+56 3.174242121867099e+56 3.174242121867099e+56 3.174242121867099e+56 3.174242121867099e+56 3.174242121867099e+56 3.174242121867099e+56 3.174242121867099e+56 3.174242121867099e+56 3.174242121867099e+56 3.174242121867099e+56 3.174242121867099e+56 3.174242121867099e+56 3.174242121867099e+56 3.174242121867099e+56 3.174242121867099e+56 3.174242121867099e+56 3.174242121867099e+56 3.174242121867099e+56 3.174242121867099e+56 3.174242121867099e+56 3.174242121867099e+56 3.174242121867099e+56 3.174242121867099e+56 3.174242121867099e+56 3.174242121867099e+56 3.174242121867099e+56 
# [Mg/Fe] for total ejected gas till this time:
0 0 0.9970207942878206 0.986686286834584 0.8419485823655755 0.7551774735739305 0.7053511687773936 0.4958973553208026 0.25946875783877177 0.08105288988147694 -0.04599401014372495 -0.13801279511860512 -0.20691932645792446 -0.26034562847189996 -0.3031301059690056 -0.3383441403176571 -0.3679886502530403 -0.39340688784105854 -0.41553340476528106 -0.43504190808388526 -0.4524334041080172 -0.4680792487151782 -0.4822646102473316 -0.49521489102429106 -0.5071156964390788 -0.5180986482054445 -0.5282699743792189 -0.5377312876887906 -0.5465678639596525 -0.5548492196744821 -0.5626342412525845 -0.5699744246482925 -0.5769079696756334 -0.583468905818579 -0.589688223226936 -0.5955911425863745 -0.6011960693107083 -0.6065233538368956 -0.6115954837091097 -0.6164286193645758 -0.6210447906654416 -0.6254587861642633 -0.6296829857150507 -0.6337315070115043 -0.6376087219036117 -0.6413335668443776 -0.6449177916070025 -0.6483628036612773 -0.6516832257815284 -0.6548857644915331 -0.6579754684002188 -0.6609652467737905 -0.6638639288261473 -0.6666820643796411 -0.6694259845823106 -0.6721005242587303 -0.6747048980902272 -0.6772453944933035 -0.6797298397787465 -0.6821589094119627 -0.6845351706825402 -0.6868593864294539 -0.6891294031861624 -0.6913477981596833 -0.6935110146350905 -0.6956379326945856 -0.6977272465541308 -0.6997746529117838 -0.7017804400381756 -0.7037453657634593 -0.705670166449716 -0.7075578468891879 -0.709409169998586 -0.7112266862978576 -0.7130116964538851 -0.7147645385365701 -0.7164840426295713 -0.7181738651421125 -0.7198355059449929 -0.7214695440012818 -0.7230768659450744 -0.7246568679075618 -0.7262117264118854 -0.7277427375735447 -0.7292494577758661 -0.730732526391366 -0.7321862371424349 -0.7336234118662532 -0.7350452964788072 -0.7364467257199702 -0.7378272902818771 -0.7391877640045638 -0.7405273544996596 -0.7418424548842808 -0.7431426880493678 -0.7444304141193681 -0.7457017160896898 -0.7469556721984234 -0.7481922273479027 -0.7494120607828927 -0.7506152413376542 -0.7518034337513144 -0.7529776924473136 -0.754136464586877 -0.7552793990219555 -0.7564078426387207 -0.7575218861329267 -0.7586209725676502 -0.759705944284966 -0.7618372116510482 -0.7717689932237625 -0.7886847921503547 -0.8026373878496925 -0.814475628613051 -0.8247337665323854 -0.8378365759364352 -0.8488993423883153 -0.8584337889457706 -0.8613403610818376 -0.866796980515613 -0.8742017065577122 -0.8808614813644186 -0.8849392460325175 -0.886882952954266 -0.8941067269407273 -0.9020812641812773 -0.9154215394717204 -0.9262353311897967 -0.9353260880067054 -0.9431132216624301 -0.949907953744735 -0.9559315181544334 -0.9613219194196749 -0.9661979434716021 -0.9706378848265336 
# [Mg/Fe] for instant ejected gas at this time:
0 0 0.9970207942878206 0.9864585650001083 0.7701339361551354 0.6258102727139238 0.5288465848541627 -0.20263105385101599 -0.7564232363929242 -1.1193999783752517 -1.3609802172025571 -1.5102446553556674 -1.5921954720452511 -1.6297307629489308 -1.6483158062891696 -1.6558152049651684 -1.6563292919904684 -1.652108603058051 -1.6457004512723412 -1.6399263089523348 -1.63725700404846 -1.6352947703661385 -1.6338482971229573 -1.6338062328623508 -1.6378742220802662 -1.6347939836050325 -1.630108172384792 -1.6277547262772998 -1.625658863461818 -1.6238702885795222 -1.6227780343379468 -1.6216613693667932 -1.619056312892042 -1.6142677808591006 -1.60789508645856 -1.5987170291243473 -1.5846157304437822 -1.5692899615806466 -1.5548559026802893 -1.539018540157507 -1.5272371217871004 -1.5155912742061874 -1.5035335456526373 -1.492859686106614 -1.4777572757117161 -1.4687891135353877 -1.4617034302886156 -1.4501254946412854 -1.4430928811912755 -1.4358122029852431 -1.4279123112655774 -1.4250414430534608 -1.4245597077133465 -1.4283725611900953 -1.4339130886391238 -1.4403970634608596 -1.4435134278116337 -1.4501464780239104 -1.4592269263355138 -1.466525557055582 -1.4747721719125308 -1.4814086281708272 -1.4847162168776382 -1.488272424115718 -1.4851609836795445 -1.4999274516752699 -1.5118434710017226 -1.5171783773550702 -1.5210427806978004 -1.5239932204769995 -1.525717864618656 -1.5293217839445081 -1.532832295818773 -1.537401866275067 -1.5418264588007693 -1.5456859137173713 -1.5461427314526095 -1.550320016943236 -1.5553800643938342 -1.5600489026557127 -1.5644927399080553 -1.5673453791385312 -1.5714637461358776 -1.5763156323139171 -1.5795629249325929 -1.5830175201974657 -1.574587781624725 -1.587563822517797 -1.6032185841847586 -1.6086442855365028 -1.6109292649847804 -1.6144902383205444 -1.614224486327065 -1.6040468159742 -1.614409333475404 -1.630039522886596 -1.6357362494700605 -1.637973650544123 -1.6397517865725102 -1.6419710028108474 -1.6433602683495088 -1.6482349071320161 -1.6515164854037576 -1.6530449629890989 -1.6535673650711638 -1.6552240621490593 -1.656043056012565 -1.6548084714320774 -1.6550442976256377 -1.6582014730838064 -1.6648468239243026 -1.6777288665875147 -1.68045624560713 -1.688431033283531 -1.6986716444617485 -1.6979077184075209 -1.6990789278686584 -1.6999577930833267 -1.7032980974451817 -1.7040863007027658 -1.6980585360415925 -1.7042600303184963 -1.7015074294344212 -1.7015337528297707 -1.702801034277802 -1.702524289589596 -1.7045016788718492 -1.6994520395977444 -1.7055533331694093 -1.7024352137631076 -1.7022909397181163 -1.7034305979611135 -1.7023038352742044 -1.703307378862149 -1.7016120724965995 
# total ejected metal mass till this time:
0 0.0 4.1134867270776e-05 0.0008123316503245884 0.001475571475895131 0.0020328434095837162 0.002576263818279444 0.0031102790871516423 0.003567737478163995 0.00391812710932205 0.00417948410414019 0.004380411274974823 0.0045428533397987225 0.004679729104036187 0.004797056318866908 0.004898875902316504 0.004990736795246954 0.005076727087376669 0.005157839985406443 0.0052344008673014305 0.005306717162733182 0.005375097144445966 0.005439833135523704 0.005501269802911303 0.005559699108045735 0.005615436753863184 0.005668669231135603 0.0057197265400299405 0.005768677438089021 0.005815832408010929 0.005861185171038295 0.005905061786241594 0.005947297187185328 0.0059884461258238805 0.006028120641038129 0.006067245772406976 0.006104684398859941 0.00614269943933813 0.006177795618176821 0.006216105852486845 0.006246793391944187 0.006290115410247278 0.006307270077577209 0.006375131045142775 0.006337209157743745 0.006494372548668687 0.006260151658635548 0.006560959377002982 0.006049251403080787 0.006625769873608086 0.0055538783369058166 0.006688826319210252 0.004420451735021182 0.006749995821397999 0.0017943938596274853 0.006809285246757218 -0.00444660891610095 0.006866727756656339 -0.019857309251675767 0.0069224216304795685 -0.05974336253818346 0.006976571372126091 -0.16642933944029087 0.007029126850204635 -0.46582125091535576 0.0070803209751611465 -1.3338121885275425 0.007129864421834675 -3.9653766273096593 0.0071778282317288096 -12.223779272769601 0.007224076672397772 -39.24285556403758 0.007268905724203119 -130.09985627460395 0.007312135084707602 -450.79928758632144 0.007354117701383331 -1601.9085445314367 0.007394683769343906 -5952.6833461637 0.0074340599439703 -22701.09630590268 0.007472322116871567 -89465.36949361407 0.007509326195658534 -367320.5085035165 0.007545401591878556 -1531501.9385248057 0.007580394998526535 -6649594.162005643 0.007614336256275524 -29942853.53364636 0.007647569050283953 -136370367.42182946 0.0076798842791168595 -643248728.7646801 0.007711227134979532 -3156353139.1646714 0.007741878385932598 -15708434228.038572 0.007771984605952426 -45964388574.14066 0.007801086202579573 -75149864784.7626 0.007829555302225847 -86123663580.51385 0.007857521649406216 -76168533377.24261 -7932521432.91025 -53285221041.96904 -13064366934.20231 -16907421672.477327 -12020594292.767414 -10658390553.170761 -9604520234.072487 -8440816876.163901 -7731243056.399114 -7111660329.338749 -7061839860.474815 -6849242127.97196 -6535627295.028154 -6281360789.053087 -6133026187.659826 -6182008392.182653 -5986476302.960413 -5912353366.342222 -5628122831.166934 -5463561205.520949 -5327649968.533819 -5205322028.491681 -5093478177.772416 -5007165981.939279 -4920987915.474222 -4843692162.227196 
# Stellar [Z/H]. [Z/H] = [Fe/H] + A[Mg/Fe] where A=0.94:
0.0 -5.02011865111616 -6.477821348340942 -5.056459539897328 -3.4658181694680543 -3.0617311494064934 -2.880129746973299 -2.8026172349765957 -2.762963736586633 -2.7432830871971134 -2.7353490080165166 -2.7322680065219274 -2.730750086992142 -2.7296875574784774 -2.728657505332003 -2.727514900353707 -2.7263160920429352 -2.725083588210176 -2.7238299545956695 -2.7225707980210934 -2.721327184383062 -2.7201242296683397 -2.718966119372432 -2.7178480248822945 -2.7167737548308875 -2.7157597027926506 -2.714768811644925 -2.7137963377013135 -2.712852791905607 -2.711935393018924 -2.7110473717439025 -2.710186853068189 -2.7093515540404027 -2.7085341231525737 -2.707727726303178 -2.7069339606248652 -2.7061419232529174 -2.7053311081835614 -2.7045072721650234 -2.703674662784299 -2.7028280435127283 -2.701987055803229 -2.7011481122654164 -2.7003060848748874 -2.699467650271473 -2.698619048398963 -2.6977577413400273 -2.6969465265110664 -2.6961034017310896 -2.6953010841021263 -2.6944792811379097 -2.693697848142303 -2.692904296184164 -2.6921719398911743 -2.691436391034822 -2.6907708512916733 -2.6901115772465842 -2.689497568440032 -2.68888270909843 -2.688333656317466 -2.6877786828347374 -2.6872653809957643 -2.686757678286198 -2.6862803442940977 -2.6857827935105854 -2.6853090682748992 -2.6848609075970566 -2.68445487054127 -2.6840304450988555 -2.6836390585661114 -2.6832412112510218 -2.68286103297379 -2.682462628432024 -2.6820947717864194 -2.6817323322035134 -2.681394425528768 -2.681038480078896 -2.680693435175024 -2.680351531870966 -2.680043854513671 -2.6797281652210367 -2.679421895499278 -2.6790979525744243 -2.678808690094282 -2.678524361828401 -2.678259666476137 -2.6779721084049886 -2.6776721400935513 -2.6773876990435483 -2.677155415471158 -2.6769251629999826 -2.6766978073326673 -2.6764475993605834 -2.6761960342154603 -2.6759276041382956 -2.675704598735549 -2.6754997778830916 -2.6753052633161323 -2.6750876965642627 -2.6748704712294815 -2.674639404215809 -2.675354833469047 -2.6756822917290255 -2.675940672894632 -2.676154766994393 -2.676334187823594 -2.6764869977704255 -2.6766217895327893 -2.6767444573498183 -2.677010948356869 -2.677972166939769 -2.679089678642161 -2.6797538525633486 -2.6801786864024697 -2.6805362707004443 -2.6808929633211727 -2.6811021854497232 -2.6812612808848173 -2.6812604111841827 -2.681383080956979 -2.6814458777851464 -2.681483629499798 -2.6815286114479053 -2.6815542183529337 -2.681519572778416 -2.681581525366341 -2.6815057434238865 -2.6814590243361054 -2.6814160059492718 -2.681329054938753 -2.6810492198414955 -2.681001025389871 -2.6807538327795095 -2.680665711331948 -2.6805121343374134 
# Stellar luminosity-weighted metallicity, [Z/X]:
-4.152288344383056 -5.0423094767788825 -6.458271068616389 -4.906669165827862 -3.10045289254308 -2.567287480181112 -2.1976623062562597 -1.844847161200841 -1.484759536302955 -1.1456323848232317 -0.8334289707649314 -0.5319567139994998 -0.22661090098179204 0.08347742851423856 0.3762082573995922 0.6084631506298286 0.7506631182989445 0.8205200160667852 0.8534344111440721 0.8682278483205139 0.874028405476102 0.8751551053000906 0.8739342375020037 0.8711979637297453 0.8677020134069463 0.8638173127604155 0.8606256380698225 0.8577051390882928 0.8555793261756339 0.853111861759193 0.8516318023637323 0.8496064728540533 0.8488042199551702 0.8463600415506474 0.8465500853676496 0.8450203657833777 0.8506286563488454 0.8490425524495157 0.8624891463009912 0.8525559015191838 0.8855060547063486 0.8388781617547008 0.9403813884153096 0.7299287024664753 1.099620482684523 -0.5322522351649768 1.4270256714869092 -0.3036209302313322 1.7303523339119464 -0.02999385306470037 2.0332421761099484 0.2607857462030865 2.3481777660821694 0.569156561298851 2.6803172963026154 0.8969849759671331 3.0310062897136456 1.2447631763103555 3.40196969832291 1.6131906284892341 3.7950399071833925 2.0039767661672965 4.2065149177176755 2.413825469102705 4.638887767700756 2.8441758289005703 5.088045270381638 3.291582041365027 5.555309820464089 3.756821460121455 6.0384182718806265 4.238601339003619 6.5392457004586975 4.737966821264194 7.054074189753887 5.252246787434119 7.588625484027529 5.785439166848063 8.133867459656212 6.330338483810792 8.699231874899274 6.894574518176966 9.275437105650706 7.4701081294779 9.866342753607613 8.060702168253645 10.475376709204507 8.668573537655089 11.090549657590271 9.283589651307487 11.724145095684877 9.916716644625817 12.373687886615018 10.565275196233433 13.027624346698884 11.219065681191148 13.697433518125022 11.888707382151614 14.384925368588721 12.575183892411657 15.077580934376503 14.755497250317985 14.464129671372076 14.301513838044535 14.19254600184334 14.111929968461753 14.048651681438741 13.996972120127282 13.953577121137066 13.883915440605886 13.69168022702588 13.539165593574616 13.469357902236691 13.427796977231834 13.398775069804117 13.367273083998573 13.344765250194243 13.328987272166911 13.32492398355086 13.3173086715042 13.308097752619311 13.300540987280026 13.296402458812425 13.294474898353132 13.287961456539533 13.28130289040525 13.272113123207568 13.265279839408294 13.26070881035311 13.258278834716988 13.255599293802145 13.25279988466369 13.253242945683066 13.251033640035677 13.251458070974197 
# Stellar luminosity-weighted [Mg/Fe]:
0 -1.3877787807814457e-17 -1.3877787807814457e-17 0.9739377173019057 0.9863650015858736 0.7969927307883068 0.6679280578080192 0.5774634728480427 0.009527405943429115 -0.5192870064396462 -0.9045466479478429 -1.1886253633166814 -1.390110472372352 -1.5199860235245755 -1.5924324931079494 -1.629901430057265 -1.6474071775711854 -1.653424700809156 -1.6524648720738289 -1.6477785067670077 -1.642356861206364 -1.6388415379182317 -1.636405611597056 -1.6346564171364457 -1.6340833504881165 -1.6366924505856784 -1.635386458871361 -1.63175138537693 -1.6290144170928704 -1.6267316070950568 -1.6247974867888573 -1.6234494248198392 -1.622262988425214 -1.6200978169178948 -1.6161236406855328 -1.6105020243603017 -1.6024324329957547 -1.5901907632224814 -1.57584646794959 -1.5615014766708102 -1.5461674984123022 -1.5333819428721014 -1.521434577454843 -1.5094406334534292 -1.4983987521069506 -1.4845330292961967 -1.4741506485215914 -1.4660747537479715 -1.4555706355009714 -1.447490335359105 -1.439989236980635 -1.4321969361199292 -1.4278484264175972 -1.426170851884295 -1.428266519574268 -1.4327028204010257 -1.4384796125312742 -1.442368479952133 -1.4480923719338803 -1.4560882850654528 -1.4635266094645363 -1.471476016300985 -1.478451942595959 -1.4828664739287105 -1.4866552999210383 -1.4856602218842798 -1.4955385185593912 -1.506774628868793 -1.5138634241146998 -1.5186979439833403 -1.5222079163224145 -1.5244850506567884 -1.5276751575130134 -1.5310839677299937 -1.535278920127088 -1.5396252089007132 -1.543609178617796 -1.545144251638544 -1.5485035050095453 -1.5530359272462633 -1.5576358364693488 -1.5621118017640447 -1.5654369197268923 -1.5693036396721125 -1.5738335824668033 -1.5774695570697548 -1.580961171293534 -1.5761812622546407 -1.5837283241711273 -1.5968048549734246 -1.6045278498976288 -1.6084662069990248 -1.6121242485800933 -1.6130673626465255 -1.6063123779458068 -1.6114964134612924 -1.6238244347991357 -1.6315341148992626 -1.635407719070202 -1.6378226043454396 -1.6400988862643722 -1.6148096836083017 -1.5973048843021442 -1.588588529441008 -1.5830053029881364 -1.578992337628698 -1.5759146509130282 -1.5734548686156746 -1.5714301666579387 -1.5682741174070884 -1.5604154559325951 -1.5556647504911982 -1.5542116887797444 -1.5536382790529129 -1.5533843944928616 -1.5532244591265607 -1.553197425642804 -1.5532290856330397 -1.5532503649501055 -1.5532803918964462 -1.5533274334074658 -1.5533851130045178 -1.5534157943492783 -1.5534486385054675 -1.5534935282829327 -1.5535392250252738 -1.5536771097591715 -1.5537061817585032 -1.5537769068311882 -1.5538939024986258 -1.5538592655600343 -1.5539641006775118 -1.553969913936566 -1.5541022821260053 -1.5540811163262442 
# Stellar luminosity-weighted [C/Fe]:
0 0.0 0.0 -0.04854492589715953 -0.05320497261093449 -0.07592470707659382 -0.08293163472753251 -0.09460893785355551 -0.5658065485076454 -0.9431524008048088 -1.1421876711237249 -1.2402676179645815 -1.2848455546173843 -1.3017351337895047 -1.3045140938670094 -1.2995968692338087 -1.2901839329860016 -1.2770737411446984 -1.2613217366671454 -1.2443779878035315 -1.2268556896278469 -1.208829854688723 -1.1909486564369125 -1.1737361628796494 -1.1573575154109297 -1.1373776610822102 -1.106339376210564 -1.0636321651767076 -1.0153792336324137 -0.9675309864772058 -0.9231297272289832 -0.8830964432226832 -0.8469802540551248 -0.8150130985679062 -0.7851786059443169 -0.7544695643748991 -0.722320644669739 -0.6892492847671777 -0.6564839504547372 -0.6253594196327472 -0.5975882568115616 -0.5727763487704862 -0.5493661278116551 -0.5271315009600509 -0.5067735574173249 -0.48748175622589934 -0.4698623725858772 -0.4533806499593598 -0.43690023626728863 -0.4227856489783772 -0.4087924793110892 -0.39661478874646794 -0.38564081829734853 -0.37662531542847744 -0.37003071928162967 -0.36319233324260314 -0.358239638546045 -0.3545913023862761 -0.3487863765301571 -0.34484995716722333 -0.34220862139429997 -0.33743536812260444 -0.3332032335720603 -0.33056340484589664 -0.3269132800018828 -0.3215476047674247 -0.3191779662525598 -0.319565514826491 -0.3190566065016156 -0.31860834014540784 -0.3208557354628202 -0.32428106772938825 -0.3259071781439271 -0.325787973822124 -0.3287192202529211 -0.33372036868463106 -0.33673359635872835 -0.33664829542813157 -0.3374012426432551 -0.34164024427448436 -0.3466274324448192 -0.349279052139172 -0.34899113517451574 -0.3497886054351125 -0.3543918427181396 -0.36019600658971385 -0.36366433728811753 -0.3642642266629318 -0.3627923735599058 -0.36542935050757275 -0.3718778838715916 -0.37753382349034526 -0.3801937460593743 -0.3802037003966382 -0.37858286644978634 -0.38025121057640887 -0.38632071406367285 -0.3927567570535325 -0.3964202320801089 -0.3975011556771706 -0.3969918786967923 -0.40029936166640534 -0.4040492883774104 -0.407002751820677 -0.409581669445792 -0.41191466745099037 -0.41406465241900337 -0.4160648244918663 -0.4179422148858606 -0.42138685945970944 -0.4345822435942724 -0.4508499605474286 -0.4610226340902713 -0.4682984094126664 -0.47385554456245804 -0.48000143248401445 -0.4844102531220912 -0.4877149105789964 -0.4886520363288192 -0.4902608347583089 -0.49227567199215166 -0.49396083554741693 -0.4949021855677252 -0.49538985280477693 -0.4968307998872045 -0.4982366497471689 -0.500529606907782 -0.5019164451852205 -0.5029929570028904 -0.5037105095935068 -0.5041716956251874 -0.5052269949610602 -0.5052445959803158 -0.506196176678132 -0.5062432850385528 
# Stellar luminosity-weighted [N/O]:
0 1.1102230246251565e-16 0.0 -1.7719415846372586 -1.8674095467981426 -1.6660142744598039 -1.2721126324141134 -0.8510641575049851 -0.4581212659689857 -0.10576202098766585 0.2025990730353705 0.4537104116969046 0.6348506909221202 0.747821654767501 0.8097022744027231 0.8442600574078772 0.8686489868865599 0.8948483428657442 0.9264862464542969 0.9602698795604283 0.9869811060659185 1.0028583606154737 1.0061843843874767 1.0016734348716412 0.9927065563448105 0.9787480569086746 0.9548145950337505 0.9181543535192518 0.8689064394597468 0.808020896496922 0.7349114159859916 0.6483489459334246 0.5438014555229671 0.41202785705271555 0.23988406215040925 0.027275953332722924 -0.20973008487104217 -0.44523411006295355 -0.6466938501277082 -0.7934661509690257 -0.888523810748368 -0.942857913879368 -0.9749344251362599 -0.9815946642588016 -1.0150978088467473 -1.0190875684478533 -1.0272669394938736 -1.0353953909439566 -1.044157059229273 -1.0504051466270101 -1.0566472739990396 -1.0637022639001759 -1.068136337476245 -1.067083986253277 -1.062281339324459 -1.0550299273272956 -1.0507658472627608 -1.0457799469116538 -1.0339926243747153 -1.0256958245023104 -1.0216703594842858 -1.0153742401091825 -1.0073196776001265 -1.0006724225438322 -0.9895832382913328 -0.982609074299468 -0.9906216291113474 -0.9881203441161455 -0.9742347048612667 -0.9682314010429451 -0.9662479701434534 -0.9682959348148263 -0.9342905921652591 -0.9429693369702696 -0.9736491282431063 -0.9804765151389991 -0.9833700223530701 -0.9835167411005807 -0.9720133274465492 -0.9672053255915565 -0.9769986245872144 -0.9713342144842119 -1.0187537404556635 -0.9944855641423265 -0.9530914171588574 -0.9405976137080103 -0.9326239348087546 -0.9349182253657649 -0.9648228785071726 -0.9656838428173875 -0.9549072035157702 -0.9539840760752889 -0.9408817348178578 -0.9429099713072269 -0.9541353521488378 -0.9605212607875171 -0.9635037686368275 -0.9669787937745788 -0.9589380844023498 -0.9632241204904104 -0.9660352761056246 -0.5092014621724765 -0.3235721379443408 -0.24241790670721586 -0.19131390723071773 -0.15416207891569167 -0.12501622297055837 -0.10108352175349933 -0.08079789266372661 -0.04773661200849544 0.048791864319774 0.1343422330736913 0.17794611829671647 0.2061206446493966 0.22615237815845013 0.24714883606908633 0.26139027080123856 0.2718452585582317 0.27483536962402844 0.2796606248646949 0.28563540838053647 0.29065748642692546 0.2936250718360234 0.2950421531813415 0.2992727957506033 0.30320010085554505 0.30966812074162686 0.3135265795374885 0.31653838504275 0.31863774736908335 0.3197642223984838 0.3226125085129292 0.3226399165556144 0.3251870232752997 0.3252877852717918 
# Stellar luminosity-weighted [C/O]:
0 0.0 0.0 -1.2383902422087039 -1.2552675244184222 -1.0590631745800985 -0.9087816037243448 -0.8088635771055086 -0.6974226411313472 -0.5373485125855456 -0.348585067341562 -0.16603626213773354 -0.017592196804177673 0.08475155002328849 0.14596719021570076 0.1821671309345828 0.2052338255571753 0.22331439761086527 0.24012300359432198 0.25652978577276386 0.2732009793333395 0.29055141271143303 0.30809225336784074 0.32526323246898453 0.34180562667813774 0.361964624089156 0.3932540390801671 0.4359184533893088 0.48390194447297114 0.5316274926416318 0.5756398915214204 0.6154299747701371 0.651474309150194 0.6832853502237506 0.7128191494102958 0.7430890768477088 0.7746047456121821 0.8070604854252146 0.8386978712863395 0.8684452556023015 0.8951826671528157 0.9189118537245671 0.9412057718505262 0.9624714476745304 0.9818914117854421 1.0003001342844267 1.0170099901565215 1.032548916112559 1.0482182586736815 1.0614615146609272 1.0745683428590955 1.0858378755193423 1.0962379774925002 1.1047003444699794 1.1106640336301141 1.1176722487847432 1.1227084989614902 1.1259443672228688 1.1313242814815987 1.1350818972411076 1.1375993766721486 1.1421560504859865 1.1462777025064235 1.1488440312505477 1.1524151722490652 1.1572854060843607 1.1602167038386244 1.1596824502239689 1.1597762739939146 1.160051509306573 1.1579027591500244 1.1543391176018896 1.15264353493997 1.1525279817974512 1.149826251998818 1.1449641577873613 1.1420638775791105 1.1419522607263286 1.141203074245397 1.1370326106503574 1.1322497344818823 1.1294983003515187 1.129681942709511 1.1289907054494324 1.124308204033681 1.1186516408130283 1.115643384609963 1.1146247056071517 1.1153152233402628 1.1125770385762208 1.1068707065087735 1.1014725041871514 1.098901405467171 1.0986192921308424 1.0999500530810453 1.098206774009161 1.0925165321703516 1.0863164638903253 1.0827988979449508 1.081316746158322 1.0816711400435057 1.0792537170837262 1.076182001992094 1.0736114555936025 1.071307173112444 1.069192260646255 1.067225147211664 1.0653833140762496 1.0636460450121645 1.060441615073087 1.0480349899710153 1.0325724015513975 1.0228413868377277 1.0158595641530255 1.0105183472112744 1.0046034859499429 1.0003546091843067 0.9971672583964435 0.9962640035118198 0.9947100050072502 0.9927652378658323 0.9911391424521528 0.9902267686460501 0.9897563471685255 0.9883625584970098 0.9870034274303016 0.9847861681078622 0.9834442717126346 0.9824017391852552 0.9817055939920475 0.9812617776256377 0.9802444239430481 0.9802269286811132 0.9793111960030925 0.9792660139653931 
# Stellar luminosity-weighted [O/Fe]:
0 0.0 -2.220446049250313e-16 1.189845316311544 1.202062551807488 0.9831384675035046 0.825849968996812 0.7142546392519531 0.13161609262370177 -0.40580388821926305 -0.7936026037821629 -1.0742313558268481 -1.2672533578132066 -1.3864866838127934 -1.4504812840827102 -1.4817640001683916 -1.495417758543177 -1.5003881387555635 -1.5014447402614672 -1.5009077735762955 -1.5000566689611863 -1.499381267400156 -1.4990409098047532 -1.4989993953486338 -1.4991631420890674 -1.499342285171366 -1.499593415290731 -1.4995506185660163 -1.4992811781053847 -1.4991584791188375 -1.4987696187504036 -1.4985264179928204 -1.4984545632053188 -1.4982984487916569 -1.4979977553546124 -1.4975586412226076 -1.496925390281921 -1.4963097701923922 -1.4951818217410766 -1.4938046752350487 -1.4927709239643774 -1.4916882024950535 -1.4905718996621813 -1.4896029486345812 -1.4886649692027674 -1.487781890510326 -1.4868723627423985 -1.4859295660719185 -1.4851184949409701 -1.4842471636393042 -1.4833608221701848 -1.4824526642658102 -1.4818787957898487 -1.4813256598984568 -1.4806947529117438 -1.4808645820273463 -1.4809481375075353 -1.4805356696091447 -1.4801106580117556 -1.479931854408331 -1.4798079980664485 -1.479591418608591 -1.4794809360784837 -1.4794074360964444 -1.4793284522509482 -1.4788330108517855 -1.4793946700911842 -1.47924796505046 -1.4788328804955302 -1.4786598494519807 -1.4787584946128445 -1.478620185331278 -1.478550713083897 -1.4783159556195753 -1.478545472251739 -1.4786845264719923 -1.478797473937839 -1.4786005561544602 -1.478604316888652 -1.478672854924842 -1.4788771669267013 -1.4787773524906906 -1.4786730778840267 -1.478779310884545 -1.4787000467518205 -1.478847647402742 -1.4793077218980804 -1.4788889322700836 -1.4781075969001685 -1.4780063890837936 -1.478748590380365 -1.4790063276774963 -1.4790951515265456 -1.4788229925274803 -1.4785329195308314 -1.4784579845855699 -1.4788372462340245 -1.479073220943858 -1.4792191300250597 -1.4788179018354923 -1.4786630187402983 -1.4795530787501316 -1.4802312903695043 -1.4806142074142792 -1.480888842558236 -1.481106928097245 -1.4812897996306673 -1.481448138568116 -1.4815882598980252 -1.4818284745327968 -1.4826172335652879 -1.4834223620988263 -1.483864020927999 -1.484157973565692 -1.4843738917737324 -1.4846049184339574 -1.484764862306398 -1.4848821689754401 -1.484916039840639 -1.484970839765559 -1.4850409098579838 -1.4850999779995697 -1.4851289542137753 -1.4851461999733027 -1.4851933583842143 -1.4852400771774703 -1.4853157750156443 -1.4853607168978553 -1.4853946961881457 -1.4854161035855542 -1.4854334732508252 -1.485471418904108 -1.485471524661429 -1.4855073726812242 -1.485509299003946 
# Stellar luminosity-weighted [Ca/Fe]:
0 0.0 0.0 0.6991933139598614 0.7099660664462487 0.5361972880102113 0.4238148969083112 0.3501869033329845 0.03652016417460846 -0.10056412907642764 -0.14171438376785228 -0.15631596192372776 -0.1622742416931826 -0.164882336059736 -0.1660681537688291 -0.16665139042721888 -0.16689781014809535 -0.1670009859196777 -0.16703648929955683 -0.16705994949479308 -0.16706297955216498 -0.1670536220935539 -0.16704363063838668 -0.16703852798084817 -0.1670397434273696 -0.16706395828385867 -0.16693795294037672 -0.16696145995746825 -0.16708585354382666 -0.16708633048732557 -0.167121147778295 -0.1670321419358083 -0.1670685057472432 -0.16713340833558443 -0.1671202249739654 -0.1670595610984167 -0.16692805027185154 -0.16665059458200138 -0.1657377997122247 -0.16640936935241646 -0.1675309710413655 -0.16783184221434788 -0.16763453677708107 -0.16736200083732178 -0.16719758300147558 -0.16714329035639608 -0.1670125861441356 -0.16704471766701512 -0.16716500242800159 -0.16716826421379127 -0.16711849240020782 -0.1671202360488171 -0.16709919873447387 -0.1670599642049111 -0.1670911822334713 -0.16711553921236044 -0.16708341376969393 -0.1670814367435709 -0.1670850403779116 -0.16708395725104186 -0.16710756901600599 -0.16708294011215297 -0.16697979682837838 -0.16670584362241647 -0.16670852785100987 -0.16698160029471 -0.16715816374699144 -0.16733184421531022 -0.16719734448285406 -0.1669870098465902 -0.16707272313239652 -0.16710942925168415 -0.1678077205777746 -0.1675561632007574 -0.1668503028533206 -0.16660196928107207 -0.16662212078338157 -0.16667051716493053 -0.16692381205964635 -0.1670092899691884 -0.1670252196673585 -0.16704642515187174 -0.16705484668620696 -0.1670377803315113 -0.1662908815752664 -0.16647698063611016 -0.16720650865455133 -0.16753733640237667 -0.16735345198779128 -0.16760807494128582 -0.16727378186571773 -0.16716297759513798 -0.1674662546613297 -0.1670953463933138 -0.1666588444469166 -0.16671416447432663 -0.16684705112414044 -0.16715770240086703 -0.16731122590594483 -0.16723996314618028 -0.16721068914863801 -0.16715705800861413 -0.16711806932727202 -0.1671000650051071 -0.1670896056806479 -0.16708270016565874 -0.1670777588653043 -0.16707400230456892 -0.16707102359276593 -0.16706655054612307 -0.16705562863783352 -0.16704766259237402 -0.1670438387747326 -0.16704136486190202 -0.16703966484329102 -0.16703778064161456 -0.16703641499614785 -0.1670354587601659 -0.16703520204378752 -0.16703471898487243 -0.16703411862035988 -0.16703365988412266 -0.16703337911300298 -0.16703322909278273 -0.16703283311742245 -0.16703239838411266 -0.16703176038104273 -0.16703135951639192 -0.16703104986008888 -0.16703082961232507 -0.16703071463641295 -0.16703050340553371 -0.16703048356639916 -0.16703033126705114 -0.16703030715810718 
# Stellar luminosity-weighted [Ne/Fe]:
0 -5.551115123125783e-17 -5.551115123125783e-17 1.0010998448038018 1.0141603790353118 0.8352130662569 0.7049679273301972 0.6067375834740241 0.02541561165647299 -0.5269434651665013 -0.9548838754032009 -1.310223522526715 -1.616311196729985 -1.8760438019578831 -2.08723430002556 -2.235822067560652 -2.3286323031448237 -2.377390828977232 -2.3958684673279222 -2.401710321738018 -2.4042903335099712 -2.4042395519219495 -2.4039061554747345 -2.403829172318036 -2.4031857911036925 -2.4025879010253144 -2.4021264989357682 -2.401670365543562 -2.4014498042768704 -2.4040552211680986 -2.400820119551053 -2.3962738732025675 -2.4108547915491 -2.405036755248487 -2.385903964701516 -2.3773102909302573 -2.374274819721548 -2.368758439214154 -2.364923670770777 -2.355983694943132 -2.343105284320733 -2.3310455141078963 -2.325916991244207 -2.3210747506467992 -2.3133274196048004 -2.309514601336549 -2.294971654765642 -2.286950305838494 -2.2800665518331247 -2.2761362321255794 -2.2678594824703504 -2.262929807397243 -2.255426640890067 -2.2525594851833644 -2.250527563073063 -2.2487831937298233 -2.2375049715639754 -2.23730529372473 -2.2364473109320775 -2.2377436964796193 -2.2329402182401408 -2.231848065650238 -2.2267081338759427 -2.2270133814446673 -2.2201951541630196 -2.2261196838044106 -2.221903434208653 -2.222350377229914 -2.219318763714878 -2.2223284242371775 -2.2192276993312197 -2.2253250963992475 -2.22888014933786 -2.233686202381091 -2.235765155482327 -2.241041476762925 -2.2401058628861996 -2.2440088282777952 -2.2460708558698332 -2.2503793118711126 -2.2504723963874538 -2.254430622101909 -2.2504154253475748 -2.261802755223946 -2.262069362141209 -2.2691334518455966 -2.268791590769775 -2.267488352725324 -2.2744630999791813 -2.2810315027633825 -2.2821578782361853 -2.2884535419158154 -2.2891388930699956 -2.290091947894762 -2.2886021952182087 -2.2948420679647556 -2.297322792659062 -2.3091286990307696 -2.308426976143534 -2.3051159830569805 -2.2992876540304232 -2.294608114803486 -2.29033453149682 -2.2880301607202043 -2.286591292992065 -2.285622437252798 -2.284942854156978 -2.2844549377056684 -2.284100957255874 -2.28365854840183 -2.283549000282858 -2.285167203463919 -2.2866276263752567 -2.287781148411436 -2.2887051385632486 -2.289745277103961 -2.290493664649481 -2.2910619601043436 -2.291236637629643 -2.291504897793148 -2.2918572568686812 -2.292165277521206 -2.2923097653655002 -2.2924046492140904 -2.2926441163295794 -2.2928830995783676 -2.2933027470392626 -2.293530476436719 -2.2937178549696418 -2.293851067979789 -2.2939260662084795 -2.2941459533842865 -2.2941456223171004 -2.2943636537895133 -2.2943646278210563 
# Stellar luminosity-weighted [Si/Fe]:
0 1.0408340855860843e-16 8.673617379884035e-18 1.016293146764098 1.0292854351437821 0.847215534174082 0.7277701385994726 0.6468401017647867 0.20487193079318985 -0.06274451305578511 -0.16522334955098464 -0.2058970337603448 -0.22334320291346563 -0.23113698480761322 -0.23461916184359646 -0.23619560709301204 -0.23684958023566108 -0.2371087118115565 -0.2372101850762233 -0.23724019244925465 -0.23724449211961202 -0.2372457397537281 -0.2372428575094022 -0.2372460314403128 -0.2372528402907223 -0.23726199086474697 -0.23739335877934817 -0.23734899655396577 -0.2372154459089788 -0.23715774607940412 -0.23679644917113757 -0.23697793158513095 -0.2373436988935876 -0.23745939600340746 -0.23743312871990818 -0.23740621492493127 -0.23728878582963034 -0.23723997174851041 -0.2372322888025956 -0.23723210938815037 -0.23723915967767692 -0.23722260838421114 -0.2372003793900609 -0.2371775780696818 -0.23705059517032492 -0.23713822854403943 -0.23723157279764606 -0.2371969811012786 -0.23717783440653892 -0.23715691273870781 -0.23715589993778677 -0.23711425235516065 -0.23710920142809497 -0.23712359371172537 -0.23714280166568139 -0.23724946721982756 -0.23722423783407146 -0.23712209572491863 -0.23712391588712708 -0.2371424377392715 -0.23717277991140526 -0.23711696414258857 -0.23720460291255874 -0.23724539403747713 -0.23724145326849638 -0.23710188087318057 -0.2371735042522367 -0.237273145256109 -0.23730727431554421 -0.23737482468269938 -0.23734915120582425 -0.23722355538242473 -0.2371953236724427 -0.23719966075382815 -0.23724040494870283 -0.23725016722898026 -0.2372632627004165 -0.237230084375287 -0.23723611361355545 -0.23724285461854686 -0.2372684848344725 -0.23726037287745125 -0.2372469570397396 -0.2372349428927105 -0.23727564920386554 -0.23728237405305597 -0.2372344350871133 -0.23723658707340745 -0.23726704175657626 -0.237443111317992 -0.23751000080542242 -0.23746671866231697 -0.23729573932011241 -0.23711790042718245 -0.23708158902255969 -0.23715451201085785 -0.23720214302056933 -0.2372372362202989 -0.23728890170655056 -0.23729821232059997 -0.23731294184475224 -0.2372747239487018 -0.23725126962921095 -0.23724088678043104 -0.23723458819019502 -0.23723011835226926 -0.23722664532948023 -0.23722379042778152 -0.23722134807600861 -0.23721727675213417 -0.23720441080821267 -0.2371912541062599 -0.23718366361050353 -0.23717843085021703 -0.23717454070197563 -0.23717031269609032 -0.23716727328315385 -0.2371650562230532 -0.23716448746398963 -0.23716334310530918 -0.2371619977326235 -0.2371609688272024 -0.2371602367537227 -0.23715997130215807 -0.23715895337891046 -0.23715799264229984 -0.23715654299246114 -0.2371555588894082 -0.23715483872211499 -0.2371544112868387 -0.2371541156962312 -0.23715367721126313 -0.2371536460250528 -0.23715338307186412 -0.23715333041848907 
# Stellar luminosity-weighted [S/Fe]:
0 5.551115123125783e-17 0.0 0.9361616740382626 0.9491220800618466 0.7771320123942906 0.6648511465152489 0.5880528738812992 0.16070672147769158 -0.08960690847303593 -0.18262919837260994 -0.21901784874203312 -0.23453383790714744 -0.2414810221235888 -0.24460174652115307 -0.24600668467645426 -0.24663044215773633 -0.2468593048378408 -0.24694007398257345 -0.2469694096152475 -0.24699037200774154 -0.2469838347917791 -0.24698577522635878 -0.24699867671925957 -0.2470036400952561 -0.24699002526955038 -0.24667947052946648 -0.2467801841032604 -0.24705478262474645 -0.24716172702489325 -0.24713930231278447 -0.24714720400119639 -0.24704127279411292 -0.2470032138075039 -0.24698759215808208 -0.24697964032917452 -0.24695421040886367 -0.24564346826798167 -0.24610404831226596 -0.24731163324782968 -0.24773519307321323 -0.24768810982951617 -0.24741822852656015 -0.24721338887619126 -0.24698986732419514 -0.24689056167808632 -0.24695715456372302 -0.2469955220504294 -0.24700208243210386 -0.24699852704325687 -0.2469513217236735 -0.2470272599032476 -0.24699494084580875 -0.24694073969404684 -0.2469352123431886 -0.24703757453595887 -0.24704100766161663 -0.24694038144960895 -0.2468977376568453 -0.24690130884473238 -0.2469337523502202 -0.24718754285778743 -0.2471736852924714 -0.24694052346070583 -0.24674909135313594 -0.24666909187697905 -0.2468254790109885 -0.24697660989193992 -0.24702138874724167 -0.24709176145578404 -0.24710146335187422 -0.24700827613942644 -0.24692771525431145 -0.24690477174890801 -0.24690770866510647 -0.2469171132549417 -0.2469343654715498 -0.2469362190648624 -0.24694730460156777 -0.24692662578062474 -0.2469460107038426 -0.24696572705307407 -0.24695961178927395 -0.24690324789623574 -0.24544162271399406 -0.24597951512443694 -0.2474045877953076 -0.2477603818055193 -0.24749181116554075 -0.24775300802351097 -0.2473889828141037 -0.24709367699036555 -0.246770814822318 -0.24676705180614933 -0.24687925838105107 -0.24693064870543335 -0.24688966784333077 -0.24690994540389788 -0.24696510021138973 -0.24697536446826418 -0.24699308631350847 -0.24697103069602333 -0.246959340507514 -0.24695470757345717 -0.2469519600372616 -0.24694995781786833 -0.24694834445910963 -0.24694695092924723 -0.24694570449279118 -0.2469435399335944 -0.24693600678073535 -0.24692766451825776 -0.24692261265600113 -0.24691896790801837 -0.24691632278350917 -0.24691337644316846 -0.24691119507404946 -0.24690956736364122 -0.24690915873179486 -0.2469083340708288 -0.24690734301441242 -0.24690659176821628 -0.24690605294021872 -0.2469058334695603 -0.24690510528047938 -0.24690437315632174 -0.2469032811328027 -0.24690258194632309 -0.246902029264508 -0.24690164085036093 -0.24690145904217997 -0.24690112663000696 -0.24690108464831695 -0.24690088206305583 -0.24690083442645183 
# Stellar luminosity-weighted [C/H]:
0 -5.020118651116162 -6.436080242953665 -5.877572688532723 -4.087818633121235 -3.3789796071072677 -2.927807316362701 -2.6198204536751586 -2.347557266126093 -2.043855608761353 -1.7049054264321084 -1.344099810543237 -0.9740431490921537 -0.6096167743495879 -0.27599163281674643 -0.009343850056314995 0.1650246039328005 0.25926504949119744 0.3065511038492219 0.3324068593929477 0.3499029028720444 0.36447371206277035 0.37787742516475387 0.3902544955692999 0.4016438234553732 0.4166759797776103 0.44359941072481357 0.48265095151485093 0.5274442929381862 0.5721232560246787 0.6136736357914976 0.6510599776749517 0.6847511579538814 0.714179705187064 0.7413474182459772 0.7703389975335568 0.8023106947132441 0.8356755418017259 0.8684762992627424 0.9005694975213436 0.9291594758116699 0.95489845616691 0.9792603695183417 1.0020976009656626 1.023359786266647 1.0432355175270343 1.0615634998561165 1.07878768704221 1.0956467902182307 1.1106787415637078 1.1244685219588306 1.1377131064511938 1.1494108755972055 1.158970216621198 1.1666655495548888 1.1730399224069528 1.1787041956761692 1.1840403093937866 1.1888708604305687 1.1936108972735533 1.1982824986097613 1.2026381163240507 1.206925628200616 1.2113393808723796 1.2153957708184158 1.219012725667533 1.2221650447396182 1.2232980999339298 1.2228800727185205 1.2209592730158092 1.218884015854754 1.2164134223451883 1.213093807193756 1.2091355783759345 1.2058812009772968 1.2027669966896442 1.1995085664767418 1.1958867406764053 1.192431391784957 1.1893013910352077 1.1859798456296429 1.1822586142650824 1.1783813952330924 1.1746562192250232 1.1713683039975877 1.1681707392264737 1.1645820924704067 1.1607897642808997 1.1568855051979838 1.153474133001839 1.1506027502142318 1.1474434669163678 1.1439858449341211 1.140312010886698 1.1365611206158346 1.1331559826730166 1.1303372351502712 1.1274655439878454 1.1245674231702885 1.1209591134789725 1.116705813268585 1.1134387388554146 1.1085457510745216 1.1044899685098337 1.1009423867477826 1.0977459460569494 1.0948129764836403 1.0920945953325734 1.0895471180413634 1.0848801655109872 1.0670343362317318 1.0449037409358453 1.0308611785748782 1.020761288510633 1.0130447077289348 1.0044728640494247 0.998311853800677 0.9936997604858626 0.9924488936145877 0.9901418614203403 0.9873498100280331 0.9850016985503527 0.9836643473775024 0.9829862117966988 0.9809723183740133 0.9788996941220112 0.9757452639285571 0.9737170196797398 0.972152527684512 0.9711454657974032 0.9706498903417171 0.9693672713107415 0.9693970794924183 0.968374483798569 0.9683180155944533 
# Stellar luminosity-weighted [N/H]:
0 -5.02011865111616 -6.4360802429536665 -6.411124030961279 -4.699960655500954 -3.9859307069869736 -3.2911383450524694 -2.6620210340746358 -2.108255890963731 -1.612269117163474 -1.153721286055176 -0.7243531367085989 -0.3216002613658562 0.05345333039462474 0.38774345137027577 0.6527490764169794 0.8284397652621855 0.930798994746076 0.9929143467091968 1.0361469531806118 1.0636830296046238 1.0767806599668108 1.0759695561843898 1.0666646979719565 1.0525447531220467 1.033459412597129 1.0051599666783968 0.9648868516447942 0.9124487879249616 0.8485166598799694 0.7729451602560693 0.6839789488382393 0.5770783043266547 0.442922212016029 0.26841233098609063 0.05452587401857123 -0.18202413576998033 -0.4166190536864427 -0.6169154221513047 -0.7613419090499836 -0.8545470020895145 -0.9068713114370253 -0.9368798274684442 -0.9419685109676692 -0.9736294343655425 -0.9761521852052466 -0.9827134297942788 -0.989156620014306 -0.9967285276847235 -1.001187919724229 -1.0067470948993051 -1.0118270329683243 -1.014963439371539 -1.0128141141020581 -1.0062798233996837 -0.9996622537050861 -0.9947701505480815 -0.9876840047407356 -0.9764460454257451 -0.9671668244698646 -0.9609872375466733 -0.9548921742711185 -0.9466717519059342 -0.9381770729220005 -0.9266026397219829 -0.9208817547162953 -0.9286732882103532 -0.9245046944061848 -0.9111309061366608 -0.9073236373337084 -0.9052667134387233 -0.9062216300715278 -0.8738403199114728 -0.886361740391787 -0.9175941792646274 -0.922673676236716 -0.9259253334554387 -0.9295822611505038 -0.9207850099069894 -0.9149365452067064 -0.9232685134394538 -0.9185739005706477 -0.9700542879320828 -0.9488200503667352 -0.9060313171949508 -0.8910785152945646 -0.8836852269483106 -0.8887531666920161 -0.9232525966494514 -0.9247867483917691 -0.9111751598103126 -0.9080131133460725 -0.8957972953509081 -0.9012172525513718 -0.9175242846140481 -0.9255720521236617 -0.9256830656569077 -0.925829713677059 -0.9171695591770117 -0.9235817531697599 -0.9310006028805455 -0.47501644040078794 -0.29120838886191347 -0.21153939379098485 -0.16167869359537868 -0.1256083935049972 -0.09742839369858203 -0.07437224049717628 -0.05489681963452764 -0.02329806157059533 0.06779121058049054 0.1466735724581385 0.18596591003386687 0.21102236900700344 0.22867873867611044 0.24701821416856884 0.2593475154176086 0.2683777606476503 0.2710202597267961 0.2750924812777851 0.28021998054273745 0.28452004252512486 0.28706265056747515 0.28827201780951484 0.29188255562760634 0.2950963675472549 0.3006272165623214 0.3037993275045938 0.3062891735420066 0.3080776191744383 0.3091523351145633 0.31173535588062284 0.3118100673669195 0.31425031107077617 0.31433978690085196 
# Stellar luminosity-weighted [O/H]:
0 -5.02011865111616 -6.4360802429536665 -4.6391824463240185 -2.8325511087028117 -2.3199164325271697 -2.0190257126383564 -1.8109568765696498 -1.6501346249947462 -1.5065070961758078 -1.3563203590905468 -1.178063548405503 -0.9564509522879758 -0.694368324372876 -0.4219588230324476 -0.19151098099089792 -0.04020922162437435 0.035950651880332085 0.06642810025490009 0.07587707362018348 0.07670192353870497 0.07392229935133754 0.06978517179691268 0.06499126310031533 0.0598381967772359 0.05471135568845442 0.05034537164464625 0.04673249812554214 0.043542348465214875 0.04049576338304739 0.03803374427007755 0.03563000290481444 0.03327684880368764 0.030894354963313386 0.02852826883568138 0.02724992068584786 0.027705949101061833 0.028615056376511294 0.029778427976403066 0.03212424191904262 0.03397680865885411 0.035986602442342974 0.03805459766781505 0.03962615329113239 0.04146837448120477 0.04293538324260737 0.04455350969959504 0.04623877092965101 0.047428531544549735 0.04921722690278063 0.0499001790997351 0.05187523093185131 0.05317289810470527 0.05426987215121848 0.05600151592477465 0.055367673622209956 0.05599569671467863 0.058095942170917514 0.05754657894896997 0.058529000032445655 0.060683121937612494 0.060482065838063814 0.06064792569419275 0.062495349621831675 0.06298059856935012 0.061727319583172235 0.061948340900994214 0.06361564970996092 0.06310379872460592 0.06090776370923612 0.060981256704729425 0.06207430474329856 0.06045027225378652 0.05660759657848358 0.056054948978478514 0.05780283890228288 0.05744468889763121 0.0539344799500765 0.05122831753956003 0.05226878038485028 0.05373011114776105 0.05276031391356373 0.04869945252358132 0.04566551377559103 0.04706009996390659 0.049519098413445484 0.048938707860444186 0.046165058673748316 0.041570281857720826 0.04089709442561862 0.043732043705458246 0.04597096272921686 0.045084439466950066 0.04169271875585556 0.036611067534789044 0.0349492086638552 0.03782070297992002 0.04114908009752005 0.04176852522533814 0.03964236732065052 0.035034673225078805 0.03418502177168792 0.03236374908242734 0.030878512916231227 0.02963521363533861 0.028553685410694474 0.02758782927197645 0.026711281256323716 0.025901073029198862 0.024438550437900552 0.018999346260716532 0.012331339384447748 0.008019791737150506 0.004901724357607495 0.0025263605176601978 -0.00013062190051815747 -0.0020427553836297463 -0.0034674979105808745 -0.003815109897232105 -0.004568143586909823 -0.005415427837799136 -0.006137443901800488 -0.00656242126854778 -0.00677013537182658 -0.007390240122997049 -0.008103733308290284 -0.009040904179305809 -0.009727252032894818 -0.010249211500743094 -0.01056012819464458 -0.010611887283920929 -0.010877152632306597 -0.010829849188694674 -0.010936712204523413 -0.01094799837093996 
# Stellar luminosity-weighted [Mg/H]:
0 -5.02011865111616 -6.436080242953665 -4.855090045333657 -3.048248658924426 -2.5060621692423677 -2.17694762382715 -1.9477480429735605 -1.7722233116750186 -1.619990214396191 -1.4672644032562268 -1.2924575558953366 -1.0793080668471218 -0.8278676640846587 -0.5639100320576871 -0.3396484108797706 -0.192198640652383 -0.11708591017325976 -0.08459203155746131 -0.07099365957052939 -0.06559826870647267 -0.0655379711667381 -0.06757952999539008 -0.0706657586874968 -0.07508201162181294 -0.08263880972585813 -0.08544767193598357 -0.08546826868537138 -0.08619089052227125 -0.08707736459317239 -0.08799412376837612 -0.0892930039222044 -0.09053157641620757 -0.09090501316292521 -0.08959761649523923 -0.08569346245184661 -0.07780109361277177 -0.06526593665357794 -0.050886218232109925 -0.03557255951671934 -0.019419765789070453 -0.005707137934704676 0.007191919875153552 0.019788468472285103 0.0317345915770213 0.046184244456736856 0.05727522392040196 0.06609358325359782 0.076976390984548 0.08597405518298018 0.09327176428928485 0.10213095907773262 0.10720326747695719 0.10942468016537976 0.10842974926225057 0.10352943524852964 0.09846422169094016 0.09626313182792945 0.08956486502684502 0.08237256937532411 0.07696451053952469 0.06859746814567025 0.06167691917671636 0.05903631178956559 0.0556537508992605 0.05490010855067773 0.04580449243278739 0.036088985891628234 0.028073255105436346 0.020869669177876915 0.0175318349951592 0.016209439417788296 0.011325827824670398 0.0038395844680643165 -0.0006784988968702166 -0.0031378435264377558 -0.007367015782325126 -0.012609215534007845 -0.018670870581333432 -0.022094291936570976 -0.025028558394886602 -0.0305741353597897 -0.0380643893192838 -0.04485881501197664 -0.0480734357510757 -0.04910281125356697 -0.05271474153501021 -0.05112727131080952 -0.06405044541323779 -0.07790137146401221 -0.08204721581180596 -0.08348891659231139 -0.08794465758659875 -0.09255165136318944 -0.09116839088018658 -0.09808922021186728 -0.10716648558519104 -0.1113118138578848 -0.11442006381980452 -0.11936233518929651 -0.1264011942989951 -0.10107158308648145 -0.08470984485021305 -0.07709580911049674 -0.07248124679456147 -0.06933172412075805 -0.06703702201038464 -0.06529544879123517 -0.06394083373071435 -0.06200709243639135 -0.05879887610659118 -0.05991104900792443 -0.06232787611459489 -0.06457858112961379 -0.06648414220146837 -0.06875016259312083 -0.07047531872003532 -0.07181441456818138 -0.07214943500669868 -0.07287769571779634 -0.07370195138728164 -0.07442257890674764 -0.0748492614040508 -0.07507257390399147 -0.07569041002171595 -0.07640288115609284 -0.07740223892283282 -0.07807271689354245 -0.07863142214378538 -0.07903792710771551 -0.0790376795931298 -0.07936983440570966 -0.07932823846383119 -0.07953162164930383 -0.07951981569323863 
# Stellar luminosity-weighted [Fe/H]:
0 -5.02011865111616 -6.436080242953665 -5.8290277626355635 -4.034613660510299 -3.3030549000306753 -2.844875681635169 -2.5252115158216037 -1.781750717618447 -1.1007032079565446 -0.5627177553083831 -0.10383219257865495 0.3108024055252301 0.6921183594399172 1.0285224610502626 1.2902530191774941 1.4552085369188021 1.5363387906358956 1.567872840516367 1.5767848471964792 1.5767585924998913 1.5733035667514934 1.5688260816016664 1.5639906584489491 1.5590013388663033 1.5540536408598205 1.5499387869353778 1.5462831166915585 1.5428235265705998 1.5396542425018844 1.5368033630204807 1.5341564208976348 1.5317314120090062 1.5291928037549702 1.5265260241902938 1.524808561908456 1.524631339382983 1.5249248265689035 1.5249602497174797 1.5259289171540908 1.5267477326232313 1.527674804937396 1.5286264973299963 1.529229101925714 1.5301333436839721 1.5307172737529333 1.5314258724419934 1.5321683370015697 1.5325470264855197 1.5334643905420853 1.5332610012699197 1.534327895197662 1.535051693894554 1.5355955320496757 1.5366962688365184 1.5362322556495558 1.5369438342222144 1.5386316117800627 1.537657236960726 1.5384608544407765 1.5404911200040612 1.5400734844466548 1.540128861772676 1.541902785718276 1.5423090508202981 1.5405603304349578 1.5413430109921782 1.5428636147604213 1.5419366792201359 1.5395676131612168 1.539739751317574 1.5406944900745763 1.5390009853376836 1.5349235521980584 1.534600421230218 1.5364873653742754 1.53624216283547 1.532535036104537 1.529832634428212 1.5309416353096923 1.5326072780744622 1.5315376664042546 1.5273725304076082 1.5244448246601356 1.5257601467157271 1.5283667458161876 1.5282464297585245 1.5250539909438316 1.5196778787578893 1.518903483509412 1.5224806340858228 1.5249772904067131 1.5241795909934952 1.5205157112833358 1.515143987065621 1.5134071932494253 1.5166579492139447 1.520222301041378 1.5209876552503978 1.5184602691561429 1.5136976919653775 1.5137381005218198 1.5125950394519316 1.5114927203305109 1.5105240561935744 1.5096606135079393 1.5088776289026438 1.5081594198244397 1.507489332927224 1.5062670249706969 1.5016165798260044 1.4957537014832738 1.4918838126651495 1.4890596979232997 1.4869002522913926 1.4844742965334392 1.4827221069227683 1.4814146710648588 1.4811009299434068 1.4804026961786492 1.4796254820201846 1.4789625340977697 1.4785665329452278 1.478376064601476 1.4778031182612175 1.47713634386918 1.4762748708363387 1.4756334648649605 1.4751454846874021 1.4748559753909096 1.4748215859669043 1.4745942662718017 1.4746416754727343 1.4745706604767008 1.474561300633006 
# Stellar luminosity-weighted [Ca/H]:
0 -5.02011865111616 -6.4360802429536665 -5.1298344486757035 -3.32464759406405 -2.7668576120204627 -2.4210607847268566 -2.1750246124886194 -1.7452305534438386 -1.2012673370329727 -0.7044321390762356 -0.2601481545023834 0.14852816383204726 0.5272360233801807 0.8624543072814337 1.1236016287502748 1.2883107267707068 1.369337804716217 1.4008363512168103 1.409724897701686 1.4096956129477265 1.4062499446579402 1.40178245096328 1.396952130468101 1.391961595438933 1.3869896825759618 1.383000833995001 1.3793216567340902 1.375737673026773 1.372567912014559 1.369682215242186 1.3671242789618265 1.3646629062617635 1.3620593954193856 1.3594057992163284 1.3577490008100392 1.3577032891111314 1.3582742319869014 1.3592224500052552 1.3595195478016748 1.359216761581866 1.3598429627230475 1.3609919605529157 1.361867101088392 1.3629357606824968 1.3635739833965372 1.3644132862978582 1.3651236193345548 1.365382024057518 1.3662961263282947 1.3661425088697117 1.3672076591488445 1.3679524951600799 1.3685355678447646 1.3696050866030474 1.3691167164371958 1.36986042045252 1.371550175036492 1.3705721965828142 1.3713768971897347 1.3733835509880548 1.3729905443345016 1.3731490649442977 1.3751969420958599 1.3756005229692887 1.3735787301402471 1.3741848472451874 1.3755317705451109 1.3747393347372823 1.3725806033146268 1.3726670281851776 1.373585060822892 1.371193264759909 1.3673673889973008 1.3677501183768968 1.3698853960932036 1.3696200420520883 1.3658645189396061 1.3629088223685661 1.363932345340504 1.365582058407104 1.3644912412523826 1.3603176837214006 1.3574070443286246 1.3594692651404605 1.3618897651800772 1.3610399211039725 1.3575166545414552 1.3523244267700987 1.3512954085681264 1.355206852220105 1.3578143128115752 1.3567133363321657 1.353420364890022 1.3484851426187037 1.3466930287750989 1.349810898089804 1.3530645986405103 1.3536764293444525 1.3512203060099628 1.3464870028167395 1.3465810425132059 1.3454769701246603 1.3443926553254038 1.3434344505129268 1.3425779133422813 1.341799870037339 1.3410854175198708 1.3404183093344582 1.3392004744245742 1.3345609511881706 1.3287060388908998 1.3248399738904162 1.322018333061397 1.319860587448102 1.317436515891825 1.3156856919266202 1.3143792123046936 1.31406572789962 1.313367977193777 1.3125913633998243 1.3119288742136472 1.3115331538322241 1.3113428355086931 1.3107702851437955 1.3101039454850678 1.309243110455296 1.3086021053485686 1.3081144348273135 1.307825145778584 1.307790871330491 1.307563762866268 1.307611191906335 1.3075403292096492 1.3075309934748987 
# Stellar luminosity-weighted [Ne/H]:
0 -5.02011865111616 -6.4360802429536665 -4.827927917831762 -3.020453281474987 -2.4678418337737744 -2.1399077543049714 -1.9184739323475792 -1.7563351059619743 -1.6276466731230457 -1.5176016307115843 -1.4140557151053699 -1.3055087912047547 -1.1839254425179657 -1.058711838975297 -0.9455690483831578 -0.873423766226022 -0.8410520383413367 -0.8279956268115551 -0.8249254745415389 -0.8275317410100795 -0.8309359851704556 -0.8350800738730673 -0.8398385138690863 -0.8441844522373891 -0.8485342601654935 -0.85218771200039 -0.8553872488520025 -0.8586262777062705 -0.8644009786662137 -0.8640167565305727 -0.8621174523049326 -0.8791233795400935 -0.8758439514935175 -0.859377940511223 -0.8525017290218013 -0.8496434803385648 -0.8438336126452501 -0.8399634210532971 -0.8300547777890417 -0.8163575516975019 -0.8033707091704994 -0.7972904939142103 -0.7918456487210852 -0.7831940759208278 -0.7787973275836153 -0.7635457823236491 -0.7547819688369239 -0.747519525347605 -0.7426718415834941 -0.7345984812004298 -0.728601912199581 -0.7203749469955127 -0.7169639531336891 -0.7138312942365435 -0.712550938080267 -0.7005611373417615 -0.6986736819446673 -0.6987900739713515 -0.6992828420388424 -0.6924490982360796 -0.6917745812035836 -0.6865792721032662 -0.6851105957263908 -0.677886103342721 -0.6855593533694533 -0.680560423216475 -0.6794867624694936 -0.6773820844947416 -0.6827608110759602 -0.6794879480136462 -0.6846306063246708 -0.6898791640001765 -0.6987626501830322 -0.7011647342521092 -0.7045541113886493 -0.7038637000507286 -0.7114737921732583 -0.7162382214416221 -0.7194376765614203 -0.7178651183129912 -0.7228929556976542 -0.723042894939967 -0.7373579305638103 -0.7363092154254813 -0.740766706029409 -0.7405451610112506 -0.7424343617814921 -0.754785221221292 -0.7621280192539697 -0.7596772441503621 -0.7634762515091023 -0.7649593020765009 -0.7695762366114263 -0.7734582081525883 -0.7814348747153295 -0.7806648434451171 -0.7889063979893916 -0.7874393208931361 -0.7866557139008377 -0.7855899620650462 -0.7808700142816658 -0.7777394920448879 -0.776537440389693 -0.7760672367984904 -0.7759618237448578 -0.7760652252543343 -0.7762955178812287 -0.7766116243286492 -0.7773915234311328 -0.7819324204568536 -0.7894135019806443 -0.7947438137101068 -0.798721450488137 -0.8018048862718565 -0.8052709805705227 -0.8077715577267126 -0.8096472890394848 -0.8101357076862357 -0.8111022016144993 -0.8122317748484971 -0.8132027434234361 -0.8137432324202729 -0.8140285846126147 -0.8148409980683615 -0.8157467557091875 -0.8170278762029239 -0.817897011571759 -0.8185723702822401 -0.8189950925888789 -0.8191044802415757 -0.8195516871124848 -0.8195039468443666 -0.819792993312813 -0.8198033271880503 
# Stellar luminosity-weighted [Si/H]:
0 -5.02011865111616 -6.4360802429536665 -4.812734615871465 -3.005328225366518 -2.4558393658565922 -2.117105543035696 -1.8783714140568168 -1.5768787868252572 -1.1634477210123304 -0.7279411048593678 -0.3097292263390008 0.08745920261176465 0.46098137463230415 0.7939032992066668 1.054057412084482 1.218358956683141 1.2992300788243392 1.3306626554401442 1.3395446547472245 1.3395141003802795 1.3360578269977652 1.331583224092264 1.3267446270086363 1.3217484985755807 1.316791649995074 1.3125454281560294 1.308934120137593 1.3056080806616208 1.3024964964224806 1.300006913849343 1.2971784893125036 1.2943877131154187 1.2917334077515625 1.289092895470386 1.2874023469835247 1.2873425535533527 1.2876848548203927 1.287727960914884 1.2886968077659406 1.2895085729455547 1.290452196553185 1.2914261179399356 1.2920515238560317 1.2930827485136471 1.2935790452088942 1.2941942996443476 1.2949713559002909 1.2953691920789807 1.2963074778033774 1.2961051013321332 1.2972136428425007 1.297942492466459 1.2984719383379502 1.2995534671708375 1.2989827884297287 1.299719596388143 1.3015095160551438 1.3005333210735985 1.301318416701505 1.3033183400926558 1.302956520304066 1.3029242588601178 1.304657391680799 1.305067597551802 1.3034584495617771 1.3041695067399415 1.305590469504312 1.304629404904592 1.3021927884785178 1.30239060011175 1.303470934692152 1.3018056616652407 1.2977238914442304 1.297360016281515 1.299237198145295 1.298978900135054 1.2953049517292494 1.2925965208146564 1.293698780691145 1.2953387932399898 1.2942772935268034 1.2901255733678685 1.2872098817674256 1.288484497511862 1.291084371763132 1.2910119946714111 1.2878174038704242 1.2824108370013132 1.28146037219142 1.2849706332804005 1.2875105717443964 1.2868838516733825 1.2833978108561532 1.278062398043061 1.2762526812385677 1.2794558061933747 1.2829850648210792 1.283698753543847 1.281162056835543 1.2763847501206245 1.2764633765731181 1.2753437698227206 1.2742518335500796 1.2732894680033797 1.2724304951556702 1.2716509835731635 1.270935629396658 1.2702679848512153 1.2690497482185625 1.2644121690177914 1.2585624473770136 1.2547001490546457 1.2518812670730823 1.2497257115894174 1.247303983837349 1.2455548336396145 1.2442496148418059 1.2439364424794173 1.2432393530733403 1.242463484287561 1.241801565270567 1.241406296191505 1.2412160932993177 1.240644164882307 1.2399783512268803 1.2391183278438778 1.2384779059755524 1.2379906459652874 1.237701564104071 1.2376674702706731 1.2374405890605384 1.2374880294476815 1.2374172774048366 1.2374079702145169 
# Stellar luminosity-weighted [S/H]:
0 -5.020118651116161 -6.436080242953666 -4.892866088597301 -3.085491580448452 -2.5259228876363844 -2.1800245351199203 -1.9371586419403037 -1.621043996140756 -1.1903101164295808 -0.7453469536809934 -0.32285004132068806 0.07626856761808298 0.45063733731632816 0.7839207145291098 1.0442463345010395 1.2085780947610658 1.2894794857980547 1.3209327665337938 1.3298154375812317 1.3297682204921495 1.326319731959714 1.3218403063753077 1.3169919817296898 1.3119976987710475 1.3070636155902702 1.3032593164059114 1.299502932588298 1.2957687439458532 1.2924925154769915 1.2896640607076968 1.2870092168964389 1.2846901392148933 1.2821895899474658 1.2795384320322118 1.2778289215792813 1.2776771289741191 1.2792813583009215 1.2788562014052136 1.2786172839062613 1.2790125395500183 1.2799866951078802 1.2812082688034363 1.2820157130495224 1.2831434763597769 1.283826712074847 1.28446871787827 1.2851728149511406 1.2855449440534152 1.2864658634988286 1.2863096795462465 1.2873006352944136 1.2880567530487452 1.2886547923556284 1.28976105649333 1.2891946811135973 1.2899028265605974 1.291691230330454 1.290759499303881 1.2915595455960438 1.293557367653841 1.2928859415888674 1.2929551764802047 1.2949622622575703 1.2955599594671625 1.2938912385579786 1.2945175319811897 1.2958870048684812 1.2949152904728942 1.2924758517054329 1.2926382879657003 1.2936862139351497 1.292073270083372 1.2880187804491507 1.2876927125651112 1.2895702521193333 1.2893077973639202 1.2855988170396748 1.282885329826644 1.284015009529067 1.2856612673706191 1.284571939351181 1.2804129186183344 1.2775415767638996 1.2803185240017334 1.282387230691751 1.280841841963217 1.277293609138313 1.2721860675923486 1.2711504754859009 1.275091651271719 1.2778836134163476 1.2774087761711774 1.273748659477187 1.2682647286845694 1.2664765445439925 1.2697682813706135 1.2733123556374801 1.274022555039008 1.271484904687879 1.266704605651869 1.2667670698257965 1.2656356989444175 1.2645380127570536 1.2635720961563135 1.2627106556900713 1.261929284443534 1.261212468895192 1.2605436284344327 1.2593234850371027 1.254680573045269 1.2488260369650166 1.2449612000091488 1.2421407300152811 1.2399839295078832 1.2375609200902709 1.2358109118487186 1.2345051037012178 1.2341917712116115 1.233494362107821 1.232718139005772 1.232055942329553 1.2316604800050088 1.2314702311319157 1.230898012980738 1.2302319707128584 1.2293715897035362 1.228730882918637 1.2282434554228945 1.227954334540549 1.2279201269247242 1.227693139641795 1.2277405908244177 1.2276697784136452 1.2276604662065544 
# X_list:
0.7503924241207289 0.750008753115967 0.7500015770613796 0.7499851276245578 0.7499421837204695 0.7498587791251761 0.7496967751241006 0.7493711696069733 0.7487335617363365 0.747489937502073 0.7449735127910081 0.7397319343787976 0.7290245428427987 0.7096613040168711 0.6832821398396868 0.6599972325530068 0.6473376354409148 0.6432978861068577 0.643369495119493 0.6452519745089715 0.648119380713781 0.6515284080537952 0.6552056790166163 0.658944162808482 0.6624784325498677 0.6654270137489157 0.6677248429530668 0.6694866780168696 0.6709350325564902 0.6721607419210175 0.6732078857369663 0.6741592209074191 0.6750722141071734 0.6757147906018983 0.67527618509235 0.6733853061912786 0.6703829039608208 0.6667897817891598 0.6628344338389465 0.6588314888944682 0.6549113968604776 0.651086997442733 0.6474469757846674 0.643866620554431 0.640458950518748 0.6371657491833457 0.6339482013017951 0.6308791716237362 0.6278582559137632 0.6250004827784388 0.6221838401688534 0.6195984524526388 0.6172832923811139 0.6151506836620986 0.6132920156318432 0.6114489971900592 0.6095960568412038 0.6079840677285195 0.6063266673660536 0.6046185503549526 0.6031077758337977 0.601582728968397 0.5999026404929312 0.5984656724699238 0.5972705756585306 0.5960677044636739 0.5954153559469728 0.5952560364973354 0.5955442796456336 0.5959574499014794 0.5964799573789519 0.597283387472184 0.5982711451626511 0.598964646442024 0.5994742295632176 0.6001739913539468 0.6011329409745934 0.6020014167716249 0.6025075386567114 0.6030251847254148 0.6038118927407898 0.6048675754295927 0.6057481443757421 0.6062652677225318 0.6066562225264193 0.6073500339978097 0.6083090676547396 0.6093962372703535 0.6100704102441467 0.6103944801441816 0.6107762844133942 0.6113795097029694 0.6122812156445907 0.613289330043762 0.6140471896686703 0.6143779424169249 0.6146220411095394 0.6148283738448822 0.6156936264935085 0.6168460064217869 0.6174858797686739 0.61773404151252 0.6180353782046308 0.6182834635100202 0.6184857778248448 0.6187157207589162 0.6189846222660949 0.6193089076721104 0.6196472324530421 0.6201218127561235 0.6222940682944738 0.6267517162832086 0.6311577163642758 0.6353345006537501 0.6389365703485328 0.6428625256879317 0.6458444791338768 0.648227970578447 0.6489902262475877 0.650231311523857 0.6519482489215557 0.653251378588756 0.65405880976508 0.6543126921711505 0.6556928849439521 0.6568917509592748 0.6589570110203682 0.66049159389255 0.6619419412005031 0.6630784866886327 0.6643656154191995 0.6653021892545493 0.666407366926598 0.6672669766929428 0.6680437081609534 
# stellar_X_list:
0.7529042722234999 0.7503924241207289 0.7500136720530886 0.7500059574214544 0.7499980103781192 0.7499868572804688 0.7499758744653153 0.7499666783514143 0.7499596291465177 0.7499548297552602 0.7499518349218549 0.7499499456390496 0.749948641800361 0.7499476603038993 0.7499468498172112 0.74994611752571 0.749945453592435 0.7499448431969391 0.7499442744437125 0.7499437396384762 0.7499432426382168 0.7499427885325006 0.7499423790496331 0.7499420106424218 0.749941678594867 0.7499413759381172 0.749941093837001 0.7499408251796319 0.7499405656169792 0.7499403140274538 0.74994007057918 0.7499398340985941 0.7499396046765023 0.7499393824173763 0.7499391634806363 0.7499389382213815 0.749938696886467 0.7499384343357921 0.7499381515856677 0.7499378517908786 0.7499375370681862 0.7499372114971474 0.7499368766554022 0.7499365334622153 0.7499361837563103 0.7499358289559157 0.7499354623005682 0.7499351048861176 0.7499347333534747 0.7499343719515114 0.7499339951466688 0.7499336317381394 0.7499332558074648 0.7499328950101712 0.7499325238888376 0.7499321672146005 0.749931801424145 0.749931453181464 0.7499310909731548 0.7499307463796552 0.7499303941812286 0.7499300521064959 0.7499297021087623 0.7499293677911826 0.7499290222993867 0.7499286886289636 0.7499283502549571 0.7499280328752144 0.7499277079427493 0.7499274010316214 0.7499270951516456 0.7499268106323674 0.7499265189500819 0.749926241222533 0.7499259641962323 0.749925707686354 0.7499254450341453 0.7499251922009477 0.7499249349524448 0.7499246978029956 0.7499244589164678 0.7499242309820595 0.7499239924747286 0.7499237684719545 0.7499235456137714 0.7499233399605238 0.7499231262483329 0.7499229193769567 0.7499227040163264 0.7499225062353495 0.7499223116634953 0.7499221285501729 0.7499219361723503 0.7499217490685686 0.7499215540032322 0.7499213745399548 0.7499211975290853 0.7499210330331353 0.749920859592037 0.7499206925443986 0.7499205173515159 0.7499209969943994 0.7499211969749491 0.7499213453845245 0.7499214682478246 0.7499215740112949 0.7499216671320666 0.749921750516548 0.7499218263565162 0.7499219688003671 0.7499224794401101 0.7499230525491835 0.7499233840224478 0.7499235909064155 0.7499237459414947 0.7499239088273622 0.749924006390028 0.749924075965079 0.7499240833308656 0.7499241253340562 0.7499241500290384 0.749924177374536 0.7499241853418724 0.7499241980040785 0.749924188708434 0.7499242159620766 0.7499241865586175 0.7499241649552294 0.7499241414062815 0.7499240958735494 0.7499239848658454 0.7499239546468018 0.7499238537217119 0.7499238039203201 0.7499237408782579 
# stellar_X_list_luminosity_weighted:
0.7529042722234999 0.7503924241207289 0.7500150513564227 0.7500032695003163 0.7499863114062337 0.7499438320660891 0.7498616115136463 0.7497021386377976 0.749381952427097 0.748755141041971 0.74753314334516 0.7450628524311698 0.7399226738248391 0.7294137637424855 0.7103693151642623 0.6843561339748788 0.6612146654130145 0.6484102566010209 0.6441282749540354 0.6439945993971171 0.6457211913136776 0.6484653884822976 0.6517750430829506 0.6553714225170275 0.6590446322874649 0.662530329818449 0.665451445797228 0.6677367778792915 0.6694939203566348 0.670938619162542 0.6721613682845081 0.6732063626651786 0.6741547223338497 0.6750635044112941 0.6757086467190787 0.675300497970413 0.6734667513076128 0.6705293334032835 0.6669952208633673 0.6630929936769479 0.6591324255665946 0.6552458437831682 0.6514493563248904 0.6478305441274713 0.6442706280585455 0.6408782562534099 0.6376033405025894 0.6343944799888441 0.6313383740243185 0.6283235630634272 0.6254751241603059 0.6226623172426899 0.6200813079845741 0.6177599038334186 0.6156257775473084 0.6137565824517897 0.6119124244521355 0.6100568919245032 0.6084394504283014 0.6067790010161185 0.6050736813060418 0.603555952653927 0.6020309012972391 0.6003535354348788 0.5989129330541445 0.5977072020792565 0.5965009249216379 0.5958270632051553 0.5956401807705629 0.5958974298714167 0.5962841081771795 0.5967844830078599 0.597558516165765 0.5985206278422831 0.5992002680109071 0.5997028016955617 0.6003846626551238 0.6013229543098411 0.6021756415019979 0.6026810869323581 0.6031907150408056 0.603962265073638 0.6049952793273465 0.6058673612283143 0.6063842278859937 0.6067758822535175 0.6074557466522734 0.6083982833747109 0.6094666420390882 0.6101420479865329 0.6104717461897852 0.6108526034849088 0.6114454465812332 0.6123318573238727 0.6133236377354387 0.6140793083139674 0.6144172607762421 0.6146659458882644 0.6148743206448992 0.6157193299465181 0.6168488740462454 0.6176831631680981 0.6188171630725268 0.619700191215064 0.6204446279483948 0.6210985661844782 0.6216871006273864 0.6222241378064702 0.6227210927231163 0.6236173037903291 0.6269062186415203 0.6307467477928808 0.633071997200876 0.634693156139559 0.635904921337891 0.6372294224413503 0.6381643920158753 0.6388527772110564 0.6390344054043521 0.6393796887873253 0.6397911061642181 0.640136096290264 0.6403247507612436 0.6404236949239517 0.6407130553842731 0.6410213419160019 0.6414696673218935 0.6417665809745333 0.641990451682299 0.6421253577441848 0.6421917058796525 0.6423575587361035 0.6423497896300577 0.6424692480233012 0.6424784105826417 
# Y_list:
0.03337454286680522 0.0007444273392739807 0.0001548316669827733 7.716462126058271e-05 9.790114160490362e-05 0.00019487136876010665 0.00039432958262362953 0.0007802327263204771 0.0015850236922515418 0.0034305014202627546 0.007854451755579816 0.018350903659035037 0.04178869878040938 0.08691828103995214 0.15211239104041324 0.2142158929836185 0.25267694681158454 0.26964978423389246 0.2751989593066421 0.2757342604018493 0.27401354776861303 0.2712398562639291 0.2680383460642462 0.2647495348197663 0.26166379586368305 0.2590574603352061 0.2570075149748406 0.2554199587198365 0.2541724364017098 0.2531156273115096 0.25216407663974694 0.2512912559430777 0.25049808868179596 0.24995680467725434 0.25022041873234346 0.25153686889571336 0.25373252557154474 0.25645616438659824 0.2593789336979451 0.2623799310819424 0.2653250371244874 0.26817092943657334 0.270951719188306 0.27364041456314775 0.27620676703740665 0.2786590923814358 0.2810589172960709 0.2834154584010331 0.28566931749661634 0.28789729157136645 0.2899722364176951 0.2919465910551774 0.2937712952121943 0.29544339642742784 0.29710025421902575 0.29861338224055145 0.3000352218963329 0.30152721503862967 0.3029026203588766 0.30419826048991644 0.30557942451854675 0.3068908844970025 0.3081824606530268 0.30939821613786994 0.31063275860571027 0.3116240257909798 0.31208242403491027 0.3124026188045972 0.31254541271086006 0.31227312455097794 0.3118318303306341 0.31145755996020935 0.31117667779618735 0.3107065341123999 0.3101546594586112 0.30973591065871325 0.30945403151920864 0.309146258446873 0.3086885344429333 0.30815698591863727 0.3077246808507072 0.3073861015727195 0.30706034413786565 0.3065489037981707 0.306040802562333 0.30559225530780354 0.3052708402852687 0.30505796839677374 0.3046603446040532 0.30416179618603495 0.3036379083143152 0.303259496203048 0.30296523661116953 0.30273029981077615 0.3024278100353122 0.3019233874838065 0.3014215299408666 0.3013271200267445 0.30093815687226444 0.3005396107357158 0.30071427719281235 0.30040658358832123 0.30000994587690455 0.299713010640893 0.2994493737279185 0.29925471855031405 0.2991109489166109 0.29898994601928947 0.2988804714455824 0.2985835555300401 0.29714638833502477 0.2941939388807322 0.29095885830815793 0.287925670211104 0.2852167197375915 0.2822161128573378 0.2799734309655989 0.2781757362637736 0.27764706174724824 0.2766710279422398 0.2753513924796598 0.27416503403678233 0.2734174166665209 0.2731059112221146 0.27174387026108054 0.27024122297975106 0.2675570903551329 0.2653235922971396 0.2634031214301587 0.2620873351464827 0.2608335272033618 0.2598281954129577 0.25883983013655437 0.25814736162799146 0.25746793758641284 
# stellar_Y_list:
0.247 0.03337454286680522 0.0011627687947243024 0.0005210666105134018 0.00040556277222241155 0.00039229056992185754 0.00040771145498716454 0.00042745062211718335 0.00044383709106773103 0.0004561279497398672 0.0004654996717064025 0.00047296647386036464 0.00047909128007283185 0.0004841536069813216 0.0004883979391666985 0.000492083316523125 0.0004953242282234064 0.0004982169343310343 0.0005008365766208536 0.0005032306440662396 0.0005054340683403127 0.0005074623342597809 0.0005093282979428888 0.0005110545683191121 0.0005126689220847304 0.0005141846929253558 0.0005156098163641316 0.0005169612575570024 0.0005182528457625121 0.0005194914343429615 0.0005206789696149928 0.0005218178426048814 0.0005229096571124293 0.0005239674423831984 0.0005250020402452946 0.0005260055509828267 0.0005269821141713478 0.0005279613928454921 0.0005289314984775758 0.0005298908630883766 0.0005308441691084643 0.0005317818460128106 0.0005327119809804677 0.0005336298800635055 0.0005345376872569145 0.0005354349474660947 0.0005363353578270536 0.0005371977237466734 0.0005380657910019841 0.0005389052151147959 0.000539763297169485 0.0005405719898570406 0.0005414052642962114 0.0005421821473177602 0.0005429861230502079 0.0005437628896528134 0.0005445290349491814 0.0005452670613041631 0.0005460400355754325 0.0005467484926984108 0.0005474734798709583 0.0005481877128469211 0.0005489030385352398 0.000549565083007696 0.0005502686324819254 0.0005509539076777801 0.0005516248354198079 0.0005522491629851349 0.0005529155553660202 0.0005535544358533709 0.0005541745827770045 0.000554744980594178 0.0005553622205693637 0.0005559669575570141 0.0005565534500526556 0.0005570812128762139 0.000557635869847246 0.0005581972907992922 0.0005587689609335278 0.0005592808584215686 0.0005597847026342289 0.0005602791461408164 0.0005608235176819703 0.0005613410376514928 0.00056183849980254 0.0005622864955350282 0.0005627467542766519 0.0005632238392215275 0.0005637420024743058 0.0005642094396975852 0.0005646530641869623 0.0005650610851768881 0.0005654861275712774 0.0005659242338653597 0.000566404796763461 0.0005668471457115166 0.0005672669406780484 0.0005676459419342439 0.0005680388516164302 0.0005684197950048703 0.000568850132078838 0.0005678156150355065 0.0005674011052342301 0.0005670884185906339 0.0005668224884045768 0.0005665895091115405 0.000566381414773878 0.0005661999651394711 0.0005660600372136401 0.0005658059642361642 0.0005647883023010488 0.0005636980838053597 0.0005630429769916778 0.0005627162808359082 0.0005624691018680805 0.0005621778398744084 0.0005620220818050277 0.0005619296471627785 0.0005619072106402181 0.0005618812815622891 0.0005618802895539324 0.0005618151923856593 0.0005618533013073151 0.0005618280162982916 0.0005618826004687757 0.0005618305615516624 0.0005619391054036336 0.0005620290728450781 0.0005621270306726493 0.0005622714371966203 0.0005625086962271816 0.0005626318696611793 0.0005628484559446304 0.0005630157396952422 0.0005631587588594468 
# stellar_Y_list_luminosity_weighted:
0.247 0.03337454286680522 0.001280074576449915 0.00029834672855756297 0.00014818201362930603 0.00014166852836352832 0.00022383055744076892 0.00041248840007068196 0.0007872255535897228 0.0015746106844569143 0.0033828586373815623 0.0077167959796477165 0.017995123057048947 0.04097449789975205 0.08532497772993855 0.14955437183998496 0.21115930507666067 0.24983697442064154 0.26732937763985776 0.2733579628258462 0.27425719632644724 0.2728087302296416 0.2702431334376102 0.2672030701590048 0.2640409963936902 0.26105269534760983 0.2585169744487999 0.2565173788635665 0.2549677583956101 0.25375079268741096 0.252721400453423 0.2517952866790659 0.25094569637144676 0.2501732536625287 0.24964512931335023 0.24990055220392476 0.25118877910934273 0.25334740714358783 0.256035533963826 0.2589298810953217 0.26190778566842426 0.2648361160580777 0.26766988921285495 0.27044049784859375 0.2731215511838797 0.2756830387033797 0.2781291188361415 0.2805283073564444 0.2828791155173885 0.2851346470445967 0.2873582341120818 0.2894374189277775 0.2914119829482844 0.2932433502961038 0.2949200866949606 0.2965819998526374 0.298100097645828 0.299529686522217 0.30102191688590607 0.3024039612968043 0.3037040889472182 0.30508725156863753 0.30640102538755226 0.3076965327882587 0.30891558551727 0.31015329769367234 0.311153281938148 0.31163470176069896 0.31197279963891583 0.3121338517808415 0.31188948616892925 0.31147136356866995 0.3111148051708399 0.31084503995048474 0.3103942444174599 0.3098584758124309 0.30945117949452433 0.3091749145913351 0.30887700610741664 0.30843185265713396 0.3079147786775935 0.30748950041379786 0.3071574393997826 0.30683723430863 0.30633946342226814 0.30584002535185173 0.3053994074906723 0.30508028000074594 0.3048694028382359 0.3044804055530372 0.3039931252019568 0.30347729357854747 0.3031029335085933 0.3028100164736628 0.30257728056405664 0.3022792270099836 0.30178665691522255 0.3012915850596864 0.3011911674147512 0.300810581275924 0.30041883105204376 0.29656567383165194 0.29320795287328694 0.29112312173417004 0.28954662231915196 0.2882503247599977 0.28713565168277305 0.2861518649926381 0.2852646330049763 0.28370850408285525 0.2783040708817647 0.2722695305242178 0.2686392723225587 0.26610355495924254 0.26420603381366053 0.2621217025974919 0.2606424314486898 0.2595502986820395 0.2592723139177045 0.25871355737871016 0.25806518960876307 0.25752058371692027 0.25720737051566384 0.25705228859989704 0.25658659540862006 0.2560782738689487 0.25537221161453527 0.2548814338144187 0.2545117516057779 0.25429093232735167 0.2542103271086965 0.253976026212974 0.25399709765815215 0.25385580458709395 0.2538427416586371 
# Z_list:
1.3511960674819927e-07 3.013875867505995e-09 1.877915269500509e-07 1.2079098458049306e-05 4.108835967678445e-05 9.605392308330148e-05 0.0002164045411154991 0.0004959349126099947 0.0010819645126149359 0.002216404457328676 0.004423578197903847 0.008879431590710437 0.0178753406689354 0.034125575204413186 0.05603880897458629 0.07491930940864819 0.08603953322869673 0.09199854699035524 0.09501501460912805 0.09643873911478745 0.09701665426986328 0.0971752715687913 0.09704753960687074 0.096768870414893 0.09638096630641943 0.0960727995293867 0.09573475858338892 0.09550222100635249 0.09514794572499868 0.09498745786861419 0.09467787486512501 0.09463176915199337 0.0942101130176423 0.09434509411385313 0.09393870289687258 0.09493003574709276 0.09413086867523184 0.0966558597116303 0.09379747071937455 0.10082195140156132 0.089618374878416 0.11344975804427179 0.06807329646717233 0.16336981807708365 4.111712139342883e-10 0.3478672788013821 4.2908423052515014e-10 0.6936395824522633 4.468233075985888e-10 1.381124900967456 4.640408021544036e-10 2.828551372126743 4.820642808650384e-10 6.035219045009982 4.998364828108381e-10 13.454181383576037 5.198545142881987e-10 31.43714415508942 5.370180254749127e-10 77.3027510808092 5.559200384819131e-10 198.4081129081967 5.753866914457768e-10 534.2631048054906 5.910332085173e-10 1497.0237387336292 6.12329179529449e-10 4384.642775360476 6.27380008715574e-10 13352.848435568667 6.499685313104652e-10 42402.32052216629 6.627347149916392e-10 139143.54771917433 6.863365254257993e-10 477452.1969460166 7.013668623068453e-10 1680781.4298383368 7.200729482457349e-10 6189578.582078235 7.422916960404833e-10 23399514.43349935 7.518570812617011e-10 91443551.3426161 7.796186155648854e-10 372392715.7837602 7.951155905303551e-10 1540436614.788576 8.05308585047255e-10 6637413733.130262 8.377761053635248e-10 29667128144.12013 8.504253658410952e-10 134144801000.26129 8.575818937098634e-10 628340289517.3145 8.920992673798992e-10 3062310710671.3423 9.092465294688745e-10 15140008827680.574 9.095535191927251e-10 44017037330486.11 3.7868621326101417e-10 71516499584967.69 2.424793967553275e-10 81460930066048.03 1.7867549212221858e-10 71617455106750.1 7415404163146.633 48483816240606.0 11353049800281.87 14144315416539.33 9736532326185.086 8395037025713.62 7298501428484.029 6222353655004.951 5551625998931.703 5065993810768.13 4955370553017.867 4708604816146.328 4410883109421.189 4191526287057.0166 4070479959735.5474 4021295374889.9434 3808355046615.238 3623258507033.9185 3345461956884.826 3165331197740.7295 3019123807913.2915 2893285289373.7046 2782870422710.43 2693825837792.511 2610700968611.097 2537083680190.082 2473949009547.656 
# stellar_Z_list:
9.572777650013187e-05 1.3511960674819927e-07 4.707565970543735e-09 1.3231188884523667e-07 5.1751582731679105e-06 1.264867964731805e-05 1.994057947933071e-05 2.6785556533878446e-05 3.302626788716213e-05 3.779834821912843e-05 4.0840503632954184e-05 4.264962406024185e-05 4.3802694834509664e-05 4.46376468803e-05 4.532676969983406e-05 4.594123583162656e-05 4.648583919251779e-05 4.70137359848807e-05 4.7560541615266544e-05 4.811299047615636e-05 4.865531145141568e-05 4.917959364773533e-05 4.968246552697174e-05 5.016358251791429e-05 5.062436474262346e-05 5.1065977489890225e-05 5.14906653217574e-05 5.189877273037369e-05 5.229371619536911e-05 5.267442320197804e-05 5.304427025982696e-05 5.340131351848224e-05 5.375023824113483e-05 5.408582298342363e-05 5.4418227115550535e-05 5.473703784555014e-05 5.50601570031888e-05 5.536308645099025e-05 5.5691111417897396e-05 5.596953073261391e-05 5.6327145013003184e-05 5.653244723542546e-05 5.701609476210893e-05 5.69493419990281e-05 5.79782236838457e-05 5.707401986427638e-05 6.002885920685467e-05 5.845916078401309e-05 6.431263278083697e-05 6.141514947292726e-05 7.282164147636314e-05 6.732319349390721e-05 9.004458584517429e-05 7.924013448573373e-05 0.00012635269012787123 0.00010415554986087779 0.0002065166989634723 0.00015863348004536743 0.00039153469366952733 0.00028321436614327873 0.00083896433823422 0.0005818259159021647 0.001977214868229872 0.0013347148436117626 0.004988365738363041 0.003312633852044283 0.013342808665358351 0.008760221548846413 0.03738482872578932 0.024347563342511373 0.10968110292874525 0.07093686328262529 0.33523273243376045 0.21555705009933046 1.0686022107355881 0.683346986978545 3.5262215125624388 2.2450087322371166 12.149368326594447 7.6967177076343765 43.061572324235435 27.18733588802045 159.28481240132282 100.12555739564128 606.1988980840175 379.8647002699193 2383.4748531775463 1488.8704960942164 9753.870381540664 6070.345989216667 40667.69289449446 25260.091680172118 176136.33082977717 109063.28858916547 791361.264755548 488494.3883778363 3607197.82336311 2223495.4532518713 16992335.582445756 10448668.845597632 83210240.03413382 51020470.03317973 44885443.77245879 41991400.29082717 40147130.41994994 38817377.3321007 37790486.37433807 36961969.78770671 36272463.81870256 35173484.91081402 32186490.113971483 29841989.836120788 28767346.62166596 28142136.501162868 27724894.204773735 27311471.362487856 27040214.68682322 26853230.752938803 26810387.397253994 26719296.81679132 26622974.832153473 26540069.367346056 26500298.965802602 26477154.02788947 26424989.891063865 26357432.51580686 26302387.760575887 26267421.94828952 26256662.299062442 26281181.524100017 26332008.242953062 26341088.183505476 26421097.43642981 26446611.74256172 26505051.084554594 
# stellar_Z_list_luminosity_weighted:
9.572777650013187e-05 1.3511960674819927e-07 5.1824881637648386e-09 1.8455822274132873e-07 1.181244645346882e-05 4.031629979588563e-05 9.441874491620877e-05 0.00021270661538934528 0.00048717287773157494 0.0010627884868625228 0.0021774133962113103 0.004344858180610741 0.00871595227215361 0.017546511731680082 0.03352986922168088 0.05514228054345072 0.07391711438220949 0.08513522743575885 0.0912317873367659 0.09437337403827649 0.09589872946975199 0.09655645546262513 0.09677682570594444 0.09669964335663589 0.09646199711669133 0.09610865197539102 0.09582557184457055 0.09551021986182194 0.09529395947388174 0.09495854704273468 0.09480795068188796 0.09451355380599644 0.0944720217426556 0.09406846985433445 0.09419958084862903 0.09381166506350942 0.09477291191817447 0.09401556114696329 0.09646089274633725 0.09372808615719809 0.10051205219893403 0.08974739367484091 0.1127201235940768 0.06904457035296298 0.16085265134692495 0.0037347601005653743 0.338310645496122 0.006258609770389896 0.6735253246620897 0.011639354674437458 1.3402679324243127 0.02253085840824188 2.743884425617129 0.04546902969955801 5.85293230692382 0.09609937152066134 13.04472624897904 0.21275164300595434 30.47379013008667 0.4942658211068442 74.91824215171091 1.2090206323469277 192.2529930593809 3.0900958457202137 517.5959478866422 8.287121884659335 1450.0928139367857 23.144173453195613 4246.520410238637 67.56664908918681 12930.368900566327 205.1909820824053 41054.95204674871 649.8084472043836 134705.58344246063 2127.7582044215737 462162.2638515812 7282.59834182111 1626784.5988730094 25595.60829204748 5989987.709063651 94042.40606078383 22642714.997892693 354997.33700719674 88476932.84579912 1385064.14606361 360272209.23683286 5629903.180890015 1490180947.579359 23268051.444950063 6420222407.209874 100090413.26009 28693598055.73401 446685093.3254232 129733895315.36066 2018503717.7084086 607625979947.9902 9442477169.7114 2961086763143.857 45952176789.23539 14638585689612.146 6982362986297.818 3576279312122.4424 2462832504433.1475 1918617666194.553 1595254225685.5234 1380266496222.2856 1226474105195.263 1110734102421.2 947486446910.3789 611817948535.5195 433271399618.281 370297188380.5727 337365137143.65625 316159811827.4362 294651266795.5221 280180061801.7324 270475210730.0079 268032608645.1392 263515955341.8908 258151920197.37326 253835706293.7401 251502413191.1574 250427315970.90915 246810958439.23395 243172683810.8054 238247667138.3973 234636918338.8041 232261265379.24008 231013874466.64856 229616659559.41776 228200258553.26263 228430421161.66022 227313586110.92035 227539090615.86377 
# formed stellar mass list:
1e-15 2788514.3673381605 124265989.5107085 167542634.45644024 117005000.47891569 63374517.105207205 29965836.167124588 13021009.391106954 5343163.655746677 2105447.726723268 806490.6041070975 303972.85556548304 114746.10652702622 44843.37428782831 19287.815862936506 9914.883190758484 6375.334726891928 4930.686378040823 4246.71243729853 3850.644288748464 3572.4681828020443 3351.2583088950896 3161.8372382066245 2995.719322663446 2848.7437191376407 2717.8209789174107 2597.9698497973955 2488.2896351912627 2388.9817491697568 2298.2753890160143 2214.4477514128816 2136.87008391895 2064.8326300905633 1998.445243210037 1938.029022666234 1880.6069912451378 1824.4312683662677 1772.9630133980963 1727.2262386332027 1681.6636368762895 1639.6666151054333 1599.4787717159202 1561.2494624392289 1525.9172009845383 1491.2868834419992 1459.2461234309305 1428.147952285081 1398.3268489398188 1370.781745938208 1342.8126729213063 1319.4208347612273 1292.989748346219 1268.2670453510657 1244.6472883726883 1220.0440765752423 1200.392569637756 1178.154590205976 1154.1690675160128 1137.4880586590677 1117.2809319936498 1094.994730812817 1079.2919097474144 1062.9152319910236 1042.7769861905865 1026.2294556494028 1015.1713835254616 998.4996371109942 979.8651118685484 966.6812324669322 956.3581747342754 940.3835733917666 923.1216145038303 911.7654216416394 905.3396274972096 891.6412161216043 874.2067160534161 861.3605551509305 855.4724100117269 847.8014329172773 833.2489110467759 818.0787791131829 808.3075739638573 804.1264077306303 798.0240060958557 784.7170087443536 769.6070719979668 759.406482220373 754.607263580117 753.7426570244113 745.0560085172723 729.35950691397 716.1818010310168 708.5064910497794 705.5292846381443 705.5774868625042 699.6416370271359 686.0434791330563 672.5708919840317 663.9836164006103 659.8870389425439 659.0042881118461 1e-15 1e-15 1e-15 1e-15 1e-15 1e-15 1e-15 1e-15 1e-15 1e-15 1e-15 1e-15 1e-15 1e-15 1e-15 1e-15 1e-15 1e-15 1e-15 1e-15 1e-15 1e-15 1e-15 1e-15 1e-15 1e-15 1e-15 1e-15 1e-15 1e-15 1e-15 1e-15 1e-15 1e-15 
