# time step list:
1000000 10000000 20000000 30000000 40000000 50000000 60000000 70000000 80000000 90000000 100000000 110000000 120000000 130000000 140000000 150000000 160000000 170000000 180000000 190000000 200000000 210000000 220000000 230000000 240000000 250000000 260000000 270000000 280000000 290000000 300000000 310000000 320000000 330000000 340000000 350000000 360000000 370000000 380000000 390000000 400000000 410000000 420000000 430000000 440000000 450000000 460000000 470000000 480000000 490000000 500000000 510000000 520000000 530000000 540000000 550000000 560000000 570000000 580000000 590000000 600000000 610000000 620000000 630000000 640000000 650000000 660000000 670000000 680000000 690000000 700000000 710000000 720000000 730000000 740000000 750000000 760000000 770000000 780000000 790000000 800000000 810000000 820000000 830000000 840000000 850000000 860000000 870000000 880000000 890000000 900000000 910000000 920000000 930000000 940000000 950000000 960000000 970000000 980000000 990000000 1000000000 1010000000 1020000000 1030000000 1040000000 1050000000 1060000000 1070000000 1080000000 1100000000 1200000000 1400000000 1600000000 1800000000 2000000000 2300000000 2600000000 2900000000 3000000000 3200000000 3500000000 3800000000 4000000000 4100000000 4500000000 5000000000 6000000000 7000000000 8000000000 9000000000 10000000000 11000000000 12000000000 13000000000 14000000000 
# Number of SNIa + SNII (log_10):
0 0 3.889400743322912e+53 4.2067376777822196e+55 9.504584969992106e+55 1.3496359654963701e+56 1.6398131018043474e+56 1.8997337952773332e+56 2.144857677240334e+56 2.3611788897197076e+56 2.547566684851802e+56 2.7092600180536646e+56 2.851589785368201e+56 2.978673804510813e+56 3.0934643445465755e+56 3.1981519011137714e+56 3.2943899904869905e+56 3.3834504759855566e+56 3.4663363991057034e+56 3.5438530635662964e+56 3.6166569854419993e+56 3.6852907040909965e+56 3.750207560019326e+56 3.811790662636417e+56 3.870366977784727e+56 3.926216719352619e+56 3.979583471480763e+56 4.030679464836857e+56 4.079689412289696e+56 4.126776862376907e+56 4.172088691473393e+56 4.215762131776597e+56 4.2578954410599215e+56 4.298597023614793e+56 4.337966862579449e+56 4.3760893087625285e+56 4.41304008651289e+56 4.448882947251079e+56 4.483693939796931e+56 4.517527910231478e+56 4.550434764113518e+56 4.582465135737851e+56 4.613662379749987e+56 4.64406976284315e+56 4.673727161700275e+56 4.702670785131001e+56 4.730934280304619e+56 4.758543977884752e+56 4.785538644825313e+56 4.8119438781254285e+56 4.837780087420223e+56 4.863069600531422e+56 4.88784042806808e+56 4.9121110022037704e+56 4.9359016502655875e+56 4.959229531415419e+56 4.982113752513877e+56 5.004551703821317e+56 5.0265991796569055e+56 5.0482594537219605e+56 5.0695404306891345e+56 5.090447770403041e+56 5.110983567779887e+56 5.131172519241863e+56 5.151033129716996e+56 5.170569492502763e+56 5.189794011461832e+56 5.208718218504137e+56 5.227348954473365e+56 5.245693779820533e+56 5.263764700664859e+56 5.281569800747895e+56 5.299107988230202e+56 5.316398141197958e+56 5.333447912952098e+56 5.350257759416524e+56 5.366835260819836e+56 5.383187311615711e+56 5.39932012960306e+56 5.415238144715679e+56 5.430950277843509e+56 5.446452506573593e+56 5.4617631704352145e+56 5.4768845879475305e+56 5.491817179231506e+56 5.506565177576582e+56 5.52113436861115e+56 5.535532888436744e+56 5.549757158196223e+56 5.563810432021549e+56 5.577705270227123e+56 5.591433991324367e+56 5.6050125253118616e+56 5.6184518982149235e+56 5.6317393666389e+56 5.644877478277101e+56 5.6578732834995835e+56 5.670732658966055e+56 5.683452482874989e+56 5.696038469417322e+56 5.708492181035086e+56 5.720814852696598e+56 5.7330205084346735e+56 5.74510514059497e+56 5.757067443603399e+56 5.768913449365806e+56 5.780642360041384e+56 5.792255036347858e+56 5.803757191510524e+56 5.826439594698872e+56 5.9338569406238585e+56 6.123582510640394e+56 6.28741792487932e+56 6.431588023072146e+56 6.560328792243539e+56 6.7307989712211665e+56 6.880080403527911e+56 7.012863166776987e+56 7.054084195849644e+56 7.132434075620453e+56 7.241180353569662e+56 7.340925957511153e+56 7.403099831375965e+56 7.433018641324949e+56 7.545781260966113e+56 7.673316187532386e+56 7.893852716310502e+56 8.080140495817307e+56 8.241403301095515e+56 8.383620272763907e+56 8.510703000270245e+56 8.625722134350248e+56 8.730671955908998e+56 8.827194336926097e+56 8.916544206660559e+56 
# Gas [Fe/H]:
-5.218485947384705 -6.812943270487043 -5.846471016356416 -3.509537016760026 -2.7514499027495365 -2.2785987315311766 -1.957749434258944 -0.8553400860251985 -0.04197285676344631 0.5672144909568089 1.0340023854497296 1.3230209899203125 1.4376642456641968 1.4645725397926248 1.461753068758509 1.4522367196658101 1.4436634818515914 1.4344933368373405 1.4263819922744352 1.418359241742047 1.4118703468678304 1.403477317815407 1.396057372201692 1.3887591685648317 1.382034922163534 1.3770359987857619 1.371803117744626 1.3675254713290124 1.3616505510225463 1.357612358345996 1.3548413698100479 1.349933365063837 1.3459317780728441 1.3400082782641145 1.3407981834784306 1.3385653021068014 1.337239317275786 1.337661905334382 1.3380140874030224 1.336649019387099 1.3367799257967987 1.335260948851746 1.3341162503732762 1.3348774429030223 1.3361844414240696 1.3331592014704365 1.3336963723921649 1.3327543151915346 1.33292877059609 1.3301451707792444 1.332781109232275 1.3311633142345745 1.3312469643894893 1.3298277966600476 1.3274771272697534 1.3309232959321466 1.3291088801343722 1.3241664967417877 1.3279143568565916 1.330997926782576 1.3267555212295097 1.3278455065650134 1.3203480873312587 1.3193761022159047 1.3247739395371023 1.3297768812753379 1.3262107002797356 1.332704417157943 1.320390387419363 1.3173152678100348 1.323759841380586 1.3178398459979945 1.3207107867661074 1.2931369027205832 1.3149016398501971 1.3115512622465038 1.3061177867297746 1.2985603412962656 1.301041115787239 1.3011421923591926 1.3007721240797259 1.2944424325680424 1.2875922601868415 1.2947974871883114 1.293767329065095 1.2876011457581207 1.2772740003214884 1.2876959517282898 1.29065026123692 1.2794282649188173 1.3125634473399619 1.2907553528917033 1.2709402743963158 1.2827677739949488 1.2756670270829797 1.2716701031259912 1.2856383718419644 1.2768855345444212 1.2754765500859473 1.2700190970433964 1.2560148336907813 1.260168775558991 1.2684702265062655 1.2703330215814344 1.2684900072111596 1.2705833128534194 1.2682432264291292 1.2658388634861124 1.2644307194525424 1.2641966813200805 1.2600920960066087 1.2509247425072711 1.2449288841758568 1.2379668472215646 1.2334958762878516 1.2290934469674895 1.226307071067549 1.2239179144066865 1.2226803827392616 1.2216298027574033 1.2207927301063313 1.2211525311519718 1.2217009243355395 1.2220942137852253 1.2234637891855327 1.226822951900692 1.2327842840896759 1.2390248404767803 1.2428650178287555 1.2446720384401835 1.245025138228622 1.2446135391793107 1.245201719591265 1.2441021064117388 1.243485977473267 
# Stellar mass-weighted [Fe/H]:
0 -5.218485947384705 -6.555826409149763 -5.971882817487508 -4.017365737228934 -3.569271798182575 -3.3772708595113645 -3.29294568994378 -3.0483708051520724 -2.8023138361326065 -2.628916169701087 -2.510004798502214 -2.4242444616457446 -2.35938975064344 -2.3074719215246846 -2.2645235260373147 -2.2281796143165984 -2.196905085565743 -2.1695173629568183 -2.1451154380900634 -2.1232853810139245 -2.103632563014499 -2.085578965529889 -2.0691277104225128 -2.053947664769148 -2.039888212854965 -2.0267970003907214 -2.0145683660457907 -2.003083934147832 -1.9922778022304604 -1.982065107802863 -1.9724059511651495 -1.9632259837079262 -1.9544906700101405 -1.946192911237688 -1.9382749624073785 -1.9307090465817005 -1.9234648151727685 -1.9165106897408046 -1.9098420321798155 -1.9034441761170031 -1.8972928111166762 -1.8913502259709993 -1.8856187753213538 -1.8800685164480138 -1.874722066547566 -1.8695759084126662 -1.8645939405015435 -1.8597420699431213 -1.855009647553035 -1.8504596614548001 -1.8459925889095246 -1.8417007987390228 -1.8374935863510649 -1.8334369210870394 -1.829435354574561 -1.8255759477651097 -1.8217930173117765 -1.8181382313946148 -1.814552439282541 -1.8110580622586054 -1.807629944344077 -1.8042870039534966 -1.8010205349919968 -1.7978380008260029 -1.7947133072734553 -1.7916786140437004 -1.788667189766227 -1.7857396245352772 -1.7828581296812693 -1.7800614785299889 -1.7772958447895713 -1.774598800982587 -1.7719358497572015 -1.7693436023913325 -1.766781333265655 -1.7642711022447228 -1.7617919008648677 -1.759380684786585 -1.7570017657712924 -1.754675539697491 -1.7523670786496535 -1.7501086608175118 -1.7478819121468252 -1.7457094564546258 -1.7435552979119873 -1.741450169826976 -1.7393972909824438 -1.737350349757092 -1.7353089131611403 -1.7333130978835634 -1.7313462241139908 -1.7294090885800486 -1.7274839159820852 -1.7256009432294865 -1.723749380933799 -1.7220094591720052 -1.720089760936637 -1.7183470812648016 -1.7166361807209016 -1.7148847008027168 -1.7146838034648182 -1.7145145501674781 -1.7143464938088515 -1.7141111153542212 -1.7139464295756337 -1.7137894043316564 -1.7136141257227688 -1.713449895096204 -1.7131464855241871 -1.7117473169627013 -1.7092108893135887 -1.707190444362416 -1.7054231930341075 -1.7040049428365807 -1.7023700668486734 -1.7011081041008707 -1.7001827137150514 -1.6998708272579481 -1.6994928138299867 -1.6988753411519832 -1.6984613119757412 -1.6981144028079616 -1.6980358051656061 -1.6973276043779073 -1.6968573315987845 -1.6955179089194452 -1.6945468673553323 -1.693745639742902 -1.6929091246904981 -1.6917261108828878 -1.6910770649933102 -1.6901496653033083 -1.6893265479617092 -1.6886595884933868 
# Gas [Mg/Fe]:
-1.3877787807814457e-17 -9.71445146547012e-17 0.9731227697780831 1.0219910105748424 0.782331214752612 0.5715594108924223 0.42329668983815794 -0.5456861975207964 -1.175253430568362 -1.4737774668333103 -1.579074014098902 -1.6177944769454933 -1.631394472198023 -1.6580725247187196 -1.653764074793082 -1.6158664948480974 -1.6377507954202142 -1.6287130101057026 -1.6209147661259893 -1.609730748002554 -1.6084949042351242 -1.6062083774218778 -1.6046016143444288 -1.6056104894231764 -1.6073082117393662 -1.601683848446964 -1.5790456152918857 -1.5978612318710415 -1.6183692979889523 -1.5975272478711933 -1.586697724531659 -1.584519358217941 -1.5645551815484817 -1.5670694189816017 -1.5642770805431068 -1.5536277695228784 -1.5289495542510938 -1.500705229293705 -1.481135900224482 -1.4639169231393878 -1.4565758535439342 -1.431074814904872 -1.4138626150038933 -1.4000499507121713 -1.383625663020488 -1.3684764910170057 -1.420312934164973 -1.3007270088083918 -1.338190460493203 -1.3260343078780887 -1.3142514380555568 -1.3138629695367685 -1.3124823229348632 -1.304419471257041 -1.3248879389784023 -1.3364566764554089 -1.3479499846744503 -1.3532575258431638 -1.362059208806959 -1.3653318207445453 -1.3711364793541152 -1.3809584387020386 -1.3940067572784687 -1.3931279502957885 -1.3965565045488653 -1.4058071668772778 -1.4198385887378906 -1.4212343240776961 -1.4397199337457376 -1.4271626247740947 -1.4615706464110851 -1.4587040149176913 -1.4274898705938805 -1.4543079939493297 -1.4506288993351724 -1.4470319862868066 -1.4743889316285759 -1.477824093030009 -1.4868981049345065 -1.5128032963699307 -1.5269470437130583 -1.443003772524012 -1.4728302097253414 -1.5479859722166238 -1.4930752904021567 -1.4962270272000213 -1.5070500631457928 -1.5018867238899287 -1.5418435515297757 -1.5491752226377429 -1.5585820198587994 -1.5432498799516188 -1.6260192331638776 -1.5896490324167993 -1.5765405350782737 -1.6061943941892804 -1.589763726267295 -1.621759194830691 -1.6013920412777116 -1.5521861461600557 -1.6209103162021081 -1.6143231283936548 -1.6483425023995542 -1.5626809702942406 -1.6047157980793183 -1.6044697502781993 -1.6052722939063704 -1.6007059492248095 -1.5995265460860624 -1.604210985258007 -1.6093893158072505 -1.633970571807964 -1.641620830964106 -1.6463095734728896 -1.6487520428202846 -1.6567997705431807 -1.6633693125689695 -1.6664004487397224 -1.6677738308374963 -1.671256506138291 -1.6708055580600316 -1.6718376448617982 -1.673135811312258 -1.6731597678670458 -1.6750878243807494 -1.6765378080064681 -1.6775971812788102 -1.6788632320149686 -1.6810572701840205 -1.6824418461802364 -1.6827654227355355 -1.683246220746218 -1.6840115487326404 -1.6840315546369473 -1.684404845658805 
# Stellar mass-weighted [Mg/Fe]:
0 6.938893903907228e-17 6.938893903907228e-17 0.9188452689276563 1.0211658003597062 0.8579771332751949 0.7576886897310287 0.7072076853874373 0.4752605716462701 0.2347902144954419 0.06525876926571089 -0.05030851115229727 -0.13312035376061984 -0.19546344027048512 -0.24496300055549233 -0.28541654267225225 -0.3194717233107674 -0.34867119018291415 -0.37429810612799114 -0.39687183665028225 -0.4169224595316962 -0.43490947115697215 -0.4513810278427962 -0.46633312425237305 -0.48007017245689476 -0.4927524645553975 -0.5045302609332334 -0.5154546440442649 -0.5257017608019648 -0.5353644559636945 -0.5444344682678884 -0.5529783499188856 -0.5610802113553681 -0.5687460583637615 -0.5760094135443801 -0.5829166932011398 -0.5894869823368472 -0.5957246904228473 -0.6016402359471313 -0.6072714438829332 -0.6126468852071404 -0.6177955194435788 -0.6226927595719437 -0.6273693996451103 -0.6318540714754378 -0.6361528686439887 -0.6402757070328144 -0.6443235176917191 -0.6480244284107749 -0.6517168867059143 -0.6552123674923478 -0.65861846948899 -0.6618959195316074 -0.6651098664571459 -0.6681713423779747 -0.6712105500296596 -0.6741735246191323 -0.6770891661061639 -0.6799271493802216 -0.6827247018577091 -0.6854113363924249 -0.688059604427946 -0.6906666551025171 -0.693219112281372 -0.6957044918677986 -0.6981472338948259 -0.7005504105008512 -0.7029128215456345 -0.7052050748795262 -0.7074944347526807 -0.7097161161042278 -0.7119342760219114 -0.7140794221653406 -0.7161732698742657 -0.7182462703529013 -0.7202828364733868 -0.7222597014112576 -0.724236903752194 -0.7261790055132431 -0.7281026731618087 -0.7299954990066401 -0.7318658182602388 -0.7336326472735076 -0.7354182073715934 -0.7372158342697509 -0.7389527786874528 -0.7406333295056454 -0.7423072020253799 -0.7439548055035886 -0.7455817170704098 -0.7471942284163867 -0.7488183581684185 -0.7504188052416968 -0.7520173184417385 -0.7535752123622798 -0.755117723251397 -0.7566454869230762 -0.758132136678123 -0.7596410727238374 -0.761009065690951 -0.7624395222872354 -0.7625794725019666 -0.7627019410190958 -0.7628283812331896 -0.7629658590684183 -0.7630759570542499 -0.7631661548416313 -0.7632642925778291 -0.7633548939299801 -0.7635485298738706 -0.7644184453751499 -0.7659943324885318 -0.7672486591257496 -0.7683992261068073 -0.7693665303134253 -0.7704513839457564 -0.7712505045648846 -0.7718968387502478 -0.7720911377074532 -0.7723708998571565 -0.7727727261787393 -0.7730112854922901 -0.7732925185402477 -0.7733373528537796 -0.7738397494275882 -0.7741794268048016 -0.7752294955894885 -0.7760474170846369 -0.7767410500837244 -0.7774513824669258 -0.7783725045904792 -0.7789568540079806 -0.7796811403419959 -0.7804007072180713 -0.7809221679515097 
# Gas [O/Fe]:
-2.220446049250313e-16 -2.220446049250313e-16 1.1940238357781228 1.2303865488569348 0.9572216724700482 0.6971866225493952 0.5029294797643136 -0.4972435550254213 -1.120247246561805 -1.385941710884729 -1.4731290940468125 -1.4924910448127173 -1.4952214407495878 -1.5081554210446766 -1.5013797739135675 -1.509193437280542 -1.498531265607175 -1.4944702782746409 -1.4957573166302445 -1.510960714364637 -1.4741043175686337 -1.4897217815928743 -1.4916623984361377 -1.5278350249122503 -1.4635252724044996 -1.4839120491165443 -1.4772357654311028 -1.4930340563937756 -1.5066167452181638 -1.499224004705112 -1.4927021961844342 -1.4889518508901574 -1.4749711780556587 -1.4846409976302344 -1.5058010039191831 -1.5000220362322825 -1.4900247803428421 -1.4734907600682936 -1.4734028407682416 -1.4822154968816932 -1.4897238223237106 -1.4538079298171773 -1.4984009569562236 -1.4780846266492809 -1.470861725671165 -1.4672307565348064 -1.4689218129564674 -1.5909380070550376 -1.3748274643756546 -1.4523269977010578 -1.4606118099680174 -1.4644160560943396 -1.469243546419192 -1.4513621573132849 -1.4648125315591876 -1.4494110838662733 -1.4626439370255184 -1.4775370154852006 -1.4592933409997477 -1.434064082828444 -1.4690697508735902 -1.4601133913806716 -1.461821689233601 -1.4571124596712621 -1.436306331775768 -1.4657026077135187 -1.4463818041256682 -1.4672482082992222 -1.4643589068583869 -1.462473395244214 -1.4658701561966732 -1.4410542829577442 -1.4540557441864217 -1.4386099995511483 -1.4441693089667578 -1.4836614223146523 -1.4589789732977745 -1.4613299881957937 -1.4572495880807281 -1.4574309924317526 -1.4557489531273702 -1.4485021461409293 -1.4682796452441085 -1.431277055942886 -1.4510252186611343 -1.4591151665511002 -1.4821759711553693 -1.4581002072096454 -1.4404808520083616 -1.4531675784653968 -1.4566340960287363 -1.4553382411361664 -1.4480759297018768 -1.4531568876410124 -1.4603675869190702 -1.4701687899521794 -1.4492754785509516 -1.4427657783043695 -1.4437549977923947 -1.453163139938909 -1.4555859568239717 -1.455063188551704 -1.4487943747136434 -1.4499941496653328 -1.4509843644290823 -1.4519735099268838 -1.4527054583308694 -1.4496706505221448 -1.4525904668877876 -1.4516351764485416 -1.4508186314956886 -1.4507987295782185 -1.4519244841791015 -1.4530532642520078 -1.4533490832376026 -1.4550871301421378 -1.456808795874049 -1.4583249745598896 -1.4587853264547126 -1.4598880687672442 -1.4617001210237455 -1.4631248178471827 -1.463758361019926 -1.4643066878149948 -1.4656914253511415 -1.46739681849515 -1.470760921238306 -1.4729705927348293 -1.4750129229152187 -1.476318837748535 -1.4773938769300594 -1.478229251910789 -1.4788783688305656 -1.4796284844657235 -1.4801265386324458 
# Stellar mass-weighted [O/Fe]:
0 -2.220446049250313e-16 -2.220446049250313e-16 1.1369935146001762 1.2296005814785995 1.0458654496120992 0.929200164870263 0.8699504220602967 0.6341762792238705 0.392252804747806 0.22212366723290677 0.10619235850679054 0.0231662065573075 -0.03931563753409906 -0.08888968082360926 -0.12938529408351163 -0.16366488487900321 -0.19298801656501796 -0.2187044844368855 -0.24140134961989568 -0.26163857583774086 -0.2797148470966838 -0.2963172137863236 -0.31139694161487474 -0.3253274116550844 -0.33806182020031994 -0.34994129778237704 -0.3609967334109677 -0.37136245959186287 -0.38112170197727624 -0.39031179310574504 -0.3989797036322229 -0.4071994405896222 -0.4149921045057877 -0.4223893074476116 -0.42945907041153863 -0.4361966385463655 -0.44262525246688644 -0.44875340304729094 -0.4546266306094694 -0.4602794673935371 -0.4657174124025464 -0.4709010712426819 -0.47594098805863805 -0.48078367269715605 -0.48545620891894714 -0.48996862577458744 -0.4943018147635855 -0.4986224595398495 -0.5026306030231371 -0.5065433337889802 -0.5103914549450147 -0.5141063121984165 -0.5177549335937726 -0.5212367867038908 -0.5246698576358543 -0.5279776920464265 -0.5312292948252039 -0.5343987528887421 -0.5374916876751962 -0.5404406517587484 -0.5433686387535226 -0.546230158581367 -0.5490183976783967 -0.5517275820417493 -0.5543741442500831 -0.5569848836271406 -0.5595236205492722 -0.5619992766445575 -0.5644511154306023 -0.5668433693331002 -0.5691958101102811 -0.5714562548013045 -0.5737072978615142 -0.5758955276908798 -0.5780541950532466 -0.5801799681286218 -0.5822640526844299 -0.5843087410891803 -0.5863261977404284 -0.5882877825469403 -0.5902137709749838 -0.5921001455261643 -0.5939917148671132 -0.5958132678599011 -0.5976252276671947 -0.5993825220207963 -0.6011383852434963 -0.6028568596258294 -0.6045112467757352 -0.6061587179159226 -0.6078173547887598 -0.6094543751082441 -0.6110391070099382 -0.6126057136393883 -0.6141710912591055 -0.6157064650054913 -0.6171984129147665 -0.618698436840315 -0.6200524753769614 -0.6215152664049608 -0.621661340010738 -0.6217908703406588 -0.6219222904303154 -0.6220681130556261 -0.6221791731783086 -0.6222730895231364 -0.6223757785847426 -0.6224714443916727 -0.6226765870387284 -0.623591357659079 -0.6252474371747383 -0.6265569371916418 -0.6277608719684922 -0.6287671124111169 -0.6298888048907044 -0.6307153707568866 -0.6313769836343285 -0.6315796615356936 -0.631863584840069 -0.6322780976129208 -0.6325226721343636 -0.6328086413504174 -0.6328521177942812 -0.6333734975143411 -0.6337163233861798 -0.634796594887306 -0.6356337520671819 -0.6363411015192942 -0.6370650424770657 -0.6380266072600997 -0.6386176639817616 -0.6393730362817687 -0.6401051970752702 -0.6406483892294463 
# Stellar mass-weighted [N/O]:
0 1.1102230246251565e-16 1.1102230246251565e-16 -1.6161437920107957 -1.9003561991314317 -1.731455785635883 -1.4308658395800156 -1.150049887610848 -0.9282396685676737 -0.7617789472922791 -0.6366712826708882 -0.5426898765576127 -0.4713833634211686 -0.4161694229789441 -0.371144919670674 -0.333107092216133 -0.29912429064123325 -0.2678348836758977 -0.2380706615295063 -0.2095968958162484 -0.18312276940855687 -0.15937362895392515 -0.13816010287498126 -0.1194163514561688 -0.10267860958012542 -0.08799919367236408 -0.07537454813567601 -0.06432710964912491 -0.05615019126973031 -0.049203811414489595 -0.04387749020164544 -0.039848160163298285 -0.036995949899612635 -0.035174974641338785 -0.0340722476340517 -0.033600731997688094 -0.03349354509513225 -0.033508764554312176 -0.03353391292917163 -0.033595998586182674 -0.03359537773215493 -0.033603180992412884 -0.03359613004230366 -0.03361678525889844 -0.03370053098157133 -0.033760875669797796 -0.033845955017270724 -0.03382848582138964 -0.03368344566815473 -0.03373053606966614 -0.033774547300056246 -0.03387668764261309 -0.033875278849273216 -0.033904613024527075 -0.03398948008285574 -0.03403555030281591 -0.034058569686567175 -0.03407868974472228 -0.03406879144154784 -0.03410818121789938 -0.034187413088516916 -0.034287129347430056 -0.034271251967239014 -0.03374682834268783 -0.03373857566273675 -0.033844360251089056 -0.03380015025709271 -0.03387099580787667 -0.033904735720042045 -0.03390531985588474 -0.0339033753762652 -0.033937211142394785 -0.03402357773508258 -0.03403901529996056 -0.03412778831584762 -0.03418219085563956 -0.03416543333314237 -0.03419348736784478 -0.03426481314849117 -0.03423888947394249 -0.03405103809583143 -0.03407209781239395 -0.03412028248847909 -0.03413218367578952 -0.0341788317175169 -0.03420589205024693 -0.03424335891762709 -0.03426086845932386 -0.03426937252315099 -0.03435013262677178 -0.03444089202541889 -0.0344990424212378 -0.034514526112467525 -0.0345076991431047 -0.03447550702589086 -0.03452825758872935 -0.03456433457941954 -0.03440308373064438 -0.0344202089201191 -0.034582755143070854 -0.0343096303146313 -0.034138330688841756 -0.03397323108277128 -0.033817707686867426 -0.033604300634596185 -0.033472644894690706 -0.033337785759007366 -0.03320458359357048 -0.03306986031987591 -0.03278566305434505 -0.03155736731054515 -0.029343874309629703 -0.027595158867315672 -0.02600181959213177 -0.024649963016703524 -0.02307292151313678 -0.021803378458921885 -0.020736473357487406 -0.020422113813054033 -0.01991414832980898 -0.019214071584850556 -0.018688757600435646 -0.018205169351962813 -0.01807648948475271 -0.017259764657659882 -0.016601722233605343 -0.015000149424002407 -0.013774540652225054 -0.012719437706865677 -0.011708876431288595 -0.010606298649318835 -0.009695960084647792 -0.008879902521679028 -0.007837664866980454 -0.0072341752320419506 
# Stellar mass-weighted [C/O]:
0 1.1102230246251565e-16 1.1102230246251565e-16 -1.1687706190439227 -1.308394486103604 -1.1321462748653845 -1.0163358414368155 -0.9594897512120166 -0.9217432666914445 -0.8885072721060681 -0.8591207737103437 -0.8336898601644118 -0.811596648326536 -0.7922582027925273 -0.774856554752295 -0.7591529707165905 -0.7444652789227033 -0.7306254164141808 -0.7175173474265847 -0.7048972656175744 -0.692703841737236 -0.6809972343017732 -0.6695177566586996 -0.6583952328042569 -0.6475046179466428 -0.6367796757230065 -0.6254870821106993 -0.613295834761961 -0.6002490496439437 -0.5866859743647284 -0.5721014243060559 -0.5570320075103167 -0.5417223345615195 -0.526433622552482 -0.5109181659000672 -0.49509219398142146 -0.47912423254356806 -0.4629157031569021 -0.446359392568884 -0.4296474216074464 -0.4129487100220862 -0.39633536786922297 -0.37985662344590165 -0.3635431502478529 -0.3474248988575781 -0.33151174762238667 -0.3158626064109509 -0.30052160259302785 -0.28528157337917126 -0.270556379497633 -0.25633190650991733 -0.24249857001500863 -0.2288573695982309 -0.21541899149456817 -0.2025717941454097 -0.18978366854494333 -0.17779409120788164 -0.16619457627440126 -0.15498811369969623 -0.14406414027592823 -0.13360445735094822 -0.12332240506003012 -0.11341671589976193 -0.10378693866154581 -0.0944120225831489 -0.08517100912760611 -0.07635144829545126 -0.06786316897660549 -0.05971185490040731 -0.05171946243608061 -0.04410731523532474 -0.03671272106323281 -0.02954826360041013 -0.022535983098782297 -0.01591746299791791 -0.009483296361088578 -0.003237844753367858 0.0028974616840610756 0.00871406385206902 0.01436540013643775 0.019813603177859407 0.025113330115609844 0.030284204590009522 0.03528443949277191 0.04011268095031992 0.04484331198327371 0.04943531897791223 0.05406193616227081 0.05850244057134493 0.06272746541643279 0.0667334909303495 0.07067262472777133 0.07452660543621459 0.07832790318794816 0.08209625051980984 0.08581824509253436 0.0894059738135205 0.09287383910625605 0.09623972440345657 0.09945310299685672 0.10268053698087332 0.10277838208796666 0.10284821458880244 0.10293039019220912 0.10296308804977955 0.10302270473674596 0.10305316979404017 0.10310110162676875 0.1031351548732515 0.10322402646643924 0.1035929287101123 0.10429655055335144 0.10484003593822061 0.10537273514099812 0.1057826889831989 0.10613534220401794 0.10624587231938576 0.10626739944784636 0.10629666015700717 0.10622176001578915 0.10618177684477784 0.10601349798912352 0.10599182741422031 0.1059102469358357 0.10595679676004449 0.1058079813513777 0.1060155661299867 0.10619041460142259 0.10630812540977028 0.10654043856455905 0.10717905924620758 0.10722756652605336 0.1078051237250699 0.10800012967649494 0.108381991005249 
# Stellar mass-weighted [O/H]:
0 -5.218485947384705 -6.555826409149763 -4.834889302887332 -2.7877651557503356 -2.523406348570476 -2.4480706946411015 -2.4229952678834827 -2.4141945259282016 -2.4100610313848003 -2.406792502468181 -2.4038124399954226 -2.4010782550884366 -2.3987053881775378 -2.3963616023482945 -2.393908820120826 -2.391844499195602 -2.3898931021307606 -2.3882218473937042 -2.386516787709959 -2.384923956851665 -2.383347410111184 -2.381896179316213 -2.380524652037388 -2.379275076424233 -2.377950033055285 -2.3767382981730982 -2.3755650994567583 -2.374446393739695 -2.373399504207736 -2.372376900908608 -2.371385654797373 -2.370425424297549 -2.3694827745159284 -2.368582218685299 -2.367734032818918 -2.3669056851280663 -2.3660900676396555 -2.365264092788096 -2.3644686627892852 -2.36372364351054 -2.3630102235192227 -2.362251297213681 -2.361559763379992 -2.360852189145171 -2.360178275466513 -2.359544534187254 -2.358895755265129 -2.3583645294829703 -2.357640250576173 -2.3570029952437803 -2.356384043854539 -2.355807110937439 -2.355248519944837 -2.35467370779093 -2.354105212210415 -2.353553639811536 -2.3530223121369804 -2.3525369842833577 -2.352044126957737 -2.351498714017354 -2.3509985830976 -2.350517162534863 -2.350038932670393 -2.3495655828677524 -2.3490874515235385 -2.3486634976708407 -2.348190810315499 -2.3477389011798344 -2.3473092451118722 -2.3469048478630894 -2.346491654899852 -2.346055055783892 -2.3456431476187163 -2.345239130082212 -2.3448355283189013 -2.3444510703733448 -2.3440559535492973 -2.3436894258757652 -2.3433279635117206 -2.3429633222444304 -2.342580849624637 -2.3422088063436757 -2.341873627013939 -2.341522724314527 -2.3411805255791824 -2.3408326918477718 -2.34053567622594 -2.340207209382921 -2.339820159936875 -2.3394718157994854 -2.3391635789027507 -2.338863463688293 -2.338523022992023 -2.3382066568688744 -2.3379204721929048 -2.3377159241774965 -2.3372881738514035 -2.337045518105116 -2.336688656097863 -2.3363999672076776 -2.3363451434755564 -2.336305420508136 -2.3362687842391674 -2.336179228409847 -2.336125602753942 -2.3360624938547936 -2.3359899043075103 -2.335921339487877 -2.335823072562915 -2.335338674621781 -2.3344583264883267 -2.3337473815540575 -2.3331840650026 -2.3327720552476974 -2.332258871739379 -2.3318234748577567 -2.3315596973493804 -2.3314504887936414 -2.3313563986700556 -2.331153438764904 -2.3309839841101043 -2.3309230441583795 -2.330887922959887 -2.3307011018922488 -2.3305736549849643 -2.3303145038067505 -2.3301806194225136 -2.330086741262196 -2.3299741671675633 -2.329752718142988 -2.3296947289750713 -2.329522701585077 -2.3294317450369793 -2.3293079777228334 
# Gas [Mg/H]:
-5.218485947384705 -6.812943270487043 -4.873348246578333 -2.487546006185184 -1.9691186879969242 -1.7070393206387537 -1.5344527444207854 -1.4010262835459946 -1.2172262873318074 -0.9065629758765015 -0.5450716286491719 -0.29477348702518125 -0.19373022653382588 -0.19349998492609455 -0.19201100603457366 -0.1636297751822875 -0.1940873135686223 -0.19421967326836231 -0.1945327738515541 -0.19137150626050747 -0.19662455736729356 -0.20273105960647086 -0.2085442421427368 -0.21685132085834447 -0.22527328957583226 -0.22464784966120188 -0.2072424975472602 -0.23033576054202864 -0.2567187469664063 -0.23991488952519724 -0.2318563547216117 -0.2345859931541039 -0.2186234034756378 -0.2270611407174865 -0.22347889706467594 -0.21506246741607704 -0.19171023697530742 -0.16304332395932253 -0.14312181282145975 -0.1272679037522888 -0.11979592774713588 -0.0958138660531258 -0.07974636463061735 -0.06517250780914896 -0.047441221596418615 -0.035317289546568986 -0.08661656177280808 0.032027306383143106 -0.005261689897112731 0.00411086290115481 0.018529671176717777 0.017300344697805947 0.01876464145462542 0.025408325403006415 0.002589188291350908 -0.0055333805232624655 -0.018841104540078035 -0.02909102910137573 -0.03414485195036754 -0.03433389396196951 -0.04438095812460485 -0.05311293213702584 -0.07365866994720971 -0.07375184807988333 -0.0717825650117625 -0.0760302856019397 -0.09362788845815473 -0.08852990691975293 -0.11932954632637482 -0.10984735696406034 -0.13781080503049914 -0.14086416891969655 -0.10677908382777357 -0.16117109122874584 -0.135727259484975 -0.13548072404030265 -0.16827114489880124 -0.17926375173374343 -0.18585698914726745 -0.21166110401073812 -0.22617491963333247 -0.14856133995596998 -0.18523794953850015 -0.25318848502831237 -0.19930796133706163 -0.20862588144190042 -0.22977606282430507 -0.21419077216163895 -0.2511932902928562 -0.2697469577189251 -0.24601857251883796 -0.25249452705991526 -0.355078958767562 -0.30688125842185077 -0.300873507995294 -0.33452429106328907 -0.30412535442533084 -0.34487366028626987 -0.3259154911917639 -0.28216704911665946 -0.36489548251132664 -0.354154352834664 -0.3798722758932893 -0.29234794871280556 -0.3362257908681592 -0.33388643742477964 -0.33702906747724093 -0.33486708573869706 -0.3350958266335198 -0.3400143039379264 -0.34929721980064166 -0.3830458293006931 -0.39669194678824926 -0.40834272625132506 -0.41525616653243347 -0.42770632357569127 -0.4370622415014207 -0.4424825343330365 -0.4450934480982349 -0.44962670338088717 -0.45001282795370035 -0.45068511370982645 -0.45143488697671774 -0.45106555408182114 -0.4516240351952163 -0.44971485610577666 -0.4448128971891343 -0.4398383915381876 -0.4381922523552655 -0.4377698077400529 -0.4377402845069138 -0.43863268156690705 -0.438809829141376 -0.4399294482252092 -0.4409188681855376 
# Gas [C/H]:
-5.218485947384705 -6.812943270487043 -5.883267512118476 -3.5887006003809834 -2.840433884232965 -2.3671604051708437 -2.0560302853425796 -1.714466964344287 -1.2354829295170306 -0.7233453533145724 -0.2755775543695749 0.0189946761081492 0.14595181475848218 0.18715407777809157 0.20011617429300754 0.20863056453731899 0.2211600235804303 0.2354252216890731 0.2507042509198256 0.26638312039963896 0.283914617085943 0.298106869324112 0.3125007990162758 0.3253950565130994 0.3479681019987124 0.3926968868130203 0.45021439422672804 0.5034666133230954 0.543291325044315 0.6003912262324884 0.6409687263768715 0.672653704901689 0.6981776287299253 0.7276994436022743 0.7654607517511498 0.7961566071731498 0.8302614151432945 0.8691572901350995 0.9016945495743807 0.9283443800148587 0.9541021245843355 0.9776698395643444 0.9979157628580753 1.020861437982834 1.0429552917639886 1.0584456280233407 1.076073559651908 1.0943450498894878 1.107835422582255 1.1150056508327393 1.1248934214252437 1.1426491006703436 1.15488038025781 1.1600117389057023 1.172968449681285 1.1725521090342101 1.1727726834470484 1.175027213114669 1.1837862564972244 1.1911030955296948 1.1927326554883964 1.1979747941022305 1.1925556702563003 1.19986109354043 1.2133109453828919 1.2151703077040321 1.2094398984781995 1.2155933713134353 1.2060112367810873 1.1988567162265373 1.2043571942419486 1.202499937524177 1.2058185122770277 1.1695787038795777 1.188725969610947 1.1863961578334425 1.1834876646556256 1.1669985936362726 1.1658501336480764 1.164904725682974 1.1618771941700472 1.1580683448621127 1.1427261464423641 1.1501360806068286 1.1468566456039873 1.1417786858338963 1.1398456841325397 1.1453844441979046 1.1385762395185988 1.1132033151100078 1.1429026221897942 1.1221828138569565 1.1062228561164367 1.1233235723112487 1.1158690312182173 1.1061889508508886 1.1156970092486795 1.0993833958448547 1.100907037971118 1.090522499520961 1.0859111380756805 1.0942764143451589 1.1011432699994486 1.0920831588713837 1.0873581967578878 1.0861233826851744 1.0835129278218751 1.0841722585174072 1.08069181049111 1.0823791418081954 1.0671057260826045 1.0411252753298634 1.0170153925915346 0.9927051392409831 0.9712637117959373 0.9437744680632094 0.9146468965849266 0.8979209441857505 0.8908394800678208 0.8830855301411007 0.8591537835942824 0.8439853502144143 0.8349881130167245 0.830697458619531 0.8149851888870416 0.7987942094005884 0.7703737223727174 0.7477812941439543 0.7288767881923919 0.7119100862378995 0.6961737209049965 0.6819609826601272 0.6711915052267852 0.659607291946771 0.6503397668642457 
# Gas [O/H]:
-5.218485947384705 -6.812943270487043 -4.652447180578294 -2.279150467903091 -1.7942282302794883 -1.5814121089817803 -1.4548199544946305 -1.3525836410506198 -1.162220103325251 -0.8187272199279203 -0.4391267085970827 -0.16947005489240485 -0.05755719508539103 -0.043582881252051564 -0.039626705155058506 -0.056956717614731645 -0.05486778375558332 -0.05997694143730037 -0.06937532435580884 -0.09260147262259011 -0.062233970700803276 -0.08624446377746775 -0.09560502623444567 -0.13907585634741837 -0.08149035024096518 -0.1068760503307824 -0.10543264768647687 -0.12550858506476326 -0.14496619419561751 -0.14161164635911572 -0.13786082637438657 -0.1390184858263206 -0.12903939998281455 -0.14463271936611966 -0.16500282044075298 -0.16145673412548112 -0.15278546306705643 -0.13582885473391126 -0.13538875336521894 -0.14556647749459461 -0.15294389652691187 -0.11854698096543181 -0.16428470658294758 -0.14320718374625807 -0.13467728424709513 -0.13407155506437007 -0.13522544056430297 -0.2581836918635032 -0.04189869377956512 -0.12218182692181356 -0.12783070073574265 -0.13325274185976488 -0.13799658202970289 -0.12153436065323753 -0.13733540428943458 -0.11848778793412684 -0.1335350568911462 -0.1533705187434129 -0.13137898414315607 -0.10306615604586788 -0.14231422964408091 -0.1322678848156582 -0.1414736019023417 -0.13773635745535717 -0.11153239223866551 -0.13592572643818057 -0.12017110384593233 -0.13454379114127946 -0.1439685194390239 -0.14515812743417955 -0.14211031481608716 -0.12321443695974965 -0.13334495742031427 -0.14547309683056486 -0.1292676691165604 -0.17211016006814894 -0.15286118656799985 -0.16276964689952855 -0.1562084722934891 -0.15628880007255974 -0.15497682904764387 -0.15405971357288717 -0.18068738505726678 -0.13647956875457457 -0.15725788959603904 -0.17151402079297906 -0.2049019708338804 -0.17040425548135563 -0.14983059077144167 -0.17373931354657923 -0.1440706486887744 -0.16458288824446354 -0.17713565530556075 -0.17038911364606335 -0.18470055983609068 -0.19849868682618776 -0.163637106708987 -0.1658802437599487 -0.16827844770644784 -0.1831440428955129 -0.19957112313319003 -0.19489441299271304 -0.18032414820737808 -0.17966112808389845 -0.18249435721792295 -0.1813901970734646 -0.18446223190173994 -0.18383178703603242 -0.18815974743524544 -0.1874384951284611 -0.19072653548907992 -0.19987398707094783 -0.20699560000324446 -0.21508641703044296 -0.2198532069497503 -0.22599368317464785 -0.2305017248065 -0.23440706015320334 -0.23610494371545077 -0.2382582660098409 -0.24090739091741442 -0.2419722866952112 -0.24205743668438684 -0.24221247402976953 -0.24222763616560883 -0.2405738665944579 -0.2379766371486305 -0.23394575225804903 -0.23214790508646344 -0.23164679930835197 -0.23236873870143704 -0.23361571273147863 -0.23367664923930054 -0.2355263780539847 -0.23664056115917864 
# Gas [N/O]:
1.1102230246251565e-16 1.1102230246251565e-16 -1.8311077842214063 -1.903686167265525 -1.6485150558810848 -1.0444019486524116 -0.3990790561987345 0.19073903021113814 0.6299161237019776 0.8627399358576213 0.9580792593659319 0.9853550253100981 0.9909586212432062 1.009516055946986 1.0140272327540159 1.0437359739244403 1.065709069707514 1.1004416661127345 1.1412739609060487 1.1802228251863496 1.1506437884817708 1.1607138743133576 1.1538626805612295 1.1788098682880006 1.0981207910718453 1.0850208682804214 1.0520981634293975 0.9644344231905889 0.9307461551338572 0.8314784354984297 0.7271321442747435 0.5932199983410775 0.40787089060432336 0.22689434549577459 -0.0939074532071078 -0.5858288702633478 -1.0706888565839847 -0.9774512619971603 -1.2458908256046377 -0.898099061806642 -0.9483409179103834 -0.6742493141664521 -1.0202952077526861 -5.717412914062999 -1.3478898884860766 -5.706749474153992 -0.577095707476684 -0.46439213183385086 -0.6102128119259922 -0.9283733755726837 -5.663957234421346 -0.7910922171094121 -0.94494290658678 -1.4549865278702376 -1.013925471382437 -0.8102864124658857 -0.7912118369974948 -0.8079981598139472 -0.9821446242142406 -1.0241117558333859 -5.57108854728246 -0.6861008953282535 0.211688463871873 -0.5948591307562952 -5.573575575642207 -0.508107944961484 -1.2342441223867326 -0.7983791348980045 -0.6498198153878219 -0.6934505859049176 -0.9089407340530686 -1.2339382923347912 -0.7044014438141553 -5.511075907503411 -0.9607661101174572 -0.5573775331000577 -0.7536237973352284 -5.4640882660258026 -0.4942339163040741 -0.05346379060172324 -0.6223109094749713 -0.9025957196601175 -0.774184712170751 -0.8869597963707239 -0.7492888246072285 -0.7755276274451031 -0.6801166391088291 -0.6444326230460069 -0.8994696496567187 -5.406425739507903 -5.397963513816581 -0.8988177801173485 -0.46863743071420694 -0.39802238899333253 -5.374714879002668 -1.0316991262914335 -0.020791870185565497 -0.8952371271028574 -1.2073443960778976 0.10790033293544199 0.10723179858494336 -0.30495097319771136 -0.32018140628355507 -0.1892107545178734 -0.8437850323841241 -0.5162740948895788 -0.42574112532619335 -1.1337817890222197 -1.3838974495321281 -1.2698947110312733 -1.0052530348567115 -0.8869789008731914 -0.8661055080254343 -0.777089040815877 -0.8274859865609678 -0.8271679042030831 -0.8113643935906785 -0.8252837386900238 -0.8248958816582412 -0.8318556093588971 -0.8267811728579424 -0.7627921641758089 -0.8393330927542617 -0.8378192651011427 -0.8391754810085919 -0.8601473149893837 -0.87172238253201 -0.8856913454819879 -0.8954269072199863 -0.9056564040956625 -0.9173491849341697 -0.9146808626847249 -0.9237072369823536 -0.9312610000003256 -0.9324097091047643 
# Gas [N/H]:
-5.218485947384705 -6.812943270487043 -6.4835549647996995 -4.182836635168616 -3.4427432861605727 -2.6258140576341926 -1.8538990106933655 -1.1618446108394815 -0.5323039796232729 0.044012715929700796 0.5189525507688493 0.8158849704176929 0.9334014261578152 0.9659331746949342 0.9744005275989571 0.9867792563097084 1.0108412859519307 1.040464724675434 1.0718986365502392 1.0876213525637595 1.0884098177809673 1.0744694105358903 1.058257654326784 1.039734011940582 1.01663044083088 0.978144817949639 0.9466655157429207 0.8389258381258253 0.7857799609382394 0.6898667891393138 0.5892713179003568 0.45420151251475716 0.278831490621509 0.08226162612965471 -0.258910273647861 -0.7472856043888285 -1.2234743196510411 -1.1132801167310715 -1.381279578969857 -1.0436655393012364 -1.101284814437296 -0.7927962951318834 -1.1845799143356333 -5.860620097809257 -1.4825671727331722 -5.840821029218363 -0.7123211480409868 -0.7225758236973538 -0.6521115057055571 -1.0505552024944977 -5.791787935157089 -0.9243449589691775 -1.082939488616482 -1.5765208885234747 -1.1512608756718716 -0.9287742004000128 -0.9247468938886412 -0.9613686785573599 -1.1135236083573972 -1.1271779118792535 -5.713402776926541 -0.8183687801439117 0.0702148619695313 -0.7325954882116523 -5.685107967880873 -0.644033671399665 -1.354415226232665 -0.932922926039284 -0.7937883348268455 -0.8386087133390969 -1.051051048869156 -1.3571527292945413 -0.8377464012344698 -5.656549004333977 -1.0900337792340178 -0.7294876931682062 -0.9064849839032281 -5.626857912925331 -0.6504423885975639 -0.20975259067428276 -0.7772877385226149 -1.0566554332330051 -0.9548720972280176 -1.0234393651252978 -0.9065467142032677 -0.9470416482380823 -0.8850186099427093 -0.8148368785273625 -1.0493002404281606 -5.580165053054483 -5.542034162505356 -1.0634006683618118 -0.6457730860197683 -0.5684115026393952 -5.559415438838759 -1.2301978131176217 -0.1844289768945524 -1.0611173708628066 -1.3756228437843445 -0.07524370996007068 -0.09233932454824689 -0.4998453861904242 -0.5005055544909327 -0.3688718826017716 -1.0262793896020472 -0.6976642919630427 -0.6102033572279337 -1.3176135760582524 -1.5720571969673731 -1.457333206159734 -1.1959795703457914 -1.0868528879441381 -1.0731011080286796 -0.9921754578463196 -1.0473391935107186 -1.0531615873777316 -1.041866118397179 -1.059690798843227 -1.061000825373692 -1.0701138753687376 -1.0676885637753566 -1.0047644508710194 -1.0813905294386474 -1.080031739130912 -1.081403117174201 -1.1007211815838414 -1.1096990196806393 -1.1196370977400374 -1.1275748123064497 -1.1373032034040147 -1.149717923635607 -1.148296575416203 -1.1573838862216537 -1.1667873780543108 -1.1690502702639431 
# Gas [C/O]:
0.0 0.0 -1.2308203315401827 -1.3095501324778933 -1.0462056539534763 -0.785748296189063 -0.601210330847949 -0.36188332329366724 -0.0732628261917801 0.0953818666133478 0.16354915422750776 0.18846473100055433 0.20350900984387293 0.2307369590301432 0.23974287944806638 0.265587282152051 0.27602780733601395 0.29540216312637374 0.3200795752756347 0.3589845930222291 0.3461485877867463 0.38435133310157976 0.40810582525072137 0.46447091286051767 0.42945845223967816 0.4995729371438026 0.555647041913205 0.6289751983878586 0.6882575192399325 0.7420028725916045 0.7788295527512581 0.8116721907280097 0.8272170287127402 0.8723321629683943 0.9304635721919028 0.9576133412986311 0.9830468782103505 1.0049861448690107 1.0370833029396 1.0739108575094534 1.1070460211112476 1.0962168205297758 1.1622004694410226 1.1640686217290925 1.1776325760110835 1.1925171830877104 1.211299000216211 1.3525287417529905 1.1497341163618198 1.2371874777545528 1.2527241221609864 1.2759018425301087 1.292876962287513 1.2815460995589398 1.3103038539707192 1.2910398969683374 1.3063077403381946 1.3283977318580817 1.3151652406403807 1.2941692515755627 1.335046885132477 1.330242678917889 1.3340292721586422 1.3375974509957875 1.3248433376215576 1.3510960341422131 1.3296110023241323 1.350137162454715 1.3499797562201112 1.3440148436607164 1.346467509058036 1.3257143744839262 1.339163469697342 1.315051800710143 1.3179936387275075 1.358506317901591 1.3363488512236257 1.329768240535801 1.3220586059415655 1.3211935257555338 1.3168540232176913 1.3121280584350001 1.3234135314996316 1.2866156493614027 1.3041145352000265 1.313292706626876 1.3447476549664201 1.3157886996792605 1.2884068302900409 1.2869426286565875 1.2869732708785684 1.28676570210142 1.2833585114219976 1.2937126859573118 1.300569591054308 1.3046876376770766 1.2793341159576668 1.2652636396048034 1.2691854856775655 1.2736665424164737 1.285482261208871 1.289170827337872 1.2814674182068264 1.2717442869552822 1.269852553975811 1.2675135797586385 1.2679751597236153 1.2680040455534398 1.2688515579263553 1.269817636936656 1.2578322615716844 1.2409992624008104 1.2240109925947793 1.207791556271426 1.191116918745688 1.1697681512378577 1.1451486213914266 1.1323280043389539 1.1269444237832715 1.1213437961509416 1.1000611745116964 1.0859576369096249 1.0770455497011109 1.0729099326493006 1.0572128250526505 1.0393680759950465 1.0083503595213474 0.9817270464020036 0.961024693278855 0.9435568855462512 0.9285424596064334 0.9155766953916056 0.904868154466086 0.8951336700007562 0.8869803280234246 
# Gas [Ca/H]:
-5.218485947384705 -6.812943270487043 -5.1538972986882765 -2.757805883430944 -2.2229773232110492 -1.9339779134211605 -1.7280858165430377 -0.9649431415391287 -0.19920563869115604 0.4024374998903735 0.8674988364992062 1.1561412300508778 1.2705410112464737 1.298707664233457 1.2940727143873385 1.2846539377155652 1.2765046462173641 1.2673713788940644 1.25947411397276 1.251329282888796 1.2447594035353529 1.2363564877763018 1.228988699973458 1.2213979377527444 1.2152855857363445 1.2098400198297936 1.2047624625410238 1.2005545141731204 1.1946048931080782 1.190776201321908 1.1876454829631724 1.1829055039943892 1.1788922822733339 1.172823708411448 1.1737520883595316 1.172459870078507 1.1719835523328417 1.169427786218404 1.1767695077532352 1.1639582569476508 1.1680293108376487 1.1678073112254372 1.16703677531088 1.1676840130514323 1.1692341788458478 1.166169428919635 1.166859393358676 1.1657019806986284 1.1658587737559802 1.1630247255999446 1.1656056198001092 1.1642445777691757 1.1640464394991348 1.1627458573643006 1.160480820246911 1.163947654650375 1.1609768782220131 1.1582299068483506 1.160925875195984 1.1637900370013226 1.1597028501155213 1.1609917784646209 1.153251545286163 1.1522386896727683 1.1578394536364156 1.1624920361465412 1.158367450913782 1.1671111813921824 1.1535564577172517 1.1502055211434765 1.1566267682823348 1.1504110215195578 1.1538239612147763 1.1262328768280838 1.1478531379420192 1.1445838995748074 1.1391206944324583 1.1315463299543458 1.134031071619928 1.134089712745575 1.1339160124426737 1.1275324180299409 1.1202399159047483 1.125219162858576 1.1288374236236258 1.1209723868980488 1.1099582511013484 1.1206653781107923 1.123659483057331 1.112503377988041 1.1455062228070014 1.1236492969963994 1.1039650879232008 1.1157575273878368 1.1086274217875705 1.1042970004799946 1.118852115964077 1.1100462025667932 1.1083309406524116 1.1028555279732215 1.0889917745647217 1.092560762448124 1.10167302815438 1.1031931059703428 1.1016577336804279 1.103225417596982 1.1012347985219382 1.0988703645843998 1.0974785826716813 1.0972457642607685 1.0930974380182858 1.0839254834649497 1.0779364506479885 1.0709565921005337 1.0664731719366358 1.0620845449082266 1.0592900884666552 1.056907691848533 1.0556695626580659 1.0546240046174287 1.053772822352263 1.0541438264665475 1.054689579733366 1.0550872270956546 1.0564584391051595 1.0598148739801045 1.065760934940882 1.072013971093579 1.0758504943556968 1.0776626825806286 1.078009991909159 1.0776022013264184 1.0781857528137797 1.0770893853606012 1.076473085739308 
# Gas [Ne/H]:
-5.218485947384705 -6.812943270487043 -4.811346598342336 -2.5252635809136965 -1.9676235509208988 -1.6815749916947453 -1.5206192858498184 -1.4367790673987857 -1.3903508907547844 -1.3161870212820483 -1.1614043927522504 -1.0277964262208004 -0.9543935150746812 -0.9595342247796488 -0.9978451280333358 -0.9233916699779279 -0.9450529662851697 -0.9865117199565239 -0.9735468037390005 -0.9696213209589981 -0.9742953954091149 -1.0311944657303638 -0.9682302953843669 -1.0075170651156986 -1.0303022415928664 -1.0180412114036077 -1.0782797541302127 -1.0175457878458731 -0.9621079060214548 -1.0040395933149604 -1.026656726683961 -1.055117977860002 -1.0216626903708637 -1.0163808381977768 -1.0272771972810801 -1.0316810393275757 -1.0137009988930261 -1.2853567764276974 -0.7764887930424722 -0.9820727356882974 -0.9468747828035351 -0.9132735368463578 -0.9323613118317899 -0.9144173558282542 -0.9214995696250146 -0.8753160064931897 -0.865494702110496 -0.8588965615541913 -0.8922819581788408 -0.8413195428543814 -0.8373272711521391 -0.845779223086427 -0.8525464944135246 -0.8437170025215606 -0.8142564010835924 -0.786856244651946 -0.8496250942329544 -0.8345856044006972 -0.8363058839260775 -0.8102614191213116 -0.7898868412136117 -0.7600301631359772 -0.8454621650072216 -0.8022681641978435 -0.7729538199568982 -0.8181197843494692 -0.8261168269853316 -0.7502994232115858 -0.7532723840445135 -0.8222461664072886 -0.8115817589488294 -0.86633231707098 -0.8149278021221722 -0.8260666393368288 -0.8072963017709958 -0.8091605181683299 -0.8577947332904019 -0.8498212106603367 -1.3885766999239006 -0.7158323944445648 -0.870823488676078 -0.7906850124481748 -0.887763612402737 -0.8218589451943936 -0.755616263395015 -0.9477872643393761 -1.0533769572655327 -0.9466190274599304 -0.9187561912386908 -0.9296663245629233 -0.8898052353905657 -0.9037924766513328 -0.9227072636787828 -0.9173736440610947 -0.9718561254811471 -0.9578489832730677 -0.9449732744913089 -0.9674963718645593 -0.8661440929603765 -0.9689212029189322 -0.9793449361599347 -1.000941396887315 -0.9918927769475712 -1.0015733361553538 -0.9727586131788488 -0.9787363026372109 -0.9857066308141276 -0.9895578361989852 -0.974043635589334 -0.9870415201795915 -1.0012492160072828 -1.02807464050609 -1.0601247728291723 -1.0619985042152003 -1.071719411072424 -1.0871350751427515 -1.096245394961322 -1.1009363972079962 -1.1024938141230143 -1.110045297752678 -1.1148278210676699 -1.1179987626480434 -1.1177750212764241 -1.1194495885226816 -1.1185317864066775 -1.117831787702067 -1.1197656489328258 -1.1149807764733577 -1.1117732436656667 -1.1117432257558102 -1.1133572161184881 -1.1132916020404506 -1.114878281354109 -1.1166048990713504 -1.1165799081561456 
# Gas [Si/H]:
-5.218485947384705 -6.812943270487043 -4.841869285159223 -2.4273049046835515 -1.9066290314461813 -1.6350382263493142 -1.4454926064938434 -0.9297601669446003 -0.24753410829302602 0.33741524407653145 0.7985871132995683 1.0861996492175048 1.2008690443280625 1.232052464897619 1.2211279096972762 1.21288808069058 1.2058666362887336 1.1970960523357808 1.1889433529200408 1.1821464723626427 1.1740704907269133 1.1660683376778151 1.1588351855782149 1.1513380917267164 1.1446939642756808 1.1425773383876479 1.1328104794455758 1.129171721808258 1.1243603267351485 1.1211672556496506 1.1170154703146622 1.1125187721052137 1.1082087807368906 1.1030511089187534 1.103648791344829 1.1022602095640526 1.1009929144292268 1.1004593983145274 1.1006275320017656 1.0983023053982373 1.1002724723978914 1.0972292455088004 1.0964528251968209 1.0965571968808185 1.100463596559524 1.0968183333192192 1.0964919467160827 1.0957417990117984 1.095818624001791 1.0929234164483597 1.0955433790144053 1.0935747406499856 1.0946349126672135 1.092739618919433 1.0903250467169818 1.0942637983710863 1.0918320184806203 1.0870488320000078 1.0911108907782023 1.0937162606155022 1.0895456616637706 1.090727222559154 1.083544973340428 1.0820890636274871 1.088271190970445 1.0929913809008869 1.0892411031513318 1.0953054812918834 1.0833878646984312 1.079860831535377 1.0866612155196655 1.0798444050720066 1.0838510628396434 1.0559076759287862 1.0775698233773432 1.0743705440304638 1.0690085347631841 1.061141976113039 1.0646881595348967 1.0643096220909558 1.0633478651875783 1.0572893072165095 1.050077204118978 1.0566287133056989 1.0574889108163363 1.0493216386684958 1.0396900252952053 1.0510136688405805 1.0524753982384771 1.0424388405167173 1.075515553685214 1.0538090982506745 1.0337383340442035 1.0455907328733112 1.0382621121233226 1.0340481748424741 1.048604932666866 1.0400976126402846 1.0379571347363425 1.0290753460676236 1.021562704322339 1.0245707339138517 1.0337720684504101 1.0345308949779435 1.0323254056769193 1.034028032751697 1.0315345886045892 1.0291171325802848 1.0277744458189284 1.0274609067755813 1.023055169528432 1.0145303181710248 1.00777441821801 1.0007987324231964 0.9963005395062559 0.9919045640689168 0.9890920977702797 0.9867154698281446 0.9854742021449674 0.984420120784923 0.9835607156948472 0.9839425022829174 0.9844912173079883 0.9848851530028027 0.9862625908910951 0.9896103569574146 0.9955715808619074 1.0018014305955223 1.005637368682279 1.0074421749645914 1.007794442646809 1.0073835399972966 1.0079671845337992 1.006870722885309 1.0062550624725617 
# Gas [S/H]:
-5.218485947384704 -6.812943270487044 -4.919819185036418 -2.511678830234117 -1.9774226892472795 -1.6917338431569124 -1.494787424515395 -0.9534465914313479 -0.2593900397895421 0.3267416444447262 0.7878080853713119 1.0763918904596763 1.1909295105307307 1.2184022145484255 1.215003007424421 1.2040136783235704 1.196390820906191 1.1872010418964623 1.1796395438106564 1.171421386488705 1.1649826833719463 1.1564991794577009 1.1490203530743006 1.1417002912962495 1.1350910740934768 1.1299818459952364 1.124829737368664 1.1206997981933857 1.1151994187446999 1.1102514306623084 1.1083168931436354 1.102639897547986 1.0992200916528803 1.092738028027516 1.0938772055346422 1.0932864384944252 1.0901500354798186 1.090124177553176 1.0921306156556985 1.088326576398809 1.0914940989379565 1.086740167026604 1.086565036973278 1.08788198882179 1.0894340701124627 1.086700760312998 1.0867112726058186 1.0859214117148257 1.0861878701004426 1.0828978724591223 1.0857138531287465 1.084750029562609 1.0839360301567584 1.0825726118531778 1.0807468018803932 1.08430062789268 1.0838167885373582 1.0761610880387131 1.0807177105031855 1.0831603139137154 1.0804518948747885 1.0809765684180488 1.073523987939185 1.0727992915646607 1.0786813344028507 1.0833290820624724 1.0796522529246406 1.08578522548371 1.0735453378845672 1.0702829510904088 1.0768285490058491 1.0705000247909195 1.073863909576025 1.0463184099190683 1.0680867139022001 1.0647413007041218 1.0593590132556048 1.0516777242302662 1.0545227594724982 1.054753244346737 1.054033176651425 1.0475742574775784 1.040535043442921 1.0476823610940285 1.0471387962117804 1.0407188388357569 1.0307269607511906 1.0403616853133495 1.0438437539320167 1.03187013736972 1.0642696231866409 1.0460149761945812 1.0239155409496594 1.035711275675819 1.0292758273507965 1.0245649187806807 1.0386691492766698 1.0304944658102526 1.028541741524358 1.0230089093137154 1.009229217800931 1.0134273002466396 1.0223860483992815 1.0239745813662529 1.0218513396538205 1.0239189192242333 1.0206447799023288 1.0191704759438336 1.017793947595552 1.0175577167561674 1.0133645049606717 1.0042661199571037 0.9982429644337847 0.9912245507238624 0.986739174877679 0.9823536910579986 0.9795559907707378 0.9771785220297433 0.9759410452623767 0.9749184584379065 0.9740673424257049 0.9744034675452529 0.9749617412493734 0.9753519427010717 0.9767373104743711 0.9800884598632167 0.9860584856758576 0.992275184015952 0.996112524686767 0.9979191240744494 0.9982844292223292 0.9978710065325767 0.9984487405278593 0.9973420992237445 0.9967324611768507 
# Stellar mass-weighted [Mg/H]:
0 -5.218485947384705 -6.555826409149763 -5.053037548559853 -2.996199936869229 -2.7112946649073795 -2.619582169780336 -2.585738004556342 -2.573110233505802 -2.5675236216371644 -2.5636574004353756 -2.56031330965451 -2.5573648154063644 -2.5548531909139243 -2.5524349220801765 -2.5499400687095664 -2.5476513376273653 -2.5455762757486573 -2.5438154690848096 -2.541987274740346 -2.5402078405456203 -2.5385420341714715 -2.536959993372685 -2.535460834674886 -2.5340178372260436 -2.5326406774103623 -2.5313272613239546 -2.530023010090055 -2.5287856949497973 -2.5276422581941542 -2.5264995760707523 -2.525384301084035 -2.5243061950632955 -2.5232367283739014 -2.522202324782068 -2.5211916556085185 -2.520196028918548 -2.519189505595616 -2.5181509256879364 -2.5171134760627494 -2.5160910613241434 -2.515088330560255 -2.514042985542943 -2.5129881749664635 -2.5119225879234515 -2.5108749351915547 -2.5098516154454806 -2.5089174581932623 -2.507766498353896 -2.5067265342589495 -2.5056720289471475 -2.504611058398515 -2.5035967182706313 -2.50260345280821 -2.5016082634650134 -2.5006459046042204 -2.4997494723842415 -2.4988821834179404 -2.498065380774837 -2.49727714114025 -2.4964693986510307 -2.495689548772023 -2.494953659056013 -2.4942396472733677 -2.493542492693801 -2.492860541168281 -2.4922290245445513 -2.4915800113118616 -2.490944699414804 -2.490352564433951 -2.4897775946342167 -2.4892301208114826 -2.4886782231479287 -2.488109119631468 -2.487589872744233 -2.4870641697390417 -2.486530803655981 -2.486028804617061 -2.4855596902998274 -2.485104438933101 -2.484671038704131 -2.4842328969098926 -2.4837413080910196 -2.483300119518418 -2.4829252907243777 -2.4825080765994407 -2.4820834993326217 -2.4817044930078245 -2.4813051552606806 -2.480890630231549 -2.48050732629995 -2.480164582282409 -2.4798278938217457 -2.4795012344238234 -2.479176155591766 -2.4788671041851957 -2.478654946095081 -2.47822189761476 -2.4779881539886386 -2.4776452464118535 -2.477324223089952 -2.4772632759667843 -2.4772164911865735 -2.4771748750420413 -2.4770769744226397 -2.4770223866298835 -2.4769555591732884 -2.476878418300598 -2.4768047890261844 -2.4766950153980574 -2.4761657623378515 -2.4752052218021205 -2.474439103488166 -2.473822419140915 -2.4733714731500065 -2.47282145079443 -2.472358608665755 -2.4720795524653 -2.471961964965401 -2.471863713687143 -2.4716480673307224 -2.471472597468032 -2.47140692134821 -2.471373158019386 -2.4711673538054955 -2.471036758403587 -2.4707474045089324 -2.4705942844399686 -2.470486689826627 -2.470360507157424 -2.4700986154733675 -2.470033919001291 -2.469830805645304 -2.469727255179781 -2.4695817564448967 
# Stellar mass-weighted [C/H]:
0 -5.218485947384705 -6.555826409149763 -6.003659921931256 -4.09615964185394 -3.6555526234358613 -3.4644065360779175 -3.3824850190955003 -3.335937792619646 -3.2985683034908684 -3.265913276178524 -3.237502300159835 -3.2126749034149737 -3.190963590970065 -3.171218157100588 -3.153061790837417 -3.1363097781183047 -3.1205185185449418 -3.1057391948202886 -3.091414053327533 -3.0776277985889005 -3.064344644412957 -3.051413935974912 -3.0389198848416443 -3.026779694370876 -3.014729708778291 -3.0022253802837975 -2.988860934218719 -2.974695443383639 -2.9600854785724646 -2.9444783252146642 -2.92841766230769 -2.912147758859068 -2.89591639706841 -2.8795003845853673 -2.8628262268003386 -2.8460299176716344 -2.829005770796557 -2.8116234853569804 -2.794116084396731 -2.7766723535326268 -2.7593455913884464 -2.742107920659583 -2.725102913627844 -2.708277088002749 -2.6916900230889 -2.675407140598204 -2.659417357858157 -2.6436461028621414 -2.6281966300738056 -2.6133349017536975 -2.5988826138695478 -2.584664480535671 -2.5706675114394058 -2.5572455019363396 -2.5438888807553584 -2.5313477310194177 -2.519216888411382 -2.507525097983054 -2.496108267233665 -2.4851031713683014 -2.474320988157629 -2.4639338784346254 -2.453825871331939 -2.4439776054509013 -2.4342584606511446 -2.425014945966292 -2.416053979292105 -2.407450756080242 -2.399028707547953 -2.391012163098413 -2.3832043759630848 -2.375603319384302 -2.3681791307174977 -2.36115659308013 -2.3543188246799893 -2.347688915126713 -2.3411584918652357 -2.3349753620236955 -2.328962563375283 -2.3231497190665715 -2.3174675195090275 -2.3119246017536668 -2.3065891875211664 -2.301410043364207 -2.2963372135959084 -2.2913973728698602 -2.28647374006367 -2.2817047688115757 -2.2770926945204426 -2.2727383248691364 -2.26849095417498 -2.2643368582520784 -2.2601951198040746 -2.256110406349065 -2.2521022271003703 -2.248309950363976 -2.244414334745148 -2.24080579370166 -2.237235553101007 -2.233719430226804 -2.233566761387589 -2.2334572059193336 -2.2333383940469576 -2.233216140360068 -2.2331028980171963 -2.2330093240607534 -2.2328888026807423 -2.2327861846146257 -2.2325990460964755 -2.2317457459116685 -2.2301617759349757 -2.228907345615837 -2.227811329861602 -2.2269893662644984 -2.22612352953536 -2.2255776025383716 -2.2252922979015333 -2.2251538286366346 -2.225134638654267 -2.224971661920126 -2.2249704861209816 -2.2249312167441584 -2.224977676024052 -2.2247443051322042 -2.224765673633587 -2.224298937676764 -2.2239902048210913 -2.223778615852426 -2.2234337286030055 -2.2225736588967804 -2.2224671624490187 -2.221717577860008 -2.2214316153604843 -2.2209259867175843 
# Stellar mass-weighted [N/H]:
0 -5.218485947384705 -6.555826409149763 -6.451033094898129 -4.688121354881767 -4.254862134206359 -3.8789365342211166 -3.5730451554943317 -3.3424341944958753 -3.17183997867708 -3.0434637851390685 -2.946502316553036 -2.8724616185096057 -2.814874811156482 -2.7675065220189676 -2.7270159123369595 -2.690968789836835 -2.657727985806659 -2.6262925089232105 -2.596113683526208 -2.5680467262602216 -2.5427210390651087 -2.5200562821911943 -2.4999410034935563 -2.481953686004359 -2.4659492267276493 -2.4521128463087747 -2.4398922091058832 -2.4305965850094253 -2.4226033156222258 -2.416254391110254 -2.4112338149606707 -2.4074213741971615 -2.4046577491572663 -2.402654466319352 -2.401334764816606 -2.400399230223198 -2.399598832193967 -2.3987980057172678 -2.398064661375468 -2.397319021242695 -2.396613404511636 -2.395847427255984 -2.39517654863889 -2.3945527201267414 -2.393939151136311 -2.393390489204525 -2.392724241086518 -2.392047975151125 -2.3913707866458385 -2.3907775425438365 -2.3902607314971522 -2.3896823897867137 -2.3891531329693647 -2.388663187873785 -2.388140762513231 -2.387612209498103 -2.387101001881703 -2.386605775724905 -2.386152308175636 -2.3856861271058714 -2.3852857124450297 -2.3847884145021023 -2.3837857610130815 -2.383304158530489 -2.382931811774627 -2.382463647927934 -2.3820618061233754 -2.3816436368998772 -2.381214564967757 -2.380808223239354 -2.380428866042247 -2.3800786335189743 -2.3796821629186766 -2.37936691839806 -2.3790177191745405 -2.3786165037064873 -2.378249440917142 -2.3779542390242563 -2.3775668529856633 -2.3770143603402625 -2.376652947437031 -2.376329088832155 -2.376005810689728 -2.375701556032044 -2.3753864176294286 -2.3750760507654 -2.374796544685265 -2.3744765819060722 -2.3741702925636465 -2.373912707824905 -2.373662621323988 -2.373377989800761 -2.3730307221351277 -2.3726821638947655 -2.3724487297816346 -2.3722802587569163 -2.3716912575820475 -2.3714657270252353 -2.3712714112409348 -2.3707095975223087 -2.3704834741643985 -2.3702786515909082 -2.3700864919260347 -2.369783529044443 -2.369598247648633 -2.369400279613801 -2.3691944879010816 -2.3689911998077537 -2.3686087356172596 -2.3668960419323257 -2.3638022007979567 -2.361342540421373 -2.359185884594731 -2.3574220182644012 -2.3553317932525157 -2.353626853316679 -2.352296170706868 -2.3518726026066954 -2.3512705469998645 -2.350367510349754 -2.349672741710541 -2.349128213510342 -2.34896441244464 -2.3479608665499088 -2.34717537721857 -2.3453146532307523 -2.3439551600747395 -2.342806178969062 -2.341683043598853 -2.3403590167923065 -2.3393906890597194 -2.338402604106756 -2.3372694099039597 -2.336542152954875 
# Stellar mass-weighted [Ca/H]:
0 -5.218485947384705 -6.555826409149763 -5.327382396938241 -3.2664577204491607 -2.971280991093435 -2.8700706485602367 -2.829731733134082 -2.753157278998726 -2.650610980408837 -2.5584332797891047 -2.485545122560188 -2.4283234917561973 -2.3826676261046487 -2.3445382603135254 -2.3121603483145217 -2.28419268660294 -2.2596785016936867 -2.23793900435595 -2.218298417932603 -2.2005468907181482 -2.1844306251385195 -2.1695151074784347 -2.155828829052459 -2.1431286706155905 -2.1312868199396924 -2.1202196592063958 -2.1098326289516987 -2.10003351865924 -2.090781471273524 -2.0820036149368946 -2.073682142815274 -2.0657481629524437 -2.058179121675484 -2.0509720800764306 -2.0440757152616698 -2.037458708848594 -2.031098925102855 -2.0250170880301814 -2.0190911735977366 -2.0135292696664333 -2.0081294173913706 -2.0028878693026915 -1.99782040997244 -1.9929058795400891 -1.9881656134704233 -1.983600416172072 -1.9791699160447012 -1.9748509301144006 -1.970635094084633 -1.966575326985737 -1.9625858201188127 -1.958748888270363 -1.9549868515710536 -1.9513532028505942 -1.9477635327629343 -1.9442999444083764 -1.9409099228480864 -1.9376194858586793 -1.934395837147453 -1.9312483929543056 -1.9281584060841048 -1.9251433828834497 -1.9221959920482297 -1.9193224690665769 -1.91649865572169 -1.913758613208775 -1.9110368801990028 -1.9083766113624492 -1.905765279311412 -1.9032324709632231 -1.9007249521941754 -1.898278212696046 -1.8958596070149776 -1.8935050935519255 -1.8911765530807498 -1.8888923023283253 -1.8866355204978573 -1.8844414895530024 -1.8822761966622794 -1.8801570442306872 -1.8780504201165877 -1.875989559213024 -1.8739606704015488 -1.8719894345161379 -1.8700147921048718 -1.8680891813188412 -1.8662163522181778 -1.864345252690872 -1.8624735807099162 -1.8606450841888602 -1.8588462455371912 -1.8570748465881088 -1.8553094895155793 -1.8535837927885508 -1.8518885068604547 -1.8503021461781177 -1.8485302988603012 -1.8469361845704624 -1.8453604016920773 -1.8437534674241025 -1.8435666558202843 -1.8434098626770794 -1.8432545008136918 -1.8430330141317564 -1.8428791941075797 -1.8427311845108454 -1.842565801077657 -1.8424105826172745 -1.8421270775857774 -1.8408154454365642 -1.83843740530373 -1.8365419803022744 -1.8348892978335059 -1.8335666664697845 -1.832038130337236 -1.8308540686598214 -1.8299910418118301 -1.8296981854659053 -1.8293468290277488 -1.8287681576254737 -1.8283768003071748 -1.828056826634704 -1.8279822442098403 -1.8273228530597834 -1.826884590583819 -1.8256465021584782 -1.8247539671936304 -1.824018963318057 -1.823250258275558 -1.8221571830091685 -1.8215632759055005 -1.8207064036572982 -1.8199514592249555 -1.8193350682471259 
# Stellar mass-weighted [Ne/H]:
0 -5.218485947384705 -6.555826409149763 -4.99195256968169 -3.0333631390154476 -2.7239661898368706 -2.621678868861909 -2.58660256457585 -2.5755463251950186 -2.5723941409072832 -2.5710470892633683 -2.5700167850769375 -2.5691200496989133 -2.5684067376679662 -2.567522532669221 -2.566473219918967 -2.5655904172161907 -2.5647286053282112 -2.564188258935962 -2.563500776465216 -2.56281499067288 -2.5621781498245193 -2.5616060786970385 -2.5610364269578696 -2.560488842064335 -2.5599660137144022 -2.559477982307971 -2.5590314356145702 -2.558556581088352 -2.5580871587776457 -2.557645597300434 -2.5572329032986616 -2.556846338068752 -2.5564718433828766 -2.556100201624054 -2.5557404469537497 -2.555394378365383 -2.5550545398163917 -2.5547680689166077 -2.5543591890424278 -2.554052305213503 -2.5537510606539113 -2.553424608336571 -2.5531072745957344 -2.5527823679170334 -2.552492324266723 -2.5522228146720494 -2.551929394499732 -2.5516305590628914 -2.5513598428449464 -2.5510610297360703 -2.550767664601622 -2.5505014866856444 -2.5502545442202624 -2.5499952285953063 -2.5497117499260336 -2.549450922781335 -2.5492088010934912 -2.5489882180933847 -2.5487804664557308 -2.548521566682873 -2.548271022118076 -2.5480299307520236 -2.5478092136083097 -2.5475837089824536 -2.547356609182356 -2.5471744224876094 -2.5469532824926358 -2.546715144087389 -2.546494445767366 -2.5463147181675385 -2.54612327646275 -2.5459302190400503 -2.545739411646795 -2.5455613100918315 -2.545378013662667 -2.5451823091591335 -2.5449998664761795 -2.54483893202078 -2.544746930824444 -2.544552920055458 -2.544376492298017 -2.544191896748851 -2.5440514860634034 -2.543903271530567 -2.543736713896994 -2.5435884356508085 -2.5434903572393806 -2.5433586246315567 -2.543177854166145 -2.5430153681833296 -2.542890235745735 -2.5427826964364915 -2.542629178262816 -2.5424952625707578 -2.542391920967244 -2.5423646374453437 -2.542121889088876 -2.5420614409668225 -2.541874077153622 -2.541760838120985 -2.5417206863179445 -2.5416907829936397 -2.5416673189424968 -2.5415882687390328 -2.5415491616008055 -2.541494464773306 -2.541430844709045 -2.541368976273988 -2.54128655528125 -2.5408795206484873 -2.540140948006698 -2.539554254435978 -2.539101002472382 -2.5387887859542824 -2.538391218223204 -2.53803144129909 -2.53783977190656 -2.5377484809196513 -2.5376855193114487 -2.5375213032656863 -2.5373708193526303 -2.5373433902152414 -2.5373129357362654 -2.5371746385457783 -2.5370856633857377 -2.5369445696183206 -2.5369099825274093 -2.536901220068521 -2.536878327554687 -2.536762526383388 -2.536781005076638 -2.5366932808458653 -2.536695871398819 -2.5366334782085698 
# Stellar mass-weighted [Si/H]:
0 -5.218485947384705 -6.555826409149763 -5.022040091258628 -2.9361030174677225 -2.6497237859825535 -2.5550112588816942 -2.518413981379047 -2.4787202157287833 -2.4277743478838696 -2.377958913897814 -2.335317400159216 -2.2998098108324436 -2.2702262877229877 -2.244445126235421 -2.2221980500029472 -2.2025670592619386 -2.185004121202047 -2.169242061532584 -2.154784312634461 -2.1415252695317397 -2.1294108015128463 -2.1180948861042346 -2.107626897732711 -2.097838472228248 -2.0886622829523347 -2.079980918946416 -2.071869158643695 -2.064163683036411 -2.0568398927481812 -2.0498525036038497 -2.043217206068989 -2.036865339750233 -2.0307900985467464 -2.0249743065169588 -2.0193950074573506 -2.0140277607353987 -2.008863411527254 -2.003888977602389 -1.9991017009347782 -1.994503764437285 -1.9900502770594448 -1.9857388702862089 -1.9815613635323936 -1.977504636966236 -1.973570008401408 -1.9697834068110236 -1.9661041513924342 -1.9625074303560641 -1.9589945156363022 -1.9556021164067534 -1.952264098734398 -1.9490561574386618 -1.9459003374775339 -1.9428490317243812 -1.9398289202648398 -1.9369121073483315 -1.934050329247249 -1.931284138138329 -1.9285644090643608 -1.9258996803501738 -1.9232831635541325 -1.92073020170612 -1.9182282711606558 -1.9157890068209644 -1.9133873690958296 -1.911058457214522 -1.9087347627095737 -1.9064732089762382 -1.9042469133337327 -1.902089249765278 -1.8999475865808293 -1.8978563908349484 -1.8957869267174665 -1.8937738965126307 -1.891780361638257 -1.889820663940684 -1.8878831337219504 -1.88600235158217 -1.8841412921855971 -1.882318886954911 -1.8805060892014538 -1.8787315297407519 -1.876986484848575 -1.8752845635449509 -1.8735876680851948 -1.8719298382699936 -1.8703168448579932 -1.868699568893021 -1.8670787026020141 -1.8654940252197258 -1.8639389345296689 -1.8624080545057655 -1.860876571126723 -1.859380867547383 -1.8579144686014653 -1.8565513328166494 -1.8549977535645388 -1.8536214908848185 -1.8522447593586824 -1.8508591901859734 -1.850692787514081 -1.8505539202438195 -1.8504170316469413 -1.8502153124876317 -1.8500776540679675 -1.8499427846956165 -1.8497916464880646 -1.849649322299241 -1.8493944533434776 -1.8482094097834771 -1.8460605271308665 -1.8443468875924882 -1.8428606187715717 -1.8416774730422407 -1.8403045381076266 -1.8392340788067827 -1.8384624916672623 -1.8381972512296496 -1.83788504192505 -1.8373628565617661 -1.8370043058502077 -1.8367238999391882 -1.8366552647796306 -1.8360668642067557 -1.8356756960833014 -1.8345864527426876 -1.833809777586966 -1.8331726585673938 -1.8325043888556989 -1.8315435880882784 -1.8310316653549634 -1.8302787372741527 -1.8296250473285784 -1.8290833243198792 
# Stellar mass-weighted [S/H]:
0 -5.218485947384704 -6.555826409149762 -5.098731848368369 -3.020436025197272 -2.7255668112744837 -2.6254108237626115 -2.586487370402864 -2.5422492206835683 -2.4850918618813482 -2.4299453394029626 -2.383298860120851 -2.3446991724775925 -2.312744398317782 -2.285269030452662 -2.2612872197417557 -2.240310998661678 -2.2216196932240084 -2.204893013425952 -2.1895710467623477 -2.175588637478744 -2.1627889029302185 -2.150862254323423 -2.1398496562951843 -2.1295614775354403 -2.1199266571395636 -2.1108756127556587 -2.10234497312912 -2.0942584476902084 -2.0865892112010798 -2.0793037854188006 -2.0723587416304694 -2.065730417130391 -2.059382920581582 -2.053326524512123 -2.047513457232691 -2.0419149609191365 -2.036551155322446 -2.0313821152430496 -2.026390873741933 -2.0216127085573197 -2.016975279716264 -2.0125038149953296 -2.008167709936033 -2.0039485631918126 -1.9998761337306918 -1.9959498513177971 -1.9921349831296302 -1.9884072316385186 -1.9847652075329716 -1.9812530793534382 -1.977796495175867 -1.974468014851099 -1.9712065884645265 -1.9680511501175806 -1.9649253989533717 -1.9619089930782394 -1.958938532532021 -1.9560837541815204 -1.9532746911612238 -1.9505253951857506 -1.9478180839871797 -1.9451798872946613 -1.942596484466213 -1.940074695735417 -1.9375934505757764 -1.9351874179390007 -1.9327880742302233 -1.9304533340681695 -1.9281559656424534 -1.9259280035142776 -1.9237186353028415 -1.9215600091840948 -1.919426428915001 -1.9173493699947146 -1.9152924609679411 -1.9132718644537423 -1.9112743817073792 -1.9093343210470826 -1.907417330213109 -1.9055385329546466 -1.9036696139234657 -1.9018414763231437 -1.9000425955182187 -1.8982862515654242 -1.8965405009108407 -1.8948296333741137 -1.8931653443734522 -1.8915031711084174 -1.8898325574387638 -1.888204644536005 -1.8866083116689145 -1.8850260088387527 -1.8834509055342377 -1.8819124260706044 -1.8804006852642878 -1.8789949201952583 -1.877400976343158 -1.8759828852611475 -1.8745682921125857 -1.8731325246863948 -1.8729622041857228 -1.872819667133073 -1.8726792295582086 -1.872473525995832 -1.8723329548361747 -1.8721954174048454 -1.8720414769600477 -1.8718968454024285 -1.8716359484893141 -1.8704259738179765 -1.8682319140184962 -1.8664828769597683 -1.864963998098621 -1.863753798206207 -1.8623508518257124 -1.8612581091459308 -1.8604689907418885 -1.8601983018395778 -1.8598786170213089 -1.8593453795685173 -1.8589802767303887 -1.858692371978787 -1.858622601842792 -1.8580202666651946 -1.8576201292180112 -1.856502311768371 -1.8557036720232185 -1.855048015589662 -1.8543608140006222 -1.8533745348699933 -1.852847286523275 -1.8520743575078429 -1.851401647324911 -1.850845590970768 
# Gas metallicity, [Z/X]:
-5.2406767730474275 -6.8351340961497655 -4.918381360636946 -2.551518332305802 -2.040205868038706 -1.6922524237362537 -1.2256496701342108 -0.7054641672225508 -0.24707683895758636 0.14298145477169855 0.4668259391262848 0.6760564441389141 0.7540231472477974 0.7712994875132904 0.7724048990284973 0.7638285375477434 0.7584719430511973 0.7534922913103319 0.7502107078040954 0.746590979957127 0.7428240691416275 0.7350581440816468 0.7288054142695393 0.720336453904075 0.7191375226381354 0.7110371189030267 0.7134709089347037 0.7025272197379322 0.7078479096168306 0.693891592468824 0.7066181276502367 0.6843749013060747 0.7111068487993016 0.612306204265787 0.7604957851886976 0.5733437665461918 0.8699300081975594 0.2126255991551409 1.0504708782465773 -7.230039233804673 1.259467663418201 -7.207778397823207 1.4440778495635884 -7.185441124690197 1.6278617832620257 -7.165642056099301 1.815047741737025 -7.145475314188976 2.013922278649425 -7.128771875017446 2.2232717746338744 -7.108886225662397 2.450296376255409 -7.092332864457898 2.6889077202108718 -7.0740000543206545 2.948362586180137 -7.063802287756815 3.225324148278148 -7.041724312168773 3.5190846723558824 -7.02927139582037 3.8291388906265595 -7.022755600291855 4.160259819839298 -6.997983040523936 4.506374466931265 -6.9810927818433 4.8647564609301845 -6.982970076920617 5.244158130258392 -6.969646350414326 5.633402631976049 -6.981370031214917 6.039113205169441 -6.950764989705204 6.455865800909552 -6.951678939806271 6.883998503615638 -6.937488084278975 7.3334075268919605 -6.932644025591808 7.783096572808584 -6.921425167057155 8.25629947000614 -6.917748635540093 8.72783961293932 -6.907158396174204 9.228035240417451 -6.904986079935425 9.760353293674774 -6.883506635137552 10.262100670914364 -6.882153174327028 10.79189949231787 -6.8837407981647 11.338866541119234 -6.868797883409503 11.883877111357286 -6.866388110678733 12.42877966681505 -7.143331115572845 12.55668590527859 -7.415898947329161 12.475463137491703 11.615470220818562 12.283297090306087 11.941851134343752 12.106500540723895 11.951945691156093 11.753730304923543 11.539751721794929 11.425134156489989 11.33449267375009 11.266783493500132 11.188131779957526 11.131049586953445 11.085090908953479 11.072616713396732 11.047504631459299 11.01573650584114 10.990005412333318 10.975322746821762 10.96867427530017 10.942648962930132 10.91771239667622 10.878097512009925 10.849975103179702 10.825980286732426 10.804656235762891 10.785370030880319 10.767936113957003 10.753557770229355 10.739125564552973 10.726557075820512 
# Stellar mass-weighted metallicity, [Z/X]:
-4.152288344383056 -5.2406767730474275 -6.578017234812483 -5.097699120268864 -3.0600713461009317 -2.779627468337628 -2.6619056321327257 -2.5704912070108916 -2.4950113617047043 -2.4425372682792137 -2.4091028806900043 -2.3869775597406653 -2.3706165251773568 -2.3575004130737174 -2.3458122907214607 -2.3350456695247512 -2.3253454091688557 -2.3164457990501486 -2.308314198252628 -2.300615036318648 -2.293403328499619 -2.2866544595502054 -2.2802679623490594 -2.2742991849310163 -2.2686614844911652 -2.2632745999703703 -2.258203291856513 -2.2533173999691254 -2.2486892153440525 -2.244183341423498 -2.2399373651111265 -2.2357660769063052 -2.231879678631792 -2.227918608675722 -2.224730455967454 -2.2206387330209036 -2.217876612726065 -2.213090862747019 -2.2116687534182216 -2.2051441684376902 -2.2046756030347243 -2.195110866898621 -2.194647133238986 -2.1811571355155053 -2.180692007108486 -2.162012290642883 -2.1616014636551952 -2.1355248194880003 -2.1350724992724137 -2.098358870735714 -2.09790636710591 -2.046431492882175 -2.045975640700025 -1.9735040129351311 -1.9730234729926777 -1.873167676964482 -1.8726411183047615 -1.739547514841712 -1.738991519485101 -1.5677261589886184 -1.5671119480504274 -1.35703643972207 -1.3563860674698816 -1.108702529663997 -1.1080219403220706 -0.8308071474704828 -0.8301205954803186 -0.5264091205871433 -0.5256959976535838 -0.19729896696699378 -0.19659938308030656 0.1508105650765479 0.15151705221026157 0.5172073090400577 0.5179020074485339 0.9035518709746637 0.9042532427707553 1.3068001423156652 1.3074894664775703 1.7220247958864305 1.7227013158933362 2.1523751862543903 2.153054864520929 2.597083898154146 2.597740232420147 3.0499941796902483 3.050647457015552 3.5197452721745757 3.5203884876623004 3.9946823094226227 3.99533520662298 4.487489085951274 4.488126659966394 5.009067481629981 5.009703562869298 5.527311914536386 5.5278471428671585 6.05266478162078 6.05324398456985 6.593445181197233 6.594068027588092 6.594625720440664 6.595145836919597 6.595702142527441 6.596094520742194 6.596488782104845 6.596620568769558 6.596985673361593 6.5969345831321355 6.597104158635614 6.597580067821128 6.598248580756081 6.59912139006336 6.600072310160284 6.6008899518485356 6.601961155533673 6.6027808443713685 6.603426974648365 6.603708352961726 6.60389436972093 6.604227322956437 6.604243247095553 6.604246622529769 6.604140619021027 6.60423752251239 6.604055413776228 6.604591928358026 6.60497182297405 6.605429143851349 6.606196985017658 6.607264485199856 6.607539370008018 6.608826834384791 6.609260720296906 6.610249794534235 
# Number of SNIa (log_10):
0 0.0 0.0 0.0 0.0 0.0 2.0100735818009717e+53 1.0855913847237063e+55 2.9584702169681046e+55 4.951896738511197e+55 6.773052030415845e+55 8.38012094677421e+55 9.801296887150653e+55 1.1071527662734737e+56 1.2219264600646941e+56 1.3266105028053547e+56 1.4228471588485517e+56 1.5119067495875778e+56 1.5947919773158551e+56 1.6723080550179123e+56 1.7451114678758131e+56 1.813744738993448e+56 1.8786611974089474e+56 1.9402439467372011e+56 1.9988199465786e+56 2.0546694053423253e+56 2.1080359031442854e+56 2.159131667774017e+56 2.2081414079215338e+56 2.2552286701477486e+56 2.300540330016539e+56 2.344213614602143e+56 2.3863467801858656e+56 2.427048231615254e+56 2.466417950715836e+56 2.5045402871555714e+56 2.5414909637662113e+56 2.5773337315659013e+56 2.612144639096741e+56 2.6459785314259e+56 2.6788853128353566e+56 2.7109156168099746e+56 2.7421127993147577e+56 2.7725201238556693e+56 2.802177467021768e+56 2.8311210452662813e+56 2.8593844927992995e+56 2.886994152217099e+56 2.9139887787792945e+56 2.9403939806969104e+56 2.9662301552317647e+56 2.991519640965953e+56 3.0162904379349603e+56 3.040560988459928e+56 3.0643516103068153e+56 3.0876794720095108e+56 3.1105636711722887e+56 3.1330016068187756e+56 3.1550490635114764e+56 3.1767093242562097e+56 3.1979902859529174e+56 3.218897614702078e+56 3.239433398460601e+56 3.2596223410224434e+56 3.2794829410128584e+56 3.299019297761335e+56 3.3182438085795597e+56 3.3371680102226536e+56 3.3557987381557533e+56 3.3741435593707994e+56 3.3922144748172437e+56 3.4100195721477525e+56 3.427557755894467e+56 3.4448479068825743e+56 3.4618976755180676e+56 3.478707520416268e+56 3.4952850196415583e+56 3.5116370704374327e+56 3.5277698857367683e+56 3.5436879008493868e+56 3.5594000330478594e+56 3.574902261777944e+56 3.5902129256395652e+56 3.6053343431518813e+56 3.6202669344358574e+56 3.635014932780933e+56 3.6495841238155005e+56 3.6639826436410943e+56 3.678206913400573e+56 3.6922601872259003e+56 3.706155025431474e+56 3.7198837465287176e+56 3.7334622805162127e+56 3.7469016534192747e+56 3.760189121843251e+56 3.7733272334814514e+56 3.786323038703934e+56 3.7991824141704054e+56 3.8119022380793403e+56 3.8244882246216734e+56 3.8369419362394364e+56 3.849264607900949e+56 3.861470263639024e+56 3.873554895799321e+56 3.88551719880775e+56 3.897363204570156e+56 3.909092115245734e+56 3.920704791552209e+56 3.932206946714874e+56 3.9548893499032235e+56 4.062306695828209e+56 4.252032265844744e+56 4.41586768008367e+56 4.560037778276496e+56 4.688778547447889e+56 4.859248726425518e+56 5.008530158732261e+56 5.141312921981337e+56 5.182533951053995e+56 5.260883830824804e+56 5.369630108774013e+56 5.469375712715503e+56 5.531549586580315e+56 5.561468396529299e+56 5.674231016170464e+56 5.801765942736737e+56 6.022302471514853e+56 6.2085902510216575e+56 6.369853056299866e+56 6.512070027968258e+56 6.639152755474597e+56 6.754171889554598e+56 6.859121711113348e+56 6.955644092130449e+56 7.04499396186491e+56 
# Number of SNII (log_10):
0 0.0 3.889400743322912e+53 4.2067376777822196e+55 9.504584969992106e+55 1.3496359654963701e+56 1.6378030282225465e+56 1.7911746568049627e+56 1.8490106555435232e+56 1.8659892158685881e+56 1.8702614818102175e+56 1.8712479233762437e+56 1.8714600966531354e+56 1.8715210382373393e+56 1.8715378844818812e+56 1.8715413983084167e+56 1.8715428316384388e+56 1.871543726397979e+56 1.8715444217898483e+56 1.8715450085483843e+56 1.871545517566186e+56 1.8715459650975486e+56 1.8715463626103787e+56 1.8715467158992158e+56 1.871547031206127e+56 1.871547314010294e+56 1.8715475683364773e+56 1.8715477970628402e+56 1.8715480043681629e+56 1.8715481922291585e+56 1.871548361456854e+56 1.8715485171744538e+56 1.8715486608740561e+56 1.8715487919995386e+56 1.8715489118636123e+56 1.8715490216069569e+56 1.871549122746678e+56 1.8715492156851777e+56 1.8715493007001902e+56 1.8715493788055774e+56 1.871549451278162e+56 1.8715495189278767e+56 1.8715495804352301e+56 1.8715496389874809e+56 1.8715496946785077e+56 1.8715497398647197e+56 1.8715497875053195e+56 1.8715498256676536e+56 1.8715498660460187e+56 1.8715498974285185e+56 1.8715499321884577e+56 1.8715499595654693e+56 1.871549990133119e+56 1.8715500137438422e+56 1.8715500399587722e+56 1.8715500594059083e+56 1.8715500813415884e+56 1.871550097002542e+56 1.871550116145429e+56 1.8715501294657504e+56 1.8715501447362175e+56 1.8715501557009632e+56 1.8715501693192859e+56 1.871550178219419e+56 1.8715501887041374e+56 1.8715501947414283e+56 1.8715502028822722e+56 1.8715502082814832e+56 1.8715502163176114e+56 1.8715502204497337e+56 1.871550225847616e+56 1.8715502286001425e+56 1.871550232335735e+56 1.8715502343153838e+56 1.8715502374340306e+56 1.8715502390002566e+56 1.8715502411782785e+56 1.8715502411782785e+56 1.8715502438662916e+56 1.8715502438662916e+56 1.8715502447956493e+56 1.8715502447956493e+56 1.8715502447956493e+56 1.8715502447956493e+56 1.8715502447956493e+56 1.8715502447956493e+56 1.8715502447956493e+56 1.8715502447956493e+56 1.8715502447956493e+56 1.8715502447956493e+56 1.8715502447956493e+56 1.8715502447956493e+56 1.8715502447956493e+56 1.8715502447956493e+56 1.8715502447956493e+56 1.8715502447956493e+56 1.8715502447956493e+56 1.8715502447956493e+56 1.8715502447956493e+56 1.8715502447956493e+56 1.8715502447956493e+56 1.8715502447956493e+56 1.8715502447956493e+56 1.8715502447956493e+56 1.8715502447956493e+56 1.8715502447956493e+56 1.8715502447956493e+56 1.8715502447956493e+56 1.8715502447956493e+56 1.8715502447956493e+56 1.8715502447956493e+56 1.8715502447956493e+56 1.8715502447956493e+56 1.8715502447956493e+56 1.8715502447956493e+56 1.8715502447956493e+56 1.8715502447956493e+56 1.8715502447956493e+56 1.8715502447956493e+56 1.8715502447956493e+56 1.8715502447956493e+56 1.8715502447956493e+56 1.8715502447956493e+56 1.8715502447956493e+56 1.8715502447956493e+56 1.8715502447956493e+56 1.8715502447956493e+56 1.8715502447956493e+56 1.8715502447956493e+56 1.8715502447956493e+56 1.8715502447956493e+56 1.8715502447956493e+56 1.8715502447956493e+56 1.8715502447956493e+56 1.8715502447956493e+56 
# [Mg/Fe] for total ejected gas till this time:
0 0 0.9787368624101429 1.0216288439743728 0.8719649728595139 0.7802684844388189 0.7367817541181196 0.5310373092190234 0.31971964237817807 0.1724369198581716 0.0719931438635946 -0.0002071487215197093 -0.05503637424190989 -0.09861880646070041 -0.13436100929239073 -0.16434482600012684 -0.19014173443115173 -0.21260554878321675 -0.23242748278562814 -0.25009546642269986 -0.26600315386146667 -0.2804361539351039 -0.293614814637763 -0.3057242539950348 -0.3169083520617062 -0.32727422402283735 -0.3368950832727202 -0.34591936159103365 -0.3544065696149198 -0.3623604549211438 -0.36985252646990097 -0.3769368193657552 -0.38362611767470683 -0.3899841145803002 -0.3960303248356049 -0.40178406362613867 -0.40725164480966647 -0.4124496158970513 -0.4174146086656423 -0.4221499564055737 -0.4266919756076498 -0.4310304977977737 -0.4351890984853746 -0.43917873558957077 -0.4430089316265806 -0.4466880913744869 -0.45030796727351896 -0.4536484595507582 -0.45695149042896194 -0.46012967849651515 -0.4631961892479842 -0.4661713443129367 -0.4690579652783101 -0.47185182174057516 -0.47459254443369225 -0.4772686545123558 -0.47988389687176364 -0.4824316799422399 -0.48492427124585363 -0.4873585603894871 -0.4897375388548878 -0.49206565407246233 -0.4943483535034352 -0.4965755323465667 -0.49875357288853783 -0.5008908197849044 -0.5029899990004014 -0.5050437312392118 -0.5070667303097462 -0.5090367419638225 -0.5109901737190539 -0.5129008503486974 -0.5147507878019875 -0.5165852231725918 -0.5183805549701422 -0.520139447244591 -0.5218810621707589 -0.5235908390012891 -0.5252743383679771 -0.5269405112330212 -0.5285824087000237 -0.5301505494091308 -0.5317137210359009 -0.5332846841783188 -0.5347994977500419 -0.5362938247713096 -0.5377689364040056 -0.5392172267561995 -0.54065976823727 -0.5420806382958798 -0.5434831442808957 -0.5448571576150113 -0.5462414286378614 -0.547590649559264 -0.5489160505055866 -0.5502339793712453 -0.5515241145546994 -0.5528081634866978 -0.5540663994989795 -0.5552910017726169 -0.5565231168636156 -0.5577316615833674 -0.5589559832476224 -0.5600475686380761 -0.5612570995498531 -0.5624033066624758 -0.563536433223346 -0.5646433696714279 -0.5657422910490102 -0.5679184731045406 -0.578024069253102 -0.5954078621168091 -0.6097679566699884 -0.6219619472362298 -0.6325105248614298 -0.646128567961862 -0.6576822590121821 -0.6676191236616311 -0.6706631002409625 -0.6764067865514599 -0.6840976047234069 -0.691049459207835 -0.6953376120348232 -0.6973646202898018 -0.7049640474050466 -0.7133495297615274 -0.7273534094808864 -0.7387819992120562 -0.7484372291821707 -0.7567197658857391 -0.7639187750734329 -0.7703167580078509 -0.776071101647059 -0.7812448422624452 -0.7859844406208918 
# [Mg/Fe] for instant ejected gas at this time:
0 0 0.9787368624101429 1.0220489097458785 0.7609637284305025 0.5273153031863791 0.37503364931902666 -0.7045609216206091 -1.298687035023157 -1.5298674246810158 -1.5970516626722837 -1.62416535574131 -1.6335675820657418 -1.662367747401544 -1.6531067770457857 -1.6103943906369473 -1.6411385164450512 -1.627380847426737 -1.6197711208374084 -1.6081071117460934 -1.6083140226051862 -1.605875731761717 -1.604368480630895 -1.6057568537616465 -1.6075539819352722 -1.6008797225790314 -1.575887666885154 -1.6006260794241676 -1.6213833880241793 -1.5946314594452904 -1.5851762123733615 -1.5842103741466058 -1.5617918307116543 -1.567427294609039 -1.563882924122195 -1.5521422402952954 -1.525572371598553 -1.4968609408384255 -1.4784490735947635 -1.4615412972506732 -1.4555525431135565 -1.4276071989479764 -1.4114982727362662 -1.3981442063706742 -1.3813706861507613 -1.366393367903291 -1.4280961218408172 -1.2863261126582086 -1.3436987420989663 -1.3243613630685074 -1.312629244614198 -1.3138087116340254 -1.312289903443391 -1.3033059258781385 -1.3278221865996467 -1.3380944083936708 -1.3495763001857506 -1.3540029862202052 -1.3632983589671788 -1.365788881049663 -1.3719504285012207 -1.3823434552123042 -1.3958532254374483 -1.3930059066308187 -1.397035372879506 -1.4071074963065804 -1.421824346523951 -1.4214284493561797 -1.4423491993529745 -1.4254481451409131 -1.4665672109333021 -1.4583081933561584 -1.4233281854204503 -1.458158144319638 -1.4501216664641712 -1.4465358627303693 -1.4783200111321992 -1.4783019621325415 -1.4881696052182012 -1.5165145682489576 -1.5289417939787924 -1.4325625793963341 -1.4771220860766083 -1.559485201955025 -1.4859975220816721 -1.4966647100993842 -1.5085677629501058 -1.5011776765394413 -1.5476695368715918 -1.5501983245749953 -1.5598978244449415 -1.5411726556230847 -1.6387984624022158 -1.5848617170740011 -1.5747600868072436 -1.6104496513530833 -1.5875398231284183 -1.6263636875423593 -1.5986543922638445 -1.5458117271983305 -1.6313109701239508 -1.6068681284848523 -1.732748672328433 -1.3658319993410737 -1.850496606420345 -1.6031690689283185 -1.6104105935982076 -1.568186240114292 -1.5896125078804324 -1.6275501311012082 -1.6158445106814914 -1.6671339509307446 -1.662328805714466 -1.666150054653302 -1.6630058068508915 -1.700167187437567 -1.7119433516477303 -1.6944488830247595 -1.7141617065167238 -1.736633536650398 -1.6648856138446781 -1.6881658193888112 -1.7090076059376806 -1.6745302550836236 -1.7059521759434466 -1.698153498791443 -1.6872214437419517 -1.694097987917404 -1.7148842889666824 -1.7080197558703762 -1.6896694420186118 -1.6951884107645525 -1.705952164828008 -1.684661310123039 -1.6976999200217466 
# total ejected metal mass till this time:
0 0.0 1.974564979253485e-05 0.0010897240446576728 0.001790161892499103 0.0022082005031617766 0.0026039967269357203 0.0029768258790949013 0.0032540404030889205 0.0034345953860783476 0.0035563394001106178 0.003648294780929163 0.003724415874782191 0.0037916604712126796 0.0038532740934917493 0.003909538908035181 0.003961685706465634 0.004010426286026606 0.004056304807466696 0.004099640496602147 0.004140570725868299 0.004179193036204465 0.004215823315014124 0.00425045254074941 0.004283885924188763 0.004315446297552162 0.0043462466508070695 0.004375152329906212 0.004403770697127467 0.004430456800055148 0.004457291729962803 0.004481875642623507 0.004507731065317741 0.004527025787988872 0.0045552587268236225 0.004571126690854324 0.004606479400041256 0.004609984160869416 0.004662791026765445 0.004633940933762384 0.004716304926368053 0.004640129317609894 0.0047603770589496296 0.004629577722015518 0.004803224784235422 0.004589530692686337 0.004845553762061143 0.004500860358812537 0.0048880665809242965 0.004326765210874491 0.004927038189216088 0.003993544734143068 0.0049675412472890345 0.003372587762862554 0.005006758665504794 0.0021981839223696275 0.005044654649888657 -0.00011929732865039476 0.005081666844790008 -0.004785533222608286 0.0051176541920574525 -0.01465318431681525 0.005152578892587508 -0.035424516249016165 0.005187290320915032 -0.08172906449233923 0.005220331491143362 -0.1896617998502605 0.005252570907410401 -0.44402969497615286 0.0052839151267366265 -1.0705697501284308 0.005314058675749054 -2.693288383820949 0.005343020116057019 -6.982376299410376 0.005371248522965706 -18.436840024270076 0.005398852192463401 -50.57350911999992 0.0054252622214326284 -143.07683151968345 0.005450771309793215 -408.98007335499807 0.005475614952804533 -1227.78842612354 0.005499956119406617 -3676.001890670389 0.005523466042587015 -11631.976665685796 0.0055454030972028 -39720.23177432873 0.005568249761255748 -130190.35528415191 0.005589818759079133 -438277.311540621 0.005612436713559714 -1541335.5338885451 0.0056318648853458855 -5533463.346075067 0.005651039156501737 -19719537.66027474 0.005670417267160101 -26507345.38403819 0.005689422706272677 -22178217.496208634 -3065156.3247294757 -14323963.379051352 -6552250.798603583 -9620947.55468519 -6926729.252858315 -4610932.760746438 -2948502.489339468 -2354380.88281623 -1980049.9260627679 -1765908.57638296 -1528637.124292906 -1382719.6628762572 -1258977.9533058305 -1243587.8492301477 -1201281.6201756906 -1140193.6156284176 -1089552.90137546 -1060492.961538156 -1066523.4410216564 -1029443.8412367965 -1011418.6334701424 -955963.5170368425 -922438.1515714824 -895143.2966740199 -870669.9221247346 -849333.6025678685 -831002.6759022409 -815664.5277649825 -800216.2571861193 
# Stellar [Z/H]. [Z/H] = [Fe/H] + A[Mg/Fe] where A=0.94:
0.0 -5.218485947384705 -6.555826409149763 -5.108168264695511 -3.05746988489081 -2.7627732929038915 -2.6650434911641976 -2.628170465679589 -2.6016258678045787 -2.5816110345068912 -2.567572926591319 -2.5572947989853736 -2.549377594180727 -2.543125384497696 -2.5377371420468475 -2.5328150761492316 -2.52848303422872 -2.5246560043376824 -2.5213575827171297 -2.5181749645413287 -2.515192492973719 -2.512447465902053 -2.509877131702117 -2.5074808472197434 -2.5052136268786294 -2.5030755295370386 -2.501055445667961 -2.4990957314473996 -2.497243589301679 -2.495520390836333 -2.4938335079746783 -2.492205600088902 -2.4906413823819724 -2.4891119648720763 -2.487641759969405 -2.4862166540164496 -2.484826809978337 -2.4834460241702447 -2.482052511531108 -2.4806771894297728 -2.479332248211715 -2.4780205993936404 -2.4766814199686262 -2.4753460109877574 -2.4740113436349254 -2.4727057630729155 -2.4714350730235117 -2.4702580471317592 -2.4688850326492497 -2.4676235210565944 -2.4663592868976068 -2.4650939502291753 -2.463882963098734 -2.462696860820782 -2.4615179829223357 -2.4603732716024407 -2.459299060907094 -2.4582568334515704 -2.457269751812023 -2.4563136590287873 -2.455344718467485 -2.454405972506346 -2.453513659749863 -2.4526465005364866 -2.4518002231817335 -2.450971707134592 -2.4501959999145004 -2.4494052420191235 -2.448632394922032 -2.447902898348789 -2.447194627667963 -2.446514064250168 -2.445833457818007 -2.445138723439011 -2.4444950965230596 -2.4438471995506386 -2.443195221571305 -2.44257459039193 -2.4419889499690335 -2.4414182785433924 -2.4408713087637324 -2.440320947814278 -2.439723349254609 -2.4391750270761228 -2.4386923406681915 -2.4381709098781927 -2.4376454995622825 -2.437166060886301 -2.436667866930465 -2.4361557272073253 -2.435675672594967 -2.4352354807923042 -2.4348027655072437 -2.434380195317319 -2.4339616428500292 -2.433560040790112 -2.433256216879697 -2.4327339694140724 -2.4324096896252088 -2.4319847024703956 -2.431577851752718 -2.431508507616667 -2.431454374725428 -2.43140517216805 -2.4312990228785343 -2.4312378292066286 -2.4311655898827897 -2.4310825607459283 -2.431003495390385 -2.4308821036056254 -2.4303006556153424 -2.4292455618528086 -2.4284041839406205 -2.4277184655745065 -2.4272094813312 -2.4265943677576844 -2.426083578391862 -2.4257657421402845 -2.4256364967029542 -2.4255214596957138 -2.425281703759998 -2.425091920338494 -2.425009370235794 -2.424972916848159 -2.42473696883984 -2.424585992795298 -2.4242336347735645 -2.424031439414891 -2.423882226821603 -2.4237134242094083 -2.423396265197938 -2.4232965077608117 -2.4230499372247847 -2.422903212746696 -2.422726426367806 
# Stellar luminosity-weighted metallicity, [Z/X]:
-4.152288344383056 -5.2406767730474275 -6.832165959208398 -4.923635840346938 -2.5725348602358844 -2.0879115924697347 -1.8248712120087374 -1.6362504326262914 -1.675362070796562 -1.8904036008582168 -2.0981141846622053 -2.2149588055939633 -2.262253495785444 -2.2851054345622943 -2.2956738854294727 -2.2989253680689243 -2.2981086696268394 -2.295006931488448 -2.2906580200362257 -2.285567188020453 -2.2798982457260255 -2.2740476825674563 -2.2680551441409005 -2.262086683217418 -2.256190605921419 -2.250260635030851 -2.244487239858631 -2.2387160466212483 -2.2331052635635276 -2.2273475327910965 -2.2219798422291186 -2.2165290071015544 -2.2113100073220098 -2.2057895160676386 -2.2016983061441273 -2.1956211421316603 -2.1921732205620064 -2.1841560188764717 -2.183281953323271 -2.171281266893665 -2.1722480824221018 -2.1533030725583746 -2.1539402173756264 -2.126496123165831 -2.1267578541234116 -2.0887131143304662 -2.088965345524043 -2.036632537279198 -2.036831413738862 -1.9659767807080775 -1.9662051047570157 -1.8735629333142392 -1.8738189684548632 -1.7533552559819665 -1.7534817817163189 -1.6018253911685163 -1.6017148419905312 -1.4180076384817253 -1.4176745259581673 -1.201697221221295 -1.201061053153161 -0.9571939410745334 -0.9561788177059996 -0.6815112058058432 -0.6799603689790399 -0.38443950721008835 -0.3820111020660113 -0.06592450317961118 -0.06369172098322129 0.27282333298402994 0.27532281790864244 0.6307506961338945 0.6335653281222593 1.001946592175625 1.0049345717060911 1.3950153439965574 1.3982271071940862 1.8052373948451175 1.8085644361009328 2.2253929943737676 2.22901277112323 2.659430232054741 2.663195532403258 3.112076150199048 3.115874608947446 3.566866358918171 3.570870005149895 4.04640770578291 4.050399817373557 4.523146559748744 4.527139562350341 5.009142471603283 5.01403713803824 5.546635405410436 5.550867656540842 6.0703085625906015 6.074408065814494 6.597194542541147 6.60221516865074 7.142253287484219 7.147208716016978 7.1509954235483395 7.153982327232613 7.15523200457608 7.154753964001786 7.1481261779585985 7.138256631140794 7.127479997303076 7.116793510815424 7.096288181258655 7.023390752959402 6.954137148932818 6.921102426244729 6.902155556022965 6.888753915542097 6.874170334425797 6.864017067057951 6.856587847392805 6.8552700986859705 6.850526320911349 6.8449957397802015 6.8386754418491575 6.835185383478038 6.832531868739443 6.826119723220527 6.817915742108346 6.80922982787212 6.801830811345831 6.796643959565769 6.793990322917516 6.793298308759954 6.788895350624658 6.79056008762371 6.787748292101048 6.788295046194074 
# Stellar luminosity-weighted [Mg/Fe]:
0 -1.3877787807814457e-17 -9.71445146547012e-17 0.972492770279795 1.0219795526529662 0.7865683736090291 0.5881829928420617 0.47240472481384554 -0.2394213239306483 -0.4881167303776881 -0.43395239507476185 -0.3419588822591546 -0.32551251733616604 -0.3337787602919555 -0.35214067000378274 -0.3759868002366878 -0.40116898113299293 -0.4256450682648214 -0.44834793471938794 -0.46915117616759144 -0.4885147219094633 -0.5063114429135087 -0.5229982077748554 -0.5384196388741251 -0.5528101628223778 -0.5663388718069162 -0.5791410097370346 -0.590999841683232 -0.6023892621619292 -0.6133718543210088 -0.6237063434545204 -0.6336022462292398 -0.6428069951014472 -0.651644999268436 -0.6601408828472726 -0.6683096945290121 -0.6760952714410948 -0.6835140018112943 -0.6905232964208292 -0.6972240092510842 -0.703590748682182 -0.709750096695807 -0.7156079930559561 -0.7211153572484215 -0.7264087514962017 -0.7313721419644704 -0.7361565768210903 -0.7410311315900606 -0.7452749883220673 -0.7495502161254151 -0.7537015601208394 -0.7576402998092076 -0.7614868127096859 -0.7652262754271988 -0.7688333156519109 -0.7724303342611939 -0.7760996581453374 -0.7797526462872196 -0.7832839307113109 -0.7868358939870808 -0.7903218144229138 -0.7936892060292747 -0.7970221464556777 -0.8004301187950167 -0.8037588046995201 -0.8069768269039197 -0.8102391615154052 -0.8134634269586949 -0.8165025152589778 -0.8195906376630994 -0.822653036095035 -0.8257260650438042 -0.8286743567455627 -0.8314946037863863 -0.8344796477428307 -0.8372967426652979 -0.8399639935130173 -0.8426854026522348 -0.8454986037238563 -0.8482521082376415 -0.8510005639285834 -0.8536378771966132 -0.8560702033720995 -0.8586229246615409 -0.8612858405006786 -0.863687871152203 -0.866056712241628 -0.8684800443062594 -0.8708581164117877 -0.8733409089654285 -0.8758007725399005 -0.8780086520791945 -0.8802619997809111 -0.8827128060157095 -0.8850947002357453 -0.8874463011548135 -0.8898130730770963 -0.89201790311972 -0.8941817163549228 -0.8963172908256719 -0.8983960859783505 -0.8975797810479689 -0.8967596132689489 -0.8958640034128664 -0.8948538947098742 -0.893765495472055 -0.8926727027767499 -0.8916722044241241 -0.890752599001454 -0.8892094584204587 -0.8841731275635296 -0.8811217816721906 -0.8805523771887623 -0.8815607722337255 -0.882769634904975 -0.884074726584758 -0.8850902026299731 -0.8854229767271372 -0.8855641070418496 -0.8853182450763429 -0.8851378513128604 -0.8840673425748444 -0.8842706126887511 -0.8838312476479805 -0.8840667847276696 -0.8830069117467049 -0.8837582053387647 -0.8838267951635482 -0.8836235899978291 -0.8838468167210607 -0.885160843494577 -0.8851580848966518 -0.885884454154087 -0.8867910106378901 -0.8868148947588017 
# Stellar luminosity-weighted [C/Fe]:
0 0.0 0.0 -0.03673420931424187 -0.07915475386291981 -0.0888497580682247 -0.0885146198791189 -0.09677014666780992 -0.7255182899910109 -0.9586567014353166 -0.9611842116193491 -0.9169568921516118 -0.9113692226323301 -0.9181971295222899 -0.9294079766078344 -0.9425545473658563 -0.9553122075353295 -0.9663415431271596 -0.9752329645684849 -0.9821353404532163 -0.9874438271212684 -0.9912425295854356 -0.9938721791448017 -0.9954524886071379 -0.9962056539829687 -0.995830190477119 -0.9935056829125278 -0.9885404028990957 -0.9811823490400818 -0.972170026260799 -0.9609018185425005 -0.9485098322096471 -0.9353473488521675 -0.922101706355256 -0.9084159518745413 -0.8941811363717017 -0.8796133134821512 -0.864435427426558 -0.8485552670816874 -0.8323976113824537 -0.8162185953501746 -0.8000872902369929 -0.7840896293967559 -0.7686532235903004 -0.7533676529820427 -0.7385557818180912 -0.7240948189998058 -0.7099932342444792 -0.6960142095944635 -0.6826353585912084 -0.6698563868401468 -0.6579340105158527 -0.6460757091201785 -0.634593419231233 -0.6237146180601041 -0.6128905090504155 -0.6031976890732893 -0.5939912955728921 -0.5852089717839154 -0.5767985927341313 -0.5689175347146473 -0.5613081274605289 -0.5540597365607063 -0.5470920351964046 -0.5401226984863996 -0.5333582117710522 -0.5270612965509469 -0.5212072409233434 -0.5157918781675648 -0.5105306187758705 -0.5056574697751497 -0.5010118121493026 -0.49651287407257133 -0.492225757394908 -0.48827286330260383 -0.48462270690454184 -0.4811156964600794 -0.4776436842536319 -0.4744912269885237 -0.4716274394200946 -0.4688221625774805 -0.46624772421670696 -0.46366398974319245 -0.46135483526493304 -0.459139374111495 -0.45705550509995313 -0.4549463639616322 -0.45268013157878806 -0.45060409426052755 -0.44879866567823 -0.4472409979595733 -0.44594325033359244 -0.44452599744593213 -0.4430562567794787 -0.4415430718021543 -0.4400603859318889 -0.43867370137643447 -0.43739383246825475 -0.4362498913189974 -0.4350823649144802 -0.4339873829157425 -0.435869191326979 -0.4377834344579055 -0.4397342977354331 -0.4417169231458555 -0.4437287552743423 -0.4457930044615196 -0.447792654313677 -0.44971757696272496 -0.4532950025359697 -0.4670687612565661 -0.4837959077890574 -0.4944287612921907 -0.5024776508073885 -0.5088123400012201 -0.516150147201196 -0.5218877978693777 -0.5265487841616174 -0.5277812952199561 -0.5302583062766734 -0.5331726979174598 -0.5356982683217905 -0.5375588684733581 -0.5383224951898702 -0.5410573907596563 -0.5436527117478581 -0.5479354683809567 -0.5507593039011409 -0.553036774588742 -0.5546845248767114 -0.555428791674291 -0.5573737833447627 -0.5574038649520223 -0.5592621227311627 -0.5592916357353139 
# Stellar luminosity-weighted [N/O]:
0 1.1102230246251565e-16 3.3306690738754696e-16 -1.8281040569230105 -1.9036575560698772 -1.653298236513809 -1.07807515607203 -0.51468485351998 -0.15479619360933428 -0.09017127296308525 -0.18261149505576113 -0.27517584604016165 -0.29363239018113996 -0.28783703009104555 -0.2716474651017755 -0.24881485779429924 -0.2221917070547712 -0.193543837941216 -0.1637628496605672 -0.13346774568842024 -0.10399512573803427 -0.07750037829890954 -0.05411889523031299 -0.03397771503501057 -0.01636276657641511 -0.001359745522293787 0.011075241037759587 0.02137311072091508 0.02754713959550925 0.03219440967304821 0.03445796682630653 0.03510004332847816 0.03400402654670254 0.031616727566936675 0.02850091576505276 0.02477019070267983 0.02086271868126055 0.01721580220652652 0.014082008307480631 0.011445374852929846 0.009374976050953499 0.0076798795127761554 0.006365836633686617 0.005300669091374055 0.004280668945321198 0.003475371125260307 0.002782679171948521 0.0025248427593456135 0.0026751172145765834 0.0024222122365736842 0.0022867286128723796 0.002144633792681705 0.002202044163712502 0.002267050064921672 0.002249550901279984 0.002329097705383698 0.0026286988495232144 0.002918904473344086 0.0032220210211615363 0.0035058401123948535 0.0037792047277422913 0.003994386815153073 0.004427582787352891 0.00633728531653599 0.006845686282553998 0.00707759122167162 0.007750509987536347 0.008132307438131758 0.008530531614291292 0.009009836808563487 0.009543971367773962 0.009944623859082902 0.010213344602921559 0.010681321354084172 0.011020413684007524 0.011406156127667377 0.011920452083322486 0.012338297846062773 0.01271722659053054 0.013394965199172937 0.014460037243978818 0.01494540183270432 0.015343627412267247 0.015902335719549354 0.016376246388341453 0.016809698047996258 0.017192255808575307 0.01768062651326241 0.018170728197084207 0.01866766702950773 0.019011229447913447 0.019299644259325732 0.01965884089860681 0.020208286062130987 0.02085776818824281 0.021250302314573477 0.02169660622113556 0.02266057372280883 0.02295383080811053 0.023231367443749873 0.024438092510850162 0.025514975902280246 0.026621683001039842 0.02767111245130327 0.02862863532721205 0.029536769757630754 0.030466367792531646 0.03140769567629742 0.032344939628325964 0.03423325639365016 0.041819764497819434 0.05313079173981661 0.061141954650517194 0.06848720260697605 0.07447579302314589 0.08114082593093119 0.08624544411262469 0.08987456373920921 0.09093122071783022 0.09232625846081066 0.09412919362390337 0.09485829506183607 0.09634684830573503 0.09641271388593176 0.09853171626970247 0.09916173027793129 0.10266752651439559 0.10450969869255045 0.10572006242491427 0.10698507086274911 0.10874695450940786 0.1098977366902113 0.11065209851492042 0.11265486324194218 0.11268123106540617 
# Stellar luminosity-weighted [C/O]:
0 0.0 0.0 -1.230098120799082 -1.3095318083190626 -1.0511064073262548 -0.8074564726070605 -0.6681793886656762 -0.5892546955760536 -0.6006759645680273 -0.6722824180054023 -0.725516270560997 -0.738724498127239 -0.7385924078388202 -0.7322777189932373 -0.722126557470969 -0.7097962986443781 -0.6964862610514587 -0.6827433320078875 -0.6688314545285562 -0.6545967669072473 -0.640560564853742 -0.6263792189214366 -0.6124048189054623 -0.5984845005474444 -0.5845547429332036 -0.5693014928822038 -0.5523016632779422 -0.5333828524126906 -0.5132405452004515 -0.49144648632648824 -0.46896654083735156 -0.4463878168585472 -0.424080160179485 -0.40165614743006484 -0.37893977161429526 -0.3562604602994549 -0.3332802273700807 -0.30995276876966815 -0.286585337187123 -0.2634522304090796 -0.24053348205275527 -0.21805863971724027 -0.19633038720072954 -0.174974832641541 -0.1544049569152835 -0.13432775176418843 -0.11478244461108167 -0.09515150192581173 -0.07688525775789445 -0.05908339671269208 -0.042286771523494915 -0.02570942350545774 -0.009618530627838517 0.005707633233155152 0.020873679423640823 0.034854288946466666 0.048289362124083995 0.0611588811726993 0.07359168041388423 0.08532396621651 0.09671717415611422 0.10765059171276742 0.11833103309378343 0.12892503112673323 0.1391403403559793 0.14897415328621724 0.158226241668262 0.16688527880281764 0.17538881068384635 0.18352000139653846 0.1913339250887101 0.19883092402805036 0.2061191244953172 0.21314057860849062 0.21970343904469106 0.22605659024359145 0.23232891021142946 0.23838327968602957 0.2440560735875507 0.24959560153396532 0.25475562273937885 0.259925126252561 0.2649113281721416 0.26967154286658623 0.2741925130738532 0.27872394886294044 0.28349747283453863 0.28800156830984214 0.2922390009359998 0.2962064514807283 0.2996393539939701 0.30327649960435815 0.3070021519942388 0.3107838773301147 0.3145517602674153 0.3182005089377816 0.3215683970263152 0.3246984912925557 0.32787123671771123 0.3310306331517438 0.3282683667806224 0.32547669743657837 0.3225703092359854 0.31951268733157145 0.3163565660799752 0.31314538587661644 0.31010093797845156 0.3072186809468888 0.30203725359913486 0.2829381199844813 0.2628845869172956 0.251518967181748 0.24443530357735171 0.2392613303844955 0.23313031112470187 0.22833164524758662 0.22390293460818195 0.22280458583644316 0.21999050449591367 0.21683367958309677 0.2131282263824867 0.2114263279178526 0.21017321469267175 0.20764915675872836 0.20386309720667734 0.20025998397410189 0.19742091270648782 0.19484192321584615 0.19335297987263075 0.19400677750230316 0.19196875275034375 0.1927184796432096 0.19172881246567228 0.19172919888661483 
# Stellar luminosity-weighted [O/Fe]:
0 0.0 -2.220446049250313e-16 1.1933639114848402 1.230377054456143 0.9622566492580304 0.7189418527279416 0.5714092419978662 -0.13626359441495728 -0.35798073686728926 -0.28890179361394663 -0.1914406215906148 -0.17264472450509105 -0.17960472168346997 -0.1971302576145969 -0.2204279898948872 -0.24551590889095154 -0.26985528207570075 -0.29248963256059746 -0.31330388592465985 -0.3328470602140212 -0.35068196473169355 -0.3674929602233652 -0.3830476697016757 -0.3977211534355243 -0.4112754475439152 -0.42420419003032406 -0.43623873962115345 -0.44779949662739127 -0.45892948106034737 -0.4694553322160122 -0.47954329137229557 -0.4889595319936202 -0.498021546175771 -0.5067598044444765 -0.5152413647574065 -0.523352853182696 -0.5311552000564774 -0.5386024983120191 -0.5458122741953308 -0.552766364941095 -0.5595538081842375 -0.5660309896795156 -0.5723228363895707 -0.5783928203405017 -0.5841508249028078 -0.5897670672356173 -0.5952107896333977 -0.6008627076686518 -0.6057501008333139 -0.6107729901274546 -0.6156472389923578 -0.6203662856147208 -0.6249748886033946 -0.6294222512932592 -0.6337641884740564 -0.638051978019756 -0.6422806576969758 -0.6463678529566147 -0.6503902731480153 -0.6542415009311573 -0.6580253016166432 -0.6617103282734738 -0.665423068290188 -0.6690477296131327 -0.6724985521270315 -0.6760354498371641 -0.6794334825916055 -0.6826771569703823 -0.6859194294597168 -0.6891774711716883 -0.6923457372380126 -0.6953437981006217 -0.6983448818902253 -0.7014134419110943 -0.7043261459492329 -0.7071722867036709 -0.7099725944650614 -0.7128745066745532 -0.7156835130076452 -0.7184177641114459 -0.7210033469560859 -0.7235891159957535 -0.7262661634370747 -0.7288109169780813 -0.7312480181738064 -0.7336703128245726 -0.7361776044133268 -0.7386056625703694 -0.74103766661423 -0.7434474494403016 -0.7455826043275626 -0.7478024970502903 -0.7500584087737174 -0.7523269491322689 -0.7546121461993042 -0.7568742103142161 -0.7589622294945697 -0.7609483826115531 -0.7629536016321914 -0.7650180160674863 -0.7641375581076014 -0.7632601318944838 -0.7623046069714186 -0.761229610477427 -0.7600853213543175 -0.7589383903381359 -0.7578935922921285 -0.7569362579096137 -0.7553322561351046 -0.7500068812410474 -0.746680494706353 -0.7459477284739386 -0.7469129543847403 -0.7480736703857156 -0.749280458325898 -0.7502194431169644 -0.7504517187697993 -0.7505858810563992 -0.7502488107725869 -0.7500063775005565 -0.7488264947042773 -0.7489851963912106 -0.748495709882542 -0.7487065475183847 -0.7475158089545355 -0.7481954523550588 -0.7481802166076288 -0.7478786978045882 -0.7480375047493422 -0.7494355691765942 -0.7493425360951063 -0.7501223445952319 -0.7509909351968351 -0.7510208346219287 
# Stellar luminosity-weighted [Ca/Fe]:
0 2.220446049250313e-16 0.0 0.6920118534138475 0.7517182756720386 0.5323405458229145 0.35873381126343573 0.2677347557416486 -0.04462399312619825 -0.0931997858634217 -0.08182749074196338 -0.062026582225764404 -0.05790224037467584 -0.05963622265412005 -0.06354196726530903 -0.06870551886347598 -0.07402245143760466 -0.0789184234665814 -0.08326417124101937 -0.08708154824248138 -0.09052377177850723 -0.09358611500142056 -0.09636956191890511 -0.09886230726900336 -0.10113376964877374 -0.1031858387918505 -0.10509865458335299 -0.10683526084119888 -0.10845383375560003 -0.1099716880428907 -0.11137191793369494 -0.11270130241403686 -0.11391470052307584 -0.11506886643755454 -0.11616206702820131 -0.11719289776061781 -0.11813943508293501 -0.11901579958609787 -0.11991568686186382 -0.12061177746205987 -0.1215299543641164 -0.12232818534153012 -0.12306650430272081 -0.1237559729490354 -0.12441229322447711 -0.12502154131523846 -0.12560950363932966 -0.12617007794919832 -0.12672061100405863 -0.12724549041322497 -0.12775640620730333 -0.12824615333946499 -0.1287124522364369 -0.1291655789948214 -0.12960044766122825 -0.1300162613995477 -0.13042647627322013 -0.13084186860241154 -0.13120459369921367 -0.13157715818270588 -0.13193987188214606 -0.13228317030395753 -0.1326141050204721 -0.13294849200189485 -0.1332739981423805 -0.13358291226236707 -0.1338955701141178 -0.13420479327903356 -0.13446714643330182 -0.13474257264960432 -0.13502093304715612 -0.1352893880395971 -0.13554946843324056 -0.13580013993391038 -0.13605798972811667 -0.13630210045579672 -0.13653201782155833 -0.13676046716111045 -0.13699534118411294 -0.13722186501923583 -0.13744166386959167 -0.1376467545892457 -0.13785229069917437 -0.13806524489899608 -0.13829356286990624 -0.13846538488417948 -0.13864991370017798 -0.13884298777369586 -0.1390297514449712 -0.13921695047267524 -0.1393992107036337 -0.13956093568413097 -0.13972900704120983 -0.139898938833513 -0.14006850387381764 -0.1402377443170173 -0.1404061924134401 -0.140559012217635 -0.14070489657699636 -0.14085386825917734 -0.14100541364208108 -0.14093985061614633 -0.14087435301499163 -0.14080319798283059 -0.14072335172812966 -0.14063809406900218 -0.14055236035902174 -0.14047392315702 -0.1404016204824421 -0.14027964607139443 -0.13987105537461364 -0.13960404532319948 -0.1395373962287827 -0.13960020882545687 -0.13968004130457823 -0.1397627325182078 -0.1398263210174644 -0.13983892082810856 -0.13984738768612548 -0.13982025985253754 -0.13979892310102193 -0.13970843903910124 -0.13971895641735244 -0.13968194742600448 -0.1396945148139268 -0.1396034388406706 -0.13965030662288047 -0.13964706903324475 -0.1396231103864729 -0.13963386480957007 -0.13973673683770205 -0.1397289732606264 -0.1397864533795179 -0.1398499228628134 -0.13985208528997872 
# Stellar luminosity-weighted [Ne/Fe]:
0 0.0 0.0 1.0344844329312968 0.9842804043089823 0.7872091539996089 0.6110134756141923 0.48488745721389126 -0.2525620567557302 -0.5154580841947854 -0.45730622321228775 -0.360663388158419 -0.3436656155828976 -0.35240904347021085 -0.3715463811947109 -0.39650474270590125 -0.42308898546240864 -0.44889506186937833 -0.4729549725011049 -0.4950814005310754 -0.5157841541450514 -0.5348665881493976 -0.5528492498813995 -0.5694609728313851 -0.5850131945914884 -0.5996627791553065 -0.6135698141159349 -0.6266287600897096 -0.6390726044804288 -0.6509572169924922 -0.6622562725291093 -0.6731604080352214 -0.683359249153193 -0.6932429242845075 -0.70274543299248 -0.7119181951131274 -0.7207211386399215 -0.7292199884203456 -0.7375279468059872 -0.7452572123384046 -0.7528801910257452 -0.7602714711710457 -0.767412130622379 -0.7742517461675864 -0.7808962170433471 -0.7872404044095968 -0.7934072833506824 -0.7993799868236404 -0.8052759604480613 -0.8109751374761945 -0.816545313221537 -0.8219165026357208 -0.8271575379777956 -0.8322538998144788 -0.8372073666615854 -0.8419843608691762 -0.8467369484678202 -0.851451159107939 -0.8559533869726339 -0.8604229607322416 -0.8647828324051713 -0.8689509520290479 -0.8730019057097833 -0.8771605223992291 -0.8812075994626494 -0.8850845081889823 -0.8890259960196798 -0.8928862046535688 -0.8964703499203868 -0.900038717462015 -0.903692287649349 -0.907246620077633 -0.9107036377873927 -0.9140921565143224 -0.9175914146486359 -0.9209216810530406 -0.9240954594054975 -0.927277039686946 -0.9305587590048316 -0.9339649857792529 -0.9369913113469329 -0.9399656120199178 -0.9428902078854579 -0.945940139043234 -0.9488825341950307 -0.9516255794875544 -0.954450200214506 -0.9573610631967583 -0.9601947874271198 -0.9630465749226694 -0.965873019122924 -0.9683771507666338 -0.9709636331462906 -0.9736069193999312 -0.9762554168088847 -0.9789270654495968 -0.981561774095332 -0.9840445607860092 -0.9864226020800974 -0.9887631757247212 -0.9912054598841935 -0.9901463407173557 -0.9890907476692636 -0.9879585177371443 -0.9866927529132287 -0.9853360881323772 -0.9839743891330169 -0.9827310568852613 -0.9815840945980531 -0.9796539624141806 -0.9732946713912708 -0.9691755949097676 -0.9681645010100054 -0.9691314437459906 -0.9704003464420559 -0.9717432473224319 -0.9727667237014326 -0.9729935381440533 -0.973117591865218 -0.9727290649752316 -0.9723978085584264 -0.970984982090499 -0.9711682411180234 -0.9706021542247747 -0.9707841771594194 -0.96939385348372 -0.9701578624747893 -0.9701497558488787 -0.9698216481337987 -0.9700261952389865 -0.971615772083098 -0.9715476282846537 -0.9724293536631509 -0.9734741234260378 -0.9735021924183864 
# Stellar luminosity-weighted [Si/Fe]:
0 1.0408340855860843e-16 1.0408340855860843e-16 1.0039664839150648 1.0822160459155687 0.8490051594872274 0.6593378750058141 0.5562762535749685 0.06028621673778803 -0.0485796069327236 -0.026212877774156096 0.014407428039792617 0.022337874909572696 0.01862620305841179 0.010615997335398673 -0.0002253829515193352 -0.01145278857408243 -0.0218728826520583 -0.031196035663649275 -0.039496372850445646 -0.046983099600934594 -0.05375265917931662 -0.05993878139687419 -0.06552197303536672 -0.07061911395787689 -0.07530531405403176 -0.079567716247791 -0.08360490336105623 -0.08737330174275561 -0.09089893785499241 -0.0941543465928652 -0.09726293876714427 -0.1001086344127177 -0.10283450613075976 -0.1053984005208878 -0.10783621007642785 -0.11012055952595307 -0.1122944099804928 -0.11437638304187919 -0.11637292349816643 -0.11829131464293201 -0.1201027134875592 -0.12186488368630667 -0.12351852706859426 -0.12512022466426098 -0.12658721049748153 -0.1280144365901547 -0.12939601245695542 -0.1307419715520019 -0.1320276314116574 -0.13328195600873688 -0.13448201325665 -0.13564275405805964 -0.13674712463523953 -0.1378189078445902 -0.13884948979867928 -0.13986135979268643 -0.14085313673054198 -0.1417942658064505 -0.14271784198796256 -0.14361736170861572 -0.1444749533283793 -0.14530724618422702 -0.14613674781073877 -0.14694943356047935 -0.14771879685456538 -0.1484901078333626 -0.14923869368719037 -0.14994437538304278 -0.1506412204553082 -0.15134307806977979 -0.15201729686929863 -0.15267224492388703 -0.15330575000958088 -0.15396058094163062 -0.15457854135095814 -0.15516256775708026 -0.15574102550978025 -0.15633860866068655 -0.15690571978016 -0.15746023621433441 -0.1579877953074898 -0.15851276663236077 -0.15904880321817066 -0.15957587210012464 -0.16005710720817484 -0.16054662405813064 -0.16103556953488585 -0.16150819339998226 -0.16199606744990216 -0.1624649820780822 -0.16287839044136704 -0.16330515694538086 -0.16374173145344528 -0.16417653751198405 -0.16461118818563306 -0.16503920364555083 -0.16543576833357743 -0.16581190111792427 -0.16619491961515434 -0.1666091079031715 -0.16643899780432997 -0.16626906929370033 -0.16608493866684332 -0.1658789429288155 -0.16565873594716743 -0.16543665925843537 -0.1652330502240614 -0.16504506290877458 -0.16472718967111005 -0.16366439740606567 -0.16296194085200713 -0.1627806337490696 -0.1629314686720955 -0.16313076490920184 -0.16333918477924264 -0.16349870260903668 -0.1635285166128774 -0.16354839214754907 -0.16347888637958008 -0.16342112679233806 -0.16318688706540938 -0.16321290810072947 -0.16311832178666288 -0.1631462728802407 -0.16291242791461205 -0.16303064507106238 -0.16302246840887769 -0.1629621219878206 -0.16299051681023893 -0.1632520501098431 -0.16323433917837932 -0.16338036874513542 -0.16354480896202184 -0.16355030071295154 
# Stellar luminosity-weighted [S/Fe]:
0 1.1102230246251565e-16 5.551115123125783e-17 0.9260303083336204 0.997843172732679 0.7779070495651685 0.6012523015275905 0.5033455389972212 0.024322759933763927 -0.07785075607918718 -0.05879140187135329 -0.022113807646974737 -0.014981774016892768 -0.018467786650288476 -0.026119751847510975 -0.03589718927193031 -0.046099722495667905 -0.055597228928667086 -0.06411656180037434 -0.0716571809259719 -0.07849910107981306 -0.08461527505517963 -0.09020897418560098 -0.0952551165156248 -0.09985372166575884 -0.10407482075913488 -0.10799528915428569 -0.11158153663342846 -0.1149349375736714 -0.11807460136570552 -0.12102027894841716 -0.12378315527805817 -0.12633837924137215 -0.1287615775329104 -0.13106808376759338 -0.1332487261785934 -0.13527117638690356 -0.13723445755761887 -0.139105123606722 -0.14086193947849146 -0.14258086681823945 -0.14417379076976844 -0.14575817067278185 -0.14723463804608605 -0.14864399036485154 -0.14996848329455925 -0.15124193928797625 -0.15247043097209778 -0.15366813874866936 -0.15480771134316673 -0.15592542271915566 -0.1569908088904769 -0.15800757328780168 -0.1589993020355812 -0.15995473913687375 -0.1608652299990485 -0.16176411359712273 -0.16261990444480523 -0.1634677291105433 -0.16429219710132592 -0.1650985235788437 -0.16584980441934827 -0.16658640610354936 -0.1673226547480885 -0.1680356561485037 -0.16871194378896637 -0.1693913208446206 -0.1700504814203967 -0.17067160851702756 -0.17128760389089714 -0.17190609512564026 -0.17250260924919758 -0.1730782823758643 -0.17363968494516957 -0.17421623922003537 -0.1747596854356127 -0.1752745831044603 -0.17578396536934993 -0.1763086553990445 -0.17681195268600225 -0.17729943349673505 -0.17776139540207092 -0.17822419103034892 -0.17869555073066157 -0.1791544935715681 -0.17958337376479538 -0.1800067657496084 -0.18043148466810177 -0.18085527643333765 -0.1812770614336796 -0.18169741070554812 -0.182074052050876 -0.1824348154240798 -0.1828205714531449 -0.18320499682879565 -0.18358233501952037 -0.18395812538937528 -0.1843091327160511 -0.1846393529268291 -0.18497487250301725 -0.18531646474303665 -0.18516593523721414 -0.18501566794339197 -0.18485327217072645 -0.18467174236046602 -0.1844776300848786 -0.184282398284206 -0.18410360025964256 -0.18393841453894344 -0.18365907496082334 -0.18272535171024462 -0.18210552973141592 -0.18194431861564286 -0.18207513142955856 -0.18224994639334569 -0.18243335482902778 -0.18257305163891657 -0.18259890834461256 -0.1826157897314581 -0.18255504768200248 -0.18250335789951522 -0.18229625650210401 -0.1823194121308197 -0.18223617878192488 -0.1822596339864465 -0.18205370068096693 -0.1821577608860835 -0.1821511597029455 -0.18209878961946424 -0.18212448341143872 -0.1823542181443818 -0.18233986247025458 -0.18246797007455062 -0.1826139309014313 -0.1826186606725203 
# Stellar luminosity-weighted [C/H]:
0 -5.218485947384705 -6.809975133545677 -5.887833759157818 -3.6097000493936653 -2.892407905706989 -2.50975905779715 -2.4555341777693753 -2.6284853515528184 -2.8224328862152896 -2.9764037895843742 -3.0680800211522845 -3.1003084278849276 -3.111422111117223 -3.1122489029694407 -3.106602532074259 -3.097113392090387 -3.0854695673882384 -3.0726125084291347 -3.0590655459218326 -3.044854796349405 -3.0304054171680574 -3.0156597646995627 -3.0009552798917536 -2.986303150491164 -2.9713076926689475 -2.9550345211155182 -2.9368972567538867 -2.916822300669784 -2.895539480686878 -2.8726247116202446 -2.8490411998063054 -2.8251430312584116 -2.80151818976626 -2.7778286266170626 -2.753981089368615 -2.730133319757994 -2.7058908690760877 -2.6812810214766785 -2.656652813694156 -2.6322876475077583 -2.60817947236432 -2.5844000896295807 -2.5615521243270862 -2.5389913350679176 -2.5172259065066713 -2.495986457036146 -2.4752579218023545 -2.45477440515514 -2.4350296350757485 -2.416070724825561 -2.3981442002838094 -2.3804620090888458 -2.3632956778786314 -2.3468219206953087 -2.3305370105774097 -2.315588166577572 -2.301080665072921 -2.2871800826030295 -2.2737522748201853 -2.260961407921915 -2.2485537112417884 -2.2366595754603287 -2.2250576465993532 -2.2134103236127434 -2.202153772102956 -2.191464077758148 -2.1812412976976914 -2.171592642265937 -2.1621948349084716 -2.1532760082487936 -2.14456490953932 -2.136027866774935 -2.1278390128922373 -2.1200363081178786 -2.1126351614137935 -2.105364021319674 -2.0981178166657246 -2.0912862021035457 -2.0848995437465927 -2.0785330934986117 -2.0724464712360122 -2.0663572326159576 -2.060651840832305 -2.055150469818477 -2.0498608119816843 -2.044450182322593 -2.03879750792247 -2.033488134617393 -2.028597693157355 -2.0239761998155723 -2.019801630165526 -2.015303619835816 -2.0106997906702366 -2.0061553469516413 -2.001777546634939 -1.9975748351286482 -1.9935283686497662 -1.989607319958564 -1.985625620105142 -1.9816706837992308 -1.984494122425006 -1.9875006273431097 -1.9906365189008977 -1.993836711046682 -1.9970552913454442 -2.000318130431036 -2.0033825324270733 -2.0062744393852405 -2.0118061335435735 -2.0310017358925023 -2.049585108219281 -2.059099976346441 -2.064515314052011 -2.0685153880432017 -2.073119623667174 -2.0766660444898575 -2.080322711319278 -2.080988406055054 -2.0837762784509444 -2.0865303796462946 -2.089893986405696 -2.091595337109152 -2.092856561612879 -2.094914053400241 -2.0986955189377197 -2.101947022601813 -2.1049515697074623 -2.1079042373794907 -2.1095608618855755 -2.108409394508228 -2.110764181192665 -2.109701922792958 -2.110729233955377 -2.1106719442781836 
# Stellar luminosity-weighted [N/H]:
0 -5.218485947384705 -6.809975133545677 -6.485839695281747 -4.20382579714448 -3.4945997348945435 -2.7803777412621207 -2.3020396426236793 -2.1940268495861 -2.3119281946103474 -2.4867328666347337 -2.6177395966314494 -2.6552163199388277 -2.6606667333694487 -2.651618649077979 -2.6332908323975888 -2.6095088005007794 -2.5825271442779956 -2.5536320260818144 -2.5237018370816964 -2.494253155180192 -2.4673452306132253 -2.443399441008439 -2.4225281760213013 -2.404181416520135 -2.3881126952580383 -2.374657787195555 -2.363222482755029 -2.355892308661584 -2.3501045258133777 -2.3467202584674496 -2.344974615640476 -2.344751187853162 -2.3458213020198393 -2.3476715634219447 -2.3502711270516397 -2.353010140777279 -2.35539483949948 -2.35724624439953 -2.3586221016541034 -2.359460441047726 -2.359966110798789 -2.359975613278653 -2.359921068034982 -2.3597358334810563 -2.3593455784661277 -2.358876026100009 -2.357950634431927 -2.356947786014751 -2.3557221650812803 -2.3547005994999965 -2.353712794967633 -2.3525505414196752 -2.3514100971858714 -2.3502800030271835 -2.3490815922956667 -2.3478137566745154 -2.3464511227236615 -2.345116942754567 -2.3438381151216747 -2.342506169410683 -2.341276498582749 -2.3398825843857436 -2.3370513943766005 -2.3354896684569226 -2.3342165212372636 -2.3326877210568293 -2.331335231927822 -2.329947389454463 -2.328573808783755 -2.3272520382775586 -2.3259542107689466 -2.324645446200064 -2.32327681603347 -2.3221564730423614 -2.3209324443308166 -2.3195001594799427 -2.318108429031091 -2.3169522551990447 -2.3155606521349705 -2.3136686577885985 -2.312256692142687 -2.3109387314562504 -2.309660833284897 -2.308445766296722 -2.3072436270075416 -2.3059818753769576 -2.3046143542437454 -2.30331897473015 -2.302169027063848 -2.3011714218483883 -2.3001413399001702 -2.2989212785415667 -2.2974936566023443 -2.296081456093513 -2.2950790045877802 -2.294078737845294 -2.2924361919532723 -2.29135198044301 -2.2902654893791032 -2.288263224440125 -2.287247513303348 -2.2863556417786484 -2.2855357156855796 -2.284720763051042 -2.2838750876677887 -2.282997148515121 -2.282075774729228 -2.281148180703804 -2.2796101307490577 -2.272120091379164 -2.2593389033967597 -2.249476988877672 -2.2404634150223863 -2.233300925404551 -2.225109108860945 -2.2187522456248185 -2.2143510821882506 -2.2128617711736664 -2.211440524486047 -2.209234865605487 -2.2081639177263463 -2.2066748167212697 -2.2066170624196184 -2.204031493889267 -2.203396885866465 -2.199539480061519 -2.1978627837213995 -2.197026098170423 -2.195928770895457 -2.1936692175011228 -2.192835197252797 -2.191768303921247 -2.189803183179108 -2.1897199120993918 
# Stellar luminosity-weighted [O/H]:
0 -5.218485947384705 -6.809975133545677 -4.657735638358736 -2.3001682410746023 -1.8413014983807336 -1.7023025851900897 -1.7873547891036994 -2.0392306559767652 -2.2217569216472626 -2.3041213715789723 -2.342563750591287 -2.361583929757689 -2.372829703278403 -2.3799711839762026 -2.384475974603289 -2.3873170934460086 -2.3889833063367796 -2.3898691764212465 -2.3902340913932765 -2.3902580294421583 -2.389844852314316 -2.389280545778125 -2.3885504609862913 -2.3878186499437195 -2.3867529497357447 -2.3857330282333145 -2.384595593475945 -2.3834394482570938 -2.3822989354864266 -2.3811782252937554 -2.3800746589689536 -2.378755214399865 -2.3774380295867754 -2.376172479186997 -2.3750413177543193 -2.3738728594585394 -2.3726106417060064 -2.371328252707011 -2.3700674765070326 -2.368835417098679 -2.3676459903115648 -2.3663414499123405 -2.3652217371263564 -2.3640165024263773 -2.362820949591388 -2.3616587052719575 -2.3604754771912724 -2.3596229032293277 -2.3581443773178536 -2.3569873281128686 -2.3558574287603147 -2.3547525855833884 -2.353677147250793 -2.3525295539284636 -2.3514106900010505 -2.350442455524039 -2.349370027197005 -2.3483389637757286 -2.34734395523407 -2.346285374138425 -2.345270885397902 -2.344310167173097 -2.3433886796931365 -2.3423353547394763 -2.341294112458935 -2.3404382310443648 -2.3394675393659536 -2.3384779210687547 -2.337583645592318 -2.336796009645332 -2.33589883462803 -2.3348587908029854 -2.3339581373875546 -2.3331768867263696 -2.332338600458484 -2.3314206115632654 -2.3304467268771543 -2.3296694817895753 -2.3289556173341435 -2.3281286950325777 -2.3272020939753917 -2.326282358868519 -2.325563169004446 -2.324822012685063 -2.324053325055538 -2.3231741311855334 -2.3222949807570075 -2.3214897029272343 -2.320836694093355 -2.3201826512963013 -2.3194409841594963 -2.318580119440173 -2.317701942664476 -2.3169392242817564 -2.316329306902354 -2.315775344066429 -2.3150967656760812 -2.3143058112511197 -2.3134968568228533 -2.3127013169509745 -2.312762489205629 -2.3129773247796876 -2.3132068281368827 -2.3133493983782536 -2.313411857425419 -2.3134635163076522 -2.313483470405525 -2.3134931203321294 -2.3138433871427084 -2.313939855876983 -2.312469695136577 -2.3106189435281888 -2.308950617629363 -2.3077767184276974 -2.306249934791876 -2.3049976897374442 -2.3042256459274597 -2.3037929918914966 -2.303766782946858 -2.3033640592293905 -2.303022212788182 -2.3030216650270052 -2.30302977630555 -2.3025632101589695 -2.302558616144397 -2.302207006575915 -2.3023724824139506 -2.302746160595337 -2.3029138417582056 -2.302416172010531 -2.302732933943009 -2.3024204024361676 -2.302458046421049 -2.302401143164798 
# Stellar luminosity-weighted [Mg/H]:
0 -5.218485947384705 -6.809975133545677 -4.878606779563782 -2.5085657428777797 -2.016989774029735 -1.8330614450759697 -1.886359306287721 -2.142388385492456 -2.351892915157661 -2.449171973039787 -2.493082011259827 -2.5144517225887633 -2.5270037418868894 -2.5349815963653892 -2.5400347849450897 -2.5429701656880495 -2.544773092525901 -2.5457274785800372 -2.546081381636208 -2.5459256911376 -2.5454743304961314 -2.5447857933296163 -2.543922430158741 -2.542907659330573 -2.5418163739987456 -2.540669847940025 -2.5393566955380225 -2.5380292137916314 -2.5367413087470876 -2.5354292365322637 -2.5341336138258983 -2.5326026775076915 -2.5310614826794398 -2.529553557589794 -2.528109647525925 -2.526615277716938 -2.524969443460823 -2.5232490508158207 -2.521479211562786 -2.519659800839766 -2.5178422788231343 -2.515918453288781 -2.514014257985207 -2.5120324335820774 -2.51004226665305 -2.50804821485743 -2.506295819147936 -2.504035183882743 -2.5019444926099546 -2.499915898106254 -2.497850489577165 -2.4958731126783524 -2.4939285340745974 -2.4919406182871153 -2.490076835788188 -2.48849013564962 -2.486842015787248 -2.485255041530425 -2.4837895760731348 -2.482365687630182 -2.480934789810534 -2.4796219853553003 -2.478395730197965 -2.4770464298258643 -2.475772387235823 -2.4746419427226067 -2.473497483733043 -2.47230327935735 -2.471254853795701 -2.47027157456868 -2.4692791624338213 -2.4681893494479263 -2.4671078592837157 -2.4662430925581056 -2.465309197174549 -2.4642123183726117 -2.463159535064328 -2.462293578838878 -2.4615242125641403 -2.460711494849715 -2.459836624215919 -2.4587634462448644 -2.457919930228913 -2.45729693620766 -2.456493178033935 -2.4555605306025887 -2.4545974206499412 -2.4537421567686533 -2.453139936444554 -2.4525359743959 -2.451867031911128 -2.4510396221707946 -2.4503563399064676 -2.449706975385233 -2.4491634618578626 -2.448714206829309 -2.4481524393012313 -2.447539144994489 -2.4468605460163335 -2.4460793868618387 -2.446204712145996 -2.4464768061541537 -2.4467662245783304 -2.446973682610701 -2.447092031543156 -2.4471978287462663 -2.447262082537521 -2.44730946142397 -2.4477205894280623 -2.448106102199465 -2.4469109821024135 -2.4452235922430123 -2.443598435478348 -2.4424726829469563 -2.441044203050737 -2.4398684492504525 -2.439196903884798 -2.4387712178769467 -2.438836217250614 -2.438495533041695 -2.438263060658749 -2.438307081324546 -2.438365314070989 -2.437923447368254 -2.4380497189365657 -2.437769759559621 -2.4380190609698698 -2.438491052788578 -2.4387231537299243 -2.4381414463285145 -2.4385484827445545 -2.4381825119950227 -2.4382581218621047 -2.438195203301672 
# Stellar luminosity-weighted [Fe/H]:
0 -5.218485947384705 -6.809975133545677 -5.8510995498435765 -3.5305452955307466 -2.803558147638764 -2.4212444379180313 -2.3587640311015665 -1.9029670615618084 -1.8637761847799732 -2.0152195779650253 -2.1511231290006725 -2.1889392052525976 -2.193224981594933 -2.1828409263616058 -2.164047984708402 -2.1418011845550566 -2.1191280242610793 -2.09737954386065 -2.0769302054686163 -2.057410969228137 -2.0391628875826227 -2.021787585554761 -2.0055027912846155 -1.990097496508195 -1.9754775021918292 -1.96152883820299 -1.9483568538547908 -1.9356399516297023 -1.923369454426079 -1.9117228930777435 -1.900531367596658 -1.8897956824062447 -1.8794164834110045 -1.869412674742522 -1.8597999529969123 -1.8505200062758433 -1.8414554416495292 -1.8327257543949917 -1.8242552023117016 -1.8160690521575837 -1.8080921821273268 -1.8003104602328248 -1.7928989007367857 -1.785623682085876 -1.7786701246885803 -1.7718916380363403 -1.7652646875578748 -1.7587601955606758 -1.75239427648454 -1.746214337985414 -1.7402101897679572 -1.7343862999686674 -1.728702258647398 -1.7231073026352046 -1.7176465015269944 -1.7123904775042833 -1.7070893695000295 -1.7019711108191142 -1.696953682086054 -1.6920438732072682 -1.6872455837812588 -1.6825998388996233 -1.6779656114029482 -1.6732876251263438 -1.6687955603319038 -1.664402781207201 -1.6600340567743483 -1.6558007640983723 -1.6516642161326018 -1.6476185384736448 -1.6435530973900176 -1.6395149927023631 -1.6356132554973302 -1.6317634448152756 -1.6280124545092507 -1.624248324859594 -1.6204741324120926 -1.6167949751150212 -1.613272104326498 -1.609710930921132 -1.606198747019305 -1.602693242872765 -1.5992970055673714 -1.5960110957069809 -1.5928053068817318 -1.5895038183609609 -1.5861173763436813 -1.5828840403568645 -1.5797990274791252 -1.5767352018559997 -1.5738583798319334 -1.5707776223898833 -1.5676435338907586 -1.5646122751494875 -1.5617171607030498 -1.5589011337522134 -1.5561345361815109 -1.5533574286395666 -1.5505432551906617 -1.547683300883489 -1.5486249310980273 -1.549717192885204 -1.5509022211654644 -1.5521197879008266 -1.5533265360711024 -1.5545251259695165 -1.5555898781133966 -1.5565568624225152 -1.558511131007604 -1.5639329746359358 -1.5657892004302232 -1.5646712150542506 -1.562037663244623 -1.5597030480419818 -1.5569694764659792 -1.5547782466204794 -1.5537739271576605 -1.553207110835098 -1.5535179721742711 -1.5533576817288344 -1.5541957180839052 -1.554036468635795 -1.5545340664230087 -1.5538566626405848 -1.555042807189861 -1.554011554220856 -1.5541922658063214 -1.5548674627907495 -1.5548763370088636 -1.5529806028339372 -1.5533903978479024 -1.552298057840935 -1.5514671112242144 -1.5513803085428695 
# Stellar luminosity-weighted [Ca/H]:
0 -5.218485947384705 -6.809975133545677 -5.159087696429729 -2.7788270198587064 -2.2712176018158496 -2.0625106266545963 -2.091029275359918 -1.9475910546880062 -1.956975970643395 -2.0970470687069884 -2.2131497112264364 -2.2468414456272727 -2.2528612042490535 -2.246382893626916 -2.232753503571878 -2.2158236359926624 -2.19804644772766 -2.1806437151016684 -2.1640117537110966 -2.147934741006644 -2.132749002584042 -2.1181571474736662 -2.104365098553619 -2.091231266156969 -2.078663340983679 -2.0666274927863446 -2.0551921146959904 -2.044093785385302 -2.033341142468969 -2.023094811011438 -2.0132326700106953 -2.00371038292932 -1.9944853498485582 -1.9855747417707228 -1.9769928507575312 -1.9686594413587777 -1.9604712412356262 -1.9526414412568558 -1.944866979773761 -1.9375990065217001 -1.9304203674688578 -1.923376964535545 -1.9166548736858218 -1.910035975310353 -1.9036916660038194 -1.8975011416756704 -1.891434765507074 -1.8854808065647353 -1.879639766897764 -1.873970744192718 -1.8684563431074226 -1.8630987522051035 -1.8578678376422202 -1.8527077502964335 -1.847662762926542 -1.8428169537775032 -1.837931238102441 -1.833175704518327 -1.8285308402687601 -1.8239837450894134 -1.8195287540852165 -1.8152139439200958 -1.8109141034048433 -1.806561623268725 -1.8023784725942713 -1.7982983513213195 -1.7942388500533815 -1.7902679105316732 -1.7864067887822053 -1.7826394715208007 -1.7788424854296148 -1.775064461135604 -1.7714133954312405 -1.767821434543392 -1.764314554965047 -1.7607803426811532 -1.757234599573203 -1.7537903162991348 -1.750493969345734 -1.7471525947907232 -1.7438455016085515 -1.7405455335719395 -1.7373622504663668 -1.7343046585768889 -1.7312706917659106 -1.7281537320611395 -1.7249603641173774 -1.7219137918018363 -1.7190159779518002 -1.7161344125596338 -1.713419315516064 -1.7105066294310927 -1.7075424727242705 -1.7046807790233043 -1.7019549050200675 -1.6993073261656528 -1.6966935483991463 -1.6940623252165636 -1.691397123449839 -1.6886887145255693 -1.6895647817141732 -1.6905915459001957 -1.6917054191482945 -1.6928431396289563 -1.693964630140104 -1.6950774863285387 -1.6960638012704168 -1.6969584829049573 -1.6987907770789983 -1.7038040300105495 -1.7053932457534229 -1.7042086112830326 -1.701637872070079 -1.6993830893465596 -1.6967322089841863 -1.6946045676379446 -1.6936128479857695 -1.6930544985212226 -1.6933382320268082 -1.6931566048298565 -1.693904157123006 -1.6937554250531468 -1.6942160138490134 -1.6935511774545118 -1.6946462460305316 -1.6936618608437373 -1.6938393348395655 -1.6944905731772204 -1.6945102018184341 -1.6927173396716384 -1.693119371108529 -1.692084511220453 -1.6913170340870272 -1.6912323938328484 
# Stellar luminosity-weighted [Ne/H]:
0 -5.218485947384705 -6.809975133545677 -4.816615116912281 -2.546264891221763 -2.0163489936391548 -1.810230962303839 -1.8738765738876753 -2.1555291183175385 -2.3792342689747583 -2.472525801177313 -2.5117865171590914 -2.5326048208354948 -2.5456340250651444 -2.5543873075563175 -2.5605527274143025 -2.564890170017465 -2.5680230861304576 -2.570334516361754 -2.572011605999691 -2.5731951233731873 -2.5740294757320203 -2.57463683543616 -2.574963764116001 -2.5751106910996837 -2.575140281347136 -2.5750986523189257 -2.5749856139445004 -2.5747125561101303 -2.5743266714185715 -2.573979165606853 -2.57369177563188 -2.5731549315594373 -2.572659407695512 -2.5721581077350013 -2.5717181481100395 -2.5712411449157644 -2.5706754300698744 -2.5702537012009783 -2.5695124146501067 -2.5689492431833294 -2.5683636532983725 -2.5677225908552037 -2.5671506469043726 -2.566519899129223 -2.5659105290981774 -2.565298921387023 -2.5646446743815154 -2.5640361560087372 -2.563369413960734 -2.5627596512069504 -2.5621266924036776 -2.561543837946463 -2.5609561584618774 -2.5603146692967904 -2.5596308623961708 -2.559127425972103 -2.558540528607968 -2.5579244977917472 -2.557376642818296 -2.5568267056124396 -2.556196535810307 -2.5556017446094064 -2.555126133802177 -2.554495224588994 -2.5538800685208862 -2.5534287772268804 -2.552920261427918 -2.552271114018759 -2.5517029335946164 -2.551310826122993 -2.55079971746765 -2.5502186304897556 -2.549705412011652 -2.549354859463911 -2.548934135562292 -2.548343784265092 -2.547751172099038 -2.547353734119853 -2.5472370901057504 -2.546702242268064 -2.5461643590392233 -2.5455834507582233 -2.5452371446106055 -2.5448936299020124 -2.5444308863692857 -2.5439540185754668 -2.543478439540439 -2.543078827783985 -2.542845602401795 -2.5426082209789236 -2.5422355305985675 -2.5417412555361745 -2.54125045329069 -2.540867691958372 -2.5406442261526463 -2.5404629078475454 -2.5401790969675204 -2.5397800307196645 -2.539306430915383 -2.5388887607676818 -2.538771271815383 -2.5388079405544683 -2.538860738902609 -2.538812540814056 -2.5386626242034787 -2.538499515102533 -2.5383209349986586 -2.538140957020569 -2.5381650934217843 -2.5372276460272065 -2.5349647953399908 -2.5328357160642554 -2.531169106990614 -2.530103394484037 -2.52871272378841 -2.5275449703219124 -2.526767465301714 -2.5263247027003155 -2.5262470371495027 -2.5257554902872608 -2.5251807001744035 -2.525204709753818 -2.5251362206477825 -2.5246408398000044 -2.5244366606735813 -2.5241694166956457 -2.5243420216552 -2.5246891109245473 -2.52490253224785 -2.524596374917035 -2.5249380261325562 -2.5247274115040863 -2.524941234650252 -2.5248825009612554 
# Stellar luminosity-weighted [Si/H]:
0 -5.218485947384705 -6.809975133545677 -4.847133065928512 -2.4483292496151767 -1.954552988151537 -1.761906562912218 -1.802487777526597 -1.8426808448240202 -1.912355791712696 -2.041432455739181 -2.1367157009608793 -2.166601330343025 -2.174598778536521 -2.172224929026207 -2.164273367659921 -2.1532539731291402 -2.1410009069131375 -2.1285755795242984 -2.1164265783190617 -2.1043940688290705 -2.0929155467619385 -2.081726366951635 -2.071024764319983 -2.0607166104660717 -2.05078281624586 -2.0410965544507818 -2.0319617572158473 -2.023013253372458 -2.014268392281071 -2.0058772396706086 -1.9977943063638017 -1.9899043168189623 -1.9822509895417646 -1.9748110752634096 -1.9676361630733403 -1.9606405658017962 -1.9537498516300218 -1.9471021374368709 -1.9406281258098685 -1.934360366800516 -1.9281948956148867 -1.9221753439191316 -1.9164174278053796 -1.9107439067501364 -1.9052573351860618 -1.8999060746264949 -1.8946607000148301 -1.8895021671126786 -1.884421907896198 -1.8794962939941513 -1.8746922030246074 -1.8700290540267268 -1.8654493832826384 -1.8609262104797946 -1.8564959913256738 -1.8522518372969694 -1.847942506230571 -1.8437653766255648 -1.8396715240740171 -1.835661234915884 -1.8317205371096383 -1.82790708508385 -1.8241023592136871 -1.820237058686823 -1.8165143571864695 -1.8128928890405636 -1.8092727504615391 -1.8057451394814148 -1.8023054365879094 -1.7989616165434237 -1.7955703942593155 -1.7921872376262504 -1.7889190055069104 -1.785724025756906 -1.7825909958602093 -1.7794108926166752 -1.7762151579218735 -1.7731335837757092 -1.770177824106658 -1.7671711671354657 -1.7641865423267955 -1.761206009505126 -1.758345808785542 -1.7555869678071057 -1.7528624140899067 -1.7500504424190915 -1.7471529458785664 -1.7443922337568472 -1.741795094929028 -1.7392001839340816 -1.7367367702733008 -1.7340827793352647 -1.731385265344204 -1.7287888126614712 -1.726328348888682 -1.7239403373977646 -1.7215703045150885 -1.7191693297574915 -1.7167381748058164 -1.71429240878666 -1.7150639289023575 -1.7159862621789053 -1.716987159832307 -1.7179987308296427 -1.7189852720182692 -1.7199617852279516 -1.7208229283374576 -1.7216019253312895 -1.723238320678714 -1.727597372042001 -1.7287511412822303 -1.7274518488033195 -1.7249691319167182 -1.7228338129511833 -1.7203086612452214 -1.7182769492295158 -1.7173024437705378 -1.7167555029826467 -1.716996858553851 -1.7167788085211724 -1.7173826051493135 -1.7172493767365244 -1.7176523882096708 -1.7170029355208252 -1.7179552351044727 -1.7170421992919183 -1.717214734215199 -1.7178295847785687 -1.7178668538191024 -1.7162326529437797 -1.7166247370262822 -1.715678426586071 -1.7150119201862353 -1.7149306092558216 
# Stellar luminosity-weighted [S/H]:
0 -5.218485947384704 -6.809975133545676 -4.925069241509957 -2.5327021227980673 -2.0256510980735953 -1.8199921363904403 -1.855418492104345 -1.8786443016280447 -1.9416269408591598 -2.0740109798363786 -2.1732369366476467 -2.2039209792694896 -2.2116927682452214 -2.2089606782091176 -2.199945173980333 -2.187900907050725 -2.174725253189745 -2.1614961056610245 -2.1485873863945875 -2.1359100703079497 -2.1237781626378016 -2.111996559740361 -2.10075790780024 -2.0899512181739537 -2.0795523229509634 -2.069524127357277 -2.0599383904882194 -2.0505748892033733 -2.041444055791785 -2.0327431720261604 -2.0243145228747164 -2.016134061647616 -2.008178060943915 -2.0004807585101148 -1.993048679175506 -1.9857911826627461 -1.978689899207148 -1.9718308780017129 -1.965117141790194 -1.9586499189758237 -1.952265972897095 -1.9460686309056063 -1.940133538782872 -1.9342676724507273 -1.9286386079831397 -1.9231335773243163 -1.917735118529973 -1.9124283343093458 -1.9072019878277064 -1.9021397607045696 -1.8972009986584348 -1.8923938732564682 -1.88770156068298 -1.883062041772078 -1.878511731526042 -1.874154591101405 -1.8697092739448342 -1.8654388399296566 -1.86124587918738 -1.857142396786112 -1.8530953882006074 -1.849186245003172 -1.8452882661510372 -1.841323281274847 -1.83750750412087 -1.8337941020518214 -1.830084538194745 -1.8264723726153997 -1.8229518200234986 -1.8195246335992845 -1.8160557066392151 -1.8125932750782283 -1.8092529404424988 -1.80597968403531 -1.8027721399448637 -1.7995229079640547 -1.7962580977814424 -1.7931036305140662 -1.7900840570124998 -1.787010364417867 -1.7839601424213765 -1.780917433903114 -1.7779925562980328 -1.7751655892785498 -1.772388680646527 -1.7695105841105692 -1.766548861011783 -1.7637393167902031 -1.7610760889128052 -1.7584326125615481 -1.7559324318828091 -1.7532124378139633 -1.7504641053439034 -1.747817271978282 -1.7452994957225698 -1.7428592591415883 -1.7404436688975622 -1.7379967815663955 -1.7355181276936795 -1.7329997656265252 -1.7337908663352408 -1.734732860828597 -1.7357554933361907 -1.736791530261292 -1.7378041661559802 -1.7388075242537218 -1.739693478373039 -1.7404952769614592 -1.742170205968427 -1.7466583263461803 -1.7478947301616392 -1.7466155336698934 -1.744112794674181 -1.7419529944353274 -1.7394028312950063 -1.7373512982593962 -1.736372835502273 -1.7358229005665562 -1.7360730198562733 -1.7358610396283494 -1.7364919745860092 -1.736355880766614 -1.7367702452049336 -1.7361162966270314 -1.7370965078708283 -1.73616931510694 -1.7363434255092667 -1.7369662524102125 -1.7370008204203025 -1.735334820978319 -1.7357302603181575 -1.7347660279154864 -1.734081042125645 -1.7339989692153903 
# X_list:
0.7502484878082851 0.7500063198614392 0.7500006105152937 0.7499456987722317 0.7498030654662536 0.7495401929031174 0.7488296814581894 0.7466936167736105 0.740935508283037 0.7266196125959183 0.697135318182194 0.6618876069152791 0.6441452259715192 0.6417087761251095 0.6448634262277164 0.6496389390045482 0.6531746876285258 0.6561837645617635 0.6584973365447327 0.6614597787636451 0.6638022508769835 0.668353040909775 0.6729090525573105 0.6771857837845818 0.6797800402801314 0.6824196816614633 0.6840467080765867 0.68541750961512 0.6866731553219871 0.6885883195667649 0.6885005212220956 0.6896030071514901 0.691013890588549 0.6969250209618522 0.6899876806873814 0.6849517584844775 0.679321653310792 0.6779674745072063 0.6749742641766644 0.6691425340293714 0.6650180012789025 0.6647441478734368 0.6592772167917548 0.6558387446523877 0.6523689674322438 0.6486865450496332 0.6470948794554805 0.6420877485777521 0.638131226750157 0.6377562383523885 0.6363301054955499 0.6312940017055338 0.6284501522935443 0.6274594465194901 0.6256264248220121 0.6229734588429581 0.6217947141271691 0.6233118972408868 0.6181750540556581 0.6173606287246326 0.6209338521353781 0.6199918570886893 0.6160176429529021 0.6116068161775635 0.6081003461393247 0.6007598164779534 0.6074257234269163 0.6032113960240565 0.6068112144771904 0.6106360619862546 0.6001847256766482 0.616984740073655 0.6081497779267413 0.6257599297285827 0.6127010698556061 0.6159695713116654 0.6135962903783424 0.6171606676204275 0.622245543459159 0.6153101296900689 0.6199571342323492 0.6200889667659565 0.6238995861294834 0.6232235966831201 0.6248416222100095 0.6276013736125041 0.6266640425219044 0.6212962367788405 0.62198347551243 0.6319935449892244 0.6188466028192723 0.6205429230201825 0.6342506119218456 0.6265157099576234 0.6260099464246272 0.6333768369093818 0.6205801116517169 0.636919342431025 0.6309647002429876 0.635708042295846 0.637086371990143 0.6358887230250799 0.63391296848744 0.634477452096048 0.635552805607007 0.6344034327817957 0.6351276039624627 0.6358607711764931 0.6353923614652096 0.6357243306021461 0.6381473254319783 0.643121082251654 0.6474901212122571 0.6525033823691797 0.6562580056576081 0.660573810376546 0.6638493528693518 0.6665674196684137 0.667513520902927 0.6693524438092404 0.6710631079382593 0.6727521928612461 0.6736814557664268 0.6742922054081482 0.6758534194811954 0.6775089123590874 0.6804713285174392 0.6827972499094667 0.6849395411765479 0.6863468874996212 0.6880106970382281 0.6900122850316343 0.6903597738182566 0.6912898887134675 0.6922959099872779 
# stellar_X_list:
0.7529042722234999 0.7502484878082851 0.75001142424146 0.7500061595660269 0.7499892158248121 0.7499717312859258 0.7499598574015576 0.7499501508753776 0.7499418136321196 0.7499352809691936 0.7499303218737424 0.7499264063638377 0.7499231605297307 0.7499203642738664 0.7499178468576975 0.7499155491244763 0.7499134944127339 0.7499116094744334 0.749909900094279 0.7499082755213236 0.7499067659886011 0.7499053582100789 0.7499040523423091 0.7499028672144755 0.7499017733615799 0.749900746925318 0.7498997886009621 0.7498988800733323 0.7498980065796956 0.7498971716820929 0.7498963768739759 0.7498956083189506 0.7498948662123581 0.7498941565438791 0.7498935209108595 0.7498928354676474 0.7498921169705532 0.7498913607113906 0.7498906080782277 0.7498898482359109 0.74988905406694 0.7498882445472725 0.7498874409906221 0.7498866044563028 0.7498857546553408 0.7498848973647753 0.7498840308091644 0.7498831656593563 0.7498822669418077 0.7498813508529195 0.7498804453015968 0.7498795441215099 0.7498786233676579 0.7498776947710619 0.7498767747080477 0.7498758372134177 0.7498749162107748 0.7498739901690915 0.749873092112417 0.7498721725432839 0.7498712619951656 0.7498703842033853 0.7498695154482491 0.7498686164240712 0.7498677019789326 0.7498667805423601 0.7498658397954548 0.749864934297726 0.7498640331795624 0.7498631429588644 0.7498622944922021 0.749861389287127 0.7498606018944342 0.7498597673469152 0.7498590208052927 0.7498582277348854 0.7498574601885704 0.7498566750172916 0.7498559198857165 0.7498552035681242 0.7498544569857859 0.7498537384775893 0.7498530254335944 0.7498523326336768 0.7498516595886813 0.7498509968301379 0.749850351087937 0.7498496977390233 0.7498490291327226 0.7498483630387677 0.7498477522391038 0.74984712098763 0.749846480527339 0.7498458854169182 0.7498452761682178 0.7498446630006288 0.7498441222147082 0.7498434581357052 0.7498429348507103 0.7498423715780894 0.7498418246427713 0.7498417736889054 0.7498417322207351 0.7498416933485847 0.7498416234455766 0.74984159026017 0.7498415511432714 0.7498415049082824 0.7498414617486184 0.7498413866470223 0.7498410326290769 0.7498403876200019 0.7498398726077907 0.7498394258361083 0.7498390791993349 0.7498386813445821 0.7498383706035934 0.7498381603151385 0.7498380827423091 0.7498380042711479 0.7498378561746208 0.7498377570208183 0.7498376862325336 0.7498376725839819 0.7498375041409684 0.749837405473145 0.7498371122885835 0.7498369120049037 0.7498367515953257 0.7498365733802531 0.7498362844626247 0.7498361649741637 0.749835933941762 0.7498357652893275 0.7498356040023 
# stellar_X_list_luminosity_weighted:
0.7529042722234999 0.7502484878082851 0.7500063632021249 0.7500006969575046 0.7499483873568072 0.7498242284600368 0.7496635231099039 0.7495406496174762 0.7496291406806451 0.7497773470428315 0.7498568907291113 0.7498882987420683 0.7498988082111644 0.7499034208559988 0.7499054636196172 0.7499060829762295 0.7499059401238539 0.7499053768419273 0.7499045803882887 0.7499036369265424 0.7499025928042347 0.7499015138070277 0.7499004488474895 0.7498994413556469 0.7498984849783576 0.7498975405529734 0.7498966162006654 0.7498956948757002 0.7498947534639999 0.7498937899258269 0.749892865228286 0.7498919356590139 0.7498909610860498 0.7498900195851818 0.7498891928317472 0.7498882298737666 0.7498871435469113 0.7498858995814982 0.749884630719107 0.7498833048465883 0.7498818686537483 0.7498803632513259 0.7498788560168731 0.749877285812382 0.7498756510946706 0.7498740040584682 0.7498722990574785 0.749870580986364 0.7498687865220603 0.7498669229221314 0.7498650971479355 0.7498632865625606 0.7498614201385445 0.7498595262937933 0.7498576318168989 0.7498557167706414 0.7498538477123498 0.7498519245386794 0.7498500624331692 0.749848146240057 0.7498462769416475 0.7498444890365942 0.7498427443456374 0.7498408875185133 0.7498389078206101 0.7498369482139265 0.7498348986422207 0.7498329707847565 0.7498310409558693 0.7498291578791563 0.7498273881684014 0.7498254209258809 0.7498237811658086 0.7498220418857376 0.7498205479514204 0.7498189279378552 0.7498173454862012 0.74981567407105 0.7498140829973212 0.7498126598477329 0.7498110654638901 0.7498095654269968 0.7498080368097683 0.74980660546444 0.7498052304643348 0.749803902275471 0.7498025356843975 0.7498010639335594 0.7497996036696847 0.7497982351165775 0.7497970014315583 0.7497957326058003 0.7497942829761174 0.7497929784742439 0.7497916284519304 0.749790295864128 0.7497891093223273 0.7497877487975404 0.7497866209204423 0.7497853600077857 0.7497841411657026 0.7497847170753714 0.7497853710350014 0.7497860615225492 0.7497867499592871 0.7497874199683064 0.7497880870386888 0.7497886930498833 0.7497892533970557 0.7497903864400944 0.7497937540578626 0.7497959002704769 0.7497963140750515 0.7497959631480992 0.7497956484873285 0.7497952524652693 0.7497948813472313 0.7497948642784961 0.7497947286239249 0.7497950364618701 0.7497951503364518 0.7497955531360835 0.749795642868874 0.7497958773660875 0.7497957695988976 0.7497963423941875 0.7497963225720645 0.7497966507788673 0.7497971209248221 0.7497972753693917 0.7497966650057163 0.7497970307900828 0.7497966355567243 0.7497965477888983 0.7497965310292215 
# Y_list:
0.02113317345039969 0.0005374860396613981 7.162259246064017e-05 7.265861750355981e-05 0.00023592900885734117 0.0006145262683452725 0.0015023140327777877 0.003969956056192 0.012097368829709347 0.0392858110792656 0.10934426809221327 0.20728154830217585 0.26936376287965325 0.2901605720378992 0.293107741371082 0.2909914666564264 0.2885470808668173 0.2858577748676629 0.2836501253836272 0.2807116261630882 0.278577120744732 0.2746939001274981 0.2707655573962468 0.2672097273292663 0.26460950242148734 0.26237400197062527 0.2606883093267702 0.25987505025763585 0.25887665193479004 0.25720685301377433 0.2573037055486429 0.2564759161777412 0.254804921603972 0.25638676347956996 0.2572266690724392 0.25729927007755593 0.2597000123262054 0.2645637299290675 0.26718026107324594 0.2716718288306484 0.2751111628517433 0.2745103170487386 0.2785653401119421 0.2820780784289952 0.28429151343759534 0.2874661006826517 0.28766599615034577 0.292103330250314 0.29257022885026635 0.29943451169006025 0.2980053803885965 0.3003061925446689 0.30136972661419204 0.3028257654718242 0.30491469793821774 0.30724897088001796 0.3085280986468858 0.30707922964457623 0.311337591796119 0.3124627126690643 0.3073853571340866 0.3099550154518063 0.3130192365253606 0.3183904192110144 0.3188940760103174 0.32912954064062705 0.3213192253197283 0.32501551799917494 0.32293902374847605 0.31885488281732205 0.3297367893088577 0.3118379823639183 0.3225543869368414 0.30799467926641955 0.31837607323034045 0.3161950659366575 0.31821657163341316 0.31511825071360783 0.31023078995646586 0.31906600167942517 0.31330562712801546 0.3150021038540889 0.31196269346509464 0.311817605808874 0.31002951116543376 0.3076112189261023 0.31027939316482944 0.31525025607944235 0.3142383151565373 0.3059297952758486 0.3195575828229551 0.31321212759675976 0.30399230075857103 0.3105043815244564 0.31414409527805703 0.30669348311633293 0.3076584133132955 0.31055413794662473 0.30583813927645287 0.3087772636627367 0.30526565039967124 0.3059885770024539 0.30712946419111736 0.30630845871711837 0.30531168625917227 0.30701482982300027 0.30715573800210466 0.306823724164784 0.3067753862515921 0.3056695982652353 0.30415237049173954 0.30109789179210195 0.29812564964774696 0.2945706946007589 0.29201486046017355 0.28909245545810974 0.2868850607399226 0.2851416021453319 0.2845348927778225 0.28323656625443455 0.28218656410723186 0.2809610209962445 0.2802848775686295 0.2797616102825186 0.27862008984906594 0.2771502517473391 0.27453741940975773 0.27230938113845793 0.27032857720241354 0.26917917346982373 0.2678280703734408 0.26609471763579495 0.2659723453484961 0.2653618672876044 0.2645685694583627 
# stellar_Y_list:
0.247 0.02113317345039969 0.0009715988803731899 0.0005366720371326514 0.0005369713729443729 0.0005681963309030264 0.0005951234176136899 0.0006162545775423177 0.0006329565981352312 0.0006470028967640344 0.000659496663272326 0.0006704657242626336 0.0006822258125143796 0.0006904960942314749 0.0006988299846389823 0.000706733880885983 0.0007141984037149602 0.0007208987714578982 0.0007271546330141371 0.000733002809205327 0.0007385966702142087 0.0007438664062912473 0.0007488371077774158 0.0007535253301740154 0.0007579966521604152 0.0007622549327768461 0.0007663166645170004 0.0007702148684269829 0.000773995100134124 0.0007776317040950398 0.0007811670435440007 0.0007845772535024479 0.0007879318702700894 0.0007911482910983143 0.0007942845260619689 0.000797357671311447 0.0008003685259252994 0.00080332358910395 0.0008062893460026032 0.0008091926039179373 0.0008120769121409487 0.0008148951383489769 0.0008176712551405558 0.0008203858870211217 0.0008232334490877647 0.0008259267825548165 0.0008285690183903527 0.000831209213052001 0.000833844738159712 0.0008363942325908745 0.0008390270455605232 0.0008415916065252848 0.0008441013133914913 0.0008466115675080027 0.0008490365981331179 0.0008515037290387018 0.0008539772781071489 0.0008563934532754858 0.0008587674094958478 0.0008610510108117396 0.0008633864511032079 0.0008656305619568168 0.0008678577184702407 0.0008700984932487191 0.0008723918752160198 0.0008746323052446496 0.0008768235538368687 0.000878991741929413 0.0008811614693676758 0.0008833291844556269 0.0008853945606429608 0.0008875162500075031 0.0008894863865210512 0.0008915341553803919 0.0008934847735965618 0.000895429609404639 0.0008973341683180426 0.0008993138851897198 0.000901231381682796 0.0009030671095126106 0.0009049141847749866 0.0009067401986164874 0.0009086021015711941 0.0009104117599231376 0.000912157789501205 0.0009138698293342172 0.0009157017320249709 0.0009172953162162264 0.0009189817416906927 0.0009207028276740524 0.000922375159629699 0.0009239883667067108 0.0009255982264615211 0.0009272525393816029 0.0009288949983008469 0.0009306151732582374 0.0009320422233030513 0.0009337213739362239 0.0009351882449125987 0.0009365900453741531 0.0009381753895192827 0.0009383849660674631 0.0009385914150257052 0.0009387364159328174 0.0009389590520091922 0.0009390991440693824 0.0009392489578830192 0.0009394185754636767 0.000939579270700176 0.0009399593812375617 0.000941356590504853 0.0009438470566221068 0.000945672294621173 0.0009473067589210515 0.0009485400481145078 0.0009499242549386576 0.0009509605744877301 0.0009517493577983603 0.0009519837960029697 0.0009523480052628753 0.0009528874082046342 0.0009531792938349832 0.0009534825671810212 0.0009535506370420379 0.0009540849144549658 0.0009543716035787957 0.000955223514749665 0.0009557908060180227 0.0009562591440958861 0.0009567645570629425 0.0009574792528443101 0.0009578684335454357 0.0009584343871503346 0.0009589275440680767 0.000959353800913513 
# stellar_Y_list_luminosity_weighted:
0.247 0.02113317345039969 0.0005411720403316882 7.87337986038323e-05 7.971526081370186e-05 0.00023253844883862026 0.0005123460722828133 0.0007624185610510321 0.0007378584524632215 0.0006320884546118433 0.0005729806726970162 0.0005537625690112096 0.0005583434429326171 0.0005681315207318646 0.0005793650603632375 0.0005911688621345842 0.000602923572120274 0.0006142762451816212 0.0006250780985864691 0.0006352871750362368 0.0006450967223431857 0.0006544269598333613 0.0006632619427676264 0.0006716231565226053 0.0006796968350640931 0.0006874291737994703 0.0006948185968537633 0.0007019335912398873 0.0007089280151034007 0.0007157964800367499 0.0007223785036740279 0.0007287569697919165 0.0007350346773076036 0.0007412181082093325 0.0007473569518241495 0.0007532815523065453 0.0007590636604490608 0.0007650092197318176 0.0007708053726658285 0.0007765946312335907 0.0007824307289984868 0.0007882194259460706 0.0007939487596788665 0.0007995498615553252 0.0008052258498913969 0.000810740738669124 0.000816258527295082 0.0008217415284859837 0.0008271381737263083 0.0008327078276350608 0.0008381802097436097 0.0008435015906072881 0.0008488725024136684 0.0008540156044779526 0.0008593642165346531 0.0008646700480087795 0.000869583230883624 0.0008748507672042003 0.0008800261460971886 0.0008849205260803416 0.0008899018246898547 0.0008948241696428584 0.0008994845350039905 0.0009042060316024926 0.0009094026254500833 0.000914397052672535 0.0009192552514061348 0.000923993367920475 0.000928877473472635 0.0009336830899364882 0.0009381332563221782 0.0009427615700610598 0.0009473350706715332 0.0009520303667494344 0.0009563345633180544 0.0009604160408048589 0.0009646963279872378 0.0009693561618679746 0.0009738108942837522 0.000977821184905021 0.0009819547462811696 0.000986106754343709 0.000990555578508871 0.0009948357608396692 0.0009987401099531294 0.0010024502552639337 0.001006247991627891 0.001010722665966276 0.0010150191878571108 0.0010189603756603103 0.00102265789770199 0.0010260829276092307 0.0010298464347842013 0.001033960617822979 0.0010381054232229078 0.0010421080712389747 0.0010457699039200317 0.0010492449584065693 0.001052783662716872 0.00105632766222706 0.0010603536120897445 0.0010595895886188044 0.0010585087695910331 0.001057160546402994 0.0010557482500960873 0.0010542984976230324 0.0010528546704758183 0.0010516265589434397 0.001050835911143281 0.0010490437901090526 0.0010436766859787843 0.0010435467418987464 0.0010457471267140022 0.0010498510025774858 0.001052946272346102 0.0010560197879073928 0.0010586589360767674 0.0010601490133650227 0.0010607468169577298 0.0010606579266326543 0.0010616579422236653 0.001060934450888762 0.0010614283265165882 0.0010609724863044922 0.0010618654814249324 0.0010606487922044004 0.001061358212429337 0.0010609242633440237 0.0010601060270358255 0.00105996604588031 0.0010614864395882397 0.0010609197105179826 0.0010618829559280178 0.0010624065732659162 0.0010624860540788708 
# Z_list:
8.555940668178012e-08 2.1760568407344053e-09 1.7964687413067854e-07 4.180718198389575e-05 0.00013566904007768332 0.0003021912680090517 0.0008840417766347873 0.0029202341812336204 0.00832612598127548 0.02004601169126377 0.04053987760441381 0.06231320686495488 0.07256819955817449 0.07522754253353582 0.07579002564048508 0.0748583059049338 0.07434310535433147 0.07383413319208929 0.07353670038921165 0.0732544192711032 0.07287896535401571 0.07207812506586321 0.07153213601827231 0.07059658525815476 0.07067166770340325 0.06963507878616018 0.07019336696806024 0.06858384401789791 0.06955644666378069 0.06754460287121024 0.06954434315742758 0.0661779723495848 0.0705233663908887 0.056654142378462974 0.07889991412105983 0.050902974400319455 0.0999412724738537 0.021957043729277276 0.15048648592775846 7.820217128818924e-10 0.239905648443205 8.17740548878294e-10 0.3638189581428565 8.493669413151433e-10 0.5496604457501193 8.792902194560647e-10 0.8389867719922717 9.117136935698154e-10 1.3078914009911558 9.410706935506055e-10 2.1119987357344274 9.751801347864652e-10 3.5180873691044097 1.0069135986907368e-09 6.066835406578386 1.0428189118221548e-09 10.958447227361413 1.0681753145176135e-09 20.61460569813966 1.1131508593834716e-09 40.725780698484925 1.150413576366336e-09 82.50332467679499 1.1520096714520442e-09 174.57195640786014 1.1980011749653781e-09 386.9074168954578 1.250593492448425e-09 882.1642784667754 1.2605259194681227e-09 2090.174174977755 1.3133106947381152e-09 5189.823557344958 1.2965137506334583e-09 13307.646393190618 1.3694105758263043e-09 34792.68417172265 1.3691742063368938e-09 94558.31117564933 1.4104100344413224e-09 265160.35850468825 1.4373064913474677e-09 751537.5400634446 1.4823751631863907e-09 2237735.9025726006 1.5054788494754251e-09 6646818.155559839 1.5271431042735148e-09 20871492.000412147 1.5612267044007692e-09 70741736.04417785 1.6106626969138277e-09 230197696.96977645 1.6312412671636352e-09 769520394.705203 1.6430878614238224e-09 2687842414.587064 1.7101175471688777e-09 9585650338.952814 1.7163624459221646e-09 33940433931.280514 9.073804463717018e-10 45337226682.928474 4.833443586516224e-10 37701114284.11548 5194875618.902977 24204576446.334618 11039580618.562101 16116915867.151436 11296760797.219229 7184402691.264508 4423681766.245575 3420634816.424223 2797788299.3778367 2407673077.103745 2022053024.0113854 1781798265.191809 1609438551.8011734 1566088097.9532475 1482172985.2884278 1381145008.8211708 1304968242.6787958 1263329822.1482682 1245265118.96904 1175549407.5493152 1112671125.0264244 1020109405.0350101 959414493.7191648 910692864.5572648 868839011.6270447 833114378.7785431 802661339.5553586 776913479.5606343 752532356.1689265 732130079.6215149 
# stellar_Z_list:
9.572777650013187e-05 8.555940668178012e-08 3.933598705964332e-09 1.1887899322482028e-07 1.2963524151911167e-05 2.472616904506785e-05 3.2424388492625114e-05 4.002032382294912e-05 4.761629669330014e-05 5.3731124030864814e-05 5.8030650870581964e-05 6.106333152174287e-05 6.34073568490907e-05 6.535128667234406e-05 6.713373456215185e-05 6.881864187204292e-05 7.037285459349338e-05 7.182963945791328e-05 7.318705931521186e-05 7.449592524304261e-05 7.574314817219973e-05 7.692923358250385e-05 7.806873579397398e-05 7.914896456403582e-05 8.018300066539629e-05 8.118365403055875e-05 8.213709671949082e-05 8.306627080824186e-05 8.395612632944478e-05 8.483162431869886e-05 8.566497624090407e-05 8.649164196547782e-05 8.72690222791941e-05 8.806853445425125e-05 8.87173485727149e-05 8.955707069549606e-05 9.012838396353392e-05 9.112696286151495e-05 9.14257579588244e-05 9.280956014985921e-05 9.29096491123893e-05 9.497845204859831e-05 9.507982101040356e-05 9.807941543533572e-05 9.818440327110251e-05 0.00010249949482528625 0.00010259638298365959 0.0001089452232547887 0.000109058618739582 0.0001186787848401298 0.00011880236057943037 0.00013375173440605408 0.00013389203467137903 0.00015820704952949896 0.000158382005671163 0.00019932468729169918 0.00019956625919199342 0.0002711316292756524 0.0002714786363635339 0.000402717485902943 0.00040328695159079427 0.0006541678111683302 0.0006551474268410087 0.0011588362091069795 0.0011606522468860896 0.002197436710925169 0.0022009105024560407 0.004429078047067542 0.004436351352441882 0.009449796353749774 0.009465020129021154 0.021063520794518228 0.021097791539944368 0.048969624109118086 0.04904796987994359 0.11919840403942418 0.11939093899488466 0.301660059714274 0.30213893878984427 0.7847685931582318 0.7859912324993601 2.113932695329999 2.117241612875316 5.88571262575383 5.894608933986253 16.699695848180596 16.724820475290908 49.2559728830552 49.32893391976562 147.0263465862967 147.247425129788 457.30002263191454 457.9714722249077 1519.773623904304 1521.9999259791525 5012.133474363381 5018.310660305002 16802.534550431017 16824.946695346218 58365.27919686189 58449.00157874103 58524.10223698158 58594.23017669862 58669.330978562706 58722.35627208415 58775.6872250785 58793.52234722003 58842.96629750235 58836.04105508297 58859.01288545294 58923.51938450912 59014.23990527484 59132.92051163301 59262.50298507349 59374.153527838134 59520.75129029095 59633.17232184314 59721.94204510355 59760.64209771566 59786.23796695948 59832.07903229055 59834.26500442234 59834.72440288444 59820.12051112458 59833.45613523241 59808.3641084795 59882.27183879534 59934.660146086164 59997.7929618861 60103.94978082117 60251.84439258154 60289.98300031601 60468.9589829641 60529.38762821582 60667.38296895774 
# stellar_Z_list_luminosity_weighted:
9.572777650013187e-05 8.555940668178014e-08 2.190979920371207e-09 1.7748646318115453e-07 3.9832349501150156e-05 0.00012155904665917458 0.0002227073632753289 0.00034378281763692523 0.00031421274625342913 0.00019154381042712286 0.0001187417952295639 9.073548812011313e-05 8.137454554702799e-05 7.720391230465596e-05 7.53480540966612e-05 7.478610534712833e-05 7.492685998345207e-05 7.546384763937882e-05 7.622323816294705e-05 7.71218928925677e-05 7.813507224223481e-05 7.919467051752265e-05 8.029488454502432e-05 8.140587625568928e-05 8.251849125282004e-05 8.365284250542676e-05 8.477222118903079e-05 8.590614333559662e-05 8.702308199602863e-05 8.818437330584665e-05 8.928094694851725e-05 9.040846272078024e-05 9.150135387851581e-05 9.267177172003043e-05 9.354879487523225e-05 9.486692059012867e-05 9.562294079784389e-05 9.740440037262997e-05 9.760046973142655e-05 0.00010033485477180651 0.00010011154852606381 0.00010457510687638064 0.00010442158941245882 0.00011123295740873178 0.00011116569985527262 0.00012134296212523019 0.00012127223282204917 0.00013680223318052594 0.0001367392744570736 0.0001609706971301178 0.000160885699628903 0.00019914002909439234 0.00019902216677295686 0.0002626419328108965 0.00026256476347849783 0.00037229887527820237 0.00037239272739348256 0.000568469646630274 0.0005689044286805701 0.0009354390799073977 0.0009368080088866432 0.0016425427115715032 0.0016463826637264335 0.003098826925149546 0.003109904201161575 0.006141390853242867 0.006175810419706116 0.01278731719539577 0.01285319518453068 0.027894916513813067 0.02805585613355411 0.06359899672336032 0.0640123759082744 0.14950103648130011 0.15053286170146687 0.36958228977060015 0.3723248287952337 0.9504544711507845 0.9577616376435844 2.5008357653775155 2.5217615869868637 6.7939229481458545 6.853067856587209 19.26481402296113 19.434012742374623 54.89761331509835 55.40593886784353 165.61252043246944 167.1415527540795 496.39841046418655 500.98263214551974 1519.9344007477425 1537.1585721202578 5239.817766357411 5291.120499811482 17497.974787992207 17663.900203099274 58867.05250524525 59551.43950184245 206504.562973671 208873.99578275724 210703.33809698463 212157.65111988626 212769.20741585988 212535.33015140952 209316.63098683296 204613.63727392655 199598.9685850864 194747.60742538568 185766.52518447276 157062.30974617074 133912.03780460692 124103.81610583972 118805.9147354865 115195.6924654899 111391.59670451544 108817.55081715979 106971.90189365411 106647.79732523324 105489.27088537734 104154.4369339504 102649.70622948828 101828.11501267551 101207.87946611176 99724.55741677777 97858.48055978352 95920.74484779955 94300.43933752121 93180.95059153301 92613.34908050699 92465.81921951576 91533.16415138626 91884.65384083446 91291.66694724862 91406.6687262805 
# formed stellar mass list:
1e-15 3704778.361439052 144501192.93674454 130528955.21800183 57630187.11990655 19727076.56842833 5938497.158722238 1658946.045354069 443560.7333815075 116926.3416425361 32226.184582574166 10685.770026512631 5139.80337733349 3588.755575271982 3021.992522381467 2730.4544638720267 2523.416344212319 2350.2862774371297 2208.953589346861 2085.4366709600217 1976.3138693452215 1876.1357719138307 1790.2387435742921 1709.806718837782 1638.38625419087 1576.0285683263205 1513.6927253098797 1459.8619864576192 1408.4537836625948 1366.5673598373357 1321.1358395838224 1279.3302868858098 1244.7706398752343 1209.392967730129 1174.086820129125 1144.6841787406286 1122.3370045487104 1100.0495166755948 1067.9420293916132 1041.7681112574205 1022.9894986570824 1000.8504367101901 978.3054063998308 963.4798196908552 941.8779576719758 920.8972615722234 909.8247453439046 889.5162878416515 877.4684483103458 862.9693771058172 850.0955406247389 828.4705400783874 820.3612557952441 806.9960004661212 794.5070967759489 785.1555693259185 767.1514113626224 757.14447631766 748.9407301658894 735.4124117043705 718.6806651194494 708.8087087062399 695.4020853325267 699.7534883757477 694.4386143838918 678.1165168025113 667.7789777819875 655.0698103597708 639.6962760726923 644.0565664595401 634.6557319008236 626.6113180590024 609.1475560240729 604.2900109380071 617.0393484906207 591.121013641442 584.1929470402102 585.4432344009531 584.2938000857687 568.5266791136845 567.2109389925662 556.0314609154424 556.5966652317865 554.9767715929779 539.6744494021247 532.7703953621723 531.3923873980395 538.4605772162622 523.85398445064 513.412439853396 512.4175737866695 479.31691629111987 496.6899658959451 502.9870262196224 490.4240814058252 493.1804023043008 486.88814443967584 475.328087840434 467.80409997219823 468.73247405442885 466.1020181959162 1e-15 1e-15 1e-15 1e-15 1e-15 1e-15 1e-15 1e-15 1e-15 1e-15 1e-15 1e-15 1e-15 1e-15 1e-15 1e-15 1e-15 1e-15 1e-15 1e-15 1e-15 1e-15 1e-15 1e-15 1e-15 1e-15 1e-15 1e-15 1e-15 1e-15 1e-15 1e-15 1e-15 1e-15 
