# time step list:
1000000 10000000 20000000 30000000 40000000 50000000 60000000 70000000 80000000 90000000 100000000 110000000 120000000 130000000 140000000 150000000 160000000 170000000 180000000 190000000 200000000 210000000 220000000 230000000 240000000 250000000 260000000 270000000 280000000 290000000 300000000 310000000 320000000 330000000 340000000 350000000 360000000 370000000 380000000 390000000 400000000 410000000 420000000 430000000 440000000 450000000 460000000 470000000 480000000 490000000 500000000 510000000 520000000 530000000 540000000 550000000 560000000 570000000 580000000 590000000 600000000 610000000 620000000 630000000 640000000 650000000 660000000 670000000 680000000 690000000 700000000 710000000 720000000 730000000 740000000 750000000 760000000 770000000 780000000 790000000 800000000 810000000 820000000 830000000 840000000 850000000 860000000 870000000 880000000 890000000 900000000 910000000 920000000 930000000 940000000 950000000 960000000 970000000 980000000 990000000 1000000000 1010000000 1020000000 1030000000 1040000000 1050000000 1060000000 1070000000 1080000000 1100000000 1200000000 1400000000 1600000000 1800000000 2000000000 2300000000 2600000000 2900000000 3000000000 3200000000 3500000000 3800000000 4000000000 4100000000 4500000000 5000000000 6000000000 7000000000 8000000000 9000000000 10000000000 11000000000 12000000000 13000000000 14000000000 
# Number of SNIa + SNII (log_10):
0 0 3.3297349915355778e+53 4.440238695284067e+55 1.6328343274217194e+56 2.39486742941427e+56 2.942352866006529e+56 3.396983977984571e+56 3.862152223920472e+56 4.270104918517892e+56 4.623414350095051e+56 4.930389595336597e+56 5.200058239470939e+56 5.439931940267508e+56 5.655817352956177e+56 5.8520935606724355e+56 6.03204244214857e+56 6.198194430422341e+56 6.352536778988962e+56 6.496651686599917e+56 6.631819635269862e+56 6.759093314510508e+56 6.879348573822255e+56 6.9933221409497025e+56 7.101640836241739e+56 7.204841140415294e+56 7.3033860084136695e+56 7.3976802531054425e+56 7.488075011114941e+56 7.574878977333987e+56 7.658369247710345e+56 7.738800188843383e+56 7.816381037517837e+56 7.891281086745744e+56 7.963711374822357e+56 8.033822680733692e+56 8.101758459046398e+56 8.167643119816524e+56 8.231601022203181e+56 8.293760440103216e+56 8.354196857938726e+56 8.413010968069927e+56 8.470285646743882e+56 8.526096192093e+56 8.580520911618476e+56 8.633625594056086e+56 8.68547339595352e+56 8.736117361286286e+56 8.78561496348853e+56 8.83403335526482e+56 8.881399665485239e+56 8.927758155021704e+56 8.973155741854484e+56 9.017636375383105e+56 9.061227791772236e+56 9.103969802575896e+56 9.145891223606366e+56 9.187007761879663e+56 9.227360872521475e+56 9.267042068386007e+56 9.306002196052235e+56 9.344289865590128e+56 9.381895422930094e+56 9.418850826738902e+56 9.45520702889233e+56 9.49096963330566e+56 9.526152537397643e+56 9.560786084367357e+56 9.594880930895014e+56 9.628449850878099e+56 9.661512815281887e+56 9.69408950036137e+56 9.7261811792163e+56 9.757803494153534e+56 9.788994056131046e+56 9.81974290379556e+56 9.850062656208656e+56 9.879970388335811e+56 9.9094746056642e+56 9.938585822324618e+56 9.967315480505012e+56 9.99566985916183e+56 1.0023654998071969e+57 1.0051307283492884e+57 1.0078607419973951e+57 1.0105570572996523e+57 1.0132204697949369e+57 1.0158523463890754e+57 1.0184530372728958e+57 1.0210218238122347e+57 1.0235612104837321e+57 1.0260714264093656e+57 1.0285521224093298e+57 1.031008036773644e+57 1.0334370349274003e+57 1.0358377276194356e+57 1.0382126889350267e+57 1.040562405714614e+57 1.0428871165144058e+57 1.0451866212754783e+57 1.0474624432470191e+57 1.0497140546167026e+57 1.051943375497288e+57 1.054151706982546e+57 1.0563370358485459e+57 1.0585010155873705e+57 1.0606439787007388e+57 1.062765426230423e+57 1.0648664590292175e+57 1.0690096726750259e+57 1.0886277574908464e+57 1.1232690386091628e+57 1.1531735213008338e+57 1.1794815792337558e+57 1.2029696038660523e+57 1.2340650462196025e+57 1.261291052472243e+57 1.2855045575701816e+57 1.2930184208617737e+57 1.3073064269345124e+57 1.3271326630421905e+57 1.3453169669850863e+57 1.3566513586215983e+57 1.3621050034666005e+57 1.3826597450876897e+57 1.4059054911436966e+57 1.4460998928082645e+57 1.4800495153043526e+57 1.5094359734490864e+57 1.5353489941522859e+57 1.5585037840828363e+57 1.5794647125211265e+57 1.5985869649926023e+57 1.6161731764055683e+57 1.6324524513467942e+57 
# Gas [Fe/H]:
-4.979138583587979 -6.640658492277852 -6.145441700788597 -3.616209358930213 -2.77604123262601 -2.4380165467270514 -2.330350491775702 -1.5497213179204277 -0.7182341473381557 -0.27907862621421486 0.11528272534029771 0.4836991661521033 0.8206166882390709 1.1010568473150086 1.2949113170074873 1.3998745062600189 1.444059869000811 1.4583069081732 1.4595170209182187 1.4556059360321214 1.450535789225201 1.4443492609884392 1.436182487121874 1.4308600008179053 1.423945017213351 1.4196005463562096 1.415349205209432 1.4107825423306424 1.4054720270546257 1.4018521577670038 1.3993572512619878 1.3949749056431808 1.3897302712251585 1.3891686053645071 1.3852197827616233 1.3842934424552715 1.3850834944073531 1.3832263327674639 1.383632651668456 1.3846390826214634 1.383505842859169 1.3837911856973415 1.382838846208335 1.3823507753374744 1.3843475364212874 1.3816085091714427 1.381463021434672 1.3828070260240528 1.3840319734133772 1.3807567455938101 1.3796003331408482 1.3834231627318032 1.3787645579712984 1.3833469090843593 1.3790143528030572 1.3791205642994782 1.3844709510491233 1.3758133042017735 1.3763722524427235 1.3812621776592628 1.3820388283047547 1.3780084659770755 1.373563552046594 1.3718781025924658 1.3727151855238318 1.379334243930936 1.3901366172364447 1.3821712007475138 1.3716112509237965 1.3755594503148392 1.3742411579775289 1.3731652943013635 1.3659336136897346 1.3505148286393869 1.3715222710332582 1.3673796103568217 1.360412434787306 1.3572370825998719 1.3537464533664503 1.3512544146905983 1.3617857926675785 1.350352473396701 1.3398047534109727 1.3477340677960776 1.3548121832730446 1.3470092740462087 1.3249708093684047 1.3504319942424323 1.32171524313905 1.3705246205167243 1.3536766814141798 1.3462339307469184 1.3316481808788208 1.3595063773444918 1.3063856588052807 1.327900200494601 1.345045002068276 1.3350885796837382 1.335724158362261 1.3257556675986524 1.317437633836057 1.3284990041653084 1.3240694755189013 1.330826014200042 1.3273630934530862 1.3268582940487281 1.326233707139851 1.3227096940614858 1.322456575046925 1.3183663814730364 1.318302716751739 1.3097927068617237 1.304378841414565 1.2979418850053381 1.2938370323337711 1.289869980445157 1.2881112072866414 1.2857582780345669 1.2846141021030881 1.2838844514624101 1.2831581631440345 1.2837304559024312 1.2843978634265572 1.2851248650141422 1.2864563004665333 1.2900287611982053 1.2963923717791088 1.302887474378033 1.3069804948572892 1.3089448399316503 1.3094928852049117 1.309454773060573 1.3098980180644193 1.3087558092926472 1.3083934627834162 
# Stellar mass-weighted [Fe/H]:
0 -4.979138583587979 -6.379492213422404 -6.157699332233017 -4.0980567965603925 -3.487694462566452 -3.28580974316772 -3.2211385075248815 -3.037938418145437 -2.745021626999427 -2.5646313604082973 -2.441648271947681 -2.3521613211167134 -2.283937268779739 -2.229664899796135 -2.1847870233097453 -2.146860066212099 -2.1144298962365795 -2.08605778838215 -2.060950543482339 -2.0384115906693845 -2.018050312121451 -1.999522152646934 -1.9826030242398494 -1.9669826629303833 -1.9525290397565147 -1.9389600466918981 -1.9264647173018075 -1.9145907697919187 -1.9034955174492003 -1.8930406418292316 -1.8831594321277976 -1.8737668611450147 -1.8648550489285833 -1.8563566927669193 -1.8482833828579244 -1.8405156580908262 -1.8331438906641262 -1.8260520486247058 -1.819252149601974 -1.8127436366522716 -1.8064821103530324 -1.800445448929021 -1.7946305383214893 -1.7889858150420102 -1.7835409019263615 -1.7783221694644133 -1.7732050396454966 -1.7683094253095346 -1.763528396280308 -1.7589175174511027 -1.754379043959081 -1.7500216762855114 -1.7457514861298042 -1.7416263263197296 -1.7375769113673964 -1.733671561574961 -1.7298015982222745 -1.7260935883976503 -1.722449772059102 -1.7189090988422873 -1.7153926941606583 -1.7120087331271145 -1.7086912170324906 -1.7054421960532657 -1.702266904956745 -1.699174816833552 -1.6961341862272477 -1.693148347635188 -1.6902282787538505 -1.6873788772823488 -1.6845782273418877 -1.6818280915789927 -1.6791334494023227 -1.6764975544568435 -1.673901142778389 -1.6713525937921396 -1.6688380436210046 -1.6663812933765465 -1.6639737571324345 -1.6616128039588745 -1.6592705784234738 -1.6569762206367828 -1.6547224991269456 -1.6525185197500454 -1.6503208085161223 -1.6481951292180153 -1.6460946732285153 -1.644044906460139 -1.6419617733414258 -1.6399384394099528 -1.6379463218690642 -1.6359927182676088 -1.6340373513181774 -1.632132753782824 -1.6302567604447349 -1.6284731725748642 -1.6265424779819257 -1.6247926225429117 -1.6230601257845825 -1.6212962029983355 -1.6211197670029867 -1.6209821674906877 -1.6208425729480114 -1.6206995581106467 -1.6205689777081593 -1.6204459487303504 -1.6202447131578497 -1.6201188310802062 -1.6198589143064943 -1.618647759332208 -1.616458830647285 -1.614684338124733 -1.613120275355116 -1.6118704511444557 -1.610446643611641 -1.6093728506360296 -1.6085597394034714 -1.6082675897249974 -1.607954659359038 -1.6074010203544544 -1.6070438656648305 -1.6067465237594662 -1.6066823100930145 -1.6060553369175015 -1.605677142690804 -1.6045364101867712 -1.6037427378560078 -1.6031032371814984 -1.6023989291094072 -1.6013291692221685 -1.6008541686825417 -1.5999866547877906 -1.599319167151509 -1.598763559671048 
# Gas [Mg/Fe]:
6.938893903907228e-17 6.938893903907228e-17 0.9142340814490217 1.0231491436985722 0.9022295545809167 0.5200559827073203 0.4347469864261607 -0.3520259775384161 -1.0953030024125403 -1.3818672975643675 -1.5217373326709036 -1.5962046696875056 -1.6265816736910828 -1.6374767285262788 -1.6888702773852255 -1.6122825388536317 -1.6385350329693695 -1.6361837046527383 -1.6266448549723476 -1.6177147359138582 -1.6097575417543641 -1.6154644412545525 -1.6183717428532773 -1.6129621455457148 -1.6145535186285829 -1.6072226787311148 -1.5821202169374347 -1.5980913316292757 -1.652774767838905 -1.597570649282051 -1.597326369690262 -1.6000897454503413 -1.580562804786213 -1.5691070371109912 -1.580610461047393 -1.5699271071397667 -1.5536670996404118 -1.5226569698435277 -1.4949635361371536 -1.4887263868946095 -1.4651721924001186 -1.478810306378063 -1.4335161923273076 -1.4270160892365296 -1.4054127900343945 -1.4013659585344744 -1.3947919138212872 -1.376792022593679 -1.3686216159783309 -1.3568282755006487 -1.3453025769852776 -1.3460665099072298 -1.3453746534288353 -1.3532074987716853 -1.336525288961965 -1.3531342785000005 -1.3579498419564484 -1.4061442427143784 -1.354207210047794 -1.4278614960063005 -1.4030806885789069 -1.4056574861146387 -1.4059280783964259 -1.4208640340469667 -1.4213223221141278 -1.4316195132950036 -1.4485509749096357 -1.4580419547061974 -1.4367544893655722 -1.4752209917706023 -1.4535114744202102 -1.4703419753819251 -1.4727923620393004 -1.4770436620308118 -1.4749203219212945 -1.468423296497744 -1.4901947177197188 -1.5033484162314132 -1.5355292715996471 -1.5421094360729026 -1.497948155421221 -1.5274300015871907 -1.5260029970216444 -1.4574148563874034 -1.5192982294470025 -1.5323411022352573 -1.5139501227062968 -1.5322215829008474 -1.546188536575871 -1.5585760825687225 -1.575640115816956 -1.6003473916819526 -1.5841180417112861 -1.624753188121023 -1.585240546112482 -1.5957693264865398 -1.5687349394944103 -1.6513330074577577 -1.6557696005561642 -1.675858895786225 -1.5169358585346928 -1.5871198998862541 -1.6249277415901138 -1.561324977138056 -1.5867603625247302 -1.5963770492736589 -1.596708532829162 -1.5967852421451516 -1.5981423068845533 -1.6024657095958719 -1.6186164539923011 -1.6440265542976271 -1.6459856971595244 -1.650911599679892 -1.6548814438029453 -1.6614208333693694 -1.6672518970495496 -1.6692589127992057 -1.6708244664171659 -1.6731900965706172 -1.673476207603988 -1.6746376086445953 -1.6755190380992546 -1.6760787233261065 -1.6773372247064227 -1.6787224720032747 -1.6796570507475157 -1.6804569386185662 -1.6829797824356272 -1.6841617786096303 -1.6844791344821768 -1.6849236278146007 -1.685781855529481 -1.6856406178091923 -1.6858690804372451 
# Stellar mass-weighted [Mg/Fe]:
0 6.938893903907228e-17 6.938893903907228e-17 0.8477829332280076 1.0220617447351465 0.9241191364599113 0.7670254598728606 0.7213323672340174 0.5453328777978806 0.2570457105466155 0.0800789627258898 -0.03985241570390043 -0.12654958107627 -0.1923459284653412 -0.2443277248720232 -0.28694627114116833 -0.32242203570029004 -0.35305242384029234 -0.37958696647261986 -0.40292460462275603 -0.42369729447566606 -0.44238934118404555 -0.45937784073005733 -0.4748410323103323 -0.4890309137235036 -0.5021278970902341 -0.5143775672596802 -0.5255671253245338 -0.5361949702483244 -0.5462098073551908 -0.5555164497877927 -0.5642980120394567 -0.5726294520454811 -0.5804901309088282 -0.5879490575961734 -0.5950357822391898 -0.6018154313063273 -0.6082100132206841 -0.6142895392825466 -0.6200630806216925 -0.6255768515514536 -0.6308301773277138 -0.6358906916353356 -0.6406694128430672 -0.6452789653965215 -0.6496856829356312 -0.6539139478035634 -0.6580376457330241 -0.6618946617293363 -0.6656734280225725 -0.6692734192447103 -0.6727720789540717 -0.6761472325149016 -0.6794635828497161 -0.6826473363567922 -0.6857443545233444 -0.6887476992985109 -0.6917364090118239 -0.6946863849658523 -0.6975005300489194 -0.7003153686288349 -0.7030649306409579 -0.7057211365890743 -0.7083365059244112 -0.7108941121372684 -0.7134053744815378 -0.7158667485428614 -0.7182965086480397 -0.7206646462940017 -0.7229693155851245 -0.7252814275583431 -0.7275201507566269 -0.7297121159497263 -0.731868942855178 -0.7339914154681801 -0.736076290255186 -0.7381044098465126 -0.7401150558502844 -0.7421039462539054 -0.744093958158057 -0.7460411428499257 -0.7479098246840727 -0.7497706974988363 -0.7516094761287714 -0.7533605454341904 -0.7551445620666533 -0.7568723276733605 -0.7585779234024295 -0.7602587966026053 -0.7619282447983109 -0.7635420466255042 -0.765216985040984 -0.7668445406809711 -0.7684610533582923 -0.7700472327024381 -0.7716146510007836 -0.7731586984265915 -0.7746571820429727 -0.7761786391542156 -0.7775752619727403 -0.7791045592249803 -0.7792235289103265 -0.7793279134881097 -0.7794365918334771 -0.7795242653752186 -0.7795993444409989 -0.7796591403870142 -0.7797878064199956 -0.7798490768103183 -0.7800181663478385 -0.7807778553978708 -0.7821413127556498 -0.7832538601554566 -0.7842847148500193 -0.7851467778683864 -0.7860836761646987 -0.7867609632936737 -0.7873263642804319 -0.7875174925314627 -0.7877431943611942 -0.7881146284561924 -0.7883217219735009 -0.7885664600866858 -0.7885958162286725 -0.7890611717996625 -0.7893338522109332 -0.7902553373026997 -0.7909472089053415 -0.791518474286917 -0.7921311324699332 -0.7929967971358766 -0.7934359099785562 -0.7941350794447577 -0.7947301103557597 -0.7951784189250968 
# Gas [O/Fe]:
0.0 0.0 1.132702796592758 1.2316143022495902 1.0941825356673385 0.621568938660028 0.5212800097366268 -0.2799458759829695 -1.0204127849871165 -1.29443552674268 -1.418677792325389 -1.4790419974488314 -1.4862742585680455 -1.5128727230275603 -1.50033169807288 -1.5067651487401492 -1.4905338633133125 -1.4985816238484422 -1.4970261017491868 -1.5001749060528071 -1.4930493766850983 -1.4874091033327643 -1.4956444537564755 -1.5273282967406556 -1.459485867481284 -1.4932873867325633 -1.4779538567504535 -1.4881041526878989 -1.516129182486874 -1.500655988562485 -1.4943854248893582 -1.4906241566928813 -1.4845790130258554 -1.4758098920150533 -1.5029510523463485 -1.5198225641516028 -1.487887519551915 -1.485053225222361 -1.4677676798566717 -1.4657696291159925 -1.520524977884508 -1.4427301192310196 -1.5224002014518236 -1.420187190407274 -1.5619042871859048 -1.4555168230141886 -1.4711136050512996 -1.5189456485255584 -1.432021445504203 -1.4509647203656824 -1.4786888192114072 -1.4721757085405813 -1.4359988850913048 -1.4900681456582232 -1.4760553763982456 -1.4576166264010813 -1.461820951112199 -1.479153776238102 -1.4773357977776627 -1.4456038346193898 -1.4637196647621546 -1.4640592680896487 -1.4628390774664772 -1.458644548700764 -1.4574279466986904 -1.4441591018818776 -1.482461432410398 -1.4522609550311536 -1.4849807580697316 -1.4673427217506887 -1.4654943665716933 -1.4492170275362621 -1.4729222227382088 -1.4596638656940457 -1.4509218191034403 -1.4642049532204442 -1.4623713497051711 -1.4635658669240277 -1.4666489200133255 -1.4633048963412572 -1.4655974849804785 -1.456635883867831 -1.4598464262483355 -1.453991034054379 -1.460715199785976 -1.4679499190769376 -1.473358235506883 -1.4371316378209662 -1.4964357211565227 -1.4533546136363196 -1.4581207357254302 -1.4647751566568301 -1.4630945117208678 -1.4584249899649917 -1.4711657855838398 -1.484000618863589 -1.434507235624717 -1.4510920771213607 -1.4496296763903596 -1.4547396495187828 -1.4595884215825377 -1.4608440722739493 -1.4587736610274027 -1.4579357664308845 -1.4594765626031325 -1.4584308328905526 -1.4606018560600127 -1.4600618091716635 -1.45932300075603 -1.4593475000424396 -1.4587526881443509 -1.4583148630705527 -1.459413881137271 -1.4601706231242262 -1.4603150351764422 -1.4620618528491125 -1.4639696227896242 -1.4650486177468984 -1.4655066848261287 -1.4664252133318607 -1.4680968769130498 -1.4691896719767357 -1.46972018876556 -1.4704191261131427 -1.4717089076681136 -1.4732729873540116 -1.4760993674595908 -1.4780213873940844 -1.4797999354090192 -1.4810000599793725 -1.4818927614846136 -1.482615347243399 -1.4833026483673502 -1.483807759194465 -1.4842907232026277 
# Stellar mass-weighted [O/Fe]:
0 0.0 0.0 1.062295640245071 1.2305318456548813 1.1195021133098018 0.9378428249500104 0.8851987381528033 0.7064608254042679 0.41686821287325015 0.23928654230935664 0.11899897172471197 0.03207221552797157 -0.03381942007973149 -0.0859641623591978 -0.12846936245771445 -0.1641603669500289 -0.19487125203344158 -0.22150704720730963 -0.24493487512842016 -0.26584358587516177 -0.2846703621678206 -0.30175750308610816 -0.31732724940663304 -0.33169593786406415 -0.3448166283669113 -0.3571790382991259 -0.36849907394764414 -0.3792377871083863 -0.38930520913986555 -0.3987373059160335 -0.4076309940283783 -0.4160583380382987 -0.4240383673803234 -0.4316183553566444 -0.438843417394599 -0.4457978656127062 -0.4523471251744353 -0.4586268803223671 -0.46462125724799863 -0.4703591562999704 -0.47594255211082825 -0.4811989834882645 -0.4863521690542152 -0.4912127906451228 -0.49607085925335415 -0.5006316964225582 -0.505112397060892 -0.509395303883149 -0.5135211266205296 -0.5175007476516138 -0.5214232142028449 -0.5252072683587343 -0.5288862260346895 -0.5324608661526027 -0.5359621418201177 -0.5393123644875832 -0.5426394520560516 -0.5458598397096637 -0.5490197287362869 -0.5520286692111941 -0.555025886008453 -0.5579191155950219 -0.5607695156141307 -0.5635296012280541 -0.5662413813419287 -0.5688755609997804 -0.5714845690639364 -0.5739935586553729 -0.5764885849753983 -0.5789339130881185 -0.5813227491516597 -0.583631223011828 -0.585920761588714 -0.5881597515489487 -0.5903542081173225 -0.5925064561528162 -0.5946174739417813 -0.5966950837036055 -0.5987476326033426 -0.6007487532368421 -0.6027058053258303 -0.6046268647229626 -0.6065281707426197 -0.6083948185349559 -0.6102448813620378 -0.6120310019689618 -0.613812390788197 -0.6155323634830834 -0.6172646572648011 -0.6189034979785102 -0.6206094791438157 -0.6222446326784301 -0.6238783028534063 -0.6254555020256359 -0.6270471179713808 -0.6286136835026094 -0.6301207717757823 -0.631618362205248 -0.6329732852089083 -0.6344791644228539 -0.6346020273242031 -0.6347092117750115 -0.6348227149431641 -0.6349120625761084 -0.6349903985581715 -0.635052273925708 -0.6351857107311876 -0.6352499428968665 -0.6354286785428876 -0.6362217199716806 -0.6376465522416525 -0.6388022038563166 -0.6398750112849831 -0.64076726798955 -0.641733042823348 -0.6424336703705847 -0.6430075551580182 -0.643205909623652 -0.6434348275080388 -0.6438155312504222 -0.6440259370404163 -0.6442740663022273 -0.6443028783684491 -0.6447821680377332 -0.6450550275424024 -0.6459977205165411 -0.6467017331375071 -0.6472807386868518 -0.6479018019722983 -0.6487994590130486 -0.649240556225763 -0.6499658877057848 -0.6505679088339906 -0.6510331212553131 
# Stellar mass-weighted [N/O]:
0 0.0 0.0 -1.4153905074182327 -1.8998964399019518 -1.80253985424332 -1.4983028322539989 -1.196811937910204 -0.9702837276058072 -0.8017434324604986 -0.6749781571608982 -0.5780879036477826 -0.5044058616921383 -0.4470627173790407 -0.40053393324151454 -0.36125808612768506 -0.3266824151718639 -0.29478974533287716 -0.26452845595834606 -0.2358983978255007 -0.20904701906419776 -0.1847965780686407 -0.163216192125881 -0.14416355468968733 -0.12714130228664844 -0.11219090355933004 -0.09916397613431582 -0.08846824869548198 -0.07955901171661772 -0.07242785347926162 -0.06688317763265039 -0.06271279694098186 -0.05972506326014093 -0.057843885361979264 -0.05674044517373067 -0.05619508490042613 -0.056120763902569815 -0.05617443438637526 -0.0562394099524155 -0.05635223111190779 -0.0564576565093986 -0.05647382361492004 -0.05663634215487534 -0.056704855136151755 -0.05691395678903444 -0.0569520018770141 -0.057012964281369816 -0.057061898984019255 -0.05705720021729799 -0.057083986069102144 -0.057167941632261576 -0.057299783428264695 -0.05734942886375172 -0.057448720907651296 -0.057503778388817595 -0.05762170915017417 -0.05766704908914744 -0.05771512005503632 -0.057755977782241286 -0.057813612871442266 -0.057925621703490804 -0.05804137986650881 -0.056967914428484145 -0.05614628654510767 -0.05626060716938086 -0.05637416476820167 -0.0563926001293551 -0.056492950210565995 -0.056565078649012834 -0.05661586975885036 -0.0566296552096992 -0.056665368356789925 -0.05678628204318348 -0.056822906724857125 -0.056913876170794686 -0.057026715792122484 -0.05699463998516496 -0.0570099685063562 -0.05711153974522365 -0.0572065792592662 -0.056599819440668164 -0.056703896072541005 -0.05675644381256706 -0.056808633966999755 -0.056882302068671176 -0.056923819790342556 -0.05697048377042124 -0.0570273018091364 -0.05707696598312095 -0.057123744937322196 -0.057253665907100015 -0.05732612263091963 -0.05738297232859002 -0.05735377843056344 -0.057374611992520475 -0.05745834689550977 -0.057497012222759825 -0.05754508670281444 -0.05758921461350319 -0.05768686305558923 -0.05750459497090077 -0.05734620188805872 -0.057181559908335844 -0.05703090826541768 -0.05687930540081876 -0.056765256174513334 -0.05663998809894566 -0.056449757304890325 -0.05632802110640622 -0.056051220192520956 -0.0548585992997761 -0.052829829819741825 -0.05120543063172034 -0.04973969568994596 -0.04850166568989256 -0.04707690418055244 -0.045944155958145494 -0.04497771045828736 -0.04466159247480317 -0.04422053600745357 -0.043561159673750294 -0.04307321642610107 -0.04264876987538424 -0.042531678704770925 -0.041776950269697966 -0.041201192482695714 -0.03976645376454657 -0.03869689953675781 -0.037795458694547146 -0.03690339126528608 -0.03587806654949621 -0.035150532582303495 -0.03436363386194008 -0.03347955059946406 -0.03297442656816141 
# Stellar mass-weighted [C/O]:
0 0.0 0.0 -1.0873397961596822 -1.309131037618772 -1.2071541563467785 -1.0283104295662735 -0.974755950319824 -0.9460759208313647 -0.9100101320568077 -0.8791533471033834 -0.8526533556906157 -0.8293570022281167 -0.808852529175238 -0.7904726166950995 -0.773895639262252 -0.7586070658527191 -0.7441609564849307 -0.7304474692057759 -0.7175043189067767 -0.7049995739132852 -0.6928993963984215 -0.6811562611203067 -0.6697861723559699 -0.6586896226508462 -0.6478697289126665 -0.6365134448566667 -0.6244184747486322 -0.6114210308881861 -0.5979735248673722 -0.5839058434052058 -0.5689355569485741 -0.5538356552055592 -0.5386985058934268 -0.5235294159847406 -0.5079962993496755 -0.49237308539069247 -0.4764092025633825 -0.4602835946880026 -0.44401083640410033 -0.42763729721909904 -0.4113658556179203 -0.39530926550866485 -0.379288035847432 -0.3636250259814303 -0.34793866542610485 -0.33266852444452377 -0.3175902218441784 -0.3028061934648272 -0.2883216899809441 -0.2742769960365392 -0.26059791248825814 -0.24740060460821278 -0.23414917128970447 -0.22144225854593863 -0.20908746215419788 -0.19730219369047536 -0.18585309122975896 -0.17481531040842352 -0.16400330884366499 -0.15370157494050973 -0.14358509291237542 -0.13382445398376291 -0.12434489610939115 -0.11513089834971119 -0.10604875188804541 -0.09731206273474746 -0.08896289075872693 -0.08091787681588763 -0.07306318049971838 -0.06549489493738314 -0.058245905481212 -0.051174849121201405 -0.04428647603113278 -0.03771699396213024 -0.03142557659402412 -0.025260179090193458 -0.019231877808756126 -0.013439717921959138 -0.007947268340794456 -0.002565330046699843 0.0026139567420281895 0.007713260327946114 0.012653144871144884 0.017376925275662897 0.022074117176093755 0.026555020290373543 0.031084517285859148 0.03542596663378231 0.039601940782836326 0.043515780409276034 0.04746203694454312 0.05120377670856921 0.0549519906838255 0.05862249971157682 0.062295400638091386 0.06580516892803617 0.0691945313452918 0.07248082120680588 0.07560034856887449 0.07880864992082667 0.07887542332920963 0.07889369161955453 0.07894671756444818 0.07894218858524121 0.07896584405184084 0.07894205963047121 0.07897577932955527 0.07896227879271242 0.07900544826317976 0.07920211370642327 0.07969758576030894 0.08012899097962622 0.0805965086941178 0.08096165769241187 0.08125790006035374 0.08134897713236994 0.08136868848912981 0.08140263858882787 0.08133338577504187 0.08131533522240628 0.08115958094584932 0.08115563449122012 0.08107200139461856 0.08114786957017789 0.0810072534931855 0.08121933858071465 0.08138395240674615 0.08149006180886759 0.08170718149182404 0.08234585540031342 0.08237647778395307 0.08295071682526697 0.08312598304935251 0.08350623948650629 
# Stellar mass-weighted [O/H]:
0 -4.979138583587979 -6.379492213422404 -5.095403691987945 -2.867524950905512 -2.368192349256651 -2.3479669182177094 -2.335939769372078 -2.3314775927411695 -2.3281534141261773 -2.32534481809894 -2.3226493002229693 -2.3200891055887416 -2.31775668885947 -2.315629062155332 -2.3132563857674597 -2.3110204331621285 -2.3093011482700208 -2.307564835589459 -2.3058854186107585 -2.3042551765445465 -2.3027206742892714 -2.301279655733042 -2.299930273646482 -2.2986786007944477 -2.297345668123426 -2.296139084991024 -2.294963791249451 -2.293828556900305 -2.292800726589066 -2.291777947745265 -2.2907904261561756 -2.289825199183314 -2.2888934163089063 -2.287975048123564 -2.2871268002525227 -2.286313523703532 -2.285491015838561 -2.2846789289470717 -2.283873406849973 -2.283102792952241 -2.2824246624638604 -2.281644432417284 -2.2809827073757045 -2.2801986056871337 -2.279611761179715 -2.2789538658869715 -2.2783174367063888 -2.277704729192684 -2.277049522900838 -2.2764182651027163 -2.275802258161926 -2.2752289446442457 -2.274637712164494 -2.274087192472332 -2.2735390531875144 -2.272983926062543 -2.272441050278326 -2.271953428107313 -2.271469500795389 -2.2709377680534812 -2.2704185801691112 -2.269927848722137 -2.269460732646621 -2.2689717972813197 -2.2685082862986734 -2.2680503778333323 -2.267618755291184 -2.2671419062905604 -2.2667168637292487 -2.266312790370468 -2.2659009764935476 -2.265459314590821 -2.265054210991037 -2.264657306005792 -2.264255350895712 -2.263859049944955 -2.263455517562786 -2.263076377080152 -2.262721389735778 -2.2623615571957165 -2.261976383749303 -2.261603085359745 -2.2612506698695656 -2.2609133382850013 -2.2605656898781596 -2.2602261311869762 -2.259907064016712 -2.2595772699432226 -2.259226430606227 -2.258841937388463 -2.2585558010128794 -2.2582373509460387 -2.2579156541715832 -2.25758825580846 -2.2573038784161152 -2.257086856077473 -2.2566632497577084 -2.25641098474816 -2.2560334109934903 -2.2557753674211893 -2.25572179432719 -2.2556913792656994 -2.2556652878911754 -2.2556116206867545 -2.255559376266331 -2.255498222656059 -2.2554304238890373 -2.2553687739770725 -2.255287592849381 -2.2548694793038884 -2.2541053828889375 -2.25348654198105 -2.2529952866400995 -2.2526377191340057 -2.252179686434989 -2.251806521006615 -2.2515672945614895 -2.2514734993486503 -2.251389486867077 -2.2512165516048768 -2.2510698027052465 -2.2510205900616933 -2.2509851884614633 -2.2508375049552347 -2.2507321702332055 -2.250534130703312 -2.250444470993515 -2.250383975868351 -2.2503007310817056 -2.250128628235217 -2.2500947249083048 -2.249952542493575 -2.2498870759855 -2.2497966809263614 
# Gas [Mg/H]:
-4.979138583587979 -6.640658492277851 -5.231207619339575 -2.593060215231641 -1.8738116780450946 -1.9179605640197304 -1.8956035053495421 -1.9017472954588444 -1.8135371497506956 -1.6609459237785824 -1.4064546073306055 -1.1125055035354032 -0.8059649854520119 -0.5364198812112706 -0.3939589603777378 -0.21240803259361307 -0.19447516396855846 -0.1778767964795387 -0.16712783405412868 -0.16210879988173588 -0.15922175252916304 -0.1711151802661126 -0.1821892557314042 -0.18210214472780972 -0.1906085014152321 -0.187622132374905 -0.16677101172800235 -0.18730878929863337 -0.2473027407842796 -0.19571849151504672 -0.1979691184282748 -0.20511483980716072 -0.19083253356105434 -0.17993843174648472 -0.1953906782857695 -0.18563366468449516 -0.16858360523305826 -0.13943063707606385 -0.1113308844686971 -0.10408730427314605 -0.08166634954094931 -0.09501912068072116 -0.0506773461189729 -0.04466531389905537 -0.021065253613107515 -0.019757449363031476 -0.01332889238661572 0.006015003430373866 0.015410357435046151 0.023928470093161458 0.034297756155570625 0.0373566528245739 0.03338990454246371 0.03013941031267464 0.04248906384109219 0.025986285799477926 0.026521109092674244 -0.03033093851260471 0.022165042394929557 -0.04659931834703812 -0.02104186027415178 -0.027649020137562985 -0.03236452634983156 -0.04898593145450114 -0.04860713659029603 -0.0522852693640683 -0.058414357673191475 -0.07587075395868315 -0.06514323844177561 -0.09966154145576311 -0.07927031644268112 -0.09717668108056099 -0.10685874834956621 -0.12652883339142473 -0.10339805088803633 -0.10104368614092252 -0.12978228293241223 -0.14611133363154138 -0.18178281823319686 -0.1908550213823048 -0.1361623627536428 -0.17707752819049016 -0.18619824361067128 -0.10968078859132557 -0.16448604617395812 -0.1853318281890486 -0.1889793133378923 -0.18178958865841466 -0.2244732934368212 -0.18805146205199819 -0.22196343440277655 -0.2541134609350344 -0.25246986083246536 -0.26524681077653156 -0.27885488730720187 -0.2678691259919379 -0.2236899374261343 -0.31624442777401995 -0.3200454421939032 -0.35010322818757267 -0.19949822469863587 -0.25862089572094504 -0.300858266071212 -0.23049896293801453 -0.25939726907164395 -0.2695187552249312 -0.2704748256893117 -0.2740755480836663 -0.275685731837628 -0.2840993281228359 -0.300313737240562 -0.334233847435903 -0.34160685574495897 -0.3529697146745532 -0.3610444114691749 -0.3715508529242122 -0.3791406897629077 -0.3835006347646388 -0.38621036431407774 -0.3893056451082071 -0.39031804445995366 -0.39090715274216503 -0.3911211746726968 -0.3909538583119643 -0.39088092423989007 -0.388693710805069 -0.3832646789684073 -0.3775694642405325 -0.37599928757833734 -0.3752169386779798 -0.3749862492772644 -0.37546885475402725 -0.3758838374650617 -0.3768848085165448 -0.377475617653829 
# Gas [C/H]:
-4.9791385835879804 -6.640658492277852 -6.175482204567084 -3.6951735714342195 -2.865515294530522 -2.5315676411264914 -2.417810183952744 -2.2964346046645554 -1.9000492413158456 -1.551034809414225 -1.1874228488128526 -0.8209977872763403 -0.47645010283778877 -0.18503289281074364 0.022949579802953313 0.14355054134993628 0.20697159747666616 0.24372588074176882 0.26627960452038524 0.28405039798325626 0.30166130152800363 0.3175229887998334 0.32908843574392144 0.3433147186777825 0.36167917792929005 0.40181651054014145 0.4578513960243997 0.5098630165227123 0.5478508900796175 0.5941180452846275 0.6479140268770562 0.6770183913909071 0.702430712525123 0.7306828676797839 0.7662839954969507 0.7936776477046199 0.8355306533087004 0.8663121365007638 0.8987670504718293 0.9315040940313994 0.9528428944579703 0.9781808142620192 0.9994798421719708 1.0195593034822625 1.0430625429581486 1.0579722603884623 1.074910245977351 1.0946645285362555 1.110293607738055 1.1192111124065565 1.1262307188557914 1.1394856007787801 1.156336820993101 1.1662508943717604 1.167852407663727 1.171669627369154 1.1789523371586883 1.176340699723338 1.1838964414602193 1.1903616181144834 1.1970781033989728 1.198270026908967 1.1957033014461804 1.1997420672060644 1.2094994566657338 1.2164243834703266 1.221044060266189 1.2147366041642287 1.2060729616413215 1.2081522325535894 1.2029693106985238 1.2062464061996807 1.1991917296224344 1.1770324746658116 1.1921389572755174 1.191448878526428 1.186815585877211 1.1781221329643499 1.1622698994365979 1.163278682166891 1.1694626277865163 1.1617370979197208 1.1469752968824007 1.146576589596723 1.1582338801655587 1.1465269529595208 1.1322782639520232 1.156929025908778 1.113073272614697 1.1551830245036272 1.135272230983738 1.1237556823981305 1.112031450574304 1.1465362462279582 1.093223195879046 1.1082436741955188 1.1196687823854656 1.1065060329469159 1.1048703442752719 1.095823751758369 1.0916464842160223 1.106341556287112 1.0971117966335413 1.0977804546935634 1.0921961401953597 1.0875980073673386 1.0884020119134377 1.0848197252910428 1.0878082760129208 1.081339484742819 1.0703935064986898 1.045199516655516 1.021231182898405 0.9972529758500981 0.9761765093721122 0.9488215427192688 0.920772862322075 0.903851006143999 0.8954406756782269 0.8897964316653457 0.8659827791971719 0.8511188519149169 0.8423360435638472 0.8384236310171755 0.8228675970637358 0.8071227185826988 0.7795189624582797 0.7578401882058055 0.7396042751765277 0.7230923754532395 0.7079147145763405 0.6950103292699903 0.6837015604554413 0.6716855460034168 0.6635130495757644 
# Gas [O/H]:
-4.979138583587979 -6.640658492277852 -5.012738904195839 -2.384595056680623 -1.6818586969586722 -1.8164476080670227 -1.8090704820390755 -1.829667193903397 -1.7386469323252722 -1.5735141529568955 -1.3033950669850913 -0.9953428312967283 -0.6656575703289747 -0.41181587571255207 -0.20542038106539318 -0.1068906424801308 -0.04647399431250143 -0.04027471567524232 -0.037509080830968156 -0.04456897002068594 -0.04251358745989764 -0.04305984234432536 -0.059461966634601904 -0.09646829592275008 -0.03554085026793352 -0.07368684037635376 -0.06260465154102146 -0.07732161035725627 -0.11065715543224819 -0.09880383079548105 -0.09502817362737037 -0.09564925104970046 -0.09484874180069713 -0.0866412866505466 -0.11773126958472524 -0.13552912169633125 -0.10280402514456188 -0.10182689245489707 -0.08413502818821517 -0.08113054649452911 -0.13701913502533847 -0.05893893353367785 -0.1395613552434889 -0.0378364150697994 -0.1775567507646172 -0.07390831384274588 -0.0896505836166277 -0.13613862250150532 -0.047989472090825824 -0.07020797477187246 -0.09908848607055898 -0.08875254580877812 -0.05723432712000642 -0.10672123657386345 -0.0970410235951884 -0.07849606210160287 -0.0773500000630758 -0.10334047203632846 -0.10096354533493912 -0.06434165696012695 -0.08168083645740021 -0.08605080211257299 -0.08927552541988337 -0.08676644610829864 -0.08471276117485882 -0.06482485795094162 -0.09232481517395286 -0.07008975428363984 -0.11336950714593463 -0.0917832714358493 -0.09125320859416464 -0.07605173323489867 -0.10698860904847418 -0.1091490370546584 -0.07939954807018257 -0.09682534286362277 -0.1019589149178648 -0.10632878432415582 -0.11290246664687498 -0.1120504816506589 -0.10381169231290022 -0.10628341047113032 -0.12004167283736278 -0.10625696625830106 -0.1059030165129311 -0.12094064503072888 -0.14838742613847833 -0.08669964357853388 -0.17472047801747337 -0.08282999311959571 -0.10444405431125059 -0.11854122590991167 -0.1314463308420475 -0.09891861262050039 -0.16478012677855913 -0.1561004183689878 -0.089462233556441 -0.11600349743762273 -0.11390551802809856 -0.12898398192013039 -0.1421507877464805 -0.13234506810864044 -0.1347041855085016 -0.12710975223084242 -0.13211346915004585 -0.13157253884182474 -0.1343681489201618 -0.13735211511017775 -0.13686642570910523 -0.14098111856940365 -0.1404499713926115 -0.14852215620882925 -0.15503503972270583 -0.1622287381188876 -0.1664780028426711 -0.17219187240395595 -0.17585841550298253 -0.1792903397123311 -0.1808925827230401 -0.182540761869451 -0.18493871376901483 -0.1854592160743045 -0.1853223253390026 -0.18529426109900093 -0.18525260720158032 -0.18324422615580627 -0.17970699568048198 -0.1751339130160514 -0.17281944055172938 -0.17205522004772167 -0.17239987627970166 -0.17316057418282593 -0.1734046303029313 -0.17505194990181794 -0.1758972604192124 
# Gas [N/O]:
0.0 0.0 -1.6060020226947644 -1.9048339286886753 -1.7803188459222206 -1.0899236681993685 -0.44361248390872854 0.10355670988207066 0.47965073248234047 0.7445619172098386 0.8807010547272219 0.9437305857797129 0.9512689371414185 0.9813667321172531 0.9792192051157117 1.0036218827515437 1.017297652316338 1.0648298368492364 1.1000190736958466 1.1295383541146533 1.1297057286399297 1.120496676320054 1.118779499113174 1.140190985637154 1.0573244511835282 1.0600166972047123 0.9978750839529024 0.9511162543935883 0.9093558790254449 0.8127729497018533 0.7080347801389304 0.5832373320756039 0.4076544649117668 0.21552137274147654 -0.015614846152390727 -0.5459790922635193 -0.7834558089749541 -0.9184034563552053 -1.0481973164955463 -1.078012848669682 -0.8587228530025526 -1.260961115647964 -1.0685067029447988 -5.982038719880545 -5.829364142924586 -0.7770409119397859 -0.9137802418110479 -0.6000670130098371 -0.5680568460317705 -0.8829729412976581 -5.8522910306515845 -0.9520779458257078 -1.0368428302405295 -0.9707658133185662 -5.818829561879548 -0.746696486167908 -0.8411123128925477 -0.8736997331775227 -0.9522725018086586 -0.988460676542203 -5.78235732990412 0.44002279090183827 0.33664975051899493 -1.5699903630439387 -5.758691266245694 -0.6022672696768245 -5.719469365091539 -0.7994088266142272 -0.8719077936255735 -0.6650134984040654 -0.7573891101063539 -1.4742617352104546 -0.7116817193146285 -1.3468089929230853 -5.698660637337699 -0.3976502523556449 -0.5679389340506036 -5.667673397428883 -5.658792036950185 0.32438065536239047 -1.7267652793459023 -0.7626727747621724 -0.8416368574806452 -1.1419124485798897 -0.7421394313265295 -0.7482918243879546 -0.7665092139492515 -0.7585531529342475 -0.7361948442910471 -5.611977934254071 -5.602079401371778 -1.0700049450976363 -0.37910164965766024 -0.6000304851481666 -5.569528943886141 -1.1196298610607633 -0.6278915391467075 -0.8554794386846869 -0.3380832260650508 -0.11211752267102582 0.22009479385421926 -0.12383621400984723 -0.3082086006642961 -0.3490210097758355 -0.16722497050482565 -0.9505149997757347 -0.661916846309224 -0.8772772685319048 -0.9656599900936444 -1.0446786181033978 -0.949666841814349 -0.8822716669726545 -0.8743791342523306 -0.8654318550574633 -0.8485491475795635 -0.8503849076700103 -0.8405209026773475 -0.8626921382063144 -0.8535566616595152 -0.8637088292542132 -0.8556801434782806 -0.8222348379230386 -0.8661854642505746 -0.8688774887225286 -0.8710551654329493 -0.8895442000762879 -0.9037537331143641 -0.9192202150249853 -0.926937683703718 -0.9389541597874185 -0.9506671065690839 -0.948946337806907 -0.9565830155599682 -0.9762814675706797 -0.9657272400966577 
# Gas [N/H]:
-4.979138583587979 -6.640658492277852 -6.618740926890602 -4.289428985369298 -3.462177542880892 -2.906371276266391 -2.2526829659478045 -1.7261104840213264 -1.2589961998429322 -0.8289522357470567 -0.4226940122578693 -0.05161224551701604 0.28561136681244426 0.5695508564047009 0.7737988240503184 0.8967312402714134 0.970823658003837 1.0245551211739943 1.0625099928648787 1.0849693840939678 1.0871921411800325 1.077436833975729 1.0593175324785724 1.0437226897144036 1.0217836009155947 0.9863298568283585 0.935270432411881 0.8737946440363316 0.7986987235931964 0.7139691189063719 0.6130066065115596 0.4875880810259039 0.31280572311107013 0.1288800860909296 -0.1333461157371154 -0.6815082139598507 -0.8862598341195165 -1.0202303488101023 -1.1323323446837614 -1.1591433951642118 -0.9957419880278913 -1.3199000491816415 -1.2080680581882879 -6.019875134950343 -6.006920893689204 -0.8509492257825313 -1.0034308254276754 -0.7362056355113422 -0.6160463181225957 -0.9531809160695301 -5.9513795167221435 -1.0408304916344857 -1.0940771573605357 -1.0774870498924303 -5.915870585474737 -0.825192548269511 -0.9184623129556231 -0.9770402052138509 -1.0532360471435975 -1.0528023335023295 -5.864038166361521 0.35397198878926517 0.2473742250991111 -1.6567568091522373 -5.8434040274205525 -0.6670921276277664 -5.811794180265492 -0.8694985808978668 -0.9852773007715081 -0.7567967698399141 -0.8486423187005183 -1.5503134684453537 -0.8186703283631029 -1.4559580299777446 -5.778060185407881 -0.4944755952192681 -0.6698978489684686 -5.7740021817530405 -5.771694503597059 0.2123301737117318 -1.830576971658802 -0.8689561852333023 -0.9616785303180082 -1.2481694148381903 -0.848042447839461 -0.8692324694186837 -0.9148966400877292 -0.8452527965127814 -0.9109153223085196 -5.694807927373667 -5.70652345568303 -1.1885461710075473 -0.510547980499708 -0.6989490977686668 -5.7343090706647 -1.2757302794297516 -0.7173537727031487 -0.9714829361223094 -0.45198874409314893 -0.24110150459115598 0.07794400610773877 -0.25618128211848745 -0.4429127861727977 -0.4761307620066777 -0.2993384396548713 -1.082087538617559 -0.796284995229386 -1.0146293836420828 -1.1025264158027497 -1.1856597366728012 -1.0901168132069605 -1.030793823181483 -1.029414173975037 -1.0276605931763507 -1.0150271504222355 -1.0225767800739662 -1.0163793181803298 -1.041982477918645 -1.0344492443825555 -1.0462495911236642 -1.0406188572472956 -1.0076940539973434 -1.0515077895895768 -1.0541717498215295 -1.05630777263453 -1.0727884262320941 -1.0834607287948463 -1.0943541280410365 -1.0997571242554471 -1.1110093798351404 -1.1230669828487851 -1.1221069119897331 -1.129987645862899 -1.1513334174724976 -1.1416245005158698 
# Gas [C/O]:
0.0 -1.1102230246251565e-16 -1.1627433003712457 -1.3105785147535973 -1.183656597571849 -0.7151200330594683 -0.6087397019136687 -0.46676741076115824 -0.1614023089905734 0.022479343542670033 0.11597221817223885 0.17434504402038842 0.18920746749118547 0.22678298290180832 0.2283699608683459 0.25044118383006686 0.2534455917891677 0.28400059641701103 0.3037886853513531 0.32861936800394176 0.34417488898790116 0.3605828311441583 0.388550402378523 0.4397830146005327 0.3972200281972233 0.47550335091649554 0.5204560475654212 0.5871846268799688 0.6585080455118661 0.6929218760801085 0.7429422005044265 0.7726676424406078 0.79727945432582 0.8173241543303302 0.8840152650816755 0.9292067694009511 0.9383346784532619 0.9681390289556606 0.9829020786600443 1.012634640525928 1.0898620294833088 1.037119747795697 1.1390411974154597 1.057395718552062 1.2206192937227656 1.1318805742312081 1.1645608295939787 1.2308031510377608 1.158283079828881 1.1894190871784283 1.2253192049263504 1.2282381465875583 1.2135711481131073 1.2729721309456243 1.2648934312589155 1.250165689470757 1.256302337221764 1.2796811717596666 1.2848599867951582 1.2547032750746103 1.278758939856373 1.2843208290215402 1.2849788268660634 1.2865085133143626 1.2942122178405928 1.2812492414212684 1.3133688754401425 1.2848263584478683 1.3194424687872561 1.2999355039894387 1.294222519292688 1.2822981394345794 1.3061803386709085 1.28618151172047 1.2715385053456996 1.2882742213900507 1.288774500795076 1.2844509172885057 1.275172366083473 1.27532916381755 1.2732743200994165 1.2680205083908513 1.2670169697197637 1.252833555855024 1.2641368966784903 1.26746759799025 1.2806656900905016 1.243628669487312 1.2877937506321702 1.2380130176232225 1.239716285294989 1.2422969083080422 1.2434777814163511 1.2454548588484582 1.2580033226576048 1.2643440925645066 1.2091310159419062 1.2225095303845386 1.2187758623033704 1.2248077336784995 1.2337972719625028 1.2386866243957524 1.2318159821420425 1.2248902069244056 1.2243096093454056 1.219170546209163 1.2227701608335995 1.2221718404012207 1.224674701722026 1.2223206033122227 1.2108434778913018 1.1937216728643447 1.176266222621111 1.1594817139689855 1.1426545122147835 1.1210134151232243 1.0966312778250578 1.0831413458563302 1.0763332584012675 1.0723371935347963 1.0509214929661872 1.0365780679892214 1.0276583689028498 1.023717892116176 1.0081202042653161 0.9903669447385047 0.9592259581387618 0.9329741012218566 0.9124237157282574 0.8951475955009615 0.8803145908560421 0.8681709034528164 0.857106190758372 0.846737495905235 0.839410309994976 
# Gas [Ca/H]:
-4.979138583587979 -6.640658492277852 -5.505742394248864 -2.8633580624457036 -2.13540405246801 -2.1375232330470446 -2.0896143261781317 -1.625338250148065 -0.8719863923365265 -0.4417717624163533 -0.05033188999021565 0.3172322383193107 0.6536816777044328 0.9344370618739424 1.1283699752643548 1.2321714343028916 1.2768002178025784 1.2912351524362133 1.2925274578368686 1.2879887580333262 1.283945441454721 1.277315058054552 1.2690469947242367 1.2637104489547228 1.2569381934268886 1.2525603814830149 1.2482248539913803 1.2437479517182108 1.2387012801894324 1.2345562370457293 1.2323819807328267 1.2278629070415104 1.2227466187391665 1.2219354273788525 1.2182513223266227 1.21763513062817 1.2198847608586272 1.2168602749553221 1.2128932305462063 1.2198388298354716 1.215011965471108 1.216853093798976 1.2160220320207502 1.2147783401658012 1.2170815110899742 1.2150736870917864 1.2142022120958824 1.2161329377082772 1.2167054301108013 1.2136141879308049 1.2124796296494367 1.2162730247933684 1.2117351788033819 1.2162482517838011 1.211960048046718 1.2122047647440306 1.2176794192407456 1.2087591349736755 1.2094189435777896 1.2138414055430884 1.2150454696519537 1.2108633640447382 1.2066260653443175 1.2048628094573166 1.2057033448097956 1.2126867383714695 1.2223823356991552 1.2160165832310943 1.2045565135744782 1.2084188532561013 1.2071182179745321 1.2060589231115468 1.1987610187835012 1.1826941129972761 1.2053359136770858 1.200322822367271 1.193559867811195 1.1902148691132144 1.1866369076743348 1.1842476606631038 1.1947629327790308 1.1835902136920016 1.172599773806728 1.1804324563242687 1.1876228639812938 1.1800853378954361 1.158455042174789 1.1825865153031385 1.1548451247799552 1.2034938406153248 1.1866065979411315 1.1790747112111406 1.1647403229621078 1.192482301112375 1.1396070704455763 1.1602665938553747 1.17880794256177 1.167774255932808 1.1689166238268953 1.1582138358355545 1.1497776390930836 1.1605755973836507 1.1573018806326312 1.1642724032451133 1.16050550069739 1.159880066128986 1.1592426260836683 1.1557130435375162 1.1554784072229323 1.151406381319629 1.1512985483546654 1.1427878780197496 1.1373782226111633 1.1309249740857181 1.126827608224576 1.1228541916114656 1.1210903959778422 1.118740436568455 1.1175959885551645 1.1168722183472362 1.1161309890378224 1.1167126656338358 1.117380265238011 1.1181070323070266 1.1194436785048172 1.123013234876625 1.1293608073858037 1.1358691650999013 1.1399566081594985 1.1419255103114994 1.1424715995180401 1.1424356200088717 1.1428770658089 1.1417359365828181 1.1413716423679672 
# Gas [Ne/H]:
-4.979138583587979 -6.640658492277852 -5.16615656721663 -2.6310892395495724 -1.9066910798937204 -1.8750414543965501 -1.8969501096725692 -1.9125598287053052 -1.9196613413126373 -1.9224031516697666 -1.8651062414093103 -1.7300731933370717 -1.5200235344074207 -1.2974777278862675 -1.1281994804312871 -0.9964876061711836 -1.0111606984300554 -0.8998836333285665 -0.9500538048950924 -0.9400130144844914 -0.9279563117326806 -0.9826546847271853 -0.9912442571287041 -0.9203082927837105 -0.9880073627112145 -0.9761365703700706 -0.8921494739236593 -1.2790266705932378 -0.872744786202289 -0.9664760590009784 -0.9817186694598439 -1.0087012975073781 -1.0241918226299367 -1.0208736729827157 -0.8953767656851035 -0.9537864493269224 -1.0644103782617957 -0.9359499437444976 -0.9101610668642444 -0.9159825009637101 -0.8895350100093689 -0.9428953854641273 -0.9039715736115275 -0.870071039625012 -0.8321486695289293 -0.9143048915030585 -0.840503254718584 -0.8356835845353912 -0.8380543711171731 -0.8197844845124989 -0.8227957841613209 -0.8330069720744415 -0.8221887578662717 -0.8018672365649886 -0.8395235245797386 -0.7553625226595351 -0.7775029434486109 -0.8108692705105964 -0.8051929016059569 -0.8083386512294632 -0.9126042826758498 -0.5980529927586833 -0.8145646565851603 -0.8221415488156918 -0.7459840437398508 -0.7449918504697957 -0.780968783803285 -0.7852190084364299 -0.813623010730848 -0.6798487538001572 -0.7865609004407519 -0.8741678159357118 -0.7971734854120216 -0.7909448251660267 -0.7623991632153553 -0.7763011302222296 -0.828752735163512 -0.7455364094549175 -1.150867874812632 -0.9526021475506932 -0.7268103909249453 -0.7905237280378952 -0.7239684340349779 -0.9389853437909705 -0.7686123057223666 -0.94256943629546 -0.921439813794124 -0.9331567719485365 -0.8972941630024076 -0.8141801133111572 -0.8744692723417478 -0.8742655824533072 -0.8856484392185902 -0.8575606468330985 -0.9536907573319358 -0.9334404392215889 -0.8897326036598017 -0.9284068651923159 -0.8613918673607541 -0.8596210523546954 -0.9796055387576637 -0.9698806702199585 -0.9620881923180518 -0.9617448426739008 -0.9591720808431354 -0.932401355719735 -0.9464578819483487 -0.9511941366706393 -0.9478089163251839 -0.96589335081668 -0.9642702968755152 -0.9859515499921816 -1.0075242756226537 -1.0169861511683909 -1.0244713810783157 -1.0382319682855448 -1.0460042035911572 -1.0501706325608104 -1.0536590512397925 -1.058628389652701 -1.0627134152260282 -1.0655886362200189 -1.0650608260016377 -1.065930713935292 -1.0645907103581411 -1.063821401320454 -1.064434703913693 -1.0582712325058843 -1.0552337839092267 -1.0554902757338986 -1.0564495381090415 -1.0551466463455101 -1.0579687983150174 -1.0594708999281837 -1.0593937450238755 
# Gas [Si/H]:
-4.979138583587979 -6.640658492277852 -5.201635696144788 -2.532774816056615 -1.8093024679186236 -1.8440700512170336 -1.803658297211907 -1.54949084408939 -0.9143885276394048 -0.5026202102796704 -0.11725896287391091 0.24791618249256508 0.5842111861531469 0.8642943049481606 1.0633292325953243 1.155824755319244 1.2066876151215804 1.2208678640860957 1.222086164985289 1.2183599241082104 1.2136273285279415 1.207061773117779 1.1989409078996052 1.1932280011263878 1.1867264436562328 1.1829259298019519 1.17864454388836 1.173049456011992 1.1676090155554761 1.165159918749402 1.1615547769715917 1.1576933969742544 1.152265521655507 1.151785888426799 1.1483214218741513 1.1473879002499445 1.1493556201951858 1.145596177192063 1.1468260492884377 1.1457423182494857 1.145789907972468 1.1478343006966698 1.1444922476185453 1.1449857578087177 1.1459116973543675 1.1483851446348332 1.143008648721429 1.1460316986594612 1.146513690668137 1.143461163627332 1.1421690043428496 1.1461447043126518 1.1414208826027847 1.1467870317131599 1.1417513661111776 1.142329301693283 1.1487038816432396 1.1372826240795018 1.140566858817662 1.1428425075110207 1.1446915297337061 1.1409609578647175 1.1367522285321559 1.1348698056162756 1.1356689530735253 1.1430372110395242 1.152236055283686 1.1458029708588513 1.134297652403918 1.1382678329769642 1.1365364177733324 1.1358408367199795 1.128594711815515 1.1135504670985275 1.134007283617032 1.1302781155839288 1.1232175166275291 1.1198482134177699 1.1156133076941699 1.1155667303283785 1.1274478940914467 1.1107807150460283 1.1014379204802371 1.1105374783178883 1.1168701198944286 1.1099242767951965 1.0879999955794242 1.1137946873053366 1.084028597444283 1.1345114552668365 1.1142540549093187 1.1095694869719015 1.0942723349136299 1.1219076478353642 1.069853168426032 1.0906060311199526 1.1074649718333052 1.0980925456978388 1.098345353635969 1.0870135777304437 1.0802696987698086 1.091814065805384 1.0881207700720559 1.0871486502637948 1.0906673495071089 1.0899466687673227 1.0892120583507907 1.0856926288642827 1.085411716663529 1.0814229643486066 1.0811435700816028 1.0724560979699573 1.0673119771149637 1.0607224883998647 1.0566137503355328 1.0526595213957317 1.0508691175677298 1.0485240214072515 1.0473750163923672 1.0466490548246896 1.0458995163933644 1.0464862993146147 1.047161361243556 1.0478889303651413 1.0492276999313845 1.0527903554282112 1.0591651779536075 1.0656406710962156 1.0697277475145768 1.0716935733866286 1.0722369858303278 1.0722051484499548 1.072645947723002 1.0715038073667364 1.0711420601753745 
# Gas [S/H]:
-4.97913858358798 -6.6406584922778515 -5.277939931485721 -2.6172239819479497 -1.8882444126768334 -1.8933963109163434 -1.856018524746327 -1.579054423267717 -0.9274183013247574 -0.5127246142803505 -0.1293876239823577 0.2380034807382252 0.5744570564457243 0.8543931182158326 1.0473396059972129 1.1533465044679971 1.1969816083046227 1.210865279123797 1.2124311116790598 1.2089774949208856 1.2038764563272464 1.197268483971781 1.189003160508205 1.1839385375176623 1.176922312144764 1.1727487416249773 1.168283902003437 1.1638032138705685 1.1589472778935184 1.1545517020758584 1.1524101172479484 1.1481727568356193 1.142953041676937 1.1417738975244442 1.138556427189314 1.13813114270105 1.13960215037842 1.1345902374491144 1.1387545563969934 1.1359151577160587 1.1356407642080049 1.1379974780967803 1.1357635964954786 1.1336932933879424 1.1376815570507586 1.1359010193236179 1.1343238552656665 1.1363374492428755 1.136737857518681 1.1334342728104536 1.132694090620622 1.136360646018915 1.1312276131486603 1.1373059712766542 1.1317386252990973 1.1326986774914944 1.1381661903473077 1.1288712361319884 1.1296100711655588 1.133753839289298 1.135258391749943 1.1306637969961235 1.1275600494847282 1.1248187276414714 1.1261660292643376 1.133098583482648 1.142061384063327 1.136737474715654 1.1247582039328412 1.1285566988631968 1.1269482197360134 1.1266214938199655 1.1186624556762101 1.103538187075955 1.1246271599546738 1.1206407109055125 1.113603998778177 1.1103276916501947 1.1070309381858903 1.1050470103945749 1.1152916584779304 1.1033446348552807 1.0928876528478226 1.1004499249419761 1.1089399244736646 1.098911837784657 1.078187382898896 1.1028316570396233 1.0752267755263802 1.123296247102724 1.1070247398611275 1.0992472190202038 1.085584351770685 1.111579544705549 1.0604958765204517 1.0810708896700354 1.0985367529766115 1.0877497343451332 1.0889290708922372 1.0787132666957104 1.070559573541837 1.081742352077824 1.0778495006539672 1.0850219599564364 1.0806116385381128 1.080150962677933 1.0792709409375019 1.0759797418770654 1.075773203218736 1.0717145515475872 1.0715540488395123 1.0631163115945315 1.0576349510173522 1.051172016878259 1.0470672040704785 1.0431053380098918 1.041335547021689 1.0389904684367015 1.037849826944731 1.0371164032184867 1.0363944182797016 1.036945400285215 1.0376267659609741 1.0383580921419986 1.0396980072307644 1.0432654187245345 1.0496401348888083 1.056107998158053 1.0601985903506361 1.0621646610433895 1.0627044792572806 1.062685874542034 1.0631109223932396 1.0619712179181025 1.0616122328168824 
# Stellar mass-weighted [Mg/H]:
0 -4.979138583587979 -6.379492213422404 -5.30991639900501 -3.075995051825247 -2.563575326106542 -2.518784283294859 -2.499806140290864 -2.492605540347556 -2.487975916452813 -2.484552397682407 -2.4815006876515815 -2.478710902192983 -2.4762831972450803 -2.473992624668157 -2.471733294450914 -2.4692821019123894 -2.467482320076872 -2.46564475485477 -2.463875148105095 -2.4621088851450503 -2.460439653305496 -2.458899993376992 -2.457444056550182 -2.456013576653887 -2.4546569368467495 -2.453337613951579 -2.452031842626341 -2.450785740040243 -2.449705324804391 -2.4485570916170243 -2.447457444167254 -2.4463963131904958 -2.4453451798374113 -2.4443057503630934 -2.4433191650971136 -2.442331089397153 -2.441353903884811 -2.440341587907252 -2.4393152302236665 -2.4383204882037246 -2.4373122876807463 -2.4363361405643564 -2.4352999511645566 -2.4342647804385322 -2.433226584861993 -2.432236117267977 -2.4312426853785203 -2.430204087038872 -2.429201824302881 -2.428190936695813 -2.427151122913153 -2.4261689088004132 -2.4252150689795204 -2.424273662676522 -2.423321265890741 -2.422419260873471 -2.4215380072340977 -2.4207799733635023 -2.4199503021080213 -2.419224467471122 -2.418457624801616 -2.4177298697161893 -2.4170277229569015 -2.416336308190534 -2.415672279438283 -2.415041565376413 -2.4144306948752874 -2.4138129939291897 -2.4131975943389747 -2.412660304840692 -2.4120983780985146 -2.411540207528719 -2.411002392257501 -2.410488969925023 -2.4099774330335757 -2.409457003638652 -2.4089530994712893 -2.408485239630452 -2.4080677152904917 -2.4076539468088 -2.4071804031075468 -2.406746918135619 -2.406331975255717 -2.4058790651842354 -2.4054653705827755 -2.4050674568913752 -2.4046725966309443 -2.4043037030627445 -2.4038900181397365 -2.4034804860354564 -2.4031633069100478 -2.40283725894858 -2.4024984046764697 -2.4021799864852627 -2.4018714114455184 -2.401631871001455 -2.401199660024899 -2.4009712616971264 -2.4006353877573234 -2.400400762223316 -2.400343295913313 -2.400310080978797 -2.4002791647814883 -2.400223823485865 -2.400168322149158 -2.400105089117365 -2.400032519577845 -2.399967907890524 -2.399877080654332 -2.3994256147300783 -2.398600143402935 -2.3979381982801895 -2.3974049902051355 -2.3970172290128424 -2.39653031977634 -2.396133813929704 -2.395886103683903 -2.3957850822564613 -2.3956978537202316 -2.3955156488106466 -2.3953655876383317 -2.3953129838461518 -2.3952781263216867 -2.395116508717164 -2.395010994901737 -2.394791747489471 -2.39468994676135 -2.3946217114684156 -2.3945300615793412 -2.3943259663580445 -2.394290078661098 -2.394121734232548 -2.3940492775072686 -2.3939419785961453 
# Stellar mass-weighted [C/H]:
0 -4.9791385835879804 -6.379492213422404 -6.1827434881476275 -4.176655988524284 -3.57534650560343 -3.376277347783983 -3.3106957196919016 -3.277553513572534 -3.2381635461829843 -3.204498165202323 -3.175302655913584 -3.149446107816858 -3.1266092180347087 -3.1061016788504316 -3.0871520250297113 -3.0696274990148478 -3.053462104754952 -3.0380123047952345 -3.023389737517536 -3.0092547504578313 -2.9956200706876928 -2.9824359168533494 -2.969716446002452 -2.957368223445294 -2.945215397036093 -2.932652529847691 -2.9193822659980837 -2.9052495877884903 -2.8907742514564374 -2.875683791150471 -2.8597259831047497 -2.8436608543888733 -2.827591922202333 -2.811504464108305 -2.795123099602198 -2.7786866090942253 -2.7619002184019443 -2.744962523635074 -2.7278842432540724 -2.710740090171341 -2.693790518081781 -2.676953697925949 -2.660270743223136 -2.643823631668563 -2.6275504266058203 -2.6116223903314957 -2.5959076585505665 -2.5805109226575107 -2.5653712128817823 -2.550695261139256 -2.536400170650184 -2.522629549252458 -2.5087868834541984 -2.495529451018271 -2.482626515341712 -2.470286119753019 -2.458294141508085 -2.446768738515736 -2.4354728096390543 -2.4246393429939905 -2.4140036730814867 -2.4037523027058993 -2.393805628756012 -2.3841026956310305 -2.374557038186719 -2.36536244056808 -2.3565816460499107 -2.3480597831064483 -2.3397800442289673 -2.33180768530785 -2.3241468819747597 -2.3166341637120222 -2.3093406870221695 -2.302374299967922 -2.2956809274897356 -2.2891192290351485 -2.2826873953715427 -2.276516095002111 -2.2706686580765716 -2.2649268872424164 -2.259362427007275 -2.2538898250317994 -2.24859752499842 -2.2435364130093385 -2.238491572702066 -2.233671110896603 -2.2288225467308536 -2.2241513033094398 -2.2196244898233903 -2.215326156979187 -2.2110937640683357 -2.207033574237469 -2.2029636634877585 -2.198965756096883 -2.195008477778024 -2.191281687149437 -2.1874687184124166 -2.183930163541354 -2.1804330624246164 -2.1769667175003624 -2.17684637099798 -2.176797687646145 -2.1767185703267273 -2.176669432101513 -2.17659353221449 -2.1765561630255874 -2.176454644559482 -2.1764064951843602 -2.176282144586202 -2.175667365597465 -2.1744077971286284 -2.1733575510014242 -2.1723987779459817 -2.1716760614415938 -2.1709217863746355 -2.170457543874245 -2.1701986060723595 -2.1700708607598216 -2.170056101092035 -2.1699012163824714 -2.1699102217593973 -2.169864955570473 -2.169913187066845 -2.1696896353850565 -2.169724916740021 -2.1693147921225977 -2.169060518586769 -2.168893914059483 -2.1685935495898816 -2.1677827728349026 -2.167718247124352 -2.167001825668308 -2.166761092936147 -2.1662904414398554 
# Stellar mass-weighted [N/H]:
0 -4.979138583587979 -6.379492213422404 -6.5107941994061775 -4.767421390807463 -4.17073220349997 -3.846269750471709 -3.5327517072822827 -3.3017613203469756 -3.1298968465866768 -3.000322975259838 -2.900737203870751 -2.82449496728088 -2.7648194062385105 -2.7161629953968474 -2.6745144718951446 -2.6377028483339915 -2.6040908936028986 -2.572093291547805 -2.5417838164362596 -2.513302195608744 -2.487517252357912 -2.464495847858923 -2.44409382833617 -2.425819903081096 -2.4095365716827564 -2.3953030611253405 -2.3834320399449336 -2.3733875686169226 -2.365228580068327 -2.3586611253779157 -2.3535032230971575 -2.3495502624434543 -2.3467373016708857 -2.3447154932972945 -2.3433218851529487 -2.3424342876061015 -2.3416654502249363 -2.3409183388994874 -2.340225637961881 -2.33956044946164 -2.3388984860787803 -2.3382807745721594 -2.3376875625118565 -2.337112562476168 -2.3365637630567297 -2.335966830168341 -2.3353793356904076 -2.3347619294099813 -2.3341335089699395 -2.333586206734978 -2.333102041590191 -2.332578373507997 -2.3320864330721447 -2.33159097086115 -2.3311607623376887 -2.3306509751516904 -2.330156170333362 -2.329709405889554 -2.3292831136668317 -2.3288633897569726 -2.3284599600356195 -2.3268957631506213 -2.325607019191729 -2.3252324044507002 -2.324882451066875 -2.324442977962687 -2.3241117055017506 -2.323706984939573 -2.3233327334880984 -2.322942445580166 -2.3225663448503377 -2.322245596634005 -2.3218771177158937 -2.3215711821765863 -2.321282066687835 -2.3208536899301198 -2.3204654860691427 -2.3201879168253754 -2.319927968995044 -2.318961376636384 -2.3186802798218444 -2.3183595291723123 -2.3180593038365647 -2.3177956403536726 -2.317489509668502 -2.317196614957398 -2.3169343658258486 -2.316654235926344 -2.3163501755435494 -2.3160956032955626 -2.315881923643799 -2.3156203232746284 -2.315269432602147 -2.314962867800981 -2.3147622253116253 -2.3145838683002333 -2.3142083364605224 -2.3140001993616632 -2.3137202740490794 -2.31327996239209 -2.313067996215249 -2.312872939174035 -2.312696196156593 -2.3124909260875732 -2.312324632440844 -2.3121382107550037 -2.311880181193928 -2.3116967950834786 -2.3113388130419024 -2.3097280786036647 -2.3069352127086793 -2.30469197261277 -2.302734982330045 -2.301139384823898 -2.299256590615542 -2.2977506769647595 -2.2965450050197767 -2.2961350918234524 -2.2956100228745298 -2.294777711278627 -2.294143019131348 -2.293669359937078 -2.293516867166235 -2.292614455224933 -2.291933362715902 -2.2903005844678592 -2.289141370530273 -2.288179434562898 -2.287204122346992 -2.286006694784713 -2.285245257490608 -2.2843161763555146 -2.2833666265849644 -2.282771107494523 
# Stellar mass-weighted [Ca/H]:
0 -4.979138583587979 -6.379492213422404 -5.575756099370322 -3.3462439808234556 -2.826918955325082 -2.769272400412566 -2.744211775134369 -2.692414809017464 -2.579273198466094 -2.4859404583426006 -2.411834987217963 -2.3527785980060347 -2.3050918516074193 -2.2655307132162745 -2.2317357174618726 -2.202575188048155 -2.177247733754334 -2.1547143679583947 -2.134514588427667 -2.1162029613190887 -2.0994780330455187 -2.084158526211123 -2.0700742661634814 -2.0569857829421956 -2.044805535429945 -2.033315353225513 -2.0226879221065026 -2.0125435758148713 -2.003024264538352 -1.9940321175972864 -1.9855014845484398 -1.9773704688391023 -1.9696335187216834 -1.9622400890492022 -1.955195013016767 -1.9483956780813134 -1.9419099469131664 -1.9356725644978514 -1.9297356785874662 -1.9239732680381358 -1.9184635700102577 -1.913122757056934 -1.9079689820649914 -1.9029653151299781 -1.898130569299762 -1.893486406491899 -1.8889331377968288 -1.8845604737764887 -1.8802959198143077 -1.8761750940988895 -1.8721119559204205 -1.8682106049281657 -1.864384027146273 -1.8606808838795788 -1.857043095818451 -1.8535298399350078 -1.85004530368826 -1.846707839301894 -1.8434247896327998 -1.8402320017547176 -1.83705512239142 -1.8339978429244237 -1.8309990803588754 -1.8280579729141229 -1.8251834958646933 -1.8223811383717088 -1.8196289132411145 -1.816912700766582 -1.8142615311222068 -1.8116761999723403 -1.8091323813509161 -1.806630530218377 -1.804179338572803 -1.8017846693218882 -1.7994163107681356 -1.7970935997517108 -1.7947987799986604 -1.7925580230930303 -1.7903631404232057 -1.7882084502831823 -1.7860670846196873 -1.7839685070284572 -1.7819094487267915 -1.7798966663034745 -1.7778868243986903 -1.775940364238525 -1.7740160424674132 -1.7721431021647893 -1.7702300598912437 -1.7683701307824338 -1.7665470081488488 -1.7647550471796292 -1.7629598372039545 -1.7612099447097824 -1.7594879302366122 -1.757857773257804 -1.7560721346958177 -1.7544686311839772 -1.752867082821509 -1.751249730697288 -1.7510849270172466 -1.75095745496764 -1.7508285753559232 -1.7506939975258655 -1.750570803198225 -1.7504535757426183 -1.7502649120092597 -1.7501449710387513 -1.7499019290419788 -1.7487652382538572 -1.74670996274787 -1.7450437935003604 -1.7435800392662273 -1.742413591732233 -1.7410798426125886 -1.7400710263626324 -1.7393113088326926 -1.739037512800853 -1.7387457730458102 -1.7382273364848837 -1.737889500167812 -1.7376151632870176 -1.7375535447776853 -1.7369708724064932 -1.7366178840346977 -1.735564371431285 -1.7348358710440728 -1.7342498953074568 -1.7336030010721561 -1.732616054856626 -1.7321817153764751 -1.7313809581762243 -1.7307688320477181 -1.730255988040355 
# Stellar mass-weighted [Ne/H]:
0 -4.979138583587979 -6.379492213422404 -5.246253331912532 -3.113643662275429 -2.5973999856806724 -2.5291848954993092 -2.511193670529698 -2.5044230255724846 -2.501805585677321 -2.5006959282296126 -2.4999417026311423 -2.4992157965370687 -2.4986410396740153 -2.498029242457335 -2.4971185347956437 -2.4961807126214834 -2.4956967324382555 -2.4950625925305348 -2.4944755929136795 -2.493838556807593 -2.4932458065122622 -2.492736820135722 -2.492247324765466 -2.491720557220246 -2.4912456812238615 -2.490787504115654 -2.4903160955680486 -2.489962335459473 -2.4895033872733148 -2.489095034620311 -2.4887121840431297 -2.4883492142978385 -2.4880107305118946 -2.4876841269357097 -2.487320737033797 -2.486980979787443 -2.4866858025719267 -2.486356755859487 -2.486037706651943 -2.4857427104743453 -2.4854518620322255 -2.485165810344415 -2.484872870016421 -2.4845661908181187 -2.484268432163182 -2.4840321538557406 -2.483770812912123 -2.4834763099053996 -2.4832181016716994 -2.482950845683561 -2.482667276557639 -2.4824211378768624 -2.4821931606370677 -2.4819387800628574 -2.4817029395454604 -2.481442231436083 -2.481201968150547 -2.480995017561175 -2.4807928384843416 -2.4805695727028914 -2.4803601878408363 -2.4800733128960495 -2.4798780495344497 -2.479669073605094 -2.479456073704254 -2.4792586470682005 -2.4790673234682474 -2.478848971601577 -2.4786550259270257 -2.4784561757054533 -2.478282152734627 -2.478105457009546 -2.4779213245716445 -2.4777487056299465 -2.477574690192058 -2.477394253010485 -2.4772155648462775 -2.4770362667395265 -2.4769459261211493 -2.4768225252075444 -2.4766281495172695 -2.476455722826981 -2.4762839451663066 -2.476175193065937 -2.4760213669183413 -2.475895029150162 -2.475779677772141 -2.4756755260532737 -2.4755062456817782 -2.4753185834724736 -2.4752198032443093 -2.475098301784363 -2.474971160846832 -2.4748332878722854 -2.474736434489965 -2.474700020499835 -2.4744820669001237 -2.47442015549752 -2.474228200351484 -2.474131352635654 -2.4740935420329677 -2.4740750146887 -2.4740589755298332 -2.47401693755294 -2.4739714858982467 -2.473916791983597 -2.4738610503043095 -2.4738048853272367 -2.473737357984784 -2.473393660769161 -2.4727611856772826 -2.4722599006191786 -2.4718748435459377 -2.4716132417049526 -2.4712598650169033 -2.470950319649038 -2.470784663595545 -2.4707100350989926 -2.470651954620661 -2.470519547760688 -2.470392341900708 -2.4703741613633294 -2.470340120235793 -2.4702433329045137 -2.4701722225614917 -2.4700859741827372 -2.4700873867001407 -2.470102399293192 -2.470101345992294 -2.470036552782215 -2.4700646958977295 -2.470008506289936 -2.4700249168672848 -2.4699919911513524 
# Stellar mass-weighted [Si/H]:
0 -4.979138583587979 -6.379492213422404 -5.281000714522776 -3.0158143569104565 -2.4999557468496434 -2.4522952173123587 -2.430430063757525 -2.4050033602683154 -2.3507296075910977 -2.3010495351228775 -2.258207488876229 -2.221892519764511 -2.1911898370134297 -2.1648158300501334 -2.1412884444270803 -2.1210211744597434 -2.1029559248570537 -2.086597335890092 -2.071735608003894 -2.0580646014814263 -2.0454767033710777 -2.033847605135824 -2.0230655412690224 -2.0129741986280534 -2.003517989882754 -1.9945330562955998 -1.9861766349467969 -1.978175848688176 -1.9706400692861603 -1.9634639923567736 -1.956651007961554 -1.9501229846868426 -1.9438956448434261 -1.9379207731962937 -1.9322062958761927 -1.9266769799729362 -1.921391814128615 -1.9163017028186786 -1.911393557977199 -1.906700108305376 -1.9021567169853606 -1.8977377646560134 -1.8934867962714677 -1.8893346221347427 -1.8853289869945185 -1.8814429213246724 -1.8776612484996233 -1.8740069214264254 -1.8704448273085017 -1.866994608371443 -1.86358543691013 -1.8603106585022937 -1.8570981504555464 -1.853974697204806 -1.8509086640882177 -1.8479405849151576 -1.8449892900581304 -1.8421771229007469 -1.8393927674712085 -1.8366891884596157 -1.833991129623672 -1.831391549477713 -1.8288417585955647 -1.8263355654319522 -1.8238865774107298 -1.821496090986357 -1.819147232107425 -1.8168228267562485 -1.8145550833957342 -1.8123455224286174 -1.810170056356612 -1.808023432588997 -1.8059200224485297 -1.8038609985686938 -1.8018319382388883 -1.7998336239248927 -1.797857507477926 -1.795929218087677 -1.7940443149392973 -1.7921823325246402 -1.7903211928788672 -1.7885180577027624 -1.7867439164920977 -1.7850060810962285 -1.783270632484946 -1.7815857812489053 -1.7799225208276397 -1.778297590305053 -1.7766362952586983 -1.7750115068088368 -1.77344180117925 -1.771883752070269 -1.770325262247372 -1.7688036275449406 -1.7673077428487147 -1.7658980498459185 -1.7643340244627295 -1.7629427357655647 -1.7615374681765097 -1.7601354919410177 -1.7599877021142385 -1.759875064077196 -1.7597617936375736 -1.7596396264981573 -1.7595271812018582 -1.7594184081191946 -1.7592480262274002 -1.7591368070353885 -1.758918410090942 -1.7578897706268366 -1.7560291771485703 -1.7545214445077741 -1.7532043585751387 -1.752160228475482 -1.7509587495254193 -1.7500448195498883 -1.7493640102142498 -1.7491170304287325 -1.748856483184654 -1.7483897297768323 -1.7480800500823372 -1.7478397759732385 -1.7477818611955742 -1.747264233258572 -1.7469485381675476 -1.7460238656015692 -1.7453920493546464 -1.7448855993644514 -1.7443240868961647 -1.743459680621572 -1.7430860713319474 -1.742384124013972 -1.741854530995968 -1.7414051875129255 
# Stellar mass-weighted [S/H]:
0 -4.97913858358798 -6.379492213422405 -5.355518436637543 -3.1002253734398826 -2.5799990294643296 -2.523246614840067 -2.4997935687990864 -2.4710692687915587 -2.409731922657201 -2.3543415345442567 -2.3074361190868347 -2.2678398803813 -2.2345761996614497 -2.2061718394096266 -2.181298196207285 -2.1593088111341574 -2.140047970044691 -2.1226748051247037 -2.1069176002458496 -2.092445383855929 -2.079151639471945 -2.066888833041391 -2.055538561566702 -2.0449161344134383 -2.0349830696693623 -2.0255635420831197 -2.016814189549131 -2.0084255568531955 -2.000521157392777 -1.9930309116644898 -1.9859022467093057 -1.9790824153530835 -1.9725772286562924 -1.9663488743265116 -1.9603922413802772 -1.9546262633805238 -1.9491228259098712 -1.9438393423156928 -1.9387155101289073 -1.9338353828592618 -1.9291161215386676 -1.924525975504709 -1.9201017483874736 -1.9158052284698988 -1.9116347704477885 -1.907624793587142 -1.903692843770033 -1.8999048489142147 -1.8962119545420597 -1.8926387097708508 -1.8891058259449736 -1.8857137875091343 -1.8823897345530805 -1.8791549786329345 -1.875983485098505 -1.8729118322972989 -1.8698637130780957 -1.8669461665400142 -1.8640734370740484 -1.8612750516095833 -1.8584851647858827 -1.8558018469485908 -1.8531637498602986 -1.8505768164905163 -1.848045862787961 -1.8455777901668178 -1.8431546588609358 -1.840752683585718 -1.8384112478566816 -1.8361300576837962 -1.8338843361351724 -1.8316679282927248 -1.8294990952063683 -1.8273763669916576 -1.8252822348036846 -1.8232215328610542 -1.8211842451171378 -1.8191955704202778 -1.8172475552912584 -1.815331457788524 -1.8134239921249806 -1.8115575876154617 -1.8097252112868079 -1.807935807231834 -1.8061416724877581 -1.8044113491099951 -1.8026985988598385 -1.8010293614222759 -1.7993170423763516 -1.7976515251146434 -1.7960257530040113 -1.7944244089631178 -1.7928172469223993 -1.7912539537569785 -1.7897129524828763 -1.7882598861731278 -1.7866516128061152 -1.7852208731885169 -1.7837776695036505 -1.7823298554674851 -1.7821787508309797 -1.7820632558186418 -1.7819468046529021 -1.7818222919414364 -1.781707688931986 -1.7815972221947307 -1.7814231589655405 -1.781310200925864 -1.7810863170682278 -1.7800364636083996 -1.7781367452552121 -1.776597509874529 -1.7752511339894586 -1.774182786080579 -1.772955129872269 -1.7720219416516008 -1.7713258127578708 -1.771073434973041 -1.7708067103887917 -1.7703296532282398 -1.7700142533011665 -1.7697673966223784 -1.7697086825861366 -1.769178120773919 -1.7688551505319055 -1.767905268270125 -1.7672547626178225 -1.7667329048841571 -1.7661549303140553 -1.765266581214851 -1.7648813074786611 -1.7641600373695931 -1.7636145187638244 -1.7631527924030452 
# Gas metallicity, [Z/X]:
-5.001329409250701 -6.662849317940575 -5.275082142454357 -2.6570497572327154 -1.9434614388154194 -1.9408641256000998 -1.610570719253716 -1.2381385536557439 -0.9349130853628271 -0.699455531020549 -0.42851000975161546 -0.13160785636253425 0.1643488934418056 0.42338653944927684 0.6002262247887529 0.680253819532525 0.7565560388563739 0.7542470030888047 0.7793032645185853 0.7668583169149734 0.7788374583608711 0.7631323198687964 0.7682988241265777 0.7519458456220949 0.7584608319296798 0.742100892805516 0.754845114129746 0.7289758269489384 0.7591402517082348 0.7040141078628149 0.7830030955178776 0.6396615515827395 0.8557425959326544 0.25246807162467144 1.0517021503519066 -7.44196310583661 1.3107357972753086 -7.4158626399314524 1.5279304999041852 -7.388610370083997 1.7470003474328877 -7.365616794074919 1.9745821122612577 -7.344696161831283 2.213961600852898 -7.323867147622812 2.471884098948234 -7.3020127122568805 2.753065457675372 -7.284604157816169 3.0494267290869477 -7.263031428031901 3.369510445504567 -7.245168873691595 3.706530256561553 -7.2320482662347985 4.069812740880977 -7.218524169149827 4.445157383250744 -7.198060212754999 4.846591107358011 -7.185466649215076 5.259397576786703 -7.17622820223955 5.69732300745147 -7.154294714032385 6.160867262407082 -7.137594916193985 6.616387705972981 -7.130726049511679 7.09927936633262 -7.120071403054704 7.577334112858913 -7.129871923508414 8.109883223485447 -7.100827910261378 8.632636098164625 -7.098823208633981 9.165617788924113 -7.093173752005452 9.728842132693899 -7.082559233654877 10.276976533061974 -7.074324631558879 10.862942826955146 -7.064097433540676 11.433266090105416 -7.050167665766052 12.02225125596668 -7.019628954254607 12.656926330119566 -7.033823554030796 13.274533260320398 -7.0110864093675875 13.891243411245677 -7.033348034923739 14.556810724919236 -7.016161248023774 15.215994713906712 -7.016213730033337 15.875770815486648 -7.307681917925656 16.075375399459862 -7.6020283721460125 16.062326028294322 14.365387670766882 15.910671430255405 15.34697156268421 15.719004312702372 15.463972251298154 15.33312388481709 15.102705472610335 14.996230077439645 14.906296921785566 14.83973723487368 14.761851877827814 14.706283090009332 14.660608089205267 14.648516214464255 14.623728073160237 14.592154348452219 14.566772910850668 14.55231678498228 14.546065406614746 14.51996970419338 14.495343457973899 14.456166007963429 14.42842786328726 14.404763582375608 14.383663771143903 14.36463386169327 14.34761643191637 14.333137932017127 14.318709681189326 14.30643438020607 
# Stellar mass-weighted metallicity, [Z/X]:
-4.152288344383056 -5.001329409250701 -6.4016830390851265 -5.353281213848654 -3.139911112608594 -2.6320404052954283 -2.5734758335846335 -2.4970196176098263 -2.425651346267366 -2.3741851311639204 -2.342021394764635 -2.3193256606946475 -2.3017011442508064 -2.2873930435570635 -2.2751089422551507 -2.2641255938715563 -2.2546072673678736 -2.2455771517246896 -2.2373429263122393 -2.229492215942453 -2.222192568575129 -2.2151695591258447 -2.2087187449800156 -2.202491464187921 -2.1967324757790765 -2.1911370832366215 -2.1859006409325783 -2.1808383478150697 -2.176139323240828 -2.171343307028156 -2.167218109562401 -2.162557805795905 -2.1591628294438143 -2.1540634009778863 -2.1524851931743276 -2.1452563286425868 -2.144794178388824 -2.1329947529853284 -2.1325917706028745 -2.11490942417758 -2.1145619027249243 -2.0883606312278236 -2.0880421158774087 -2.0490319764215172 -2.048742778401598 -1.991288307354978 -1.991091797499611 -1.906201991463443 -1.9060457887943774 -1.7844159510068958 -1.7843396566994711 -1.6171788617788934 -1.6171797076100847 -1.4012673383096172 -1.4013466323613148 -1.1410526505341159 -1.141201653710276 -0.8415965800009124 -0.8409343682618993 -0.5060210074668021 -0.5053355003452988 -0.1444605947725861 -0.1437722186861201 0.2437794008079297 0.244489314456104 0.6547069239573049 0.6554007078250574 1.0796828927405726 1.0803909974406884 1.5281691776039055 1.5288621625754577 1.989610081236987 1.9903045115548814 2.460019314866367 2.460691545943708 2.9612225548593933 2.9619113930347476 3.4775098318509174 3.478193553340136 4.002920862808354 4.003584610164963 4.542228365001791 4.542897993730875 5.096475686880688 5.097123062759934 5.655983083229158 5.65661558651924 6.238314341572626 6.238925358860796 6.821333703348018 6.821969932608842 7.412192864338792 7.412818693575062 8.033127279688028 8.033747520621269 8.663881756869834 8.66442758731712 9.285144180049132 9.285700109705315 9.93689960791936 9.937511131649934 9.938043834826011 9.938481510559486 9.938787447304485 9.938787518967928 9.938852183718557 9.938655594426322 9.938891243325106 9.938486475485547 9.938279446420427 9.93762174181891 9.937240251835593 9.93759936754253 9.938235830093998 9.938844806257729 9.93971065527885 9.94038583281742 9.940962875896922 9.94122227105109 9.941388930181196 9.941702131702073 9.941707888797577 9.941720378260174 9.941619012556748 9.941737623993472 9.941576094120327 9.942114077515663 9.942500566137522 9.942962840637945 9.943731535375266 9.94479188571065 9.945076818400986 9.946357581439285 9.94679604940259 9.947784852252894 
# Number of SNIa (log_10):
0 0.0 0.0 0.0 0.0 0.0 1.790179917747056e+53 1.1463656785628933e+55 4.5253567722906696e+55 8.080881161892994e+55 1.1417869534843627e+56 1.4419063880254905e+56 1.7092519338156908e+56 1.9483587555738899e+56 2.1639942683979454e+56 2.3601760910337223e+56 2.540089079407194e+56 2.706229280475825e+56 2.860566763558331e+56 3.004678960379409e+56 3.1398450241902373e+56 3.267117189566077e+56 3.387371145025234e+56 3.501343552287931e+56 3.609661200812236e+56 3.7128605489894777e+56 3.81140454022647e+56 3.905697975776199e+56 3.996091986054238e+56 4.0828952586692295e+56 4.1663848853073435e+56 4.246815225827352e+56 4.3243955130300065e+56 4.399295035176086e+56 4.471724828633271e+56 4.541835669530514e+56 4.609771011710291e+56 4.675655263710908e+56 4.739612751552353e+56 4.801771769678585e+56 4.8622077996241695e+56 4.921021571183369e+56 4.978295906662378e+56 5.034106149861221e+56 5.088530563976431e+56 5.141634975639759e+56 5.193482500150888e+56 5.2441262155769545e+56 5.293623567386181e+56 5.342041734740151e+56 5.389407816206287e+56 5.43576610127113e+56 5.4811634810581506e+56 5.525643928117911e+56 5.569235155418382e+56 5.611976997955587e+56 5.653898248122825e+56 5.695014633044753e+56 5.735367586145849e+56 5.775048638119941e+56 5.814008620558479e+56 5.852296161847071e+56 5.889901587781603e+56 5.926856874197145e+56 5.9632129592585695e+56 5.99897545656595e+56 6.0341582511303815e+56 6.068791698626199e+56 6.1028864404840914e+56 6.136455268722161e+56 6.169518140340806e+56 6.202094746576109e+56 6.234186341253675e+56 6.2658085803478815e+56 6.2969990599212746e+56 6.327747837636043e+56 6.358067523299157e+56 6.387975194533838e+56 6.417479343772398e+56 6.4465905059200865e+56 6.475320103765883e+56 6.503674428051256e+56 6.531659508172667e+56 6.559311746637767e+56 6.586611833341859e+56 6.613574942755297e+56 6.6402090178015705e+56 6.666527740411379e+56 6.692534605681547e+56 6.718222436050567e+56 6.743616260588068e+56 6.768718383407398e+56 6.793525304590461e+56 6.818084415183461e+56 6.842374366733471e+56 6.866381267797e+56 6.890130850224565e+56 6.913627993271101e+56 6.9368750735174685e+56 6.959870091335841e+56 6.982628282808644e+56 7.005144376756401e+56 7.027437562373122e+56 7.049520858883871e+56 7.071374124428014e+56 7.0930139218162596e+56 7.114443552949943e+56 7.135658028246785e+56 7.156668356234729e+56 7.1981004926928135e+56 7.39428134085102e+56 7.740694152034184e+56 8.039738978950893e+56 8.302819558280114e+56 8.537699804603078e+56 8.84865422813858e+56 9.120914290664985e+56 9.363049341644372e+56 9.438187974560292e+56 9.58106803528768e+56 9.77933039636446e+56 9.961173435793418e+56 1.0074517352158538e+57 1.012905380060856e+57 1.0334601216819452e+57 1.0567058677379521e+57 1.09690026940252e+57 1.1308498918986082e+57 1.1602363500433419e+57 1.1861493707465414e+57 1.2093041606770919e+57 1.230265089115382e+57 1.2493873415868578e+57 1.2669735529998236e+57 1.2832528279410498e+57 
# Number of SNII (log_10):
0 0.0 3.3297349915355778e+53 4.440238695284067e+55 1.6328343274217194e+56 2.39486742941427e+56 2.9405626860887823e+56 3.2823474101282815e+56 3.409616546691405e+56 3.4620168023285934e+56 3.481627396610688e+56 3.4884832073111063e+56 3.4908063056552486e+56 3.491573184693618e+56 3.4918230845582323e+56 3.491917469638713e+56 3.4919533627413764e+56 3.491965149946516e+56 3.4919700154306307e+56 3.4919727262205084e+56 3.4919746110796246e+56 3.491976124944431e+56 3.491977428797021e+56 3.491978588661771e+56 3.491979635429502e+56 3.4919805914258164e+56 3.4919814681871996e+56 3.4919822773292437e+56 3.4919830250607034e+56 3.4919837186647575e+56 3.4919843624030016e+56 3.491984963016031e+56 3.4919855244878305e+56 3.4919860515696577e+56 3.491986546189086e+56 3.4919870112031773e+56 3.491987447336108e+56 3.491987856105616e+56 3.491988270650829e+56 3.491988670424631e+56 3.4919890583145565e+56 3.4919893968865573e+56 3.4919897400815048e+56 3.491990042231778e+56 3.491990347642045e+56 3.4919906184163284e+56 3.491990895802632e+56 3.4919911457093323e+56 3.4919913961023495e+56 3.4919916205246696e+56 3.491991849278953e+56 3.4919920537505736e+56 3.4919922607963334e+56 3.491992447265193e+56 3.491992636353854e+56 3.4919928046203083e+56 3.4919929754835416e+56 3.49199312883491e+56 3.4919932863756257e+56 3.4919934302660654e+56 3.4919935754937553e+56 3.491993703743056e+56 3.4919938351484914e+56 3.4919939525417575e+56 3.49199406963376e+56 3.4919941767397104e+56 3.4919942862672624e+56 3.491994385741157e+56 3.4919944904109217e+56 3.491994582155937e+56 3.4919946749410813e+56 3.4919947537852605e+56 3.491994837962625e+56 3.4919949138056524e+56 3.4919949962097714e+56 3.4919950661595162e+56 3.4919951329094987e+56 3.4919951938019736e+56 3.4919952618918014e+56 3.491995316404532e+56 3.4919953767391278e+56 3.491995431110574e+56 3.4919954898993017e+56 3.4919955368551175e+56 3.4919955866320917e+56 3.491995630241225e+56 3.4919956801477988e+56 3.491995723479374e+56 3.491995767047411e+56 3.4919958020717792e+56 3.491995844249253e+56 3.4919958806862573e+56 3.4919959195028373e+56 3.49199595255298e+56 3.491995982540533e+56 3.4919960083973565e+56 3.4919960391257014e+56 3.491996063875038e+56 3.4919960916265896e+56 3.4919961214189418e+56 3.4919961496615476e+56 3.491996169410624e+56 3.491996192599758e+56 3.4919962109415894e+56 3.491996234057445e+56 3.491996234057445e+56 3.491996234057445e+56 3.491996234057445e+56 3.491996234057445e+56 3.491996234057445e+56 3.491996234057445e+56 3.491996234057445e+56 3.491996234057445e+56 3.491996234057445e+56 3.491996234057445e+56 3.491996234057445e+56 3.491996234057445e+56 3.491996234057445e+56 3.491996234057445e+56 3.491996234057445e+56 3.491996234057445e+56 3.491996234057445e+56 3.491996234057445e+56 3.491996234057445e+56 3.491996234057445e+56 3.491996234057445e+56 3.491996234057445e+56 3.491996234057445e+56 3.491996234057445e+56 3.491996234057445e+56 3.491996234057445e+56 3.491996234057445e+56 3.491996234057445e+56 3.491996234057445e+56 3.491996234057445e+56 
# [Mg/Fe] for total ejected gas till this time:
0 0 0.9764859442721407 1.022781166152468 0.9341242636353249 0.8065938732662691 0.7600873743291017 0.6227401537709558 0.3832419695860699 0.22589522682396235 0.1179780141657085 0.040079893798774885 -0.018867141209079688 -0.06531595141068577 -0.10325199315975547 -0.13481111338616986 -0.1617985425960042 -0.1852171039071007 -0.2058046606073654 -0.22410548159962965 -0.24052950194042 -0.25540971763077913 -0.26897935960577557 -0.2814179541873415 -0.2928900195030424 -0.30350946582887545 -0.31335721093207086 -0.32257239230784895 -0.33126521482925747 -0.33938035191466076 -0.3470281908645646 -0.3542592004734082 -0.3610889451896488 -0.36755878528302116 -0.373723506738212 -0.3795906131529102 -0.3851726287042486 -0.3904810897944552 -0.3955448546534503 -0.4003804595897918 -0.4050054169423947 -0.4094593736177278 -0.41370778323440693 -0.4177905851676623 -0.42170529677706875 -0.42547993088465125 -0.4291193372871971 -0.43262001321203314 -0.4359992223893958 -0.43926138701489065 -0.4424108445176797 -0.4454658398007244 -0.4484300111654816 -0.4513170695031183 -0.45410660524377394 -0.45683478444638825 -0.4594939814566578 -0.462120920666633 -0.4646361966457225 -0.46715234979710357 -0.4695849125252536 -0.4719614416354737 -0.4742792205537663 -0.4765527123203575 -0.4787748044366969 -0.48095251747134415 -0.4830930470454967 -0.4851922070973888 -0.487234726310038 -0.4892553796468698 -0.491222323043369 -0.49315875465775755 -0.4950571901057042 -0.4969203439921422 -0.49874734517228636 -0.5005360164792241 -0.5023009434827823 -0.5040390653551153 -0.5057594346201937 -0.5074514534958572 -0.5090954991479866 -0.5107223874419928 -0.5123207976336959 -0.5138639534783416 -0.5154068101053881 -0.5169289142287123 -0.5184192122687922 -0.5198925056245515 -0.5213474652134724 -0.5227832064964415 -0.5242020254823399 -0.5256068423388587 -0.5269851038971596 -0.5283561920602501 -0.5296951548806462 -0.5310192475390348 -0.5323137357478451 -0.5336131091484748 -0.5348964420130442 -0.5361653767281461 -0.5373737055642478 -0.5386070784529602 -0.5398330343931526 -0.5409552645876121 -0.5421489663176005 -0.5433150910226997 -0.5444532979573945 -0.5455763982910198 -0.5466883832643233 -0.5488778415628104 -0.55910274915367 -0.576630205448406 -0.591040723739485 -0.603318064205453 -0.6139578223381805 -0.6276357789409698 -0.6392400873697369 -0.6492110409897798 -0.6522747458215982 -0.6580205347544158 -0.6657758181514167 -0.6727702888208789 -0.6770693460609584 -0.6791242595503676 -0.6867438200998035 -0.6951724376442877 -0.7092507250091684 -0.7207242075308523 -0.7304447148507643 -0.7387623921935235 -0.7460022254174453 -0.7524363221094206 -0.7582278976660394 -0.7634245125210755 -0.7681840693461697 
# [Mg/Fe] for instant ejected gas at this time:
0 0 0.9764859442721407 1.0231491436985722 0.9022295545809167 0.5200559827073203 0.4347469864261607 -0.3520259775384161 -1.0953030024125403 -1.3818672975643675 -1.5217373326709036 -1.5962046696875056 -1.6265816736910828 -1.6374767285262788 -1.6888702773852255 -1.6122825388536317 -1.6385350329693698 -1.6361837046527383 -1.6266448549723476 -1.6177147359138582 -1.6097575417543641 -1.6154644412545525 -1.6183717428532773 -1.6129621455457148 -1.6145535186285829 -1.6072226787311148 -1.5821202169374347 -1.5980913316292757 -1.652774767838905 -1.597570649282051 -1.597326369690262 -1.6000897454503413 -1.580562804786213 -1.5691070371109912 -1.580610461047393 -1.5699271071397667 -1.5536670996404118 -1.5226569698435277 -1.4949635361371536 -1.4887263868946095 -1.4651721924001186 -1.478810306378063 -1.4335161923273076 -1.4270160892365296 -1.4054127900343945 -1.4013659585344744 -1.3947919138212872 -1.376792022593679 -1.3686216159783309 -1.3568282755006487 -1.3453025769852776 -1.3460665099072298 -1.3453746534288353 -1.3532074987716853 -1.336525288961965 -1.3531342785000005 -1.3579498419564484 -1.4061442427143784 -1.354207210047794 -1.4278614960063005 -1.4030806885789069 -1.4056574861146387 -1.4059280783964259 -1.4208640340469667 -1.4213223221141278 -1.4316195132950036 -1.4485509749096357 -1.4580419547061974 -1.4367544893655722 -1.4752209917706023 -1.4535114744202102 -1.4703419753819251 -1.4727923620393004 -1.4770436620308118 -1.4749203219212945 -1.468423296497744 -1.4901947177197188 -1.5033484162314132 -1.5355292715996471 -1.5421094360729026 -1.497948155421221 -1.5274300015871907 -1.5260029970216444 -1.4574148563874034 -1.5192982294470025 -1.5323411022352573 -1.5139501227062968 -1.5322215829008474 -1.546188536575871 -1.5585760825687225 -1.575640115816956 -1.6003473916819526 -1.5841180417112861 -1.624753188121023 -1.585240546112482 -1.5957693264865398 -1.5687349394944103 -1.6513330074577577 -1.6557696005561642 -1.675858895786225 -1.5169358585346928 -1.6718647508699818 -1.7136275906105192 -1.4099845778141185 -1.7101894794565389 -1.649574346898847 -1.598774019647418 -1.5973445471919536 -1.6096645267893808 -1.623608699079193 -1.6390738592524374 -1.6781469350523124 -1.6511430552349098 -1.6717383337696372 -1.6783025491763086 -1.696209150010415 -1.7100138150493498 -1.6875930326895323 -1.7241271743939566 -1.7164213338468763 -1.6772766144163982 -1.693055389475233 -1.6995325334025113 -1.7093035946373594 -1.6972158809888762 -1.6993493964670947 -1.6881358830237163 -1.6900161948058605 -1.7221339580477364 -1.7059054908199225 -1.6912516558144526 -1.6959534036979953 -1.7104731740125163 -1.6812198530056828 -1.6939588756540327 
# total ejected metal mass till this time:
0 0.0 1.6078245387146137e-05 0.0006690045637925421 0.0018866112326565772 0.0022778054623303775 0.0026524820976178737 0.003023761581232174 0.003317595880015103 0.0035109040732939087 0.0036484314983343006 0.003753987320597583 0.0038398691146183292 0.003913122519661028 0.003976693169193751 0.004031332301213064 0.004085291844574038 0.004133256909230593 0.004180333796860147 0.004223433018731157 0.0042654765610438215 0.004304209431197647 0.004341945375740448 0.0043768108309403244 0.004410988256185367 0.004442662017448023 0.004474112196279994 0.004502765336746154 0.004532574345686829 0.004557995732211331 0.004587493417357923 0.004608125735235499 0.004641262689668839 0.004649237207979842 0.004698329984832864 0.004673884797809764 0.004757509167023296 0.004672276739595002 0.004802781456572716 0.004643047208352999 0.0048470229881133866 0.004563394640037352 0.0048905461855477264 0.004395478448172346 0.004932688251500604 0.004041167370125671 0.004974141077854497 0.0033236550339379852 0.005015462949066203 0.0018179104774078219 0.005054368523411139 -0.0014005051901834426 0.005093462134281412 -0.008409775655998288 0.005131571129687747 -0.02452072888048113 0.005168767565857414 -0.06383751320016316 0.0052044221015497055 -0.16067543346475524 0.005239378596223341 -0.4172024766682424 0.0052728562788787944 -1.1166591761604785 0.005306555307067121 -3.0279401506993335 0.005338921703531046 -8.750040746508203 0.005370163636847938 -25.64465587633366 0.005401689285293846 -76.29661301750382 0.005429764427121438 -249.56220626839837 0.005457695916873091 -829.2512197123317 0.005485162240796614 -2796.1053789372686 0.005511960736192792 -9776.747378445936 0.005537469446236299 -35394.93964663732 0.005562284702212133 -128553.1414721261 0.0055863636501164715 -499451.8667146243 0.005609899223840369 -1907253.832469354 0.005632715706493514 -7459060.404564897 0.005654658117923687 -31786460.42026716 0.005676205710615796 -136390620.29120404 0.00569731847287016 -564684417.63608 0.005718736291880627 -2580320071.0114923 0.005737741389708583 -12028153460.644588 0.005756676120919415 -55689288968.08013 0.005775552949166322 -88507276506.91734 0.00579363678256821 -86380961827.3721 -1742788954.274683 -61341463925.59698 -16835881017.828041 -39823298709.16629 -22818318480.048996 -17673107170.10105 -10882139546.732224 -8856196077.994272 -7459555032.13912 -6670627967.487622 -5785315266.925985 -5249494987.923631 -4783640121.172961 -4729292378.911529 -4571124840.082148 -4341119583.520209 -4151611431.6893454 -4042773787.880714 -4068709020.664639 -3927047855.487004 -3861037684.586576 -3652623396.1537547 -3527044415.2021346 -3425040947.8214736 -3333016409.4917383 -3254092938.8140435 -3185277769.812318 -3126009986.924146 -3067701517.520131 
# Stellar [Z/H]. [Z/H] = [Fe/H] + A[Mg/Fe] where A=0.94:
0.0 -4.979138583587979 -6.379492213422404 -5.36078337499869 -3.1373187565093548 -2.6190224742941357 -2.564805810887231 -2.5430860823249053 -2.5253255130154293 -2.5033986590856085 -2.4893571354459607 -2.4791095427093475 -2.4711179273284074 -2.4647424415371595 -2.459332961175837 -2.4545165181824435 -2.449936779770372 -2.4462991746464544 -2.4428695368664126 -2.43969967182773 -2.4366870474765108 -2.433896292834454 -2.431337322933188 -2.4289535946115617 -2.4266717218304765 -2.4245292630213346 -2.4224749599159976 -2.4204978151068692 -2.4186140418253435 -2.4169327363630795 -2.415226104629757 -2.413599563444887 -2.412038546067767 -2.410515771982882 -2.4090288069073225 -2.407617018162763 -2.4062221635187737 -2.404861303091569 -2.4034842155502996 -2.402111445386365 -2.400785877110638 -2.3994624770410833 -2.3981826990662363 -2.3968597863939722 -2.3955480425147404 -2.394245443885855 -2.393001280399763 -2.3917604266345394 -2.3904904073351108 -2.389261418621526 -2.3880345315411304 -2.386784798175908 -2.3856000748495187 -2.3844472540085375 -2.383314822495114 -2.38217660461934 -2.381094398915561 -2.380033822693389 -2.3790987902655516 -2.378100270305086 -2.377205545353392 -2.3762737289631586 -2.3753866015208445 -2.3745275326014372 -2.373682661462298 -2.3728679569693902 -2.372089560463842 -2.371332904356405 -2.37057311515155 -2.3698194354038673 -2.3691434191871914 -2.368447169053117 -2.3677574805717354 -2.3670902556861897 -2.3664494849969326 -2.365812855618264 -2.3651707390478616 -2.364546196120272 -2.3639590028552178 -2.363422077801008 -2.3628914782378048 -2.3623058136265023 -2.361760676285689 -2.3612354066879906 -2.3606774324581843 -2.3601566968587764 -2.3596551172309743 -2.359157921226799 -2.358688175266588 -2.3581743234518378 -2.3576679632379265 -2.357250287807589 -2.3568265865077214 -2.3563907414749723 -2.355977152523116 -2.3555745323854715 -2.3552423490958603 -2.35472022910232 -2.3544005433478743 -2.3539808720389583 -2.353654488669817 -2.3535898841786933 -2.3535504061695107 -2.35351296927148 -2.353452367563352 -2.3533923614826984 -2.3533255406941436 -2.3532452511926456 -2.3531769632819053 -2.3530759906734624 -2.3525789434062063 -2.3516716646375957 -2.3509429666708623 -2.3503479073141342 -2.349908422340739 -2.3493652992064575 -2.348928156132083 -2.348646521827077 -2.3485340327045723 -2.3484332620585606 -2.348228771103275 -2.348066284319921 -2.3479989962409507 -2.3479623773479665 -2.3477728384091843 -2.3476509637690812 -2.3473764272513087 -2.347233114227029 -2.3471306030112005 -2.3470021936311443 -2.3467461585298923 -2.3466839240623845 -2.346473629465863 -2.346365470885923 -2.346231273460639 
# Stellar luminosity-weighted metallicity, [Z/X]:
-4.152288344383056 -5.001329409250701 -6.65994619737301 -5.276806542617277 -2.6795715433913756 -1.9741602202735427 -1.9775266828146185 -1.7185961765924216 -1.5043682074842109 -1.4903682099777458 -1.6538445532200734 -1.8363722859079947 -1.9762312419458714 -2.07764873857451 -2.132008371608806 -2.1578734267356197 -2.1716442465117263 -2.1766191551692042 -2.17782968587942 -2.1760303727057106 -2.1730801811746803 -2.169016808090791 -2.1648584808439226 -2.1599378021987476 -2.155263282258076 -2.1501643837552535 -2.145363436131305 -2.1401616781713138 -2.135549776061729 -2.1300172177700967 -2.125855701251095 -2.119795361711426 -2.116797113179551 -2.1087316728271936 -2.1104700074207363 -2.0955368583373053 -2.0998684332976314 -2.070354262751196 -2.0743262159620937 -2.0285705616970615 -2.0333325164401153 -1.9672835966933941 -1.9733976371223976 -1.8796033061775799 -1.8872381848091553 -1.7633813768818263 -1.7724948197949455 -1.6086022309630892 -1.6184586524161506 -1.4142803365215977 -1.4253424372610681 -1.1815255969522183 -1.1930043278088378 -0.9109498877682649 -0.9213874278118286 -0.6103436454236701 -0.6201681498638616 -0.28443837381126125 -0.29344491897244107 0.06955954805986386 0.06202785857222781 0.44280725511943575 0.4362338642024586 0.84024025208081 0.8356391819936114 1.262289149164814 1.2588285453628456 1.6929440580968125 1.6899040922754656 2.14951903372775 2.147859968005513 2.622873901463376 2.621836101479067 3.087878193887474 3.0879890241104513 3.5944894792873865 3.5948004329187135 4.121213316283449 4.122066670695272 4.651964770512797 4.652889220461884 5.19473968361675 5.196240152704332 5.761001302946691 5.762760843176581 6.316759318362024 6.318372584402278 6.910490627926544 6.913899525711707 7.502262827631388 7.504521749266599 8.08838110889554 8.089568727464671 8.714935973593638 8.716879293950159 9.36226384037125 9.365352393695028 9.973337893137193 9.976013049950636 10.625935891308846 10.629150989798458 10.629396632940278 10.62783307029577 10.611658158208623 10.58895295066719 10.566532396761563 10.54618391691707 10.527453292258667 10.510683365860205 10.48119696354792 10.3879615512876 10.305855549017451 10.267575442514534 10.245783857901396 10.23051735287457 10.214155618344943 10.202831771192278 10.194731532467308 10.193219214477967 10.188259893334743 10.182547643058843 10.17610831202014 10.17245230358606 10.17002955588899 10.163717616116127 10.155592999375502 10.146965599722087 10.139550468849013 10.134430731550239 10.131791775456794 10.131065861999959 10.126711508004814 10.128344902620961 10.125559855699347 10.126106655527362 
# Stellar luminosity-weighted [Mg/Fe]:
0 -1.3877787807814457e-17 2.220446049250313e-16 0.9136138330218031 1.023132467560737 0.903097636911844 0.5386094867926365 0.46150491036719676 -0.21736612720110932 -0.8152752953137751 -0.9135759797714819 -0.8564115867236373 -0.752131490775714 -0.6330907291901902 -0.559719185131959 -0.5317947614367956 -0.523838315659434 -0.5272203130083459 -0.5365061075328397 -0.5484585968194251 -0.5612473279398582 -0.5739943956634551 -0.5863011039660544 -0.59871651497201 -0.6103755647966924 -0.6216245070664086 -0.6324316314574525 -0.6425723723678854 -0.6522605870412488 -0.6620925684575332 -0.6711461580425863 -0.67984997136052 -0.6883617561747202 -0.6961684921255806 -0.7034579438180582 -0.7108142666783033 -0.720086731032342 -0.7269991654140205 -0.7332249381600495 -0.7386934643142615 -0.7443835855039064 -0.74927724809888 -0.7544879819711455 -0.7590995811509326 -0.7639110536085791 -0.7679954836661079 -0.7723326096673985 -0.7762881474726427 -0.7803092000212395 -0.7839500906950091 -0.7877126614450657 -0.7910640537703336 -0.794598661931757 -0.7978823977951212 -0.8013323236294916 -0.8045059417900816 -0.8079255265253333 -0.811198081969948 -0.8147122236501511 -0.8177668710117207 -0.8213045773095182 -0.8244645715933016 -0.8277883672185086 -0.8308634619795741 -0.8341770927566005 -0.8372135989835408 -0.8403877157701309 -0.8434243274192734 -0.8464279670155356 -0.8492938930401098 -0.8523875784278938 -0.8553931384682408 -0.8581287829964517 -0.8607889037408366 -0.863708915238115 -0.8664185257258505 -0.869024184414759 -0.8716321439484844 -0.8744013566791011 -0.8772381086064408 -0.8799285693094431 -0.8823560937891498 -0.8848975477265033 -0.8875401516992593 -0.8898285337641771 -0.892203801418696 -0.8945444061296278 -0.896844663898237 -0.899497722008189 -0.9017163960610709 -0.9040234891298391 -0.906293515267059 -0.9085688710212299 -0.9108338572206273 -0.9131579696067874 -0.9156708973126696 -0.9180318387651213 -0.9201003049870389 -0.9222692369498836 -0.9243686769131915 -0.9265926553121685 -0.9245934923228968 -0.9225657101203679 -0.9204700058550642 -0.9181872464415595 -0.9160003933009861 -0.9140410765276121 -0.9123394419055689 -0.9108496944027737 -0.9084206549592184 -0.9008267429242596 -0.8953962694317561 -0.8934554302584972 -0.893510583897167 -0.8939927178670327 -0.894281803456213 -0.894623578804505 -0.8945073098746598 -0.8946637586704261 -0.8941165749906043 -0.8938586518951233 -0.8927381809414053 -0.8927978723041626 -0.8923127494243311 -0.8924712474042086 -0.8912354863175017 -0.8916511491512162 -0.8913988152376321 -0.8908965487435224 -0.8909540950735414 -0.8922602864357627 -0.8918402520131324 -0.8926826715906392 -0.8932637526135444 -0.8931476031340535 
# Stellar luminosity-weighted [C/Fe]:
0 0.0 0.0 -0.029989958212586987 -0.07895618435311158 -0.08940670344259205 -0.09340398646390435 -0.08785556928502991 -0.6844586047827642 -1.1030440316187222 -1.1718726835969846 -1.1676599884265373 -1.1319889716341243 -1.0824343809790928 -1.0481767788098817 -1.0332361290890224 -1.0277021518940583 -1.0267388460908384 -1.0275208141444083 -1.0287761221314018 -1.0297780590677958 -1.0301341138907254 -1.0297650353153398 -1.0289997827021862 -1.027724874861156 -1.02561699442285 -1.0214843575032906 -1.0142972004806647 -1.0044432996052841 -0.9931731270163408 -0.98036319180017 -0.9654293844098258 -0.9501814521181956 -0.9353213223071919 -0.9209344804735424 -0.9055301246572678 -0.8876792956660814 -0.8712432566438019 -0.8542086828154304 -0.8378312673635561 -0.8203432884591472 -0.8044421262103698 -0.7881233394999201 -0.7726308786409752 -0.7568276536293852 -0.7423060151262212 -0.7274968169868185 -0.7137904090754836 -0.6997703195964795 -0.6868837497154832 -0.6739532896716718 -0.6624940880714438 -0.6511959451230205 -0.6399684164392564 -0.6292236677064245 -0.6192553170525156 -0.6095956729421974 -0.6011643669050719 -0.5929007897497891 -0.585245328421623 -0.5778811211958987 -0.570928436556215 -0.5638995767918147 -0.5575386813438246 -0.5509159224706597 -0.5446395402437114 -0.53854820443891 -0.5334163065684036 -0.5284432520714322 -0.5236965263318338 -0.5191900046894405 -0.5149291874332879 -0.5110430768567782 -0.5074372425553314 -0.5038491797746103 -0.5008566360669213 -0.497746046861745 -0.494703288623515 -0.4918422234723943 -0.48954443892599037 -0.4872999082115368 -0.48525182711839043 -0.483074831850364 -0.48094129875479796 -0.4792141279992196 -0.47744862888069706 -0.4757623743969407 -0.47382175051238395 -0.4720065067418882 -0.47047862901330895 -0.46938730687680574 -0.46831330474958166 -0.4673471671121641 -0.4662879477150615 -0.46514157589956473 -0.46372087780170307 -0.46256332214451434 -0.4616142904051579 -0.46070869914175594 -0.4599356294528898 -0.45908506027142343 -0.46184140794120254 -0.4646467812497984 -0.4674994064908286 -0.47041681405675473 -0.47321975438017105 -0.4758151671418605 -0.47823040863593536 -0.48046535336163493 -0.48450101646062466 -0.4991529101762471 -0.5160876471022493 -0.5265256271278159 -0.5342119993561947 -0.540210865803503 -0.5470024165200038 -0.5522662065087314 -0.556534249208203 -0.5577644005478899 -0.5599376858969811 -0.5626596440012497 -0.5650609839218167 -0.5666772766935437 -0.5673969254614868 -0.569867443331691 -0.5722226466006677 -0.576065049365964 -0.5785666147095198 -0.5805645068924021 -0.582064731807855 -0.5827441093848293 -0.5843081089391055 -0.5844404712097845 -0.5860069458992335 -0.585887307277876 
# Stellar luminosity-weighted [N/O]:
0 0.0 0.0 -1.6039569234049047 -1.90476998443199 -1.7812371945505756 -1.1207178099795936 -0.5092722110204189 -0.05180178174247807 0.1849752274506562 0.24857427084020822 0.18870619856455906 0.08336703574999538 -0.03430964526603164 -0.10450435717543771 -0.130639650198635 -0.13484116515625588 -0.12565123619415164 -0.10757419729864093 -0.08451809974311408 -0.060279764039827044 -0.038170990881500555 -0.019445713760883 -0.0030186237055129794 0.011100653876939703 0.02287192648848857 0.03224235698072775 0.03847790672349005 0.04188008936654164 0.04313895895418185 0.04222285358164812 0.03951455856969577 0.03533469262501843 0.029613137970056713 0.023240151806904863 0.016719451242150463 0.009948689368381114 0.004077604485271613 -0.0008934183561704057 -0.004949335054208803 -0.008353227820849685 -0.010798211856820727 -0.013269159125891883 -0.0149798886673147 -0.017089722965469956 -0.018237038628027724 -0.019305388114738475 -0.020112684045549 -0.020478174547594596 -0.02088650706741635 -0.02147753867067803 -0.02207728291313138 -0.02244205157697754 -0.022917270722099037 -0.023054296552427078 -0.023361110230559756 -0.023417554146716202 -0.023331286519813976 -0.023323928487850476 -0.02319623622226552 -0.023167433181491837 -0.02329647015804459 -0.018928989484156 -0.015506656899789029 -0.015414567761523279 -0.01566647778121677 -0.015822222943441377 -0.016207108814081383 -0.016409131405883626 -0.016435350320360698 -0.016254677260586048 -0.016127442624728316 -0.016238981544835607 -0.01598023856349906 -0.015934003378691886 -0.015914018047854972 -0.01542733113819128 -0.01510455732118332 -0.015016895945771047 -0.014842062048160298 -0.012010023231545541 -0.01193010754106505 -0.011647956254267733 -0.011386078028446156 -0.011285451064670271 -0.011080747869863683 -0.01093239162732762 -0.010754910177667165 -0.010190329009818089 -0.010117267404585517 -0.009938429902193402 -0.009915994218608337 -0.009803434246612452 -0.009250078194060762 -0.008807784971349597 -0.008618113933807736 -0.00827951554192441 -0.007965398308718008 -0.00783799052141776 -0.0072774964347094295 -0.006314758278519683 -0.005063082899249616 -0.0037692323379208137 -0.0025110383402993097 -0.0014204755573674621 -0.000414280596476968 0.0005497390965331084 0.0015202451389549898 0.002480416529404006 0.004405147680392241 0.01175978735896499 0.022378777563155317 0.029711603402110542 0.03640721043720896 0.0418963743775852 0.04775833024303566 0.05233945169018428 0.0556240910830631 0.05677373676844233 0.057873485137367675 0.05967659795634961 0.0604522056610548 0.06174198006407394 0.06179592920993393 0.06383272969961362 0.06433216789401397 0.06752136778683893 0.06906689723489146 0.06999144934892854 0.07111442856162986 0.07287681798834189 0.07355662451818201 0.0744914161188579 0.07612530031386866 0.07597575228350961 
# Stellar luminosity-weighted [C/O]:
0 0.0 -1.1102230246251565e-16 -1.162038463843081 -1.3105548146543444 -1.184596005484357 -0.7406775034344115 -0.6454461263592822 -0.5612065148294404 -0.39780373025368376 -0.3879947097562332 -0.4537566608579783 -0.5291643558354707 -0.602720252942082 -0.6431363332770442 -0.6577391544148276 -0.6603575149490215 -0.6562901188568478 -0.6480723026118702 -0.6374557901846534 -0.625604458683812 -0.6131157371298079 -0.6004436323504079 -0.5872295819516954 -0.5740105272889878 -0.5607914507230295 -0.5457691583682032 -0.5282361748032428 -0.5085326273822411 -0.4874567876752638 -0.46539489285665103 -0.44157043751116 -0.4176661627044129 -0.3947911451580992 -0.3728920213449307 -0.349843530489946 -0.32223661253401326 -0.29854621938700654 -0.2747974702641791 -0.2524221972495998 -0.22868710413136045 -0.20702703290530444 -0.1850819854683043 -0.16398211313628336 -0.14280565414897578 -0.122976184965713 -0.10301775531488899 -0.08450783672364348 -0.06536281464279459 -0.048115701153240764 -0.03054883355737875 -0.014789096404153323 0.0009764546907055638 0.016199832281621085 0.031235347371601385 0.045214996266762036 0.05896323913122717 0.07125199545271901 0.08334569662154273 0.09465796962443287 0.10562807606137067 0.11598829824205101 0.12660514512816556 0.13630297023363475 0.14644066855876392 0.15593728176065041 0.16531968423011614 0.17363282281057035 0.18161756382962244 0.1894685150494133 0.1971067987110404 0.2045098345207374 0.21112763832970036 0.21746596835714183 0.22402890199782877 0.2297572823032038 0.23556967056415284 0.2412419296345831 0.24688298563399655 0.2519220189798427 0.2567176788402532 0.2612184892587845 0.2658601649366152 0.27060516394364986 0.27483276076628915 0.27897404621024113 0.2829845911367651 0.2873025389675426 0.2917287764760348 0.2954794966251939 0.2987670790786281 0.30194731707446526 0.30499319048449136 0.3081768991698075 0.31140659580636937 0.3152528193283349 0.3187006451175667 0.3215849367237204 0.3243785091360126 0.3269739909590174 0.32974833766522416 0.32489778754172854 0.31998935570767884 0.31497671418905004 0.30971301473630464 0.30467094696852237 0.3000716696320363 0.29591757579483385 0.292156813840334 0.285634276755055 0.2630790719542366 0.2403790277921431 0.22779164198586868 0.22006973172865044 0.21447635843175347 0.20784807859501916 0.20283472516521253 0.19834978401637393 0.19726739695730783 0.19446142444946074 0.19141919855097408 0.1877936044768053 0.1861942893461479 0.18494362460223876 0.18260111839199386 0.17888365910582055 0.17537426477342322 0.17253334273785054 0.1699350105443523 0.16842494299678407 0.16912089948572046 0.1670447282756526 0.1678072097286843 0.16677447541426121 0.1667844414370972 
# Stellar luminosity-weighted [O/Fe]:
0 0.0 0.0 1.132048505630494 1.231598630301233 1.095189302041765 0.6472735169705071 0.5575905570742523 -0.12325208995332382 -0.7052403013650383 -0.7838779738407513 -0.7139033275685589 -0.6028246157986535 -0.47971412803701086 -0.40504044553283747 -0.37549697467419496 -0.36734463694503683 -0.3704487272339906 -0.3794485115325381 -0.3913203319467483 -0.40417360038398376 -0.41701837676091746 -0.4293214029649318 -0.44177020075049067 -0.453714347572168 -0.46482554369982043 -0.47571519913508753 -0.48606102567742204 -0.4959106722230431 -0.5057163393410771 -0.5149682989435189 -0.523858946898666 -0.5325152894137826 -0.5405301771490927 -0.5480424591286117 -0.5556865941673217 -0.5654426831320681 -0.5726970372567952 -0.5794112125512513 -0.5854090701139562 -0.5916561843277867 -0.5974150933050655 -0.6030413540316159 -0.6086487655046918 -0.6140219994804094 -0.6193298301605081 -0.6244790616719295 -0.6292825723518402 -0.6344075049536849 -0.6387680485622425 -0.6434044561142932 -0.6477049916672906 -0.652172399813726 -0.6561682487208774 -0.6604590150780261 -0.6644703133192776 -0.6685589120734245 -0.6724163623577909 -0.6762464863713319 -0.6799032980460559 -0.6835091972572697 -0.6869167347982659 -0.6905047219199802 -0.6938416515774594 -0.6973565910294236 -0.700576822004362 -0.7038678886690262 -0.7070491293789738 -0.7100608159010544 -0.7131650413812473 -0.7162968034004809 -0.7194390219540254 -0.7221707151864785 -0.7249032109124732 -0.7278780817724391 -0.730613918370125 -0.7333157174258977 -0.7359452182580981 -0.7387252091063907 -0.7414664579058331 -0.74401758705179 -0.7464703163771749 -0.7489349967869792 -0.7515464626984478 -0.7540468887655086 -0.7564226750909382 -0.7587469655337059 -0.7611242894799264 -0.7637352832179229 -0.7659581256385029 -0.7681543859554338 -0.7702606218240469 -0.7723403575966555 -0.774464846884869 -0.7765481717059342 -0.7789736971300378 -0.781263967262081 -0.7831992271288781 -0.7850872082777687 -0.7869096204119073 -0.7888333979366475 -0.7867391954829313 -0.7846361369574772 -0.7824761206798787 -0.7801298287930594 -0.7778907013486933 -0.7758868367738969 -0.7741479844307693 -0.772622167201969 -0.7701352932156796 -0.7622319821304837 -0.7564666748943923 -0.7543172691136848 -0.7542817310848452 -0.7546872242352565 -0.7548504951150228 -0.7551009316739439 -0.754884033224577 -0.7550317975051979 -0.754399110346442 -0.7540788425522238 -0.752854588398622 -0.7528715660396916 -0.7523405500637255 -0.7524685617236848 -0.7511063057064883 -0.7514393141393874 -0.7510999574473702 -0.7504995174367544 -0.7504896748046391 -0.7518650088705499 -0.751352837214758 -0.7522476809384686 -0.7527814213134947 -0.7526717487149732 
# Stellar luminosity-weighted [Ca/Fe]:
0 0.0 2.220446049250313e-16 0.6391549707958678 0.7528344197274097 0.641434304380478 0.31616778150683833 0.2612089528094479 -0.04088363415873997 -0.13485415361964326 -0.1412704569151615 -0.13644431829850157 -0.12636624100276772 -0.11230195682415145 -0.10168997630416099 -0.09707561205512127 -0.09589467210771163 -0.09649078647452258 -0.09795122532043554 -0.09981845782177623 -0.10184081387321164 -0.10374346349928132 -0.10554455597493506 -0.10733191675009968 -0.10897769149221803 -0.11051966980944061 -0.11197591483489111 -0.11334153094167543 -0.11460280441956239 -0.11579949211487595 -0.11693940299274419 -0.11800935020927295 -0.11904204009693031 -0.1199797395249953 -0.12085928248857414 -0.12171432141697092 -0.12276332066804607 -0.1234881165971009 -0.12419087345859414 -0.12496929146499713 -0.1255742713139265 -0.12620862383578846 -0.12680094100290717 -0.12734960999928746 -0.1279329669268845 -0.12843363222329174 -0.12893361017996496 -0.12940464908504423 -0.1298716641394917 -0.1303127638274797 -0.13076387719466642 -0.13117008560821275 -0.1315876055710823 -0.13196701760043328 -0.13235227344235412 -0.13271268713237272 -0.13307902366882507 -0.13341831017633776 -0.13375319863450197 -0.13406826289803342 -0.1343961522746877 -0.13469112736719846 -0.13500216817849742 -0.13528468029462304 -0.13558276892254617 -0.13585395855202997 -0.1361262622541899 -0.13639676637465348 -0.1366321777154771 -0.13688008318848266 -0.13713409439208202 -0.13738814933348475 -0.13761241302869598 -0.1378305147834522 -0.13807976951734702 -0.13828526859757884 -0.13849691813405074 -0.13869820061131044 -0.1389114952933781 -0.13912187260159148 -0.1393163085634892 -0.13950219341100434 -0.13968613704945287 -0.13988543747015236 -0.14007791472267028 -0.14025740679855025 -0.14042741700318762 -0.14059342233830296 -0.1407990845624838 -0.14095235672727524 -0.1411131400336756 -0.14126702974740346 -0.14141722813094604 -0.14156726034437983 -0.14171593920345016 -0.14188266523790038 -0.14204705062334155 -0.14217890947896317 -0.14231628514307082 -0.1424429919603789 -0.14258349582420315 -0.14243720523041836 -0.1422893498230382 -0.1421368746220426 -0.14197048112506816 -0.14181067190612673 -0.14166680921026642 -0.1415412767689257 -0.14143071512741145 -0.14124921692611103 -0.14066636652047215 -0.14022987234843032 -0.14006263922434936 -0.14005338817299773 -0.14007876451282297 -0.1400862436652195 -0.14010096336870448 -0.1400819713460093 -0.14009177947541995 -0.14004378327459177 -0.14001793576433297 -0.13992541337076236 -0.13992567324640648 -0.13988588883558362 -0.13989330599362115 -0.13979076236935728 -0.13981328411161953 -0.13978693470295145 -0.13974145655714465 -0.1397402104181691 -0.13984199545251785 -0.13980368110728647 -0.13986978724860388 -0.1399091296602235 -0.13990103999555892 
# Stellar luminosity-weighted [Ne/Fe]:
0 -1.6653345369377348e-16 0.0 0.9786529061282343 0.9851163708054678 0.8701776520485036 0.5765861820109841 0.46137345833977594 -0.22610533886308634 -0.8699000530237846 -0.990272620858819 -0.9278630643342705 -0.8093180363461858 -0.6782081548138646 -0.5991860082731439 -0.56883760605886 -0.5608773272473233 -0.56490147914858 -0.5748638583735151 -0.5878277089172474 -0.6017913896812023 -0.6157348779097906 -0.6292161303128406 -0.6427849041336153 -0.6554782666942014 -0.6678022988923604 -0.6797083148213077 -0.6909729329089316 -0.7019995663800296 -0.7124272540124872 -0.7224300157617444 -0.7321340952394979 -0.7416853923049562 -0.7505825159199035 -0.7589741082288535 -0.7672192232207657 -0.7777547768235777 -0.7858456790922481 -0.7932872580980013 -0.7999931451102376 -0.806999201430875 -0.8131728434541381 -0.8196305316434481 -0.8256541687635117 -0.8319069570935682 -0.8373682310346254 -0.8432262476463253 -0.848524141221739 -0.8540203205753751 -0.8590544719822054 -0.8643014088630586 -0.8690781433095474 -0.8740583638907478 -0.8786734430060525 -0.8833529712317612 -0.8878392654139446 -0.8923718003580449 -0.8966799639052991 -0.9009501741837809 -0.9050021061857139 -0.9091464795997581 -0.9131369981454389 -0.9168953897444452 -0.9206727585561028 -0.9246987512260926 -0.9283156946492828 -0.9320686700611603 -0.9356183985451447 -0.9391028635136857 -0.9425677771190837 -0.9459710626931246 -0.9495491967282262 -0.9528064569927923 -0.9558933867892524 -0.9592853155230583 -0.9624402439381827 -0.9655353465580545 -0.9685798642439815 -0.9716810862656086 -0.9750530269296296 -0.9781224835760906 -0.9808742529068879 -0.9837106292359048 -0.9865975198227509 -0.9895920828401293 -0.9923043401620742 -0.9950885280150628 -0.9978752095030177 -1.0010208177739477 -1.0035708688023937 -1.0061586757094414 -1.0086886741794399 -1.0111320622972975 -1.013622203085954 -1.0160814092009538 -1.0189382710938302 -1.0216048115555167 -1.0240111549084623 -1.0263257498151162 -1.02849950771569 -1.0307691605034526 -1.0282697279432678 -1.0257550215921234 -1.0231823437467429 -1.020418430862959 -1.0177677243869498 -1.015388457492595 -1.0133181258862498 -1.0115035783953172 -1.0085354020026949 -0.9991826784659601 -0.9922784696369527 -0.9896682270403737 -0.9895249701422241 -0.9899461454944388 -0.9901043707720222 -0.9903509279637244 -0.9900682313327751 -0.99021785182717 -0.9894848124092315 -0.9890802146890764 -0.9876258574684634 -0.9876487335835412 -0.9870315620794504 -0.9871379739539474 -0.9855576904922961 -0.9859392347682577 -0.9855631269048353 -0.9848905755163672 -0.9849031160622843 -0.9864840614043399 -0.9859293678614598 -0.9869463505820235 -0.9876048392160027 -0.9874737791917313 
# Stellar luminosity-weighted [Si/Fe]:
0 1.0408340855860843e-16 1.0408340855860843e-16 0.9431800878125064 1.0834145388949503 0.9675718165362062 0.6118177187577923 0.5502577324622872 0.06896167325801819 -0.1467604161201973 -0.1656962889258257 -0.15414259506767242 -0.12962855863617667 -0.09590156669536545 -0.0717772796454262 -0.060968325849492376 -0.0588791763007315 -0.06036762389218489 -0.06360083471731945 -0.06783045946975065 -0.07230792240255819 -0.07668775055667008 -0.0808396879891063 -0.08493890080717781 -0.08874627602486862 -0.09233339114113735 -0.0957048958426432 -0.09886836985115513 -0.10185846403324447 -0.10474778512782393 -0.1074039087548552 -0.10996838845958552 -0.112422970080381 -0.11467833008717572 -0.11677209216404097 -0.11882123558919372 -0.12137622896654383 -0.12324393966999185 -0.12502099318853233 -0.12659220014849365 -0.12827623752436362 -0.1297171900954736 -0.13113961260733575 -0.13251410867110813 -0.1339120531321772 -0.13515977648042773 -0.1363267357818869 -0.13750404886656614 -0.13867483594486096 -0.13976309196380102 -0.14088022020256477 -0.1418893273731634 -0.14292322359270326 -0.14387328861509474 -0.14481823048887313 -0.14571932052474848 -0.14663401836587997 -0.1474712183435908 -0.14833630020476682 -0.1491066884019267 -0.14993362847782762 -0.15068041606969138 -0.1514554313503456 -0.15216554113142908 -0.15291604651106538 -0.15359983835062616 -0.15429120540126387 -0.15495520905961588 -0.15557807676770014 -0.15620732211659422 -0.15684889946319622 -0.15749841028691355 -0.1580667562020047 -0.15861670620381424 -0.1592141597229889 -0.1597738824108063 -0.16031151883821396 -0.16083326429799183 -0.16138173367704886 -0.16192805120634715 -0.16240661454561778 -0.16284550226555533 -0.1633542244050918 -0.1638714078539586 -0.16435546456038244 -0.1648214793707571 -0.16526004263045202 -0.1656999324132411 -0.16619188162700851 -0.1665976003311591 -0.16699681723094295 -0.16741603270391042 -0.1677936510505909 -0.16818614629091125 -0.1685744047934743 -0.16900451920617449 -0.16941109504503918 -0.16977973606944455 -0.1701242108939649 -0.1704595655046675 -0.170824045502199 -0.1704442801786942 -0.17006053495047294 -0.16966528171493114 -0.16923496678329814 -0.1688216069375784 -0.1684491927584391 -0.16812405813883982 -0.16783771388291432 -0.16736739437386744 -0.16586080436497952 -0.16472891321092795 -0.1642931944940484 -0.16426325819374651 -0.1643245743273108 -0.16434060787963817 -0.1643749593612355 -0.16432401064432403 -0.16434788015322402 -0.1642246491775451 -0.16415636665170288 -0.16391753461281136 -0.1639181316453122 -0.1638161191383058 -0.1638324716555675 -0.1635695130926772 -0.16362597580175117 -0.16355865323426014 -0.16344306087744445 -0.16344072779297264 -0.16369996360660005 -0.1636036236976148 -0.1637716022911056 -0.16387372332164693 -0.16385287980710492 
# Stellar luminosity-weighted [S/Fe]:
0 5.551115123125783e-17 2.7755575615628914e-16 0.8668913037956725 0.9989662801162476 0.888585359892356 0.5604825840956142 0.4963587541477463 0.03337786911377688 -0.1657936710401955 -0.18321113888987817 -0.17529842001782692 -0.152846479872492 -0.1227113710983011 -0.1011130484388873 -0.09208818728813817 -0.08954978259291596 -0.0907059955229127 -0.09376390862700434 -0.09762320370962413 -0.10165121976393782 -0.10560118572938865 -0.10935091132593644 -0.11305259587366517 -0.11645345142727603 -0.11967228922867063 -0.12271296328674886 -0.12557234095739989 -0.1282276406300139 -0.13076181130022424 -0.13316131349789795 -0.13543422242266812 -0.1376169886065407 -0.1396128279229073 -0.14148964818037124 -0.14331608437517995 -0.14557218687218698 -0.1472271594785065 -0.14885309409277836 -0.15020155012011416 -0.15170410765347364 -0.15299371865572586 -0.1542559266911666 -0.15545344937163752 -0.15673452703944535 -0.15780768117679056 -0.158897455584752 -0.15991622278438722 -0.16094850317660336 -0.16190707179021024 -0.16289961312613643 -0.16378576825274482 -0.16469929683317386 -0.1655474374389977 -0.16637386929845022 -0.16717461680160217 -0.1679772875208182 -0.16872689510989913 -0.1694683200396011 -0.17016576578971188 -0.17088505256140019 -0.1715396582674492 -0.17223163370855654 -0.17284679576462691 -0.17351379222821084 -0.17411174418244024 -0.174721532524856 -0.17531484390328622 -0.1758514893166654 -0.17640246204594956 -0.17696630320940343 -0.17753686347228803 -0.17803054280144748 -0.1785178601704165 -0.17904729405545183 -0.17953605311257415 -0.1800088214749912 -0.18046643564523424 -0.18094574876411307 -0.18141255757470176 -0.18184147036571352 -0.18225442255352498 -0.1826771024839784 -0.18311942519336277 -0.18354919046169949 -0.18393726751055817 -0.1843389693540094 -0.18472737321056876 -0.18517317768485697 -0.18552184354279577 -0.18588833252798298 -0.18623254443601156 -0.18656972071981393 -0.18690245578282172 -0.18724948036441658 -0.18762181217042484 -0.18797693611089716 -0.18829371878528678 -0.18860309681380627 -0.18889485170545162 -0.1892024470759881 -0.18886934450077364 -0.1885324271104294 -0.18818554551856126 -0.187809167408444 -0.1874473313681546 -0.18712105819787173 -0.18683609797409362 -0.18658506998368407 -0.18617258837081663 -0.18485108636094738 -0.18385512353790534 -0.18347054817832686 -0.18344225762743738 -0.18349490938435153 -0.18350817597540503 -0.18353699914237243 -0.18349115973104435 -0.18351151088936912 -0.1834032030233338 -0.18334232694338215 -0.1831317494289315 -0.183132512536477 -0.1830429204765025 -0.18305640157069736 -0.18282537501144236 -0.18287497383268458 -0.18281628405794992 -0.18271510244632438 -0.18271357821337186 -0.18294112335957569 -0.18285710013352452 -0.18300435155615147 -0.1830947231319957 -0.18307632841131927 
# Stellar luminosity-weighted [C/H]:
0 -4.9791385835879804 -6.6377553717102895 -6.176540219315154 -3.7176729672581867 -2.8970620107693774 -2.5835488504631714 -2.518857045008433 -2.5270053435681854 -2.4424235321905243 -2.5194138257633805 -2.6483520808974212 -2.765902072971002 -2.8667511939925285 -2.9231031975831376 -2.946098108976927 -2.953797822689527 -2.952714557067603 -2.9462815032397467 -2.9366590058482602 -2.925270246353585 -2.9128709992038297 -2.8999093561047866 -2.886258528169983 -2.8726302080891584 -2.8584540227124338 -2.842592340725372 -2.8241006136399527 -2.803396660276138 -2.7814425729921357 -2.7584259200167116 -2.7335823922090876 -2.7085407827240866 -2.684485818008832 -2.661404673786606 -2.6373342557865973 -2.608518859735061 -2.5836522149787395 -2.5587071581590823 -2.5351770134548666 -2.5101998641752186 -2.487628670613347 -2.4644293513563653 -2.442435385912175 -2.419854941565716 -2.3993124028841937 -2.3781705486362616 -2.3586532313742623 -2.3385809294797966 -2.3201325994838182 -2.301372493076075 -2.284644656406293 -2.2678707273958807 -2.251524678625679 -2.2355803952182134 -2.220612399828223 -2.205866861528027 -2.192639273431997 -2.1795379410291327 -2.167370676928857 -2.155435009516448 -2.144091576950612 -2.1325560479633543 -2.122010388447549 -2.1108550906134047 -2.1003823756354816 -2.0901007978677395 -2.0810454348544196 -2.0720601312604785 -2.06339543990153 -2.055020491314199 -2.0467868061030057 -2.0391872283544794 -2.032023803060503 -2.0247299694875656 -2.018249920623979 -2.011535191390071 -2.0048994844723955 -1.998495010141828 -1.9928124621840615 -1.987274745502928 -1.981963448842457 -1.976379373652474 -1.9708589894225765 -1.9659782523935858 -1.9611311437253809 -1.956314743565705 -1.9511356626433045 -1.946093276235798 -1.9415441555038546 -1.9377024989694362 -1.9337764326973907 -1.9299448692071852 -1.925944637005502 -1.9219619552710725 -1.9174973392770545 -1.9135597827121602 -1.9099887266709645 -1.9064482284430424 -1.9030774794563312 -1.8995149920056482 -1.9047690705842593 -1.9102481278246852 -1.9158867344414503 -1.9216795983639843 -1.9271320765452922 -1.9320291482617833 -1.9364157500931345 -1.9403717032777728 -1.947511132485456 -1.9711437158909355 -1.9934271040107774 -2.004814930877715 -2.01136950983076 -2.016151576399089 -2.021600497770633 -2.025653640315701 -2.0295378054592614 -2.0302485001521315 -2.033067472707037 -2.0358079625672723 -2.0391580424602447 -2.0407767111802633 -2.0420273265546287 -2.044040757297509 -2.047814561314457 -2.0511254959368213 -2.0542276990529658 -2.057218183144628 -2.058917021716341 -2.057846003098101 -2.060266550176319 -2.0592235708152717 -2.060333478508337 -2.060311489219174 
# Stellar luminosity-weighted [N/H]:
0 -4.979138583587979 -6.637755371710288 -6.618458678876976 -4.311888137035833 -3.493703199835595 -2.963589157008353 -2.3826831296695703 -2.0176006104812236 -1.8596445744861851 -1.8828448451669395 -2.0058892214748845 -2.1533706813855362 -2.2983405863164785 -2.3844712214815305 -2.418998604760735 -2.428281472896761 -2.4220756744049075 -2.405783397926518 -2.3837213154067207 -2.3599455517096004 -2.337926252955522 -2.3189114375152613 -2.3020475699238006 -2.2875190269232313 -2.2747906455009153 -2.2645808253764415 -2.2573865321132196 -2.2529839435273553 -2.2508468263626895 -2.250808173578413 -2.2524973961282324 -2.255539927394655 -2.2600815348806753 -2.2652725006347705 -2.2707712740545016 -2.2763335578326664 -2.28102839110646 -2.2848031062510747 -2.287704151259476 -2.289865987864708 -2.291399849564864 -2.292616525013953 -2.2934331614432066 -2.29413901038221 -2.294573256546509 -2.2944581814361102 -2.294258078696168 -2.293696289384597 -2.292903405397994 -2.2923011981893744 -2.291932842915271 -2.291289233663563 -2.2906417816293994 -2.289870039142242 -2.2891885063255444 -2.2882476548059705 -2.287222555404531 -2.2862075661385255 -2.285224882775556 -2.28423051875931 -2.2833763453507077 -2.278090182575676 -2.2738200155809736 -2.2727103269336917 -2.2719861351773485 -2.2712427050412973 -2.270885366479071 -2.2700868264959846 -2.2692993052713044 -2.2683819672858254 -2.267424083248472 -2.266553848229015 -2.2654700099811445 -2.264692874864086 -2.2639212209750372 -2.262532193092415 -2.2612459714281625 -2.260394891721595 -2.259576543212064 -2.256002447574727 -2.2551120456423064 -2.253887494843357 -2.2528502313946728 -2.252096464224546 -2.2511859378054853 -2.2502317263297984 -2.2491931117885136 -2.248012381721651 -2.247140919533633 -2.246408007950258 -2.2456397439904654 -2.244741493938289 -2.2433716143693694 -2.242176336048792 -2.241368272539197 -2.240539943371652 -2.239539061703404 -2.2386647281004723 -2.2373289668500576 -2.235578087949393 -2.234729941025237 -2.2340067158702848 -2.233374486970799 -2.2328130886576556 -2.232217304110291 -2.2315510787972874 -2.230813080749013 -2.2300481005887027 -2.2287402615601186 -2.222463000486208 -2.211427354239765 -2.2028949694614726 -2.195032031122202 -2.188731560453258 -2.181690246122616 -2.176148913790729 -2.1722634983925726 -2.170742160340997 -2.1696554120191296 -2.167550563161896 -2.1664994412759953 -2.165229020462337 -2.1651750219469337 -2.162809145989889 -2.162366052526264 -2.158978392923406 -2.157694144555925 -2.157161744340052 -2.156227536151495 -2.154090084595479 -2.153754653933789 -2.152539364425097 -2.1509826536087298 -2.1511201783727607 
# Stellar luminosity-weighted [O/H]:
0 -4.979138583587979 -6.637755371710288 -5.014501755472072 -2.407118152603842 -1.7124660052850205 -1.84287134702876 -1.8734109186491512 -1.9657988287387447 -2.0446198019368405 -2.131419116007147 -2.194595420039443 -2.236737717135532 -2.2640309410504464 -2.2799668643060933 -2.2883589545621 -2.2934403077405054 -2.296424438210755 -2.298209200627877 -2.2992032156636073 -2.299665787669774 -2.2997552620740205 -2.2994657237543787 -2.2990289462182876 -2.2986196808001704 -2.297662571989404 -2.296823182357169 -2.29586443883671 -2.294864032893897 -2.2939857853168713 -2.29303102716006 -2.2920119546979274 -2.2908746200196735 -2.2896946728507315 -2.2885126524416757 -2.287490725296652 -2.286282247201049 -2.2851059955917323 -2.283909687894904 -2.2827548162052667 -2.2815127600438583 -2.2806016377080427 -2.2793473658880608 -2.2784532727758924 -2.27704928741674 -2.276336217918481 -2.2751527933213724 -2.2741453946506196 -2.273218114837002 -2.272016898330577 -2.2708236595186966 -2.2698555600021395 -2.2688471820865868 -2.2677245109073008 -2.2668157425898148 -2.265827396094985 -2.264830100659254 -2.2638912688847164 -2.262883637650675 -2.262028646553291 -2.2610630855778178 -2.2600798751926625 -2.2591611930915203 -2.2583133586811845 -2.257295759172168 -2.2563196573961317 -2.255420482097856 -2.25467825766499 -2.2536776950901016 -2.252863954950943 -2.252127290025239 -2.2512966406237434 -2.25031486668418 -2.249489771417646 -2.2487588714853937 -2.248007202927183 -2.2471048619542238 -2.2461414141069795 -2.245377995775824 -2.2447344811639036 -2.2439924243431815 -2.243181938101242 -2.2422395385890894 -2.241464153366227 -2.240811013159875 -2.2401051899356226 -2.23929933470247 -2.2384382016108466 -2.2378220527118318 -2.2370236521290474 -2.236469578048064 -2.2357237497718563 -2.234938059691676 -2.2341215361753095 -2.233368551077442 -2.2327501586053886 -2.2322604278297273 -2.231573663394686 -2.230826737579055 -2.230051470415348 -2.2292633296708724 -2.229666858125987 -2.230237483532364 -2.2308634486305 -2.2313926131002884 -2.231803023513814 -2.23210081789382 -2.2323333258879687 -2.232528517118107 -2.2331454092405103 -2.234222787845172 -2.233806131802921 -2.2326065728635838 -2.2314392415594115 -2.230627934830842 -2.2294485763656526 -2.2284883654809144 -2.2278875894756354 -2.2275158971094395 -2.227528897156498 -2.227227161118246 -2.2269516469370503 -2.2269710005264116 -2.2269709511568676 -2.226641875689503 -2.2266982204202774 -2.2264997607102446 -2.226761041790816 -2.227153193688981 -2.2273419647131254 -2.226966902583821 -2.227311278451972 -2.2270307805439558 -2.227107953922598 -2.2270959306562705 
# Stellar luminosity-weighted [Mg/H]:
0 -4.979138583587979 -6.6377553717102895 -5.232936428080762 -2.6155843153443383 -1.9045576704149418 -1.9515353772066302 -1.9694965653562067 -2.0599128659865302 -2.154654795885577 -2.261117121937878 -2.337103679194521 -2.386044592112593 -2.417407542203626 -2.4346456039052136 -2.4446567413247005 -2.4499339864549032 -2.45319602398511 -2.4552667966281785 -2.4563414805362838 -2.4567395152256486 -2.456731280976559 -2.4564454247555005 -2.455975260439807 -2.4552808980246947 -2.4544615353559918 -2.453539614679534 -2.452375785527173 -2.4512139477121027 -2.4503620144333276 -2.449208886259128 -2.4480029791597824 -2.4467210867806104 -2.4453329878272196 -2.443928137131122 -2.4426183978076335 -2.440926295101322 -2.439408123748958 -2.4377234135037025 -2.436039210405572 -2.4342401612199778 -2.4324637925018573 -2.4307939938275913 -2.428904088422133 -2.4269383415449104 -2.4250018714240813 -2.4230063413168414 -2.421150969771422 -2.419119809904557 -2.4171989404633436 -2.415131864849469 -2.4132146221051824 -2.4112734442046166 -2.409438659981544 -2.407689051141281 -2.4058630245657886 -2.404196715111163 -2.4026729884968736 -2.4013493749294943 -2.3998922195189554 -2.3988584656300667 -2.397627711987699 -2.3964448383900487 -2.3953351690832987 -2.394116260899345 -2.3929564343753107 -2.3919403091989606 -2.391053455705289 -2.3900448462045816 -2.3889928066098056 -2.3882180650526523 -2.3872507571379593 -2.386272934494153 -2.3853754642460085 -2.38458970495107 -2.383811810282908 -2.3828133289430857 -2.381828339797366 -2.3810541433485346 -2.3805061318645118 -2.3799034066008344 -2.3790677155132176 -2.378202089528613 -2.377457842367038 -2.376592658158544 -2.3758863162633803 -2.3750967752983927 -2.3741585760291573 -2.3735844915020987 -2.3727819225516162 -2.3723386812224696 -2.3717566432148685 -2.371166573116251 -2.370490546511067 -2.369978348978295 -2.3694473587880216 -2.3690282993327676 -2.3684747412528457 -2.3680087662511697 -2.3675105269166323 -2.3670225870463932 -2.367521154965953 -2.3681670566952544 -2.3688573338056855 -2.369450030748788 -2.369912715466106 -2.370255057647535 -2.370524783362768 -2.3707560443189113 -2.371430770984049 -2.372817548638948 -2.3727357263402844 -2.371744734008397 -2.370668094371733 -2.369933428462619 -2.3688798847068426 -2.3680110126114746 -2.367510866125718 -2.3671478582746683 -2.3672463618006594 -2.367006970461145 -2.3668352394798333 -2.3668973067908823 -2.3669431505174723 -2.366644561370026 -2.3668274010312915 -2.366711595722074 -2.3670598995810783 -2.3675502249957487 -2.3678063849820274 -2.3673621801490343 -2.3677986932503465 -2.367465771196126 -2.367590285222648 -2.3675717850753513 
# Stellar luminosity-weighted [Fe/H]:
0 -4.979138583587979 -6.6377553717102895 -6.146550261102567 -3.6387167829050746 -2.807655307326785 -2.4901448639992667 -2.431001475723403 -1.8425467387854209 -1.3393795005718019 -1.3475411421663956 -1.4806920924708837 -1.6339131013368782 -1.7843168130134357 -1.8749264187732555 -1.9128619798879045 -1.9260956707954682 -1.9259757109767648 -1.9187606890953388 -1.9078828837168578 -1.8954921872857895 -1.8827368853131041 -1.8701443207894473 -1.8572587454677967 -1.8449053332280023 -1.8328370282895836 -1.8211079832220811 -1.8098034131592877 -1.798953360670854 -1.7882694459757946 -1.7780627282165424 -1.7681530077992624 -1.7583593306058907 -1.7491644957016392 -1.7404701933130635 -1.73180413112933 -1.7208395640689798 -1.7124089583349376 -1.7044984753436525 -1.6973457460913108 -1.689856575716071 -1.683186544402977 -1.676306011856445 -1.6698045072711993 -1.6630272879363304 -1.6570063877579724 -1.6506737316494426 -1.6448628222987791 -1.6388106098833184 -1.6332488497683348 -1.6274192034044042 -1.622150568334849 -1.6166747822728604 -1.611556262186423 -1.6063567275117885 -1.6013570827757073 -1.5962711885858294 -1.5914749065269262 -1.5866371512793433 -1.5821253485072342 -1.5775538883205495 -1.5731631403943975 -1.5686564711715398 -1.564471707103725 -1.559939168142745 -1.5557428353917695 -1.5515525934288297 -1.5476291282860162 -1.543616879189047 -1.539698913569696 -1.535830486624758 -1.5318576186697186 -1.5281441514977008 -1.5245865605051723 -1.5208807897129546 -1.5173932845570572 -1.5137891445283262 -1.5101961958488808 -1.5066527866694335 -1.5032680232580704 -1.4999748372913917 -1.4967116217240672 -1.49330454180211 -1.4899176906677791 -1.4867641243943668 -1.4836825148446842 -1.4805523691687643 -1.4773139121309207 -1.4740867694939093 -1.4710655264905457 -1.4683151920926303 -1.4654631279478094 -1.462597702095021 -1.4596566892904397 -1.456820379371508 -1.4537764614753517 -1.450996460567647 -1.4483744362658078 -1.445739529301286 -1.4431418500034408 -1.4404299317342248 -1.442927662643056 -1.445601346574887 -1.4483873279506216 -1.4512627843072297 -1.4539123221651202 -1.456213981119923 -1.4581853414571988 -1.459906349916138 -1.4630101160248312 -1.4719908057146895 -1.4773394569085285 -1.4782893037498992 -1.4771575104745658 -1.4759407105955864 -1.4745980812506296 -1.4733874338069697 -1.473003556251058 -1.472484099604241 -1.4731297868100555 -1.4731483185660217 -1.4740970585384288 -1.4740994344867193 -1.4746304010931413 -1.4741733139658173 -1.4755919147137897 -1.4750604465708568 -1.4756610843434457 -1.4766536762522264 -1.4768522899084866 -1.4751018937132718 -1.4759584412372133 -1.474783099605487 -1.474326532609104 -1.4744241819412975 
# Stellar luminosity-weighted [Ca/H]:
0 -4.979138583587979 -6.6377553717102895 -5.5073952903066985 -2.885882363177666 -2.1662210029463074 -2.1739770824924287 -2.169792522913956 -1.8834303729441606 -1.474233654191445 -1.4888115990815578 -1.617136410769386 -1.760279342339647 -1.8966187698375876 -1.976616395077416 -2.009937591943026 -2.0219903429031802 -2.022466497451286 -2.016711914415775 -2.0077013415386356 -1.9973330011590011 -1.9864803488123854 -1.975688876764381 -1.9645906622178968 -1.9538830247202208 -1.9433566980990244 -1.9330838980569718 -1.9231449441009625 -1.9135561650904158 -1.9040689380906715 -1.895002131209285 -1.8861623580085354 -1.8774013707028212 -1.869144235226635 -1.8613294758016368 -1.8535184525463002 -1.8436028847370265 -1.8358970749320385 -1.8286893488022473 -1.8223150375563089 -1.8154308470299982 -1.8093951682387663 -1.8031069528593529 -1.7971541172704875 -1.790960254863215 -1.785440019981266 -1.7796073418294087 -1.7742674713838236 -1.768682274022809 -1.7635616135958143 -1.7581830805990704 -1.753320653943062 -1.7482623878439423 -1.7435232797868556 -1.7387090009541426 -1.7340697699080794 -1.729350212254654 -1.7248932167032622 -1.7203903499138447 -1.7161936114052683 -1.7119500405952364 -1.7078542677615953 -1.7036586393500368 -1.699756387398348 -1.6955219370652905 -1.6915967939438001 -1.6876788556830205 -1.6840258946606683 -1.6802490569045236 -1.6765789967581775 -1.6729645810168394 -1.6692457680032033 -1.6657565645263972 -1.6624170752886247 -1.6589605592303025 -1.6556785531546359 -1.6522860626623768 -1.6488943964601903 -1.6455642819628107 -1.6423898958596626 -1.6392911458548811 -1.636213815135072 -1.632990678851563 -1.6298031281379322 -1.6268420391170366 -1.6239399216432338 -1.6209797861719526 -1.6179073344692236 -1.6148858540563937 -1.6120178832178205 -1.6094283321263063 -1.606730157695213 -1.6040149302259668 -1.6012239496348197 -1.5985363185749577 -1.5956591267132527 -1.593043511190987 -1.5905533457447705 -1.588055814444357 -1.5855848419638203 -1.583013427558428 -1.5853648678734746 -1.587890696397925 -1.5905242025726638 -1.5932332654322963 -1.595722994071247 -1.5978807903301888 -1.5997266182261258 -1.6013370650435483 -1.6042593329509414 -1.6126571722351608 -1.6175693292569582 -1.6183519429742486 -1.6172108986475626 -1.61601947510841 -1.6146843249158493 -1.6134883971756748 -1.6130855275970672 -1.6125758790796612 -1.6131735700846468 -1.6131662543303555 -1.6140224719091911 -1.6140251077331245 -1.6145162899287255 -1.6140666199594396 -1.6153826770831463 -1.6148737306824774 -1.6154480190463971 -1.6163951328093704 -1.6165925003266555 -1.6149438891657892 -1.6157621223444991 -1.6146528868540901 -1.6142356622693272 -1.6143252219368565 
# Stellar luminosity-weighted [Ne/H]:
0 -4.979138583587979 -6.6377553717102895 -5.167897354974331 -2.6536004120996077 -1.9374776552782809 -1.9135586819882828 -1.969628017383628 -2.0686520776485082 -2.2092795535955867 -2.3378137630252143 -2.4085551568051544 -2.443231137683064 -2.4625249678273002 -2.474112427046399 -2.4816995859467648 -2.486972998042792 -2.490877190125345 -2.493624547468854 -2.495710592634106 -2.497283576966992 -2.498471763222895 -2.4993604511022873 -2.5000436496014125 -2.5003835999222037 -2.5006393271819434 -2.5008162980433886 -2.5007763460682186 -2.500952927050884 -2.500696699988282 -2.5004927439782856 -2.50028710303876 -2.5000447229108476 -2.499747011621543 -2.499444301541917 -2.4990233543500953 -2.4985943408925575 -2.498254637427186 -2.4977857334416536 -2.497338891201548 -2.496855777146946 -2.4963593878571153 -2.4959365434998935 -2.495458676034712 -2.4949342450298984 -2.494374618792598 -2.493899979295768 -2.4933869635205177 -2.492830930458693 -2.4923033217505406 -2.4917206122674616 -2.4912287116443963 -2.490733146163609 -2.4902297051924744 -2.4897096987435505 -2.489196348189652 -2.488642988943875 -2.4881548704322247 -2.4875873254631244 -2.4871274546929483 -2.4867003679203066 -2.4863001385398364 -2.485551860915985 -2.485144465659828 -2.4846379193688373 -2.484058530041053 -2.4836212634899892 -2.4832475268311605 -2.4827197427027325 -2.482266690688779 -2.4818015493178827 -2.4814068153979445 -2.4809506084904935 -2.480479947294424 -2.4801661052360133 -2.4798335284952406 -2.4793244910863805 -2.478776060092863 -2.4783338729350417 -2.4783210501877004 -2.478097320867482 -2.4775858746309547 -2.4770151710380146 -2.47651521049053 -2.4763562072344962 -2.4759868550067585 -2.475640897183828 -2.475189121633938 -2.475107587267857 -2.474636395292939 -2.4744738678020717 -2.47415180212725 -2.473729764392319 -2.4732788923763938 -2.472901788572461 -2.472714732569181 -2.4726012721231623 -2.4723855911742696 -2.4720652791164017 -2.4716413577191307 -2.4711990922376774 -2.4711973905863243 -2.4713563681670108 -2.471569671697365 -2.4716812151701886 -2.47168004655207 -2.4716024386125186 -2.4715034673434495 -2.471409928311455 -2.4715455180275256 -2.4711734841806487 -2.4696179265454807 -2.4679575307902724 -2.4666824806167895 -2.465886856090026 -2.4647024520226513 -2.4637383617706945 -2.463071787583833 -2.462701951431412 -2.462614599219287 -2.4622285332550984 -2.4617229160068916 -2.46174816807026 -2.4616619631725927 -2.4613112879197656 -2.461149605206086 -2.460999681339115 -2.4612242112482807 -2.4615442517685935 -2.46175540597077 -2.461585955117612 -2.4618878090986733 -2.4617294501875095 -2.4619313718251066 -2.4618979611330287 
# Stellar luminosity-weighted [Si/H]:
0 -4.979138583587979 -6.6377553717102895 -5.203370173290059 -2.555302244010125 -1.8400834907905788 -1.8783271452414736 -1.8807437432611165 -1.7735850655274037 -1.4861399166919993 -1.5132374310922216 -1.6348346875385564 -1.763541659973055 -1.8802183797088015 -1.9467036984186814 -1.9738303057373976 -1.9849748470962005 -1.9863433348689492 -1.9823615238126582 -1.9757133431866096 -1.9678001096883486 -1.959424635869774 -1.950984008778553 -1.942197646274975 -1.9336516092528706 -1.9251704194307209 -1.9168128790647252 -1.9086717830104423 -1.9008118247040988 -1.8930172311036184 -1.8854666369713975 -1.8781213962588472 -1.8707823006862716 -1.863842825788815 -1.8572422854771045 -1.850625366718524 -1.8422157930355239 -1.8356528980049296 -1.829519468532185 -1.8239379462398047 -1.8181328132404353 -1.81290373449845 -1.8074456244637807 -1.8023186159423084 -1.7969393410685077 -1.7921661642384006 -1.78700046743133 -1.7823668711653458 -1.7774854458281784 -1.7730119417321362 -1.768299423606969 -1.7640398957080121 -1.7595980058655636 -1.7554295508015176 -1.7511749580006617 -1.747076403300456 -1.7429052069517095 -1.738946124870516 -1.7349734514841106 -1.7312320369091614 -1.7274875167983765 -1.7238435564640886 -1.7201119025218858 -1.7166372482351546 -1.7128552146538105 -1.7093426737423965 -1.7058437988300934 -1.7025843373456313 -1.699194955956747 -1.69590623568629 -1.6926793860879545 -1.6893560289566318 -1.6862109076997056 -1.6832032667089871 -1.6800949494359436 -1.6771671669678634 -1.6741006633665405 -1.6710294601468725 -1.668034520346482 -1.6651960744644185 -1.6623814518370095 -1.6595571239896225 -1.6566587662072019 -1.6537890985217372 -1.6511195889547485 -1.6485039942154414 -1.6458124117992163 -1.6430138445441616 -1.6402786511209175 -1.6376631268217041 -1.635312009323573 -1.6328791606517203 -1.6303913531456118 -1.627842835581351 -1.6253947841649818 -1.6227809806815259 -1.6204075556126858 -1.6181541723352524 -1.615863740195251 -1.6136014155081089 -1.6112539772364247 -1.6133719428217503 -1.6156618815253605 -1.6180526096655523 -1.620497751090527 -1.622733929102699 -1.6246631738783623 -1.626309399596039 -1.6277440637990521 -1.6303775103986986 -1.637851610079669 -1.642068370119456 -1.6425824982439474 -1.6414207686683122 -1.6402652849228971 -1.638938689130268 -1.637762393168205 -1.637327566895383 -1.6368319797574653 -1.6373544359876009 -1.6373046852177247 -1.6380145931512393 -1.6380175661320315 -1.6384465202314473 -1.6380057856213854 -1.6391614278064672 -1.6386864223726088 -1.6392197375777062 -1.6400967371296709 -1.6402930177014587 -1.638801857319871 -1.6395620649348288 -1.6385547018965925 -1.6382002559307507 -1.6382770617484024 
# Stellar luminosity-weighted [S/H]:
0 -4.97913858358798 -6.637755371710289 -5.279658957306894 -2.639750502788827 -1.919069947434429 -1.9296622799036518 -1.9346427215756572 -1.8091688696716446 -1.5051731716119976 -1.530752281056274 -1.655990512488711 -1.7867595812093704 -1.907028184111737 -1.9760394672121429 -2.004950167176043 -2.0156454533883847 -2.0166817064996767 -2.0125245977223427 -2.0055060874264834 -1.9971434070497276 -1.9883380710424934 -1.9794952321153838 -1.9703113413414624 -1.9613587846552782 -1.9525093175182544 -1.94382094650883 -1.9353757541166878 -1.927181001300868 -1.9190312572760186 -1.9112240417144397 -1.9035872302219303 -1.8959763192124317 -1.8887773236245469 -1.881959841493435 -1.8751202155045101 -1.8664117509411664 -1.8596361178134435 -1.8533515694364304 -1.8475472962114248 -1.8415606833695453 -1.8361802630587025 -1.8305619385476115 -1.8252579566428375 -1.8197618149757764 -1.814814068934763 -1.8095711872341953 -1.8047790450831664 -1.7997591130599213 -1.7951559215585453 -1.7903188165305393 -1.7859363365875938 -1.7813740791060342 -1.777103699625421 -1.7727305968102387 -1.7685316995773093 -1.7642484761066477 -1.7602018016368248 -1.7561054713189446 -1.7522911142969466 -1.7484389408819494 -1.7447027986618462 -1.7408881048800966 -1.7373185028683515 -1.7334529603709559 -1.7298545795742104 -1.7262741259536858 -1.7229439721893014 -1.7194683685057122 -1.7161013756156454 -1.7127967898341616 -1.7093944821420068 -1.7061746942991487 -1.7031044206755883 -1.6999280837684072 -1.6969293376696317 -1.6937979660033173 -1.6906626314941153 -1.6875985354335468 -1.6846805808327723 -1.6818163076571047 -1.6789660442775922 -1.6759816442860886 -1.673037115861142 -1.6703133148560667 -1.667619782355242 -1.6648913385227742 -1.6620412853414885 -1.6592599471787661 -1.656587370033341 -1.6542035246206135 -1.6516956723838208 -1.649167422814835 -1.6465591450732617 -1.6440698597359242 -1.641398273645776 -1.6389733966785434 -1.636668155051094 -1.6343426261150924 -1.6320367017088921 -1.6296323788102134 -1.6317970071438301 -1.634133773685317 -1.6365728734691825 -1.6390719517156729 -1.641359653533275 -1.6433350393177948 -1.645021439431292 -1.6464914198998217 -1.6491827043956473 -1.6568418920756365 -1.6611945804464332 -1.6617598519282266 -1.6605997681020028 -1.6594356199799378 -1.6581062572260352 -1.6569244329493422 -1.6564947159821024 -1.6559956104936102 -1.656532989833389 -1.656490645509404 -1.6572288079673596 -1.6572319470231962 -1.6576733215696438 -1.6572297155365145 -1.6584172897252323 -1.6579354204035415 -1.658477368401397 -1.6593687786985507 -1.6595658681218586 -1.6580430170728473 -1.6588155413707382 -1.6577874511616377 -1.6574212557410997 -1.6575005103526168 
# X_list:
0.7504312789368939 0.7500093971058048 0.750004289137016 0.7499572468771386 0.7497669957113019 0.7497196201111204 0.7495138562805604 0.7490236797513843 0.7481483703695074 0.74658234631458 0.743115420781725 0.735841733004653 0.7218994953424984 0.7003166813279356 0.677383891904786 0.6636159028482953 0.6547745566663017 0.6549857672248591 0.6558885438881359 0.6581522637133381 0.6608074601733022 0.6640627868785957 0.6696467621494894 0.6728898263281778 0.6762924641419017 0.6784883854349987 0.6805495052214411 0.6820485092010387 0.683580886169284 0.684643404458351 0.6855150275327546 0.6850064783443454 0.6885961015590077 0.691882983438877 0.6902614112115363 0.6802760573227303 0.6759167203939691 0.6767115337959415 0.6730821953641789 0.6674003095149961 0.663675597175329 0.6651337107333447 0.6511788082874573 0.6555236102647649 0.649450661977972 0.6467025224581007 0.6439889169253373 0.6396131862618054 0.6372579934383715 0.6311096581726073 0.6366894362756544 0.6304310619172819 0.6260676961428187 0.6248938839017814 0.6225244210719081 0.6194150235116683 0.6182362596726503 0.6209682878054081 0.6174321890046418 0.6166437893828784 0.615646887018611 0.6099468234546227 0.6240473172668609 0.609658927795858 0.6081041695738488 0.5998656532994355 0.5967272011891556 0.6038968654408203 0.6056948496265256 0.5975946681196508 0.5863958973203521 0.6162680954812997 0.6314676079493545 0.6190097407121131 0.6095818745565437 0.6114587126257978 0.6109869018567976 0.6037736833795703 0.6204759678196249 0.6298580353905305 0.6087231699846045 0.6190545254316578 0.6204813529723834 0.6214748529945883 0.6202926380015285 0.6187449177317307 0.6320130829084437 0.6144635796617767 0.6319214243173477 0.610387931885908 0.6198621781543382 0.6211862951775234 0.6369066397818833 0.6097968344271096 0.6328817208295355 0.6286616257820867 0.620363232282441 0.631030919941924 0.6296415951890825 0.6297852133966002 0.6339786251790739 0.6264047771893524 0.6323169541526523 0.629701094290618 0.6320508850392577 0.6327134095412955 0.6326150597339136 0.6339342871529283 0.6330031365929916 0.6351938201641392 0.6351846100720997 0.6401145780747568 0.6445882655207005 0.649480279497449 0.6531953871656933 0.6575482509262284 0.6605534607007469 0.663365126585718 0.6642887147639178 0.6660038487369085 0.6677712975119645 0.6694380414612744 0.6703237811595126 0.6707927359482289 0.6724085380271996 0.674037855519241 0.6769004091785189 0.6790901739428469 0.6811670813665509 0.6825413741244222 0.684365707077584 0.6860008062209603 0.6863975561187323 0.687514779843149 0.688340749553467 
# stellar_X_list:
0.7529042722234999 0.7504312789368939 0.7500171460814571 0.7500081123885971 0.7499937022354821 0.7499604474878786 0.7499502229453056 0.7499408052061557 0.7499317831482927 0.7499245227509284 0.7499190179034315 0.7499144896255979 0.7499106539933925 0.7499073297070128 0.7499043899812564 0.7499016810410056 0.7498992588046735 0.7498970452612895 0.7498949862347282 0.7498931025381655 0.749891318187904 0.7498896643573189 0.7498881298694804 0.7498867401194275 0.7498854442114953 0.7498842394727128 0.7498830889641417 0.749882027991736 0.7498809944484961 0.749880014289145 0.749879076650527 0.7498781772113383 0.7498772879904488 0.749876463731909 0.7498757024939393 0.7498749389687621 0.7498740742083037 0.7498731914706629 0.7498723315300024 0.7498714573750506 0.7498705494166961 0.749869622932154 0.7498687298521447 0.7498677105801861 0.7498667525636393 0.7498657582193352 0.7498647637916165 0.7498637524521334 0.7498627244797553 0.7498616962685903 0.7498606232472811 0.7498596062446451 0.7498585687370146 0.749857500996716 0.7498564491591858 0.7498553805202126 0.7498543077262447 0.7498532421546416 0.7498522156074096 0.7498511695697002 0.7498501456473192 0.7498491139207007 0.7498480550715905 0.749847119028543 0.7498460719851976 0.7498450318138223 0.7498439551444057 0.7498428910099576 0.7498418732942461 0.7498408660329243 0.7498398224382221 0.7498386955778531 0.7498378098280112 0.7498370350848745 0.749836156787202 0.7498352571307494 0.7498343722913104 0.749833477701696 0.7498325410714582 0.7498317343407648 0.7498309947269018 0.7498301281885981 0.749829326935531 0.7498285293363501 0.7498277665059654 0.749827004170459 0.7498262398830039 0.7498255335607249 0.7498247669217649 0.7498240497808039 0.7498232877587094 0.7498225747079378 0.7498218641828023 0.7498212310738542 0.749820483696798 0.7498198115371949 0.7498191772081323 0.749818448496169 0.7498178426432099 0.7498172142757403 0.7498165786220122 0.7498165286557342 0.7498164968785053 0.749816462505494 0.7498164251741309 0.7498163887324559 0.7498163540135272 0.7498162977340854 0.7498162623392811 0.7498161932395233 0.7498158658222189 0.74981525291672 0.7498147559017113 0.7498143214380847 0.749813986857381 0.7498136061002656 0.7498133153696737 0.749813115732141 0.7498130351229131 0.749812967858705 0.7498128252166105 0.7498127358583669 0.7498126737630306 0.7498126616626586 0.749812503610351 0.7498124252512717 0.7498121647786293 0.7498120007267978 0.7498118777183345 0.7498117249520448 0.7498114418028745 0.7498113674014234 0.7498111278017969 0.7498109944336537 0.7498108502216618 
# stellar_X_list_luminosity_weighted:
0.7529042722234999 0.7504312789368939 0.7500094601336884 0.7500043188925639 0.7499596791919294 0.7497832281860125 0.7497454980898103 0.7496181225256174 0.7494604955418114 0.7494690168854798 0.7496140150249077 0.7497333227915741 0.7498031088762489 0.7498439257680934 0.7498626335896832 0.7498706962010577 0.7498747257063518 0.7498764399617256 0.74987702790994 0.7498769595638454 0.7498765091210047 0.7498758775597882 0.7498751640885031 0.7498744515868312 0.7498737430024263 0.7498730102853577 0.749872239827179 0.7498714429005662 0.7498706049436035 0.7498697178741575 0.7498688177365403 0.7498678987498385 0.7498668742262723 0.7498659623853445 0.7498651895098546 0.7498643074767872 0.7498626604612166 0.7498611155897674 0.7498596252601492 0.7498581551768119 0.7498564223377444 0.7498547171005924 0.7498530556085781 0.7498509717078113 0.7498490099307741 0.7498470399735357 0.7498449293925812 0.749842894832117 0.7498406739212875 0.7498385675796904 0.7498361502006947 0.7498341595291494 0.7498319491644433 0.749829706403984 0.7498274572732544 0.7498251704599164 0.7498227806006148 0.7498205501651918 0.749818346378444 0.7498161843881594 0.7498140515330404 0.7498119762485892 0.749809630357783 0.7498078819496959 0.7498054928244925 0.7498032194335753 0.7498007201038428 0.7497983625682746 0.7497961390666321 0.7497939643622964 0.7497916149412369 0.7497888098793569 0.7497871338165258 0.7497859774310465 0.7497843128140304 0.7497826350317947 0.749780852140147 0.7497789425121294 0.7497767805506945 0.749775217146122 0.7497739524735962 0.7497721348446329 0.749770482580016 0.7497687862963324 0.7497672746369834 0.7497658035324137 0.7497641777181101 0.7497627323988884 0.7497609818111175 0.7497595664437767 0.7497580490159678 0.7497565847445444 0.7497550885144969 0.7497538978126677 0.7497521814287869 0.7497506510664099 0.7497492747526845 0.7497478270348059 0.7497465905276816 0.7497453298957153 0.7497439381347787 0.7497454901836813 0.7497471289232971 0.7497488133681852 0.7497505156247579 0.7497520706302726 0.7497534146936135 0.7497545802150847 0.7497556106969798 0.7497574939342158 0.749763110932291 0.7497671905769138 0.7497685992403724 0.7497689033076965 0.7497690526688411 0.7497692075406729 0.7497692165749708 0.7497694599298141 0.7497693338669935 0.7497698188965588 0.7497700359679403 0.7497705448887876 0.7497707200659203 0.7497709909147809 0.7497709835524253 0.7497717251231659 0.7497719264790963 0.7497724690722658 0.7497731225591847 0.7497733893463449 0.7497727913108903 0.7497733900424208 0.7497729081712621 0.7497729930227508 0.7497730338194903 
# Y_list:
0.03667903323623153 0.000799196822875397 0.0003732867421696926 4.172448651479801e-05 0.00024860238106423323 0.00039589149096191223 0.000629198354944902 0.001138028673529841 0.002379705384286489 0.005584518655933197 0.013511800903187987 0.031433601561934255 0.06803901167131131 0.12703217545039414 0.1937072013263576 0.2434137480276201 0.2673242681485171 0.2773052699862896 0.28002704037244525 0.2790921557098913 0.277341916779094 0.2743287796815881 0.269798223147393 0.2666115548890539 0.26420345845567855 0.26172137365258713 0.2602365620096637 0.2588712307691645 0.25753826559438064 0.25687588300312075 0.2560184808088355 0.25661948457906403 0.25310295663102295 0.2547286341616337 0.2565917870168112 0.25494770004171874 0.25896064581757944 0.262616727608416 0.2645602095935275 0.2695507681705346 0.2723600584203086 0.2727937709929484 0.27950484700563244 0.27867778445641644 0.28291756350888625 0.28536681554148036 0.2871779123152232 0.29017633370021667 0.28962735186230454 0.2949899972370942 0.2988149864840944 0.29971338794394775 0.29800790802330224 0.30079483652420386 0.30434173896923805 0.3032319998297384 0.31003048788821 0.3063521251155842 0.30853138556730614 0.30920348937255004 0.3079731274773811 0.31645196461273045 0.3021675942951159 0.31393536793261606 0.31679208650342433 0.3248450735952413 0.3266752655292994 0.3202775256527247 0.3199873250299569 0.3283153664719304 0.3343443996753136 0.3207774061706821 0.2871217935007009 0.31020708671101527 0.3179870926315573 0.3153251597462426 0.3168130524446353 0.32486165537259104 0.3075718434154179 0.2992100972637123 0.320727295882197 0.31112673775839694 0.31159912526482036 0.3096323152252569 0.3094922411764585 0.3123169204975642 0.30130478902161995 0.3163634254112055 0.30318212950543316 0.3193333157327074 0.3124347699216188 0.3112078346788573 0.2961286030029742 0.3216666695787693 0.30423884526489453 0.30349060275473905 0.30844871975321075 0.310481500484203 0.30439137065398075 0.3078052587560878 0.3049593549368185 0.30921023298321204 0.30479649285259786 0.3072251087742377 0.3050949136985659 0.30468783178238046 0.305400234617972 0.3049147196006316 0.3053941795406486 0.30276693515971626 0.302926024238567 0.2997411418904466 0.2967170624714432 0.2932704399102597 0.2907204320554839 0.28772701564688963 0.28571299111487464 0.28385475168093627 0.2832571759485387 0.28206455445192236 0.28094021172186734 0.27969848378697965 0.2790405185237179 0.27862342087745995 0.27736384031706895 0.2758940621109134 0.27329494217759753 0.2710479919545628 0.2690461378536013 0.26788349752356044 0.2663194334276743 0.2649248746883881 0.2647531917360648 0.26395673310279527 0.2633288826248313 
# stellar_Y_list:
0.247 0.03667903323623153 0.0014582249162472835 0.0006968702433239988 0.0006738887967437489 0.0007024774520356652 0.0007225769133294215 0.0007399285730124559 0.0007559014658111954 0.0007708186886735705 0.0007849218065766594 0.0007977352755931843 0.0008113249708911525 0.000821337000049172 0.0008311807029134125 0.0008403863893356825 0.0008491350759050853 0.0008570403739966844 0.0008643762712401669 0.0008711872762194125 0.0008777144613147617 0.0008838463362490766 0.0008896229224814257 0.0008950604742941016 0.000900238475633698 0.0009051701083470111 0.0009098988260202636 0.0009143861188538288 0.0009187719719021935 0.000922954896416135 0.0009270171626854067 0.0009309236169539014 0.000934785724494281 0.0009384640393945772 0.0009420403633214787 0.0009455479213700258 0.0009489999703200956 0.000952368552011854 0.000955734512332256 0.0009590319371822776 0.0009622943722002143 0.0009654871495506753 0.0009686129072023243 0.0009717290728902343 0.0009749196264042045 0.0009779806332617274 0.0009809788759076157 0.000983998114198676 0.0009869567780856103 0.0009898075134664986 0.0009927542608096879 0.0009956704477234368 0.0009984955668809426 0.0010013286914115622 0.0010040517554490817 0.0010068257848810315 0.0010096000497765059 0.0010123438441492594 0.0010150291760942017 0.0010176107772972682 0.0010202207690816205 0.0010227672543604593 0.0010253635949919004 0.0010277762419177532 0.0010303420505208285 0.0010328721376923072 0.0010353088643853263 0.0010377895696994234 0.0010402125283386777 0.0010426382892747552 0.001045054104221669 0.0010475250220059985 0.0010497919435417517 0.0010518356414399306 0.001054050497521777 0.0010562242530583882 0.0010583564844477106 0.0010605731177657362 0.00106280968784503 0.0010648621611202068 0.0010667981404799192 0.0010688844306549845 0.0010709432701825584 0.001072986919055536 0.0010749479417498256 0.0010768597929251154 0.0010789196663863513 0.0010807000155835793 0.0010825682742695395 0.0010844845322738523 0.001086342100240746 0.0010881603081749527 0.001089948631935305 0.001091726877532977 0.001093569298482688 0.0010955137435914926 0.001097145096680466 0.0010989547180414523 0.0011006154826742537 0.0011021352803884615 0.0011039124605449874 0.0011041356706165272 0.0011043520197698646 0.0011045063858235121 0.001104695845507368 0.001104836962625504 0.0011049820693336922 0.0011051817056201589 0.0011053350066682428 0.0011057303007755367 0.0011072162327239136 0.0011098280455599028 0.0011117568991157094 0.001113492583374896 0.0011148101522716275 0.0011162655161703898 0.001117325539634454 0.0011181820099004202 0.001118433752454537 0.0011188304661561813 0.0011194091632428062 0.0011197107768394028 0.001120039170290862 0.0011201072512165774 0.0011206618184882563 0.0011209469133767395 0.001121775640282452 0.0011223062430636612 0.0011227410615076493 0.0011232255282066104 0.0011239359555280095 0.0011242797987935863 0.0011248601320315377 0.0011253223155564289 0.0011257248533850276 
# stellar_Y_list_luminosity_weighted:
0.247 0.03667903323623153 0.0008045571631161737 0.0003757818854050348 6.271688198141702e-05 0.0002519890220030341 0.0003915230812695669 0.0005761235236343598 0.0008132252738749322 0.0009796995030710643 0.0009827209776873478 0.0008957478928700607 0.000817961136210859 0.0007639952463081678 0.0007443263604801081 0.0007434829638336783 0.0007491893073782703 0.0007577797044636083 0.0007675933492523918 0.000777852595184105 0.0007880937438461688 0.0007980865930935754 0.0008075424903964714 0.0008167466000385676 0.0008255889577341981 0.0008341504726852236 0.0008423839819525332 0.0008503504003391471 0.0008581185958864312 0.000865802100655337 0.000873225221375909 0.0008804274607821575 0.0008876589325564306 0.0008945660332450696 0.0009012778711369316 0.000908002551567509 0.0009158868077612717 0.0009227904953796022 0.0009294803602366766 0.0009358345156531264 0.0009425786092825269 0.0009489017030820881 0.0009553042446803527 0.0009617685567949488 0.000968345197008005 0.0009745008999501677 0.0009809618967594786 0.000987125033458978 0.000993408892702297 0.0009994573095763234 0.0010058570113871594 0.0010118446079853485 0.0010180565456819125 0.001023853902196706 0.0010298924695353229 0.0010359205450338564 0.0010417726909430307 0.0010476679288716252 0.0010536234239823994 0.0010590905450324492 0.0010646815500212213 0.0010701253365854465 0.0010759254020323117 0.0010807443358893485 0.001086729083985627 0.0010924316850962834 0.0010981403088968255 0.001103434245200652 0.0011088959361107691 0.0011143606806265816 0.0011198148699302767 0.0011256914084874906 0.0011307954823840806 0.001134826297471155 0.00113976731018709 0.0011441838250463852 0.0011489061050498463 0.0011541229015149368 0.0011595890690828605 0.001164127292326287 0.0011681053553273136 0.0011727821004624396 0.0011777053415294879 0.0011827853420160873 0.001187211910931507 0.0011913152649063064 0.0011956448876509708 0.0012004656564453726 0.0012055506266947778 0.0012100413859895873 0.0012139093532866057 0.001217888305133491 0.0012219154409067112 0.001226042994385333 0.0012306323590752313 0.0012356902895339337 0.001239900729875789 0.0012437212579951085 0.001247663682144672 0.0012513375577680194 0.0012557783931390557 0.0012527902730174465 0.0012494936269505281 0.0012458929441324438 0.0012421469168775803 0.001238652250008611 0.0012356421476510575 0.0012331379852572194 0.0012313099095502852 0.0012280236904604908 0.0012183903352390116 0.0012151655275542837 0.0012159882362433431 0.0012194325016160656 0.0012221535034371532 0.0012246514366075214 0.0012269548105385527 0.001228306479786718 0.001228934049948395 0.0012289126998434076 0.001229889295351817 0.0012290845702442245 0.0012296554413830027 0.0012291587104138024 0.0012300556001740937 0.001228659766827338 0.0012291496861443138 0.0012284123599936763 0.0012273849374094372 0.0012271424194124486 0.001228629728677946 0.0012277744180830795 0.0012288400624075853 0.0012291791777258633 0.0012291326202894036 
# Z_list:
1.4849811026814383e-07 3.2356146675117287e-09 7.901708663310209e-08 3.278884792070614e-05 0.00016951349917776175 0.00017051954275407923 0.00036471057438213595 0.0008592042225262372 0.0017250991353398896 0.002960476335673821 0.005499024726376491 0.010787379742895311 0.020920161853460843 0.03684855138476613 0.05355505853528103 0.06308266219199753 0.07419715320743842 0.07382751909014097 0.07832000714760803 0.07637023111308976 0.07882279021859387 0.07639780344599624 0.07796218565674506 0.0754447834445791 0.07697235756578032 0.07436742070453377 0.07681468346635817 0.07253214139771108 0.07792370096261465 0.06874133230854367 0.0825580608800233 0.05930559110723305 0.09804976658847933 0.024560665460381097 0.15433170492551132 4.880468215533665e-10 0.27439007330975007 5.15561344100927e-10 0.4505448305466908 5.413964979824254e-10 0.7356912745912052 5.688942890946037e-10 1.2190507315559473 5.883443473257496e-10 2.1098285906475645 6.089432431056147e-10 3.7888019193796176 6.333504812638295e-10 7.163415758827777 6.504891802006891e-10 14.160995406869706 6.828818715018424e-10 29.098536690499223 7.053047504173507e-10 62.86748085599553 7.205645249836208e-10 144.11414927273952 7.452202734367808e-10 341.5749857754776 7.757353054599501e-10 858.3456366190815 7.898865762159358e-10 2250.891213553137 8.064884355145092e-10 6012.296601421884 8.346390319255069e-10 17154.675453949872 8.731870129651e-10 49702.81601880669 8.778495139403043e-10 146288.33536233398 9.277643708205734e-10 473614.07361299964 9.110977375131773e-10 1558312.9406100397 9.622294303334858e-10 5204840.278510296 9.545317518649295e-10 18033588.796366956 1.0088075660648993e-09 64714466.313975744 1.0160359569308834e-09 233047622.12666953 1.0395331357756762e-09 898005222.2332181 1.059628473407856e-09 3401978519.595658 1.0865954681395253e-09 13202426069.880493 1.1580208871796005e-09 55841988737.12394 1.1406114322040633e-09 237874805033.8889 1.1798808835268924e-09 977924602490.3218 1.155602106893237e-09 4438090802884.6455 1.206781934985072e-09 20550743229352.29 1.2042541129089125e-09 94533304600075.92 6.122271031389636e-10 149296502774164.2 3.1249673521111514e-10 144816311145611.0 2912957297961.24 102223410222822.08 27974041384663.41 65788439227502.04 36695932142344.516 27149589057070.57 16095430576058.824 12683872888590.229 10389683054415.303 8964369567084.678 7542562425695.39 6667000240493.869 6026985331690.461 5869653946131.632 5558328633226.88 5182287526411.45 4900300436363.623 4746143016229.574 4681587729390.857 4419186519396.103 4185690907967.8633 3840875174502.186 3614886936810.7607 3433654888056.606 3277420472230.081 3145295905536.083 3031659811078.973 2933952437239.0503 2842700648663.202 2766796828490.9087 
# stellar_Z_list:
9.572777650013187e-05 1.4849811026814383e-07 5.903744600191431e-09 6.599699410486405e-08 1.078663324422206e-05 3.473260544070825e-05 3.9746236608145e-05 4.739655493512364e-05 5.586114358447293e-05 6.288858639440042e-05 6.772240633839801e-05 7.135517783798603e-05 7.431009011884228e-05 7.679871677515151e-05 7.900168645488606e-05 8.102483249019146e-05 8.281996937021639e-05 8.455979068007694e-05 8.617810344965275e-05 8.774988412321716e-05 8.923704192008759e-05 9.06916320288792e-05 9.204859049596657e-05 9.337779591143525e-05 9.462412063455636e-05 9.585097862904275e-05 9.701353445030109e-05 9.815083666167184e-05 9.921844858743959e-05 0.00010032008247597821 0.00010127739799040883 0.00010236990913862142 0.00010317317111889611 0.00010439164236280467 0.00010477158093816018 0.00010652999816155601 0.00010664329838070123 0.00010958029950354118 0.0001096819006054979 0.00011423963519845033 0.00011433094764395659 0.00012144077724094687 0.00012152973089231368 0.00013295114605767685 0.0001330395381459134 0.0001518569327747608 0.0001519254591734727 0.00018472249162532797 0.00018478868937855727 0.00024451450512641025 0.0002445571138221411 0.0003593689132128323 0.00035936771608447137 0.000590814044323822 0.0005907053539804508 0.0010756333773458493 0.0010752628605639883 0.002143478354097746 0.0021467462816671555 0.004641875353110573 0.004649201704871495 0.01067216906089018 0.010689083243314986 0.026091048770452662 0.026133696538759073 0.0672075170474813 0.06731486996116179 0.1788103197328727 0.17910185955503172 0.5022011371714452 0.5030024174791871 1.4531730611162397 1.455496802274695 4.292651288678259 4.299295860827571 13.612184297677507 13.63377574201337 44.69038199217782 44.760738763362525 149.83873160206363 150.06776240871497 518.7172132405547 519.5170732147379 1858.5620104826003 1861.3326260128636 6740.367389765344 6750.184282800276 25764.040629863222 25800.287687931635 98635.32451011275 98779.82800747664 384495.0777330779 385049.1793140486 1606291.7229791114 1608585.7961534832 6864012.67001823 6872639.1150158895 28697212.272133093 28733947.170387484 128704704.9121144 128885950.52047244 129044129.70166315 129174238.59813094 129265260.92750348 129265275.8219445 129284518.06584461 129226002.9337634 129296130.49699765 129175674.94216542 129114099.41084492 128918658.0225792 128805358.61452007 128911825.65221426 129100810.81259729 129281907.77044943 129539847.27806233 129741343.20667164 129913809.32000017 129991413.36674401 130041295.0662235 130135086.425282 130136796.0248137 130140527.78164732 130110154.01638404 130145666.20091246 130097255.71126753 130258468.62722795 130374411.69703707 130513238.13181356 130744422.53311971 131063981.68711601 131149985.5759552 131537284.35729899 131670129.3294263 131970232.39077668 
# stellar_Z_list_luminosity_weighted:
9.572777650013187e-05 1.4849811026814383e-07 3.2573164498630513e-09 7.870396828912493e-08 3.1131910970421795e-05 0.00015794828321930422 0.0001567207828722512 0.00028443517922211673 0.0004657147006360047 0.00048097763479035456 0.00033016615568160493 0.0002169071842594599 0.0001572010358449688 0.00012446909955378022 0.00010982791774188146 0.00010347903361294959 0.00010024988385652557 9.910828528976349e-05 9.883249794901808e-05 9.924280843285063e-05 9.991920647463008e-05 0.00010085837895074396 0.00010182862926971846 0.00010298883932191924 0.00010410324647515771 0.00010533258619597987 0.00010650334517995227 0.00010778654350915385 0.00010893713818449166 0.0001103336553457625 0.00011139584744871011 0.00011296107300777621 0.00011374346763619292 0.00011587543472223762 0.0001154124324169232 0.00011944974652295244 0.0001182640380553114 0.00012658025885112657 0.00012542761466261627 0.0001393631538114087 0.00013784309239385183 0.0001604844431663765 0.00015824060583589233 0.00019638624260170123 0.00019296344593463767 0.0002566437622271105 0.00025131363266307283 0.00036652825416929523 0.0003583024274778759 0.0005733592804477944 0.0005589376254663474 0.000979893852167232 0.0009543309788881557 0.0018270572791152361 0.0017836651221257893 0.003650528791663915 0.003568863104081352 0.007731404105956173 0.007572696510344894 0.01746842569346608 0.017168044961226658 0.04125713218357587 0.0406372477656676 0.10302192535215035 0.10193591090623057 0.2722549963506084 0.2700932975158758 0.7338849039442704 0.7287636471265796 2.0999085529659887 2.091895356477007 6.245285038203953 6.2303650526078975 18.22027453330699 18.224884406613334 58.50113146296616 58.5428938998111 196.73696346080183 197.12334772213697 667.7828485406876 669.2046927647805 2330.2815040276464 2338.341299194741 8583.57226510027 8618.401698700147 30862.020506889083 30976.809132451595 121102.71679698158 122056.74102724608 473068.74088758335 475534.78928756394 1824067.082771098 1829058.3397981438 7719587.8589270795 7754190.04070817 34270473.15106675 34514998.32079409 139956320.89725482 140820848.89581764 628910823.7465854 633582774.5781485 633942551.7074455 631665693.0939265 608573943.5541382 577575991.5364752 548516225.9278746 523409713.278426 501316303.0988234 482328027.3618854 450668483.18336004 363600966.33045673 300968739.63782436 275576448.6161245 262090144.66836053 253037141.04871005 243681538.0901593 237409878.2480765 233022945.46057013 232212875.57556814 229576407.8878073 226576639.7989501 223242098.11735368 221370725.59482607 220139308.40826437 216962988.208563 212942067.55632812 208753700.83707517 205219850.51103792 202814970.25068736 201586389.52850583 201249563.33499646 199242021.55482522 199992659.2028423 198714270.74416357 198964630.96389326 
# formed stellar mass list:
1e-15 3359070.212014854 152622445.40835974 323575331.3391301 97081120.6601893 45251024.33696528 19273478.60816231 7790556.456362029 3044762.2280552196 1163909.6220501566 439533.6254729125 166268.12835732786 64534.28509366523 26957.023291375805 13026.538958575893 7771.076067651324 5668.4873606293095 4758.432197996285 4250.898104420118 3932.6970894801248 3692.40105745187 3489.8479012380726 3317.179910139739 3166.938894330264 3023.7600919426604 2905.2466683799776 2786.8194547351077 2678.954792528301 2584.9156485994167 2503.028781127818 2419.9582715224474 2337.8068462721258 2276.8316242296996 2211.11444951877 2127.4265922703594 2080.817911448851 2048.983736472614 1993.3387134473771 1939.6333946329355 1894.4254472940042 1847.0751172691585 1813.2455014308914 1757.7958140369133 1755.0582784253356 1699.6848946461084 1665.1614506602289 1642.1891716869923 1610.3666987609117 1578.9046185052769 1544.49897844553 1537.304586206153 1494.6292967760191 1464.382116046995 1459.4775611332432 1417.826832171865 1408.6263583846392 1387.8007663820683 1347.2801111171395 1341.8851253042742 1321.8747591928393 1289.0995072179662 1264.119401448779 1266.004550666809 1227.4778703333438 1239.9433841379732 1220.4153586202115 1198.1227353973686 1156.3783801198006 1145.2300425361097 1152.0390526176616 1139.1474098008127 1146.7053393986077 1077.8598871128634 1053.6254989967124 1097.5770862185211 1047.3932207490132 1039.2531848183276 1041.979395391308 1047.634086604491 1014.0308242598176 991.2693298888952 988.0378067268059 984.2171363902092 993.2948416217789 961.9702976123244 936.2391021796316 943.7269996944442 960.165868533589 920.3056973099709 944.800692637302 863.5422824155912 873.5945902258529 876.7227574316414 873.9398971761765 847.5431833515316 912.1539362646267 865.3497549328954 832.146503654495 828.6501239450276 821.1780789622665 830.3895243375748 1e-15 1e-15 1e-15 1e-15 1e-15 1e-15 1e-15 1e-15 1e-15 1e-15 1e-15 1e-15 1e-15 1e-15 1e-15 1e-15 1e-15 1e-15 1e-15 1e-15 1e-15 1e-15 1e-15 1e-15 1e-15 1e-15 1e-15 1e-15 1e-15 1e-15 1e-15 1e-15 1e-15 1e-15 
