# time step list:
1000000 10000000 20000000 30000000 40000000 50000000 60000000 70000000 80000000 90000000 100000000 110000000 120000000 130000000 140000000 150000000 160000000 170000000 180000000 190000000 200000000 210000000 220000000 230000000 240000000 250000000 260000000 270000000 280000000 290000000 300000000 310000000 320000000 330000000 340000000 350000000 360000000 370000000 380000000 390000000 400000000 410000000 420000000 430000000 440000000 450000000 460000000 470000000 480000000 490000000 500000000 510000000 520000000 530000000 540000000 550000000 560000000 570000000 580000000 590000000 600000000 610000000 620000000 630000000 640000000 650000000 660000000 670000000 680000000 690000000 700000000 710000000 720000000 730000000 740000000 750000000 760000000 770000000 780000000 790000000 800000000 810000000 820000000 830000000 840000000 850000000 860000000 870000000 880000000 890000000 900000000 910000000 920000000 930000000 940000000 950000000 960000000 970000000 980000000 990000000 1000000000 1010000000 1020000000 1030000000 1040000000 1050000000 1060000000 1070000000 1080000000 1100000000 1200000000 1400000000 1600000000 1800000000 2000000000 2300000000 2600000000 2900000000 3000000000 3200000000 3500000000 3800000000 4000000000 4100000000 4500000000 5000000000 6000000000 7000000000 8000000000 9000000000 10000000000 11000000000 12000000000 13000000000 14000000000 
# Number of SNIa + SNII (log_10):
0 0 2.2634332387640814e+54 2.843857734966589e+55 6.369803709216122e+55 9.684045043075229e+55 1.2544732163866862e+56 1.5461493743318303e+56 1.8056902130149087e+56 2.0293203830960213e+56 2.222701705630972e+56 2.3921000309506696e+56 2.542494695020067e+56 2.6776844543426854e+56 2.800416305636829e+56 2.9128152482553865e+56 3.0165004274857914e+56 3.1127339491673755e+56 3.2025220019936495e+56 3.2866782227664463e+56 3.3658706565332465e+56 3.4406546308383356e+56 3.5114964244176316e+56 3.5787923444174116e+56 3.642881852205152e+56 3.704056357674694e+56 3.7625715578292494e+56 3.818649277996246e+56 3.8724830700969606e+56 3.924246549828752e+56 3.97409686476333e+56 4.022180016244422e+56 4.0685834891403965e+56 4.113446961983794e+56 4.156866807213448e+56 4.198931841398024e+56 4.239722659830902e+56 4.279306252068418e+56 4.317776586843898e+56 4.355174957886854e+56 4.391563264363879e+56 4.4269960615179535e+56 4.4615174998205906e+56 4.495177871559383e+56 4.528018292137108e+56 4.5600780291418924e+56 4.591392737593718e+56 4.621989425410108e+56 4.651920246132012e+56 4.681199420473538e+56 4.7098528674487764e+56 4.737907161482677e+56 4.7653957024002405e+56 4.792331315396511e+56 4.818741431014328e+56 4.844641457868303e+56 4.870052819915759e+56 4.894964908865299e+56 4.919479721987858e+56 4.943544048411272e+56 4.967195516948918e+56 4.990427313742347e+56 5.0132474475974745e+56 5.035697252685505e+56 5.057783872950099e+56 5.079508262252944e+56 5.100892805607455e+56 5.121945287917161e+56 5.142672072817123e+56 5.163083695406543e+56 5.183195463929733e+56 5.2030112339902605e+56 5.222528201660965e+56 5.2417817666500865e+56 5.260764399945407e+56 5.2794793018421255e+56 5.297939773982642e+56 5.316150483935411e+56 5.334118911011411e+56 5.351849104173301e+56 5.369353118438432e+56 5.386618934842056e+56 5.4036850608712e+56 5.420533547887319e+56 5.437173203464807e+56 5.453608637371221e+56 5.4698476395563535e+56 5.485898659918251e+56 5.501750377959911e+56 5.517416293299138e+56 5.532910205841024e+56 5.548211309171586e+56 5.563360218478575e+56 5.578351835227438e+56 5.593163959448329e+56 5.607815996994017e+56 5.622311580882448e+56 5.63665623379684e+56 5.650841807796924e+56 5.6648828896212755e+56 5.678774501936459e+56 5.6925223206270306e+56 5.706146348997556e+56 5.719626399592614e+56 5.732971628357027e+56 5.746189119539091e+56 5.759272530136336e+56 5.772227415680711e+56 5.785061429314392e+56 5.810370306249201e+56 5.9302374253700165e+56 6.142027901720387e+56 6.32499508390071e+56 6.48606331277906e+56 6.629935887666602e+56 6.820495135848996e+56 6.987411245655896e+56 7.135911783573575e+56 7.182038345333172e+56 7.26966194964621e+56 7.391317245387946e+56 7.502915020634194e+56 7.572483499933367e+56 7.60596279108556e+56 7.7321534928490346e+56 7.874885677150477e+56 8.121725108738565e+56 8.330275084611899e+56 8.510822557470505e+56 8.67007352246394e+56 8.812381502281062e+56 8.941150769149065e+56 9.058677173173468e+56 9.166769724057465e+56 9.266831604137138e+56 
# Gas [Fe/H]:
-6.110642220877493 -7.135824452324636 -4.9940831399394945 -3.3929397549295244 -2.525289649166033 -2.0790073154844073 -1.6595538475693754 -0.525120486691816 0.0937848886701369 0.5614208648410721 0.9217428795683991 1.158364299478917 1.2733493010386336 1.309673594245595 1.3106669767329593 1.299788321446146 1.2862151609561399 1.2730487941763866 1.2598751555050849 1.2477909537567937 1.2359112062900435 1.2252744680681333 1.2145535352966443 1.2043350271178097 1.194769769851725 1.1870858840486926 1.1795475222101772 1.1722586257700036 1.165443905485405 1.1591200366973666 1.1531091374878182 1.1472915586342003 1.1412039387987747 1.1354646760130374 1.1325223236509943 1.1310720764491915 1.1282548942620707 1.125364090331447 1.1254024286568884 1.1224419447327625 1.121742674111442 1.1198507201936359 1.1177491413634955 1.1170959824029558 1.1145896612321304 1.1138313003642155 1.1119965789402455 1.110249736924827 1.1099375728917278 1.1057805619588836 1.108100892034087 1.104743393721816 1.104381706216655 1.1040692764195108 1.099081938127635 1.1020546864827683 1.1020121732021337 1.1059910912639532 1.0950582135360967 1.0941706010235674 1.0901212282803634 1.093724985745447 1.0956985294378754 1.0916476448514083 1.0874539781185537 1.0920756433746952 1.090699074458144 1.0840535877793855 1.0803388939553558 1.0840624395347054 1.081898727351002 1.0749108610816718 1.06882417046271 1.0745950129433663 1.0746006043646852 1.0692953634389286 1.0653860416722343 1.0632825660185534 1.0646841648667658 1.061104961427545 1.0558795207956861 1.048990228873392 1.0499625832940045 1.055751037034797 1.0556577350239462 1.0503928374184786 1.0428729160511936 1.0355753188293524 1.043259582507043 1.0475045661625946 1.0455050653516644 1.0395343729610826 1.0322786629785319 1.025472714313243 1.0304855971576905 1.0369500553738162 1.037019535166415 1.032745522869698 1.0257923872726655 1.0183491098729025 1.0116293558319125 1.0169056808690429 1.0209741268825465 1.0224394778178687 1.0222313889299044 1.0210666655644238 1.0192632917167694 1.01703306823235 1.015384223758772 1.0161769725610874 1.0105395527543384 0.9996674361163502 0.9913131344449577 0.983706115529638 0.9779495091667227 0.9720191690926945 0.9672526042309162 0.9636479341015032 0.9620111011009307 0.960650478195999 0.9581697815029164 0.957423692866604 0.9571160722711438 0.9574537372651588 0.9571679706041523 0.9590580848726864 0.9625792213706448 0.966657973503251 0.9690039687874599 0.9695507377505335 0.9684458223542167 0.9683415933700807 0.9667264866932928 0.9651992286006492 0.9640205613226187 
# Stellar mass-weighted [Fe/H]:
0 -6.110642220877493 -6.897404088154211 -5.537987966146787 -4.420304300262906 -3.9236324839228764 -3.7287302196039604 -3.6163191380353545 -3.274151930779915 -3.0394466238307043 -2.8901170447070132 -2.789183746131746 -2.716443090111026 -2.66118873349732 -2.6173907101872977 -2.581490746757356 -2.551283435646078 -2.5253352916088305 -2.5026607375343204 -2.482631048279612 -2.4647134688448524 -2.4485431101940884 -2.433829814326507 -2.4203561274530774 -2.4079435992439855 -2.396458100233658 -2.3857777025163083 -2.3758054448992194 -2.3664605856295955 -2.3576776964664754 -2.3493985174110037 -2.3415724159378204 -2.3341523375339994 -2.3271052559430343 -2.320402539318085 -2.3140160736535753 -2.307910242072035 -2.3020648947190043 -2.2964735783890236 -2.2910983063216417 -2.2859383279790526 -2.2809717830663327 -2.276188334699973 -2.2715786681272947 -2.267124604355975 -2.262824842388132 -2.258662193132799 -2.2546339380375935 -2.2507338330842153 -2.2469405542735243 -2.243275242626889 -2.239705125938417 -2.236241528209182 -2.2328738098508047 -2.2295849433498987 -2.226399222950545 -2.2232908696824243 -2.220237833359765 -2.2171747814569676 -2.2143525367997983 -2.21156980390482 -2.2088431688897714 -2.2061655702645515 -2.2035326263345434 -2.2009533714248875 -2.1984493147381263 -2.195992477549714 -2.193575568410041 -2.191209548247487 -2.1889059477476502 -2.1866430058390653 -2.184414398760784 -2.18222390091422 -2.1800934760878725 -2.1780025889226637 -2.175929882536594 -2.1739050845439225 -2.171907716877495 -2.169978536738771 -2.168065114033939 -2.166192675001989 -2.1643240225237657 -2.1625133874457987 -2.1607316025590126 -2.1589935059731804 -2.1572599518697135 -2.155557803604249 -2.153861764814475 -2.1522295812475436 -2.1506157151946192 -2.149035325848839 -2.1474548787262497 -2.145904974735334 -2.1443560553646686 -2.1428577627231835 -2.141380521257844 -2.139933473357817 -2.138488125306071 -2.1370678392692453 -2.1356475143174647 -2.1342525997564596 -2.1351107726571588 -2.1356840706141 -2.1361466640841593 -2.1365449853773146 -2.1368948853751517 -2.1372067705826705 -2.1374872707351873 -2.137748652938754 -2.138267409608596 -2.1401024390277312 -2.142121517118161 -2.143177185758886 -2.1437224486691138 -2.144051160349396 -2.144267614893187 -2.1442049325403056 -2.144033766327211 -2.1438858786196358 -2.14378410807711 -2.143409248000075 -2.1431253677872446 -2.1428430953684243 -2.142788341561541 -2.1421360681746098 -2.141656669296557 -2.140220041836433 -2.1390317099889673 -2.1380577101418936 -2.1370336762348865 -2.1356835837502173 -2.1349274730635486 -2.133816473948791 -2.132866424462816 -2.1321184415986707 
# Gas [Mg/Fe]:
-1.3877787807814457e-17 -1.3877787807814457e-17 0.9529318674834237 0.8968230110239039 0.5568890006456797 0.44052152740047756 0.22340181889588334 -0.7261095712600536 -1.1402351948721066 -1.370384635376556 -1.4961599770214662 -1.5619504670670719 -1.5962383239855418 -1.612813834387878 -1.6198695854594896 -1.6172135519467965 -1.6079133556720848 -1.5946440694459274 -1.5798955787218116 -1.5704532141534011 -1.5661432811145934 -1.5636974338721195 -1.5617861562498674 -1.561022502630529 -1.5580665498443103 -1.554264664475553 -1.549067735348465 -1.5423978119334343 -1.5268923597434976 -1.5367946127065948 -1.5320892688834724 -1.5240973997037552 -1.5175961492566359 -1.505958146355496 -1.4854353895960528 -1.4591997553437632 -1.4295843350822897 -1.4014942868481242 -1.3771379668658372 -1.3509318780158772 -1.330344007539509 -1.3069239838381126 -1.2846487302700231 -1.27081495850724 -1.252461725987537 -1.2359010521546996 -1.2187095651641642 -1.198920923550085 -1.1919613263959346 -1.1767927052186034 -1.168281866596533 -1.1640898496960408 -1.1680994698676548 -1.1748155315172266 -1.1813132357771308 -1.1929582966613153 -1.1977320557682043 -1.2198463166997071 -1.2163594113098926 -1.225713805496837 -1.2322477794219941 -1.245292065895956 -1.2569161099465793 -1.264784749053283 -1.2681754675226429 -1.2876359683730385 -1.2944297980059973 -1.298311994032179 -1.303109212845555 -1.311760557548384 -1.3260381545782434 -1.319163476465181 -1.3218141650172415 -1.3332832712334821 -1.341443332256476 -1.3409471167195204 -1.3497582853632846 -1.358476515301564 -1.3681516945528802 -1.3750884290098773 -1.380067603088137 -1.3843164615631436 -1.3938880003776963 -1.4034604744278865 -1.4117449454785418 -1.4233848190891827 -1.422879288755115 -1.4296999601658595 -1.4427575862278799 -1.456616677637536 -1.4607564681683123 -1.4667292674842323 -1.4715318357804 -1.4812466795317416 -1.4925677669556192 -1.506408849459979 -1.5172307613024463 -1.5164650901429522 -1.5291544104333363 -1.5374159256744473 -1.5430674628470697 -1.5480810184251919 -1.5547131678556947 -1.5559852048701217 -1.556035711226861 -1.5568630721363812 -1.5575384383428914 -1.5582969445245602 -1.5591928542814293 -1.5621864440879152 -1.5736084374155672 -1.5911915164354768 -1.6024243432721437 -1.6128328690412341 -1.6212016949553516 -1.6300232742615335 -1.6361233811673113 -1.6407721116630276 -1.642113423134144 -1.644626321450946 -1.6469018634188641 -1.6500192327491143 -1.6513975127655298 -1.652007853398586 -1.65441777127782 -1.656638309215152 -1.6602472398982548 -1.6626507985827028 -1.6644991364275905 -1.6659309684730077 -1.666763939575028 -1.6679931715357663 -1.6687510712493796 -1.6694575419170723 -1.6699868986906699 
# Stellar mass-weighted [Mg/Fe]:
0 -9.71445146547012e-17 -1.3877787807814457e-17 0.9401319485974233 0.8997101453135646 0.6843866778266703 0.6030570557284983 0.5318426646112961 0.20519081820194113 -0.023123555356517292 -0.16920687359427616 -0.2679374993002615 -0.3388634502063304 -0.39249251754430275 -0.43476840355021057 -0.46921680038771796 -0.49799431672965494 -0.52251061100032 -0.5437412316557342 -0.5623235462345382 -0.5788229404154136 -0.5936332690425148 -0.6070415491180232 -0.6192608502472917 -0.6304691549214371 -0.6407942350136684 -0.6503478209769186 -0.6592156787904259 -0.6674729226117704 -0.6751515965670984 -0.6824155055633289 -0.689242452046001 -0.6956674552373375 -0.7017305384639643 -0.707448927846072 -0.7128217879118328 -0.7178559456148002 -0.7225613799502916 -0.7269652771818117 -0.7311062436079063 -0.7349842530693136 -0.7386394049934443 -0.7420666923027738 -0.7452841087073846 -0.7483396505976181 -0.7512176548285177 -0.7539352107613997 -0.7564956812137893 -0.7588918972637142 -0.7611991106588848 -0.7633685924809316 -0.76544979480594 -0.7674541597661525 -0.7694308617708037 -0.7713806529419565 -0.773301600277424 -0.7752224758973996 -0.7771042534106892 -0.7790839283417579 -0.7808839744441498 -0.782672980758406 -0.7844462648181453 -0.7862303732868313 -0.7880007971776499 -0.7897431965186014 -0.7914512215123557 -0.7931725530064546 -0.7948624804238288 -0.7965187793827525 -0.7981454573595228 -0.7997595666724192 -0.8013659628920193 -0.802915994268261 -0.804436681575584 -0.8059583429322721 -0.8074676722364079 -0.8089252683056013 -0.8103780623947334 -0.8118109840182294 -0.813244332739665 -0.8146432197457287 -0.8160307609305449 -0.8173835387900235 -0.818745850436833 -0.8200871238013984 -0.8214209141219754 -0.8227309903927803 -0.8240222694696452 -0.8252971670826621 -0.8265838423867307 -0.8278507529443772 -0.8291020414076403 -0.830322781270405 -0.8315425948335003 -0.8327512140244306 -0.8339669552984148 -0.8351653176780124 -0.8363559171564999 -0.8375097256011499 -0.838668768838224 -0.8398131545467707 -0.8391746591353793 -0.8387725770773719 -0.8384496498736272 -0.8381621942655139 -0.8379040031334022 -0.837671165129511 -0.8374623440638426 -0.83727469440289 -0.8369469171353178 -0.8357007044691093 -0.8343668269980516 -0.8336650801465242 -0.8333516662277122 -0.8331951961596678 -0.8330918579909066 -0.8331829172464372 -0.8333482900850768 -0.8334381530048665 -0.8335637159859457 -0.8338606370295053 -0.8340618086284172 -0.834298414316345 -0.8343457312911843 -0.834809657451363 -0.8351689450610892 -0.8361959801056896 -0.8370667059500421 -0.8378133548055745 -0.8385906258319272 -0.8394689214289025 -0.8401165724959584 -0.8408150745208918 -0.8415644917404432 -0.8420902406161394 
# Gas [O/Fe]:
-2.220446049250313e-16 -2.220446049250313e-16 1.1793921771373772 1.115024196471698 0.6879138899859412 0.5273602119943479 0.28914245707106234 -0.6627346271112982 -1.068110909238202 -1.2879618387769862 -1.4029254575405907 -1.4589898309055347 -1.4826644094950425 -1.491142582632594 -1.4930869131411288 -1.4921685391801485 -1.489638291858259 -1.4863948058279957 -1.4826538175045119 -1.480678318479117 -1.4797865551013942 -1.4796194301040941 -1.4797119154865004 -1.4799096101709162 -1.4798141353916652 -1.4793903836376574 -1.4787703589456254 -1.4779448791286436 -1.4770854402652807 -1.4763744386631963 -1.4790252576901541 -1.4728432742251774 -1.471846826678034 -1.4713160848314786 -1.4697823190398145 -1.4676501486076747 -1.4648645791745234 -1.4619457262503617 -1.4592732933066277 -1.4563586779667228 -1.4536797390555007 -1.45084819415724 -1.4481600967840547 -1.4457855485429667 -1.4431020923595637 -1.4407025704906302 -1.4385262454245316 -1.435813770677528 -1.4338542008190118 -1.43085176406071 -1.4295464576741015 -1.4277937184243694 -1.4269147679529182 -1.426177496644095 -1.4254126316598041 -1.424913100197525 -1.4244262225861233 -1.4330806237107017 -1.4171928844033568 -1.4087987642710884 -1.4205614284372068 -1.42286657751539 -1.4219020787474166 -1.4193183771044435 -1.4197425879423675 -1.4180399077661174 -1.4166642557849645 -1.4158466133273673 -1.4159478962283722 -1.4170668894719252 -1.4161962318880192 -1.4150220730590297 -1.4142351361244094 -1.4157519763500455 -1.4157401899333422 -1.4145936293729258 -1.413497820575836 -1.4133739461533414 -1.4145961420021749 -1.414253544345748 -1.4133951427867648 -1.411925989848202 -1.41218474822233 -1.4127365405608658 -1.4128228364713427 -1.4133905938270426 -1.4121547071941565 -1.4099525049817152 -1.4124518368523218 -1.413130201302478 -1.412775814349655 -1.409721811396136 -1.3915859735355565 -1.416129993255759 -1.417897402360981 -1.415966102175616 -1.4144184997595202 -1.411868343062929 -1.4101868413684089 -1.4082502598754447 -1.4079361637768832 -1.40982483312665 -1.4099726446780791 -1.4102968681310175 -1.4107057865067565 -1.4102144419720974 -1.4100217495180474 -1.4095366109604015 -1.4090623403751166 -1.409542009911325 -1.4088033853592064 -1.4078596734698963 -1.4083730101777552 -1.4090676935697135 -1.409986364847976 -1.412385497365356 -1.4149516685113652 -1.4176039687861433 -1.4184525294862307 -1.4203083140239308 -1.4227162089811272 -1.424978734225952 -1.4263598713396064 -1.426915582482584 -1.4295222598129367 -1.432420052051088 -1.4374615434927513 -1.4415083895168503 -1.4445693629487129 -1.447082760381176 -1.448774078724129 -1.4503351445879764 -1.4515931670849251 -1.4526858219380796 -1.4536269466682636 
# Stellar mass-weighted [O/Fe]:
0 0.0 0.0 1.16592969751767 1.1184562778881162 0.8585111208157339 0.7551868258763406 0.6749362699388757 0.34488294473113035 0.11534879656190977 -0.03122645728618534 -0.130178523898288 -0.20120826235663647 -0.25485809837452156 -0.29711502903244147 -0.3315315070264415 -0.3603091766432449 -0.38487759004994215 -0.40621943060132826 -0.42496642887432223 -0.4416543562365177 -0.4566526546273557 -0.4702449218795376 -0.48264383302873115 -0.4940242518744513 -0.5045240262449636 -0.5142561860862345 -0.5233104402684678 -0.5317667317137226 -0.5396911248580961 -0.547139684444741 -0.5541713892389588 -0.5608001511340478 -0.5670768367395593 -0.5730370569819712 -0.5787056311916086 -0.5841032812166194 -0.5892480902814328 -0.5941602483684248 -0.5988638137404371 -0.6033666191431422 -0.6076870499593808 -0.611833398273652 -0.6158199668114419 -0.619657362687986 -0.6233545559942577 -0.6269212640242229 -0.6303642735857055 -0.6336894883683571 -0.6369089965535394 -0.6400199455287754 -0.6430407766168401 -0.6459621278221093 -0.6488031748125679 -0.6515596967673662 -0.6542378088187509 -0.6568505678040584 -0.6593944641737344 -0.6619739447755149 -0.6643245983122906 -0.6666091863820227 -0.66887724565612 -0.6711140951941001 -0.673295327376976 -0.6754186526332968 -0.6774989004171441 -0.6795317940351258 -0.6815143092231183 -0.6834533651145629 -0.6853522122730709 -0.6872175209777931 -0.6890378343583135 -0.6908206293214127 -0.6925662795163368 -0.6942878602413459 -0.6959793606189069 -0.697618285467565 -0.6992355521310486 -0.7008156061511501 -0.702381009818792 -0.7038979513068793 -0.705397951153278 -0.7068555599210107 -0.7083098648318263 -0.7097279917345172 -0.7111277289593773 -0.7124890263001602 -0.7138367356961659 -0.7151566495129191 -0.7164760569382393 -0.7177573767586263 -0.7190219488254002 -0.7202482055282138 -0.721450402066026 -0.7226638983663751 -0.7238737901854093 -0.7250485922814558 -0.7262054267873908 -0.7273286866081277 -0.7284451956176404 -0.7295410596155718 -0.7288783410127755 -0.7284521298771276 -0.7281035896017569 -0.7277911606581327 -0.7275097751503354 -0.7272553277206664 -0.7270261823597115 -0.7268194546960212 -0.7264562745804977 -0.7250569116803631 -0.7235314803513915 -0.7227124545699275 -0.7223309726337073 -0.7221266917869986 -0.7219761819391726 -0.7220460796199093 -0.7222036498344708 -0.7222980537194834 -0.722420872968718 -0.7227311791600757 -0.7229376693414897 -0.7231878891281103 -0.7232334270582568 -0.7237323903379174 -0.7241094029122777 -0.7252093498136036 -0.7261459633011954 -0.7269423160720869 -0.7277737965978828 -0.7287446485372685 -0.7294233098835805 -0.7302005824935422 -0.7309966907320766 -0.7315712321655883 
# Stellar mass-weighted [N/O]:
0 1.1102230246251565e-16 1.1102230246251565e-16 -1.7626819920782668 -1.7757089664015644 -1.4944874819016514 -1.1148104834244392 -0.8170688539483388 -0.5977683626059989 -0.4380042731620539 -0.3185641640951078 -0.2299965354789335 -0.16330883101231763 -0.11109352547575735 -0.06792518149805593 -0.030829659450156477 0.0028070525189280993 0.03479598091735747 0.06563837982709453 0.09506947965888157 0.12178736205249541 0.14532961055718152 0.1658593066900237 0.18385548305113453 0.19971105277689893 0.21337474999939243 0.22452040997334566 0.23326430316839808 0.23987164077139955 0.24461382212268235 0.24776470320205624 0.24952401908816113 0.2500307788592123 0.24945350531264954 0.24807714555687232 0.24641579999423202 0.24474535648787676 0.2431605451546176 0.24169293010382564 0.2403211448377176 0.23903776030527368 0.2378333790550904 0.23669680801132065 0.23562085693987522 0.23459656155451403 0.23361860962838688 0.2326840050187764 0.23178764037119437 0.23092455464673234 0.23009669191499083 0.22929229537253626 0.228522568421622 0.22777321300264208 0.22705522801483602 0.22636306098066328 0.22569453795231254 0.22505405502856746 0.22442593244076958 0.22382034212180835 0.22323720112675738 0.2226527292581849 0.2221068587817676 0.22158083816691043 0.22106537865026454 0.22055308797716766 0.22006847406973862 0.21959204901635987 0.21912814733876573 0.21867128530781155 0.2182260837051494 0.21779812604791982 0.21737173343121285 0.21695430634108392 0.21654803538476164 0.2161573592064554 0.21576594941750005 0.21538295039386435 0.21500559826573273 0.21464648269810516 0.21429252257693665 0.21393727697512388 0.21358810242084714 0.21322102993916336 0.21290799475321975 0.21259963280647987 0.21228613223293313 0.21197447684832704 0.21166201592428535 0.21136046460821445 0.21107440284203438 0.21078822755044524 0.21049739554853775 0.21020963211720234 0.2099051429644898 0.20964776918782713 0.20939592437662402 0.20914182936732417 0.20888041210314123 0.20861831704959033 0.20835952245872236 0.20810843136605184 0.20826098108575763 0.20836797420839193 0.20844856736644224 0.20850859448617243 0.20856130312854937 0.20861143409821492 0.20866293344685993 0.20871726375128008 0.20882822381129673 0.20920070425031523 0.2097982629204559 0.2102750943894116 0.21078661850858504 0.21124225457402557 0.21181679366284756 0.21241194420356357 0.2129785091656543 0.2131877009262383 0.21351626918530342 0.21407618851632593 0.2144924160036178 0.21489138871027458 0.21499867312386234 0.21569999238440252 0.21626446251303844 0.21771532781958025 0.21886778517515182 0.21984999637959568 0.2208090926630999 0.22181989297584936 0.22266413065214585 0.22343716304933847 0.22438769677362702 0.22495591253966396 
# Stellar mass-weighted [C/O]:
0 0.0 0.0 -1.1856156345557491 -1.1509806792527182 -0.927867852727722 -0.8294766526969568 -0.7880104371963648 -0.7492085045960231 -0.7139147580529737 -0.6839531962525253 -0.6584588480499546 -0.636380083513714 -0.617009286766007 -0.599619141775567 -0.5836864616510488 -0.5687453051252375 -0.554373260391723 -0.540447790551014 -0.5268690578889793 -0.5135479537770203 -0.5004243561329155 -0.4875406633937187 -0.47489979782835445 -0.4624669664040062 -0.44950521519995745 -0.43501461526218976 -0.4187565294349722 -0.4010152765826861 -0.38219779651333563 -0.3626798850419479 -0.3427643748164565 -0.3227130152996699 -0.30265661446104253 -0.2825104337557206 -0.2620330100026127 -0.2412134768967611 -0.22006150514282513 -0.19875638890588043 -0.1776336678451042 -0.15660705722458784 -0.13593523570790678 -0.11560984650724082 -0.09566510445674892 -0.07621623492982249 -0.05716306758221412 -0.03865286176393634 -0.020594155697530148 -0.0030026105270904435 0.014060432208237328 0.030804751841075645 0.046838761132947604 0.062387602244511314 0.07725151778480643 0.09145342378222476 0.1052487290268691 0.11831420228203779 0.13089459538217452 0.14320097054758185 0.15486305320377086 0.1661092430368729 0.17717342253560397 0.18777533754448728 0.19795858465613106 0.20794491109560234 0.2177305558699238 0.22696953445714543 0.2358223834469234 0.24446749891571526 0.2527714691345997 0.2605590507856934 0.2680443537974776 0.275362028888627 0.28246477217994514 0.28913521301143125 0.29555954014278196 0.3017678053642981 0.30783044503265916 0.3137343069710374 0.3193416460628098 0.32469656222728205 0.32997500877738145 0.33513810734479954 0.3401338775160949 0.3448002730100136 0.34934138527135944 0.3537653491961771 0.35818784830350886 0.3625266491767338 0.3666206372159254 0.370491137619345 0.37428035712027524 0.3779939449491213 0.3817027501448157 0.385385837135515 0.3888999168482078 0.3921871325929136 0.39540458290309 0.3985494752188006 0.4017032483734053 0.40482897951482044 0.40293480421080585 0.40169629111089106 0.4006907955008253 0.39980792409255383 0.39901426284428176 0.3982918493008514 0.3976304270211628 0.3970200226919691 0.395921516927932 0.39176772889797107 0.3869128821171268 0.3840410741613618 0.3822235623097562 0.3809473265415478 0.3796078958955254 0.378788655451416 0.3782547907952325 0.3781622594291533 0.37791649165318886 0.37776813935784426 0.3776021672222337 0.3776006233335915 0.3775360515882803 0.37765303493820834 0.3776504134157603 0.37806263263080164 0.37852983558557984 0.37891893594837034 0.3794462696311147 0.38025195214802854 0.380555118739677 0.3812760065712619 0.38172326390723615 0.3822402972704603 
# Stellar mass-weighted [O/H]:
0 -6.110642220877493 -6.897404088154211 -4.372058268629117 -3.3018480223747897 -3.065121363107143 -2.9735433937276206 -2.9413828680964773 -2.9292689860487844 -2.9240978272687945 -2.9213435019931984 -2.9193622700300335 -2.917651352467664 -2.916046831871842 -2.9145057392197398 -2.9130222537837973 -2.9115926122893248 -2.9102128816587722 -2.9088801681356484 -2.907597477153935 -2.90636782508137 -2.9051957648214444 -2.904074736206044 -2.902999960481808 -2.901967851118438 -2.9009821264786213 -2.900033888602543 -2.899115885167687 -2.898227317343319 -2.897368821324571 -2.896538201855745 -2.895743805176779 -2.8949524886680473 -2.894182092682594 -2.893439596300057 -2.892721704845183 -2.8920135232886546 -2.891312985000437 -2.8906338267574485 -2.889962120062078 -2.889304947122196 -2.8886588330257137 -2.888021732973626 -2.8873986349387373 -2.8867819670439605 -2.8861793983823905 -2.885583457157021 -2.884998211623299 -2.884423321452572 -2.8838495508270636 -2.8832951881556648 -2.882745902555257 -2.882203656031291 -2.8816769846633727 -2.881144640117265 -2.8806370317692958 -2.8801414374864827 -2.8796322975335 -2.879148726232483 -2.87867713511209 -2.878178990286843 -2.877720414545892 -2.8772796654586514 -2.876827953711519 -2.876372024058184 -2.8759482151552707 -2.8755242715848395 -2.87508987763316 -2.87466291336205 -2.8742581600207204 -2.873860526816859 -2.8734522331190977 -2.8730445302356324 -2.87265975560421 -2.8722904491640096 -2.8719092431555007 -2.871523370011488 -2.8711432690085434 -2.8707941428899213 -2.87044612385273 -2.870090626308868 -2.869721973677044 -2.8693689473668087 -2.869041467390839 -2.868721497707698 -2.8683876808290902 -2.8680468299044097 -2.8676985005106417 -2.867386230760463 -2.8670917721328593 -2.8667927026074658 -2.86647682755165 -2.866153180263547 -2.8658064574306943 -2.8655216610895593 -2.8652543114432527 -2.864982065639272 -2.8646935520934615 -2.864396525877372 -2.8640927099351057 -2.863793659372032 -2.863989113669934 -2.8641362004912283 -2.864250253685916 -2.8643361460354475 -2.864404660525487 -2.8644620983033375 -2.864513453094899 -2.864568107634775 -2.8647236841890935 -2.865159350708094 -2.865652997469553 -2.865889640328813 -2.866053421302821 -2.8661778521363948 -2.86624379683236 -2.8662510121602143 -2.866237416161682 -2.866183932339119 -2.8662049810458274 -2.8661404271601505 -2.8660630371287334 -2.8660309844965344 -2.866021768619799 -2.8658684585125274 -2.8657660722088343 -2.8654293916500366 -2.8651776732901624 -2.8650000262139805 -2.86480747283277 -2.8644282322874854 -2.8643507829471293 -2.864017056442332 -2.863863115194893 -2.8636896737642594 
# Gas [Mg/H]:
-6.110642220877493 -7.135824452324636 -4.041151272456071 -2.4961167439056196 -1.9684006485203547 -1.6384857880839299 -1.4361520286734928 -1.2512300579518687 -1.0464503062019697 -0.8089637705354837 -0.5744170974530673 -0.4035861675881547 -0.32288902294690836 -0.3031402401422829 -0.3092026087265305 -0.31742523050065063 -0.3216981947159452 -0.3215952752695408 -0.3200204232167261 -0.3226622603966076 -0.33023207482454975 -0.33842296580398656 -0.34723262095322305 -0.35668747551271984 -0.36329677999258525 -0.36717878042686003 -0.3695202131382871 -0.37013918616343044 -0.3614484542580927 -0.3776745760092286 -0.3789801313956547 -0.3768058410695545 -0.37639221045786186 -0.37049347034245894 -0.35291306594505834 -0.32812767889457106 -0.3013294408202185 -0.2761301965166769 -0.25173553820894856 -0.2284899332831145 -0.2086013334280672 -0.18707326364447674 -0.1668995889065279 -0.15371897610428498 -0.13787206475540703 -0.12206975179048385 -0.10671298622391934 -0.08867118662525808 -0.0820237535042061 -0.07101214325971927 -0.06018097456244664 -0.05934645597422428 -0.06371776365099979 -0.07074625509771515 -0.08223129764949633 -0.09090361017854676 -0.09571988256607078 -0.11385522543575455 -0.12130119777379633 -0.13154320447326917 -0.1421265511416303 -0.15156708015050846 -0.16121758050870394 -0.17313710420187434 -0.18072148940408894 -0.1955603249983433 -0.20373072354785382 -0.21425840625279324 -0.22277031889019838 -0.227698118013679 -0.2441394272272417 -0.24425261538350984 -0.2529899945545324 -0.25868825829011577 -0.26684272789179087 -0.271651753280592 -0.28437224369105074 -0.2951939492830107 -0.303467529686114 -0.3139834675823323 -0.32418808229245055 -0.33532623268975126 -0.3439254170836925 -0.3477094373930889 -0.35608721045459557 -0.3729919816707037 -0.3800063727039218 -0.39412464133650715 -0.39949800372083644 -0.40911211147494075 -0.4152514028166481 -0.42719489452314896 -0.4392531728018678 -0.45577396521849867 -0.46208216979792915 -0.46945879408616253 -0.4802112261360314 -0.48371956727325394 -0.5033620231606699 -0.519066815801545 -0.5314381070151573 -0.5311753375561485 -0.5337390409731482 -0.5335457270522523 -0.5338043222969562 -0.5357964065719578 -0.5382751466261215 -0.5412638762922102 -0.5438086305226566 -0.546009471526828 -0.5630688846612291 -0.5915240803191262 -0.611111208827186 -0.6291267535115956 -0.6432521857886284 -0.658004105168839 -0.6688707769363953 -0.6771241775615247 -0.6801023220332141 -0.683975843254947 -0.6887320819159477 -0.692595539882511 -0.694281440494386 -0.6945541161334274 -0.697249800673668 -0.6975802243424649 -0.6976680185276098 -0.6959928250794523 -0.6954951676401313 -0.6963802307224736 -0.6983181172208113 -0.6996515781656854 -0.7020245845560869 -0.7042583133164229 -0.7059663373680509 
# Gas [C/H]:
-6.110642220877493 -7.135824452324638 -5.01445010395121 -3.4263844976191216 -2.6101722295375076 -2.16159372139117 -1.8948750372015049 -1.510547430699912 -1.0941997069696185 -0.696771493208697 -0.3539125181022178 -0.11198231602333619 0.016656691738957896 0.0719562138262293 0.09491251538491641 0.1097387427696428 0.12692384480089247 0.14482677159532598 0.16351056899444094 0.1829540296963188 0.20238281123501078 0.22067754814337714 0.23738280133119005 0.25395494908169747 0.2879275799502157 0.3478720118841325 0.4142382044265971 0.47502446431372425 0.5278936216200649 0.5735650840873281 0.613065330605278 0.6476068177770853 0.6783738903644805 0.7096029791044325 0.7470317685140424 0.7862573778158088 0.8239571681382998 0.8587207540005308 0.8904613720012065 0.9194671438002646 0.945953012455313 0.970349395433332 0.9928684923991096 1.0138574391344948 1.0333890437803643 1.051368666684922 1.068492568945357 1.08460897812986 1.0998267617926136 1.1141146443720378 1.1268927715628587 1.1364615277459449 1.1438179474009544 1.1499618769441953 1.1553320810224341 1.1607693188081432 1.1657861490081567 1.170508809827877 1.1752947420422197 1.179870991918368 1.1841854889497427 1.1885588168387078 1.1927733228306971 1.1968675278854235 1.2004977460188235 1.202491933693595 1.2010272655231717 1.1991021101531727 1.195795619642925 1.192325716243642 1.1886198286055065 1.184725284212906 1.1804851252697057 1.1780103458779991 1.174360495562789 1.1703835986884776 1.16653797757525 1.167323627671983 1.1610201232129116 1.1545679187013382 1.1502660947127987 1.1471006215124087 1.1440189106064245 1.1406976591422158 1.1369751408347448 1.1328592004194262 1.1291311355748945 1.1252720967831351 1.1220055710052543 1.1193049890696773 1.1144373301842005 1.110729175802149 1.1071602663759976 1.1035530469839583 1.1002548763147306 1.097129932002114 1.0937549758983733 1.090192657178287 1.0862762872082206 1.0831871559385595 1.0798033129231959 1.0779892353172622 1.0766496130316208 1.0753524772292131 1.0740502567240933 1.0725551589158475 1.0710632438927372 1.0695843334021014 1.0681622898058762 1.0656363189759652 1.0529289461372735 1.027738350315612 1.0024331245932006 0.9780961079617532 0.9556097898353677 0.9266784462108135 0.901082769722259 0.8778166827251717 0.8701770697398632 0.8560887379027977 0.836558318354113 0.8201392115671386 0.8101602300720621 0.8057936642679868 0.7881993934041831 0.7699388643769187 0.7379014792641887 0.7115868799070104 0.689663392061358 0.6703232442244191 0.6525791931231479 0.638119237475403 0.6240487408867441 0.6115799737226943 0.6005965325359219 
# Gas [O/H]:
-6.110642220877493 -7.135824452324636 -3.8146909628021177 -2.277915558457825 -1.8373757591800919 -1.5516471034900592 -1.3704113904983135 -1.1878551138031135 -0.974326020568065 -0.7265409739359141 -0.4811825779721923 -0.3006255314266184 -0.20931510845640888 -0.18146898838699865 -0.18241993640816911 -0.19238021773400193 -0.20342313090211883 -0.2133460116516086 -0.2227786619994272 -0.23288736472232374 -0.24387534881135142 -0.2543449620359608 -0.2651583801898556 -0.2755745830531069 -0.2850443655399397 -0.292304499588965 -0.29922283673544836 -0.30568625335863997 -0.3116415347798749 -0.3172544019658292 -0.3259161202023355 -0.32555171559097706 -0.33064288787925955 -0.3358514088184412 -0.3372599953888198 -0.33657807215848257 -0.33660968491245224 -0.3365816359189142 -0.33387086464973903 -0.33391673323396054 -0.3319370649440585 -0.33099747396360435 -0.3304109554205592 -0.32868956614001155 -0.3285124311274332 -0.3268712701264147 -0.32652966648428583 -0.32556403375270104 -0.3239166279272836 -0.3250712021018263 -0.32144556564001414 -0.3230503247025531 -0.32253306173626317 -0.32210822022458396 -0.32633069353216904 -0.3228584137147563 -0.32241404938399 -0.3270895324467489 -0.32213467086726055 -0.3146281632475212 -0.33044020015684294 -0.3291415917699423 -0.326203549309541 -0.327670732253035 -0.3322886098238138 -0.32596426439142245 -0.3259651813268203 -0.33179302554798173 -0.33560900227301627 -0.33300444993721934 -0.33429750453701734 -0.34011121197735816 -0.34541096566170015 -0.3411569634066791 -0.34113958556865764 -0.34529826593399715 -0.3481117789036019 -0.35009138013478847 -0.3499119771354091 -0.3531485829182035 -0.3575156219910789 -0.36293576097481006 -0.3622221649283257 -0.35698550352606917 -0.3571651014473969 -0.3629977564085638 -0.36928179114296267 -0.3743771861523628 -0.3691922543452786 -0.36562563513988255 -0.3672707489979907 -0.3701874384350532 -0.3593073105570239 -0.39065727894251534 -0.3874118052032913 -0.3790160468017998 -0.3773989645931053 -0.3791228201932313 -0.38439445409574313 -0.38990115000254244 -0.39630680794497053 -0.39291915225760743 -0.38899851779553307 -0.3878573903131479 -0.38847439757685187 -0.3891477764076736 -0.39075845780127727 -0.3925035427280519 -0.39367811661634455 -0.3933650373502382 -0.3982638326048682 -0.4081922373535458 -0.417059875732797 -0.42536157804007546 -0.4320368556812535 -0.44036632827266153 -0.4476990642804495 -0.45395603468463985 -0.4564414283853 -0.45965783582793174 -0.46454642747821007 -0.46755504135934833 -0.4692437990684626 -0.4694618452174253 -0.4723542892087842 -0.47336196717840195 -0.4748823221221068 -0.4748504160135991 -0.47556539416125343 -0.4775320226306419 -0.48032825636991205 -0.48199355121789544 -0.48486668039163217 -0.4874865933374304 -0.4896063853456454 
# Gas [N/O]:
1.1102230246251565e-16 0.0 -1.8217707626332653 -1.7771969597349924 -1.315934686326643 -0.6684482977679442 -0.11739112671934449 0.3184055673278944 0.6425497675328186 0.869867800451889 1.0007918532059366 1.0681731174976836 1.1027469184374274 1.1280585735425703 1.1506416164314874 1.1810575889947925 1.221645544564642 1.2641390122849079 1.30148531130629 1.3208052297610609 1.3260333107376272 1.3229770868242547 1.3170208463503141 1.3090596113131159 1.291621789417661 1.255453551126879 1.2051936150377518 1.143014594030014 1.0686819623276134 0.9815100127773495 0.8774833164286916 0.7334302936332912 0.5381600194978293 0.2557144612936002 -0.060432773706379006 -0.35675411912480137 -0.5871014214503101 -0.6981300781428939 -0.7986601147613073 -0.8273578474432011 -0.8365226652293247 -0.8433666050391082 -0.844039552141505 -0.8477805293011436 -0.8502931631906494 -0.8511603427196675 -0.851733429085302 -0.8574706104119874 -0.85266372531555 -0.8607276407516693 -0.8653010803212324 -0.8572183985848432 -0.8462575833821067 -0.8181970048481917 -0.7993784283660073 -0.7974309161254667 -0.7814076659073612 -0.7622280189410795 -0.7529141984407748 -0.7509009541025469 -0.7239859671344977 -0.7119117497585807 -0.7055628778768008 -0.7214942301079466 -0.6676735809380545 -0.6875150556769827 -0.6503104593479614 -0.6550487897021284 -0.6619580869054789 -0.6576778478745704 -0.6566114524477324 -0.6504224020445144 -0.6495373294094482 -0.6516467126662808 -0.6502349152677975 -0.6446669093359221 -0.6408301874707136 -0.635205137846454 -0.6362484377293744 -0.6572649423109367 -0.6431217747565561 -0.8177131322994082 -0.5756386894863581 -0.5775887641094823 -0.5816307829246465 -0.6009416400873246 -0.6102869943744622 -0.6245900963337834 -0.6082583518621136 -0.6148433708514518 -0.6090327151147052 -0.6013052251094537 -0.6247115218798209 -0.5886411363424227 -0.5948918204960827 -0.6047520000721613 -0.5953185073019311 -0.5980536586425409 -0.5932105635122105 -0.6073030929104657 -0.5752510286708425 -0.5840117373067546 -0.5810332260218647 -0.5806891378925032 -0.5850635460111353 -0.5866162228540002 -0.5876568561014566 -0.5873634104002734 -0.5871381418965702 -0.5880224775583618 -0.5946801972348104 -0.5966406227384189 -0.5970826515100265 -0.5952586656537138 -0.594699213402087 -0.5954843215560943 -0.5976705630932355 -0.6008316257733557 -0.6020440425245024 -0.6043320187967596 -0.6082749915681709 -0.6127354481099512 -0.615798083334469 -0.6176411247609421 -0.6238027156338295 -0.6325175151489519 -0.6494208641961505 -0.6649303215299052 -0.6772802486823308 -0.6867784550249076 -0.6942305378034028 -0.7007895936130264 -0.7043725874436526 -0.7099632664702713 -0.7135546477372341 
# Gas [N/H]:
-6.110642220877493 -7.135824452324636 -5.6364617254353835 -4.055112518192818 -3.153310445506735 -2.2200954012580034 -1.4878025172176574 -0.8694495464752192 -0.3317762530352466 0.14332682651597484 0.5196092752337447 0.7675475860710654 0.8934318099810188 0.9465895851555715 0.9682216800233183 0.9886773712607901 1.018222413662523 1.0507930006332988 1.0787066493068633 1.0879178650387376 1.0821579619262764 1.068632124788294 1.051862466160458 1.0334850282600092 1.006577423877721 0.963149051537914 0.9059707783023034 0.8373283406713741 0.7570404275477385 0.6642556108115203 0.5515671962263555 0.40787857804231464 0.20751713161856955 -0.08013694752484124 -0.39769276909519835 -0.6933321912832842 -0.923711106362763 -1.0347117140618085 -1.1325309794110465 -1.1612745806771612 -1.1684597301733834 -1.1743640790027117 -1.1744505075620646 -1.1764700954411547 -1.1788055943180824 -1.1780316128460813 -1.178263095569588 -1.1830346441646888 -1.1765803532428336 -1.1857988428534956 -1.1867466459612475 -1.180268723287396 -1.1687906451183698 -1.1403052250727752 -1.1257091218981765 -1.1202893298402232 -1.1038217152913505 -1.0893175513878282 -1.0750488693080351 -1.065529117350068 -1.054426167291341 -1.0410533415285235 -1.0317664271863425 -1.0491649623609813 -0.9999621907618685 -1.013479320068405 -0.9762756406747819 -0.9868418152501102 -0.9975670891784949 -0.99068229781179 -0.9909089569847493 -0.9905336140218726 -0.9949482950711479 -0.9928036760729597 -0.9913745008364545 -0.9899651752699183 -0.9889419663743153 -0.9852965179812418 -0.9861604148647833 -1.01041352522914 -1.000637396747634 -1.1806488932742178 -0.9378608544146845 -0.9345742676355515 -0.938795884372043 -0.9639393964958884 -0.9795687855174249 -0.998967282486146 -0.9774506062073929 -0.9804690059913348 -0.9763034641126955 -0.9714926635445069 -0.9840188324368446 -0.979298415284938 -0.9823036256993731 -0.9837680468739611 -0.9727174718950362 -0.977176478835772 -0.9776050176079538 -0.9972042429130079 -0.9715578366158129 -0.976930889564362 -0.9700317438173975 -0.9685465282056516 -0.9735379435879876 -0.975763999261674 -0.9784153139027341 -0.9798669531283251 -0.9808162585129141 -0.9813875149086 -0.9929440298396779 -1.0048328600919652 -1.0141425272428233 -1.0206202436937888 -1.0267360690833405 -1.035850649828756 -1.0453696273736846 -1.054787660457996 -1.0584854709098028 -1.0639898546246904 -1.072821419046381 -1.0802904894692995 -1.0850418824029315 -1.0871029699783676 -1.0961570048426141 -1.105879482327354 -1.124303186318257 -1.1397807375435045 -1.1528456428435847 -1.1643104776555502 -1.1745587941733149 -1.182783144830922 -1.1892392678352843 -1.1974498598077012 -1.2031610330828792 
# Gas [C/O]:
0.0 0.0 -1.199759141149094 -1.1484689391612966 -0.7727964703574146 -0.6099466179011106 -0.5244636467031915 -0.322692316896799 -0.11987368640155338 0.02976948072721683 0.12727005986997392 0.18864321540328136 0.22597180019536686 0.25342520221322795 0.2773324517930854 0.302118960503645 0.330346975703011 0.3581727832469349 0.3862892309938681 0.4158413944186421 0.44625816004636176 0.47502251017933833 0.5025411815210461 0.5295295321348044 0.5729719454901554 0.6401765114730975 0.7134610411620452 0.7807107176723644 0.83953515639994 0.8908194860531577 0.938981450807614 0.9731585333680622 1.00901677824374 1.0454543879228737 1.0842917639028622 1.1228354499742919 1.1605668530507527 1.195302389919445 1.224332236650946 1.253383877034225 1.2778900773993718 1.301346869396936 1.3232794478196686 1.3425470052745059 1.3619014749077976 1.378239936811336 1.3950222354296433 1.4101730118825615 1.4237433897198977 1.4391858464738638 1.4483383372028733 1.4595118524484985 1.466351009137218 1.472070097168779 1.4816627745546034 1.4836277325228995 1.4882001983921465 1.4975983422746257 1.4974294129094803 1.4944991551658893 1.514625689106586 1.5177004086086503 1.5189768721402384 1.5245382601384583 1.5327863558426371 1.528456198085017 1.5269924468499922 1.5308951357011544 1.5314046219159412 1.5253301661808616 1.5229173331425239 1.524836496190264 1.5258960909314057 1.5191673092846782 1.515500081131446 1.5156818646224743 1.514649756478852 1.517415007806771 1.5109321003483207 1.5077165016195415 1.5077817167038772 1.510036382487218 1.50624107553475 1.497683162668285 1.4941402422821415 1.49585695682799 1.4984129267178574 1.4996492829354984 1.4911978253505331 1.4849306242095606 1.4817080791821915 1.480916614237202 1.4664675769330218 1.4942103259264743 1.4876666815180213 1.4761459788039133 1.4711539404914786 1.4693154773715182 1.470670741303964 1.4730883059411017 1.4761101208681664 1.4709083875748696 1.4656481308271534 1.4632098675423615 1.4625246543009454 1.4617029353235214 1.4618217016940154 1.462087876130153 1.4618404064222204 1.4590013563262032 1.4511927787421415 1.435930587669158 1.4194930003259976 1.4034576860018284 1.3876466455166208 1.3670447744834753 1.3487818340027078 1.3317727174098115 1.3266184981251636 1.3157465737307292 1.3011047458323235 1.287694252926487 1.2794040291405246 1.2752555094854123 1.260553682612968 1.2433008315553205 1.2127838013862953 1.1864372959206098 1.1652287862226114 1.1478552668550617 1.1329074494930602 1.1201127886932984 1.108915421278376 1.0990665670601247 1.090202917881567 
# Gas [Ca/H]:
-6.110642220877491 -7.135824452324636 -4.327470388139229 -2.7777431716547003 -2.2051692847958186 -1.8438349869344366 -1.5486615978170688 -0.6554952083950925 -0.06210145071516404 0.3986585106455207 0.7564717236055323 0.9920430737962906 1.1066270560217824 1.1427601789880368 1.1436755805615997 1.1327766798099104 1.119201831542612 1.1063186328046664 1.0926910184963745 1.0806442585359237 1.0688217894250398 1.0582409051828208 1.0475562508908371 1.03734623476607 1.027655833307442 1.0201317202625386 1.0127737310619702 1.0051438001747748 0.9984056349403252 0.9920543149704182 0.9861641162889665 0.9802379606875826 0.9740040992603101 0.9687455851658173 0.9665180216938669 0.964038745742144 0.9616997642443623 0.9600964984958962 0.9631456643449763 0.9521789480768108 0.9513956139072128 0.9517625817143536 0.951711635308711 0.949281388532742 0.9470637229020049 0.9469774182894746 0.9446743953687307 0.9430364723456286 0.9428282933291356 0.9386304173227273 0.9409964801459418 0.9377361658626819 0.9373108688067626 0.9369904737477279 0.9320300107672539 0.9351589214003777 0.9339410053424686 0.927848234435376 0.9320977921255755 0.9315311546136567 0.9263284280339246 0.9278051936052218 0.9290936289438667 0.9249061304743655 0.920645097493753 0.9258889752755133 0.9234036641871386 0.9170168798946889 0.9132480362541466 0.9165484281290723 0.9147913705635577 0.907884702190823 0.9015964023580905 0.9056739070386701 0.9079270806659485 0.9031936531631146 0.8990576000010115 0.8966725957023067 0.897903335333174 0.8941555669193866 0.8889813284168593 0.8824468226774806 0.8828688755167944 0.8886433512429015 0.8883663224921428 0.8832185501729883 0.8757825818704132 0.8685380909218301 0.8762995987714728 0.8808386125479837 0.8786802303631065 0.8724838583953911 0.8663056764386052 0.8585801900624146 0.8632546985654814 0.8697255173528244 0.8697905486799531 0.8656354729738913 0.8586947762346187 0.8508599622114925 0.8444659065832445 0.8500354625907072 0.854929160683839 0.856379240480722 0.8556930165250574 0.854381556972351 0.8524952629355163 0.8502507592186737 0.8485922363160876 0.849317868287117 0.8436281753099841 0.8328030370633384 0.8243591700242172 0.8167686464580326 0.8111277314887495 0.80510790524154 0.8003016462429837 0.7966962890584659 0.7950536064791676 0.7937258537401997 0.791192252790859 0.79047757168627 0.7901772883775635 0.7905067555542082 0.7902282965962373 0.7921135085989421 0.7956322585420965 0.799707600042729 0.8020506239154832 0.8025972682545444 0.8014969615854062 0.8013915945930803 0.7997667422819399 0.798249039725925 0.7970711433210278 
# Gas [Ne/H]:
-6.110642220877493 -7.135824452324636 -3.9369641550765024 -2.3923855204178404 -1.8724168871451745 -1.5901498226700168 -1.4149435566918172 -1.2842453461315824 -1.1744459390969828 -1.0767521416018555 -1.0038931546760024 -0.9762411531370008 -0.994925316180777 -1.0303274799372204 -1.057690699290136 -1.0773821061183728 -1.0920635883603662 -1.099398953541125 -1.1084154498058734 -1.1175944971969711 -1.1260348220581733 -1.1355231738750895 -1.1453567375876066 -1.154142418477143 -1.1612522151921114 -1.1662489441416142 -1.1744883282883247 -1.176187066404724 -1.179679386393719 -1.179055533079599 -1.1805422267212258 -1.185257104849807 -1.1902790077526646 -1.1842269317383947 -1.1748624952630502 -1.1585450758617855 -1.1371687663591894 -1.119938066265334 -1.0997312802740558 -1.072095715758671 -1.065464030924498 -1.0556697138214215 -1.0399444615753382 -1.0233306468123242 -1.0000507067080546 -0.9990179841329985 -0.9889002557530011 -0.9749416391297689 -0.9638278548706865 -0.9541059759202168 -0.943172446160756 -0.9355043661978151 -0.9288085590398403 -0.9291491791198192 -0.9131213711811306 -0.9131096032193611 -0.9160310439842396 -0.9075038645656104 -0.8591031971798158 -0.9199550820520681 -0.9195667168844137 -0.9047773277675155 -0.8934520290034431 -0.8925378034056912 -0.923132435784594 -0.871162820433236 -0.8693569614346632 -0.8844558963081219 -0.893914801021185 -0.89527917664486 -0.8971439120202342 -0.9181189393825555 -0.9262861553970252 -0.9261368625588835 -0.9312152974414047 -0.9380929820317636 -0.9446413813584353 -0.9460365040353818 -0.9551328161150572 -0.9659925431824128 -0.971173530407734 -0.9793841265118086 -0.9811125731529691 -0.976885522739571 -1.0094315234880593 -0.9929738343766257 -1.0134606390315177 -1.0256352033254554 -1.0225746923544783 -1.0283438800828053 -1.0270449244214825 -1.0410598366533206 -1.0492939714524425 -1.0619691088522654 -1.0650922885310106 -1.0742071131975752 -1.0781382175576155 -1.0775974180623429 -1.0775277092918545 -1.091969494722659 -1.1119061864315416 -1.1140603451996212 -1.0783900804763817 -1.1013290273698813 -1.1119230369123692 -1.1134103382587952 -1.1184685783717212 -1.1221872376715627 -1.1251888080128811 -1.1292139817553748 -1.1485123483505797 -1.1814886099256787 -1.2056142708407753 -1.2269082901801767 -1.2451441077121785 -1.265365323841558 -1.279974637896915 -1.2895215326632377 -1.29452239170302 -1.300501990436162 -1.3081717280127245 -1.3134118185923533 -1.3162960917191784 -1.3170908256459217 -1.3215566969703723 -1.3241902937139676 -1.3273135968463183 -1.328118798939677 -1.3297469004416227 -1.3321406231722666 -1.335256238875818 -1.336989475421202 -1.3399375024283637 -1.3425189288950188 -1.3446235621997378 
# Gas [Si/H]:
-6.110642220877493 -7.135824452324636 -4.02481666213658 -2.476377007934728 -1.9171814937914897 -1.560578436542598 -1.3143194536536393 -0.65487177491136 -0.10885327920766663 0.33749708428488034 0.6899332073175279 0.9233145184497635 1.0369741595973934 1.0727885777210777 1.0735987490864685 1.062648278316606 1.049040006584506 1.035585091044334 1.0228823249454266 1.010808147199493 0.9989022435250732 0.9882083210863706 0.9774624681792474 0.9672186585171478 0.9576597986707678 0.9499753822010528 0.9424506527214187 0.93517640821615 0.9283455300284054 0.9220362555703554 0.916034783069779 0.9102175488697988 0.9041575913785707 0.8984338937565863 0.8954897155760286 0.8940621265440316 0.8912751466688831 0.88835373404337 0.8884189028420506 0.8854441069818844 0.8847258662964226 0.883033333067127 0.8810253566414681 0.8809412569265591 0.8774354615120075 0.876798277277377 0.8751516065970408 0.8734464374518267 0.8731501415243796 0.8690702934024332 0.8713794578872918 0.86805288441332 0.8676899437548511 0.8672636260832958 0.8620617612856187 0.8651769424845042 0.8642264095582961 0.8582206372809869 0.8624095487586008 0.8617385611085955 0.8562128032979017 0.8576722911907715 0.8588593035824852 0.8548779772621078 0.8507434500180309 0.8550561359098534 0.8536516255772555 0.847013001114973 0.8431513655414622 0.8469571699547194 0.8449730663947577 0.837996745346357 0.8318635538790593 0.8375964088708416 0.8376007999279436 0.8322635234525073 0.8283986365871572 0.8263138589281245 0.8276612522397668 0.8240486891068053 0.8188462711839195 0.8119943400880913 0.8135181666996916 0.8243450504089553 0.816534112927747 0.8111350525986905 0.8041272911497175 0.798225361702579 0.8061194622462491 0.8105008659845692 0.8082949385937037 0.8022556498938047 0.794565672420271 0.7887536748846942 0.7937230875318826 0.8001218527182736 0.7999837319213201 0.7956472223253264 0.788550898852987 0.7791444769887255 0.775303739759829 0.7806667135974372 0.7845066283180868 0.7858765301053361 0.7855698605019494 0.784227902354687 0.7824358153145758 0.7801950959357575 0.7785371889198887 0.7792862584721689 0.7735428313920503 0.7626189870501934 0.7542273818845371 0.7466252430035429 0.740857402885188 0.7349232295686341 0.730167752861036 0.7265468333655445 0.7249081579765622 0.7235371116791351 0.7210493098357165 0.7203175509602016 0.7200064822944805 0.7203464131691919 0.7200818363186374 0.7219488360402471 0.7254480437634867 0.7295334288023412 0.7318781767209486 0.7324237952495838 0.731319798397168 0.7312151515799354 0.7295989021122651 0.7280713198909607 0.7268973905917466 
# Gas [S/H]:
-6.110642220877492 -7.135824452324637 -4.099272418567227 -2.5482216608546224 -1.967111209544373 -1.6083688287056548 -1.3580314134908376 -0.6744364968719996 -0.12194355341046403 0.32640832392721286 0.6796471981016179 0.9133681642068563 1.0271722313432003 1.0630601342515456 1.0638875672723604 1.0529598870734187 1.0393520189613623 1.025942043087671 1.0131897591875685 1.001074211039541 0.9891235195469577 0.9785341393055687 0.9678179053760378 0.9575678557203875 0.9479923570111248 0.9401845487333507 0.9328257611169919 0.9255911505451984 0.918765772793587 0.9129806607314932 0.9067039772804049 0.900166555303838 0.8941674895931602 0.8886151188802738 0.8857286446614654 0.8843251362704776 0.8815972697053063 0.8788433275417349 0.8786328087173709 0.8758825273339994 0.8746130633028137 0.8733371416497642 0.8710558064500642 0.8713933579850464 0.8677641810441648 0.8668085107003769 0.8650723021216935 0.8635126595262568 0.8634022935686856 0.8591423286345679 0.8614030701364612 0.8581324589433175 0.8578378224413923 0.8573608798825072 0.8522948930754959 0.8553825375525079 0.8542646779092333 0.8476995849959845 0.8529893355586342 0.8522531213008389 0.8463218079625028 0.848233020633371 0.8491635825487469 0.8455070038513597 0.8412285880972172 0.8457187699209392 0.8440707136131556 0.8373100831935174 0.8336101730709045 0.837474034728964 0.8353253055842353 0.8285201315611435 0.8223966653623238 0.8280841020237535 0.8280902886012065 0.8227381110614322 0.8188841808517227 0.816827977346211 0.8182132431869125 0.8146142512566286 0.8093371156095266 0.8024583946447201 0.8034535562224221 0.8091898428654005 0.8090179024009849 0.803621038450097 0.7966142751057923 0.7892197843628521 0.7968279511826291 0.8005488630078181 0.7979559182668661 0.7929023682991572 0.7852660224137056 0.7799296143624428 0.7848610916453103 0.7908578407535476 0.7906505405550224 0.7862293598559082 0.779419706883342 0.7717739627640832 0.7651244830411725 0.7704695130203723 0.7743829454642963 0.7750662344676593 0.7748505929489342 0.7742527306673059 0.7726734449982819 0.770520481695546 0.7689062138414586 0.7696895163592652 0.7640607260516097 0.7531903458246072 0.7448145923357918 0.7372315631321156 0.7314754311579641 0.7255526969617172 0.7207978634731713 0.7171941040699759 0.7155465925880318 0.7141909850143691 0.7117104362138189 0.7109682370824766 0.7106575304261913 0.7109965438495554 0.7107097861849692 0.7125957527234164 0.7161132018659675 0.720193877304351 0.7225221638170378 0.7230669261164104 0.721964195897101 0.7218599125297605 0.720246677625215 0.7187209177642355 0.7175433251389389 
# Stellar mass-weighted [Mg/H]:
0 -6.110642220877493 -6.897404088154211 -4.597856017549365 -3.5205941549493405 -3.239245806096207 -3.1256731638754633 -3.084476473424056 -3.0689611125779743 -3.0625701791872215 -3.0593239183012892 -3.0571212454320067 -3.055306540317358 -3.0536812510416222 -3.052159113737509 -3.050707547145074 -3.049277752375735 -3.0478459026091507 -3.046401969190055 -3.0449545945141505 -3.0435364092602653 -3.0421763792366034 -3.0408713634445306 -3.0396169777003683 -3.0384127541654236 -3.0372523352473264 -3.036125523493226 -3.0350211236896456 -3.0339335082413657 -3.032829293033573 -3.0318140229743333 -3.030814867983821 -3.029819792771338 -3.0288357944069997 -3.027851467164158 -3.026837861565408 -3.025766187686836 -3.024626274669296 -3.023438855570835 -3.0222045499295476 -3.0209225810483664 -3.019611188059777 -3.0182550270027466 -3.0168627768346807 -3.015464254953593 -3.014042497216649 -3.0125974038941985 -3.011129619251382 -3.0096257303479295 -3.0081396649324095 -3.0066438351078215 -3.0051549207443564 -3.003695687975335 -3.0023046716216077 -3.000965596291854 -2.999700823227969 -2.9985133455798243 -2.9973420867704546 -2.9962587097987248 -2.995236511243948 -2.9942427846632267 -2.9932894337079174 -2.992395943551383 -2.991533423512192 -2.9906965679434894 -2.9899005362504827 -2.989165030556168 -2.9884380488338698 -2.987728327630239 -2.987051405107173 -2.9864025725114836 -2.985780361652804 -2.9851398951824804 -2.984530157663457 -2.983960931854937 -2.983397554773002 -2.9828303528495237 -2.982285779272229 -2.981789520757 -2.9813094467736043 -2.9808358947477167 -2.9803547834543096 -2.9798969262358215 -2.9794774529958445 -2.979080629774578 -2.978680865991689 -2.97828879399703 -2.977884034284121 -2.977526748330207 -2.9771995575813506 -2.9768860787932168 -2.9765569201338904 -2.9762277560057377 -2.975898650198169 -2.9756089767476146 -2.9753474765562586 -2.9750987910358306 -2.9748440424625704 -2.974577564870394 -2.974316283155688 -2.974065754303231 -2.974285431792538 -2.974456647691473 -2.974596313957786 -2.974707179642828 -2.974798888508553 -2.974877935712181 -2.974949614799029 -2.9750233473416436 -2.975214326743914 -2.97580314349684 -2.9764883441162127 -2.97684226590541 -2.9770741148968254 -2.977246356509065 -2.9773594728840935 -2.9773878497867434 -2.9773820564122877 -2.9773240316245024 -2.977347824063055 -2.977269885029579 -2.9771871764156614 -2.9771415096847686 -2.977134072852726 -2.9769457256259724 -2.9768256143576464 -2.976416021942123 -2.976098415939009 -2.9758710649474676 -2.975624302066814 -2.9751525051791194 -2.9750440455595077 -2.9746315484696817 -2.974430916203259 -2.97420868221481 
# Stellar mass-weighted [C/H]:
0 -6.110642220877493 -6.897404088154209 -5.557673903184867 -4.452828701627508 -3.992989215834865 -3.803020046424577 -3.7293933052928416 -3.6784774906448083 -3.6380125853217686 -3.6052966982457226 -3.5778211180799877 -3.5540314359813783 -3.533056118637848 -3.5141248809953067 -3.4967087154348464 -3.4803379174145617 -3.4645861420504955 -3.449327958686662 -3.4344665350429127 -3.4199157788583907 -3.40562012095436 -3.391615399599763 -3.3778997583101633 -3.3644348175224428 -3.350487341678578 -3.3350485038647326 -3.3178724146026592 -3.299242593926005 -3.279566617837907 -3.259218086897693 -3.238508179993236 -3.2176655039677176 -3.1968387071436366 -3.1759500300557777 -3.1547547148477966 -3.1332270001854168 -3.1113744901432616 -3.089390215663329 -3.067595787907182 -3.0459120043467838 -3.024594068733621 -3.0036315794808663 -2.9830637393954857 -2.9629982019737833 -2.943342465964604 -2.924236318920957 -2.9055923673208293 -2.8874259319796636 -2.869789118618826 -2.8524904363145893 -2.835907141422309 -2.81981605378678 -2.804425466878566 -2.789691216335039 -2.775388302742427 -2.7618272352044446 -2.7487377021513257 -2.735947755684901 -2.7238140819083183 -2.71206974724997 -2.7005469920102874 -2.6895043279141646 -2.6788693690553878 -2.668427112962581 -2.6582176592853477 -2.648554737127694 -2.639267494186236 -2.6301954144463338 -2.6214866908861207 -2.6133014760311655 -2.6054078793216195 -2.5976825013470055 -2.590194983424265 -2.583155236152579 -2.5763497030127187 -2.56975556464719 -2.5633128239758847 -2.557059835918884 -2.55110447778992 -2.545394064081586 -2.5397469648996625 -2.5342308400220093 -2.528907589874744 -2.523921224697683 -2.5190462955577315 -2.514281480708232 -2.5095106522071324 -2.5048595815837285 -2.5004711349169337 -2.49630156498812 -2.4921964704313746 -2.488159235314426 -2.484103707285879 -2.4801358239540443 -2.4763543945950452 -2.4727949330463597 -2.469288969190372 -2.4658470506585717 -2.4623894615617 -2.4589646798572113 -2.4610543094591284 -2.462439909380337 -2.46355945818509 -2.464528221942894 -2.4653903976812046 -2.4661702490024853 -2.4668830260737353 -2.4675480849428064 -2.4688021672611615 -2.473391621810123 -2.4787401153524256 -2.481848566167452 -2.483829858993065 -2.4852305255948464 -2.486635900936834 -2.4874623567087992 -2.487982625366449 -2.4880216729099667 -2.488288489392639 -2.4883722878023065 -2.4884608699065005 -2.4884303611629432 -2.4884857170315184 -2.488215423574319 -2.488115658793074 -2.4873667590192357 -2.4866478377045826 -2.4860810902656096 -2.4853612032016548 -2.484176280139458 -2.4837956642074532 -2.48274104987107 -2.4821398512876574 -2.4814493764937984 
# Stellar mass-weighted [N/H]:
0 -6.110642220877493 -6.897404088154211 -6.1347402607073835 -5.0775569887763545 -4.559608845008794 -4.088353877152059 -3.758451722044817 -3.527037348654784 -3.3621021004308487 -3.239907666088305 -3.1493588055089674 -3.0809601834799816 -3.027140357347599 -2.9824309207177953 -2.9438519132339547 -2.9087855597703953 -2.875416900741415 -2.8432417883085535 -2.812527997495052 -2.784580463028874 -2.7598661542642624 -2.7382154295160213 -2.7191444774306737 -2.702256798341538 -2.687607376479228 -2.675513478629197 -2.6658515819992896 -2.6583556765719187 -2.652754999201888 -2.6487734986536884 -2.6462197860886185 -2.644921709808835 -2.6447285873699444 -2.6453624507431845 -2.6463059048509514 -2.647268166800778 -2.648152439845819 -2.648940896653623 -2.6496409752243606 -2.6502671868169214 -2.650825453970624 -2.6513249249623048 -2.651777777998862 -2.6521854054894467 -2.652560788754003 -2.6528994521382447 -2.653210571252105 -2.65349876680584 -2.653752858912073 -2.6540028927831285 -2.6542233341336345 -2.654430443028649 -2.6546217566485364 -2.6547815791366007 -2.654942493816983 -2.655087382457915 -2.65520636509273 -2.655328384110674 -2.655439933985332 -2.6555262610286574 -2.6556135557641234 -2.655698827291741 -2.655762575061255 -2.6558189360810163 -2.655879741085532 -2.65593222256848 -2.6559617302943943 -2.655991628054238 -2.6560320763155714 -2.6560624007689384 -2.656080499687885 -2.656090223894548 -2.6561117202194486 -2.656133089957555 -2.656143293738001 -2.656140419617624 -2.6561376707428117 -2.6561476601918166 -2.6561536012757943 -2.656153349333744 -2.6561338712561966 -2.6561479174276457 -2.6561334726376193 -2.656121864901218 -2.6561015485961574 -2.656072353056082 -2.6560364845863553 -2.656025766152249 -2.656017369290825 -2.6560044750570198 -2.655979432003112 -2.655943548146345 -2.655901314466205 -2.6558738919017317 -2.655858387066629 -2.655840236271948 -2.655813139990321 -2.6557782088277815 -2.6557331874763834 -2.6556852280059804 -2.6557281325841764 -2.655768226282836 -2.6558016863194736 -2.655827551549274 -2.6558433573969378 -2.655850664205122 -2.6558505196480384 -2.6558508438834947 -2.6558954603777973 -2.655958646457779 -2.655854734549097 -2.655614545939401 -2.6552668027942357 -2.6549355975623694 -2.6544270031695127 -2.6538390679566515 -2.6532589069960277 -2.6529962314128817 -2.6526887118605247 -2.652064238643825 -2.651570621125116 -2.65113959578626 -2.651023095495936 -2.6501684661281244 -2.649501609695797 -2.647714063830457 -2.6463098881150104 -2.645150029834384 -2.64399838016967 -2.6426083393116366 -2.6416866522949833 -2.640579893392994 -2.6394754184212665 -2.6387337612245947 
# Stellar mass-weighted [Ca/H]:
0 -6.110642220877491 -6.897404088154211 -4.882656996865448 -3.8024369730427274 -3.4964388826238473 -3.3679405024525764 -3.3075490316196774 -3.1561688282261535 -3.0183845205445543 -2.9162997571022515 -2.841502526175253 -2.7849573427392507 -2.7406326954708753 -2.7047150811031155 -2.674787226385579 -2.649281239123324 -2.6271461616804643 -2.607623151046324 -2.5902838381210778 -2.5746750543201458 -2.560512424334622 -2.547564920726563 -2.535659143481155 -2.524651320399263 -2.5144377401128803 -2.504906931492256 -2.49597929119742 -2.487603341216566 -2.4797106187014855 -2.4722559520433975 -2.4651927938574687 -2.4584867552876144 -2.4521098636375918 -2.4460252017101087 -2.4402068250071594 -2.434657928226107 -2.429327818613624 -2.4242019804368304 -2.4192203944687325 -2.4145721486430105 -2.4100798162080874 -2.405709903414605 -2.401467424516648 -2.3973936809913745 -2.3934519426213914 -2.3896234533491683 -2.385922925312922 -2.382335667869265 -2.3788422805169365 -2.375465967966772 -2.37217420496067 -2.3689773958824034 -2.3658684494509377 -2.3628293002529475 -2.359884610177211 -2.357008514142171 -2.35419243782213 -2.351464260669921 -2.348796059372374 -2.346174831793311 -2.3436210039703322 -2.341132319773372 -2.3386870713374828 -2.3362901547001 -2.333963889165422 -2.3316748407479277 -2.3294305982388988 -2.3272297697126385 -2.3250875123727504 -2.3229853797865143 -2.3209097968169567 -2.318868330701589 -2.316884796170636 -2.314949829239459 -2.3130126585672457 -2.3111163035068136 -2.3092476904379238 -2.3074458648251115 -2.305659096408534 -2.3039100369898797 -2.3021625278439615 -2.300467102294596 -2.298803516821489 -2.2971800725252978 -2.2955603767868267 -2.2939676713126698 -2.292379269023396 -2.290852121189312 -2.2893422753946364 -2.287861123671254 -2.2863794978601755 -2.2849265787700475 -2.2834682236661976 -2.2820642540854985 -2.2806822056865084 -2.2793273325014187 -2.2779726151728843 -2.2766396458798477 -2.275305967631236 -2.273997920043783 -2.274804810373775 -2.275345181933142 -2.2757809642888294 -2.276155273610975 -2.276483514056573 -2.2767757877252714 -2.277038606492826 -2.277284013745798 -2.277774668897708 -2.2795015847391014 -2.2814020155122403 -2.282393535391506 -2.282908192311514 -2.2832202075128807 -2.2834238464491845 -2.283365295789382 -2.2832050972742133 -2.2830639860175843 -2.2829710387072453 -2.282618825807015 -2.2823500035399285 -2.282086161676986 -2.2820347378528716 -2.281419170327008 -2.2809676746623984 -2.2796122522538855 -2.2784932159002107 -2.277578221725671 -2.2766157797367885 -2.2753370167545413 -2.2746313517512418 -2.2735771523685715 -2.2726858343442187 -2.271980160889955 
# Stellar mass-weighted [Ne/H]:
0 -6.110642220877493 -6.897404088154211 -4.494016563245724 -3.416857637561563 -3.1396332208543445 -3.0401009395200127 -3.0062924286588473 -2.9964065208005115 -2.994758559185298 -2.9956039521128233 -2.996933157028802 -2.998157749585074 -2.9991588526910995 -2.999943922233572 -3.000549542642595 -3.0010158985000484 -3.0013768687550124 -3.0016539881521 -3.001871474015318 -3.0020414683890584 -3.002176871336486 -3.002281644014939 -3.002360091379641 -3.002415424390783 -3.0024593797031294 -3.0024899248133954 -3.0025073462800496 -3.002510844183318 -3.0025067033309503 -3.002493186609585 -3.002472704341665 -3.0024453944140594 -3.002410856987418 -3.002372575115751 -3.002332887000751 -3.002277566839325 -3.0022036389150406 -3.002128080009242 -3.0020385810156256 -3.0019375170236193 -3.001834559189211 -3.00172620970433 -3.0016131767408334 -3.001488749262009 -3.001357356503852 -3.0012260174104446 -3.0010919183246134 -3.000953303152559 -3.0008038895550477 -3.000661993647702 -3.0005137349890125 -3.0003612806053077 -3.000213316372517 -3.00005408291707 -2.9998998845306035 -2.9997553188019754 -2.9995948888283817 -2.9994450805953887 -2.999274889880625 -2.999129760489251 -2.9989896897475345 -2.9988548394000887 -2.9987023649690485 -2.9985421494002162 -2.998423354851421 -2.998273078970767 -2.9981119569342836 -2.9979598327647032 -2.997827282551971 -2.997699643834382 -2.99755842496329 -2.997421780653294 -2.9973036812651532 -2.9971987031302856 -2.9970823057962903 -2.9969552395876065 -2.9968329040471806 -2.996735951790903 -2.9966426716725056 -2.9965386736874597 -2.996419162615398 -2.996310853464381 -2.996228569011313 -2.9961491983837707 -2.996066659001716 -2.9959592769119148 -2.995849496820095 -2.9957757413115766 -2.995717584045587 -2.995653186927754 -2.9955675699360134 -2.9954740230476578 -2.9953780232069827 -2.9953103931481797 -2.9952633958235095 -2.9952151508244853 -2.9951501676145984 -2.9950713921301 -2.9949842483202405 -2.9949025709446477 -2.9949738073008483 -2.9950421280331225 -2.995094072307255 -2.995124089398022 -2.995141935604761 -2.9951534081836044 -2.9951634155161813 -2.995180768606425 -2.995271290313574 -2.995461472947615 -2.995687828332221 -2.9957809176482266 -2.9958757717783184 -2.995964284049757 -2.9960017164399018 -2.9960176485076575 -2.996027938231615 -2.995988360309938 -2.996029550679644 -2.996014380156902 -2.995969562635982 -2.995978286073158 -2.9959766332840685 -2.9959022703436986 -2.9958620508866245 -2.9957038655461625 -2.9956060935790596 -2.995561637405559 -2.9955084898778015 -2.995285982093045 -2.9953268183921278 -2.995117679888475 -2.995100284358208 -2.9950232174115365 
# Stellar mass-weighted [Si/H]:
0 -6.110642220877493 -6.897404088154211 -4.581581555133253 -3.5011026683271336 -3.2025288626299826 -3.077150461319576 -3.025970659069513 -2.9458454714043993 -2.867381757188202 -2.8036867627823794 -2.753789116475379 -2.7142457478740836 -2.682169954049553 -2.655493885452204 -2.6328132727872786 -2.6131703305402896 -2.5958976224633235 -2.5805211237166796 -2.5666906216864263 -2.554144456037587 -2.542684378129687 -2.5321451826579686 -2.5224005519834485 -2.5133453533980568 -2.5049020434053952 -2.496995131728455 -2.489563537589799 -2.482557369096482 -2.4759371287869527 -2.4696646318260855 -2.4637073394763993 -2.4580337431559727 -2.452621926125217 -2.447455684336938 -2.442516906995837 -2.4377774841339566 -2.4332239430729885 -2.4288571461651207 -2.4246454142954095 -2.4205922872095478 -2.4166808322260698 -2.412901205898093 -2.4092500206476855 -2.405706319956831 -2.4022920233171927 -2.398976257472653 -2.3957591601297157 -2.39263844087474 -2.3895959994459766 -2.3866525779905166 -2.3837799468356984 -2.3809878981155324 -2.3782699403773133 -2.3756096113299874 -2.373033679286878 -2.3705156818931643 -2.368043221809492 -2.3656475590167547 -2.3633038757838483 -2.3609981138580283 -2.3587537150737354 -2.356565945487622 -2.3544136707397954 -2.352299931237483 -2.3502489873015833 -2.34823572820489 -2.34625058467371 -2.3443053048309235 -2.3424125870653505 -2.3405508212814103 -2.3387119667206013 -2.3369022418463263 -2.3351433822285808 -2.3334175488703286 -2.3317029497809 -2.33002457818612 -2.3283674389594156 -2.326769513235999 -2.325183610546537 -2.323628224354051 -2.3220719853626326 -2.320563962066844 -2.319080121570006 -2.317604978113077 -2.3161754148560814 -2.314764676238834 -2.313352562400583 -2.311990904527536 -2.3106457692866718 -2.3093257263622755 -2.3080028833469166 -2.306702928177553 -2.3054046461567133 -2.304147205545232 -2.30291045253734 -2.3016977673404195 -2.3004841267663627 -2.2992888695843536 -2.2980924571760992 -2.296925598330783 -2.297650664372081 -2.298138593429731 -2.298531883792487 -2.298868163863876 -2.29916202495537 -2.299423110612236 -2.2996578163195336 -2.2998778190870306 -2.3003237934683973 -2.301879395886588 -2.303591646060144 -2.3044814288277475 -2.304947142280862 -2.305232507607947 -2.3054155504922536 -2.3053630773202665 -2.305219716851071 -2.3050888723503142 -2.3050097380942427 -2.3046925819086184 -2.3044472820284954 -2.3042120725605058 -2.3041660064100995 -2.303607173824094 -2.303199629805908 -2.301970708403095 -2.300960134925072 -2.3001380824078046 -2.2992726369104908 -2.2981044451994244 -2.2974795106886923 -2.29651295019665 -2.2957147736973322 -2.295075656101834 
# Stellar mass-weighted [S/H]:
0 -6.110642220877492 -6.89740408815421 -4.655743911590579 -3.573109989226114 -3.262210391852073 -3.133451294738655 -3.0805428661787797 -2.9934805483473914 -2.9086178863016023 -2.8404042730510275 -2.7873887584026624 -2.745624941058865 -2.711901408652171 -2.6839525855740503 -2.660257042106001 -2.6397810576072205 -2.621810294825055 -2.6058358255669942 -2.5914898547026803 -2.5784932260149747 -2.5666355122596913 -2.555736805803705 -2.5456677516999227 -2.53631870681373 -2.527607802174848 -2.5194587328517644 -2.5117993625045862 -2.5045818300192106 -2.497765344562249 -2.4912985773429908 -2.485166818570563 -2.4793435641027752 -2.4737881085070423 -2.468482938520906 -2.4634120451260024 -2.458547260303371 -2.453873945594294 -2.449390892988216 -2.4450728520041407 -2.440914783269709 -2.4369110235330265 -2.4330366228725717 -2.429298645879684 -2.425665878113393 -2.4221684740614045 -2.4187764904399014 -2.415486585384542 -2.4122938312067737 -2.4091799485176706 -2.406169828254769 -2.403232975829071 -2.4003783541142507 -2.397599081457577 -2.394880081574624 -2.392246052494161 -2.3896719274963214 -2.387146711353041 -2.3847045324527993 -2.3823053700085994 -2.3799474173529456 -2.3776557562590934 -2.375417956606717 -2.373219523937941 -2.3710581996250903 -2.3689621724653493 -2.3669036341986356 -2.3648763819372114 -2.36289068505559 -2.360957247367595 -2.359055334270251 -2.3571785394721543 -2.3553304408207127 -2.3535341520268993 -2.35177190613285 -2.350021597227099 -2.34830874011631 -2.3466175463200063 -2.3449862708821714 -2.3433672688858778 -2.341779814169583 -2.3401923527676347 -2.338654125473428 -2.337143094252263 -2.3356687574791204 -2.3341955004210044 -2.3327461072270497 -2.331296854411767 -2.3299069675897854 -2.328534484189011 -2.327190967803639 -2.3258463702241876 -2.32452005403547 -2.3231957851893537 -2.32191061339313 -2.3206468301894496 -2.3194098738882536 -2.3181724619939494 -2.3169544040357772 -2.315733982830774 -2.31453606385912 -2.3152757713949157 -2.315772792194349 -2.3161734040262196 -2.3165161607991696 -2.3168158215894588 -2.3170821379880344 -2.317321550724216 -2.3175458013837416 -2.317999247780092 -2.319583451520403 -2.3213269017096714 -2.3222335184494236 -2.3227073262651583 -2.3229972000202066 -2.323183737709785 -2.323130372997582 -2.3229843412144398 -2.322851775897587 -2.3227704825067077 -2.322447621196983 -2.322198521023058 -2.321958669046552 -2.3219117657812456 -2.3213435882226605 -2.3209289990395705 -2.31967937751154 -2.3186511670558323 -2.317814105170876 -2.3169329477534246 -2.3157464400228562 -2.3151087215336954 -2.314127507732234 -2.3133143693403584 -2.3126643965647142 
# Gas metallicity, [Z/X]:
-6.132833046540214 -7.158015277987358 -4.077556019939486 -2.5358105166479055 -2.0238129817443955 -1.4910586131961818 -0.9337958187162634 -0.47705108522638917 -0.14186970695098688 0.14022426805481447 0.37891276052648637 0.5444032181396758 0.6237112196800496 0.6464784239870469 0.6446008777478345 0.6357130786848262 0.6262917026485206 0.6195483760990519 0.6137735807050515 0.6069658313209216 0.5981908811750929 0.5899127630445957 0.5809882044261925 0.5724740186304809 0.5647878901863346 0.5593887496611718 0.5543663827380825 0.5505437312203343 0.5457908212956268 0.5430464724297104 0.5395314514044389 0.5367637345387719 0.533548869206304 0.5329190434464395 0.5382758349035066 0.5459059770812285 0.5548496525326134 0.5643187382609864 0.575699023657172 0.5840422670325651 0.5950044537571588 0.6035273002553596 0.6139704169695384 0.6215985633159675 0.630534513926226 0.6380920819557494 0.6462400913309307 0.6529740125424368 0.6614202158287381 0.665722049359605 0.675422492853331 0.6775396663324489 0.6853179794815669 0.6854417291577091 0.6914433609447761 0.6927559539883743 0.6985207743760067 0.6962616106660426 0.7067083461980438 0.7000327269063089 0.712904162758215 0.7026976241615601 0.7226004827539663 0.7002666156291568 0.7336372714688307 0.6923202133938953 0.7514760421930587 0.6606987157593425 0.7813398907597084 0.5852565251072046 0.8492747077235585 0.3273157627021046 0.9774914523490557 -7.360679046362247 1.158112328643635 -7.3536859610191385 1.3088646442994656 -7.347733650796691 1.4499604636392902 -7.338233712713091 1.5850074906733007 -7.3388509316597705 1.7196572918723259 -7.321280575016456 1.8671535801534438 -7.31581923900308 2.0110773064713934 -7.320182375267132 2.1664222287286856 -7.297705282126817 2.3354300012453235 -7.295596153117 2.5029651644560076 -7.300433243334689 2.6812067599612623 -7.279103592443471 2.8784532564875773 -7.274009987849835 3.076835695682708 -7.27907136700701 3.2737553045682133 -7.498492106944635 3.115549279257687 2.489338480286655 2.8458141515531272 2.6472594011775232 2.6723732087822 2.6095026302118556 2.581069525290553 2.5107333363819917 2.270824928984222 2.052218871320563 1.9281911654955852 1.8373081401462579 1.7690245200347048 1.6915169790977145 1.6340748527006559 1.5886699302973641 1.575681271078002 1.55170993620626 1.5200465937842578 1.4945839544194062 1.4797767546047602 1.4733842792570027 1.4477213938403477 1.4231437651953698 1.3844130321786479 1.3564396956467306 1.3330563384919487 1.3123280159138138 1.2932364652336914 1.277611941070008 1.2623875431200595 1.248826111133973 1.2368289824297665 
# Stellar mass-weighted metallicity, [Z/X]:
-4.152288344383056 -6.132833046540214 -6.9195949138169315 -4.6342065603868345 -3.5600466969515017 -3.2871406374213388 -3.1075557090451413 -2.961694780586039 -2.8626850235338805 -2.8080422172496338 -2.7776171537166636 -2.7584143307435935 -2.7444119743003004 -2.7330356143408796 -2.7231317278266767 -2.71422116252091 -2.706062560079774 -2.698512892651042 -2.691437413680335 -2.6847786000300236 -2.678522749038777 -2.672664362874361 -2.6671586765654425 -2.6619744194874873 -2.657073225857305 -2.652429973322244 -2.648008607849203 -2.643784216453228 -2.6397248902259545 -2.6358417065943556 -2.6320960682351453 -2.628493653159979 -2.6250112887348394 -2.62164433729519 -2.618365439337923 -2.6151372062935465 -2.6119423806457567 -2.608753628095033 -2.605580099569589 -2.6024148069480537 -2.599269850304439 -2.596134454791807 -2.593020811181357 -2.589906150798721 -2.586829679991628 -2.5837605201376537 -2.580722079011921 -2.5776997791040976 -2.5747070466754156 -2.5717263886514026 -2.5687832541158775 -2.565862586936877 -2.5629924019832266 -2.5601402194039506 -2.557364983928542 -2.554584755284182 -2.5519085155544765 -2.549229123558632 -2.546613757942823 -2.5440162218076434 -2.541527136676275 -2.538950068567928 -2.5365630326173134 -2.5340549675527777 -2.5317698722612896 -2.5292371691787734 -2.5271532397948464 -2.5245879081322062 -2.5227732002030425 -2.5199690071606007 -2.518737868304598 -2.5153643496154965 -2.515262213238427 -2.5102892863393835 -2.5116645270512308 -2.503966932788366 -2.5056223895960565 -2.4947549531231807 -2.4968957258276445 -2.482466712397531 -2.4851771192501237 -2.4660532532518094 -2.4695143872358445 -2.444722622459569 -2.449140128550531 -2.4172665512257474 -2.4228125953077413 -2.3810297887178837 -2.3881317342481596 -2.3348875182479265 -2.3437795401500257 -2.27567365627356 -2.2867344841334782 -2.199714148035188 -2.213428072264213 -2.1067942953607464 -2.1232112403709706 -1.9946077891833818 -2.0138180950243596 -1.8594129677609514 -1.8816209249293123 -1.8909340449077263 -1.8968241661960794 -1.9012601870911403 -1.9048472824874427 -1.9078669003783493 -1.910473984019607 -1.9127679886331694 -1.9148197843971284 -1.9184117475285174 -1.930094903697359 -1.941578357878096 -1.9475667164847785 -1.951232194823828 -1.953742980942568 -1.9562239505267407 -1.957769749815889 -1.958783958752772 -1.9589352153859572 -1.9594228912765537 -1.9597863250250664 -1.9600888763314173 -1.9601486712793854 -1.960264409014761 -1.9601699484083042 -1.960240723699495 -1.959586547870278 -1.9590260638307992 -1.9584835238837084 -1.9576881252057767 -1.9565870642048038 -1.9562768060566345 -1.9550595895988436 -1.9545642722404752 -1.953716366565421 
# Number of SNIa (log_10):
0 0.0 0.0 0.0 0.0 0.0 1.7546769682326523e+54 2.165690318415606e+55 4.463711604649884e+55 6.604883128207864e+55 8.508185247279336e+55 1.0192037109194106e+56 1.1692583850364708e+56 1.3042964421538263e+56 1.4269711686615706e+56 1.539341410526872e+56 1.6430068144235199e+56 1.7392240410681931e+56 1.828997462081036e+56 1.9131400674001208e+56 1.9923196395488534e+56 2.067091378290578e+56 2.1379214827652253e+56 2.2052062066372785e+56 2.2692849644985804e+56 2.330449123551255e+56 2.3889543436846394e+56 2.4450224214953284e+56 2.498846882779493e+56 2.5506013184251184e+56 2.600442855497406e+56 2.648517475313589e+56 2.694912646548673e+56 2.739768033426285e+56 2.7831799933366364e+56 2.8252373264519433e+56 2.8660206198300497e+56 2.9055968584744965e+56 2.9440599981479766e+56 2.9814513202476817e+56 3.0178327224615984e+56 3.053258744732392e+56 3.0877735359844294e+56 3.1214273847739665e+56 3.154261394509529e+56 3.186314833864899e+56 3.217623347809691e+56 3.248213942734988e+56 3.2781387682361897e+56 3.307412038220381e+56 3.3360596742308574e+56 3.364108239091985e+56 3.3915911384614586e+56 3.4185211891006943e+56 3.44492582119915e+56 3.470820450117905e+56 3.4962264807378975e+56 3.5211333210541824e+56 3.5456429658116497e+56 3.5697021825890646e+56 3.5933486210268776e+56 3.6165754610834122e+56 3.6393906926538964e+56 3.6618356633359596e+56 3.6839175168541694e+56 3.705637193623294e+56 3.727017072961267e+56 3.748064954627578e+56 3.768787199235543e+56 3.7891943293315094e+56 3.809301652526788e+56 3.8291130336812706e+56 3.8486256674367942e+56 3.8678749431865425e+56 3.8868533219613677e+56 3.9055640835770186e+56 3.924020356383698e+56 3.942226962130681e+56 3.960191270553404e+56 3.977917498383877e+56 3.995417471392651e+56 4.012679408076884e+56 4.029741576281867e+56 4.046586244089607e+56 4.063221988249852e+56 4.079653668856673e+56 4.0958888623066e+56 4.111936233863333e+56 4.127784220382308e+56 4.143446518185131e+56 4.158936732136076e+56 4.17423429176233e+56 4.189379606520428e+56 4.20436777984635e+56 4.2191763723005955e+56 4.233824978718905e+56 4.248317045408948e+56 4.262658325208641e+56 4.276840480357654e+56 4.290878291574238e+56 4.304766558293287e+56 4.318511130819348e+56 4.332132796246994e+56 4.345611454734062e+56 4.358956010068098e+56 4.372173501250162e+56 4.385256911847407e+56 4.398211797391781e+56 4.411045811025462e+56 4.436354687960272e+56 4.556221807081087e+56 4.768012283431458e+56 4.950979465611781e+56 5.112047694490131e+56 5.255920269377673e+56 5.446479517560067e+56 5.613395627366967e+56 5.761896165284646e+56 5.808022727044243e+56 5.895646331357281e+56 6.0173016270990165e+56 6.128899402345265e+56 6.198467881644438e+56 6.231947172796631e+56 6.358137874560105e+56 6.500870058861547e+56 6.747709490449635e+56 6.956259466322968e+56 7.136806939181576e+56 7.2960579041750115e+56 7.438365883992132e+56 7.567135150860135e+56 7.684661554884538e+56 7.792754105768535e+56 7.892815985848208e+56 
# Number of SNII (log_10):
0 0.0 2.2634332387640814e+54 2.843857734966589e+55 6.369803709216122e+55 9.684045043075229e+55 1.2369264467043596e+56 1.3295803424902697e+56 1.3593190525499203e+56 1.368832070275235e+56 1.3718831809030383e+56 1.372896320031259e+56 1.3732363099835962e+56 1.373388012188859e+56 1.3734451369752587e+56 1.3734738377285143e+56 1.3734936130622715e+56 1.3735099080991823e+56 1.3735245399126135e+56 1.3735381553663255e+56 1.3735510169843934e+56 1.373563252547758e+56 1.3735749416524065e+56 1.373586137780133e+56 1.3735968877065718e+56 1.3736072341234386e+56 1.3736172141446102e+56 1.3736268565009173e+56 1.3736361873174677e+56 1.3736452314036342e+56 1.373654009265924e+56 1.3736625409308334e+56 1.373670842591723e+56 1.3736789285575092e+56 1.3736868138768114e+56 1.3736945149460803e+56 1.3737020400008525e+56 1.3737093935939216e+56 1.3737165886959218e+56 1.3737236376391717e+56 1.3737305419022804e+56 1.3737373167855618e+56 1.3737439638361614e+56 1.3737504867854161e+56 1.3737568976275788e+56 1.3737631952769934e+56 1.3737693897840272e+56 1.3737754826751202e+56 1.3737814778958221e+56 1.3737873822531576e+56 1.3737931932179188e+56 1.3737989223906924e+56 1.3738045639387817e+56 1.3738101262958165e+56 1.3738156098151779e+56 1.3738210077503985e+56 1.3738263391778612e+56 1.3738315878111163e+56 1.3738367561762082e+56 1.3738418658222071e+56 1.37384689592204e+56 1.373851852658934e+56 1.3738567549435779e+56 1.373861589349545e+56 1.37386635609593e+56 1.3738710686296504e+56 1.3738757326461887e+56 1.3738803332895825e+56 1.3738848735815803e+56 1.3738893660750335e+56 1.373893811402945e+56 1.3738982003089897e+56 1.3739025342241712e+56 1.373906823463544e+56 1.3739110779840395e+56 1.3739152182651067e+56 1.3739194175989444e+56 1.3739235218047294e+56 1.3739276404580075e+56 1.373931605789424e+56 1.3739356470457802e+56 1.3739395267651716e+56 1.3739434845893325e+56 1.373947303797712e+56 1.3739512152149548e+56 1.373954968514548e+56 1.3739587772497537e+56 1.3739624260549182e+56 1.373966157577603e+56 1.3739697751140074e+56 1.3739734737049485e+56 1.3739770174092559e+56 1.373980611958147e+56 1.3739840553810879e+56 1.3739875871477331e+56 1.3739910182751118e+56 1.3739945354735e+56 1.3739979085881982e+56 1.3740013274392697e+56 1.3740045980470372e+56 1.3740079436431724e+56 1.374011189807683e+56 1.3740135527505619e+56 1.3740149448585522e+56 1.3740156182889295e+56 1.3740156182889295e+56 1.3740156182889295e+56 1.3740156182889295e+56 1.3740156182889295e+56 1.3740156182889295e+56 1.3740156182889295e+56 1.3740156182889295e+56 1.3740156182889295e+56 1.3740156182889295e+56 1.3740156182889295e+56 1.3740156182889295e+56 1.3740156182889295e+56 1.3740156182889295e+56 1.3740156182889295e+56 1.3740156182889295e+56 1.3740156182889295e+56 1.3740156182889295e+56 1.3740156182889295e+56 1.3740156182889295e+56 1.3740156182889295e+56 1.3740156182889295e+56 1.3740156182889295e+56 1.3740156182889295e+56 1.3740156182889295e+56 1.3740156182889295e+56 1.3740156182889295e+56 1.3740156182889295e+56 1.3740156182889295e+56 1.3740156182889295e+56 1.3740156182889295e+56 
# [Mg/Fe] for total ejected gas till this time:
0 0 0.9554047253544107 0.90000647350129 0.6663504010326794 0.593338668497937 0.5238301494401985 0.17187653438320638 -0.037373049133434075 -0.1671846402181264 -0.2555678699316478 -0.3202316477603058 -0.37012386311032985 -0.4101517191835705 -0.44322875241397 -0.47115706627028925 -0.4951498145917754 -0.5160668982868208 -0.5344669703060847 -0.5508829274497264 -0.5656675498327485 -0.5790826734980793 -0.5913308685977431 -0.6025825098794002 -0.6129578778281545 -0.6225666903196538 -0.6314960298315669 -0.6398190688536336 -0.6475676462515032 -0.654908614197428 -0.6617996283896743 -0.6682901963512664 -0.6744207398377431 -0.6802072656488973 -0.6856514651416391 -0.690768223954416 -0.6955719315422897 -0.7000891433312854 -0.7043521799406942 -0.70836173137522 -0.7121575661183166 -0.7157292725162496 -0.7190987698733361 -0.7223115773099238 -0.7253452244982653 -0.7282217911271096 -0.7309436001227028 -0.7335062283574667 -0.735979948768287 -0.7383131925052155 -0.7405536450588074 -0.7427165128873539 -0.7448363094354945 -0.74691419298297 -0.748948162987125 -0.7509600884215356 -0.7529258521089217 -0.7549727452179196 -0.7568105127207782 -0.7586633037841305 -0.7604886454161681 -0.7623105874944274 -0.7641074452989458 -0.765870682464308 -0.7675946527934754 -0.7693253048147568 -0.7710172698879966 -0.772675128068411 -0.7743041986161665 -0.7759136366599715 -0.777513617463105 -0.77905554504439 -0.7805747378793458 -0.7820854812559717 -0.7835744411818556 -0.7850276666713868 -0.7864694019879614 -0.7878938710046826 -0.7893032608673044 -0.7906926055253474 -0.7920612744407562 -0.7934083811650456 -0.7947456224165815 -0.7960685589200225 -0.7973760222007988 -0.7986734590128601 -0.7999436894477983 -0.801202010259235 -0.8024530301785373 -0.8036951015040542 -0.8049179320111615 -0.8061257268722272 -0.8073195726074469 -0.8085048241448501 -0.80967950658642 -0.8108470560958486 -0.8120037755561201 -0.8131396609362681 -0.814270605227588 -0.815389404018006 -0.8164947436260978 -0.8175901361545332 -0.8186807801381345 -0.8197500299559831 -0.8208026319954825 -0.8218442573045405 -0.8228724454190981 -0.823888111462996 -0.8248923772265869 -0.8268729833186229 -0.836132317395442 -0.8520339864452122 -0.865254411907083 -0.8765721132289185 -0.8864069644186379 -0.8990036618396272 -0.909647908219433 -0.9188346043427079 -0.9216366580063131 -0.9268990265651619 -0.9340139770358591 -0.9404700491973202 -0.9444039347886221 -0.9462776292691945 -0.9532549521979751 -0.9609430019802779 -0.9738141158860553 -0.9842561472491103 -0.9930078871923589 -1.0005123356129069 -1.007026930389679 -1.0128459456450922 -1.0180283551551572 -1.022717595804654 -1.0269804847221584 
# [Mg/Fe] for instant ejected gas at this time:
0 0 0.9554047253544107 0.8952883642301023 0.46741609320684874 0.35915174278400025 0.004304645419911754 -1.1445740501459276 -1.427569751457659 -1.534094550373356 -1.579963242741931 -1.6029614514763308 -1.6165805560791433 -1.6222710662673707 -1.6237801238345613 -1.6157845902156147 -1.6030246259629206 -1.5877919063952777 -1.5723464622772236 -1.5656188013589385 -1.5639318230130579 -1.5624456954172443 -1.5608119009760462 -1.5606342396427915 -1.5565752979905172 -1.5523563501903708 -1.5464740433710273 -1.5390874256333185 -1.519332333154508 -1.541825944844382 -1.5297637121004855 -1.5201791015844464 -1.5144047545209627 -1.5003076819758947 -1.4756354510904384 -1.4468121922692179 -1.415699144267792 -1.3883056417409996 -1.3656531348066838 -1.3386246135452566 -1.320597933938179 -1.2958921640614824 -1.274151416624451 -1.2642112856576304 -1.2437748859553839 -1.2280452227791088 -1.210569962028155 -1.189598814239856 -1.1886155314849014 -1.1696039626501724 -1.1642048697812355 -1.1620685786581966 -1.1700582688934784 -1.1781109572907411 -1.184497724660314 -1.198713761865987 -1.2000534643506657 -1.2306021001997594 -1.214595986039949 -1.2303127258341167 -1.2354241069878664 -1.251688567810749 -1.2626303567137933 -1.2686330330532392 -1.2698196211920745 -1.2973396593485667 -1.2977414528853408 -1.3001943159755855 -1.3054385572254517 -1.3159877394602981 -1.3330783309593286 -1.3158949705085208 -1.3230954106782902 -1.3389035399332343 -1.3454194779176791 -1.340708869589222 -1.3540546840491663 -1.3627260520225963 -1.3728739733528246 -1.3784576876418049 -1.3824765542158162 -1.386370903257084 -1.3985499787609152 -1.4081261054923542 -1.4157728494270274 -1.4290761109837815 -1.422637346486018 -1.4330056001747453 -1.4491558048915834 -1.4634159395811668 -1.4627510433194626 -1.4696196414335951 -1.4738465695888743 -1.4859681310524986 -1.4980936816899373 -1.5131887158452684 -1.5225015110446856 -1.51609953427483 -1.5353571251005016 -1.5414205077349916 -1.5457951815670705 -1.5556788509716521 -1.5718608312892708 -1.560535357710962 -1.5562680541740452 -1.561570419060981 -1.562103733380999 -1.5642563831582927 -1.5672305260267987 -1.5775052486217778 -1.5885497223477691 -1.6148683863198279 -1.6336048681822573 -1.6587855884081697 -1.6727623157269773 -1.6780207392393647 -1.6811535765032306 -1.6847566828833194 -1.6874332821361913 -1.6908212064772805 -1.67822456235681 -1.7015451467972982 -1.6896352132277168 -1.6884161881556798 -1.6934179544658268 -1.6902578298829354 -1.6940752261660688 -1.6920999656641653 -1.6928170087970098 -1.6924128145107402 -1.6847785625150518 -1.6992438316427894 -1.690472720353215 -1.692287309049386 -1.6889678205025533 
# total ejected metal mass till this time:
0 0.0 6.042582200230605e-05 0.0005396057556740292 0.0008393767872692404 0.0011901952907411861 0.0016174593506236396 0.001977811703307591 0.002196044275955261 0.0023359189061541727 0.0024386728560252067 0.002522462399919625 0.002595095357994673 0.0026604599470404127 0.0027202877558596917 0.0027756777188476817 0.0028274068873073905 0.0028763102895848986 0.00292269087459307 0.0029666000577793098 0.0030081131514819756 0.0030474989451475054 0.00308493663284031 0.0031206382150286054 0.0031547916647526333 0.0031875779543240174 0.0032191284168231137 0.0032496399710359777 0.0032790229778636845 0.0033075580396869212 0.0033351610190331823 0.003361990059828623 0.003388048100596141 0.003413604110872451 0.0034389017075601796 0.0034639513670420585 0.003488983203620405 0.00351399067164856 0.003538909987248873 0.0035637746687575997 0.003588642700596689 0.0036133946962468317 0.003638277535900519 0.003662895528198441 0.0036876413471620267 0.003712180589724729 0.0037367508955338624 0.0037611934741317334 0.0037855973694563036 0.003809931483768776 0.0038341233400955507 0.0038580621889773513 0.003882031955644767 0.003905342400020149 0.003929057100007161 0.003951905682339003 0.003974899911290653 0.003997559231612252 0.004020230657632899 0.004041882213589905 0.004064674692349046 0.004085765986322825 0.00410813037875831 0.004128370542395302 0.0041514350379014886 0.004170003106743812 0.00419360554498332 0.004209761336764383 0.004236210487074392 0.004246754940578749 0.004279346079613672 0.004278581308865403 0.0043279221582389485 0.004300219223250451 0.004377512125762561 0.00430455769079873 0.004413189613878097 0.004300914953999741 0.004447453851450988 0.004281916687833823 0.004480684549865489 0.004245339508826903 0.0045131110872202295 0.00418215776668176 0.004544094265066313 0.004067801851858603 0.004574484716800175 0.003897424351454535 0.004604005469989944 0.0036188129528589687 0.0046322969216410406 0.0031579516044292592 0.004660146105656848 0.0024633720891468545 0.004687288467731354 0.0013375674983714429 0.00471325862507845 -0.0006136961708590733 0.004738797222798353 -0.0037565431560028675 0.004764004577859947 -0.008728019561059732 0.004788084473946048 -0.004646019201903945 0.002570139244111933 -0.00028786042429154523 0.0015882664333309257 0.0013946316728023524 0.001860975972838531 0.002055301560843304 0.002514127821371039 0.003666246218310155 0.004359648991472956 0.004686096319169329 0.00490622487132832 0.005102196933402058 0.005281855616521372 0.00541796146318511 0.0054831824797624525 0.00553803568902724 0.00561797171805836 0.0056969705598967565 0.005749495349241604 0.005776168060715701 0.005839294443277345 0.0059211834607655126 0.006043160642189187 0.006153682609115815 0.006245294315713199 0.006325395426431753 0.0063970915199449705 0.006461911085622173 0.006520351792606919 0.006575144200849402 0.006624355367218504 
# Stellar [Z/H]. [Z/H] = [Fe/H] + A[Mg/Fe] where A=0.94:
0.0 -6.110642220877493 -6.897404088154211 -4.654263934465209 -3.574576763668155 -3.2803090067658065 -3.161856587219172 -3.116387033300736 -3.0812725616700907 -3.0611827658658304 -3.049171505885633 -3.041044995473992 -3.034974733304977 -3.0301316999889645 -3.0260730095244956 -3.0225545391218107 -3.0193980933719535 -3.016495265949131 -3.0137774952907104 -3.0112151817400776 -3.008807032835341 -3.0065583830940525 -3.004448870497449 -3.0024613266855313 -3.000584604870136 -2.998804681146506 -2.9971046542346116 -2.99546818296222 -2.9938851328846594 -2.9923201972395477 -2.9908690926405326 -2.9894603208610615 -2.988079745457097 -2.9867319620991606 -2.9854045314933924 -2.9840685542906984 -2.982694830949947 -2.9812725918722784 -2.9798209389399264 -2.9783381753130733 -2.9768235258642073 -2.9752928237601703 -2.97373102546458 -2.9721457303122363 -2.970563875917736 -2.9689694379269387 -2.9673612912485146 -2.9657398783785553 -2.9640922165121064 -2.962467718292876 -2.9608417195589647 -2.9592279330560003 -2.957648438389365 -2.95613881991536 -2.9546827571153376 -2.9533027272113235 -2.95199999702598 -2.9507158315658133 -2.94951367409822 -2.948383472777299 -2.9472824058177216 -2.946222657818828 -2.945222121154173 -2.944253375681534 -2.9433119761523727 -2.9424134629597405 -2.9415746773757814 -2.9407463000084397 -2.9399372008672744 -2.9391626776656015 -2.9384169985111392 -2.937698403879282 -2.9369649355263854 -2.9362639567689213 -2.9356034312789996 -2.9349494944388175 -2.934294836751188 -2.9336630955285443 -2.933080861715907 -2.9325147868092243 -2.9319573015629743 -2.9313929377984778 -2.930853913908421 -2.9303527019696354 -2.929875402346495 -2.92939561114437 -2.9289249345734625 -2.9284426981159415 -2.928008918305246 -2.927604527038146 -2.9272150336165534 -2.9268107976494315 -2.9264083891295147 -2.9260060945081587 -2.925643903906148 -2.9253094592383535 -2.924988871975149 -2.924662687433181 -2.924326981334326 -2.923996157025395 -2.923676965030424 -2.9239349522444154 -2.9241302930668294 -2.924289334965369 -2.9244174479868974 -2.9245246483205496 -2.9246176658044107 -2.924701874155199 -2.9247868656774703 -2.9249975117157945 -2.9256611012286937 -2.9264263344963295 -2.926822361096619 -2.927073014923163 -2.9272546447394836 -2.9273739614046392 -2.9273968747519565 -2.927381159007183 -2.92731774244421 -2.927334001103899 -2.9272382468078098 -2.927143467897957 -2.9270836048257887 -2.927073328975254 -2.9268571461788913 -2.926715477653981 -2.9262442631357812 -2.9258744135820067 -2.9256022636591337 -2.9253088645168983 -2.9247843698933855 -2.9246370512097495 -2.924182643998429 -2.9239370466988324 -2.9236832677778417 
# Stellar luminosity-weighted metallicity, [Z/X]:
-4.152288344383056 -6.132833046540214 -7.027657334032231 -4.098657218654703 -2.559328899707749 -2.0446760121420793 -1.513208907353495 -0.9574172712900906 -0.5006391214982815 -0.16449269918642795 0.11854599663539145 0.357715125942065 0.5245785642156606 0.6069531494342015 0.6332662291105264 0.634318869186375 0.6275041773739276 0.6195026965471304 0.6136600049739462 0.6085920855678382 0.602479524388434 0.5944324910590604 0.5867155754080879 0.5783427864784001 0.5702813559859816 0.5629509937770625 0.5577208319859479 0.5528882366387753 0.5491736320100711 0.5446405277446695 0.5419289076899665 0.5385634281336242 0.535871497410205 0.5327898289565067 0.5320629352256006 0.5368861686242556 0.5439955461974828 0.5524480128394127 0.5614849603089143 0.5723415367409672 0.5805163107544788 0.5910447936335457 0.599421594440104 0.609516032819484 0.6170896330931495 0.6257988573941669 0.6332721036740125 0.6412533162099527 0.647951220033884 0.6561762571754433 0.6606627479712377 0.6699419039305561 0.6724412967504121 0.6799170399271073 0.6805206199022167 0.686278621200769 0.6878740700304837 0.6934070142759823 0.691729886555484 0.7013980410639276 0.6958013596108508 0.7075511282093657 0.6987860952808334 0.7168155304038656 0.6972333759905807 0.7271639540938595 0.6907216087076777 0.7435802888067183 0.6632364778752402 0.7705541753206409 0.5979357297211634 0.8323543078890415 0.3879004503305812 0.9509759710216645 -0.22213153744891612 1.121988337087608 -0.1295027416352228 1.270202179594584 -0.019271131509011052 1.4102127359873213 0.09787009726448637 1.5445077962816407 0.21941222310496244 1.6785817130330571 0.34427105736663877 1.825476593389862 0.48131257738108024 1.9690989988232153 0.6195144506411872 2.124022606717201 0.7689329943266838 2.2925855128092207 0.9309312751139325 2.459903095579721 1.0950957426662817 2.637830181552385 1.2694025330622114 2.8346456083544664 1.460713117605804 3.0328202859993763 1.6560203248451626 2.2503751853826266 2.2380249175721807 2.1922624541670155 2.151878101288129 2.117850286545673 2.0889264079789167 2.06396198262696 2.042128210287434 2.0054956859586808 1.8951389071911073 1.7988985514161022 1.7524350207786819 1.7242220139306739 1.7042731562544426 1.682225435481883 1.6667308706729584 1.6556988969781807 1.6529553592577382 1.6476979866827355 1.6412347832121121 1.6360771038160442 1.6333970156986937 1.631939675082516 1.6274967635100073 1.6230092760786434 1.6174068462179219 1.6129064641158801 1.6100333404541736 1.608608369024883 1.606796276289145 1.6043882128182418 1.6048047855370662 1.6025646706745866 1.6030067267541153 
# Stellar luminosity-weighted [Mg/Fe]:
0 -1.3877787807814457e-17 -1.3877787807814457e-17 0.9524705002548726 0.8968739567612781 0.5595416450802807 0.44277453094457453 0.22839946052785176 -0.7138847935083931 -1.1306142412695905 -1.3639386346430058 -1.4918117078533697 -1.558716363201969 -1.5935882475119116 -1.6106296980748918 -1.618109875298055 -1.616109317649727 -1.6075375105477245 -1.5949698797802032 -1.5808132213380734 -1.571478713939548 -1.567015766236804 -1.5644404482660395 -1.5624574478765694 -1.5615844975732684 -1.5587440772606083 -1.5550788268229698 -1.550096872391609 -1.54370739941686 -1.5291175629476221 -1.5375990673885103 -1.533345826221326 -1.5258164416449476 -1.5195087014640472 -1.5084874740802439 -1.4891242229551853 -1.4641458305784982 -1.435748238204132 -1.4085095009347013 -1.3845957759248544 -1.3590626858083141 -1.338611781094333 -1.315693144834293 -1.2937740825602084 -1.2796459435898666 -1.2616248134586092 -1.2451659924163778 -1.2281929997768324 -1.2088152342722795 -1.201175599779815 -1.1863886415241223 -1.1775216517035425 -1.1728887140218833 -1.1759177166797548 -1.1817444205059384 -1.1876319807668463 -1.1982038123432837 -1.202765562398051 -1.2229340804873867 -1.2205134807032954 -1.2290414577101683 -1.2352797130030204 -1.247326795985166 -1.2583018783648834 -1.2659371776334614 -1.269459917239135 -1.2872427162191948 -1.2941107721612568 -1.2981165011683324 -1.302802461162069 -1.3109226011190447 -1.3241549180631127 -1.3186985556688464 -1.3211688891408773 -1.331648470956236 -1.3394207392482986 -1.339480424384851 -1.3475357713089873 -1.3557629367201818 -1.3648801431660686 -1.3716184915356262 -1.3765263705661372 -1.380708088146196 -1.3895900794081864 -1.3986908334685701 -1.4066250022323568 -1.4174528261031565 -1.4176722118932323 -1.4239703863023025 -1.4360467966024593 -1.449031657312401 -1.4534908180150623 -1.4592279269830812 -1.463921077901775 -1.4728365582207672 -1.4834816565946431 -1.496453823404161 -1.5067786417397004 -1.5068740624973425 -1.518262432108178 -1.5260744107773094 -1.4519155042541332 -1.4250095210226394 -1.4138550664809046 -1.4071694442577813 -1.4025447822223382 -1.399097175103203 -1.3964030212789666 -1.3942322155725568 -1.390938278887045 -1.3834087406033355 -1.3798582290933625 -1.3793532010720877 -1.3795960570986479 -1.3800157636140913 -1.380599699704044 -1.381127744114984 -1.3815683994594286 -1.3816945485067815 -1.3819342945769248 -1.3822306656136611 -1.3825039094458318 -1.3826394983709787 -1.3827626973206961 -1.382968011436103 -1.3831721010820044 -1.3837086266724823 -1.3839073417784433 -1.3841344221210892 -1.384344613898243 -1.384264115894019 -1.3844779074344056 -1.3844331739893654 -1.3846371776835462 -1.3845968087505571 
# Stellar luminosity-weighted [C/Fe]:
0 0.0 0.0 -0.020342047598989166 -0.03343162977676584 -0.08460069773221168 -0.08258634232310968 -0.23240308909863383 -0.9785306540286648 -1.18448776613357 -1.256580954182307 -1.2749958320859451 -1.2702682701957693 -1.2570728830135267 -1.2386272867680357 -1.2172251655842898 -1.1921833985167276 -1.1622405755587426 -1.1318217543452322 -1.1005948787234945 -1.0696063632998056 -1.0387988162436599 -1.0101965411061395 -0.9830663918614726 -0.9565825051121563 -0.9144429054998712 -0.8491339796145212 -0.7769944828743088 -0.7098465997865789 -0.6505510987991268 -0.598658454984722 -0.5531015523606586 -0.5126343484991492 -0.47569733755918553 -0.43883984806639736 -0.39881355698029064 -0.3584231328300693 -0.31821969128702043 -0.2807128244871293 -0.24879265745986556 -0.21691618005939295 -0.18951068990523567 -0.1631567438588133 -0.13846066563003867 -0.11660197550515483 -0.09455620551884669 -0.07558783011975934 -0.05657416968344342 -0.03862618046408017 -0.022873627786133555 -0.004594969568650242 0.006415264245181129 0.019367938514355254 0.02757093464503324 0.034423586405707196 0.0446629144294316 0.04785824092992841 0.05313799710608191 0.054520093243240475 0.06921023384568592 0.07507459815214212 0.08333037784079522 0.08480186023029646 0.08736064535024579 0.09518355573961657 0.10285738121872967 0.10115673263076741 0.10136831769566923 0.10586583621245493 0.10659468382696158 0.10040367811574957 0.0990043460629817 0.10182694808708836 0.10366633207899967 0.096505002549643 0.09315571603195671 0.09423996639812704 0.09436085115088488 0.09706368295926926 0.09035197986153376 0.08758461993781608 0.08832401062367867 0.0916642721502019 0.08822725536087361 0.08002276613933534 0.07654306582767467 0.07737120565509215 0.08073714948846322 0.08390342433629905 0.07433598424631604 0.06783846607590094 0.06501024040681558 0.06682859121119378 0.07010935975656585 0.07304736360638464 0.06581191807048092 0.05703196276346445 0.05363217783654828 0.05402424297480923 0.05664787316798969 0.06055951986900554 0.02710540007574469 0.01102410347661198 0.0026069731410242047 -0.0034236776262235313 -0.008264955922517303 -0.012372856132017773 -0.01597520623064852 -0.01920032514085246 -0.024823484962989806 -0.04414796558220602 -0.06542305192425879 -0.07796508043211181 -0.08679450973651837 -0.09349849113979813 -0.10082575408011551 -0.10607162470148623 -0.10998219478650095 -0.11106405835683542 -0.11300688219536625 -0.11540417758516475 -0.11737668831951864 -0.11853186839236385 -0.1190986852292727 -0.12085989363964988 -0.12259693742753164 -0.1255720564154672 -0.12742821777516244 -0.12889178470628682 -0.12979001446930127 -0.13027942359982292 -0.1315330324687224 -0.13148588300679742 -0.13258575815917217 -0.13262211107348898 
# Stellar luminosity-weighted [N/O]:
0 1.1102230246251565e-16 1.1102230246251565e-16 -1.8195306016997645 -1.7772134753270703 -1.3198355581621053 -0.6758760258859424 -0.1270696709332979 0.3087322977941177 0.6342301375728311 0.8637728096468644 0.9965557683830067 1.0650355511702636 1.1002158562602755 1.1256345862446766 1.1480891719482014 1.1778227349080233 1.2173467417946855 1.2589963322005475 1.2959345706483991 1.3158115446322838 1.3219643235225245 1.3198607663562307 1.3146551997020945 1.30736090896414 1.291160242230284 1.257428863150702 1.2102639261296626 1.1518547319216523 1.0822624880085896 1.0012038740611195 0.9058687310800704 0.7769973421257068 0.6099808110937759 0.38905407046285895 0.17240186202089858 0.0024577204443742007 -0.1100690415916693 -0.17050532617855674 -0.22245414720969237 -0.25124047782058234 -0.27375274371577785 -0.292903251321875 -0.30859823054596647 -0.3244472193872685 -0.33805472339337217 -0.35106723105202287 -0.36240572154596884 -0.3749222258763014 -0.38414582351243887 -0.3955745111719795 -0.4069217137538239 -0.41175262302022797 -0.41629824804596405 -0.41412440506773374 -0.4116536097573684 -0.41883950703091966 -0.4189490822551907 -0.41453073841009425 -0.4181329583215352 -0.42585431805062846 -0.41176346083633897 -0.41089101743523493 -0.4133237351876522 -0.42398925695233847 -0.4008989322078085 -0.41614001619533947 -0.4018320985143351 -0.40526099212388766 -0.4109491898421309 -0.41349915994473174 -0.4160305223217142 -0.4141377960581394 -0.41494473495212936 -0.420758869235232 -0.4237707584828585 -0.42190028211566655 -0.4216531864834896 -0.42048980925547674 -0.4245535339055573 -0.43748033049567536 -0.4317334208913437 -0.5190222452560136 -0.3990746510765766 -0.40039242703530364 -0.40462915693946844 -0.41584213323287833 -0.4221201601764317 -0.43075411795360075 -0.4257016638075164 -0.4320820725073433 -0.4307385793521028 -0.4268069403729591 -0.44612174808475835 -0.41747681672813064 -0.4234625599508888 -0.433165895427684 -0.43026507412595394 -0.4326815021691308 -0.43036853846444423 -0.43859256992155005 0.11007540358279833 0.23652662603188024 0.2890199645187401 0.32218799157583355 0.34653938688413155 0.3658146633561025 0.3817876048302503 0.3954225922419088 0.4178597401093883 0.48480446473972044 0.5457969553421644 0.5775089861883049 0.598424716064859 0.6134977745658405 0.6293266221955107 0.640184244604413 0.6481792030842807 0.6504189744385829 0.6542041625505116 0.6588194192759005 0.6626793750490919 0.6650675317653134 0.6661752242870395 0.6695474540486523 0.6727138385320302 0.6782527539275682 0.6816134072595125 0.6842989938179862 0.6860512418981044 0.6867824349037177 0.689056627309508 0.6889493714252867 0.6909404602663063 0.6909840212081763 
# Stellar luminosity-weighted [C/O]:
0 0.0 0.0 -1.199249330821046 -1.1485154286024934 -0.7762490082493969 -0.6132635805733867 -0.5273957218589733 -0.3283395105835685 -0.12584116541738322 0.02523350046421824 0.12394324881362928 0.18590432798612871 0.22352444052207343 0.25099296786200165 0.2747462012611885 0.2991811286291775 0.32685848539091555 0.3542511258994926 0.38193087139220283 0.4109740112073961 0.44087345103531794 0.46927254680588926 0.49646809329187863 0.5231304977629789 0.5651874768259625 0.6301070823290895 0.7016662151157564 0.7680359629435278 0.8265125166949083 0.8777171995497541 0.9256635228141373 0.9605466679343638 0.9964001310815276 1.0326890514230342 1.0712603147393671 1.1096283210626634 1.1471919999524225 1.1819097329366532 1.2112453570929547 1.2403211919738815 1.2651255725220967 1.2887441931643286 1.310829874127955 1.3303608349923608 1.3498115236011692 1.3664307693227586 1.3833069613576054 1.3986395844367274 1.4124406522356505 1.4278515689180522 1.437490879008214 1.4487249056050748 1.455988166916782 1.4620583306121608 1.4715190031473568 1.4741594509369165 1.478917461470332 1.4880249421200447 1.4886279242962595 1.4864651910889282 1.504918054897133 1.5086410179577583 1.5103979139416575 1.5158757043914954 1.5238363978716982 1.52055173682425 1.5194379523430104 1.523122509973389 1.5238685137628456 1.518621377871186 1.5164351359923984 1.5181670120192101 1.5192420798485362 1.5133572262885147 1.509994910557691 1.510044173443926 1.5091355844825975 1.5116603630050813 1.505986110150761 1.5029261260975342 1.5028804383379069 1.504873848488198 1.5015844920517414 1.4938302689047878 1.4904114188454523 1.4917425994355984 1.4940176375935084 1.4951811604678955 1.4877229515889994 1.4818626903447798 1.4787322297942342 1.4778170430479953 1.464822278671571 1.4890295587753972 1.4839183218439898 1.473592218723322 1.468821215466479 1.4669087013318116 1.4679596888018644 1.470075116386738 1.4457259856554008 1.4334760008252363 1.426838826589478 1.4219880316183762 1.4180420462325416 1.4146613328276108 1.411674611609741 1.408984390496158 1.4042608535584566 1.3877588591032857 1.369213899125639 1.3581319023200589 1.3502717039625436 1.344279083272995 1.3377069931338659 1.3329911367096698 1.3294676933090246 1.3284932754984788 1.3267383895421714 1.324573584307359 1.3227929956720859 1.3217465438670521 1.3212351258823578 1.319641478840411 1.3180699916826868 1.3153800250178216 1.3137040991716293 1.312379508923537 1.3115618852395279 1.3111270326109785 1.3099973127319717 1.3100369895236892 1.309046483675548 1.3090175149892918 
# Stellar luminosity-weighted [O/Fe]:
0 0.0 -2.220446049250313e-16 1.1789072832220566 1.115083798825728 0.6916483105171851 0.5306772382502769 0.2949926327603394 -0.6501911434450963 -1.0586466007161868 -1.2818144546465253 -1.3989390808995745 -1.4561725981818978 -1.4805973235356003 -1.4896202546300374 -1.4919713668454784 -1.491364527145905 -1.4890990609496582 -1.486072880244725 -1.4825257501156974 -1.480580374507202 -1.479672267278978 -1.4794690879120287 -1.4795344851533514 -1.4797130028751353 -1.4796303823258339 -1.4792410619436107 -1.4786606979900654 -1.4778825627301069 -1.477063615494035 -1.476375654534476 -1.4787650751747958 -1.473181016433513 -1.4720974686407131 -1.4715288994894318 -1.470073871719658 -1.4680514538927327 -1.465411691239443 -1.4626225574237826 -1.4600380145528205 -1.4572373720332743 -1.4546362624273323 -1.451900937023142 -1.4492905397579932 -1.4469628104975156 -1.444367729120016 -1.4420185994425179 -1.4398811310410486 -1.4372657649008078 -1.435314280021784 -1.4324465384867024 -1.4310756147630328 -1.4293569670907196 -1.4284172322717485 -1.4276347442064539 -1.4268560887179254 -1.426301210006988 -1.4257794643642498 -1.433504848876804 -1.4194176904505735 -1.4113905929367858 -1.4215876770563376 -1.4238391577274618 -1.4230372685914117 -1.4206921486518789 -1.4209790166529686 -1.4193950041934826 -1.4180696346473411 -1.417256673760934 -1.417273829935884 -1.4182176997554363 -1.4174307899294165 -1.4163400639321218 -1.4155757477695365 -1.4168522237388717 -1.4168391945257346 -1.415804207045799 -1.4147747333317127 -1.4145966800458118 -1.4156341302892275 -1.415341506159718 -1.4145564277142284 -1.4132095763379962 -1.4133572366908678 -1.4138075027654524 -1.4138683530177776 -1.4143713937805062 -1.4132804881050451 -1.4112777361315962 -1.4133869673426835 -1.4140242242688787 -1.4137219893874187 -1.4109884518368014 -1.3947129189150052 -1.4159821951690126 -1.4181064037735085 -1.4165602559598571 -1.4151890376299305 -1.4128844583570024 -1.4113118156338746 -1.4095155965177324 -1.4186205855796565 -1.4224518973486244 -1.424231853448454 -1.4254117092445997 -1.426307002155059 -1.4270341889596287 -1.4276498178403896 -1.4281847156370104 -1.4290843385214467 -1.4319068246854916 -1.4346369510498977 -1.4360969827521708 -1.4370662136990617 -1.4377775744127932 -1.4385327472139815 -1.4390627614111562 -1.4394498880955255 -1.439557333855314 -1.4397452717375376 -1.4399777618925236 -1.4401696839916045 -1.440278412259416 -1.4403338111116306 -1.4405013724800608 -1.4406669291102185 -1.4409520814332888 -1.4411323169467918 -1.4412712936298238 -1.4413518997088293 -1.4414064562108015 -1.4415303452006942 -1.4415228725304865 -1.4416322418347203 -1.4416396260627808 
# Stellar luminosity-weighted [Ca/Fe]:
0 0.0 0.0 0.6662054223649626 0.6152432663655848 0.3222947255938128 0.23678091671626544 0.11348878965124354 -0.12920029650021436 -0.15551430028426605 -0.16261367803073457 -0.16519572899381196 -0.16627305308107365 -0.16668871856389722 -0.16688694502584767 -0.16697046225584944 -0.16699527379146017 -0.16700005061058465 -0.16673709266872438 -0.16715295667616492 -0.16713045277153915 -0.1670798160246043 -0.16702796963467992 -0.1669932922142856 -0.16698434682965124 -0.16709924674758003 -0.1669560678772093 -0.1667866001968341 -0.16709323211496052 -0.1670315423747153 -0.16705661124849813 -0.16694743398053058 -0.1670435514166435 -0.16717969272706856 -0.16674639353445397 -0.16608154522784657 -0.16699293508900448 -0.16658039935069846 -0.16539975627589532 -0.16261829767707003 -0.1697786314659504 -0.17006727963641488 -0.16808151573233454 -0.16618440771152265 -0.16772687502978 -0.16750068521025763 -0.16689196208455925 -0.16729561809771143 -0.16720590706534422 -0.16711048016194452 -0.16714390001545 -0.16710283428404438 -0.16701367144976564 -0.16706740640630047 -0.16707524163579435 -0.1670511743732781 -0.16690965383140566 -0.16796251538142482 -0.17705885510517594 -0.16373208911834447 -0.16308240191096357 -0.16401609560682506 -0.16591099617465077 -0.16657288075711207 -0.1667237736155711 -0.1667966113924617 -0.16624529489943596 -0.16722380136332937 -0.16702132881111798 -0.1670706866156475 -0.1674539466176388 -0.16710481729447135 -0.16702545908627786 -0.1672024686959428 -0.16872400351239336 -0.16677275995058682 -0.16620609543082465 -0.1663775941690313 -0.16662487766156797 -0.1667813228188506 -0.16693727049608542 -0.16689790830721596 -0.1665818835218691 -0.16706064543054944 -0.1670882756188139 -0.16725636718862558 -0.16715978054578895 -0.16708465738091127 -0.16703526587629902 -0.16696477554591493 -0.16669919297586766 -0.1668306377756188 -0.1670336454140513 -0.16608364794278163 -0.1668678281180085 -0.16718676126175347 -0.1671963404859651 -0.1672052339484893 -0.16710193200482193 -0.1670889570561942 -0.16743634728483836 -0.1671352011114302 -0.1670423756542201 -0.16701164688404235 -0.16699567479769883 -0.16698567341013448 -0.16697877616738 -0.16697363642730867 -0.16696968518249267 -0.16696386067399582 -0.16695064873607812 -0.16694141247015026 -0.16693687792939338 -0.16693370496851934 -0.16693152643569098 -0.16692901847192432 -0.16692725704788458 -0.16692593275058076 -0.16692572199501332 -0.16692501815911354 -0.1669242180320758 -0.16692349154902653 -0.16692317401287338 -0.16692289205040756 -0.16692237667120025 -0.16692178537564994 -0.1669209599904098 -0.16692038742820925 -0.1669199319173864 -0.16691950655932142 -0.16691945585589618 -0.1669191874900775 -0.1669190944571768 -0.16691888514985687 -0.16691888009156375 
# Stellar luminosity-weighted [Ne/Fe]:
0 0.0 -5.551115123125783e-17 1.0566452682453475 1.0006054928707904 0.6556130320891922 0.492083658496845 0.25059181748154735 -0.7448199231096717 -1.2546087583244585 -1.625717705830377 -1.9135067888962247 -2.1222838150840007 -2.2560748390675274 -2.3289336661592603 -2.3592692772311574 -2.369825875085013 -2.372247859004038 -2.367690719062869 -2.3642300932705944 -2.361788668141667 -2.3587918390795712 -2.3578323679658144 -2.357127772677945 -2.3559136489028027 -2.353729502665423 -2.3512863526584264 -2.3519087996131742 -2.3468613438101578 -2.3437113788181874 -2.337262806883705 -2.3329065838382563 -2.331701882247515 -2.330630139071391 -2.319807719680953 -2.3081884077183847 -2.291450572332979 -2.268590776174427 -2.249155940896747 -2.229641101886851 -2.2005149497588294 -2.192389171677339 -2.180846782703974 -2.1636809111597226 -2.146842507029538 -2.1221557751013234 -2.119223366007532 -2.1076052426636993 -2.092405810329292 -2.0809863725325073 -2.0674535098653237 -2.0586383089905316 -2.047820340050166 -2.040560367534129 -2.039911011801018 -2.0203228849450845 -2.0220160974022408 -2.0242512878971377 -2.0198077891270523 -1.9652113396627096 -2.017863357661861 -2.0149896123884816 -2.0047249362779507 -1.995733066179479 -1.9907420463578596 -2.014290098504186 -1.9716974991445775 -1.967447981794691 -1.9746074928654866 -1.9797482032061184 -1.984298159808905 -1.9840733413413785 -1.99668009137593 -1.9989427163769424 -2.0040776845419392 -2.00881251634239 -2.0104706100443095 -2.012958104722821 -2.012447315031756 -2.0218400102904845 -2.0287399368742456 -2.0290445140289357 -2.030382228015461 -2.03289276685768 -2.0344162476943293 -2.063443093213451 -2.045197424687253 -2.056470499415812 -2.0612617451253437 -2.065692448925347 -2.074936041732036 -2.0724691623121183 -2.079733043362995 -2.0809591176309983 -2.086372594505339 -2.0939176509177964 -2.1082082315522763 -2.11245532575317 -2.1086126144300814 -2.1024904646178824 -2.10857591947822 -2.0975087471014646 -2.0939004153907526 -2.092867710796031 -2.0925577431945968 -2.092565709971698 -2.092742185819466 -2.0930158447596385 -2.0933489854768403 -2.094108595312914 -2.0980685633063723 -2.1039506844074083 -2.1078024201845635 -2.1106204105358666 -2.112811198063294 -2.1152026309126484 -2.1169278395611446 -2.118211192395236 -2.1185815101275907 -2.11920780709882 -2.119994804405459 -2.1206612944134613 -2.1210196752027914 -2.121221134589023 -2.1217847125010754 -2.122347458664782 -2.123406821736258 -2.124017710344577 -2.124512308051057 -2.1248058185742513 -2.1249546220224502 -2.125409447428746 -2.125364286929524 -2.1257743819002846 -2.1257824745032687 
# Stellar luminosity-weighted [Si/Fe]:
0 1.9949319973733282e-16 1.0408340855860843e-16 0.9688029733700618 0.9166099983929928 0.6104199603250445 0.5201404526041483 0.3489824065686569 -0.1266493027885881 -0.20152561141095776 -0.22345991666455955 -0.23157171253753847 -0.23489917290739595 -0.2362675719520726 -0.23680488447866946 -0.23700668983160353 -0.23709025907578352 -0.2371328518725649 -0.23740914559496368 -0.2369829626850476 -0.23696479596285502 -0.23698802324554238 -0.23704214036340873 -0.23706783563563497 -0.23709334790258083 -0.2370895487296503 -0.23709115431526973 -0.23707959357013034 -0.23706653165773492 -0.23708146906815342 -0.2370690208619647 -0.23706054706732316 -0.23706030886003215 -0.23703530848110238 -0.23702053437228787 -0.23702174748027716 -0.23700116174093688 -0.23697305652170253 -0.23699983152299386 -0.23697614295794547 -0.23698849246821568 -0.23700605039344513 -0.23682591610452694 -0.2367351894520522 -0.23621491801379588 -0.23709984462550765 -0.23701433541686162 -0.2368467492013991 -0.2368049921031491 -0.23678853594315383 -0.23671766475230596 -0.2367247310572415 -0.23669604128845873 -0.23669558872255236 -0.236797472909333 -0.2369934930327609 -0.2368728876165492 -0.23768846973589627 -0.24670024639217467 -0.23342366284078736 -0.232868075618311 -0.23409470714856237 -0.23601618678963573 -0.23677363502598406 -0.2367449228730466 -0.23670060923183261 -0.23698078218957427 -0.2370173976967745 -0.23701641768507034 -0.23715072567757353 -0.23708393780294876 -0.23692356017081023 -0.23690882305266323 -0.2369491328232235 -0.23698443702366123 -0.23698719022364367 -0.23701646451807112 -0.23697835436377507 -0.23696089597431996 -0.23700881780203656 -0.23704035086617634 -0.23702148784330904 -0.23698804474122684 -0.2364964586065415 -0.23197165222736768 -0.2386867010591914 -0.23900697745036087 -0.23860479559979972 -0.23736961051200242 -0.23714985150929074 -0.2370147081039999 -0.2371900793140742 -0.23725462744650067 -0.23764247173050163 -0.23677361343565828 -0.2367858778460914 -0.23683841952065057 -0.23702179556005828 -0.23708286153184593 -0.23721284560586176 -0.23896207063520614 -0.2376378844078284 -0.23725889557292493 -0.2371433321022494 -0.23708591704940057 -0.23705053286574443 -0.2370259673795605 -0.2370074917838728 -0.23699301786177895 -0.23697113207738188 -0.23691649524041244 -0.23687467787367175 -0.23685448895408756 -0.2368415011074167 -0.23683220259173135 -0.23682208880289513 -0.23681524051465477 -0.2368101490621614 -0.23680900836131108 -0.23680637462450735 -0.23680339388351093 -0.236801066160249 -0.23679960650186663 -0.23679902665665753 -0.23679682238129796 -0.23679469635467376 -0.23679212359868498 -0.2367900250916837 -0.23678861908880927 -0.23678768618188278 -0.23678718438781943 -0.23678634668273024 -0.23678613137897112 -0.23678547206925352 -0.2367855542917979 
# Stellar luminosity-weighted [S/Fe]:
0 1.1102230246251565e-16 0.0 0.8943576448693588 0.8447627056194627 0.5602670143108459 0.4722808148045071 0.30515409373659297 -0.14646681688394736 -0.2147223191401031 -0.23459391316429434 -0.2418818635098401 -0.24486113262889342 -0.24608087981858728 -0.24654261203592764 -0.24672459055583407 -0.24678493239867783 -0.2468256479391534 -0.24705918881131583 -0.24667732745616278 -0.24669839215130118 -0.24676443540261428 -0.24672341108329066 -0.24671900872667674 -0.24674859108917158 -0.24675961727171725 -0.2468749323521905 -0.2467145819681532 -0.24666107746427057 -0.24666862390099642 -0.24617485539014983 -0.24640118751406637 -0.24706207418280102 -0.24700342162989275 -0.2468371082845373 -0.2467832487875048 -0.24673904741452535 -0.24665614452112017 -0.24652855924029415 -0.24674950386466676 -0.2465644691278127 -0.24707690960733264 -0.2465345964273863 -0.24668349665043454 -0.24578818430936356 -0.2467739046095465 -0.24697722617543083 -0.24690015944357946 -0.24673273311592891 -0.24654644181443564 -0.24663247459014415 -0.24668728560801034 -0.24661071765479137 -0.2465481093314732 -0.24669365224886153 -0.24676843862955922 -0.246668685104094 -0.24763452141067577 -0.2571536025343385 -0.24290620282420405 -0.24238206059589607 -0.24396752159993718 -0.24549278843784217 -0.2464686849886517 -0.24615280664147876 -0.24622803001747207 -0.24634983888981798 -0.2465988550191074 -0.24671223734809733 -0.24670648495387615 -0.24658401160473575 -0.24656837547073207 -0.24640450787834012 -0.24643188808581595 -0.24650593875481452 -0.24650748221137964 -0.24654991594169562 -0.24650227868073626 -0.24645883621783293 -0.24647169983466954 -0.2464893758145139 -0.24653587558565615 -0.24652823907516241 -0.24650823951000034 -0.24655434086682637 -0.24662597290382715 -0.24674676305330956 -0.24629582126713712 -0.24636712222882495 -0.24643341244543215 -0.24690274930686862 -0.24744703531175238 -0.24665386729127514 -0.24697244673228347 -0.2456741499596159 -0.24570151817458152 -0.24610684846357533 -0.24636046511608467 -0.2465009290641128 -0.24638037983934058 -0.2465579154755927 -0.2464771927703674 -0.2464616186653371 -0.24646054557670183 -0.24646149031517184 -0.24646270308199258 -0.24646383131998506 -0.24646473450325335 -0.24646553944647498 -0.24646658911927632 -0.24646751042838355 -0.24646405535360294 -0.24646034879748613 -0.2464569911981025 -0.2464543439681467 -0.24645107416366974 -0.24644882932127687 -0.24644698647993157 -0.246446675983787 -0.2464456245161133 -0.24644445976694862 -0.24644357435714048 -0.24644304688745544 -0.24644281589339756 -0.24644195355318166 -0.2464411253158998 -0.2464402079267778 -0.24643953418599907 -0.2464389931098191 -0.24643845352157812 -0.24643849558528308 -0.24643832556609002 -0.24643814617725546 -0.2464380575542202 -0.24643818313320465 
# Stellar luminosity-weighted [C/H]:
0 -6.110642220877493 -7.0054665083695085 -5.035066945295334 -3.449944307664703 -2.6335857603642925 -2.1829146512230295 -1.9136298816486752 -1.5322716650937869 -1.1180200555752347 -0.7208849032959987 -0.3779099376712094 -0.1347077084577215 -0.0029687251459078468 0.055951760930107675 0.08183487311265347 0.09853366105155148 0.11669528974984411 0.13523652415990517 0.15433533685073186 0.1740528672300461 0.193700487257511 0.21222490123006077 0.22917724683011054 0.24590713515633844 0.2788749825627552 0.3367381835661494 0.40160653256791345 0.46171828814197324 0.5144167962195714 0.5601729417994292 0.5998941311000374 0.6347134630296924 0.6657635827044852 0.6970454205680308 0.7340546196527482 0.7728740858844398 0.8103343757244752 0.8450176779370371 0.8767768734285544 0.9058611187469268 0.9324658902213292 0.9569947463101718 0.9796571075209393 1.0007859000815618 1.0204670823368827 1.038609216132944 1.0558668418508899 1.0721178092310164 1.087467806791425 1.101916278477824 1.11483845495097 1.1247500491271731 1.1324861199250655 1.1389772901500508 1.1446625554317977 1.1503330461341466 1.1555774800318162 1.1605104591083593 1.16546290341532 1.170201555562191 1.174677538286398 1.1791768440090729 1.1835178636188317 1.187732004260706 1.1915054574491997 1.193756462504496 1.1927858908475284 1.1912690605778482 1.1884254258965488 1.185351670389617 1.1820200156758593 1.178481964991526 1.1745981224838613 1.1722856905091974 1.168966367498295 1.165265605259227 1.1616894144237495 1.162281146785852 1.1566284782622316 1.1506034574749315 1.1465057047360792 1.143431492284385 1.1405051392415761 1.1373397816918005 1.1338425292812353 1.1299410425695493 1.1264043698462318 1.1227206727078953 1.1195929506110067 1.116960365810951 1.1124287346904396 1.108845297659907 1.1054335385491725 1.1019656680176917 1.0987990300992787 1.0957720378185702 1.0925508479884058 1.0891329077933856 1.0854129989522887 1.082397138912992 1.0737213216074712 1.067749791338707 1.0637500503503152 1.0604920846675037 1.0576563928463147 1.0551108864239023 1.0527838091137571 1.0506292336281895 1.0467268562976244 1.0321556821439368 1.0145495431843221 1.0035689595708175 0.995647656988695 0.989554274317952 0.9828168151230545 0.9780074906082512 0.9744102516811561 0.9734355353515256 0.9716260278144313 0.9694382099218308 0.9676240219961487 0.9665988186947341 0.9660706680798117 0.9645158481506404 0.9629122567846129 0.9603385179343227 0.9587374578788213 0.9574536875169999 0.9566745204232858 0.9563617315792321 0.9553149482337386 0.9553747574539129 0.9545168471508787 0.9545121921809203 
# Stellar luminosity-weighted [N/H]:
0 -6.110642220877493 -7.0054665083695085 -5.655348216174053 -4.078642354389277 -3.177172310277001 -2.245527096535586 -1.5133038307229993 -0.8951998567161006 -0.35794875258502135 0.11765440588664688 0.4947025818981685 0.7444235147264129 0.8737226905922943 0.9305933793127825 0.9551778437996661 0.9771752673303968 1.0071835461536143 1.0399817304609607 1.068339036106928 1.078890400654934 1.0747913597447174 1.062813120780402 1.0473643532403263 1.0301375463574995 1.0048477479670765 0.9640599643877623 0.9102042435818198 0.8455370571200973 0.7701667675332526 0.6836596163107953 0.5800993393659706 0.4511641372210353 0.27934426271673374 0.05341043960785541 -0.16480383306572044 -0.33429651473384947 -0.4469266658196176 -0.5073973811781718 -0.5569226308740927 -0.5857005510475375 -0.6064124260165453 -0.6246526981760319 -0.6397709971529819 -0.654022154298068 -0.6673991646576596 -0.6788887842418374 -0.6898458410526844 -0.7014440010820131 -0.7091186689566653 -0.721509801612207 -0.7295741378110678 -0.7357274794981299 -0.7398002950376803 -0.7372054455298436 -0.7385100574729275 -0.7426659118336891 -0.7422890636937067 -0.7420452214217788 -0.741297979202475 -0.7421179535773659 -0.7420039774470739 -0.7403551913839204 -0.7402037855104782 -0.7521329570831279 -0.7332298726303064 -0.7429352905150939 -0.7284841600098169 -0.7371144415194291 -0.7463922777084271 -0.7467688674263009 -0.7504456426382529 -0.7538228430858238 -0.7595886923168038 -0.7618304050145488 -0.7647993015422543 -0.7666788503003659 -0.7690993565423376 -0.7698690254747058 -0.7739111657940869 -0.7898029991182778 -0.7881081544931705 -0.8804646014598267 -0.7601540038867416 -0.7568829142482913 -0.7611980465036856 -0.7776436900989276 -0.789733427923708 -0.8032146057136007 -0.7938316647855093 -0.7969843970411725 -0.7970420744558977 -0.7957786857610474 -0.8055104882071564 -0.8045407074858355 -0.8085818516955996 -0.8109860763324352 -0.8065354416040273 -0.8104572957075566 -0.8129152283140195 -0.8262705473952954 -0.26192926046513154 -0.12919958345464888 -0.0740688117204229 -0.03930795537503862 -0.013846266502095084 0.006264216952393653 0.022896802334265942 0.03706743537393997 0.06032574284855663 0.1292012877803712 0.1911325994008477 0.22294604343906332 0.24380066909101084 0.2587729656107971 0.27443644418469937 0.28520059850299395 0.2931217614564119 0.2953612342916294 0.29909180082277187 0.30368404489037193 0.3075104013731549 0.30991980659299534 0.3110107664844928 0.31442182335888136 0.3175561036339567 0.32321124684406977 0.32664676596670406 0.3293731724114486 0.33116387708186235 0.33201713387197174 0.3343742628112749 0.33428713935551047 0.336410823741637 0.3364786983998047 
# Stellar luminosity-weighted [O/H]:
0 -6.110642220877493 -7.0054665083695085 -3.8358176144742897 -2.3014288790622084 -1.8573367521148958 -1.5696510706496438 -1.3862341597897014 -1.2039321545102188 -0.9921788901578523 -0.7461184037602173 -0.5018531864848388 -0.3206120364438507 -0.22649316566798072 -0.19504120693189364 -0.19291132814853507 -0.20064746757762641 -0.210163195641071 -0.21901460173958753 -0.22759553454147063 -0.2369211439773502 -0.2471729637778073 -0.2570476455758288 -0.26729084646176826 -0.27722336260664093 -0.28631249426320693 -0.29336889876294014 -0.30005968254784277 -0.3063176748015546 -0.3120957204753365 -0.3175442577503249 -0.3257693917141 -0.3258332049046717 -0.33063654837704215 -0.3356436308550039 -0.3372056950866189 -0.3367542351782231 -0.33685762422794774 -0.33689205499961616 -0.33446848366439985 -0.3344600732269547 -0.3326596823007675 -0.33174944685415664 -0.3311727666070152 -0.3295749349107986 -0.32934444126428675 -0.32782155318981454 -0.32744011950671537 -0.3265217752057108 -0.32497284544422556 -0.3259352904402282 -0.3226524240572437 -0.32397485647790214 -0.32350204699171625 -0.3230810404621103 -0.32685644771555866 -0.3238264048027699 -0.32333998143851606 -0.32751448301168473 -0.32316502088093957 -0.3162636355267372 -0.33024051661073495 -0.32946417394868543 -0.3268800503228264 -0.3281437001307892 -0.33233094042249833 -0.32679527431975375 -0.32665206149548176 -0.33185344939554096 -0.3354430878662962 -0.3332697074815689 -0.3344151203165393 -0.33968504702768376 -0.3446439573646747 -0.3410715357793168 -0.34102854305939667 -0.34477856818469865 -0.34744617005884804 -0.3493792162192295 -0.349357631888529 -0.35232266862260264 -0.35637473360182703 -0.3614423562038125 -0.3610793528101657 -0.3564904872129868 -0.35656888956421673 -0.36180155686604865 -0.3676132677472763 -0.3724604877599993 -0.3681300009779922 -0.36490232453382854 -0.36630349510379423 -0.36897174538808875 -0.3593887401223985 -0.3870638907577053 -0.38511929174471105 -0.377820180904751 -0.3762703674780732 -0.37777579353842583 -0.38254668984957574 -0.3876779774737451 -0.3720046640479304 -0.365726209486529 -0.36308877623916347 -0.3614959469508725 -0.36038565338622686 -0.3595504464037087 -0.35889080249598404 -0.3583551568679688 -0.3575339972608318 -0.3556031769593493 -0.35466435594131696 -0.35456294274924094 -0.35462404697384864 -0.35472480895504344 -0.3548901780108116 -0.35498364610141886 -0.35505744162786845 -0.3550577401469539 -0.3551123617277403 -0.35513537438552856 -0.3551689736759376 -0.35514772517231785 -0.35516445780254635 -0.35512563068977077 -0.3551577348980737 -0.35504150708349913 -0.35496664129280786 -0.35492582140653717 -0.3548873648162423 -0.35476530103174664 -0.35468236449823287 -0.3546622320697761 -0.35452963652466973 -0.35450532280837166 
# Stellar luminosity-weighted [Mg/H]:
0 -6.110642220877493 -7.0054665083695085 -4.062254397441475 -2.5196387211266584 -1.9894434175517999 -1.6575537779553455 -1.4528273320221894 -1.2676258045735151 -1.0641465307112563 -0.8282425837566985 -0.5947258134386342 -0.4231558014639214 -0.33948408964429255 -0.3160506503767486 -0.31904983660111164 -0.32539225808144856 -0.3286016452391376 -0.3279116012750656 -0.3258830057638473 -0.32781948340969613 -0.33451646273563274 -0.34201900592983936 -0.3502138091849867 -0.35909485730477364 -0.365426189197982 -0.3692066636422986 -0.37149585694938647 -0.3721425114883079 -0.364149667928924 -0.37876767060435856 -0.38035014276062995 -0.37846863011610576 -0.37804778120037685 -0.37260220544581557 -0.35625604632214625 -0.33284861186398906 -0.3071941711926369 -0.28277899851053423 -0.25902624503643423 -0.23628538700199453 -0.2166352009677679 -0.19554165466530815 -0.17565630940923072 -0.16225806800315024 -0.14660152560287987 -0.13096894616367383 -0.11575198824249888 -0.09807124457718341 -0.0908341652022564 -0.07987739347764844 -0.06909846099775407 -0.06750660340906567 -0.07100253139972335 -0.07719071676159395 -0.08763233976447982 -0.09572900713906574 -0.10032607947231664 -0.11694371462226716 -0.12426081113366116 -0.13391450030011942 -0.143932552557418 -0.15295181220638998 -0.16214466009629813 -0.17338872911237235 -0.18081184100866476 -0.19464298634546573 -0.20269319900939742 -0.2127132768029396 -0.22097171909248114 -0.22597460884517684 -0.24113924845023504 -0.24204353876440887 -0.2502370987360152 -0.255867782996682 -0.26361008778196116 -0.2684547855237511 -0.2802072080361224 -0.2905454728935988 -0.29860364476536994 -0.3085996539985114 -0.3183446764537372 -0.3289408680120127 -0.3373121955274838 -0.34137381791610544 -0.34932553877879613 -0.36488298918869955 -0.37200499153546396 -0.3851531379307058 -0.39078983023776814 -0.39990975757735114 -0.406072323731439 -0.41721122053436854 -0.4285968991091682 -0.4439182538094606 -0.4504945445658448 -0.45771374834905476 -0.46785997158784287 -0.4717653976787668 -0.4894973063238792 -0.504236791733323 -0.4052995827224066 -0.368283833160544 -0.3527119892716133 -0.3432536819640539 -0.3366234334535063 -0.33161343254728326 -0.32764400593456067 -0.32440265680351477 -0.3193879376264306 -0.307105092877193 -0.29988563398478174 -0.2978191610691585 -0.2971538903734343 -0.2969629981563413 -0.29695713050087313 -0.2970486288052472 -0.2971759529917719 -0.29719495479842095 -0.2973013845671275 -0.29738827810666546 -0.29750319913016465 -0.2975088112838806 -0.2975933440116121 -0.2975922696458131 -0.29766290686985997 -0.2977980523226922 -0.29774166612445985 -0.2977889498978028 -0.2978800790056555 -0.2976229607149641 -0.2976299267319442 -0.29757253352865565 -0.2975345723734959 -0.2974625054961475 
# Stellar luminosity-weighted [Fe/H]:
0 -6.110642220877493 -7.0054665083695085 -5.014724897696345 -3.416512677887936 -2.548985062632081 -2.10032830889992 -1.6812267925500413 -0.5537410110651217 0.06646771055833423 0.5356960508863078 0.8970858944147362 1.135560561738047 1.2541041578676193 1.2945790476981434 1.2990600386969433 1.290717059568279 1.2789358653085867 1.2670582785051376 1.2549302155742263 1.2436592305298522 1.232499303501171 1.2224214423362003 1.2122436386915827 1.2024896402684946 1.1933178880626265 1.1858721631806706 1.1786010154422222 1.171564887928552 1.1649678950186981 1.1588313967841515 1.1529956834606958 1.1473478115288418 1.141460920263671 1.135885268634428 1.1328681766330386 1.1312972187145096 1.1285540670114953 1.1257305024241666 1.1255695308884204 1.1227772988063194 1.121976580126565 1.1201514901689849 1.1181177731509777 1.1173878755867164 1.1150232878557294 1.1141970462527038 1.112441011534333 1.1107439896950964 1.1103414345775584 1.1065112480464743 1.108423190705789 1.1053821106128177 1.1049151852800319 1.1045537037443438 1.0999996410023667 1.102474805204218 1.102439482925734 1.1059903658651193 1.0962526695696342 1.0951269574100486 1.0913471604456024 1.0943749837787764 1.0961572182685857 1.09254844852109 1.08864807623047 1.0925997298737284 1.0914175731518592 1.0854032243653928 1.0818307420695872 1.0849479922738676 1.0830156696128777 1.0766550169044375 1.0709317904048619 1.0757806879595542 1.0758106514663384 1.0710256388611001 1.0673285632728646 1.0652174638265826 1.0662764984006983 1.0630188375371157 1.0581816941124007 1.0517672201341828 1.052277883880702 1.0573170155524654 1.0572994634535609 1.0525698369144574 1.0456672203577688 1.0388172483715965 1.0452569663646907 1.04912189973505 1.0474184942836238 1.0420167064487131 1.035324178792607 1.0289183044113073 1.0329871120287977 1.038740075055106 1.0389186701518573 1.0351086648185763 1.028765125784299 1.0218376190439868 1.0466159215317266 1.056725687862095 1.061143077209291 1.0639157622937274 1.065921348768832 1.0674837425559196 1.0687590153444053 1.0698295587690416 1.0715503412606142 1.0763036477261427 1.0799725951085808 1.0815340400029294 1.0824421667252135 1.0830527654577495 1.0836425692031706 1.0840791153097373 1.0843924464676569 1.0844995937083608 1.0846329100097973 1.084842387506995 1.0850007103156667 1.0851306870870978 1.0851693533090847 1.08537574179029 1.0855091942121446 1.0859105743497897 1.0861656756539837 1.0863454722232868 1.0864645348925874 1.0866411551790551 1.0868479807024611 1.0868606404607104 1.0871026053100512 1.0871343032544094 
# Stellar luminosity-weighted [Ca/H]:
0 -6.110642220877491 -7.00546650836951 -4.348519475331383 -2.8012694115223518 -2.226690337038268 -1.8635473921836558 -1.567738002898798 -0.6829413075653363 -0.08904658972593094 0.3730823728555732 0.7318901654209249 0.9692875086569739 1.0874154393037223 1.1276921026722952 1.1320895764410936 1.1237217857768185 1.1119358146980023 1.100321185836413 1.0877772588980612 1.0765287777583126 1.065419487476567 1.0553934727015202 1.0452503464772978 1.0355052934388436 1.0262186413150465 1.018916095303461 1.0118144152453876 1.0044716558135915 0.9979363526439826 0.9917747855356529 0.9860482494801648 0.9803042601121987 0.9742812275366024 0.9691388750999748 0.9667866314051929 0.9643042836255056 0.9619736676607973 0.9603307461482711 0.9629512332113501 0.9529986673403688 0.9519093004901498 0.9520699744366503 0.9519333654394551 0.9496610005569366 0.9475226026454715 0.9473050841681445 0.9451453934366212 0.9435380826297521 0.9432309544156139 0.9393673480310243 0.9413203564217438 0.9383684391630522 0.9378477788737323 0.9374784621085492 0.9329484666290879 0.9355651513728125 0.9344769675443088 0.9289315107599432 0.9325205804512899 0.9320445554990844 0.9273310648387776 0.9284639876041254 0.9295843375114732 0.9258246749055186 0.9218514648380083 0.926354434974292 0.9241937717885298 0.9183818955542753 0.9147600554539395 0.9174940456562286 0.9159108523184063 0.9096295578181595 0.9037293217089193 0.9070566844471619 0.9090378915157507 0.9048195434302757 0.9009509691038335 0.8985925861650141 0.8994951755818477 0.8960815670410307 0.891283785805185 0.8851853366123139 0.8852172384501529 0.8902287399336517 0.890043096264935 0.8854100563686682 0.8785825629768578 0.8717819824952979 0.878292190818776 0.8824227067591819 0.8805878565080052 0.8749830610346621 0.869240530849825 0.862050476293299 0.8658003507670449 0.8715437345691406 0.8717134362033683 0.868006732813754 0.8616761687281054 0.8544012717591478 0.8794807204202968 0.8896833122078744 0.8941314303252481 0.8969200874960288 0.8989356753586977 0.9005049663885396 0.9017853789170971 0.9028598735865492 0.9045864805866186 0.9093529989900642 0.9130311826384307 0.9145971620735356 0.9155084617566942 0.9161212390220594 0.916713550731246 0.9171518582618532 0.917466513717077 0.9175738717133477 0.9177078918506831 0.9179181694749188 0.9180772187666406 0.9182075130742247 0.9182464612586765 0.91845336511909 0.9185874088364949 0.9189896143593792 0.919245288225774 0.9194255403059008 0.9195450283332658 0.9197216993231594 0.9199287932123834 0.9199415460035336 0.9201837201601943 0.920215423162845 
# Stellar luminosity-weighted [Ne/H]:
0 -6.110642220877493 -7.0054665083695085 -3.9580796294509977 -2.4159071850171463 -1.8933720305428885 -1.6082446504030754 -1.430634975068494 -1.2985609341747937 -1.1881410477661234 -1.0900216549440698 -1.016420894481488 -0.9867232533459536 -1.001970681199908 -1.0343546184611174 -1.0602092385342141 -1.0791088155167339 -1.0933119936954512 -1.1006324405577317 -1.109299877696368 -1.118129437611815 -1.1262925355784006 -1.135410925629614 -1.1448841339863618 -1.1534240086343077 -1.160411614602797 -1.1654141894777554 -1.1733077841709525 -1.1752964558816066 -1.1787434837994892 -1.178431410099554 -1.1799109003775605 -1.1843540707186735 -1.1891692188077192 -1.1839224510465245 -1.1753202310853457 -1.1601533536184698 -1.1400367091629313 -1.123425438472581 -1.104071570998431 -1.0777376509525096 -1.0704125915507738 -1.060695292534989 -1.0455631380087453 -1.029454631442821 -1.0071324872455945 -1.0050263197548288 -0.9951642311293663 -0.9816618206341952 -0.9706449379549493 -0.9609422618188495 -0.950215118284742 -0.9424382294373483 -0.9356451822540972 -0.9353573080566742 -0.9203232439427182 -0.9195412921980219 -0.9218118049714032 -0.9138174232619329 -0.8689586700930754 -0.9227364002518126 -0.9236424519428788 -0.9103499524991738 -0.8995758479108931 -0.8981935978367703 -0.9256420222737161 -0.8790977692708486 -0.8760304086428317 -0.8892042685000936 -0.8979174611365313 -0.8993501675350375 -0.9010576717285002 -0.920025074471492 -0.9280109259720808 -0.9282969965823842 -0.9330018648760516 -0.9394449711832094 -0.9456295414499563 -0.9472298512051731 -0.9555635118897863 -0.9657210993371308 -0.970862819916535 -0.9786150078812783 -0.9806148829769779 -0.9770992321418639 -1.0061436297598902 -0.9926275877727955 -1.0108032790580435 -1.0224444967537476 -1.0204354825606563 -1.0258141419969862 -1.025050668028494 -1.037716336914282 -1.0456349388383916 -1.0574542900940322 -1.0609305388889991 -1.0694681564971704 -1.0735366556013126 -1.0735039496115046 -1.073725338833583 -1.0867383004342335 -1.050892825569738 -1.037174727528658 -1.03172463358674 -1.0286419809008693 -1.026644361202866 -1.0252584432635459 -1.0242568294152337 -1.0235194267077983 -1.0225582540522993 -1.0217649155802295 -1.0239780892988275 -1.0262683801816337 -1.028178243810653 -1.0297584326055436 -1.0315600617094782 -1.0328487242514068 -1.0338187459275785 -1.0340819164192299 -1.0345748970890227 -1.0351524168984643 -1.0356605840977942 -1.035888988115694 -1.0360517812799381 -1.0364089707107853 -1.036838264452637 -1.0374962473864677 -1.0378520346905935 -1.03816683582777 -1.038341283681664 -1.0383134668433947 -1.0385614667262848 -1.038503646468814 -1.038671776590233 -1.0386481712488598 
# Stellar luminosity-weighted [Si/H]:
0 -6.110642220877493 -7.0054665083695085 -4.045921924326285 -2.4999026794949426 -1.9385651023070363 -1.5801878562957716 -1.332244385981384 -0.6803903138537102 -0.13505790085262337 0.3122361342217479 0.6655141818771977 0.9006613888306512 1.0178365859155467 1.0577741632194742 1.0620533488653394 1.0536268004924954 1.0418030134360219 1.0296491329101745 1.0179472528891789 1.006694434566997 0.9955112802556281 0.9853793019727912 0.9751758030559476 0.9653962923659138 0.9562283393329767 0.9487810088654012 0.9415214218720918 0.9344983562708173 0.9278864259505446 0.9217623759221869 0.9159351363933728 0.9102875026688091 0.904425611782568 0.8988647342621401 0.8958464291527619 0.8942960569735723 0.891581010489793 0.8887306709011731 0.8885933879304746 0.8857888063381041 0.8849705297331196 0.8833255740644579 0.8813825836989255 0.8811729575729208 0.8779234432302219 0.8771827108358421 0.875594262332934 0.8739389975919476 0.8735528986344048 0.8697935832941681 0.8716984596485475 0.8686860693243585 0.8682195965574797 0.8677562308350106 0.8630061479696054 0.8656019175876688 0.8647510131898377 0.859290119472945 0.8628290067288469 0.8622588817917376 0.8572524532970403 0.8583587969891404 0.8593835832426016 0.8558035256480432 0.851947466998638 0.8556189476841545 0.8544001754550847 0.8483868066803231 0.8446800163920143 0.8478640544709188 0.8460921094420679 0.8397461938517745 0.8339826575816383 0.8387962509358933 0.8388234612426948 0.8340091743430289 0.8303502089090897 0.8282565678522626 0.8292676805986616 0.8259784866709392 0.8211602062690919 0.8147791753929559 0.8157814252741611 0.8253453633250976 0.8186127623943693 0.8135628594640965 0.8070624247579694 0.801447637859594 0.8081071148554004 0.8121071916310503 0.8102284149695493 0.8047620790022125 0.7976817070621052 0.7921446909756487 0.7962012341827065 0.8019016555344556 0.8018968745917996 0.7980258032867305 0.7915522801784372 0.7828755484087804 0.8089780371238979 0.8194667922891701 0.8239997451070415 0.8268298452443266 0.8288708159030875 0.8304577751763591 0.8317515235605328 0.8328365409072629 0.8345792091832327 0.8393871524857301 0.8430979172349091 0.8446795510488418 0.8456006656177966 0.8462205628660184 0.8468204804002752 0.8472638747950829 0.8475822974054958 0.84769058534705 0.8478265353852898 0.8480389936234842 0.8481996441554185 0.8483310805852313 0.8483703266524265 0.8485789194089919 0.8487144978574706 0.8491184507511051 0.8493756505622994 0.849556853134477 0.8496768487107045 0.8498539707912358 0.8500616340197311 0.8500745090817392 0.8503171332407975 0.8503487489626109 
# Stellar luminosity-weighted [S/H]:
0 -6.110642220877492 -7.005466508369509 -4.120367252826987 -2.5717499722684742 -1.9887180483212346 -1.628047494095413 -1.3760726988134477 -0.70020782794907 -0.14825460858176776 0.30110213772201355 0.6552040309048959 0.8906994291091537 1.008023278049032 1.0480364356622154 1.0523354481411094 1.043932127169601 1.0321102173694334 1.019999089693822 1.0082528881180632 0.9969608383785507 0.9857348680985569 0.97569803125291 0.9655246299649058 0.955741049179323 0.9465582707909088 0.9389972308284804 0.9318864334740691 0.9249038104642819 0.9182992711177014 0.9126565413940018 0.9065944959466292 0.9002857373460404 0.8944574986337783 0.8890481603498914 0.886084927845534 0.8845581712999837 0.8818979224903747 0.8792019431838725 0.8788200270237532 0.876212829678507 0.8748996705192322 0.8736168937415991 0.8714342765005423 0.8715996912773534 0.8682493832461828 0.8672198200772732 0.8655408520907537 0.8640112565791673 0.8637949927631228 0.8598787734563302 0.8617359050977784 0.8587713929580261 0.8583670759485589 0.8578600514954822 0.8532312023728066 0.8558061201001239 0.8548049615150584 0.8488367633307812 0.85334646674543 0.8527448968141531 0.8473796388456654 0.8488821953409342 0.8496885332799335 0.8463956418796101 0.8424200462129976 0.84624989098391 0.8448187181327516 0.838690987017296 0.8351242571157114 0.8383639806691319 0.836447294142145 0.8302505090260972 0.8244999023190456 0.8292747492047399 0.8293031692549588 0.824475722919404 0.8208262845921288 0.8187586276087497 0.8198047985660288 0.8165294617226015 0.8116458185267446 0.8052389810590199 0.8057696443707023 0.8107626746856393 0.8106734905497337 0.8058230738611476 0.7993713990906315 0.7924501261427714 0.7988235539192585 0.802219150428181 0.7999714589718714 0.7953628391574377 0.788351732060323 0.7832441544516913 0.7872855938542163 0.7926332265915308 0.7925582050357729 0.7886077357544634 0.7823847459449587 0.775279703568394 0.8001387287613584 0.8102640691967578 0.814682531632589 0.8174542719785558 0.81945864568684 0.8210199112359344 0.8222942808411524 0.8233640193225664 0.8250837521413379 0.8298361372977592 0.8335085397549777 0.8350736912054435 0.835985175527111 0.8365984214896036 0.8371914950395007 0.8376302859884603 0.8379454599877256 0.8380529177245739 0.8381872854936834 0.8383979277400462 0.838557135958526 0.8386876401996419 0.8387265374156865 0.8389337882371084 0.8390680688962444 0.8394703664230114 0.8397261414679837 0.8399064791134672 0.8400260813710094 0.8402026595937722 0.8404096551363711 0.8404224942834544 0.8406645477558312 0.8406961201212049 
# X_list:
0.7500318436898747 0.7500030048614718 0.7500010759108398 0.7499460101884842 0.7497733061322477 0.7492970280744229 0.7478957198560915 0.744508894609481 0.7376999874354219 0.7240075327973797 0.7010032249923276 0.6753981762219389 0.6593320362004829 0.6549428962307157 0.6568479407091694 0.6604877014727656 0.663904521251948 0.6666717258276336 0.6691673269583658 0.6723925028106751 0.676331831757581 0.6804308746853172 0.6844917403737839 0.6883470915746169 0.6915889184750512 0.6938607185373489 0.6955746008693835 0.6969367157246765 0.6982042579708493 0.6992765255564721 0.7002836090166691 0.7012460251131309 0.7021203950046558 0.7021504887610835 0.6999780428211345 0.696429711296865 0.692337484197198 0.6881127488576425 0.6838434375628607 0.6797835484929464 0.6758450371370688 0.6719995399794115 0.668251972025207 0.6646081115489976 0.6613614783093879 0.6580021393606134 0.6548214774463441 0.6517152007013376 0.6487905447546006 0.6473742754768176 0.6423728086033144 0.6400079920675079 0.6381654870980322 0.636343450082989 0.6347240373643692 0.6328522738358308 0.6310949480608461 0.6295114886516584 0.6277503304072249 0.6261253266727526 0.6247310713944393 0.6229591718082429 0.6214260173773805 0.620015628542759 0.6187325176330761 0.6177816717853903 0.6177245973338313 0.6183158839662308 0.6190859706474738 0.6196815252473193 0.6204402098013724 0.6213886761165843 0.6222681250509946 0.6227889807353368 0.6235211161458931 0.6241738031277374 0.6229218757033982 0.6248551349488392 0.6269939017802104 0.6288770407469592 0.6292780187427406 0.6297704235407346 0.6300548596546766 0.6304666798225953 0.6311517390532602 0.6320393709642885 0.6329137836849626 0.6339438474568517 0.6343274414606035 0.6346156991711285 0.635390241952579 0.6362487559481015 0.637079581385674 0.6378651930568855 0.6384390656167895 0.6388176574340605 0.6393696079171318 0.640017261360479 0.640924811967298 0.6417376516327128 0.6423086216219515 0.6425389386925208 0.6426988053168938 0.6429387704519085 0.6432325554478492 0.6434801637387954 0.6438006293907855 0.6441254746335737 0.6444212171749302 0.6448837596263963 0.6472653666321118 0.6521864624875399 0.6570627996467642 0.6616618979437993 0.665692427170957 0.6702170457739449 0.673710018636483 0.6765583857306365 0.677465806789603 0.6790062347706685 0.681125946109139 0.6828864884073762 0.6839531559914817 0.6844101885197273 0.6863067875359575 0.6882413263920383 0.6916539218308217 0.6943868525383815 0.6965746299392713 0.6984605820027459 0.7001598613618749 0.7014841418792366 0.7028427019634558 0.7038686269828508 0.704827101045323 
# stellar_X_list:
0.7529042722234999 0.7500318436898747 0.7500052029073483 0.75000418807153 0.7499991851882625 0.749993191599071 0.7499874640257734 0.7499820070978146 0.7499775257737734 0.7499743620941596 0.7499720680848255 0.7499702802218708 0.7499688061630738 0.749967540931089 0.7499664338273099 0.7499654555745453 0.7499645785906448 0.7499637784348949 0.7499630373831964 0.7499623475897291 0.7499617154548527 0.7499611441145765 0.7499606302946158 0.749960167554829 0.7499597496656487 0.7499593680008314 0.7499590120092517 0.749958675058478 0.749958353398859 0.749958046792894 0.7499577530082324 0.7499574713652752 0.7499572006758068 0.7499569395327454 0.7499566809732384 0.7499564087939637 0.7499561143324895 0.7499557947291198 0.749955452300826 0.7499550898131048 0.7499547076777413 0.749954309946656 0.749953896263957 0.7499534678058506 0.7499530270849936 0.7499525756078214 0.7499521139175168 0.7499516426961653 0.7499511624640777 0.7499506757025383 0.7499501902580795 0.7499496852746929 0.7499491754568591 0.7499486683524463 0.7499481611561916 0.749947650463967 0.7499471458882515 0.7499466385612128 0.749946126097377 0.7499456220786742 0.7499451158194254 0.7499446047856715 0.7499440984825276 0.7499435942523247 0.749943084811612 0.7499425747597686 0.7499420772458355 0.7499415855740179 0.7499410969489084 0.7499406186647737 0.7499401583681468 0.7499397048695787 0.7499392531850414 0.7499388073285809 0.749938381395247 0.7499379615961695 0.749937546111094 0.7499371208485485 0.7499367182877402 0.7499363322095477 0.7499359576639553 0.7499355767824387 0.7499351993945577 0.7499348302408826 0.7499344788660564 0.7499341299240184 0.7499337833882341 0.7499334324143003 0.7499330899261594 0.7499327624207563 0.7499324461901529 0.7499321291739716 0.7499318138747596 0.7499314943513029 0.7499311807601585 0.749930879793807 0.7499305922459283 0.7499303051593071 0.749930019627294 0.7499297303943392 0.7499294425448618 0.7499296162023463 0.7499297314968777 0.7499298239938078 0.7499299029018449 0.7499299719769454 0.7499300336593333 0.7499300895966597 0.7499301420855965 0.7499302450187147 0.7499306069899322 0.749931012337066 0.7499312337973341 0.749931365091717 0.7499314540815077 0.7499315321094726 0.7499315629720416 0.7499315718396442 0.7499315597564246 0.7499315648908229 0.7499315374296341 0.749931518801733 0.7499314939891636 0.7499314932275857 0.7499314252321992 0.7499313837847997 0.7499312320335498 0.7499311051473275 0.7499310056723997 0.749930893405919 0.7499307222164072 0.7499306567037907 0.7499305071278428 0.7499304105558746 0.7499303195542304 
# stellar_X_list_luminosity_weighted:
0.7529042722234999 0.7500318436898747 0.7500040567944959 0.7500014992828692 0.7499491912001179 0.7497846942219877 0.7493314738183116 0.7480020980839039 0.7447885678184485 0.738321352119963 0.7252928953188497 0.7033370585094932 0.6786181920946383 0.6625698528195163 0.657557888684488 0.6587637942019451 0.6618791437172581 0.6649539711227184 0.6675005513727794 0.6698229348652038 0.6728350851966794 0.6765441974975542 0.6804426824244824 0.6843323705727926 0.6880484763991853 0.6912067492325972 0.6934636217478115 0.6951797996176764 0.6965494811804002 0.6978138085769136 0.6988893616691287 0.6998945293753673 0.7008521641127776 0.7017245590642114 0.7018209641425766 0.6998794349115134 0.6966055898759818 0.6927660844829979 0.6887594416860517 0.684684257393587 0.6807809006012636 0.6769813335064125 0.6732622032250579 0.669629372636753 0.6660896273730992 0.6629108231777876 0.659640058670151 0.6565297436770259 0.6534914141252781 0.6506207376357172 0.6491232440814438 0.6444262540469171 0.6420225534793135 0.6401454208864831 0.6383150682703661 0.6366794247810751 0.6348281828484504 0.6330789001313852 0.6314919488459863 0.6297525785168949 0.6281346056314718 0.6267300000645392 0.6249940268692965 0.6234659680790814 0.6220548354550015 0.6207645260010471 0.6197805182136834 0.6196153745609866 0.6200674638260417 0.6207134077180134 0.6212222626589867 0.6218838625044165 0.6227275462487869 0.6235219915000674 0.6239990201084906 0.6246545377737214 0.6252556880405542 0.6241419705081236 0.6258332046969654 0.6277823760702721 0.6295472414040924 0.6299783192329159 0.6304580675440148 0.6307391122193589 0.631130056670579 0.6317609519068976 0.6325883335159908 0.6334060530597737 0.634373588284996 0.6347628392643623 0.6350539235913112 0.6357688943637909 0.636577192592944 0.6373611213548469 0.6381119865960017 0.6386685406382179 0.6390482630602521 0.6395720389609846 0.6401881686841414 0.6410361703772007 0.6418137007081541 0.6428948855609684 0.6437453686564094 0.644346276123091 0.6448429375063018 0.6452769550848254 0.6456664600404552 0.6460217143493177 0.6463496554448748 0.6469405381457266 0.6491027592163833 0.651608457324238 0.6531063402302816 0.6541519997948374 0.6549408859917297 0.6558001970182273 0.6563983765381356 0.6568388037036947 0.6569574852085098 0.6571764954098303 0.6574405784857883 0.6576602515377122 0.6577721536107731 0.6578353199506126 0.6580129283299505 0.658204431133654 0.6584948153448188 0.6586770602714719 0.658819840683479 0.6588986786379601 0.6589355640266419 0.6590472247680396 0.6590405562139089 0.6591265177399465 0.6591274729495024 
# Y_list:
0.0027082142422534365 0.0002555548262727233 0.00022768158525587336 0.00028231031989123484 0.0005392618497071893 0.0011991576028849143 0.002783324357828942 0.006963799793658713 0.018745595601758838 0.04974739089793283 0.11197191778015382 0.19225712243708537 0.25319605961543884 0.28205548821313037 0.2912617404915313 0.2924968605180558 0.2912968781069104 0.2894318262352001 0.2873387828760069 0.2845036381942497 0.2811493428140351 0.27761822237877287 0.27414972628806455 0.270877781802558 0.2681456404492636 0.26620000319086956 0.2647489673056823 0.26357750392781815 0.2625943202196048 0.2616733573985924 0.2608140409027647 0.26000583775569525 0.25929178430024413 0.2592358029660503 0.2607911959677025 0.26338982736791783 0.266475819241165 0.26968078756366587 0.272793215742763 0.27589083582569945 0.27885507390259434 0.28170544754573507 0.28445818957407865 0.287232215787629 0.2896642643011137 0.2921692334982789 0.2945497885362105 0.29690282300364806 0.29899254129784586 0.29969620678058806 0.30403483106043044 0.3059981643427988 0.3074124252203805 0.3088661507176208 0.3103738943867042 0.31179013584178356 0.31326540864615543 0.3147949115511577 0.3161092367594994 0.317491735865852 0.31883259291597593 0.32022246217653344 0.3215070622646702 0.3228230060677425 0.3240907406009834 0.32470774592130897 0.32486192216162596 0.32474507732603 0.3244309656323489 0.3239362435914531 0.3235324188308425 0.3231887429102631 0.3227957918044747 0.32225654968578554 0.32182731960444616 0.32168412344215375 0.3231832075945919 0.32167678837139985 0.319799546251109 0.31846023463920137 0.31843670145886305 0.3185562351198659 0.31847023404304997 0.3180135246254918 0.3175989109816045 0.31719639311968356 0.3169324925655299 0.31659743222229714 0.3158334960565501 0.3156628179150959 0.31524368135988606 0.314887265591193 0.31458638907083997 0.31431457532618745 0.3137963066094379 0.31330292401345344 0.3129776596420318 0.31265077469970953 0.3123533775517768 0.31214752788887834 0.3118790459855874 0.31154536993281096 0.3112953805786082 0.31109454146619514 0.31090668291659534 0.31078282783733274 0.31062130856071973 0.3104807054732897 0.310335228383299 0.309986190411259 0.3085458186375216 0.3054405539935236 0.3020211911641446 0.2988141722252852 0.2959776580662736 0.292885371910799 0.2905803182004227 0.2887390478528233 0.2881836221962356 0.2871985750960183 0.28584638715756533 0.2846554675295438 0.28391669415482523 0.28358190438965475 0.2822273642794685 0.28075152274538157 0.278065833733398 0.2758319547621977 0.27407059905747894 0.2726004583601343 0.2713296702271779 0.2703152525106923 0.2693026324227302 0.26857804454273526 0.2678888936096175 
# stellar_Y_list:
0.247 0.002708214242253437 0.0004424923065540696 0.00039383414231756054 0.0003906284348640188 0.0003980016344320988 0.00040642527803676996 0.00041354307318753675 0.00041955215387255685 0.00042502543441060004 0.00043021876571956805 0.0004350849131052543 0.00043956615790392676 0.00044367559931279463 0.0004474538018688877 0.0004509449265974438 0.0004541932291401074 0.00045723715853828795 0.00046010774998066743 0.00046282241769136755 0.00046539160230876206 0.0004678184167263862 0.0004701146686889908 0.0004722969337093208 0.00047438200525457696 0.00047637623658322787 0.0004782911904420534 0.0004801414696113296 0.00048193478090541243 0.0004836739379412703 0.00048536178541907463 0.0004870013247427776 0.0004885963246905841 0.0004901570286249396 0.0004916879814558681 0.0004931911293152743 0.0004946802121678923 0.0004961745338266691 0.0004976552387017238 0.0004991286516807085 0.0005005968746669945 0.0005020520565500211 0.0005035035578056423 0.0005049439179593574 0.000506377642160486 0.0005078016178385111 0.0005092148036401698 0.0005106235712280955 0.000512015264123588 0.0005134094423583717 0.0005147753428984427 0.0005161478833895677 0.0005175171437899826 0.0005188560547411816 0.0005201976057477093 0.0005215291700352857 0.0005228220360298576 0.0005241274288205506 0.0005254265793982704 0.0005266840617274208 0.0005279489223670564 0.0005292168086050002 0.0005304522668689518 0.0005316728796493204 0.0005329140886077963 0.0005341401726452766 0.0005353239835696268 0.0005365030672933998 0.0005376948373946441 0.0005388595940889567 0.0005399809671358415 0.0005410955094966008 0.0005422315060090936 0.0005433491805249042 0.0005444154012022845 0.0005454710539304995 0.000546532792067747 0.0005476111485320732 0.0005486426178418997 0.0005496444932813636 0.0005506294840868406 0.0005516403076014949 0.0005526514423766038 0.0005536354888762476 0.00055457068693361 0.0005555033002466898 0.0005564348630113392 0.000557402889977063 0.0005583510617924312 0.0005592523488755366 0.0005601220873214882 0.000560997944228831 0.0005618748607708602 0.0005627830621769486 0.0005636809751118195 0.0005645404734058594 0.0005653599835761838 0.0005661796186795965 0.0005669984385127765 0.0005678346617883081 0.0005686895412394818 0.0005682091279132519 0.0005678904349120297 0.0005676337930613777 0.0005674136022033147 0.0005672201680293076 0.0005670467111095216 0.0005668935044127361 0.0005667616340342925 0.0005664856048239627 0.0005655023575516675 0.0005644155347651351 0.0005638126789157012 0.0005634845327482414 0.0005632573419410546 0.0005630552696371207 0.0005629875472927563 0.0005629811748678239 0.0005630130858121006 0.0005630187917976462 0.0005631110197378955 0.0005631676588111537 0.0005632512130505475 0.0005632572614711332 0.0005634582189848055 0.0005635812439731879 0.0005640280288844979 0.000564407608943718 0.0005647153475421558 0.000565053046216075 0.0005655253819165827 0.000565753890519888 0.0005661564311005299 0.0005664638240582919 0.0005667271054118951 
# stellar_Y_list_luminosity_weighted:
0.247 0.0027082142422534365 0.00034501870464937693 0.00025721198656196475 0.0002957969333970733 0.0005343996178303637 0.0011599626862283264 0.0026656100213682996 0.006626996220847856 0.017751009778070925 0.04708142869561747 0.10617605485036208 0.1831787748111527 0.24310095508043275 0.2730214706772114 0.28378913121554206 0.28633809244476277 0.286104137794131 0.28495508697881755 0.28341955459348744 0.28108693233043724 0.2781784308664925 0.27502989500572983 0.2718836895932648 0.2688809318043542 0.26635032774199335 0.264536003813766 0.26318604022381087 0.26210222710635106 0.2611971022046583 0.26035279270034145 0.25956508914751636 0.2588236191151438 0.2581673656148167 0.25811244622052765 0.25954625142765403 0.26198537682680095 0.2649182357276872 0.267994018512731 0.271005413503944 0.2740119195299379 0.2769035761713597 0.27969260656571954 0.28239194423666625 0.2851088408718992 0.28751629301473325 0.2899801928592276 0.29233093039236774 0.29465233073142455 0.29673266139224885 0.29754767113653974 0.30160946998887594 0.30361618650561867 0.30508027117978914 0.30655336940576305 0.30806659909956446 0.30949343566803333 0.3109676718478143 0.3124892085391306 0.3138162882675845 0.3151970650755594 0.31653901914226246 0.31792245440559547 0.3192104826607083 0.3205226358968704 0.32179034129156747 0.322468638972724 0.3227083700129734 0.3226818984580379 0.3224597235766152 0.3220599140284608 0.32172834681084544 0.32144603910489045 0.3211162944344575 0.32065025447319995 0.3202807553473462 0.3201565359461363 0.32151997121436265 0.3202335536671365 0.3185464396248385 0.31729251639895073 0.3172318496441764 0.3173298156289636 0.3172636826072326 0.3168571095469565 0.3164849219994311 0.3161135673105855 0.31587276514012824 0.31556454345026297 0.3148776927404867 0.3147000806405264 0.3143205931557425 0.3139858398643521 0.3137079025854476 0.31345143454092056 0.31298158247112184 0.3125197089102328 0.31221278928605434 0.3119027372101601 0.31162515503242816 0.31142534253805154 0.3053055038177646 0.30213954117488645 0.3004261674558437 0.2991860411052334 0.2981868950388947 0.2973388196508016 0.29659639205633687 0.2959321292148245 0.29477558334194914 0.29081900647453046 0.2864793176143385 0.2839066090558191 0.2821134033593007 0.28076504343796765 0.2792899576982966 0.27826771838802355 0.27751420002026156 0.27732262010871983 0.27693887012927054 0.27649604676352685 0.2761319885003547 0.2759338572622417 0.2758305078114689 0.2755363716811988 0.27520904689352016 0.27477514469597747 0.2744894217461635 0.27426136216878133 0.2741320824823016 0.2741030377993834 0.2739405474083069 0.2739531310265109 0.27384671338125594 0.27384958281849303 
# Z_list:
1.0964430130580713e-08 1.0346349241810659e-09 1.245217670628381e-06 4.3346984538895486e-05 0.00014088228962216295 0.0004801034263873854 0.0017289587730113375 0.004926723780048337 0.01056208060931141 0.019847543450433616 0.03329447606524244 0.046957234352680725 0.055024335484188586 0.05759983887015231 0.05751817913040737 0.056665303938352035 0.05573612062848246 0.05510611844556143 0.054581782819142693 0.05399183678647438 0.053221868532481814 0.05253348148430463 0.051772105196600054 0.05105295786569308 0.050393593055574025 0.04993447173346304 0.04948225767706915 0.0491446769081371 0.048698179133820726 0.04846573801687282 0.04814429386359162 0.047904196008567414 0.047610184697194836 0.04754322681896438 0.04798435490520092 0.04858728999151874 0.049306810090417125 0.05008616167472933 0.05109696625585209 0.05177884105567374 0.05279478083628751 0.05353473837099703 0.05453183030516535 0.055195492067569414 0.056067709936591596 0.05676214465963321 0.05755756535130501 0.05817967243970325 0.05905601475961001 0.059513692390539774 0.06038777810485285 0.0604594889894917 0.061374886398625574 0.06121709489693668 0.0619109852074856 0.06191526091610999 0.06256837655362024 0.06208757243441397 0.06342123645442492 0.06229216234229344 0.06402309688293187 0.062358637429628744 0.0651222389239419 0.06171754764185587 0.06650887795838123 0.060380213116484185 0.06918474518571023 0.056188640920839104 0.07427287954172004 0.04733304915662005 0.08703903198494266 0.026207072243404263 0.11727580325970534 5.3876736610147e-10 0.17811598752479899 5.487303541015608e-10 0.2517895116536409 5.569101085542588e-10 0.35072214537010166 5.728902558539479e-10 0.48038502525851273 5.728893351440601e-10 0.6558055173386901 5.972016137465703e-10 0.9226283004673761 6.062675195114079e-10 1.2887280132737609 6.020157099769873e-10 1.8470350506268884 6.346655686225996e-10 2.730297369403667 6.393964219314615e-10 4.026227019829897 6.339208986376565e-10 6.0822689735103825 6.668263118202051e-10 9.592783733413398 6.759601720906596e-10 15.183859934643635 6.699240394984978e-10 23.946302514922017 4.047126257703696e-10 16.64547452584363 3.937744233664623 8.952030991746364 5.669359192858457 6.00985528211029 5.202505095761906 4.875046524782476 4.149102702326689 2.3968822943531207 1.4599233668954616 1.1054457997400902 0.9029915266417997 0.7763142267183457 0.6538405584007623 0.5758206918543117 0.5208523407143756 0.5061835880281298 0.48009049402047754 0.4477271457606615 0.4233230171787355 0.4097722279649525 0.4040546916416817 0.3819258874815799 0.3619294481589901 0.33269117783033725 0.3131703181952698 0.29768942002579657 0.2845832442247688 0.27300656067970464 0.26385735659407106 0.2552613673881894 0.24777479634720048 0.24135204646159691 
# stellar_Z_list:
9.572777650013187e-05 1.0964430130580713e-08 1.7914668281541276e-09 3.45618146420346e-07 4.099713454474463e-06 7.685216244293204e-06 1.162084487214575e-05 1.625906144420486e-05 2.0422205139021156e-05 2.3160269495828064e-05 2.4840900982760292e-05 2.5963852387192695e-05 2.6814557479839724e-05 2.752620002774302e-05 2.8161093005250918e-05 2.8744814193358043e-05 2.928988053351103e-05 2.9803468126924525e-05 3.0292969961518355e-05 3.076098715852727e-05 3.120726819799555e-05 3.1631064565323326e-05 3.2034592023295654e-05 3.241926664865699e-05 3.278718552664679e-05 3.313959294545459e-05 3.347868021000628e-05 3.380590177439505e-05 3.412335035570408e-05 3.442981358526625e-05 3.4728029322324886e-05 3.501727860304689e-05 3.5299178563721205e-05 3.557389340440343e-05 3.584347830412836e-05 3.6110892554995494e-05 3.63775024108397e-05 3.664556699315936e-05 3.691431177114714e-05 3.71843212621378e-05 3.745455089209268e-05 3.772591302026416e-05 3.799733721979108e-05 3.827080306320404e-05 3.854284699831878e-05 3.8816170731599725e-05 3.908866725105121e-05 3.9361613283262795e-05 3.963376632708605e-05 3.990669122195099e-05 4.01780240224418e-05 4.044910800188469e-05 4.07172875045495e-05 4.098554623027417e-05 4.124826342508822e-05 4.15131417245821e-05 4.1769718619561846e-05 4.202818621890073e-05 4.228201896851122e-05 4.25356389517024e-05 4.2780095814676906e-05 4.303467476159374e-05 4.327183055785672e-05 4.352242052527665e-05 4.3751993029984246e-05 4.400785985259955e-05 4.421950636963161e-05 4.4481450124998225e-05 4.466767649019575e-05 4.495699536813112e-05 4.508459268588812e-05 4.543613764008982e-05 4.544679709063568e-05 4.5970153084570514e-05 4.58247878061828e-05 4.6644217713948285e-05 4.646673057516607e-05 4.764411964177928e-05 4.740981937551266e-05 4.9011398008731145e-05 4.870644886912193e-05 5.089910106092057e-05 5.049504455138793e-05 5.3461397933965966e-05 5.2920336999120316e-05 5.695029478142866e-05 5.622762395053444e-05 6.19059417818899e-05 6.0901808743556884e-05 6.88452874242374e-05 6.745000906689743e-05 7.890194565527544e-05 7.691777310642231e-05 9.398246968300748e-05 9.10610696499904e-05 0.00011640358342601022 0.00011208544968130552 0.00015071362768573937 0.00014419229434855198 0.00020575339598412524 0.00019549645570102425 0.00019134885540825753 0.00018877123374309767 0.000186852901855006 0.00018531594867019253 0.00018403194635077522 0.0001829305210456083 0.00018196681733084297 0.0001811091673072898 0.0001796174515697101 0.0001748499786987348 0.00017028734106927293 0.0001679554627924878 0.00016654390046528207 0.00016558385795782375 0.00016464065024372404 0.0001640556875337417 0.00016367301683374566 0.00016361601987712802 0.00016343239719078786 0.0001632956821223046 0.00016318195772736465 0.00016315948650133538 0.0001631160107810418 0.00016315147816390438 0.00016312488314957076 0.00016337074952250415 0.00016358169806759504 0.00016378615755837996 0.00016408637780354984 0.00016450287404768416 0.00016462042181484817 0.00016508242504783874 0.00016527078938958044 0.00016559375503944076 
# stellar_Z_list_luminosity_weighted:
9.572777650013187e-05 1.0964430130580713e-08 1.396836860928651e-09 1.1861628594108324e-06 4.106221285721317e-05 0.00013427648594344058 0.00045625167899988097 0.0016376645696552425 0.004668026242359371 0.01003441683074718 0.01891467260685447 0.03181398231415015 0.045075802839091024 0.05320154314094038 0.05609699918483878 0.056336258434349355 0.05572143371595545 0.054958350450408006 0.05443159271349625 0.05398728753668353 0.053472139690031895 0.0527798404715516 0.052149065690131044 0.051445723436566226 0.05077381567451281 0.05015316816024762 0.0497145970858693 0.04928613805472671 0.048962661117845606 0.04854220449404227 0.04831441729913438 0.04801041230502449 0.047779029575418255 0.04750025201764394 0.04742733051278697 0.04782432066663965 0.04838624385846801 0.04906525263259623 0.049807177798286056 0.050765806231572654 0.05143551379203423 0.05240357263489686 0.05313066319767771 0.05408663176739996 0.054747174776252176 0.05558957780632709 0.056275392650137854 0.057048881110289384 0.05766741904134025 0.058511814674507626 0.05898333402581129 0.05982111972507029 0.05994196695185579 0.0608044118139707 0.06071487778082912 0.06136755846113863 0.06141432421694641 0.06203035433998345 0.061636378444901656 0.06285030709139167 0.061886153286819144 0.06344114616711519 0.06200138209485112 0.06447148764657495 0.061489569845723416 0.0657400838347552 0.06035301047442942 0.06814623754325044 0.05667804087760552 0.07264148441913475 0.04885647725063416 0.08390792932894724 0.030195201769967015 0.11055214034583632 0.007426629849851381 0.16419791756519472 0.009210735651109256 0.23079424537441157 0.011883021386598944 0.32045072907519945 0.015654450622455986 0.4380995511979004 0.02073995635573404 0.5972702513641625 0.027677657401652057 0.8390131764359662 0.038034101763285276 1.1709021857950586 0.05243230524063226 1.6763840085587678 0.0740428294670163 2.475279227059154 0.10777592483532071 3.6477752504507768 0.15766382332291412 5.506112929349609 0.23587157141730627 8.67509992133555 0.367079532443394 13.722784072475623 0.5769905723141309 2.271195739190973 2.2104385381204983 1.9912288946432266 1.8158144069989384 1.680102780070207 1.5728019667595363 1.4857594702011527 1.41362800569908 1.300467370572406 1.0120262350744578 0.8140005014580843 0.7330917450480897 0.6880818398384696 0.6579829919768974 0.6262336306739468 0.6048362018065964 0.5900612663516656 0.5864514076738899 0.5795880429791915 0.5712558990679812 0.5647004146416337 0.5613217987188749 0.5594950791694694 0.5539500406709951 0.5484152038713109 0.5416248910522218 0.5361896310255077 0.5327695789251788 0.5310879090342143 0.5289061692748384 0.5260707519929457 0.5265702699124939 0.5239295137576127 0.5244638383615634 
# formed stellar mass list:
1e-15 24573264.59374495 258641671.50525567 93523729.07106106 30065966.712102532 9629427.298009776 3087897.947680303 993818.9228341557 322974.86281632126 107748.39047362881 38602.576849172765 16217.104382798729 8793.601013857404 6183.171085610525 5140.883522503277 4626.941960881257 4302.958308734607 4058.539779606651 3855.7689945632605 3679.9511572864476 3520.227139784312 3377.330989373389 3242.7916763174635 3124.6695388097796 3017.495587643312 2919.9886312802637 2824.1904313715013 2738.869256024077 2661.334307899385 2588.2544242453005 2519.2167940763493 2454.352688959686 2394.1131089177934 2339.1619365792417 2289.8649904967847 2236.711974235516 2184.1895757496845 2143.4618999901313 2105.9221086655907 2058.0058238596907 2025.8981949328338 1985.5224891122027 1951.427336684576 1920.5242648567635 1885.200705534375 1858.5444577669434 1826.2290431228969 1799.5107492370919 1773.5122400989849 1743.1878505222128 1725.1489623117507 1691.972931737477 1675.3550918103863 1647.206011596479 1619.59243241817 1610.0544587548684 1572.6451639371128 1551.0762476663604 1545.9775217883837 1508.6594967913134 1487.5440821217853 1483.268782361584 1456.5500609822307 1430.3984305447211 1422.778251169868 1416.1985017422987 1380.4992334921606 1363.0775712240188 1361.1737551102829 1349.854879139043 1316.5914781955394 1301.8749998551546 1301.4882931120376 1298.2646124523671 1262.1402905682498 1242.9541085942024 1239.2243201369233 1235.7169432247686 1221.0229075663274 1196.6792283851569 1186.9638086030889 1185.0497931835628 1186.9657162128974 1169.4045790130117 1138.6439425941776 1123.5115154728808 1121.6170718629512 1126.0168813851876 1129.5386295251228 1095.6108109694512 1071.430425122618 1063.104865589136 1063.5029798038047 1068.5568561662649 1072.6890396914991 1047.1856580187273 1019.7558013927724 1007.8368311622312 1005.97642890238 1009.5961107579702 1015.0404522116344 1e-15 1e-15 1e-15 1e-15 1e-15 1e-15 1e-15 1e-15 1e-15 1e-15 1e-15 1e-15 1e-15 1e-15 1e-15 1e-15 1e-15 1e-15 1e-15 1e-15 1e-15 1e-15 1e-15 1e-15 1e-15 1e-15 1e-15 1e-15 1e-15 1e-15 1e-15 1e-15 1e-15 1e-15 
